sample,genome_id,gene_id,marker_id,bits,evalue,fident
FW_AS_rep_2,GCA_035410845.1,DAONRV010000004.1,pepQ,173,1.288e-46,0.329
FW_AS_rep_2,GCA_035410845.1,DAONRV010000018.1,sucD,333,4.408e-105,0.583
FW_AS_rep_2,GCA_035410845.1,DAONRV010000004.1,frhB,40,6.133e-8,0.477
FW_AS_rep_2,GCA_035410845.1,DAONRV010000001.1,ilvE,258,2.885e-78,0.446
FW_AS_rep_2,GCA_035410845.1,DAONRV010000002.1,cazy_GH43,142,4.657e-37,0.339
FW_AS_rep_2,GCA_035410845.1,DAONRV010000030.1,mmcF,126,1.24e-31,0.519
FW_AS_rep_2,GCA_035410845.1,DAONRV010000022.1,susD,132,7.596e-34,0.263
FW_AS_rep_2,GCA_035410845.1,DAONRV010000008.1,susC,57,2.657e-10,0.298
FW_AS_rep_2,GCA_035410845.1,DAONRV010000039.1,susD,123,5.153e-31,0.273
FW_AS_rep_2,GCA_035410845.1,DAONRV010000009.1,fadD,366,3.573e-111,0.416
FW_AS_rep_2,GCA_035410845.1,DAONRV010000036.1,susD,132,3.505e-34,0.325
FW_AS_rep_2,GCA_035410845.1,DAONRV010000010.1,cazy_GH43,129,1.196e-32,0.315
FW_AS_rep_2,GCA_035410845.1,DAONRV010000001.1,dtpT,100,5.783e-24,0.259
FW_AS_rep_2,GCA_035410845.1,DAONRV010000009.1,acs,65,7.22e-13,0.227
FW_AS_rep_2,GCA_035410845.1,DAONRV010000002.1,susD,100,1.196e-23,0.252
FW_AS_rep_2,GCA_035410845.1,DAONRV010000026.1,esterase,198,3.385e-55,0.319
FW_AS_rep_2,GCA_035410845.1,DAONRV010000001.1,hydA,41,5.697e-7,0.357
FW_AS_rep_2,GCA_035410845.1,DAONRV010000001.1,susC,463,3.016e-138,0.324
FW_AS_rep_2,GCA_035410845.1,DAONRV010000011.1,susD,120,5.554e-30,0.266
FW_AS_rep_2,GCA_035410845.1,DAONRV010000005.1,susC,717,1.391e-225,0.426
FW_AS_rep_2,GCA_035410845.1,DAONRV010000024.1,cazy_GH43,55,1.035e-9,0.244
FW_AS_rep_2,GCA_035410845.1,DAONRV010000041.1,susC,78,5.921e-17,0.409
FW_AS_rep_2,GCA_035410845.1,DAONRV010000021.1,acs,82,4.104e-18,0.223
FW_AS_rep_2,GCA_035410845.1,DAONRV010000021.1,susD,82,6.158e-18,0.292
FW_AS_rep_2,GCA_035410845.1,DAONRV010000002.1,adhE,105,7.332e-26,0.265
FW_AS_rep_2,GCA_035410845.1,DAONRV010000004.1,pfor,1405,0.0,0.6
FW_AS_rep_2,GCA_035410845.1,DAONRV010000003.1,cazy_GH43,47,7.727e-8,0.246
FW_AS_rep_2,GCA_035410845.1,DAONRV010000031.1,pepD,481,1.222e-152,0.505
FW_AS_rep_2,GCA_035410845.1,DAONRV010000005.1,agl,55,1.36e-9,0.329
FW_AS_rep_2,GCA_035410845.1,DAONRV010000003.1,susC,529,7.053e-161,0.34
FW_AS_rep_2,GCA_035410845.1,DAONRV010000046.1,cazy_GH13,75,7.263e-16,0.263
FW_AS_rep_2,GCA_035410845.1,DAONRV010000021.1,pfkA,81,8.557e-18,0.303
FW_AS_rep_2,GCA_035410845.1,DAONRV010000030.1,fadD,228,8.481e-65,0.341
FW_AS_rep_2,GCA_035410845.1,DAONRV010000005.1,gdh,549,6.098e-177,0.612
FW_AS_rep_2,GCA_035410845.1,DAONRV010000015.1,edd,234,1.411e-66,0.313
FW_AS_rep_2,GCA_035410845.1,DAONRV010000002.1,cazy_CE8,223,2.121e-60,0.422
FW_AS_rep_2,GCA_035410845.1,DAONRV010000035.1,frhG,40,2.087e-7,0.292
FW_AS_rep_2,GCA_035410845.1,DAONRV010000010.1,glcP,182,6.793e-51,0.304
FW_AS_rep_2,GCA_035410845.1,DAONRV010000002.1,cazy_PL1,59,3.546e-11,0.325
FW_AS_rep_2,GCA_035410845.1,DAONRV010000009.1,cazy_GH43,78,1.972e-17,0.295
FW_AS_rep_2,GCA_035410845.1,DAONRV010000012.1,rnfB,45,9.609e-7,0.367
FW_AS_rep_2,GCA_035410845.1,DAONRV010000013.1,pgi,102,1.017e-24,0.3
FW_AS_rep_2,GCA_035410845.1,DAONRV010000006.1,etfB,119,2.297e-31,0.379
FW_AS_rep_2,GCA_035410845.1,DAONRV010000002.1,mmcG,98,1.416e-26,0.387
FW_AS_rep_2,GCA_035410845.1,DAONRV010000001.1,cazy_GH9,82,6.262e-18,0.248
FW_AS_rep_2,GCA_035410845.1,DAONRV010000010.1,cazy_CBM6,79,1.316e-17,0.463
FW_AS_rep_2,GCA_035410845.1,DAONRV010000011.1,cazy_CBM6,70,3.031e-14,0.365
FW_AS_rep_2,GCA_035410845.1,DAONRV010000002.1,susC,629,1.24e-194,0.383
FW_AS_rep_2,GCA_035410845.1,DAONRV010000037.1,susD,70,1.879e-16,0.361
FW_AS_rep_2,GCA_035410845.1,DAONRV010000002.1,cazy_GH5,94,6.925e-22,0.286
FW_AS_rep_2,GCA_035410845.1,DAONRV010000011.1,susC,509,6.845e-153,0.328
FW_AS_rep_2,GCA_035410845.1,DAONRV010000044.1,cazy_CBM6,74,6.223e-16,0.355
FW_AS_rep_2,GCA_035410845.1,DAONRV010000001.1,endopeptidase,222,2.325e-64,0.431
FW_AS_rep_2,GCA_035410845.1,DAONRV010000032.1,fhs,614,2.697e-197,0.546
FW_AS_rep_2,GCA_035410845.1,DAONRV010000006.1,etfA,207,1.065e-60,0.383
FW_AS_rep_2,GCA_035410845.1,DAONRV010000002.1,pepQ,123,2.543e-31,0.296
FW_AS_rep_2,GCA_035410845.1,DAONRV010000017.1,susD,198,2.784e-55,0.308
FW_AS_rep_2,GCA_035410845.1,DAONRV010000016.1,cazy_GH9,172,8.73e-47,0.344
FW_AS_rep_2,GCA_035410845.1,DAONRV010000006.1,fadE,158,4.771e-42,0.345
FW_AS_rep_2,GCA_035410845.1,DAONRV010000018.1,fadD,201,2.189e-56,0.305
FW_AS_rep_2,GCA_035410845.1,DAONRV010000025.1,lctB,42,9.052e-6,0.234
FW_AS_rep_2,GCA_035410845.1,DAONRV010000009.1,cazy_GH10,249,9.283e-75,0.41
FW_AS_rep_2,GCA_035410845.1,DAONRV010000033.1,susC,516,7.596e-156,0.347
FW_AS_rep_2,GCA_035410845.1,DAONRV010000039.1,susC,611,1.13e-188,0.381
FW_AS_rep_2,GCA_035410845.1,DAONRV010000010.1,esterase,183,3.425e-50,0.304
FW_AS_rep_2,GCA_035410845.1,DAONRV010000036.1,susC,464,1.424e-138,0.34
FW_AS_rep_2,GCA_035410845.1,DAONRV010000004.1,rnfB,47,3.654e-10,0.468
FW_AS_rep_2,GCA_035410845.1,DAONRV010000005.1,cazy_CE8,273,1.56e-83,0.505
FW_AS_rep_2,GCA_035410845.1,DAONRV010000005.1,glcP,212,1.015e-60,0.318
FW_AS_rep_2,GCA_035410845.1,DAONRV010000009.1,adh,63,7.253e-13,0.31
FW_AS_rep_2,GCA_035410845.1,DAONRV010000012.1,hydA,516,1.361e-162,0.463
FW_AS_rep_2,GCA_035410845.1,DAONRV010000009.1,pepD,537,8.514e-172,0.556
FW_AS_rep_2,GCA_035410845.1,DAONRV010000018.1,acs,140,1.946e-36,0.269
FW_AS_rep_2,GCA_035410845.1,DAONRV010000010.1,susD,166,8.976e-45,0.296
FW_AS_rep_2,GCA_035410845.1,DAONRV010000019.1,pta,243,6.439e-73,0.468
FW_AS_rep_2,GCA_035410845.1,DAONRV010000002.1,rnfB,85,2.961e-20,0.309
FW_AS_rep_2,GCA_035410845.1,DAONRV010000003.1,folD,299,4.09e-93,0.545
FW_AS_rep_2,GCA_035410845.1,DAONRV010000046.1,agl,45,1.031e-6,0.263
FW_AS_rep_2,GCA_035410845.1,DAONRV010000028.1,susC,587,1.298e-180,0.368
FW_AS_rep_2,GCA_035410845.1,DAONRV010000010.1,susC,630,1.738e-193,0.393
FW_AS_rep_2,GCA_035410845.1,DAONRV010000003.1,endopeptidase,276,2.499e-79,0.369
FW_AS_rep_2,GCA_035410845.1,DAONRV010000037.1,susC,368,4.651e-107,0.281
FW_AS_rep_2,GCA_035410845.1,DAONRV010000001.1,cazy_GH13,71,1.257e-14,0.25
FW_AS_rep_2,GCA_035410845.1,DAONRV010000004.1,hydA,55,4.319e-10,0.276
FW_AS_rep_2,GCA_035410845.1,DAONRV010000008.1,pepT,261,7.692e-78,0.419
FW_AS_rep_2,GCA_035410845.1,DAONRV010000026.1,acylglycerol_lipase,178,1.393e-51,0.347
FW_AS_rep_2,GCA_035410845.1,DAONRV010000006.1,gapA,484,1.263e-156,0.716
FW_AS_rep_2,GCA_035410845.1,DAONRV010000004.1,susC,58,1.162e-10,0.259
FW_AS_rep_2,GCA_035410845.1,DAONRV010000019.1,adh,76,3.18e-17,0.291
FW_AS_rep_2,GCA_035410845.1,DAONRV010000035.1,xylF,254,5.188e-77,0.42
FW_AS_rep_2,GCA_035410845.1,DAONRV010000009.1,susC,66,4.692e-13,0.283
FW_AS_rep_2,GCA_035410845.1,DAONRV010000001.1,susD,171,1.116e-46,0.323
FW_AS_rep_2,GCA_035410845.1,DAONRV010000019.1,fumB,717,2.379e-233,0.671
FW_AS_rep_2,GCA_035410845.1,DAONRV010000022.1,susC,571,6.279e-175,0.368
FW_AS_rep_2,GCA_035410845.1,DAONRV010000026.1,cazy_GH43,89,3.511e-20,0.313
FW_AS_rep_2,GCA_035410845.1,DAONRV010000002.1,tdcB,94,7.558e-23,0.295
FW_AS_rep_2,GCA_035410845.1,DAONRV010000018.1,cazy_GH13,45,1.131e-6,0.317
FW_AS_rep_2,GCA_035410845.1,DAONRV010000021.1,susC,197,1.971e-56,0.331
FW_AS_rep_2,GCA_035410845.1,DAONRV010000003.1,cazy_PL1,131,1.335e-33,0.39
FW_AS_rep_2,GCA_035410845.1,DAONRV010000002.1,ilvE,74,8.019e-17,0.343
FW_AS_rep_2,GCA_035410845.1,DAONRV010000028.1,susD,132,6.616e-34,0.287
FW_AS_rep_2,GCA_035410845.1,DAONRV010000030.1,mmcE,501,6.481e-156,0.533
FW_AS_rep_2,GCA_035410845.1,DAONRV010000024.1,acylglycerol_lipase,58,1.558e-11,0.327
FW_AS_rep_2,GCA_035410845.1,DAONRV010000017.1,susC,600,1.215e-183,0.376
FW_AS_rep_2,GCA_035410845.1,DAONRV010000005.1,xylA,523,4.609e-168,0.566
FW_AS_rep_2,GCA_035410845.1,DAONRV010000010.1,cazy_GH5,109,2.859e-27,0.317
FW_AS_rep_2,GCA_035410845.1,DAONRV010000001.1,cazy_GH43,45,3.774e-7,0.278
FW_AS_rep_2,GCA_035410845.1,DAONRV010000010.1,cazy_GH10,143,3.321e-38,0.284
FW_AS_rep_2,GCA_035410845.1,DAONRV010000011.1,cazy_GH10,132,3.849e-33,0.345
FW_AS_rep_2,GCA_035410845.1,DAONRV010000025.1,lctC,45,9.877e-7,0.336
FW_AS_rep_2,GCA_035410845.1,DAONRV010000026.1,eda,132,8.882e-37,0.359
FW_AS_rep_2,GCA_035410845.1,DAONRV010000049.1,susC,271,1.924e-75,0.267
FW_AS_rep_2,GCA_035410845.1,DAONRV010000018.1,sucC,319,2.043e-98,0.435
FW_AS_rep_2,GCA_035410845.1,DAONRV010000039.1,pepN,132,1.317e-33,0.283
FW_AS_rep_2,GCA_035410845.1,DAONRV010000004.1,adh,69,4.702e-15,0.26
FW_AS_rep_2,GCA_035410845.1,DAONRV010000025.1,extracellular_protease,219,1.194e-61,0.398
FW_AS_rep_2,GCA_035410845.1,DAONRV010000019.1,hbd,220,9.509e-64,0.384
FW_AS_rep_2,GCA_035410845.1,DAONRV010000002.1,frhG,51,2.499e-9,0.428
FW_AS_rep_2,GCA_035410845.1,DAONRV010000005.1,susD,82,4.752e-18,0.281
FW_AS_rep_2,GCA_035410845.1,DAONRV010000028.1,glcP,208,3.307e-59,0.324
FW_AS_rep_2,GCA_035410845.1,DAONRV010000040.1,susC,41,1.191e-6,0.357
FW_AS_rep_2,GCA_035410845.1,DAONRV010000003.1,susD,149,4.873e-39,0.319
FW_AS_rep_2,GCA_035410845.1,DAONRV010000006.1,bcd,173,8.847e-47,0.324
FW_AS_rep_2,GCA_035410845.1,DAONRV010000021.1,fadD,278,1.489e-81,0.369
FW_AS_rep_2,GCA_035410845.1,DAONRV010000015.1,extracellular_protease,99,2.249e-23,0.306
FW_AS_rep_2,GCA_035410845.1,DAONRV010000012.1,fdhA,64,1.509e-12,0.44
FW_AS_rep_2,GCA_035410845.1,DAONRV010000002.1,frhB,56,1.066e-10,0.26
FW_AS_rep_2,GCA_035410845.1,DAONRV010000006.1,pfkA,232,2.633e-69,0.415
FW_AS_rep_2,GCA_035410845.1,DAONRV010000038.1,susC,345,1.5e-99,0.305
FW_AS_rep_2,GCA_035410845.1,DAONRV010000007.1,esterase,248,2.856e-72,0.341
FW_AS_rep_2,GCA_035410845.1,DAONRV010000005.1,cazy_GH13,134,5.382e-34,0.33
FW_AS_rep_2,GCA_035410845.1,DAONRV010000001.1,pepD,208,1.456e-62,0.501
FW_AS_rep_2,GCA_035410845.1,DAONRV010000016.1,tdcB,224,4.585e-67,0.426
FW_AS_rep_2,GCA_035410845.1,DAONRV010000035.1,hydA,40,3.938e-7,0.295
FW_AS_rep_2,GCA_035410845.1,DAONRV010000019.1,ackA,409,2.57e-129,0.548
FW_AS_rep_2,GCA_035410845.1,DAONRV010000008.1,hbd,40,6e-6,0.264
FW_AS_rep_2,GCA_035410845.1,DAONRV010000008.1,pta,127,1.229e-31,0.301
FW_AS_rep_2,GCA_035410845.1,DAONRV010000016.1,mdh,284,1.703e-87,0.5
FW_AS_rep_2,GCA_035410845.1,DAONRV010000002.1,fadD,267,1.745e-77,0.334
FW_AS_rep_2,GCA_035351355.1,DAOPWA010000012.1,folD,310,1.71e-96,0.555
FW_AS_rep_2,GCA_035351355.1,DAOPWA010000014.1,pepQ,95,1.635e-22,0.294
FW_AS_rep_2,GCA_035351355.1,DAOPWA010000001.1,susC,601,1.936e-185,0.365
FW_AS_rep_2,GCA_035351355.1,DAOPWA010000010.1,pepT,61,3.266e-12,0.262
FW_AS_rep_2,GCA_035351355.1,DAOPWA010000004.1,dtpT,204,1.459e-57,0.313
FW_AS_rep_2,GCA_035351355.1,DAOPWA010000014.1,xylA,286,8.102e-89,0.585
FW_AS_rep_2,GCA_035351355.1,DAOPWA010000010.1,susD,150,2.861e-39,0.279
FW_AS_rep_2,GCA_035351355.1,DAOPWA010000014.1,susC,549,2.195e-167,0.348
FW_AS_rep_2,GCA_035351355.1,DAOPWA010000011.1,gapA,486,2.862e-157,0.712
FW_AS_rep_2,GCA_035351355.1,DAOPWA010000020.1,frhB,42,8.702e-8,0.4
FW_AS_rep_2,GCA_035351355.1,DAOPWA010000004.1,pepT,247,3.573e-73,0.389
FW_AS_rep_2,GCA_035351355.1,DAOPWA010000020.1,dtpT,101,1.88e-24,0.249
FW_AS_rep_2,GCA_035351355.1,DAOPWA010000020.1,hydA,44,9.434e-9,0.357
FW_AS_rep_2,GCA_035351355.1,DAOPWA010000003.1,extracellular_protease,142,4.517e-36,0.343
FW_AS_rep_2,GCA_035351355.1,DAOPWA010000004.1,rnfB,78,5.345e-18,0.319
FW_AS_rep_2,GCA_035351355.1,DAOPWA010000002.1,thl,360,2.427e-112,0.508
FW_AS_rep_2,GCA_035351355.1,DAOPWA010000018.1,susD,119,1.152e-29,0.266
FW_AS_rep_2,GCA_035351355.1,DAOPWA010000038.1,hydA,509,2.288e-160,0.451
FW_AS_rep_2,GCA_035351355.1,DAOPWA010000014.1,susD,155,1.612e-41,0.308
FW_AS_rep_2,GCA_035351355.1,DAOPWA010000003.1,cazy_GH5,58,4.508e-11,0.234
FW_AS_rep_2,GCA_035351355.1,DAOPWA010000019.1,susD,123,4.54e-31,0.27
FW_AS_rep_2,GCA_035351355.1,DAOPWA010000002.1,cat,286,4.441e-90,0.652
FW_AS_rep_2,GCA_035351355.1,DAOPWA010000039.1,susC,345,2.507e-99,0.306
FW_AS_rep_2,GCA_035351355.1,DAOPWA010000004.1,pepD,504,1.649e-160,0.503
FW_AS_rep_2,GCA_035351355.1,DAOPWA010000009.1,pfkA,263,9.667e-79,0.505
FW_AS_rep_2,GCA_035351355.1,DAOPWA010000003.1,hydA,461,6.789e-144,0.426
FW_AS_rep_2,GCA_035351355.1,DAOPWA010000003.1,rnfB,44,8.698e-9,0.425
FW_AS_rep_2,GCA_035351355.1,DAOPWA010000014.1,pfor,1420,0.0,0.614
FW_AS_rep_2,GCA_035351355.1,DAOPWA010000045.1,susC,147,7.693e-40,0.305
FW_AS_rep_2,GCA_035351355.1,DAOPWA010000034.1,acs,61,8.227e-12,0.211
FW_AS_rep_2,GCA_035351355.1,DAOPWA010000001.1,gdh,551,1.441e-177,0.632
FW_AS_rep_2,GCA_035351355.1,DAOPWA010000004.1,pepQ,67,2.496e-14,0.278
FW_AS_rep_2,GCA_035351355.1,DAOPWA010000010.1,cazy_GH43,68,1.948e-14,0.276
FW_AS_rep_2,GCA_035351355.1,DAOPWA010000020.1,frhG,41,1.195e-7,0.323
FW_AS_rep_2,GCA_035351355.1,DAOPWA010000001.1,esterase,240,4.02e-69,0.346
FW_AS_rep_2,GCA_035351355.1,DAOPWA010000003.1,frhG,57,1.114e-10,0.388
FW_AS_rep_2,GCA_035351355.1,DAOPWA010000001.1,cazy_GH13,49,3.889e-8,0.3
FW_AS_rep_2,GCA_035351355.1,DAOPWA010000001.1,susD,162,1.316e-43,0.299
FW_AS_rep_2,GCA_035351355.1,DAOPWA010000003.1,susC,347,9.066e-103,0.344
FW_AS_rep_2,GCA_035351355.1,DAOPWA010000004.1,frhG,43,9.26e-7,0.387
FW_AS_rep_2,GCA_035351355.1,DAOPWA010000016.1,cazy_GH9,160,1.191e-41,0.277
FW_AS_rep_2,GCA_035351355.1,DAOPWA010000014.1,glcP,197,1.421e-55,0.312
FW_AS_rep_2,GCA_035351355.1,DAOPWA010000004.1,endopeptidase,242,2.397e-69,0.513
FW_AS_rep_2,GCA_035351355.1,DAOPWA010000002.1,fadD,240,3.724e-69,0.355
FW_AS_rep_2,GCA_035351355.1,DAOPWA010000018.1,agl,112,5.395e-28,0.266
FW_AS_rep_2,GCA_035351355.1,DAOPWA010000010.1,fadD,251,3.611e-73,0.331
FW_AS_rep_2,GCA_035351355.1,DAOPWA010000003.1,fdhA,67,1.264e-13,0.515
FW_AS_rep_2,GCA_035351355.1,DAOPWA010000019.1,susC,662,1.063e-204,0.4
FW_AS_rep_2,GCA_035351355.1,DAOPWA010000018.1,susC,611,3.469e-189,0.399
FW_AS_rep_2,GCA_035351355.1,DAOPWA010000021.1,cazy_GH43,126,4.198e-32,0.332
FW_AS_rep_2,GCA_035351355.1,DAOPWA010000010.1,cazy_GH10,250,4.666e-75,0.391
FW_AS_rep_2,GCA_035351355.1,DAOPWA010000020.1,pepQ,152,7.401e-40,0.298
FW_AS_rep_2,GCA_035351355.1,DAOPWA010000010.1,acs,86,2.108e-19,0.249
FW_AS_rep_2,GCA_035351355.1,DAOPWA010000019.1,cazy_GH9,165,2.588e-44,0.324
FW_AS_rep_2,GCA_035351355.1,DAOPWA010000038.1,fdhA,57,1.752e-10,0.4
FW_AS_rep_2,GCA_035351355.1,DAOPWA010000003.1,eda,101,3.429e-27,0.402
FW_AS_rep_2,GCA_035351355.1,DAOPWA010000001.1,agl,49,5.129e-8,0.35
FW_AS_rep_2,GCA_035351355.1,DAOPWA010000004.1,frhB,43,9.26e-7,0.396
FW_AS_rep_2,GCA_035351355.1,DAOPWA010000002.1,acs,85,4.41e-18,0.24
FW_AS_rep_2,GCA_035351355.1,DAOPWA010000012.1,mmcG,110,1.656e-30,0.392
FW_AS_rep_2,GCA_035351355.1,DAOPWA010000003.1,pgi,99,9.825e-24,0.297
FW_AS_rep_2,GCA_035351355.1,DAOPWA010000021.1,esterase,200,1.327e-56,0.311
FW_AS_rep_2,GCA_035351355.1,DAOPWA010000003.1,pepD,452,9.352e-143,0.482
FW_AS_rep_2,GCA_035351355.1,DAOPWA010000001.1,mmcF,133,9.477e-34,0.518
FW_AS_rep_2,GCA_035351355.1,DAOPWA010000016.1,susC,332,2.351e-95,0.288
FW_AS_rep_2,GCA_035351355.1,DAOPWA010000013.1,frhB,46,5.697e-8,0.403
FW_AS_rep_2,GCA_035351355.1,DAOPWA010000015.1,acs,51,1.018e-8,0.214
FW_AS_rep_2,GCA_035351355.1,DAOPWA010000013.1,rnfB,41,3.306e-6,0.328
FW_AS_rep_2,GCA_035351355.1,DAOPWA010000011.1,pta,130,4.204e-35,0.329
FW_AS_rep_2,GCA_035351355.1,DAOPWA010000015.1,fadD,264,3.334e-77,0.354
FW_AS_rep_2,GCA_035351355.1,DAOPWA010000033.1,fhs,604,2.063e-193,0.547
FW_AS_rep_2,GCA_035351355.1,DAOPWA010000034.1,fadD,292,3.405e-86,0.371
FW_AS_rep_2,GCA_035351355.1,DAOPWA010000009.1,cazy_GH5,114,8.645e-29,0.33
FW_AS_rep_2,GCA_035351355.1,DAOPWA010000011.1,ackA,380,3.006e-119,0.51
FW_AS_rep_2,GCA_035351355.1,DAOPWA010000005.1,endopeptidase,213,8.07e-61,0.363
FW_AS_rep_2,GCA_035351355.1,DAOPWA010000002.1,fadA,319,4.547e-98,0.477
FW_AS_rep_2,GCA_035351355.1,DAOPWA010000013.1,hydA,50,3.056e-9,0.388
FW_AS_rep_2,GCA_035351355.1,DAOPWA010000003.1,pepT,74,7.736e-16,0.287
FW_AS_rep_2,GCA_035351355.1,DAOPWA010000019.1,esterase,178,1.286e-48,0.317
FW_AS_rep_2,GCA_035351355.1,DAOPWA010000018.1,cazy_GH13,114,1.255e-28,0.312
FW_AS_rep_2,GCA_035351355.1,DAOPWA010000001.1,mmcE,498,3.713e-155,0.519
FW_AS_rep_2,GCA_035351355.1,DAOPWA010000024.1,susC,709,3.454e-222,0.405
FW_AS_rep_2,GCA_035351355.1,DAOPWA010000010.1,susC,644,2.311e-199,0.39
FW_AS_rep_2,GCA_035351355.1,DAOPWA010000026.1,tdcB,80,5.122e-18,0.32
FW_AS_rep_2,GCA_035417985.1,DAOLQG010000046.1,pfor,47,1.451e-7,0.242
FW_AS_rep_2,GCA_035417985.1,DAOLQG010000039.1,pfkA,289,1.907e-87,0.476
FW_AS_rep_2,GCA_035417985.1,DAOLQG010000018.1,frhG,42,3.323e-6,0.318
FW_AS_rep_2,GCA_035417985.1,DAOLQG010000027.1,dppC,219,2.888e-63,0.422
FW_AS_rep_2,GCA_035417985.1,DAOLQG010000027.1,dppB,248,8.754e-75,0.413
FW_AS_rep_2,GCA_035417985.1,DAOLQG010000001.1,ackA,97,2.232e-23,0.273
FW_AS_rep_2,GCA_035417985.1,DAOLQG010000004.1,dppB,219,3.304e-65,0.434
FW_AS_rep_2,GCA_035417985.1,DAOLQG010000032.1,mmcF,132,2.653e-33,0.5
FW_AS_rep_2,GCA_035417985.1,DAOLQG010000069.1,ackA,423,4.243e-134,0.566
FW_AS_rep_2,GCA_035417985.1,DAOLQG010000004.1,dppC,180,3.611e-52,0.42
FW_AS_rep_2,GCA_035417985.1,DAOLQG010000055.1,acylglycerol_lipase,164,1.345e-46,0.346
FW_AS_rep_2,GCA_035417985.1,DAOLQG010000010.1,pepQ,76,1.947e-17,0.297
FW_AS_rep_2,GCA_035417985.1,DAOLQG010000017.1,tdcB,42,3.955e-6,0.245
FW_AS_rep_2,GCA_035417985.1,DAOLQG010000034.1,dppB,145,1.892e-39,0.345
FW_AS_rep_2,GCA_035417985.1,DAOLQG010000019.1,oppB,198,1.863e-57,0.383
FW_AS_rep_2,GCA_035417985.1,DAOLQG010000004.1,dppA,184,9.105e-51,0.286
FW_AS_rep_2,GCA_035417985.1,DAOLQG010000002.1,pfkA,118,1.007e-30,0.289
FW_AS_rep_2,GCA_035417985.1,DAOLQG010000004.1,bgl,374,1.255e-116,0.433
FW_AS_rep_2,GCA_035417985.1,DAOLQG010000049.1,fdhA,61,8.142e-12,0.349
FW_AS_rep_2,GCA_035417985.1,DAOLQG010000019.1,oppA,124,7.229e-31,0.236
FW_AS_rep_2,GCA_035417985.1,DAOLQG010000099.1,frhG,47,8.242e-8,0.338
FW_AS_rep_2,GCA_035417985.1,DAOLQG010000005.1,fadA,285,1.621e-85,0.434
FW_AS_rep_2,GCA_035417985.1,DAOLQG010000023.1,pfkA,207,4.182e-60,0.396
FW_AS_rep_2,GCA_035417985.1,DAOLQG010000012.1,cazy_GH13,147,3.186e-38,0.332
FW_AS_rep_2,GCA_035417985.1,DAOLQG010000031.1,fhs,582,3.15e-186,0.542
FW_AS_rep_2,GCA_035417985.1,DAOLQG010000019.1,dppA,142,1.229e-36,0.257
FW_AS_rep_2,GCA_035417985.1,DAOLQG010000012.1,agl,103,8.651e-25,0.255
FW_AS_rep_2,GCA_035417985.1,DAOLQG010000070.1,oppB,192,6.491e-56,0.383
FW_AS_rep_2,GCA_035417985.1,DAOLQG010000018.1,tdcB,112,4.595e-28,0.314
FW_AS_rep_2,GCA_035417985.1,DAOLQG010000038.1,dppA,118,2.556e-29,0.278
FW_AS_rep_2,GCA_035417985.1,DAOLQG010000019.1,dppC,184,1.955e-53,0.342
FW_AS_rep_2,GCA_035417985.1,DAOLQG010000011.1,mmcG,127,5.562e-36,0.484
FW_AS_rep_2,GCA_035417985.1,DAOLQG010000006.1,oppA,170,1.026e-45,0.311
FW_AS_rep_2,GCA_035417985.1,DAOLQG010000004.1,oppA,169,1.033e-45,0.285
FW_AS_rep_2,GCA_035417985.1,DAOLQG010000021.1,lysophospholipase,47,1.804e-7,0.274
FW_AS_rep_2,GCA_035417985.1,DAOLQG010000038.1,pepD,436,9.354e-137,0.473
FW_AS_rep_2,GCA_035417985.1,DAOLQG010000017.1,cazy_GH13,65,1.05e-12,0.273
FW_AS_rep_2,GCA_035417985.1,DAOLQG010000019.1,cazy_GH13,55,8.633e-10,0.239
FW_AS_rep_2,GCA_035417985.1,DAOLQG010000038.1,dppB,168,7.503e-48,0.314
FW_AS_rep_2,GCA_035417985.1,DAOLQG010000027.1,oppB,231,2.805e-67,0.436
FW_AS_rep_2,GCA_035417985.1,DAOLQG010000070.1,dppC,207,5.045e-61,0.413
FW_AS_rep_2,GCA_035417985.1,DAOLQG010000056.1,pepQ,164,1.321e-45,0.325
FW_AS_rep_2,GCA_035417985.1,DAOLQG010000027.1,dppA,130,1.232e-32,0.284
FW_AS_rep_2,GCA_035417985.1,DAOLQG010000034.1,oppB,152,7.87e-41,0.398
FW_AS_rep_2,GCA_035417985.1,DAOLQG010000005.1,pfor,41,9.366e-6,0.275
FW_AS_rep_2,GCA_035417985.1,DAOLQG010000007.1,dppC,202,3.883e-60,0.384
FW_AS_rep_2,GCA_035417985.1,DAOLQG010000010.1,fdhA,736,3.051e-233,0.457
FW_AS_rep_2,GCA_035417985.1,DAOLQG010000040.1,adhE,193,1.801e-55,0.336
FW_AS_rep_2,GCA_035417985.1,DAOLQG010000001.1,agl,76,6.505e-16,0.259
FW_AS_rep_2,GCA_035417985.1,DAOLQG010000007.1,oppB,218,1.376e-64,0.408
FW_AS_rep_2,GCA_035417985.1,DAOLQG010000003.1,pgi,48,1.274e-9,0.352
FW_AS_rep_2,GCA_035417985.1,DAOLQG010000007.1,dppA,211,7.627e-60,0.32
FW_AS_rep_2,GCA_035417985.1,DAOLQG010000002.1,xylA,517,3.929e-165,0.557
FW_AS_rep_2,GCA_035417985.1,DAOLQG010000026.1,pfor,44,6.53e-7,0.345
FW_AS_rep_2,GCA_035417985.1,DAOLQG010000001.1,hydA,50,2.153e-10,0.397
FW_AS_rep_2,GCA_035417985.1,DAOLQG010000039.1,pyk,396,1.942e-123,0.473
FW_AS_rep_2,GCA_035417985.1,DAOLQG010000004.1,oppB,204,1.942e-60,0.422
FW_AS_rep_2,GCA_035417985.1,DAOLQG010000015.1,pgi,108,1.306e-26,0.31
FW_AS_rep_2,GCA_035417985.1,DAOLQG010000002.1,folD,215,5.533e-64,0.411
FW_AS_rep_2,GCA_035417985.1,DAOLQG010000038.1,oppA,114,5.741e-28,0.261
FW_AS_rep_2,GCA_035417985.1,DAOLQG010000021.1,cazy_GH13,46,3.913e-7,0.299
FW_AS_rep_2,GCA_035417985.1,DAOLQG010000001.1,frhB,44,3.337e-8,0.356
FW_AS_rep_2,GCA_035417985.1,DAOLQG010000038.1,dppC,177,8.047e-50,0.421
FW_AS_rep_2,GCA_035417985.1,DAOLQG010000019.1,dppB,225,8.85e-67,0.421
FW_AS_rep_2,GCA_035417985.1,DAOLQG010000007.1,oppA,184,4.808e-51,0.32
FW_AS_rep_2,GCA_035417985.1,DAOLQG010000002.1,cazy_GH13,73,2.718e-15,0.278
FW_AS_rep_2,GCA_035417985.1,DAOLQG010000005.1,rnfB,46,2.528e-7,0.288
FW_AS_rep_2,GCA_035417985.1,DAOLQG010000002.1,xylB,169,6.571e-46,0.302
FW_AS_rep_2,GCA_035417985.1,DAOLQG010000008.1,extracellular_protease,201,1.038e-54,0.432
FW_AS_rep_2,GCA_035417985.1,DAOLQG010000070.1,dppB,203,1.062e-59,0.361
FW_AS_rep_2,GCA_035417985.1,DAOLQG010000018.1,frhB,51,6.88e-9,0.44
FW_AS_rep_2,GCA_035417985.1,DAOLQG010000005.1,thl,377,4.632e-117,0.528
FW_AS_rep_2,GCA_035417985.1,DAOLQG010000034.1,dppC,134,6.831e-35,0.343
FW_AS_rep_2,GCA_035417985.1,DAOLQG010000032.1,oppB,155,2.504e-43,0.33
FW_AS_rep_2,GCA_035417985.1,DAOLQG010000001.1,adh,60,3.593e-12,0.29
FW_AS_rep_2,GCA_035417985.1,DAOLQG010000014.1,gdh,65,3.348e-13,0.5
FW_AS_rep_2,GCA_035417985.1,DAOLQG010000027.1,oppA,112,4.558e-27,0.244
FW_AS_rep_2,GCA_035417985.1,DAOLQG010000010.1,rnfB,55,9.682e-10,0.385
FW_AS_rep_2,GCA_035417985.1,DAOLQG010000056.1,rnfB,48,5.857e-10,0.356
FW_AS_rep_2,GCA_035417985.1,DAOLQG010000009.1,ackA,70,4.394e-16,0.406
FW_AS_rep_2,GCA_035417985.1,DAOLQG010000025.1,etfB,126,4.591e-32,0.355
FW_AS_rep_2,GCA_035417985.1,DAOLQG010000032.1,dppA,63,3.204e-12,0.221
FW_AS_rep_2,GCA_035417985.1,DAOLQG010000045.1,cazy_GH13,208,7.157e-58,0.393
FW_AS_rep_2,GCA_035417985.1,DAOLQG010000001.1,rnfB,52,4.252e-9,0.262
FW_AS_rep_2,GCA_035417985.1,DAOLQG010000081.1,dppA,222,3.285e-63,0.323
FW_AS_rep_2,GCA_035417985.1,DAOLQG010000018.1,rnfB,51,3.917e-9,0.295
FW_AS_rep_2,GCA_035417985.1,DAOLQG010000007.1,pfkA,49,1.438e-8,0.322
FW_AS_rep_2,GCA_035417985.1,DAOLQG010000032.1,mmcE,490,1.039e-151,0.421
FW_AS_rep_2,GCA_035417985.1,DAOLQG010000032.1,dppC,134,3.93e-36,0.314
FW_AS_rep_2,GCA_035417985.1,DAOLQG010000025.1,etfA,235,5.834e-68,0.323
FW_AS_rep_2,GCA_035417985.1,DAOLQG010000006.1,dppC,187,6.488e-52,0.445
FW_AS_rep_2,GCA_035417985.1,DAOLQG010000005.1,frhB,44,1.769e-6,0.303
FW_AS_rep_2,GCA_035417985.1,DAOLQG010000001.1,pfor,1387,0.0,0.598
FW_AS_rep_2,GCA_035417985.1,DAOLQG010000045.1,agl,289,1.239e-84,0.382
FW_AS_rep_2,GCA_035417985.1,DAOLQG010000037.1,pta,116,3.237e-30,0.287
FW_AS_rep_2,GCA_035417985.1,DAOLQG010000005.1,adh,76,1.441e-17,0.293
FW_AS_rep_2,GCA_035417985.1,DAOLQG010000018.1,gdh,448,5.832e-142,0.564
FW_AS_rep_2,GCA_035417985.1,DAOLQG010000099.1,frhB,51,2.577e-9,0.337
FW_AS_rep_2,GCA_035417985.1,DAOLQG010000006.1,dppB,210,7.528e-62,0.376
FW_AS_rep_2,GCA_035417985.1,DAOLQG010000056.1,hydA,42,4.489e-6,0.36
FW_AS_rep_2,GCA_035417985.1,DAOLQG010000010.1,frhG,42,6.863e-6,0.352
FW_AS_rep_2,GCA_035417985.1,DAOLQG010000081.1,oppB,229,6.701e-69,0.431
FW_AS_rep_2,GCA_035417985.1,DAOLQG010000081.1,dppC,271,1.324e-83,0.476
FW_AS_rep_2,GCA_035417985.1,DAOLQG010000003.1,cat,265,1.089e-82,0.596
FW_AS_rep_2,GCA_035417985.1,DAOLQG010000055.1,lysophospholipase,84,7.254e-20,0.276
FW_AS_rep_2,GCA_035417985.1,DAOLQG010000032.1,oppA,79,2.636e-17,0.237
FW_AS_rep_2,GCA_035417985.1,DAOLQG010000046.1,hydA,51,4.096e-11,0.378
FW_AS_rep_2,GCA_035417985.1,DAOLQG010000001.1,pta,143,4.001e-39,0.365
FW_AS_rep_2,GCA_035417985.1,DAOLQG010000028.1,fumB,92,6.128e-24,0.352
FW_AS_rep_2,GCA_035417985.1,DAOLQG010000010.1,ilvE,70,3.399e-15,0.284
FW_AS_rep_2,GCA_035417985.1,DAOLQG010000081.1,dppB,313,4.319e-97,0.491
FW_AS_rep_2,GCA_035417985.1,DAOLQG010000001.1,cazy_GH13,132,5.322e-33,0.32
FW_AS_rep_2,GCA_035417985.1,DAOLQG010000010.1,hydA,118,7.621e-29,0.309
FW_AS_rep_2,GCA_035417985.1,DAOLQG010000006.1,oppB,214,5.578e-61,0.501
FW_AS_rep_2,GCA_035417985.1,DAOLQG010000081.1,oppA,173,3.011e-47,0.291
FW_AS_rep_2,GCA_035417985.1,DAOLQG010000007.1,gapA,332,6.562e-104,0.51
FW_AS_rep_2,GCA_035417985.1,DAOLQG010000032.1,dppB,156,1.351e-43,0.334
FW_AS_rep_2,GCA_035417985.1,DAOLQG010000001.1,frhG,44,1.778e-8,0.328
FW_AS_rep_2,GCA_035417985.1,DAOLQG010000049.1,hydA,465,2.884e-145,0.414
FW_AS_rep_2,GCA_035417985.1,DAOLQG010000006.1,dppA,186,1.084e-50,0.334
FW_AS_rep_2,GCA_035417985.1,DAOLQG010000038.1,oppB,205,4.938e-59,0.471
FW_AS_rep_2,GCA_035417985.1,DAOLQG010000046.1,frhG,40,2.169e-7,0.339
FW_AS_rep_2,GCA_035417985.1,DAOLQG010000007.1,dppB,244,8.225e-74,0.425
FW_AS_rep_2,GCA_040766305.1,JAXGQS010000025.1,frhB,46,4.245e-8,0.446
FW_AS_rep_2,GCA_040766305.1,JAXGQS010000014.1,mch,284,2.424e-87,0.457
FW_AS_rep_2,GCA_040766305.1,JAXGQS010000019.1,extracellular_protease,137,1.512e-37,0.509
FW_AS_rep_2,GCA_040766305.1,JAXGQS010000021.1,pfor,44,1.164e-6,0.232
FW_AS_rep_2,GCA_040766305.1,JAXGQS010000023.1,pfor,40,5.52e-6,0.345
FW_AS_rep_2,GCA_040766305.1,JAXGQS010000014.1,lctC,61,5.833e-12,0.3
FW_AS_rep_2,GCA_040766305.1,JAXGQS010000023.1,frhB,44,2.165e-7,0.344
FW_AS_rep_2,GCA_040766305.1,JAXGQS010000021.1,frhG,42,5.321e-6,0.301
FW_AS_rep_2,GCA_040766305.1,JAXGQS010000021.1,cazy_GH13,113,1.441e-27,0.322
FW_AS_rep_2,GCA_040766305.1,JAXGQS010000016.1,pfor,47,8.969e-8,0.326
FW_AS_rep_2,GCA_040766305.1,JAXGQS010000018.1,frhG,53,4.772e-11,0.396
FW_AS_rep_2,GCA_040766305.1,JAXGQS010000021.1,frhB,170,2.513e-46,0.336
FW_AS_rep_2,GCA_040766305.1,JAXGQS010000014.1,hydA,103,3.87e-24,0.286
FW_AS_rep_2,GCA_040766305.1,JAXGQS010000016.1,mvhG,126,3.08e-31,0.469
FW_AS_rep_2,GCA_040766305.1,JAXGQS010000015.1,dppA,145,3.262e-38,0.282
FW_AS_rep_2,GCA_040766305.1,JAXGQS010000028.1,fdhA,668,5.804e-214,0.54
FW_AS_rep_2,GCA_040766305.1,JAXGQS010000020.1,hydA,96,3.198e-22,0.257
FW_AS_rep_2,GCA_040766305.1,JAXGQS010000025.1,hydA,46,7.659e-8,0.344
FW_AS_rep_2,GCA_040766305.1,JAXGQS010000016.1,pgi,129,1.906e-35,0.372
FW_AS_rep_2,GCA_040766305.1,JAXGQS010000014.1,acs,169,2.904e-45,0.281
FW_AS_rep_2,GCA_040766305.1,JAXGQS010000020.1,gdh,477,9.9e-153,0.576
FW_AS_rep_2,GCA_040766305.1,JAXGQS010000018.1,frhB,45,3.135e-8,0.384
FW_AS_rep_2,GCA_040766305.1,JAXGQS010000018.1,hydA,42,4.951e-7,0.348
FW_AS_rep_2,GCA_040766305.1,JAXGQS010000016.1,lctB,68,3.356e-14,0.237
FW_AS_rep_2,GCA_040766305.1,JAXGQS010000017.1,frhG,55,4.335e-12,0.321
FW_AS_rep_2,GCA_040766305.1,JAXGQS010000017.1,frhB,48,6.81e-10,0.416
FW_AS_rep_2,GCA_040766305.1,JAXGQS010000016.1,rnfB,56,1.045e-11,0.315
FW_AS_rep_2,GCA_040766305.1,JAXGQS010000014.1,pfor,52,2.625e-9,0.352
FW_AS_rep_2,GCA_040766305.1,JAXGQS010000023.1,frhG,47,2.017e-8,0.444
FW_AS_rep_2,GCA_040766305.1,JAXGQS010000017.1,pfor,40,7.013e-7,0.319
FW_AS_rep_2,GCA_040766305.1,JAXGQS010000015.1,fwdA,47,1.149e-7,0.313
FW_AS_rep_2,GCA_040766305.1,JAXGQS010000015.1,dppB,208,1.034e-59,0.395
FW_AS_rep_2,GCA_040766305.1,JAXGQS010000023.1,acs,285,2.134e-83,0.366
FW_AS_rep_2,GCA_040766305.1,JAXGQS010000015.1,hydA,44,1.64e-6,0.481
FW_AS_rep_2,GCA_040766305.1,JAXGQS010000014.1,extracellular_protease,172,7.667e-45,0.369
FW_AS_rep_2,GCA_040766305.1,JAXGQS010000014.1,fwdA,516,1.503e-162,0.46
FW_AS_rep_2,GCA_040766305.1,JAXGQS010000018.1,pepT,79,2.376e-17,0.233
FW_AS_rep_2,GCA_040766305.1,JAXGQS010000016.1,edd,234,5.742e-67,0.321
FW_AS_rep_2,GCA_040766305.1,JAXGQS010000014.1,rnfB,42,1.118e-6,0.246
FW_AS_rep_2,GCA_040766305.1,JAXGQS010000021.1,agl,70,1.655e-14,0.419
FW_AS_rep_2,GCA_040766305.1,JAXGQS010000029.1,pfor,42,2.551e-6,0.329
FW_AS_rep_2,GCA_040766305.1,JAXGQS010000033.1,mtrA,181,1.023e-52,0.589
FW_AS_rep_2,GCA_040766305.1,JAXGQS010000015.1,frhB,44,2.164e-6,0.446
FW_AS_rep_2,GCA_040766305.1,JAXGQS010000021.1,hydA,93,8.646e-22,0.302
FW_AS_rep_2,GCA_040766305.1,JAXGQS010000020.1,fdhA,705,2.022e-222,0.451
FW_AS_rep_2,GCA_040766305.1,JAXGQS010000024.1,mtd,278,9.997e-86,0.569
FW_AS_rep_2,GCA_040766305.1,JAXGQS010000015.1,adhE,86,1.684e-19,0.254
FW_AS_rep_2,GCA_040766305.1,JAXGQS010000014.1,fadD,220,6.668e-62,0.31
FW_AS_rep_2,GCA_040766305.1,JAXGQS010000016.1,fumB,72,8.031e-17,0.358
FW_AS_rep_2,GCA_040766305.1,JAXGQS010000014.1,folD,327,2.708e-103,0.586
FW_AS_rep_2,GCA_040766305.1,JAXGQS010000015.1,oppA,152,2.96e-40,0.293
FW_AS_rep_2,GCA_040766305.1,JAXGQS010000027.1,mer,299,6.505e-93,0.48
FW_AS_rep_2,GCA_040766305.1,JAXGQS010000029.1,hydA,43,1.45e-6,0.311
FW_AS_rep_2,GCA_040766305.1,JAXGQS010000020.1,frhB,43,2.748e-8,0.437
FW_AS_rep_2,GCA_040766305.1,JAXGQS010000023.1,rnfB,44,1.338e-6,0.267
FW_AS_rep_2,GCA_040766305.1,JAXGQS010000025.1,frhG,53,2.718e-10,0.44
FW_AS_rep_2,GCA_040766305.1,JAXGQS010000032.1,mtrA,220,1.499e-66,0.473
FW_AS_rep_2,GCA_040766305.1,JAXGQS010000021.1,endopeptidase,300,3.889e-86,0.46
FW_AS_rep_2,GCA_040766305.1,JAXGQS010000016.1,hydA,54,1.026e-11,0.423
FW_AS_rep_2,GCA_040766305.1,JAXGQS010000016.1,frhG,50,1.255e-8,0.342
FW_AS_rep_2,GCA_040766305.1,JAXGQS010000014.1,fdhA,696,3.14e-219,0.425
FW_AS_rep_2,GCA_040766305.1,JAXGQS010000029.1,frhB,43,1.45e-6,0.29
FW_AS_rep_2,GCA_040766305.1,JAXGQS010000022.1,tdcB,60,1.356e-11,0.287
FW_AS_rep_2,GCA_040766305.1,JAXGQS010000015.1,oppB,172,9.261e-48,0.366
FW_AS_rep_2,GCA_040766305.1,JAXGQS010000017.1,hydA,43,5.645e-8,0.392
FW_AS_rep_2,GCA_040766305.1,JAXGQS010000015.1,dppC,154,2.775e-43,0.364
FW_AS_rep_2,GCA_040766305.1,JAXGQS010000022.1,pepD,507,7.65e-161,0.504
FW_AS_rep_2,GCA_040766305.1,JAXGQS010000014.1,cdhC,46,7.238e-8,0.396
FW_AS_rep_2,GCA_040766305.1,JAXGQS010000016.1,cdhC,55,1.423e-11,0.467
FW_AS_rep_2,GCA_040766305.1,JAXGQS010000014.1,frhG,44,5.351e-7,0.388
FW_AS_rep_2,GCA_040766305.1,JAXGQS010000016.1,frhB,49,4.511e-10,0.431
FW_AS_rep_2,GCA_040766305.1,JAXGQS010000018.1,pepD,49,4.177e-8,0.277
FW_AS_rep_2,GCA_040766305.1,JAXGQS010000021.1,fdhA,56,3.153e-10,0.355
FW_AS_rep_2,GCA_040766305.1,JAXGQS010000029.1,mcrB,577,1.095e-186,0.672
FW_AS_rep_2,GCA_040766305.1,JAXGQS010000017.1,pepQ,77,5.54e-17,0.265
FW_AS_rep_2,GCA_040766305.1,JAXGQS010000029.1,mcrA,775,4.18e-253,0.681
FW_AS_rep_2,GCA_040766305.1,JAXGQS010000020.1,frhG,42,5.179e-8,0.434
FW_AS_rep_2,GCA_040766305.1,JAXGQS010000014.1,frhB,49,1.316e-8,0.431
FW_AS_rep_2,GCA_040766305.1,JAXGQS010000016.1,mvhD,174,4.361e-46,0.567
FW_AS_rep_2,GCA_040766305.1,JAXGQS010000023.1,fadD,139,9.548e-36,0.275
FW_AS_rep_2,GCA_035451445.1,DAOTOR010000002.1,pepD,198,4.006e-59,0.486
FW_AS_rep_2,GCA_035451445.1,DAOTOR010000043.1,frhB,49,1.377e-8,0.464
FW_AS_rep_2,GCA_035451445.1,DAOTOR010000067.1,sucC,362,6.662e-113,0.473
FW_AS_rep_2,GCA_035451445.1,DAOTOR010000006.1,hydA,46,1.34e-9,0.357
FW_AS_rep_2,GCA_035451445.1,DAOTOR010000106.1,pepQ,108,2.479e-26,0.275
FW_AS_rep_2,GCA_035451445.1,DAOTOR010000008.1,pta,224,3.901e-66,0.438
FW_AS_rep_2,GCA_035451445.1,DAOTOR010000108.1,agl,83,1.046e-18,0.252
FW_AS_rep_2,GCA_035451445.1,DAOTOR010000002.1,hydA,486,1.415e-152,0.436
FW_AS_rep_2,GCA_035451445.1,DAOTOR010000023.1,agl,61,1.139e-11,0.304
FW_AS_rep_2,GCA_035451445.1,DAOTOR010000024.1,pgi,601,1.104e-192,0.56
FW_AS_rep_2,GCA_035451445.1,DAOTOR010000010.1,pta,139,1.594e-35,0.308
FW_AS_rep_2,GCA_035451445.1,DAOTOR010000003.1,mmcG,114,3.864e-32,0.421
FW_AS_rep_2,GCA_035451445.1,DAOTOR010000022.1,acs,59,4.735e-11,0.216
FW_AS_rep_2,GCA_035451445.1,DAOTOR010000008.1,frhB,46,3.303e-7,0.392
FW_AS_rep_2,GCA_035451445.1,DAOTOR010000038.1,adh,71,1.014e-15,0.285
FW_AS_rep_2,GCA_035451445.1,DAOTOR010000080.1,susC,779,5.669e-247,0.436
FW_AS_rep_2,GCA_035451445.1,DAOTOR010000108.1,cazy_GH13,84,5.942e-19,0.244
FW_AS_rep_2,GCA_035451445.1,DAOTOR010000006.1,acs,76,3.777e-16,0.237
FW_AS_rep_2,GCA_035451445.1,DAOTOR010000002.1,rnfB,51,1.473e-8,0.425
FW_AS_rep_2,GCA_035451445.1,DAOTOR010000006.1,rnfB,44,9.095e-9,0.35
FW_AS_rep_2,GCA_035451445.1,DAOTOR010000008.1,hydA,408,1.157e-125,0.401
FW_AS_rep_2,GCA_035451445.1,DAOTOR010000057.1,ackA,431,9.23e-137,0.579
FW_AS_rep_2,GCA_035451445.1,DAOTOR010000014.1,hydA,41,3.033e-7,0.347
FW_AS_rep_2,GCA_035451445.1,DAOTOR010000011.1,xylF,44,7.246e-7,0.24
FW_AS_rep_2,GCA_035451445.1,DAOTOR010000002.1,fadD,237,3.67e-68,0.332
FW_AS_rep_2,GCA_035451445.1,DAOTOR010000007.1,lysophospholipase,44,5.098e-7,0.237
FW_AS_rep_2,GCA_035451445.1,DAOTOR010000006.1,mmcF,139,1.199e-35,0.544
FW_AS_rep_2,GCA_035451445.1,DAOTOR010000002.1,acs,57,1.158e-10,0.222
FW_AS_rep_2,GCA_035451445.1,DAOTOR010000027.1,lctD,84,2.819e-20,0.317
FW_AS_rep_2,GCA_035451445.1,DAOTOR010000091.1,pepD,537,5.856e-172,0.531
FW_AS_rep_2,GCA_035451445.1,DAOTOR010000007.1,lctB,214,1.597e-64,0.429
FW_AS_rep_2,GCA_035451445.1,DAOTOR010000019.1,agl,142,5.265e-37,0.285
FW_AS_rep_2,GCA_035451445.1,DAOTOR010000010.1,mdh,276,8.317e-85,0.47
FW_AS_rep_2,GCA_035451445.1,DAOTOR010000023.1,hydA,503,1.754e-158,0.453
FW_AS_rep_2,GCA_035451445.1,DAOTOR010000093.1,agl,42,8.794e-6,0.46
FW_AS_rep_2,GCA_035451445.1,DAOTOR010000014.1,susC,48,1.608e-7,0.235
FW_AS_rep_2,GCA_035451445.1,DAOTOR010000004.1,pyk,356,1.678e-109,0.435
FW_AS_rep_2,GCA_035451445.1,DAOTOR010000063.1,pfkA,41,4.559e-6,0.281
FW_AS_rep_2,GCA_035451445.1,DAOTOR010000015.1,hydA,43,5.883e-6,0.365
FW_AS_rep_2,GCA_035451445.1,DAOTOR010000014.1,etfB,109,3.815e-28,0.379
FW_AS_rep_2,GCA_035451445.1,DAOTOR010000023.1,cazy_GH13,120,9.486e-30,0.281
FW_AS_rep_2,GCA_035451445.1,DAOTOR010000002.1,frhG,57,2.296e-10,0.438
FW_AS_rep_2,GCA_035451445.1,DAOTOR010000008.1,rnfB,42,5.267e-6,0.293
FW_AS_rep_2,GCA_035451445.1,DAOTOR010000057.1,fadB,154,7.539e-43,0.305
FW_AS_rep_2,GCA_035451445.1,DAOTOR010000081.1,cazy_GH13,130,8.342e-33,0.314
FW_AS_rep_2,GCA_035451445.1,DAOTOR010000015.1,ackA,100,1.696e-24,0.291
FW_AS_rep_2,GCA_035451445.1,DAOTOR010000002.1,mvhG,102,8.678e-28,0.388
FW_AS_rep_2,GCA_035451445.1,DAOTOR010000007.1,susC,628,9.959e-195,0.382
FW_AS_rep_2,GCA_035451445.1,DAOTOR010000018.1,fhs,679,8.486e-220,0.597
FW_AS_rep_2,GCA_035451445.1,DAOTOR010000093.1,cazy_GH13,53,3.457e-9,0.273
FW_AS_rep_2,GCA_035451445.1,DAOTOR010000018.1,frhG,45,8.222e-7,0.441
FW_AS_rep_2,GCA_035451445.1,DAOTOR010000050.1,gdh,560,1.204e-180,0.603
FW_AS_rep_2,GCA_035451445.1,DAOTOR010000028.1,ilvE,242,1.229e-72,0.416
FW_AS_rep_2,GCA_035451445.1,DAOTOR010000022.1,pepT,82,2.903e-18,0.286
FW_AS_rep_2,GCA_035451445.1,DAOTOR010000033.1,pepN,104,8.37e-25,0.257
FW_AS_rep_2,GCA_035451445.1,DAOTOR010000015.1,susC,364,4.206e-105,0.294
FW_AS_rep_2,GCA_035451445.1,DAOTOR010000028.1,susC,89,4.001e-20,0.293
FW_AS_rep_2,GCA_035451445.1,DAOTOR010000103.1,acs,184,5.282e-51,0.29
FW_AS_rep_2,GCA_035451445.1,DAOTOR010000034.1,endopeptidase,42,9.995e-6,0.328
FW_AS_rep_2,GCA_035451445.1,DAOTOR010000008.1,fdhA,66,2.24e-13,0.382
FW_AS_rep_2,GCA_035451445.1,DAOTOR010000068.1,adh,66,3.893e-14,0.336
FW_AS_rep_2,GCA_035451445.1,DAOTOR010000002.1,frhB,42,6.554e-6,0.415
FW_AS_rep_2,GCA_035451445.1,DAOTOR010000011.1,adh,71,9.726e-16,0.305
FW_AS_rep_2,GCA_035451445.1,DAOTOR010000002.1,mvhD,194,1.483e-59,0.58
FW_AS_rep_2,GCA_035451445.1,DAOTOR010000014.1,bcd,177,2.445e-48,0.332
FW_AS_rep_2,GCA_035451445.1,DAOTOR010000022.1,pepD,501,1.629e-159,0.51
FW_AS_rep_2,GCA_035451445.1,DAOTOR010000022.1,pepQ,139,1.173e-36,0.3
FW_AS_rep_2,GCA_035451445.1,DAOTOR010000002.1,fdhA,70,2.383e-14,0.481
FW_AS_rep_2,GCA_035451445.1,DAOTOR010000009.1,tdcB,194,1.984e-56,0.364
FW_AS_rep_2,GCA_035451445.1,DAOTOR010000023.1,fdhA,53,2.803e-9,0.426
FW_AS_rep_2,GCA_035451445.1,DAOTOR010000006.1,pfor,57,5.165e-11,0.29
FW_AS_rep_2,GCA_035451445.1,DAOTOR010000052.1,mvhD,72,2.106e-17,0.323
FW_AS_rep_2,GCA_035451445.1,DAOTOR010000005.1,susC,686,2.712e-214,0.394
FW_AS_rep_2,GCA_035451445.1,DAOTOR010000014.1,sucD,327,5.228e-103,0.57
FW_AS_rep_2,GCA_035451445.1,DAOTOR010000038.1,lctC,44,2.399e-6,0.333
FW_AS_rep_2,GCA_035451445.1,DAOTOR010000005.1,susD,219,7.096e-63,0.365
FW_AS_rep_2,GCA_035451445.1,DAOTOR010000015.1,pta,120,1.286e-31,0.355
FW_AS_rep_2,GCA_035451445.1,DAOTOR010000080.1,susD,220,9.127e-63,0.355
FW_AS_rep_2,GCA_035451445.1,DAOTOR010000001.1,pfkA,188,9.459e-54,0.366
FW_AS_rep_2,GCA_035451445.1,DAOTOR010000006.1,fadD,301,2.606e-89,0.356
FW_AS_rep_2,GCA_035451445.1,DAOTOR010000009.1,pepN,114,9.222e-28,0.275
FW_AS_rep_2,GCA_035451445.1,DAOTOR010000038.1,endopeptidase,42,1.389e-6,0.226
FW_AS_rep_2,GCA_035451445.1,DAOTOR010000064.1,dtpT,103,8.134e-25,0.252
FW_AS_rep_2,GCA_035451445.1,DAOTOR010000055.1,acylglycerol_lipase,47,6.249e-8,0.282
FW_AS_rep_2,GCA_035451445.1,DAOTOR010000011.1,susD,87,1.314e-19,0.266
FW_AS_rep_2,GCA_035451445.1,DAOTOR010000006.1,mmcE,515,1.484e-160,0.536
FW_AS_rep_2,GCA_035451445.1,DAOTOR010000003.1,endopeptidase,225,1.056e-65,0.368
FW_AS_rep_2,GCA_035451445.1,DAOTOR010000024.1,fadA,303,1.035e-92,0.456
FW_AS_rep_2,GCA_035451445.1,DAOTOR010000006.1,frhB,41,6.178e-8,0.387
FW_AS_rep_2,GCA_035451445.1,DAOTOR010000057.1,hbd,225,6.039e-67,0.392
FW_AS_rep_2,GCA_035451445.1,DAOTOR010000011.1,susC,699,2.901e-219,0.413
FW_AS_rep_2,GCA_035451445.1,DAOTOR010000008.1,cdhC,43,4.351e-6,0.262
FW_AS_rep_2,GCA_035451445.1,DAOTOR010000002.1,gapA,361,5.067e-114,0.547
FW_AS_rep_2,GCA_035451445.1,DAOTOR010000081.1,agl,80,1.416e-17,0.315
FW_AS_rep_2,GCA_035451445.1,DAOTOR010000024.1,cat,218,3.107e-66,0.529
FW_AS_rep_2,GCA_035451445.1,DAOTOR010000024.1,thl,283,8.435e-86,0.435
FW_AS_rep_2,GCA_035451445.1,DAOTOR010000019.1,cazy_GH13,150,2.1e-39,0.321
FW_AS_rep_2,GCA_035451445.1,DAOTOR010000017.1,dtpT,186,1.155e-50,0.285
FW_AS_rep_2,GCA_035451445.1,DAOTOR010000054.1,endopeptidase,231,3.468e-66,0.401
FW_AS_rep_2,GCA_035451445.1,DAOTOR010000047.1,pepN,106,2.307e-25,0.243
FW_AS_rep_2,GCA_035451445.1,DAOTOR010000043.1,rnfB,95,2.155e-23,0.321
FW_AS_rep_2,GCA_035451445.1,DAOTOR010000085.1,lctC,361,1.113e-111,0.465
FW_AS_rep_2,GCA_035451445.1,DAOTOR010000007.1,susD,239,1.745e-69,0.363
FW_AS_rep_2,GCA_035451445.1,DAOTOR010000043.1,adhE,108,6.137e-27,0.249
FW_AS_rep_2,GCA_035451445.1,DAOTOR010000035.1,pfkA,93,4.299e-22,0.302
FW_AS_rep_2,GCA_035451445.1,DAOTOR010000067.1,sucD,101,1.57e-24,0.443
FW_AS_rep_2,GCA_035451445.1,DAOTOR010000103.1,fadD,160,6.08e-43,0.289
FW_AS_rep_2,GCA_035451445.1,DAOTOR010000027.1,lctC,47,3.905e-8,0.256
FW_AS_rep_2,GCA_035451445.1,DAOTOR010000011.1,gdh,65,3.783e-13,0.539
FW_AS_rep_2,GCA_035451445.1,DAOTOR010000050.1,pepA,282,4.53e-84,0.452
FW_AS_rep_2,GCA_035451445.1,DAOTOR010000002.1,pepQ,60,3.849e-12,0.277
FW_AS_rep_2,GCA_035451445.1,DAOTOR010000045.1,gapA,278,4.953e-85,0.421
FW_AS_rep_2,GCA_035451445.1,DAOTOR010000002.1,folD,302,3.751e-94,0.55
FW_AS_rep_2,GCA_035451445.1,DAOTOR010000006.1,cazy_GH13,66,5.721e-13,0.242
FW_AS_rep_2,GCA_035451445.1,DAOTOR010000014.1,etfA,214,3.119e-63,0.395
FW_AS_rep_2,GCA_035451445.1,DAOTOR010000014.1,fadE,164,5.666e-44,0.344
FW_AS_rep_2,GCA_035451445.1,DAOTOR010000022.1,fadD,331,4.101e-99,0.386
FW_AS_rep_2,GCA_035451445.1,DAOTOR010000037.1,cazy_GH43,70,1.405e-14,0.261
FW_AS_rep_2,GCA_937873755.1,CALMZB010000029.1,susD,149,2.525e-39,0.276
FW_AS_rep_2,GCA_937873755.1,CALMZB010000021.1,xylB,74,8.401e-16,0.268
FW_AS_rep_2,GCA_937873755.1,CALMZB010000007.1,fadD,243,3.614e-69,0.321
FW_AS_rep_2,GCA_937873755.1,CALMZB010000033.1,susD,169,4.272e-46,0.332
FW_AS_rep_2,GCA_937873755.1,CALMZB010000023.1,frhB,51,3.976e-9,0.403
FW_AS_rep_2,GCA_937873755.1,CALMZB010000012.1,mmcG,64,1.505e-14,0.25
FW_AS_rep_2,GCA_937873755.1,CALMZB010000016.1,pfor,59,1.299e-11,0.262
FW_AS_rep_2,GCA_937873755.1,CALMZB010000031.1,hydA,494,7.003e-155,0.445
FW_AS_rep_2,GCA_937873755.1,CALMZB010000007.1,frhG,44,1.036e-6,0.368
FW_AS_rep_2,GCA_937873755.1,CALMZB010000029.1,susC,683,4.204e-213,0.395
FW_AS_rep_2,GCA_937873755.1,CALMZB010000052.1,acs,77,1.017e-16,0.231
FW_AS_rep_2,GCA_937873755.1,CALMZB010000047.1,frhG,49,1.306e-8,0.428
FW_AS_rep_2,GCA_937873755.1,CALMZB010000046.1,susD,147,7.626e-39,0.283
FW_AS_rep_2,GCA_937873755.1,CALMZB010000066.1,susC,543,4.094e-165,0.354
FW_AS_rep_2,GCA_937873755.1,CALMZB010000038.1,susC,729,2.56e-229,0.423
FW_AS_rep_2,GCA_937873755.1,CALMZB010000022.1,fadD,157,3.573e-42,0.291
FW_AS_rep_2,GCA_937873755.1,CALMZB010000051.1,susC,724,7.468e-228,0.444
FW_AS_rep_2,GCA_937873755.1,CALMZB010000007.1,acs,66,4.342e-13,0.268
FW_AS_rep_2,GCA_937873755.1,CALMZB010000027.1,ackA,399,8.043e-126,0.521
FW_AS_rep_2,GCA_937873755.1,CALMZB010000008.1,susC,314,1.799e-89,0.271
FW_AS_rep_2,GCA_937873755.1,CALMZB010000011.1,pepQ,177,4.363e-48,0.311
FW_AS_rep_2,GCA_937873755.1,CALMZB010000031.1,susC,557,3.075e-170,0.352
FW_AS_rep_2,GCA_937873755.1,CALMZB010000038.1,frhB,44,4.165e-9,0.477
FW_AS_rep_2,GCA_937873755.1,CALMZB010000031.1,extracellular_protease,97,6.861e-23,0.308
FW_AS_rep_2,GCA_937873755.1,CALMZB010000049.1,pgi,89,1.966e-20,0.271
FW_AS_rep_2,GCA_937873755.1,CALMZB010000066.1,frhB,46,1.108e-7,0.349
FW_AS_rep_2,GCA_937873755.1,CALMZB010000023.1,etfB,142,5.294e-39,0.42
FW_AS_rep_2,GCA_937873755.1,CALMZB010000051.1,agl,98,1.51e-23,0.26
FW_AS_rep_2,GCA_937873755.1,CALMZB010000055.1,susC,72,1.266e-14,0.299
FW_AS_rep_2,GCA_937873755.1,CALMZB010000003.1,susC,593,2.413e-182,0.389
FW_AS_rep_2,GCA_937873755.1,CALMZB010000060.1,esterase,247,7.576e-72,0.362
FW_AS_rep_2,GCA_937873755.1,CALMZB010000031.1,fadD,322,3.976e-96,0.359
FW_AS_rep_2,GCA_937873755.1,CALMZB010000035.1,endopeptidase,214,6.215e-62,0.385
FW_AS_rep_2,GCA_937873755.1,CALMZB010000036.1,acylglycerol_lipase,41,7.011e-6,0.249
FW_AS_rep_2,GCA_937873755.1,CALMZB010000007.1,pyk,324,1.428e-98,0.437
FW_AS_rep_2,GCA_937873755.1,CALMZB010000059.1,susC,65,8.462e-13,0.391
FW_AS_rep_2,GCA_937873755.1,CALMZB010000024.1,fadE,153,3.936e-41,0.346
FW_AS_rep_2,GCA_937873755.1,CALMZB010000012.1,gdh,556,4.349e-179,0.604
FW_AS_rep_2,GCA_937873755.1,CALMZB010000035.1,pepD,211,1.437e-63,0.514
FW_AS_rep_2,GCA_937873755.1,CALMZB010000031.1,adhE,128,1.693e-33,0.325
FW_AS_rep_2,GCA_937873755.1,CALMZB010000027.1,folD,300,1.35e-93,0.538
FW_AS_rep_2,GCA_937873755.1,CALMZB010000031.1,rnfB,46,3.179e-7,0.361
FW_AS_rep_2,GCA_937873755.1,CALMZB010000066.1,susD,135,1.353e-34,0.258
FW_AS_rep_2,GCA_937873755.1,CALMZB010000032.1,frhG,40,8.308e-6,0.272
FW_AS_rep_2,GCA_937873755.1,CALMZB010000002.1,mmcE,498,1.11e-154,0.428
FW_AS_rep_2,GCA_937873755.1,CALMZB010000060.1,adh,46,1.37e-7,0.209
FW_AS_rep_2,GCA_937873755.1,CALMZB010000032.1,frhB,48,2.928e-8,0.271
FW_AS_rep_2,GCA_937873755.1,CALMZB010000051.1,esterase,43,3.077e-6,0.263
FW_AS_rep_2,GCA_937873755.1,CALMZB010000004.1,gapA,312,6.89e-97,0.495
FW_AS_rep_2,GCA_937873755.1,CALMZB010000003.1,cazy_GH10,281,1.424e-85,0.433
FW_AS_rep_2,GCA_937873755.1,CALMZB010000030.1,susD,117,3.941e-29,0.258
FW_AS_rep_2,GCA_937873755.1,CALMZB010000032.1,pfkA,153,3.506e-41,0.336
FW_AS_rep_2,GCA_937873755.1,CALMZB010000030.1,pfkA,228,1.369e-67,0.436
FW_AS_rep_2,GCA_937873755.1,CALMZB010000025.1,susC,120,7.782e-32,0.339
FW_AS_rep_2,GCA_937873755.1,CALMZB010000052.1,fadD,261,1.935e-76,0.358
FW_AS_rep_2,GCA_937873755.1,CALMZB010000029.1,cazy_GH9,90,9.297e-21,0.288
FW_AS_rep_2,GCA_937873755.1,CALMZB010000011.1,susC,695,2.744e-217,0.413
FW_AS_rep_2,GCA_937873755.1,CALMZB010000058.1,susC,315,1.999e-89,0.285
FW_AS_rep_2,GCA_937873755.1,CALMZB010000044.1,pepQ,108,2.028e-26,0.282
FW_AS_rep_2,GCA_937873755.1,CALMZB010000031.1,pepT,244,1.888e-72,0.409
FW_AS_rep_2,GCA_937873755.1,CALMZB010000045.1,pepN,197,3.378e-53,0.319
FW_AS_rep_2,GCA_937873755.1,CALMZB010000023.1,etfA,207,7.363e-61,0.405
FW_AS_rep_2,GCA_937873755.1,CALMZB010000031.1,frhB,53,1.475e-9,0.428
FW_AS_rep_2,GCA_937873755.1,CALMZB010000007.1,susC,46,7.867e-7,0.283
FW_AS_rep_2,GCA_937873755.1,CALMZB010000030.1,susC,563,2.908e-171,0.372
FW_AS_rep_2,GCA_937873755.1,CALMZB010000004.1,adh,62,9.059e-13,0.283
FW_AS_rep_2,GCA_937873755.1,CALMZB010000030.1,pepQ,54,3.666e-10,0.265
FW_AS_rep_2,GCA_937873755.1,CALMZB010000048.1,ilvE,255,4.571e-77,0.429
FW_AS_rep_2,GCA_937873755.1,CALMZB010000021.1,susC,246,1.011e-67,0.255
FW_AS_rep_2,GCA_937873755.1,CALMZB010000002.1,susD,180,5.911e-50,0.334
FW_AS_rep_2,GCA_937873755.1,CALMZB010000051.1,cazy_GH13,157,1.458e-41,0.353
FW_AS_rep_2,GCA_937873755.1,CALMZB010000031.1,fdhA,68,5.871e-14,0.492
FW_AS_rep_2,GCA_937873755.1,CALMZB010000003.1,xylB,95,1.953e-22,0.272
FW_AS_rep_2,GCA_937873755.1,CALMZB010000034.1,agl,45,1.164e-6,0.51
FW_AS_rep_2,GCA_937873755.1,CALMZB010000035.1,pfkA,139,3.903e-37,0.302
FW_AS_rep_2,GCA_937873755.1,CALMZB010000007.1,mmcG,108,6.796e-30,0.403
FW_AS_rep_2,GCA_937873755.1,CALMZB010000058.1,dtpT,81,4.877e-18,0.252
FW_AS_rep_2,GCA_937873755.1,CALMZB010000021.1,adh,94,3.17e-23,0.318
FW_AS_rep_2,GCA_937873755.1,CALMZB010000023.1,pfkA,277,3.953e-85,0.501
FW_AS_rep_2,GCA_937873755.1,CALMZB010000055.1,dtpT,213,1.666e-59,0.322
FW_AS_rep_2,GCA_937873755.1,CALMZB010000046.1,susC,619,6.538e-192,0.385
FW_AS_rep_2,GCA_937873755.1,CALMZB010000062.1,gdh,51,4.924e-9,0.428
FW_AS_rep_2,GCA_937873755.1,CALMZB010000018.1,susC,451,1.016e-133,0.314
FW_AS_rep_2,GCA_937873755.1,CALMZB010000014.1,lctB,46,2.528e-7,0.27
FW_AS_rep_2,GCA_937873755.1,CALMZB010000002.1,tdcB,228,3.83e-68,0.441
FW_AS_rep_2,GCA_937873755.1,CALMZB010000002.1,mmcF,125,3.958e-31,0.488
FW_AS_rep_2,GCA_937873755.1,CALMZB010000060.1,susC,243,7.402e-67,0.266
FW_AS_rep_2,GCA_937873755.1,CALMZB010000046.1,lctB,45,9.534e-7,0.232
FW_AS_rep_2,GCA_937873755.1,CALMZB010000022.1,acs,128,1.082e-32,0.266
FW_AS_rep_2,GCA_937873755.1,CALMZB010000051.1,fumB,662,2.03e-214,0.621
FW_AS_rep_2,GCA_937873755.1,CALMZB010000056.1,acs,104,2.003e-25,0.286
FW_AS_rep_2,GCA_937873755.1,CALMZB010000003.1,xylA,501,6.656e-160,0.554
FW_AS_rep_2,GCA_937873755.1,CALMZB010000030.1,esterase,136,5.02e-35,0.265
FW_AS_rep_2,GCA_937873755.1,CALMZB010000047.1,frhB,46,1.703e-7,0.444
FW_AS_rep_2,GCA_937873755.1,CALMZB010000014.1,lctC,41,4.608e-6,0.247
FW_AS_rep_2,GCA_937873755.1,CALMZB010000031.1,susD,126,5.041e-32,0.297
FW_AS_rep_2,GCA_937873755.1,CALMZB010000066.1,rnfB,43,1.068e-6,0.371
FW_AS_rep_2,GCA_937873755.1,CALMZB010000045.1,lysophospholipase,67,3.869e-14,0.274
FW_AS_rep_2,GCA_937873755.1,CALMZB010000047.1,rnfB,83,1.144e-19,0.288
FW_AS_rep_2,GCA_937873755.1,CALMZB010000066.1,cazy_CBM6,61,9.371e-12,0.319
FW_AS_rep_2,GCA_937873755.1,CALMZB010000011.1,susD,198,2.843e-55,0.338
FW_AS_rep_2,GCA_937873755.1,CALMZB010000058.1,fhs,683,1.224e-220,0.614
FW_AS_rep_2,GCA_937873755.1,CALMZB010000007.1,pepD,451,3.025e-142,0.47
FW_AS_rep_2,GCA_937873755.1,CALMZB010000016.1,hydA,87,1.653e-19,0.265
FW_AS_rep_2,GCA_937873755.1,CALMZB010000016.1,rnfB,50,2.074e-8,0.406
FW_AS_rep_2,GCA_937873755.1,CALMZB010000055.1,pepD,514,5.127e-164,0.53
FW_AS_rep_2,GCA_937873755.1,CALMZB010000023.1,rnfB,42,3.365e-6,0.367
FW_AS_rep_2,GCA_937873755.1,CALMZB010000033.1,susC,575,3.254e-176,0.368
FW_AS_rep_2,GCA_937873755.1,CALMZB010000055.1,pepQ,136,1.9e-35,0.312
FW_AS_rep_2,GCA_937873755.1,CALMZB010000004.1,pfor,1414,0.0,0.609
FW_AS_rep_2,GCA_937873755.1,CALMZB010000027.1,pta,235,1.789e-70,0.453
FW_AS_rep_2,GCA_937873755.1,CALMZB010000038.1,susD,246,7.931e-72,0.392
FW_AS_rep_2,GCA_937873755.1,CALMZB010000045.1,acylglycerol_lipase,177,6.08e-51,0.396
FW_AS_rep_2,GCA_937873755.1,CALMZB010000024.1,bcd,177,4.056e-49,0.343
FW_AS_rep_2,GCA_937873755.1,CALMZB010000018.1,cazy_GH9,141,4.693e-36,0.261
FW_AS_rep_2,GCA_937873755.1,CALMZB010000062.1,pfor,48,1.164e-8,0.269
FW_AS_rep_2,GCA_937873755.1,CALMZB010000021.1,fdhA,269,1.755e-77,0.314
FW_AS_rep_2,GCA_937873755.1,CALMZB010000031.1,acs,53,2.981e-9,0.218
FW_AS_rep_2,GCA_937873755.1,CALMZB010000041.1,endopeptidase,246,1.76e-69,0.345
FW_AS_rep_2,GCA_937873755.1,CALMZB010000031.1,frhG,55,5.407e-10,0.397
FW_AS_rep_2,GCA_937873755.1,CALMZB010000002.1,susC,627,1.028e-194,0.394
FW_AS_rep_2,GCA_937873755.1,CALMZB010000066.1,cazy_GH43,116,9.041e-29,0.32
FW_AS_rep_2,GCA_937873755.1,CALMZB010000003.1,susD,97,1.232e-22,0.316
FW_AS_rep_2,GCA_937873755.1,CALMZB010000051.1,susD,94,7.761e-22,0.285
FW_AS_rep_2,GCA_035374025.1,DAOSOP010000003.1,pepN,156,3.284e-40,0.265
FW_AS_rep_2,GCA_035374025.1,DAOSOP010000013.1,cazy_GH13,150,8.677e-39,0.336
FW_AS_rep_2,GCA_035374025.1,DAOSOP010000027.1,extracellular_protease,143,6.737e-36,0.355
FW_AS_rep_2,GCA_035374025.1,DAOSOP010000005.1,extracellular_protease,126,4.801e-31,0.321
FW_AS_rep_2,GCA_035374025.1,DAOSOP010000021.1,fadE,294,4.832e-90,0.462
FW_AS_rep_2,GCA_035374025.1,DAOSOP010000025.1,pepT,82,1.253e-18,0.265
FW_AS_rep_2,GCA_035374025.1,DAOSOP010000034.1,mmcF,135,3.74e-34,0.552
FW_AS_rep_2,GCA_035374025.1,DAOSOP010000035.1,frhG,52,3.201e-9,0.365
FW_AS_rep_2,GCA_035374025.1,DAOSOP010000024.1,pepQ,140,3.196e-37,0.382
FW_AS_rep_2,GCA_035374025.1,DAOSOP010000025.1,rnfB,43,1.132e-7,0.368
FW_AS_rep_2,GCA_035374025.1,DAOSOP010000007.1,frhB,50,1.185e-8,0.38
FW_AS_rep_2,GCA_035374025.1,DAOSOP010000035.1,frhB,47,1.593e-7,0.333
FW_AS_rep_2,GCA_035374025.1,DAOSOP010000006.1,pfkA,184,1.053e-52,0.35
FW_AS_rep_2,GCA_035374025.1,DAOSOP010000011.1,pta,133,3.796e-36,0.358
FW_AS_rep_2,GCA_035374025.1,DAOSOP010000054.1,pepT,202,1.614e-58,0.375
FW_AS_rep_2,GCA_035374025.1,DAOSOP010000001.1,ackA,98,4.978e-24,0.274
FW_AS_rep_2,GCA_035374025.1,DAOSOP010000048.1,frhB,48,1.428e-10,0.413
FW_AS_rep_2,GCA_035374025.1,DAOSOP010000005.1,pfor,867,1.151e-279,0.562
FW_AS_rep_2,GCA_035374025.1,DAOSOP010000035.1,etfA,255,1.216e-75,0.455
FW_AS_rep_2,GCA_035374025.1,DAOSOP010000025.1,frhG,51,1.679e-10,0.433
FW_AS_rep_2,GCA_035374025.1,DAOSOP010000020.1,folD,253,3.626e-77,0.452
FW_AS_rep_2,GCA_035374025.1,DAOSOP010000016.1,gdh,51,8.518e-9,0.454
FW_AS_rep_2,GCA_035374025.1,DAOSOP010000034.1,mmcE,533,2.001e-166,0.539
FW_AS_rep_2,GCA_035374025.1,DAOSOP010000007.1,hydA,498,1.734e-156,0.451
FW_AS_rep_2,GCA_035374025.1,DAOSOP010000003.1,gapA,132,1.431e-34,0.308
FW_AS_rep_2,GCA_035374025.1,DAOSOP010000003.1,frhG,49,1.738e-8,0.379
FW_AS_rep_2,GCA_035374025.1,DAOSOP010000035.1,rnfB,45,4.86e-7,0.352
FW_AS_rep_2,GCA_035374025.1,DAOSOP010000073.1,frhG,46,3.766e-8,0.414
FW_AS_rep_2,GCA_035374025.1,DAOSOP010000019.1,hydA,80,3.453e-17,0.397
FW_AS_rep_2,GCA_035374025.1,DAOSOP010000007.1,frhG,49,3.586e-8,0.433
FW_AS_rep_2,GCA_035374025.1,DAOSOP010000073.1,frhB,48,6.198e-9,0.389
FW_AS_rep_2,GCA_035374025.1,DAOSOP010000048.1,rnfB,40,1.621e-7,0.354
FW_AS_rep_2,GCA_035374025.1,DAOSOP010000062.1,extracellular_protease,155,1.187e-39,0.359
FW_AS_rep_2,GCA_035374025.1,DAOSOP010000027.1,fwdA,42,5.747e-6,0.358
FW_AS_rep_2,GCA_035374025.1,DAOSOP010000003.1,rnfB,112,2.855e-29,0.378
FW_AS_rep_2,GCA_035374025.1,DAOSOP010000007.1,fdhA,55,7.237e-10,0.339
FW_AS_rep_2,GCA_035374025.1,DAOSOP010000007.1,gdh,617,2.835e-200,0.665
FW_AS_rep_2,GCA_035374025.1,DAOSOP010000007.1,rnfB,54,1.701e-9,0.357
FW_AS_rep_2,GCA_035374025.1,DAOSOP010000005.1,mmcG,111,2.971e-31,0.43
FW_AS_rep_2,GCA_035374025.1,DAOSOP010000048.1,frhG,50,3.981e-11,0.434
FW_AS_rep_2,GCA_035374025.1,DAOSOP010000009.1,pepA,349,6.122e-107,0.436
FW_AS_rep_2,GCA_035374025.1,DAOSOP010000019.1,fdhA,84,2.891e-18,0.265
FW_AS_rep_2,GCA_035374025.1,DAOSOP010000042.1,etfB,155,4.144e-44,0.413
FW_AS_rep_2,GCA_035374025.1,DAOSOP010000006.1,pta,226,6.275e-67,0.435
FW_AS_rep_2,GCA_035374025.1,DAOSOP010000054.1,pepD,96,4.755e-23,0.274
FW_AS_rep_2,GCA_035374025.1,DAOSOP010000048.1,hydA,53,4.263e-12,0.418
FW_AS_rep_2,GCA_035374025.1,DAOSOP010000025.1,frhB,43,1.132e-7,0.365
FW_AS_rep_2,GCA_035374025.1,DAOSOP010000015.1,gapA,349,8.965e-110,0.549
FW_AS_rep_2,GCA_035374025.1,DAOSOP010000004.1,extracellular_protease,129,8.673e-32,0.35
FW_AS_rep_2,GCA_035374025.1,DAOSOP010000013.1,agl,91,1.049e-20,0.238
FW_AS_rep_2,GCA_035374025.1,DAOSOP010000080.1,ackA,415,5.407e-131,0.549
FW_AS_rep_2,GCA_035374025.1,DAOSOP010000039.1,pepQ,75,3.617e-17,0.304
FW_AS_rep_2,GCA_035374025.1,DAOSOP010000035.1,hydA,46,2.105e-7,0.262
FW_AS_rep_2,GCA_035374025.1,DAOSOP010000034.1,thl,416,8.674e-132,0.571
FW_AS_rep_2,GCA_035374025.1,DAOSOP010000003.1,hydA,48,4.094e-8,0.32
FW_AS_rep_2,GCA_035374025.1,DAOSOP010000003.1,frhB,48,2.313e-8,0.372
FW_AS_rep_2,GCA_035374025.1,DAOSOP010000012.1,cat,308,1.27e-97,0.682
FW_AS_rep_2,GCA_035374025.1,DAOSOP010000015.1,frhG,48,6.712e-8,0.4
FW_AS_rep_2,GCA_035374025.1,DAOSOP010000086.1,sucD,62,4.818e-12,0.24
FW_AS_rep_2,GCA_035374025.1,DAOSOP010000002.1,pgi,109,4.186e-27,0.308
FW_AS_rep_2,GCA_035374025.1,DAOSOP010000012.1,fumB,115,3.015e-30,0.311
FW_AS_rep_2,GCA_035374025.1,DAOSOP010000021.1,bcd,326,4.744e-101,0.458
FW_AS_rep_2,GCA_035374025.1,DAOSOP010000003.1,adhE,134,1.287e-35,0.304
FW_AS_rep_2,GCA_035374025.1,DAOSOP010000019.1,rnfB,55,9.107e-10,0.431
FW_AS_rep_2,GCA_035374025.1,DAOSOP010000042.1,etfA,98,8.418e-25,0.323
FW_AS_rep_2,GCA_035374025.1,DAOSOP010000034.1,fadA,327,3.717e-101,0.478
FW_AS_rep_2,GCA_035352255.1,DAOPXL010000171.1,dppA,60,4.603e-13,0.403
FW_AS_rep_2,GCA_035352255.1,DAOPXL010000171.1,oppA,68,1.287e-15,0.349
FW_AS_rep_2,GCA_035352255.1,DAOPXL010000003.1,oppB,250,4.968e-76,0.464
FW_AS_rep_2,GCA_035352255.1,DAOPXL010000116.1,fwdA,45,5.305e-7,0.339
FW_AS_rep_2,GCA_035352255.1,DAOPXL010000205.1,oppA,82,3.062e-18,0.264
FW_AS_rep_2,GCA_035352255.1,DAOPXL010000017.1,adhE,150,9.903e-41,0.31
FW_AS_rep_2,GCA_035352255.1,DAOPXL010000244.1,pepT,212,1.358e-61,0.383
FW_AS_rep_2,GCA_035352255.1,DAOPXL010000368.1,rnfB,48,1.482e-7,0.375
FW_AS_rep_2,GCA_035352255.1,DAOPXL010000073.1,oppA,89,2.056e-21,0.275
FW_AS_rep_2,GCA_035352255.1,DAOPXL010000196.1,esterase,53,5.478e-10,0.339
FW_AS_rep_2,GCA_035352255.1,DAOPXL010000057.1,folD,313,4.693e-98,0.567
FW_AS_rep_2,GCA_035352255.1,DAOPXL010000255.1,hydA,160,2.372e-46,0.385
FW_AS_rep_2,GCA_035352255.1,DAOPXL010000001.1,dppB,162,1.277e-45,0.348
FW_AS_rep_2,GCA_035352255.1,DAOPXL010000030.1,oppB,289,1.915e-89,0.505
FW_AS_rep_2,GCA_035352255.1,DAOPXL010000001.1,oppB,197,1.581e-56,0.412
FW_AS_rep_2,GCA_035352255.1,DAOPXL010000368.1,frhB,44,2.361e-6,0.354
FW_AS_rep_2,GCA_035352255.1,DAOPXL010000099.1,ackA,311,3.962e-95,0.421
FW_AS_rep_2,GCA_035352255.1,DAOPXL010000206.1,cazy_GH13,175,1.132e-47,0.356
FW_AS_rep_2,GCA_035352255.1,DAOPXL010000078.1,etfB,53,1.031e-11,0.402
FW_AS_rep_2,GCA_035352255.1,DAOPXL010000192.1,mvhG,53,2.051e-10,0.234
FW_AS_rep_2,GCA_035352255.1,DAOPXL010000192.1,frhG,57,1.381e-11,0.315
FW_AS_rep_2,GCA_035352255.1,DAOPXL010000011.1,adhE,130,5.256e-37,0.398
FW_AS_rep_2,GCA_035352255.1,DAOPXL010000232.1,oppB,218,2.291e-65,0.404
FW_AS_rep_2,GCA_035352255.1,DAOPXL010000003.1,dppA,198,1.168e-55,0.291
FW_AS_rep_2,GCA_035352255.1,DAOPXL010000170.1,thl,81,3.187e-18,0.272
FW_AS_rep_2,GCA_035352255.1,DAOPXL010000357.1,dppA,82,1.376e-19,0.292
FW_AS_rep_2,GCA_035352255.1,DAOPXL010000325.1,xylB,139,8.384e-37,0.31
FW_AS_rep_2,GCA_035352255.1,DAOPXL010000073.1,dppC,240,6.513e-73,0.423
FW_AS_rep_2,GCA_035352255.1,DAOPXL010000357.1,oppA,116,4.848e-31,0.324
FW_AS_rep_2,GCA_035352255.1,DAOPXL010000001.1,dppC,162,8.194e-45,0.358
FW_AS_rep_2,GCA_035352255.1,DAOPXL010000274.1,tdcB,146,1.729e-40,0.345
FW_AS_rep_2,GCA_035352255.1,DAOPXL010000347.1,etfA,191,1.428e-54,0.353
FW_AS_rep_2,GCA_035352255.1,DAOPXL010000104.1,dppB,86,6.436e-22,0.335
FW_AS_rep_2,GCA_035352255.1,DAOPXL010000003.1,dppC,98,1.722e-26,0.46
FW_AS_rep_2,GCA_035352255.1,DAOPXL010000092.1,adhE,181,1.605e-53,0.428
FW_AS_rep_2,GCA_035352255.1,DAOPXL010000165.1,cazy_GH13,213,4.258e-60,0.38
FW_AS_rep_2,GCA_035352255.1,DAOPXL010000091.1,frhG,43,7.176e-9,0.369
FW_AS_rep_2,GCA_035352255.1,DAOPXL010000232.1,dppC,246,9.461e-75,0.452
FW_AS_rep_2,GCA_035352255.1,DAOPXL010000111.1,bgl,137,5.534e-37,0.309
FW_AS_rep_2,GCA_035352255.1,DAOPXL010000334.1,oppA,43,5.847e-7,0.272
FW_AS_rep_2,GCA_035352255.1,DAOPXL010000348.1,cazy_GH13,77,1.472e-16,0.252
FW_AS_rep_2,GCA_035352255.1,DAOPXL010000247.1,frhB,44,8.318e-7,0.414
FW_AS_rep_2,GCA_035352255.1,DAOPXL010000144.1,sucC,249,1.32e-74,0.362
FW_AS_rep_2,GCA_035352255.1,DAOPXL010000107.1,agl,226,8.953e-65,0.331
FW_AS_rep_2,GCA_035352255.1,DAOPXL010000013.1,gapA,344,1.365e-107,0.538
FW_AS_rep_2,GCA_035352255.1,DAOPXL010000073.1,dppA,109,2.085e-28,0.282
FW_AS_rep_2,GCA_035352255.1,DAOPXL010000001.1,oppA,64,1.758e-12,0.264
FW_AS_rep_2,GCA_035352255.1,DAOPXL010000003.1,dppB,273,6.376e-84,0.469
FW_AS_rep_2,GCA_035352255.1,DAOPXL010000068.1,dppA,214,4.837e-60,0.292
FW_AS_rep_2,GCA_035352255.1,DAOPXL010000146.1,dppA,47,2.985e-9,0.333
FW_AS_rep_2,GCA_035352255.1,DAOPXL010000048.1,hydA,44,1.34e-8,0.309
FW_AS_rep_2,GCA_035352255.1,DAOPXL010000054.1,frhB,47,3.689e-7,0.368
FW_AS_rep_2,GCA_035352255.1,DAOPXL010000150.1,sucD,48,2.289e-8,0.307
FW_AS_rep_2,GCA_035352255.1,DAOPXL010000004.1,pfor,1342,0.0,0.652
FW_AS_rep_2,GCA_035352255.1,DAOPXL010000079.1,pepT,44,7.746e-7,0.282
FW_AS_rep_2,GCA_035352255.1,DAOPXL010000280.1,oppA,136,1.526e-37,0.341
FW_AS_rep_2,GCA_035352255.1,DAOPXL010000411.1,pfkA,47,9.031e-8,0.287
FW_AS_rep_2,GCA_035352255.1,DAOPXL010000157.1,pepT,215,7.317e-63,0.392
FW_AS_rep_2,GCA_035352255.1,DAOPXL010000104.1,dppC,111,1.418e-27,0.302
FW_AS_rep_2,GCA_035352255.1,DAOPXL010000003.1,oppA,140,1.288e-36,0.267
FW_AS_rep_2,GCA_035352255.1,DAOPXL010000323.1,fwdA,47,1.269e-7,0.218
FW_AS_rep_2,GCA_035352255.1,DAOPXL010000073.1,oppB,210,3.096e-62,0.4
FW_AS_rep_2,GCA_035352255.1,DAOPXL010000280.1,dppA,96,5.189e-24,0.302
FW_AS_rep_2,GCA_035352255.1,DAOPXL010000290.1,sucD,120,3.932e-34,0.496
FW_AS_rep_2,GCA_035352255.1,DAOPXL010000104.1,oppB,123,2.37e-31,0.359
FW_AS_rep_2,GCA_035352255.1,DAOPXL010000267.1,fwdA,41,3.297e-6,0.363
FW_AS_rep_2,GCA_035352255.1,DAOPXL010000102.1,dppA,98,2.836e-23,0.259
FW_AS_rep_2,GCA_035352255.1,DAOPXL010000091.1,hydA,42,1.875e-8,0.403
FW_AS_rep_2,GCA_035352255.1,DAOPXL010000046.1,fdhA,48,5.391e-9,0.324
FW_AS_rep_2,GCA_035352255.1,DAOPXL010000362.1,pfkA,262,1.086e-79,0.474
FW_AS_rep_2,GCA_035352255.1,DAOPXL010000015.1,fwdA,44,1.567e-6,0.377
FW_AS_rep_2,GCA_035352255.1,DAOPXL010000039.1,pfor,49,2.291e-9,0.302
FW_AS_rep_2,GCA_035352255.1,DAOPXL010000129.1,dppC,195,3.264e-59,0.53
FW_AS_rep_2,GCA_035352255.1,DAOPXL010000206.1,agl,235,2.98e-67,0.339
FW_AS_rep_2,GCA_035352255.1,DAOPXL010000073.1,dppB,231,1.971e-69,0.39
FW_AS_rep_2,GCA_035352255.1,DAOPXL010000030.1,dppA,308,4.74e-92,0.365
FW_AS_rep_2,GCA_035352255.1,DAOPXL010000039.1,frhG,40,2.586e-6,0.404
FW_AS_rep_2,GCA_035352255.1,DAOPXL010000091.1,frhB,50,3.126e-11,0.456
FW_AS_rep_2,GCA_035352255.1,DAOPXL010000011.1,cazy_GH13,173,1.751e-46,0.36
FW_AS_rep_2,GCA_035352255.1,DAOPXL010000054.1,hydA,89,1.987e-20,0.307
FW_AS_rep_2,GCA_035352255.1,DAOPXL010000039.1,frhB,45,4.927e-8,0.423
FW_AS_rep_2,GCA_035352255.1,DAOPXL010000048.1,pfor,55,2.996e-10,0.25
FW_AS_rep_2,GCA_035352255.1,DAOPXL010000253.1,pepA,350,5.119e-108,0.428
FW_AS_rep_2,GCA_035352255.1,DAOPXL010000011.1,agl,115,4.148e-28,0.265
FW_AS_rep_2,GCA_035352255.1,DAOPXL010000039.1,hydA,41,7.675e-7,0.23
FW_AS_rep_2,GCA_035352255.1,DAOPXL010000072.1,pepQ,148,4.522e-40,0.32
FW_AS_rep_2,GCA_035352255.1,DAOPXL010000314.1,pfkA,48,2.835e-9,0.375
FW_AS_rep_2,GCA_035352255.1,DAOPXL010000027.1,hydA,55,9.98e-11,0.416
FW_AS_rep_2,GCA_035352255.1,DAOPXL010000136.1,adhE,169,3.097e-47,0.316
FW_AS_rep_2,GCA_035352255.1,DAOPXL010000046.1,frhG,42,5.427e-6,0.407
FW_AS_rep_2,GCA_035352255.1,DAOPXL010000068.1,oppA,274,2.396e-80,0.333
FW_AS_rep_2,GCA_035352255.1,DAOPXL010000247.1,frhG,47,8.808e-8,0.326
FW_AS_rep_2,GCA_035352255.1,DAOPXL010000028.1,pepN,71,1.046e-14,0.28
FW_AS_rep_2,GCA_035352255.1,DAOPXL010000347.1,etfB,87,1.304e-21,0.348
FW_AS_rep_2,GCA_035352255.1,DAOPXL010000027.1,frhG,42,1.124e-6,0.345
FW_AS_rep_2,GCA_035352255.1,DAOPXL010000030.1,dppC,293,8.295e-91,0.503
FW_AS_rep_2,GCA_035352255.1,DAOPXL010000165.1,agl,276,1.347e-81,0.394
FW_AS_rep_2,GCA_035352255.1,DAOPXL010000416.1,xylA,172,3.574e-52,0.546
FW_AS_rep_2,GCA_035352255.1,DAOPXL010000001.1,dppA,44,1.822e-6,0.244
FW_AS_rep_2,GCA_035352255.1,DAOPXL010000008.1,pfkA,165,9.215e-46,0.319
FW_AS_rep_2,GCA_035352255.1,DAOPXL010000039.1,rnfB,46,2.671e-8,0.342
FW_AS_rep_2,GCA_035352255.1,DAOPXL010000054.1,frhG,50,5.368e-8,0.33
FW_AS_rep_2,GCA_035352255.1,DAOPXL010000027.1,frhB,50,4.527e-9,0.411
FW_AS_rep_2,GCA_035352255.1,DAOPXL010000129.1,oppB,186,2.438e-56,0.521
FW_AS_rep_2,GCA_035352255.1,DAOPXL010000048.1,ilvE,306,1.811e-94,0.472
FW_AS_rep_2,GCA_035352255.1,DAOPXL010000258.1,dtpT,44,1.294e-6,0.359
FW_AS_rep_2,GCA_035352255.1,DAOPXL010000102.1,oppA,112,8.941e-28,0.283
FW_AS_rep_2,GCA_035352255.1,DAOPXL010000325.1,xylF,153,7.5e-43,0.382
FW_AS_rep_2,GCA_035352255.1,DAOPXL010000394.1,bgl,77,1.838e-19,0.359
FW_AS_rep_2,GCA_035352255.1,DAOPXL010000205.1,gdh,441,8.714e-140,0.524
FW_AS_rep_2,GCA_035352255.1,DAOPXL010000233.1,acs,291,1.042e-86,0.384
FW_AS_rep_2,GCA_035352255.1,DAOPXL010000078.1,etfA,44,2.08e-8,0.321
FW_AS_rep_2,GCA_035352255.1,DAOPXL010000247.1,rnfB,51,5.295e-9,0.4
FW_AS_rep_2,GCA_035352255.1,DAOPXL010000030.1,oppA,339,2.18e-102,0.402
FW_AS_rep_2,GCA_035352255.1,DAOPXL010000269.1,pfkA,145,3.946e-41,0.382
FW_AS_rep_2,GCA_035352255.1,DAOPXL010000232.1,dppB,226,4.063e-68,0.386
FW_AS_rep_2,GCA_035352255.1,DAOPXL010000129.1,pepQ,82,1.075e-18,0.289
FW_AS_rep_2,GCA_035352255.1,DAOPXL010000021.1,pepQ,73,9.767e-16,0.238
FW_AS_rep_2,GCA_035352255.1,DAOPXL010000247.1,hydA,55,3.164e-10,0.297
FW_AS_rep_2,GCA_035352255.1,DAOPXL010000107.1,cazy_GH13,187,1.207e-51,0.358
FW_AS_rep_2,GCA_035352255.1,DAOPXL010000030.1,dppB,275,2.048e-84,0.478
FW_AS_rep_2,GCA_035352255.1,DAOPXL010000080.1,pgi,60,5.54e-11,0.286
FW_AS_rep_2,GCA_035352255.1,DAOPXL010000144.1,sucD,194,5.496e-58,0.484
FW_AS_rep_2,GCA_044230255.1,JBGARK010000004.1,lctB,73,1.769e-16,0.261
FW_AS_rep_2,GCA_044230255.1,JBGARK010000001.1,cat,259,1.03e-80,0.604
FW_AS_rep_2,GCA_044230255.1,JBGARK010000010.1,susC,703,2.033e-220,0.43
FW_AS_rep_2,GCA_044230255.1,JBGARK010000007.1,frhG,48,9.703e-9,0.274
FW_AS_rep_2,GCA_044230255.1,JBGARK010000007.1,etfA,197,1.216e-57,0.403
FW_AS_rep_2,GCA_044230255.1,JBGARK010000002.1,oppB,169,1.295e-47,0.355
FW_AS_rep_2,GCA_044230255.1,JBGARK010000009.1,bcd,365,1.016e-113,0.518
FW_AS_rep_2,GCA_044230255.1,JBGARK010000007.1,susC,689,5.436e-214,0.403
FW_AS_rep_2,GCA_044230255.1,JBGARK010000001.1,cazy_GH13,128,2.562e-32,0.316
FW_AS_rep_2,GCA_044230255.1,JBGARK010000004.1,fadD,224,1.415e-63,0.326
FW_AS_rep_2,GCA_044230255.1,JBGARK010000001.1,rnfB,42,4.222e-6,0.365
FW_AS_rep_2,GCA_044230255.1,JBGARK010000002.1,cazy_GH13,98,2.746e-23,0.294
FW_AS_rep_2,GCA_044230255.1,JBGARK010000003.1,mmcF,168,1.204e-50,0.606
FW_AS_rep_2,GCA_044230255.1,JBGARK010000006.1,lctC,384,1.92e-119,0.462
FW_AS_rep_2,GCA_044230255.1,JBGARK010000004.1,mmcE,285,9.052e-80,0.362
FW_AS_rep_2,GCA_044230255.1,JBGARK010000011.1,fdhA,44,2.9e-6,0.197
FW_AS_rep_2,GCA_044230255.1,JBGARK010000010.1,crt,57,1.96e-10,0.285
FW_AS_rep_2,GCA_044230255.1,JBGARK010000003.1,lysophospholipase,53,4.466e-10,0.277
FW_AS_rep_2,GCA_044230255.1,JBGARK010000006.1,adh,61,1.793e-12,0.278
FW_AS_rep_2,GCA_044230255.1,JBGARK010000003.1,cazy_GH43,60,2.498e-11,0.264
FW_AS_rep_2,GCA_044230255.1,JBGARK010000014.1,mdh,241,7.238e-73,0.443
FW_AS_rep_2,GCA_044230255.1,JBGARK010000008.1,fadD,49,1.965e-8,0.254
FW_AS_rep_2,GCA_044230255.1,JBGARK010000007.1,pfkA,286,6.932e-88,0.49
FW_AS_rep_2,GCA_044230255.1,JBGARK010000001.1,gdh,509,6.242e-162,0.56
FW_AS_rep_2,GCA_044230255.1,JBGARK010000001.1,frhG,41,7.375e-6,0.358
FW_AS_rep_2,GCA_044230255.1,JBGARK010000002.1,sucD,348,3.136e-110,0.615
FW_AS_rep_2,GCA_044230255.1,JBGARK010000007.1,etfB,132,2.058e-36,0.358
FW_AS_rep_2,GCA_044230255.1,JBGARK010000002.1,bcd,262,9.09e-79,0.389
FW_AS_rep_2,GCA_044230255.1,JBGARK010000008.1,susC,327,1.288e-93,0.296
FW_AS_rep_2,GCA_044230255.1,JBGARK010000003.1,thl,416,1.791e-131,0.56
FW_AS_rep_2,GCA_044230255.1,JBGARK010000001.1,pepN,49,7.883e-8,0.242
FW_AS_rep_2,GCA_044230255.1,JBGARK010000001.1,susD,129,5.463e-33,0.278
FW_AS_rep_2,GCA_044230255.1,JBGARK010000002.1,oppA,189,2.538e-52,0.304
FW_AS_rep_2,GCA_044230255.1,JBGARK010000009.1,extracellular_protease,122,1.598e-30,0.411
FW_AS_rep_2,GCA_044230255.1,JBGARK010000007.1,susD,205,5.082e-58,0.37
FW_AS_rep_2,GCA_044230255.1,JBGARK010000003.1,fdhA,48,5.068e-8,0.432
FW_AS_rep_2,GCA_044230255.1,JBGARK010000003.1,crt,200,1.722e-59,0.426
FW_AS_rep_2,GCA_044230255.1,JBGARK010000004.1,fadA,332,6.897e-103,0.47
FW_AS_rep_2,GCA_044230255.1,JBGARK010000001.1,susC,644,4.88e-200,0.405
FW_AS_rep_2,GCA_044230255.1,JBGARK010000010.1,etfA,44,1.779e-6,0.361
FW_AS_rep_2,GCA_044230255.1,JBGARK010000001.1,pfor,42,3.194e-6,0.279
FW_AS_rep_2,GCA_044230255.1,JBGARK010000004.1,crt,127,2.424e-34,0.332
FW_AS_rep_2,GCA_044230255.1,JBGARK010000001.1,sucC,363,9.327e-113,0.478
FW_AS_rep_2,GCA_044230255.1,JBGARK010000005.1,bcd,345,3.578e-107,0.466
FW_AS_rep_2,GCA_044230255.1,JBGARK010000004.1,fadB,139,9.196e-36,0.328
FW_AS_rep_2,GCA_044230255.1,JBGARK010000008.1,acs,61,5.751e-12,0.227
FW_AS_rep_2,GCA_044230255.1,JBGARK010000010.1,pepQ,138,2.575e-36,0.358
FW_AS_rep_2,GCA_044230255.1,JBGARK010000002.1,agl,79,2.302e-17,0.268
FW_AS_rep_2,GCA_044230255.1,JBGARK010000009.1,pta,162,1.363e-42,0.328
FW_AS_rep_2,GCA_044230255.1,JBGARK010000001.1,fwdA,46,3.785e-7,0.415
FW_AS_rep_2,GCA_044230255.1,JBGARK010000004.1,susC,86,2.454e-19,0.232
FW_AS_rep_2,GCA_044230255.1,JBGARK010000004.1,etfA,93,6.657e-23,0.296
FW_AS_rep_2,GCA_044230255.1,JBGARK010000002.1,pepT,234,8.302e-69,0.389
FW_AS_rep_2,GCA_044230255.1,JBGARK010000004.1,mmcG,104,9.061e-29,0.412
FW_AS_rep_2,GCA_044230255.1,JBGARK010000001.1,sucD,102,1.026e-24,0.446
FW_AS_rep_2,GCA_044230255.1,JBGARK010000007.1,gdh,58,4.322e-11,0.542
FW_AS_rep_2,GCA_044230255.1,JBGARK010000001.1,agl,83,2.648e-18,0.329
FW_AS_rep_2,GCA_044230255.1,JBGARK010000006.1,lctD,85,4.911e-21,0.316
FW_AS_rep_2,GCA_044230255.1,JBGARK010000002.1,susC,84,5.255e-19,0.298
FW_AS_rep_2,GCA_044230255.1,JBGARK010000003.1,etfA,163,1.323e-46,0.426
FW_AS_rep_2,GCA_044230255.1,JBGARK010000013.1,lctB,231,1.014e-70,0.445
FW_AS_rep_2,GCA_044230255.1,JBGARK010000003.1,fadA,349,3.013e-108,0.503
FW_AS_rep_2,GCA_044230255.1,JBGARK010000003.1,hbd,85,1.055e-20,0.435
FW_AS_rep_2,GCA_044230255.1,JBGARK010000004.1,dtpT,324,1.792e-97,0.37
FW_AS_rep_2,GCA_044230255.1,JBGARK010000009.1,fadE,268,2.245e-80,0.425
FW_AS_rep_2,GCA_044230255.1,JBGARK010000010.1,susD,172,1.313e-47,0.347
FW_AS_rep_2,GCA_044230255.1,JBGARK010000007.1,frhB,43,2.033e-7,0.383
FW_AS_rep_2,GCA_044230255.1,JBGARK010000007.1,pyk,363,6.671e-112,0.437
FW_AS_rep_2,GCA_044230255.1,JBGARK010000008.1,adh,48,1.878e-8,0.272
FW_AS_rep_2,GCA_044230255.1,JBGARK010000007.1,fadD,330,3.695e-99,0.385
FW_AS_rep_2,GCA_044230255.1,JBGARK010000007.1,folD,310,7.16e-97,0.563
FW_AS_rep_2,GCA_044230255.1,JBGARK010000005.1,susC,484,3.418e-146,0.336
FW_AS_rep_2,GCA_044230255.1,JBGARK010000001.1,extracellular_protease,69,3.222e-14,0.285
FW_AS_rep_2,GCA_044230255.1,JBGARK010000001.1,hbd,240,5.136e-73,0.482
FW_AS_rep_2,GCA_044230255.1,JBGARK010000006.1,fadD,113,1.015e-27,0.25
FW_AS_rep_2,GCA_044230255.1,JBGARK010000007.1,pfor,45,9.836e-7,0.225
FW_AS_rep_2,GCA_044230255.1,JBGARK010000011.1,endopeptidase,219,1.307e-63,0.401
FW_AS_rep_2,GCA_044230255.1,JBGARK010000005.1,oppB,201,2.643e-58,0.486
FW_AS_rep_2,GCA_044230255.1,JBGARK010000003.1,pgi,661,3.862e-214,0.614
FW_AS_rep_2,GCA_044230255.1,JBGARK010000002.1,ilvE,66,4.795e-14,0.282
FW_AS_rep_2,GCA_044230255.1,JBGARK010000003.1,hydA,82,1.209e-18,0.278
FW_AS_rep_2,GCA_044230255.1,JBGARK010000002.1,hbd,302,5.282e-94,0.538
FW_AS_rep_2,GCA_044230255.1,JBGARK010000006.1,crt,160,4.928e-46,0.376
FW_AS_rep_2,GCA_044230255.1,JBGARK010000007.1,mvhG,51,1.186e-9,0.327
FW_AS_rep_2,GCA_044230255.1,JBGARK010000011.1,extracellular_protease,126,6.523e-31,0.339
FW_AS_rep_2,GCA_044230255.1,JBGARK010000005.1,dppC,184,1.152e-52,0.434
FW_AS_rep_2,GCA_044230255.1,JBGARK010000003.1,fadB,133,2.351e-36,0.395
FW_AS_rep_2,GCA_044230255.1,JBGARK010000010.1,hbd,136,2.756e-34,0.312
FW_AS_rep_2,GCA_044230255.1,JBGARK010000014.1,gapA,290,2.905e-89,0.48
FW_AS_rep_2,GCA_044230255.1,JBGARK010000008.1,ilvE,248,1.17e-74,0.406
FW_AS_rep_2,GCA_044230255.1,JBGARK010000002.1,pepN,68,8.463e-14,0.297
FW_AS_rep_2,GCA_044230255.1,JBGARK010000002.1,fadB,192,8.002e-56,0.407
FW_AS_rep_2,GCA_044230255.1,JBGARK010000005.1,susD,139,2.479e-36,0.3
FW_AS_rep_2,GCA_044230255.1,JBGARK010000003.1,frhG,45,8.244e-8,0.328
FW_AS_rep_2,GCA_044230255.1,JBGARK010000007.1,pepN,169,1.043e-44,0.289
FW_AS_rep_2,GCA_044230255.1,JBGARK010000003.1,mmcE,675,4.193e-219,0.636
FW_AS_rep_2,GCA_044230255.1,JBGARK010000006.1,fadB,88,2.404e-21,0.308
FW_AS_rep_2,GCA_044230255.1,JBGARK010000002.1,dppA,158,4.185e-42,0.274
FW_AS_rep_2,GCA_044230255.1,JBGARK010000004.1,mmcF,75,1.292e-15,0.283
FW_AS_rep_2,GCA_044230255.1,JBGARK010000001.1,fadB,166,9.519e-48,0.348
FW_AS_rep_2,GCA_044230255.1,JBGARK010000002.1,adh,72,7.096e-16,0.259
FW_AS_rep_2,GCA_044230255.1,JBGARK010000004.1,thl,271,1.026e-81,0.432
FW_AS_rep_2,GCA_044230255.1,JBGARK010000007.1,acs,52,4.881e-9,0.216
FW_AS_rep_2,GCA_044230255.1,JBGARK010000004.1,hbd,181,7.233e-49,0.31
FW_AS_rep_2,GCA_044230255.1,JBGARK010000002.1,fadE,199,1.794e-57,0.361
FW_AS_rep_2,GCA_044230255.1,JBGARK010000010.1,fadB,125,3.879e-31,0.3
FW_AS_rep_2,GCA_044230255.1,JBGARK010000006.1,pepN,99,4.06e-23,0.256
FW_AS_rep_2,GCA_044230255.1,JBGARK010000006.1,acs,738,1.562e-238,0.553
FW_AS_rep_2,GCA_044230255.1,JBGARK010000005.1,fadE,240,5.375e-71,0.398
FW_AS_rep_2,GCA_044230255.1,JBGARK010000004.1,acs,76,3.532e-16,0.232
FW_AS_rep_2,GCA_044230255.1,JBGARK010000002.1,dppB,217,3.529e-64,0.4
FW_AS_rep_2,GCA_004138365.1,RXHR01000004.1,xylA,528,7.427e-170,0.588
FW_AS_rep_2,GCA_004138365.1,RXHR01000020.1,gdh,560,1.013e-180,0.635
FW_AS_rep_2,GCA_004138365.1,RXHR01000001.1,hbd,166,7.659e-47,0.314
FW_AS_rep_2,GCA_004138365.1,RXHR01000002.1,susD,134,3.608e-34,0.276
FW_AS_rep_2,GCA_004138365.1,RXHR01000007.1,hydA,498,1.801e-156,0.449
FW_AS_rep_2,GCA_004138365.1,RXHR01000013.1,cazy_GH43,104,6.351e-25,0.297
FW_AS_rep_2,GCA_004138365.1,RXHR01000006.1,pepD,487,1.398e-154,0.494
FW_AS_rep_2,GCA_004138365.1,RXHR01000004.1,susD,157,1.052e-41,0.289
FW_AS_rep_2,GCA_004138365.1,RXHR01000011.1,susD,202,4.657e-57,0.369
FW_AS_rep_2,GCA_004138365.1,RXHR01000001.1,fadD,235,1.376e-67,0.326
FW_AS_rep_2,GCA_004138365.1,RXHR01000002.1,sucC,308,1.305e-94,0.424
FW_AS_rep_2,GCA_004138365.1,RXHR01000008.1,pfkA,84,7.986e-19,0.275
FW_AS_rep_2,GCA_004138365.1,RXHR01000011.1,cazy_GH43,78,9.303e-17,0.284
FW_AS_rep_2,GCA_004138365.1,RXHR01000002.1,sucD,297,1.784e-91,0.504
FW_AS_rep_2,GCA_004138365.1,RXHR01000005.1,frhB,48,3.377e-8,0.433
FW_AS_rep_2,GCA_004138365.1,RXHR01000005.1,mdh,138,3.001e-37,0.344
FW_AS_rep_2,GCA_004138365.1,RXHR01000006.1,cazy_GH5,100,2.335e-24,0.288
FW_AS_rep_2,GCA_004138365.1,RXHR01000020.1,adh,66,7.043e-14,0.31
FW_AS_rep_2,GCA_004138365.1,RXHR01000002.1,cazy_GH13,139,7.017e-36,0.332
FW_AS_rep_2,GCA_004138365.1,RXHR01000004.1,cazy_GH9,200,7.957e-56,0.355
FW_AS_rep_2,GCA_004138365.1,RXHR01000014.1,susD,125,3.308e-31,0.328
FW_AS_rep_2,GCA_004138365.1,RXHR01000007.1,pgi,86,1.274e-19,0.285
FW_AS_rep_2,GCA_004138365.1,RXHR01000001.1,folD,324,8.352e-102,0.59
FW_AS_rep_2,GCA_004138365.1,RXHR01000001.1,rnfB,51,1.64e-8,0.363
FW_AS_rep_2,GCA_004138365.1,RXHR01000006.1,susD,234,8.246e-68,0.37
FW_AS_rep_2,GCA_004138365.1,RXHR01000001.1,ackA,445,1.066e-141,0.57
FW_AS_rep_2,GCA_004138365.1,RXHR01000001.1,acs,282,2.449e-83,0.355
FW_AS_rep_2,GCA_004138365.1,RXHR01000005.1,cazy_PL1,47,1.662e-7,0.326
FW_AS_rep_2,GCA_004138365.1,RXHR01000005.1,susC,630,1.057e-194,0.381
FW_AS_rep_2,GCA_004138365.1,RXHR01000012.1,adh,63,5.062e-13,0.252
FW_AS_rep_2,GCA_004138365.1,RXHR01000014.1,susC,624,3.969e-193,0.379
FW_AS_rep_2,GCA_004138365.1,RXHR01000016.1,pepD,501,1.04e-159,0.521
FW_AS_rep_2,GCA_004138365.1,RXHR01000004.1,pfkA,206,2.308e-60,0.395
FW_AS_rep_2,GCA_004138365.1,RXHR01000004.1,fadD,263,4.837e-76,0.327
FW_AS_rep_2,GCA_004138365.1,RXHR01000011.1,susC,581,1.742e-178,0.362
FW_AS_rep_2,GCA_004138365.1,RXHR01000010.1,eda,138,7.927e-39,0.367
FW_AS_rep_2,GCA_004138365.1,RXHR01000001.1,fadB,109,1.088e-27,0.264
FW_AS_rep_2,GCA_004138365.1,RXHR01000004.1,glcP,202,1.925e-57,0.307
FW_AS_rep_2,GCA_004138365.1,RXHR01000002.1,fadE,156,3.33e-41,0.352
FW_AS_rep_2,GCA_004138365.1,RXHR01000002.1,susC,604,1.003e-186,0.375
FW_AS_rep_2,GCA_004138365.1,RXHR01000017.1,acs,59,5.832e-11,0.208
FW_AS_rep_2,GCA_004138365.1,RXHR01000001.1,gdh,51,6.723e-9,0.519
FW_AS_rep_2,GCA_004138365.1,RXHR01000007.1,susD,152,3.047e-40,0.304
FW_AS_rep_2,GCA_004138365.1,RXHR01000008.1,pyk,353,1.26e-108,0.436
FW_AS_rep_2,GCA_004138365.1,RXHR01000020.1,susC,513,4.051e-155,0.332
FW_AS_rep_2,GCA_004138365.1,RXHR01000007.1,frhB,54,8.325e-10,0.279
FW_AS_rep_2,GCA_004138365.1,RXHR01000002.1,etfB,121,2.681e-32,0.397
FW_AS_rep_2,GCA_004138365.1,RXHR01000006.1,tdcB,79,4.357e-18,0.259
FW_AS_rep_2,GCA_004138365.1,RXHR01000007.1,susC,620,8.737e-192,0.369
FW_AS_rep_2,GCA_004138365.1,RXHR01000011.1,glcP,45,4.23e-7,0.233
FW_AS_rep_2,GCA_004138365.1,RXHR01000001.1,cazy_GH13,48,1.591e-7,0.293
FW_AS_rep_2,GCA_004138365.1,RXHR01000005.1,edd,236,4.045e-67,0.313
FW_AS_rep_2,GCA_004138365.1,RXHR01000001.1,fhs,590,6.346e-187,0.538
FW_AS_rep_2,GCA_004138365.1,RXHR01000018.1,susC,490,2.81e-147,0.342
FW_AS_rep_2,GCA_004138365.1,RXHR01000017.1,fadD,241,3.738e-69,0.318
FW_AS_rep_2,GCA_004138365.1,RXHR01000004.1,susC,728,2.453e-228,0.416
FW_AS_rep_2,GCA_004138365.1,RXHR01000001.1,pta,241,3.938e-72,0.455
FW_AS_rep_2,GCA_004138365.1,RXHR01000002.1,cazy_GH9,149,3.434e-38,0.275
FW_AS_rep_2,GCA_004138365.1,RXHR01000002.1,cazy_GH43,124,7.787e-33,0.358
FW_AS_rep_2,GCA_004138365.1,RXHR01000016.1,esterase,249,2.852e-72,0.329
FW_AS_rep_2,GCA_004138365.1,RXHR01000004.1,cazy_GH10,282,5.492e-86,0.447
FW_AS_rep_2,GCA_004138365.1,RXHR01000006.1,acylglycerol_lipase,56,1.091e-10,0.346
FW_AS_rep_2,GCA_004138365.1,RXHR01000005.1,esterase,46,3.421e-7,0.265
FW_AS_rep_2,GCA_004138365.1,RXHR01000002.1,hydA,44,8.227e-9,0.287
FW_AS_rep_2,GCA_004138365.1,RXHR01000019.1,tdcB,85,2.038e-19,0.279
FW_AS_rep_2,GCA_004138365.1,RXHR01000004.1,agl,80,1.096e-17,0.259
FW_AS_rep_2,GCA_004138365.1,RXHR01000018.1,susD,152,8.412e-40,0.287
FW_AS_rep_2,GCA_004138365.1,RXHR01000008.1,cazy_GH43,95,1.387e-21,0.319
FW_AS_rep_2,GCA_004138365.1,RXHR01000005.1,cazy_CE8,267,3.364e-77,0.494
FW_AS_rep_2,GCA_004138365.1,RXHR01000001.1,susC,708,9.792e-223,0.414
FW_AS_rep_2,GCA_004138365.1,RXHR01000005.1,frhG,43,1.352e-6,0.387
FW_AS_rep_2,GCA_004138365.1,RXHR01000002.1,pepT,236,1.32e-69,0.377
FW_AS_rep_2,GCA_004138365.1,RXHR01000007.1,frhG,55,5.471e-10,0.402
FW_AS_rep_2,GCA_004138365.1,RXHR01000002.1,bcd,163,1.777e-43,0.3
FW_AS_rep_2,GCA_004138365.1,RXHR01000022.1,phospholipase,87,5.139e-21,0.323
FW_AS_rep_2,GCA_004138365.1,RXHR01000013.1,hydA,42,1.837e-6,0.404
FW_AS_rep_2,GCA_004138365.1,RXHR01000014.1,pepD,194,1.261e-57,0.473
FW_AS_rep_2,GCA_004138365.1,RXHR01000005.1,gdh,531,1.879e-170,0.59
FW_AS_rep_2,GCA_004138365.1,RXHR01000002.1,agl,87,1.669e-19,0.272
FW_AS_rep_2,GCA_004138365.1,RXHR01000005.1,susD,167,3.721e-45,0.312
FW_AS_rep_2,GCA_004138365.1,RXHR01000001.1,susD,128,3.282e-32,0.271
FW_AS_rep_2,GCA_004138365.1,RXHR01000006.1,esterase,229,7.838e-66,0.34
FW_AS_rep_2,GCA_004138365.1,RXHR01000006.1,dtpT,211,2.812e-59,0.301
FW_AS_rep_2,GCA_004138365.1,RXHR01000008.1,pfor,1392,0.0,0.609
FW_AS_rep_2,GCA_004138365.1,RXHR01000005.1,hydA,41,5.169e-8,0.408
FW_AS_rep_2,GCA_004138365.1,RXHR01000016.1,pepT,90,9.7e-21,0.283
FW_AS_rep_2,GCA_004138365.1,RXHR01000019.1,susC,604,5.149e-186,0.355
FW_AS_rep_2,GCA_004138365.1,RXHR01000010.1,susC,244,5.74e-67,0.257
FW_AS_rep_2,GCA_004138365.1,RXHR01000008.1,pepO,624,2.26e-198,0.483
FW_AS_rep_2,GCA_004138365.1,RXHR01000007.1,fumB,749,2.663e-244,0.66
FW_AS_rep_2,GCA_004138365.1,RXHR01000005.1,rnfB,80,2.076e-18,0.305
FW_AS_rep_2,GCA_004138365.1,RXHR01000005.1,pfkA,274,5.868e-84,0.47
FW_AS_rep_2,GCA_004138365.1,RXHR01000005.1,pepQ,64,2.165e-13,0.29
FW_AS_rep_2,GCA_004138365.1,RXHR01000008.1,susD,102,2.735e-24,0.308
FW_AS_rep_2,GCA_004138365.1,RXHR01000005.1,adh,57,4.979e-11,0.258
FW_AS_rep_2,GCA_004138365.1,RXHR01000002.1,etfA,196,4.956e-57,0.366
FW_AS_rep_2,GCA_004138365.1,RXHR01000001.1,endopeptidase,250,4.813e-72,0.432
FW_AS_rep_2,GCA_004138365.1,RXHR01000001.1,frhB,46,4.549e-7,0.46
FW_AS_rep_2,GCA_004138365.1,RXHR01000002.1,mmcE,532,1.158e-165,0.445
FW_AS_rep_2,GCA_004138365.1,RXHR01000007.1,rnfB,55,9.527e-10,0.462
FW_AS_rep_2,GCA_004138365.1,RXHR01000006.1,susC,786,3.471e-247,0.449
FW_AS_rep_2,GCA_004138365.1,RXHR01000003.1,endopeptidase,203,1.051e-57,0.383
FW_AS_rep_2,GCA_004138365.1,RXHR01000005.1,cazy_GH43,165,1.292e-46,0.389
FW_AS_rep_2,GCA_004138365.1,RXHR01000011.1,extracellular_protease,121,2.158e-30,0.307
FW_AS_rep_2,GCA_004138365.1,RXHR01000004.1,cazy_GH5,107,6.806e-27,0.292
FW_AS_rep_2,GCA_004138365.1,RXHR01000007.1,fdhA,66,3.06e-13,0.3
FW_AS_rep_2,GCA_004138365.1,RXHR01000002.1,frhB,45,6.135e-7,0.315
FW_AS_rep_2,GCA_004138365.1,RXHR01000005.1,mmcG,112,2.605e-31,0.392
FW_AS_rep_2,GCA_004138365.1,RXHR01000001.1,gapA,470,1.382e-151,0.69
FW_AS_rep_2,GCA_004138365.1,RXHR01000013.1,fdhA,202,5.235e-55,0.254
FW_AS_rep_2,GCA_004138365.1,RXHR01000002.1,mmcF,123,2.458e-30,0.469
FW_AS_rep_2,GCA_004138365.1,RXHR01000006.1,ilvE,240,4.444e-72,0.409
FW_AS_rep_2,GCA_004138365.1,RXHR01000004.1,cazy_GH43,89,2.966e-21,0.31
FW_AS_rep_2,GCA_004138365.1,RXHR01000001.1,mvhD,72,1.901e-17,0.344
FW_AS_rep_2,GCA_004138365.1,RXHR01000006.1,pta,165,4.724e-47,0.386
FW_AS_rep_2,GCA_004138365.1,RXHR01000008.1,susC,462,2.683e-138,0.333
FW_AS_rep_2,GCA_004138365.1,RXHR01000002.1,pfor,66,1.461e-13,0.256
FW_AS_rep_2,GCA_004138365.1,RXHR01000010.1,cazy_GH9,69,7.188e-14,0.252
FW_AS_rep_2,GCA_004138365.1,RXHR01000009.1,lysophospholipase,41,4.583e-6,0.244
FW_AS_rep_2,GCA_004138365.1,RXHR01000001.1,pepQ,184,3.636e-50,0.322
FW_AS_rep_2,GCA_004138365.1,RXHR01000004.1,cazy_GH13,94,3.123e-22,0.296
FW_AS_rep_2,GCF_049943315.1,NZ_JBNFVP010000002.1,pepD,511,9.125e-163,0.532
FW_AS_rep_2,GCF_049943315.1,NZ_JBNFVP010000004.1,hbd,202,1.836e-55,0.388
FW_AS_rep_2,GCF_049943315.1,NZ_JBNFVP010000021.1,acylglycerol_lipase,59,1.167e-11,0.268
FW_AS_rep_2,GCF_049943315.1,NZ_JBNFVP010000023.1,agl,169,6.856e-46,0.324
FW_AS_rep_2,GCF_049943315.1,NZ_JBNFVP010000006.1,adh,46,1.046e-7,0.324
FW_AS_rep_2,GCF_049943315.1,NZ_JBNFVP010000007.1,fadB,111,1.69e-28,0.301
FW_AS_rep_2,GCF_049943315.1,NZ_JBNFVP010000003.1,hydA,48,1.332e-8,0.349
FW_AS_rep_2,GCF_049943315.1,NZ_JBNFVP010000001.1,sucC,371,2.233e-116,0.512
FW_AS_rep_2,GCF_049943315.1,NZ_JBNFVP010000002.1,oppA,51,1.425e-8,0.215
FW_AS_rep_2,GCF_049943315.1,NZ_JBNFVP010000014.1,xylF,260,7.457e-79,0.477
FW_AS_rep_2,GCF_049943315.1,NZ_JBNFVP010000020.1,tdcB,302,1.056e-90,0.432
FW_AS_rep_2,GCF_049943315.1,NZ_JBNFVP010000004.1,oppA,88,5.072e-20,0.23
FW_AS_rep_2,GCF_049943315.1,NZ_JBNFVP010000004.1,etfA,119,2.576e-29,0.386
FW_AS_rep_2,GCF_049943315.1,NZ_JBNFVP010000004.1,frhB,46,6.437e-8,0.383
FW_AS_rep_2,GCF_049943315.1,NZ_JBNFVP010000018.1,acs,145,1.11e-37,0.293
FW_AS_rep_2,GCF_049943315.1,NZ_JBNFVP010000003.1,xylF,337,3.036e-105,0.546
FW_AS_rep_2,GCF_049943315.1,NZ_JBNFVP010000013.1,frhA,101,5.646e-24,0.261
FW_AS_rep_2,GCF_049943315.1,NZ_JBNFVP010000004.1,glcP,204,7.879e-58,0.339
FW_AS_rep_2,GCF_049943315.1,NZ_JBNFVP010000009.1,pepQ,67,1.465e-14,0.299
FW_AS_rep_2,GCF_049943315.1,NZ_JBNFVP010000006.1,acs,101,9.923e-24,0.25
FW_AS_rep_2,GCF_049943315.1,NZ_JBNFVP010000007.1,pfkA,259,2.816e-79,0.47
FW_AS_rep_2,GCF_049943315.1,NZ_JBNFVP010000001.1,dppA,432,1.312e-134,0.412
FW_AS_rep_2,GCF_049943315.1,NZ_JBNFVP010000001.1,oppB,261,8.675e-80,0.503
FW_AS_rep_2,GCF_049943315.1,NZ_JBNFVP010000002.1,dtpT,257,1.628e-75,0.372
FW_AS_rep_2,GCF_049943315.1,NZ_JBNFVP010000009.1,glcP,212,3.957e-60,0.322
FW_AS_rep_2,GCF_049943315.1,NZ_JBNFVP010000002.1,bcd,104,1.068e-24,0.288
FW_AS_rep_2,GCF_049943315.1,NZ_JBNFVP010000003.1,eda,113,1.472e-30,0.368
FW_AS_rep_2,GCF_049943315.1,NZ_JBNFVP010000022.1,pepT,258,4.796e-77,0.425
FW_AS_rep_2,GCF_049943315.1,NZ_JBNFVP010000008.1,pfor,1402,0.0,0.606
FW_AS_rep_2,GCF_049943315.1,NZ_JBNFVP010000011.1,bgl,354,6.905e-109,0.404
FW_AS_rep_2,GCF_049943315.1,NZ_JBNFVP010000003.1,agl,81,7.758e-18,0.252
FW_AS_rep_2,GCF_049943315.1,NZ_JBNFVP010000007.1,fadA,314,1.56e-96,0.51
FW_AS_rep_2,GCF_049943315.1,NZ_JBNFVP010000003.1,fdhA,113,2.15e-27,0.232
FW_AS_rep_2,GCF_049943315.1,NZ_JBNFVP010000009.1,fadA,284,2.669e-86,0.432
FW_AS_rep_2,GCF_049943315.1,NZ_JBNFVP010000020.1,phospholipase,226,7.316e-68,0.479
FW_AS_rep_2,GCF_049943315.1,NZ_JBNFVP010000007.1,adhE,1095,0.0,0.648
FW_AS_rep_2,GCF_049943315.1,NZ_JBNFVP010000018.1,ackA,362,5.269e-113,0.482
FW_AS_rep_2,GCF_049943315.1,NZ_JBNFVP010000005.1,fdhA,444,2.108e-138,0.436
FW_AS_rep_2,GCF_049943315.1,NZ_JBNFVP010000004.1,fadB,421,2.447e-128,0.371
FW_AS_rep_2,GCF_049943315.1,NZ_JBNFVP010000008.1,hbd,267,1.609e-79,0.568
FW_AS_rep_2,GCF_049943315.1,NZ_JBNFVP010000004.1,adhE,196,3.287e-56,0.358
FW_AS_rep_2,GCF_049943315.1,NZ_JBNFVP010000005.1,pfkA,47,1.003e-7,0.274
FW_AS_rep_2,GCF_049943315.1,NZ_JBNFVP010000001.1,xylF,91,4.869e-22,0.302
FW_AS_rep_2,GCF_049943315.1,NZ_JBNFVP010000002.1,ptsG,68,5.583e-16,0.418
FW_AS_rep_2,GCF_049943315.1,NZ_JBNFVP010000008.1,gdh,439,4.666e-139,0.523
FW_AS_rep_2,GCF_049943315.1,NZ_JBNFVP010000003.1,glcP,72,2.751e-15,0.336
FW_AS_rep_2,GCF_049943315.1,NZ_JBNFVP010000001.1,rnfB,42,1.064e-6,0.309
FW_AS_rep_2,GCF_049943315.1,NZ_JBNFVP010000004.1,ptsG,62,5.417e-12,0.335
FW_AS_rep_2,GCF_049943315.1,NZ_JBNFVP010000002.1,agl,93,1.783e-21,0.264
FW_AS_rep_2,GCF_049943315.1,NZ_JBNFVP010000017.1,adhE,215,2.055e-62,0.373
FW_AS_rep_2,GCF_049943315.1,NZ_JBNFVP010000008.1,crt,223,1.547e-67,0.514
FW_AS_rep_2,GCF_049943315.1,NZ_JBNFVP010000009.1,mdh,164,1.42e-46,0.342
FW_AS_rep_2,GCF_049943315.1,NZ_JBNFVP010000007.1,fadE,68,3.579e-14,0.255
FW_AS_rep_2,GCF_049943315.1,NZ_JBNFVP010000014.1,cazy_GH43,121,1.943e-30,0.3
FW_AS_rep_2,GCF_049943315.1,NZ_JBNFVP010000009.1,pepT,57,6.402e-11,0.279
FW_AS_rep_2,GCF_049943315.1,NZ_JBNFVP010000001.1,sucD,373,1.527e-118,0.659
FW_AS_rep_2,GCF_049943315.1,NZ_JBNFVP010000009.1,adhE,144,6.776e-39,0.287
FW_AS_rep_2,GCF_049943315.1,NZ_JBNFVP010000008.1,thl,342,8.09e-106,0.505
FW_AS_rep_2,GCF_049943315.1,NZ_JBNFVP010000004.1,oppB,181,2.047e-51,0.328
FW_AS_rep_2,GCF_049943315.1,NZ_JBNFVP010000028.1,dppA,148,5.844e-39,0.28
FW_AS_rep_2,GCF_049943315.1,NZ_JBNFVP010000007.1,oppA,455,1.203e-142,0.478
FW_AS_rep_2,GCF_049943315.1,NZ_JBNFVP010000005.1,agl,263,5.642e-77,0.366
FW_AS_rep_2,GCF_049943315.1,NZ_JBNFVP010000003.1,dppC,422,2.08e-135,0.71
FW_AS_rep_2,GCF_049943315.1,NZ_JBNFVP010000012.1,fadD,132,4.733e-34,0.303
FW_AS_rep_2,GCF_049943315.1,NZ_JBNFVP010000008.1,etfA,103,2.152e-26,0.323
FW_AS_rep_2,GCF_049943315.1,NZ_JBNFVP010000001.1,fadD,138,1.24e-35,0.276
FW_AS_rep_2,GCF_049943315.1,NZ_JBNFVP010000004.1,mvhG,42,1.03e-6,0.323
FW_AS_rep_2,GCF_049943315.1,NZ_JBNFVP010000011.1,pfkA,56,7.637e-11,0.394
FW_AS_rep_2,GCF_049943315.1,NZ_JBNFVP010000007.1,fdhA,551,3.378e-172,0.439
FW_AS_rep_2,GCF_049943315.1,NZ_JBNFVP010000003.1,xylA,510,9.463e-163,0.551
FW_AS_rep_2,GCF_049943315.1,NZ_JBNFVP010000012.1,cazy_GH13,72,2.673e-15,0.252
FW_AS_rep_2,GCF_049943315.1,NZ_JBNFVP010000014.1,tdcB,78,3.918e-17,0.267
FW_AS_rep_2,GCF_049943315.1,NZ_JBNFVP010000002.1,fadE,75,1.104e-15,0.272
FW_AS_rep_2,GCF_049943315.1,NZ_JBNFVP010000007.1,oppB,312,3.415e-97,0.53
FW_AS_rep_2,GCF_049943315.1,NZ_JBNFVP010000028.1,oppB,196,9.346e-58,0.416
FW_AS_rep_2,GCF_049943315.1,NZ_JBNFVP010000001.1,dppC,249,1.183e-75,0.473
FW_AS_rep_2,GCF_049943315.1,NZ_JBNFVP010000002.1,folD,328,6.365e-103,0.58
FW_AS_rep_2,GCF_049943315.1,NZ_JBNFVP010000003.1,adhE,117,8.675e-30,0.338
FW_AS_rep_2,GCF_049943315.1,NZ_JBNFVP010000020.1,fadA,363,8.924e-114,0.524
FW_AS_rep_2,GCF_049943315.1,NZ_JBNFVP010000004.1,pepA,258,1.53e-76,0.439
FW_AS_rep_2,GCF_049943315.1,NZ_JBNFVP010000011.1,dppA,610,2.485e-196,0.577
FW_AS_rep_2,GCF_049943315.1,NZ_JBNFVP010000004.1,hydA,46,6.335e-7,0.358
FW_AS_rep_2,GCF_049943315.1,NZ_JBNFVP010000004.1,pfkA,146,1.834e-40,0.371
FW_AS_rep_2,GCF_049943315.1,NZ_JBNFVP010000011.1,frhB,45,9.042e-8,0.489
FW_AS_rep_2,GCF_049943315.1,NZ_JBNFVP010000006.1,thl,404,6.779e-128,0.562
FW_AS_rep_2,GCF_049943315.1,NZ_JBNFVP010000008.1,hydA,40,6.146e-6,0.361
FW_AS_rep_2,GCF_049943315.1,NZ_JBNFVP010000002.1,cazy_GH43,107,3.276e-27,0.298
FW_AS_rep_2,GCF_049943315.1,NZ_JBNFVP010000011.1,adhE,50,1.987e-8,0.242
FW_AS_rep_2,GCF_049943315.1,NZ_JBNFVP010000011.1,endopeptidase,228,5.523e-64,0.433
FW_AS_rep_2,GCF_049943315.1,NZ_JBNFVP010000028.1,adhE,85,4.19e-19,0.259
FW_AS_rep_2,GCF_049943315.1,NZ_JBNFVP010000012.1,edd,807,3.87e-263,0.657
FW_AS_rep_2,GCF_049943315.1,NZ_JBNFVP010000001.1,aldh,85,2.28e-19,0.25
FW_AS_rep_2,GCF_049943315.1,NZ_JBNFVP010000004.1,ackA,370,7.57e-116,0.498
FW_AS_rep_2,GCF_049943315.1,NZ_JBNFVP010000003.1,dppA,777,1.145e-253,0.699
FW_AS_rep_2,GCF_049943315.1,NZ_JBNFVP010000007.1,dppC,239,4.181e-72,0.45
FW_AS_rep_2,GCF_049943315.1,NZ_JBNFVP010000003.1,cazy_GH13,96,2.677e-22,0.293
FW_AS_rep_2,GCF_049943315.1,NZ_JBNFVP010000006.1,dtpT,360,1.969e-110,0.419
FW_AS_rep_2,GCF_049943315.1,NZ_JBNFVP010000020.1,crt,134,9.391e-34,0.362
FW_AS_rep_2,GCF_049943315.1,NZ_JBNFVP010000001.1,bgl,205,2.448e-58,0.298
FW_AS_rep_2,GCF_049943315.1,NZ_JBNFVP010000006.1,aldh,206,9.775e-59,0.356
FW_AS_rep_2,GCF_049943315.1,NZ_JBNFVP010000001.1,dtpT,271,4.565e-80,0.369
FW_AS_rep_2,GCF_049943315.1,NZ_JBNFVP010000004.1,crt,134,1.026e-35,0.369
FW_AS_rep_2,GCF_049943315.1,NZ_JBNFVP010000007.1,pyk,460,7.319e-145,0.552
FW_AS_rep_2,GCF_049943315.1,NZ_JBNFVP010000011.1,fdhA,302,3.491e-87,0.323
FW_AS_rep_2,GCF_049943315.1,NZ_JBNFVP010000006.1,fadD,141,5.473e-36,0.303
FW_AS_rep_2,GCF_049943315.1,NZ_JBNFVP010000006.1,ackA,415,3.495e-131,0.562
FW_AS_rep_2,GCF_049943315.1,NZ_JBNFVP010000005.1,xylA,501,1.978e-160,0.538
FW_AS_rep_2,GCF_049943315.1,NZ_JBNFVP010000008.1,aldh,66,2.165e-13,0.226
FW_AS_rep_2,GCF_049943315.1,NZ_JBNFVP010000018.1,tdcB,314,9.982e-98,0.514
FW_AS_rep_2,GCF_049943315.1,NZ_JBNFVP010000009.1,fadD,139,5.429e-36,0.296
FW_AS_rep_2,GCF_049943315.1,NZ_JBNFVP010000011.1,frhG,41,1.729e-6,0.304
FW_AS_rep_2,GCF_049943315.1,NZ_JBNFVP010000013.1,ptsG,55,5.015e-10,0.372
FW_AS_rep_2,GCF_049943315.1,NZ_JBNFVP010000017.1,rnfB,41,4.268e-6,0.313
FW_AS_rep_2,GCF_049943315.1,NZ_JBNFVP010000005.1,pgi,713,9.131e-231,0.672
FW_AS_rep_2,GCF_049943315.1,NZ_JBNFVP010000007.1,dppB,264,7.661e-81,0.445
FW_AS_rep_2,GCF_049943315.1,NZ_JBNFVP010000020.1,acylglycerol_lipase,66,9.364e-14,0.263
FW_AS_rep_2,GCF_049943315.1,NZ_JBNFVP010000014.1,adhE,115,2.12e-29,0.271
FW_AS_rep_2,GCF_049943315.1,NZ_JBNFVP010000010.1,adhE,227,8.912e-67,0.375
FW_AS_rep_2,GCF_049943315.1,NZ_JBNFVP010000004.1,aldh,210,3.552e-60,0.362
FW_AS_rep_2,GCF_049943315.1,NZ_JBNFVP010000002.1,xylF,105,1.542e-26,0.307
FW_AS_rep_2,GCF_049943315.1,NZ_JBNFVP010000002.1,cazy_GH13,131,3.163e-33,0.323
FW_AS_rep_2,GCF_049943315.1,NZ_JBNFVP010000022.1,fadD,184,1.953e-50,0.296
FW_AS_rep_2,GCF_049943315.1,NZ_JBNFVP010000012.1,susC,44,2.62e-6,0.318
FW_AS_rep_2,GCF_049943315.1,NZ_JBNFVP010000009.1,thl,312,1.172e-95,0.451
FW_AS_rep_2,GCF_049943315.1,NZ_JBNFVP010000017.1,fdhA,304,7.936e-88,0.319
FW_AS_rep_2,GCF_049943315.1,NZ_JBNFVP010000014.1,glcP,226,2.014e-65,0.327
FW_AS_rep_2,GCF_049943315.1,NZ_JBNFVP010000011.1,oppA,201,2.777e-56,0.318
FW_AS_rep_2,GCF_049943315.1,NZ_JBNFVP010000020.1,thl,282,9.022e-86,0.458
FW_AS_rep_2,GCF_049943315.1,NZ_JBNFVP010000011.1,esterase,224,5.605e-64,0.351
FW_AS_rep_2,GCF_049943315.1,NZ_JBNFVP010000011.1,oppB,239,9.896e-70,0.426
FW_AS_rep_2,GCF_049943315.1,NZ_JBNFVP010000012.1,acs,118,2.068e-29,0.264
FW_AS_rep_2,GCF_049943315.1,NZ_JBNFVP010000008.1,fadB,158,9.888e-43,0.3
FW_AS_rep_2,GCF_049943315.1,NZ_JBNFVP010000001.1,acs,94,3.667e-21,0.245
FW_AS_rep_2,GCF_049943315.1,NZ_JBNFVP010000002.1,adh,65,1.086e-13,0.265
FW_AS_rep_2,GCF_049943315.1,NZ_JBNFVP010000001.1,ptsG,516,1.239e-164,0.572
FW_AS_rep_2,GCF_049943315.1,NZ_JBNFVP010000020.1,lysophospholipase,203,3.073e-59,0.433
FW_AS_rep_2,GCF_049943315.1,NZ_JBNFVP010000006.1,mer,82,1.421e-18,0.272
FW_AS_rep_2,GCF_049943315.1,NZ_JBNFVP010000010.1,mer,56,1.098e-10,0.245
FW_AS_rep_2,GCF_049943315.1,NZ_JBNFVP010000011.1,mer,64,8.342e-13,0.289
FW_AS_rep_2,GCF_049943315.1,NZ_JBNFVP010000005.1,fadD,136,8.394e-35,0.288
FW_AS_rep_2,GCF_049943315.1,NZ_JBNFVP010000002.1,pepQ,65,1.144e-13,0.267
FW_AS_rep_2,GCF_049943315.1,NZ_JBNFVP010000006.1,fadA,327,4.552e-101,0.488
FW_AS_rep_2,GCF_049943315.1,NZ_JBNFVP010000020.1,hbd,195,5.157e-53,0.366
FW_AS_rep_2,GCF_049943315.1,NZ_JBNFVP010000002.1,dppA,48,1.311e-7,0.212
FW_AS_rep_2,GCF_049943315.1,NZ_JBNFVP010000003.1,dtpT,257,2.876e-75,0.333
FW_AS_rep_2,GCF_049943315.1,NZ_JBNFVP010000004.1,pta,214,4.879e-63,0.412
FW_AS_rep_2,GCF_049943315.1,NZ_JBNFVP010000011.1,dtpT,282,5.344e-84,0.356
FW_AS_rep_2,GCF_049943315.1,NZ_JBNFVP010000004.1,frhG,46,1.009e-7,0.274
FW_AS_rep_2,GCF_049943315.1,NZ_JBNFVP010000006.1,bgl,214,1.828e-61,0.32
FW_AS_rep_2,GCF_049943315.1,NZ_JBNFVP010000007.1,thl,390,6.193e-123,0.583
FW_AS_rep_2,GCF_049943315.1,NZ_JBNFVP010000005.1,cazy_GH43,129,1.039e-32,0.326
FW_AS_rep_2,GCF_049943315.1,NZ_JBNFVP010000001.1,pepN,413,6.64e-124,0.411
FW_AS_rep_2,GCF_049943315.1,NZ_JBNFVP010000006.1,adhE,263,1.934e-78,0.431
FW_AS_rep_2,GCF_049943315.1,NZ_JBNFVP010000020.1,fadB,1037,0.0,0.728
FW_AS_rep_2,GCF_049943315.1,NZ_JBNFVP010000023.1,cazy_GH13,170,3.788e-46,0.357
FW_AS_rep_2,GCF_049943315.1,NZ_JBNFVP010000009.1,acs,109,1.661e-26,0.25
FW_AS_rep_2,GCF_049943315.1,NZ_JBNFVP010000022.1,pgi,43,2.149e-6,0.272
FW_AS_rep_2,GCF_049943315.1,NZ_JBNFVP010000010.1,endopeptidase,188,2.126e-54,0.395
FW_AS_rep_2,GCF_049943315.1,NZ_JBNFVP010000011.1,rnfB,199,2.552e-60,0.595
FW_AS_rep_2,GCF_049943315.1,NZ_JBNFVP010000012.1,pyk,366,1.599e-112,0.471
FW_AS_rep_2,GCF_049943315.1,NZ_JBNFVP010000018.1,fadD,254,1.325e-73,0.362
FW_AS_rep_2,GCF_049943315.1,NZ_JBNFVP010000003.1,oppB,248,1.682e-75,0.468
FW_AS_rep_2,GCF_049943315.1,NZ_JBNFVP010000006.1,glcP,198,1.38e-55,0.32
FW_AS_rep_2,GCF_049943315.1,NZ_JBNFVP010000005.1,cazy_GH13,174,2.58e-47,0.369
FW_AS_rep_2,GCF_049943315.1,NZ_JBNFVP010000003.1,crt,48,4.823e-8,0.396
FW_AS_rep_2,GCF_049943315.1,NZ_JBNFVP010000001.1,dppB,286,4.312e-88,0.459
FW_AS_rep_2,GCF_049943315.1,NZ_JBNFVP010000004.1,fadA,243,8.706e-72,0.402
FW_AS_rep_2,GCF_049943315.1,NZ_JBNFVP010000007.1,dppA,300,1.49e-89,0.36
FW_AS_rep_2,GCF_049943315.1,NZ_JBNFVP010000007.1,cat,261,4.862e-81,0.599
FW_AS_rep_2,GCF_049943315.1,NZ_JBNFVP010000004.1,thl,228,2.047e-66,0.363
FW_AS_rep_2,GCF_049943315.1,NZ_JBNFVP010000013.1,frhB,44,1.741e-7,0.356
FW_AS_rep_2,GCF_049943315.1,NZ_JBNFVP010000008.1,adhE,73,1.407e-15,0.25
FW_AS_rep_2,GCF_049943315.1,NZ_JBNFVP010000012.1,acylglycerol_lipase,50,2.335e-8,0.313
FW_AS_rep_2,GCF_049943315.1,NZ_JBNFVP010000013.1,bgl,256,2.351e-75,0.329
FW_AS_rep_2,GCF_049943315.1,NZ_JBNFVP010000002.1,pfkA,57,5.203e-11,0.259
FW_AS_rep_2,GCF_049943315.1,NZ_JBNFVP010000007.1,hbd,165,2.045e-46,0.395
FW_AS_rep_2,GCF_049943315.1,NZ_JBNFVP010000002.1,glcP,65,3.786e-13,0.311
FW_AS_rep_2,GCF_049943315.1,NZ_JBNFVP010000010.1,fumB,90,1.36e-22,0.278
FW_AS_rep_2,GCF_049943315.1,NZ_JBNFVP010000001.1,oppA,430,5.193e-134,0.455
FW_AS_rep_2,GCF_049943315.1,NZ_JBNFVP010000004.1,fadD,130,1.23e-33,0.303
FW_AS_rep_2,GCF_049943315.1,NZ_JBNFVP010000020.1,etfA,114,8.207e-28,0.401
FW_AS_rep_2,GCF_049943315.1,NZ_JBNFVP010000005.1,xylF,73,4.131e-16,0.307
FW_AS_rep_2,GCF_049943315.1,NZ_JBNFVP010000004.1,dppC,130,1.682e-34,0.349
FW_AS_rep_2,GCF_049943315.1,NZ_JBNFVP010000003.1,oppA,239,4.561e-69,0.33
FW_AS_rep_2,GCF_049943315.1,NZ_JBNFVP010000004.1,endopeptidase,276,1.379e-82,0.4
FW_AS_rep_2,GCF_049943315.1,NZ_JBNFVP010000008.1,cat,214,1.215e-64,0.504
FW_AS_rep_2,GCF_049943315.1,NZ_JBNFVP010000004.1,bgl,237,2.973e-69,0.353
FW_AS_rep_2,GCF_049943315.1,NZ_JBNFVP010000010.1,mdh,160,4.695e-45,0.386
FW_AS_rep_2,GCF_049943315.1,NZ_JBNFVP010000022.1,acs,124,4.422e-31,0.256
FW_AS_rep_2,GCF_049943315.1,NZ_JBNFVP010000028.1,dppC,238,3.654e-72,0.453
FW_AS_rep_2,GCF_049943315.1,NZ_JBNFVP010000003.1,dppB,439,5.683e-140,0.675
FW_AS_rep_2,GCF_049943315.1,NZ_JBNFVP010000001.1,gdh,563,1.157e-181,0.639
FW_AS_rep_2,GCF_049943315.1,NZ_JBNFVP010000001.1,fdhA,192,1.348e-51,0.277
FW_AS_rep_2,GCF_049943315.1,NZ_JBNFVP010000004.1,dppB,176,6.092e-50,0.314
FW_AS_rep_2,GCF_049943315.1,NZ_JBNFVP010000005.1,pepA,349,7.058e-107,0.438
FW_AS_rep_2,GCF_049943315.1,NZ_JBNFVP010000011.1,dppB,230,6.214e-69,0.423
FW_AS_rep_2,GCF_049943315.1,NZ_JBNFVP010000005.1,pepD,133,1.523e-36,0.382
FW_AS_rep_2,GCF_049943315.1,NZ_JBNFVP010000023.1,glcP,53,2.042e-9,0.293
FW_AS_rep_2,GCF_049943315.1,NZ_JBNFVP010000001.1,gapA,497,4.452e-161,0.728
FW_AS_rep_2,GCF_049943315.1,NZ_JBNFVP010000020.1,ilvE,166,5.432e-47,0.354
FW_AS_rep_2,GCF_049943315.1,NZ_JBNFVP010000008.1,ptsG,328,2.947e-99,0.404
FW_AS_rep_2,GCF_049943315.1,NZ_JBNFVP010000008.1,fadA,365,7.741e-114,0.537
FW_AS_rep_2,GCF_049943315.1,NZ_JBNFVP010000008.1,fumB,739,1.915e-240,0.655
FW_AS_rep_2,GCF_049943315.1,NZ_JBNFVP010000008.1,fdhA,182,1.138e-48,0.274
FW_AS_rep_2,GCF_049943315.1,NZ_JBNFVP010000001.1,adh,67,3.666e-14,0.241
FW_AS_rep_2,GCF_049943315.1,NZ_JBNFVP010000001.1,hydA,40,6.146e-6,0.361
FW_AS_rep_2,GCF_049943315.1,NZ_JBNFVP010000005.1,glcP,43,3.002e-6,0.224
FW_AS_rep_2,GCF_049943315.1,NZ_JBNFVP010000028.1,dppB,248,1.656e-74,0.452
FW_AS_rep_2,GCF_049943315.1,NZ_JBNFVP010000020.1,pepQ,78,3.618e-17,0.275
FW_AS_rep_2,GCF_049943315.1,NZ_JBNFVP010000017.1,pfkA,259,1.327e-78,0.458
FW_AS_rep_2,GCF_049943315.1,NZ_JBNFVP010000007.1,aldh,418,4.24e-125,0.501
FW_AS_rep_2,GCF_049943315.1,NZ_JBNFVP010000013.1,frhG,42,5.735e-7,0.377
FW_AS_rep_2,GCF_049943315.1,NZ_JBNFVP010000006.1,gapA,255,3.471e-77,0.391
FW_AS_rep_2,GCF_049943315.1,NZ_JBNFVP010000009.1,cat,93,9.636e-22,0.301
FW_AS_rep_2,GCF_049943315.1,NZ_JBNFVP010000009.1,ptsG,224,3.832e-64,0.322
FW_AS_rep_2,GCF_049943315.1,NZ_JBNFVP010000004.1,fdhA,77,2.399e-16,0.233
FW_AS_rep_2,GCF_049943315.1,NZ_JBNFVP010000008.1,rnfB,42,1.064e-6,0.309
FW_AS_rep_2,GCF_049943315.1,NZ_JBNFVP010000011.1,dppC,209,1.4e-61,0.428
FW_AS_rep_2,GCF_049943315.1,NZ_JBNFVP010000003.1,ptsG,267,1.326e-78,0.346
FW_AS_rep_2,GCF_049943315.1,NZ_JBNFVP010000001.1,adhE,91,4.377e-21,0.276
FW_AS_rep_2,GCF_049943315.1,NZ_JBNFVP010000013.1,hydA,50,2.262e-9,0.363
FW_AS_rep_2,GCF_049943315.1,NZ_JBNFVP010000020.1,edd,229,6.31e-65,0.324
FW_AS_rep_2,GCF_049943315.1,NZ_JBNFVP010000012.1,eda,215,1.61e-65,0.542
FW_AS_rep_2,GCF_049943315.1,NZ_JBNFVP010000006.1,pepQ,187,2.98e-52,0.357
FW_AS_rep_2,GCF_049943315.1,NZ_JBNFVP010000012.1,tdcB,53,7.965e-10,0.27
FW_AS_rep_2,GCF_049943315.1,NZ_JBNFVP010000005.1,acs,840,1.868e-273,0.612
FW_AS_rep_2,GCF_049943315.1,NZ_JBNFVP010000008.1,gapA,314,1.826e-97,0.505
FW_AS_rep_2,GCA_937871025.1,CALMXB010000003.1,sucC,318,2.688e-98,0.454
FW_AS_rep_2,GCA_937871025.1,CALMXB010000003.1,fdhA,133,8.085e-34,0.238
FW_AS_rep_2,GCA_937871025.1,CALMXB010000003.1,agl,275,9.661e-81,0.387
FW_AS_rep_2,GCA_937871025.1,CALMXB010000016.1,pepQ,133,3.902e-35,0.382
FW_AS_rep_2,GCA_937871025.1,CALMXB010000003.1,crt,42,2.977e-6,0.34
FW_AS_rep_2,GCA_937871025.1,CALMXB010000004.1,dppA,96,1.876e-22,0.271
FW_AS_rep_2,GCA_937871025.1,CALMXB010000012.1,dppC,278,1.872e-85,0.487
FW_AS_rep_2,GCA_937871025.1,CALMXB010000019.1,mvhG,40,8.431e-6,0.278
FW_AS_rep_2,GCA_937871025.1,CALMXB010000009.1,pepQ,68,5.038e-14,0.309
FW_AS_rep_2,GCA_937871025.1,CALMXB010000016.1,cazy_GH13,154,4.331e-41,0.322
FW_AS_rep_2,GCA_937871025.1,CALMXB010000004.1,frhB,44,1.228e-7,0.303
FW_AS_rep_2,GCA_937871025.1,CALMXB010000016.1,agl,114,2.596e-28,0.285
FW_AS_rep_2,GCA_937871025.1,CALMXB010000003.1,dppC,95,1.319e-22,0.294
FW_AS_rep_2,GCA_937871025.1,CALMXB010000018.1,tdcB,248,6.997e-75,0.444
FW_AS_rep_2,GCA_937871025.1,CALMXB010000019.1,pfor,47,2.425e-7,0.244
FW_AS_rep_2,GCA_937871025.1,CALMXB010000009.1,cazy_GH13,201,3.044e-56,0.374
FW_AS_rep_2,GCA_937871025.1,CALMXB010000003.1,folD,354,2.613e-109,0.634
FW_AS_rep_2,GCA_937871025.1,CALMXB010000024.1,adhE,355,3.532e-109,0.455
FW_AS_rep_2,GCA_937871025.1,CALMXB010000003.1,sucD,290,8.517e-90,0.534
FW_AS_rep_2,GCA_937871025.1,CALMXB010000023.1,acs,357,3.367e-109,0.38
FW_AS_rep_2,GCA_937871025.1,CALMXB010000003.1,fadD,194,6.003e-54,0.31
FW_AS_rep_2,GCA_937871025.1,CALMXB010000003.1,lysophospholipase,90,7.678e-22,0.273
FW_AS_rep_2,GCA_937871025.1,CALMXB010000004.1,oppB,185,3.703e-53,0.329
FW_AS_rep_2,GCA_937871025.1,CALMXB010000004.1,thl,340,6.228e-105,0.512
FW_AS_rep_2,GCA_937871025.1,CALMXB010000019.1,mer,194,3.697e-56,0.338
FW_AS_rep_2,GCA_937871025.1,CALMXB010000003.1,mvhA,507,5.73e-161,0.516
FW_AS_rep_2,GCA_937871025.1,CALMXB010000023.1,fadD,134,1.694e-34,0.287
FW_AS_rep_2,GCA_937871025.1,CALMXB010000003.1,mmcG,130,1.452e-37,0.457
FW_AS_rep_2,GCA_937871025.1,CALMXB010000003.1,mvhG,147,1.694e-42,0.443
FW_AS_rep_2,GCA_937871025.1,CALMXB010000003.1,pepQ,60,4.314e-12,0.299
FW_AS_rep_2,GCA_937871025.1,CALMXB010000003.1,oppB,115,2.424e-29,0.29
FW_AS_rep_2,GCA_937871025.1,CALMXB010000004.1,dppC,184,9.367e-53,0.335
FW_AS_rep_2,GCA_937871025.1,CALMXB010000018.1,hydA,45,4.26e-8,0.333
FW_AS_rep_2,GCA_937871025.1,CALMXB010000004.1,fadA,360,1.016e-111,0.518
FW_AS_rep_2,GCA_937871025.1,CALMXB010000004.1,pfor,1468,0.0,0.63
FW_AS_rep_2,GCA_937871025.1,CALMXB010000009.1,fhs,648,1.578e-207,0.558
FW_AS_rep_2,GCA_937871025.1,CALMXB010000003.1,mmcE,719,1.232e-232,0.662
FW_AS_rep_2,GCA_937871025.1,CALMXB010000003.1,pgi,67,3.231e-13,0.303
FW_AS_rep_2,GCA_937871025.1,CALMXB010000009.1,agl,310,1.016e-92,0.415
FW_AS_rep_2,GCA_937871025.1,CALMXB010000024.1,aldh,477,3.871e-151,0.529
FW_AS_rep_2,GCA_937871025.1,CALMXB010000003.1,cazy_GH13,190,2.72e-52,0.352
FW_AS_rep_2,GCA_937871025.1,CALMXB010000004.1,bgl,175,1.986e-48,0.309
FW_AS_rep_2,GCA_937871025.1,CALMXB010000019.1,frhG,47,3.481e-8,0.301
FW_AS_rep_2,GCA_937871025.1,CALMXB010000019.1,pfkA,146,1.42e-39,0.313
FW_AS_rep_2,GCA_937871025.1,CALMXB010000018.1,pepT,238,4.162e-69,0.392
FW_AS_rep_2,GCA_937871025.1,CALMXB010000003.1,dppB,115,3.262e-29,0.3
FW_AS_rep_2,GCA_937871025.1,CALMXB010000004.1,gdh,420,1.005e-132,0.518
FW_AS_rep_2,GCA_937871025.1,CALMXB010000019.1,hydA,42,6.668e-7,0.366
FW_AS_rep_2,GCA_937871025.1,CALMXB010000004.1,hydA,96,3.642e-22,0.284
FW_AS_rep_2,GCA_937871025.1,CALMXB010000003.1,frhA,187,5.267e-52,0.305
FW_AS_rep_2,GCA_937871025.1,CALMXB010000012.1,oppA,121,2.645e-30,0.286
FW_AS_rep_2,GCA_937871025.1,CALMXB010000003.1,mmcF,181,2.75e-55,0.674
FW_AS_rep_2,GCA_937871025.1,CALMXB010000018.1,frhG,53,7.196e-11,0.316
FW_AS_rep_2,GCA_937871025.1,CALMXB010000004.1,fdhA,166,1.455e-43,0.252
FW_AS_rep_2,GCA_937871025.1,CALMXB010000003.1,acs,164,4.194e-44,0.284
FW_AS_rep_2,GCA_937871025.1,CALMXB010000006.1,aldh,53,2.261e-9,0.243
FW_AS_rep_2,GCA_937871025.1,CALMXB010000016.1,fadD,42,3.376e-6,0.262
FW_AS_rep_2,GCA_937871025.1,CALMXB010000016.1,tdcB,68,4.668e-14,0.299
FW_AS_rep_2,GCA_937871025.1,CALMXB010000004.1,dppB,207,1.065e-60,0.363
FW_AS_rep_2,GCA_937871025.1,CALMXB010000012.1,oppB,228,2.558e-68,0.416
FW_AS_rep_2,GCA_937871025.1,CALMXB010000003.1,gapA,338,6.779e-106,0.517
FW_AS_rep_2,GCA_937871025.1,CALMXB010000003.1,hydA,113,1.831e-27,0.282
FW_AS_rep_2,GCA_937871025.1,CALMXB010000003.1,frhG,69,8.981e-16,0.31
FW_AS_rep_2,GCA_937871025.1,CALMXB010000003.1,acylglycerol_lipase,264,2.836e-81,0.435
FW_AS_rep_2,GCA_937871025.1,CALMXB010000004.1,frhG,48,5.901e-9,0.393
FW_AS_rep_2,GCA_937871025.1,CALMXB010000004.1,oppA,105,5.376e-25,0.255
FW_AS_rep_2,GCA_937871025.1,CALMXB010000010.1,extracellular_protease,188,3.774e-51,0.295
FW_AS_rep_2,GCA_937871025.1,CALMXB010000003.1,dppA,144,1.319e-37,0.258
FW_AS_rep_2,GCA_937871025.1,CALMXB010000016.1,extracellular_protease,123,2.876e-30,0.309
FW_AS_rep_2,GCA_937871025.1,CALMXB010000003.1,tdcB,197,1.175e-57,0.385
FW_AS_rep_2,GCA_937871025.1,CALMXB010000006.1,acylglycerol_lipase,50,4.698e-9,0.349
FW_AS_rep_2,GCA_937871025.1,CALMXB010000004.1,pfkA,265,8.473e-81,0.495
FW_AS_rep_2,GCA_937871025.1,CALMXB010000018.1,mvhG,54,5.29e-11,0.269
FW_AS_rep_2,GCA_937871025.1,CALMXB010000012.1,dppA,169,2.372e-45,0.312
FW_AS_rep_2,GCA_937871025.1,CALMXB010000012.1,dppB,302,3.828e-93,0.49
FW_AS_rep_2,GCA_937871025.1,CALMXB010000019.1,pyk,390,4.58e-121,0.475
FW_AS_rep_2,GCA_937871025.1,CALMXB010000018.1,frhA,75,2.58e-16,0.201
FW_AS_rep_2,GCA_937871025.1,CALMXB010000003.1,pfkA,203,6.596e-59,0.392
FW_AS_rep_2,GCA_937871025.1,CALMXB010000004.1,cat,74,1.334e-16,0.275
FW_AS_rep_2,GCA_040772985.1,JAXGXB010000001.1,mmcG,111,6.604e-31,0.412
FW_AS_rep_2,GCA_040772985.1,JAXGXB010000001.1,pfkA,171,7.319e-48,0.349
FW_AS_rep_2,GCA_040772985.1,JAXGXB010000001.1,fadA,306,8.02e-94,0.441
FW_AS_rep_2,GCA_040772985.1,JAXGXB010000001.1,gapA,344,7.101e-108,0.537
FW_AS_rep_2,GCA_040772985.1,JAXGXB010000001.1,agl,100,1.339e-23,0.259
FW_AS_rep_2,GCA_040772985.1,JAXGXB010000001.1,hydA,504,1.02e-158,0.451
FW_AS_rep_2,GCA_040772985.1,JAXGXB010000001.1,adhE,144,1.143e-38,0.321
FW_AS_rep_2,GCA_040772985.1,JAXGXB010000001.1,mmcF,130,1.39e-32,0.535
FW_AS_rep_2,GCA_040772985.1,JAXGXB010000001.1,pepA,347,3.471e-106,0.458
FW_AS_rep_2,GCA_040772985.1,JAXGXB010000001.1,acs,106,1.024e-25,0.255
FW_AS_rep_2,GCA_040772985.1,JAXGXB010000001.1,pta,230,1.074e-68,0.467
FW_AS_rep_2,GCA_040772985.1,JAXGXB010000001.1,folD,256,3.738e-78,0.468
FW_AS_rep_2,GCA_040772985.1,JAXGXB010000001.1,fdhA,77,4.093e-16,0.32
FW_AS_rep_2,GCA_040772985.1,JAXGXB010000001.1,endopeptidase,46,2.424e-7,0.314
FW_AS_rep_2,GCA_040772985.1,JAXGXB010000001.1,etfB,164,2.333e-47,0.413
FW_AS_rep_2,GCA_040772985.1,JAXGXB010000001.1,mmcE,526,4.242e-164,0.536
FW_AS_rep_2,GCA_040772985.1,JAXGXB010000001.1,thl,381,8.512e-120,0.531
FW_AS_rep_2,GCA_040772985.1,JAXGXB010000001.1,pepD,81,1.978e-18,0.26
FW_AS_rep_2,GCA_040772985.1,JAXGXB010000001.1,pfor,1343,0.0,0.588
FW_AS_rep_2,GCA_040772985.1,JAXGXB010000001.1,pepQ,145,8.454e-39,0.323
FW_AS_rep_2,GCA_040772985.1,JAXGXB010000001.1,fumB,115,6.979e-31,0.397
FW_AS_rep_2,GCA_040772985.1,JAXGXB010000001.1,pepT,238,1.594e-70,0.401
FW_AS_rep_2,GCA_040772985.1,JAXGXB010000001.1,fadD,267,4.525e-78,0.357
FW_AS_rep_2,GCA_040772985.1,JAXGXB010000001.1,gdh,591,2.121e-191,0.635
FW_AS_rep_2,GCA_040772985.1,JAXGXB010000001.1,pgi,108,1.367e-26,0.289
FW_AS_rep_2,GCA_040772985.1,JAXGXB010000001.1,fhs,688,1.863e-222,0.598
FW_AS_rep_2,GCA_040772985.1,JAXGXB010000001.1,rnfB,97,8.555e-24,0.338
FW_AS_rep_2,GCA_040772985.1,JAXGXB010000001.1,cazy_GH13,145,3.411e-37,0.325
FW_AS_rep_2,GCA_040772985.1,JAXGXB010000001.1,frhG,57,7.267e-14,0.456
FW_AS_rep_2,GCA_040772985.1,JAXGXB010000001.1,cat,296,1.765e-93,0.685
FW_AS_rep_2,GCA_040772985.1,JAXGXB010000001.1,etfA,241,2.087e-71,0.461
FW_AS_rep_2,GCA_040772985.1,JAXGXB010000001.1,fadE,289,4.458e-88,0.459
FW_AS_rep_2,GCA_040772985.1,JAXGXB010000001.1,extracellular_protease,173,3.652e-45,0.387
FW_AS_rep_2,GCA_040772985.1,JAXGXB010000001.1,pepN,157,1.568e-40,0.272
FW_AS_rep_2,GCA_040772985.1,JAXGXB010000001.1,bcd,320,8.301e-99,0.468
FW_AS_rep_2,GCA_040772985.1,JAXGXB010000001.1,ackA,406,5.162e-128,0.541
FW_AS_rep_2,GCA_040772985.1,JAXGXB010000001.1,frhB,51,1.199e-11,0.403
FW_AS_rep_2,GCA_035358495.1,DAOPPM010000014.1,mvhG,130,1.244e-35,0.301
FW_AS_rep_2,GCA_035358495.1,DAOPPM010000001.1,folD,349,1.288e-110,0.6
FW_AS_rep_2,GCA_035358495.1,DAOPPM010000009.1,frhG,51,1.729e-8,0.406
FW_AS_rep_2,GCA_035358495.1,DAOPPM010000004.1,adhE,121,4.031e-31,0.31
FW_AS_rep_2,GCA_035358495.1,DAOPPM010000028.1,rnfB,48,1.227e-8,0.288
FW_AS_rep_2,GCA_035358495.1,DAOPPM010000020.1,hbd,327,2.145e-102,0.543
FW_AS_rep_2,GCA_035358495.1,DAOPPM010000001.1,extracellular_protease,189,6.342e-50,0.388
FW_AS_rep_2,GCA_035358495.1,DAOPPM010000017.1,mmcG,111,7.796e-31,0.409
FW_AS_rep_2,GCA_035358495.1,DAOPPM010000021.1,pepN,69,6.048e-14,0.232
FW_AS_rep_2,GCA_035358495.1,DAOPPM010000041.1,gdh,452,6.241e-143,0.528
FW_AS_rep_2,GCA_035358495.1,DAOPPM010000001.1,adh,89,1.816e-21,0.289
FW_AS_rep_2,GCA_035358495.1,DAOPPM010000008.1,dppB,281,9.87e-87,0.459
FW_AS_rep_2,GCA_035358495.1,DAOPPM010000011.1,ackA,69,1.236e-15,0.396
FW_AS_rep_2,GCA_035358495.1,DAOPPM010000005.1,extracellular_protease,213,1.327e-57,0.404
FW_AS_rep_2,GCA_035358495.1,DAOPPM010000004.1,gdh,574,1.897e-185,0.621
FW_AS_rep_2,GCA_035358495.1,DAOPPM010000020.1,thl,396,1.151e-124,0.551
FW_AS_rep_2,GCA_035358495.1,DAOPPM010000014.1,frhG,85,2.178e-20,0.298
FW_AS_rep_2,GCA_035358495.1,DAOPPM010000028.1,mvhD,191,2.655e-58,0.598
FW_AS_rep_2,GCA_035358495.1,DAOPPM010000028.1,pfor,44,4.089e-7,0.324
FW_AS_rep_2,GCA_035358495.1,DAOPPM010000042.1,mvhA,493,2.143e-156,0.524
FW_AS_rep_2,GCA_035358495.1,DAOPPM010000013.1,frhB,51,3.03e-9,0.419
FW_AS_rep_2,GCA_035358495.1,DAOPPM010000002.1,rnfB,46,1.558e-7,0.333
FW_AS_rep_2,GCA_035358495.1,DAOPPM010000008.1,dppC,203,3.298e-58,0.466
FW_AS_rep_2,GCA_035358495.1,DAOPPM010000028.1,mvhG,281,4.207e-86,0.441
FW_AS_rep_2,GCA_035358495.1,DAOPPM010000041.1,etfB,127,1.888e-34,0.364
FW_AS_rep_2,GCA_035358495.1,DAOPPM010000004.1,frhG,50,9.131e-9,0.439
FW_AS_rep_2,GCA_035358495.1,DAOPPM010000003.1,frhB,42,2.561e-7,0.333
FW_AS_rep_2,GCA_035358495.1,DAOPPM010000026.1,bcd,271,1.463e-81,0.397
FW_AS_rep_2,GCA_035358495.1,DAOPPM010000008.1,oppA,338,2.082e-102,0.38
FW_AS_rep_2,GCA_035358495.1,DAOPPM010000003.1,mvhG,44,2.583e-7,0.288
FW_AS_rep_2,GCA_035358495.1,DAOPPM010000003.1,extracellular_protease,108,9.794e-26,0.346
FW_AS_rep_2,GCA_035358495.1,DAOPPM010000004.1,rnfB,45,2.736e-7,0.31
FW_AS_rep_2,GCA_035358495.1,DAOPPM010000020.1,fadB,226,8.294e-68,0.458
FW_AS_rep_2,GCA_035358495.1,DAOPPM010000028.1,pepT,236,1.033e-69,0.409
FW_AS_rep_2,GCA_035358495.1,DAOPPM010000029.1,crt,196,3.072e-58,0.444
FW_AS_rep_2,GCA_035358495.1,DAOPPM010000060.1,pfor,93,1.422e-22,0.261
FW_AS_rep_2,GCA_035358495.1,DAOPPM010000041.1,etfA,201,5.592e-59,0.397
FW_AS_rep_2,GCA_035358495.1,DAOPPM010000005.1,mmcF,168,5.585e-51,0.589
FW_AS_rep_2,GCA_035358495.1,DAOPPM010000025.1,pfkA,211,2.957e-62,0.411
FW_AS_rep_2,GCA_035358495.1,DAOPPM010000014.1,mvhA,205,1.242e-58,0.33
FW_AS_rep_2,GCA_035358495.1,DAOPPM010000004.1,etfB,147,8.662e-41,0.332
FW_AS_rep_2,GCA_035358495.1,DAOPPM010000009.1,frhB,46,4.786e-7,0.475
FW_AS_rep_2,GCA_035358495.1,DAOPPM010000018.1,pfkA,205,1.193e-59,0.38
FW_AS_rep_2,GCA_035358495.1,DAOPPM010000004.1,etfA,192,1.666e-55,0.393
FW_AS_rep_2,GCA_035358495.1,DAOPPM010000029.1,hydA,40,5.663e-7,0.312
FW_AS_rep_2,GCA_035358495.1,DAOPPM010000004.1,frhB,45,2.736e-7,0.318
FW_AS_rep_2,GCA_035358495.1,DAOPPM010000020.1,fadA,253,1.655e-75,0.389
FW_AS_rep_2,GCA_035358495.1,DAOPPM010000017.1,mmcE,647,1.973e-209,0.616
FW_AS_rep_2,GCA_035358495.1,DAOPPM010000011.1,hydA,40,5.497e-6,0.353
FW_AS_rep_2,GCA_035358495.1,DAOPPM010000004.1,hydA,40,8.098e-6,0.452
FW_AS_rep_2,GCA_035358495.1,DAOPPM010000003.1,ackA,416,1.093e-131,0.565
FW_AS_rep_2,GCA_035358495.1,DAOPPM010000005.1,bcd,323,7.644e-100,0.451
FW_AS_rep_2,GCA_035358495.1,DAOPPM010000005.1,fadE,263,1.767e-79,0.418
FW_AS_rep_2,GCA_035358495.1,DAOPPM010000018.1,pfor,50,1.249e-8,0.265
FW_AS_rep_2,GCA_035358495.1,DAOPPM010000003.1,hydA,47,8.689e-9,0.362
FW_AS_rep_2,GCA_035358495.1,DAOPPM010000008.1,oppB,244,7.25e-72,0.521
FW_AS_rep_2,GCA_035358495.1,DAOPPM010000028.1,pfkA,248,5.64e-75,0.45
FW_AS_rep_2,GCA_035358495.1,DAOPPM010000026.1,fadE,256,1.078e-76,0.42
FW_AS_rep_2,GCA_035358495.1,DAOPPM010000029.1,pepQ,93,8.625e-23,0.307
FW_AS_rep_2,GCA_035358495.1,DAOPPM010000014.1,frhA,152,6.4e-41,0.294
FW_AS_rep_2,GCA_035358495.1,DAOPPM010000018.1,hydA,41,9.048e-8,0.333
FW_AS_rep_2,GCA_035358495.1,DAOPPM010000013.1,hydA,58,1.581e-11,0.432
FW_AS_rep_2,GCA_035358495.1,DAOPPM010000003.1,frhG,49,1.855e-9,0.36
FW_AS_rep_2,GCA_035358495.1,DAOPPM010000029.1,etfA,183,5.081e-54,0.416
FW_AS_rep_2,GCA_035358495.1,DAOPPM010000028.1,hydA,51,1.165e-9,0.294
FW_AS_rep_2,GCA_035358495.1,DAOPPM010000001.1,pgi,136,7.68e-38,0.395
FW_AS_rep_2,GCA_035358495.1,DAOPPM010000001.1,pepQ,62,5.651e-13,0.304
FW_AS_rep_2,GCA_035358495.1,DAOPPM010000045.1,hydA,52,4.663e-11,0.379
FW_AS_rep_2,GCA_035358495.1,DAOPPM010000028.1,frhB,46,7.11e-8,0.425
FW_AS_rep_2,GCA_035358495.1,DAOPPM010000045.1,pfor,167,2.216e-46,0.339
FW_AS_rep_2,GCA_035358495.1,DAOPPM010000011.1,lctB,72,1.126e-15,0.252
FW_AS_rep_2,GCA_035358495.1,DAOPPM010000008.1,dppA,273,3.687e-80,0.326
FW_AS_rep_2,GCA_035358495.1,DAOPPM010000009.1,rnfB,51,1.695e-8,0.434
FW_AS_rep_2,GCA_035358495.1,DAOPPM010000001.1,fhs,653,2.11e-210,0.577
FW_AS_rep_2,GCA_035358495.1,DAOPPM010000042.1,frhA,158,1.803e-42,0.285
FW_AS_rep_2,GCA_035358495.1,DAOPPM010000028.1,frhG,74,4.233e-16,0.29
FW_AS_rep_2,GCA_035358495.1,DAOPPM010000029.1,fadB,164,3.157e-47,0.435
FW_AS_rep_2,GCA_035358495.1,DAOPPM010000009.1,fdhA,67,1.687e-13,0.29
FW_AS_rep_2,GCA_035358495.1,DAOPPM010000011.1,gapA,304,2.759e-94,0.477
FW_AS_rep_2,GCA_035358495.1,DAOPPM010000004.1,pta,124,1.07e-32,0.344
FW_AS_rep_2,GCA_035358495.1,DAOPPM010000010.1,tdcB,67,3.706e-14,0.255
FW_AS_rep_2,GCA_035358495.1,DAOPPM010000009.1,hydA,513,7.061e-162,0.453
FW_AS_rep_2,GCA_035358495.1,DAOPPM010000041.1,fumB,133,5.186e-38,0.405
FW_AS_rep_2,GCA_035358495.1,DAOPPM010000028.1,lctB,47,6.966e-8,0.238
FW_AS_rep_2,GCA_023622505.1,JAMNZC010000143.1,fdhA,56,3.971e-10,0.43
FW_AS_rep_2,GCA_023622505.1,JAMNZC010000058.1,thl,400,2.424e-126,0.534
FW_AS_rep_2,GCA_023622505.1,JAMNZC010000076.1,frhG,51,7.494e-9,0.373
FW_AS_rep_2,GCA_023622505.1,JAMNZC010000140.1,hydA,501,4.713e-158,0.442
FW_AS_rep_2,GCA_023622505.1,JAMNZC010000087.1,oppB,196,1.778e-57,0.411
FW_AS_rep_2,GCA_023622505.1,JAMNZC010000011.1,pta,111,8.57e-29,0.311
FW_AS_rep_2,GCA_023622505.1,JAMNZC010000164.1,pepQ,140,8.879e-38,0.289
FW_AS_rep_2,GCA_023622505.1,JAMNZC010000087.1,dppB,182,1.349e-52,0.34
FW_AS_rep_2,GCA_023622505.1,JAMNZC010000076.1,frhB,48,5.347e-8,0.5
FW_AS_rep_2,GCA_023622505.1,JAMNZC010000017.1,frhG,46,3.276e-7,0.4
FW_AS_rep_2,GCA_023622505.1,JAMNZC010000228.1,fadD,197,1.99e-54,0.323
FW_AS_rep_2,GCA_023622505.1,JAMNZC010000301.1,lysophospholipase,45,4.374e-7,0.315
FW_AS_rep_2,GCA_023622505.1,JAMNZC010000269.1,pepQ,66,2.889e-14,0.292
FW_AS_rep_2,GCA_023622505.1,JAMNZC010000239.1,rnfB,109,2.76e-28,0.343
FW_AS_rep_2,GCA_023622505.1,JAMNZC010000076.1,hydA,49,1.74e-8,0.333
FW_AS_rep_2,GCA_023622505.1,JAMNZC010000229.1,frhB,43,2.271e-6,0.328
FW_AS_rep_2,GCA_023622505.1,JAMNZC010000010.1,tdcB,80,9.146e-18,0.245
FW_AS_rep_2,GCA_023622505.1,JAMNZC010000319.1,gapA,369,3.523e-116,0.555
FW_AS_rep_2,GCA_023622505.1,JAMNZC010000229.1,etfA,238,2.12e-70,0.431
FW_AS_rep_2,GCA_023622505.1,JAMNZC010000203.1,oppB,139,1.213e-36,0.383
FW_AS_rep_2,GCA_023622505.1,JAMNZC010000239.1,frhG,51,2.942e-9,0.29
FW_AS_rep_2,GCA_023622505.1,JAMNZC010000142.1,folD,174,3.998e-50,0.407
FW_AS_rep_2,GCA_023622505.1,JAMNZC010000143.1,hydA,490,4.38e-154,0.447
FW_AS_rep_2,GCA_023622505.1,JAMNZC010000087.1,adh,74,7.209e-17,0.313
FW_AS_rep_2,GCA_023622505.1,JAMNZC010000229.1,hydA,46,3.211e-7,0.363
FW_AS_rep_2,GCA_023622505.1,JAMNZC010000010.1,dppA,167,8.542e-45,0.281
FW_AS_rep_2,GCA_023622505.1,JAMNZC010000288.1,pfkA,115,4.198e-29,0.309
FW_AS_rep_2,GCA_023622505.1,JAMNZC010000097.1,rnfB,44,2.617e-9,0.367
FW_AS_rep_2,GCA_023622505.1,JAMNZC010000041.1,gdh,68,2.759e-14,0.568
FW_AS_rep_2,GCA_023622505.1,JAMNZC010000245.1,pyk,347,2.186e-106,0.429
FW_AS_rep_2,GCA_023622505.1,JAMNZC010000016.1,xylB,68,5.815e-14,0.245
FW_AS_rep_2,GCA_023622505.1,JAMNZC010000097.1,frhB,51,1.141e-11,0.487
FW_AS_rep_2,GCA_023622505.1,JAMNZC010000203.1,dppB,105,4.845e-28,0.345
FW_AS_rep_2,GCA_023622505.1,JAMNZC010000144.1,lysophospholipase,49,1.286e-8,0.261
FW_AS_rep_2,GCA_023622505.1,JAMNZC010000193.1,hydA,41,4.481e-6,0.369
FW_AS_rep_2,GCA_023622505.1,JAMNZC010000027.1,fumB,125,1.665e-34,0.413
FW_AS_rep_2,GCA_023622505.1,JAMNZC010000216.1,mcrA,195,4.345e-60,0.661
FW_AS_rep_2,GCA_023622505.1,JAMNZC010000177.1,cat,271,6.698e-85,0.637
FW_AS_rep_2,GCA_023622505.1,JAMNZC010000203.1,dppC,117,1.66e-29,0.339
FW_AS_rep_2,GCA_023622505.1,JAMNZC010000017.1,frhB,42,9.089e-6,0.366
FW_AS_rep_2,GCA_023622505.1,JAMNZC010000082.1,acs,72,1.149e-15,0.301
FW_AS_rep_2,GCA_023622505.1,JAMNZC010000017.1,hydA,56,4.233e-10,0.423
FW_AS_rep_2,GCA_023622505.1,JAMNZC010000151.1,dppA,147,8.498e-39,0.278
FW_AS_rep_2,GCA_023622505.1,JAMNZC010000261.1,endopeptidase,198,2.457e-53,0.373
FW_AS_rep_2,GCA_023622505.1,JAMNZC010000055.1,gdh,589,8.222e-191,0.637
FW_AS_rep_2,GCA_023622505.1,JAMNZC010000226.1,tdcB,71,1.486e-15,0.25
FW_AS_rep_2,GCA_023622505.1,JAMNZC010000229.1,fadE,260,7.268e-78,0.433
FW_AS_rep_2,GCA_023622505.1,JAMNZC010000041.1,fadD,124,8.63e-34,0.382
FW_AS_rep_2,GCA_023622505.1,JAMNZC010000066.1,ackA,411,1.466e-129,0.544
FW_AS_rep_2,GCA_023622505.1,JAMNZC010000149.1,adhE,124,6.711e-32,0.26
FW_AS_rep_2,GCA_023622505.1,JAMNZC010000196.1,pepT,142,2.947e-38,0.335
FW_AS_rep_2,GCA_023622505.1,JAMNZC010000144.1,acylglycerol_lipase,116,1.722e-30,0.34
FW_AS_rep_2,GCA_023622505.1,JAMNZC010000083.1,frhG,51,1.542e-11,0.377
FW_AS_rep_2,GCA_023622505.1,JAMNZC010000281.1,pepQ,135,1.589e-36,0.38
FW_AS_rep_2,GCA_023622505.1,JAMNZC010000058.1,fadA,289,5.564e-88,0.443
FW_AS_rep_2,GCA_023622505.1,JAMNZC010000083.1,pta,155,1.289e-43,0.365
FW_AS_rep_2,GCA_023622505.1,JAMNZC010000091.1,agl,54,1.923e-9,0.346
FW_AS_rep_2,GCA_023622505.1,JAMNZC010000082.1,fadD,87,2.338e-20,0.266
FW_AS_rep_2,GCA_023622505.1,JAMNZC010000321.1,dppA,361,1.607e-110,0.384
FW_AS_rep_2,GCA_023622505.1,JAMNZC010000228.1,acs,44,2.178e-6,0.26
FW_AS_rep_2,GCA_023622505.1,JAMNZC010000229.1,bcd,310,6.253e-95,0.434
FW_AS_rep_2,GCA_023622505.1,JAMNZC010000010.1,oppA,197,2.026e-54,0.311
FW_AS_rep_2,GCA_023622505.1,JAMNZC010000087.1,dppC,184,1.491e-53,0.379
FW_AS_rep_2,GCA_023622505.1,JAMNZC010000044.1,xylF,179,1.176e-50,0.337
FW_AS_rep_2,GCA_023622505.1,JAMNZC010000310.1,ackA,98,8.985e-24,0.243
FW_AS_rep_2,GCA_023622505.1,JAMNZC010000162.1,pfor,1400,0.0,0.595
FW_AS_rep_2,GCA_023622505.1,JAMNZC010000229.1,etfB,159,1.778e-45,0.402
FW_AS_rep_2,GCA_023622505.1,JAMNZC010000266.1,fhs,638,1.415e-205,0.561
FW_AS_rep_2,GCA_023622505.1,JAMNZC010000274.1,acs,71,4.96e-18,0.411
FW_AS_rep_2,GCA_023622505.1,JAMNZC010000011.1,pfkA,161,5.176e-45,0.306
FW_AS_rep_2,GCA_023622505.1,JAMNZC010000058.1,pepT,66,6.896e-17,0.534
FW_AS_rep_2,GCA_023622505.1,JAMNZC010000239.1,frhB,52,1.242e-9,0.541
FW_AS_rep_2,GCA_023622505.1,JAMNZC010000014.1,fadD,67,3.563e-15,0.368
FW_AS_rep_2,GCA_023622505.1,JAMNZC010000083.1,frhB,44,4.803e-9,0.391
FW_AS_rep_2,GCA_023622505.1,JAMNZC010000321.1,oppA,462,3.205e-145,0.477
FW_AS_rep_2,GCA_023622505.1,JAMNZC010000238.1,dppB,50,2.811e-9,0.272
FW_AS_rep_2,GCA_023622505.1,JAMNZC010000151.1,oppA,126,4.158e-32,0.261
FW_AS_rep_2,GCA_023622505.1,JAMNZC010000140.1,fdhA,60,1.825e-11,0.466
FW_AS_rep_2,GCA_009877105.1,WXFD01000010.1,mvhA,58,5.672e-11,0.369
FW_AS_rep_2,GCA_009877105.1,WXFD01000010.1,lctB,60,2.845e-11,0.246
FW_AS_rep_2,GCA_009877105.1,WXFD01000004.1,susC,58,1.251e-10,0.24
FW_AS_rep_2,GCA_009877105.1,WXFD01000034.1,pepQ,181,4.317e-49,0.332
FW_AS_rep_2,GCA_009877105.1,WXFD01000058.1,fadE,254,1.887e-73,0.385
FW_AS_rep_2,GCA_009877105.1,WXFD01000024.1,mvhG,47,3.254e-8,0.322
FW_AS_rep_2,GCA_009877105.1,WXFD01000019.1,xylB,89,1.869e-20,0.259
FW_AS_rep_2,GCA_009877105.1,WXFD01000055.1,cazy_GH13,46,6.466e-7,0.41
FW_AS_rep_2,GCA_009877105.1,WXFD01000034.1,frhB,51,7.866e-9,0.4
FW_AS_rep_2,GCA_009877105.1,WXFD01000012.1,glcP,178,1.241e-48,0.302
FW_AS_rep_2,GCA_009877105.1,WXFD01000010.1,susD,133,8.063e-34,0.274
FW_AS_rep_2,GCA_009877105.1,WXFD01000026.1,susC,354,6.829e-103,0.297
FW_AS_rep_2,GCA_009877105.1,WXFD01000013.1,susC,744,4.077e-234,0.429
FW_AS_rep_2,GCA_009877105.1,WXFD01000016.1,ilvE,258,4.123e-78,0.423
FW_AS_rep_2,GCA_009877105.1,WXFD01000006.1,susD,191,2.312e-53,0.332
FW_AS_rep_2,GCA_009877105.1,WXFD01000027.1,acs,279,3.894e-82,0.36
FW_AS_rep_2,GCA_009877105.1,WXFD01000034.1,rnfB,49,3.385e-8,0.413
FW_AS_rep_2,GCA_009877105.1,WXFD01000055.1,frhA,45,9.153e-7,0.248
FW_AS_rep_2,GCA_009877105.1,WXFD01000058.1,bcd,270,9.416e-79,0.387
FW_AS_rep_2,GCA_009877105.1,WXFD01000009.1,pepD,508,6.865e-162,0.523
FW_AS_rep_2,GCA_009877105.1,WXFD01000057.1,susC,313,2.64e-89,0.297
FW_AS_rep_2,GCA_009877105.1,WXFD01000050.1,cazy_GH5,75,2.957e-16,0.312
FW_AS_rep_2,GCA_009877105.1,WXFD01000055.1,hydA,40,4.055e-6,0.355
FW_AS_rep_2,GCA_009877105.1,WXFD01000008.1,cazy_GH5,67,1.426e-13,0.244
FW_AS_rep_2,GCA_009877105.1,WXFD01000050.1,cazy_GH10,128,5.286e-33,0.309
FW_AS_rep_2,GCA_009877105.1,WXFD01000013.1,cazy_GH10,48,1.275e-7,0.274
FW_AS_rep_2,GCA_009877105.1,WXFD01000058.1,etfA,202,3e-59,0.389
FW_AS_rep_2,GCA_009877105.1,WXFD01000055.1,ilvE,74,1.025e-16,0.387
FW_AS_rep_2,GCA_009877105.1,WXFD01000015.1,susD,146,5.061e-38,0.281
FW_AS_rep_2,GCA_009877105.1,WXFD01000043.1,susC,197,1.055e-52,0.257
FW_AS_rep_2,GCA_009877105.1,WXFD01000043.1,pfor,1430,0.0,0.623
FW_AS_rep_2,GCA_009877105.1,WXFD01000007.1,crt,196,2.723e-58,0.444
FW_AS_rep_2,GCA_009877105.1,WXFD01000058.1,glcP,197,1.352e-55,0.301
FW_AS_rep_2,GCA_009877105.1,WXFD01000043.1,fdhA,555,3.575e-171,0.431
FW_AS_rep_2,GCA_009877105.1,WXFD01000055.1,tdcB,247,2.198e-74,0.448
FW_AS_rep_2,GCA_009877105.1,WXFD01000034.1,susC,412,8.538e-122,0.319
FW_AS_rep_2,GCA_009877105.1,WXFD01000010.1,susC,516,4.027e-158,0.394
FW_AS_rep_2,GCA_009877105.1,WXFD01000053.1,susD,190,3.828e-53,0.323
FW_AS_rep_2,GCA_009877105.1,WXFD01000019.1,adhE,140,2.066e-37,0.301
FW_AS_rep_2,GCA_009877105.1,WXFD01000043.1,gapA,481,4.175e-155,0.686
FW_AS_rep_2,GCA_009877105.1,WXFD01000058.1,pepQ,51,2.439e-9,0.258
FW_AS_rep_2,GCA_009877105.1,WXFD01000013.1,xylA,516,8.066e-164,0.551
FW_AS_rep_2,GCA_009877105.1,WXFD01000036.1,pfkA,147,2.85e-39,0.337
FW_AS_rep_2,GCA_009877105.1,WXFD01000053.1,fwdA,43,2.766e-6,0.392
FW_AS_rep_2,GCA_009877105.1,WXFD01000075.1,frhB,44,8.092e-8,0.477
FW_AS_rep_2,GCA_009877105.1,WXFD01000042.1,susC,355,1.149e-102,0.293
FW_AS_rep_2,GCA_009877105.1,WXFD01000013.1,extracellular_protease,108,2.471e-26,0.316
FW_AS_rep_2,GCA_009877105.1,WXFD01000035.1,cazy_GH5,77,5.959e-17,0.274
FW_AS_rep_2,GCA_009877105.1,WXFD01000024.1,ackA,403,2.846e-127,0.531
FW_AS_rep_2,GCA_009877105.1,WXFD01000043.1,pyk,363,6.571e-112,0.466
FW_AS_rep_2,GCA_009877105.1,WXFD01000069.1,susC,341,4.6e-98,0.296
FW_AS_rep_2,GCA_009877105.1,WXFD01000010.1,mvhG,58,1.044e-12,0.278
FW_AS_rep_2,GCA_009877105.1,WXFD01000036.1,endopeptidase,232,3.151e-68,0.388
FW_AS_rep_2,GCA_009877105.1,WXFD01000055.1,fdhA,90,2.644e-20,0.224
FW_AS_rep_2,GCA_009877105.1,WXFD01000019.1,susD,175,2.972e-48,0.309
FW_AS_rep_2,GCA_009877105.1,WXFD01000055.1,susC,539,2.121e-164,0.363
FW_AS_rep_2,GCA_009877105.1,WXFD01000036.1,acs,70,1.237e-14,0.224
FW_AS_rep_2,GCA_009877105.1,WXFD01000027.1,hydA,47,8.242e-8,0.284
FW_AS_rep_2,GCA_009877105.1,WXFD01000036.1,pepD,201,4.813e-60,0.505
FW_AS_rep_2,GCA_009877105.1,WXFD01000008.1,cazy_GH9,80,2.951e-17,0.233
FW_AS_rep_2,GCA_009877105.1,WXFD01000024.1,pta,247,1.463e-74,0.463
FW_AS_rep_2,GCA_009877105.1,WXFD01000053.1,mdh,160,5.744e-45,0.333
FW_AS_rep_2,GCA_009877105.1,WXFD01000034.1,fdhA,70,2.423e-14,0.34
FW_AS_rep_2,GCA_009877105.1,WXFD01000050.1,susC,369,3.653e-107,0.295
FW_AS_rep_2,GCA_009877105.1,WXFD01000050.1,cazy_GH9,48,1.728e-7,0.266
FW_AS_rep_2,GCA_009877105.1,WXFD01000058.1,acylglycerol_lipase,47,5.965e-8,0.3
FW_AS_rep_2,GCA_009877105.1,WXFD01000087.1,susC,170,3.658e-48,0.323
FW_AS_rep_2,GCA_009877105.1,WXFD01000043.1,mmcG,107,1.082e-29,0.384
FW_AS_rep_2,GCA_009877105.1,WXFD01000015.1,hydA,342,8.568e-105,0.421
FW_AS_rep_2,GCA_009877105.1,WXFD01000019.1,cazy_GH43,48,5.981e-8,0.227
FW_AS_rep_2,GCA_009877105.1,WXFD01000007.1,etfA,134,3.874e-37,0.366
FW_AS_rep_2,GCA_009877105.1,WXFD01000012.1,sucD,338,1.328e-106,0.584
FW_AS_rep_2,GCA_009877105.1,WXFD01000010.1,frhG,64,9.655e-15,0.343
FW_AS_rep_2,GCA_009877105.1,WXFD01000048.1,sucC,362,2.807e-113,0.479
FW_AS_rep_2,GCA_009877105.1,WXFD01000010.1,hydA,512,1.736e-161,0.453
FW_AS_rep_2,GCA_009877105.1,WXFD01000008.1,gdh,542,1.513e-174,0.582
FW_AS_rep_2,GCA_009877105.1,WXFD01000007.1,fadB,119,9.347e-32,0.401
FW_AS_rep_2,GCA_009877105.1,WXFD01000050.1,fhs,689,2.51e-223,0.622
FW_AS_rep_2,GCA_009877105.1,WXFD01000043.1,fadD,242,8.516e-69,0.329
FW_AS_rep_2,GCA_009877105.1,WXFD01000055.1,mvhG,40,3.469e-6,0.296
FW_AS_rep_2,GCA_009877105.1,WXFD01000012.1,adh,81,4.33e-19,0.274
FW_AS_rep_2,GCA_009877105.1,WXFD01000013.1,fdhA,48,3.21e-7,0.208
FW_AS_rep_2,GCA_009877105.1,WXFD01000043.1,cazy_GH10,42,9.209e-6,0.307
FW_AS_rep_2,GCA_009877105.1,WXFD01000058.1,etfB,145,5.229e-41,0.379
FW_AS_rep_2,GCA_009877105.1,WXFD01000024.1,folD,310,5.564e-97,0.555
FW_AS_rep_2,GCA_009877105.1,WXFD01000048.1,cazy_GH9,63,4.25e-12,0.213
FW_AS_rep_2,GCA_009877105.1,WXFD01000009.1,pepT,67,1.178e-13,0.309
FW_AS_rep_2,GCA_009877105.1,WXFD01000009.1,dtpT,199,4.418e-55,0.292
FW_AS_rep_2,GCA_009877105.1,WXFD01000010.1,pfkA,226,4.744e-67,0.405
FW_AS_rep_2,GCA_009877105.1,WXFD01000035.1,edd,237,1.2e-67,0.317
FW_AS_rep_2,GCA_009877105.1,WXFD01000018.1,eda,141,1.026e-39,0.368
FW_AS_rep_2,GCA_009877105.1,WXFD01000040.1,rnfB,41,5.151e-6,0.36
FW_AS_rep_2,GCA_009877105.1,WXFD01000055.1,pgi,108,2.09e-26,0.3
FW_AS_rep_2,GCA_009877105.1,WXFD01000043.1,rnfB,82,3.78e-19,0.32
FW_AS_rep_2,GCA_009877105.1,WXFD01000010.1,rnfB,41,1.842e-6,0.294
FW_AS_rep_2,GCA_009877105.1,WXFD01000007.1,susC,372,1.257e-107,0.3
FW_AS_rep_2,GCA_009877105.1,WXFD01000008.1,susC,298,6.981e-84,0.276
FW_AS_rep_2,GCA_009877105.1,WXFD01000006.1,fumB,690,6.186e-224,0.639
FW_AS_rep_2,GCA_009877105.1,WXFD01000006.1,acylglycerol_lipase,154,1.784e-42,0.352
FW_AS_rep_2,GCA_009877105.1,WXFD01000030.1,gdh,605,3.227e-196,0.656
FW_AS_rep_2,GCA_009877105.1,WXFD01000034.1,hydA,493,6.405e-155,0.445
FW_AS_rep_2,GCA_009877105.1,WXFD01000055.1,frhG,49,3.971e-9,0.25
FW_AS_rep_2,GCA_009877105.1,WXFD01000019.1,susC,709,1.225e-222,0.415
FW_AS_rep_2,GCA_009877105.1,WXFD01000075.1,rnfB,41,5.155e-7,0.333
FW_AS_rep_2,GCA_009877105.1,WXFD01000024.1,frhG,45,1.865e-7,0.309
FW_AS_rep_2,GCA_009877105.1,WXFD01000027.1,fadD,173,2.611e-47,0.326
FW_AS_rep_2,GCA_009877105.1,WXFD01000087.1,susD,137,4.182e-37,0.342
FW_AS_rep_2,GCA_009877105.1,WXFD01000006.1,susC,713,1.392e-223,0.399
FW_AS_rep_2,GCA_009877105.1,WXFD01000055.1,mmcF,123,1.203e-30,0.496
FW_AS_rep_2,GCA_009877105.1,WXFD01000043.1,hydA,374,1.813e-114,0.358
FW_AS_rep_2,GCA_009877105.1,WXFD01000027.1,rnfB,40,7.636e-6,0.381
FW_AS_rep_2,GCA_009877105.1,WXFD01000023.1,fadD,239,6.683e-69,0.335
FW_AS_rep_2,GCA_009877105.1,WXFD01000043.1,frhG,52,3.955e-9,0.426
FW_AS_rep_2,GCA_009877105.1,WXFD01000048.1,sucD,105,5.814e-26,0.478
FW_AS_rep_2,GCA_009877105.1,WXFD01000026.1,adhE,95,7.324e-23,0.252
FW_AS_rep_2,GCA_009877105.1,WXFD01000043.1,acs,711,1.874e-229,0.562
FW_AS_rep_2,GCA_009877105.1,WXFD01000010.1,frhA,87,3.392e-20,0.268
FW_AS_rep_2,GCA_009877105.1,WXFD01000015.1,susC,484,2.037e-144,0.338
FW_AS_rep_2,GCA_009877105.1,WXFD01000010.1,fdhA,219,1.526e-60,0.289
FW_AS_rep_2,GCA_009877105.1,WXFD01000053.1,susC,710,4.962e-222,0.408
FW_AS_rep_2,GCA_009877105.1,WXFD01000016.1,fwdA,55,5.899e-10,0.449
FW_AS_rep_2,GCA_009877105.1,WXFD01000055.1,susD,162,4.501e-44,0.346
FW_AS_rep_2,GCA_009877105.1,WXFD01000037.1,gdh,53,1.439e-9,0.454
FW_AS_rep_2,GCA_009877105.1,WXFD01000006.1,pepA,293,8.514e-88,0.4
FW_AS_rep_2,GCA_009877105.1,WXFD01000009.1,susC,332,3.401e-95,0.287
FW_AS_rep_2,GCA_009877105.1,WXFD01000006.1,lysophospholipase,62,1.742e-12,0.273
FW_AS_rep_2,GCA_009877105.1,WXFD01000006.1,pepQ,98,2.096e-23,0.269
FW_AS_rep_2,GCA_009877105.1,WXFD01000055.1,agl,45,1.124e-6,0.44
FW_AS_rep_2,GCA_009877105.1,WXFD01000036.1,fadD,266,5.751e-78,0.366
FW_AS_rep_2,GCA_009877105.1,WXFD01000055.1,mmcE,483,1.403e-149,0.486
FW_AS_rep_2,GCA_009877105.1,WXFD01000034.1,frhG,61,9.663e-12,0.425
FW_AS_rep_2,GCA_009877105.1,WXFD01000006.1,glcP,184,1.427e-51,0.327
FW_AS_rep_2,GCA_009877105.1,WXFD01000010.1,frhB,42,1.118e-6,0.346
FW_AS_rep_2,GCA_009877105.1,WXFD01000024.1,adh,66,3.095e-14,0.292
FW_AS_rep_2,GCA_009877105.1,WXFD01000013.1,susD,211,4.915e-60,0.344
FW_AS_rep_2,GCA_009877105.1,WXFD01000043.1,frhB,49,1.12e-8,0.468
FW_AS_rep_2,GCA_018437055.1,JAHDKE010000370.1,esterase,183,3.425e-50,0.304
FW_AS_rep_2,GCA_018437055.1,JAHDKE010000507.1,sucD,333,4.408e-105,0.583
FW_AS_rep_2,GCA_018437055.1,JAHDKE010000380.1,susC,186,7.153e-53,0.351
FW_AS_rep_2,GCA_018437055.1,JAHDKE010000182.1,endopeptidase,217,1.57e-63,0.363
FW_AS_rep_2,GCA_018437055.1,JAHDKE010000382.1,susC,505,1.434e-151,0.327
FW_AS_rep_2,GCA_018437055.1,JAHDKE010000397.1,cazy_GH10,132,3.849e-33,0.345
FW_AS_rep_2,GCA_018437055.1,JAHDKE010000116.1,susD,48,1.093e-7,0.276
FW_AS_rep_2,GCA_018437055.1,JAHDKE010000329.1,xylA,523,4.609e-168,0.566
FW_AS_rep_2,GCA_018437055.1,JAHDKE010000047.1,cazy_CBM6,82,8.953e-18,0.392
FW_AS_rep_2,GCA_018437055.1,JAHDKE010000301.1,susD,78,5.232e-17,0.265
FW_AS_rep_2,GCA_018437055.1,JAHDKE010000028.1,susC,173,2.919e-48,0.296
FW_AS_rep_2,GCA_018437055.1,JAHDKE010000270.1,susC,462,2.267e-140,0.354
FW_AS_rep_2,GCA_018437055.1,JAHDKE010000139.1,susC,269,1.635e-83,0.573
FW_AS_rep_2,GCA_018437055.1,JAHDKE010000366.1,susC,345,1.5e-99,0.305
FW_AS_rep_2,GCA_018437055.1,JAHDKE010000014.1,ilvE,74,8.019e-17,0.343
FW_AS_rep_2,GCA_018437055.1,JAHDKE010000255.1,susD,88,3.756e-21,0.308
FW_AS_rep_2,GCA_018437055.1,JAHDKE010000435.1,susC,65,3.881e-16,0.385
FW_AS_rep_2,GCA_018437055.1,JAHDKE010000098.1,susD,173,4.738e-47,0.306
FW_AS_rep_2,GCA_018437055.1,JAHDKE010000319.1,hbd,220,9.509e-64,0.384
FW_AS_rep_2,GCA_018437055.1,JAHDKE010000225.1,cazy_GH43,68,1.782e-14,0.269
FW_AS_rep_2,GCA_018437055.1,JAHDKE010000267.1,susC,258,4.148e-73,0.29
FW_AS_rep_2,GCA_018437055.1,JAHDKE010000231.1,susD,71,4.971e-15,0.331
FW_AS_rep_2,GCA_018437055.1,JAHDKE010000235.1,cazy_CBM6,73,1.492e-15,0.41
FW_AS_rep_2,GCA_018437055.1,JAHDKE010000253.1,cazy_GH43,54,4.649e-11,0.301
FW_AS_rep_2,GCA_018437055.1,JAHDKE010000027.1,susC,343,6.983e-103,0.381
FW_AS_rep_2,GCA_018437055.1,JAHDKE010000169.1,extracellular_protease,219,1.194e-61,0.398
FW_AS_rep_2,GCA_018437055.1,JAHDKE010000248.1,hydA,94,1.215e-25,0.446
FW_AS_rep_2,GCA_018437055.1,JAHDKE010000364.1,susD,57,1.524e-11,0.255
FW_AS_rep_2,GCA_018437055.1,JAHDKE010000187.1,susC,96,6.897e-23,0.247
FW_AS_rep_2,GCA_018437055.1,JAHDKE010000261.1,fdhA,57,2.039e-11,0.426
FW_AS_rep_2,GCA_018437055.1,JAHDKE010000198.1,susD,82,4.752e-18,0.281
FW_AS_rep_2,GCA_018437055.1,JAHDKE010000470.1,eda,132,8.882e-37,0.359
FW_AS_rep_2,GCA_018437055.1,JAHDKE010000013.1,adh,77,1.756e-17,0.291
FW_AS_rep_2,GCA_018437055.1,JAHDKE010000266.1,endopeptidase,222,2.325e-64,0.431
FW_AS_rep_2,GCA_018437055.1,JAHDKE010000306.1,cazy_GH43,55,1.364e-9,0.244
FW_AS_rep_2,GCA_018437055.1,JAHDKE010000459.1,rnfB,45,6.919e-7,0.367
FW_AS_rep_2,GCA_018437055.1,JAHDKE010000129.1,susD,64,8.13e-13,0.266
FW_AS_rep_2,GCA_018437055.1,JAHDKE010000067.1,susD,82,6.158e-18,0.292
FW_AS_rep_2,GCA_018437055.1,JAHDKE010000364.1,susC,214,2.632e-62,0.334
FW_AS_rep_2,GCA_018437055.1,JAHDKE010000106.1,susC,375,2.611e-109,0.303
FW_AS_rep_2,GCA_018437055.1,JAHDKE010000442.1,esterase,195,2.064e-54,0.317
FW_AS_rep_2,GCA_018437055.1,JAHDKE010000138.1,cazy_GH43,139,4.751e-36,0.335
FW_AS_rep_2,GCA_018437055.1,JAHDKE010000097.1,rnfB,85,2.559e-20,0.309
FW_AS_rep_2,GCA_018437055.1,JAHDKE010000462.1,extracellular_protease,100,9.672e-24,0.309
FW_AS_rep_2,GCA_018437055.1,JAHDKE010000111.1,mdh,90,2.106e-24,0.462
FW_AS_rep_2,GCA_018437055.1,JAHDKE010000342.1,hydA,289,5.657e-90,0.498
FW_AS_rep_2,GCA_018437055.1,JAHDKE010000138.1,cazy_PL1,59,3.546e-11,0.325
FW_AS_rep_2,GCA_018437055.1,JAHDKE010000046.1,pepQ,173,9.611e-47,0.329
FW_AS_rep_2,GCA_018437055.1,JAHDKE010000523.1,cazy_GH43,45,3.774e-7,0.278
FW_AS_rep_2,GCA_018437055.1,JAHDKE010000186.1,susC,499,2.128e-152,0.363
FW_AS_rep_2,GCA_018437055.1,JAHDKE010000301.1,agl,82,2.552e-18,0.275
FW_AS_rep_2,GCA_018437055.1,JAHDKE010000180.1,susC,131,7.555e-37,0.496
FW_AS_rep_2,GCA_018437055.1,JAHDKE010000186.1,susD,123,5.153e-31,0.273
FW_AS_rep_2,GCA_018437055.1,JAHDKE010000141.1,pgi,104,3.201e-25,0.3
FW_AS_rep_2,GCA_018437055.1,JAHDKE010000465.1,adh,63,1.283e-12,0.31
FW_AS_rep_2,GCA_018437055.1,JAHDKE010000270.1,cazy_GH43,113,8.632e-28,0.32
FW_AS_rep_2,GCA_018437055.1,JAHDKE010000127.1,fadD,366,4.87e-111,0.417
FW_AS_rep_2,GCA_018437055.1,JAHDKE010000503.1,susC,145,4.402e-41,0.372
FW_AS_rep_2,GCA_018437055.1,JAHDKE010000004.1,cazy_CE8,273,1.56e-83,0.505
FW_AS_rep_2,GCA_018437055.1,JAHDKE010000068.1,susD,40,5.042e-6,0.525
FW_AS_rep_2,GCA_018437055.1,JAHDKE010000397.1,cazy_CBM6,72,1.003e-14,0.372
FW_AS_rep_2,GCA_018437055.1,JAHDKE010000250.1,hydA,41,7.744e-7,0.357
FW_AS_rep_2,GCA_018437055.1,JAHDKE010000453.1,susC,58,1.162e-10,0.259
FW_AS_rep_2,GCA_018437055.1,JAHDKE010000241.1,susC,375,3.864e-113,0.355
FW_AS_rep_2,GCA_018437055.1,JAHDKE010000089.1,cazy_GH43,47,5.574e-8,0.246
FW_AS_rep_2,GCA_018437055.1,JAHDKE010000097.1,frhG,51,2.343e-9,0.428
FW_AS_rep_2,GCA_018437055.1,JAHDKE010000067.1,susC,567,7.071e-173,0.352
FW_AS_rep_2,GCA_018437055.1,JAHDKE010000527.1,mmcF,126,1.641e-31,0.524
FW_AS_rep_2,GCA_018437055.1,JAHDKE010000373.1,etfA,203,2.378e-59,0.387
FW_AS_rep_2,GCA_018437055.1,JAHDKE010000515.1,susD,123,1.521e-31,0.316
FW_AS_rep_2,GCA_018437055.1,JAHDKE010000085.1,susC,41,9.412e-7,0.357
FW_AS_rep_2,GCA_018437055.1,JAHDKE010000450.1,cazy_GH10,261,6.956e-78,0.402
FW_AS_rep_2,GCA_018437055.1,JAHDKE010000329.1,glcP,177,7.494e-50,0.318
FW_AS_rep_2,GCA_018437055.1,JAHDKE010000420.1,susD,164,2.646e-44,0.298
FW_AS_rep_2,GCA_018437055.1,JAHDKE010000459.1,hydA,367,8.714e-114,0.435
FW_AS_rep_2,GCA_018437055.1,JAHDKE010000525.1,ilvE,257,5.393e-78,0.446
FW_AS_rep_2,GCA_018437055.1,JAHDKE010000280.1,pepD,481,1.222e-152,0.505
FW_AS_rep_2,GCA_018437055.1,JAHDKE010000198.1,cazy_GH13,74,1.847e-15,0.257
FW_AS_rep_2,GCA_018437055.1,JAHDKE010000401.1,pepQ,119,4.643e-30,0.294
FW_AS_rep_2,GCA_018437055.1,JAHDKE010000127.1,acs,64,1.66e-12,0.225
FW_AS_rep_2,GCA_018437055.1,JAHDKE010000267.1,susD,123,7.983e-31,0.26
FW_AS_rep_2,GCA_018437055.1,JAHDKE010000443.1,susC,293,2.919e-86,0.331
FW_AS_rep_2,GCA_018437055.1,JAHDKE010000482.1,acylglycerol_lipase,140,1.244e-39,0.359
FW_AS_rep_2,GCA_018437055.1,JAHDKE010000081.1,glcP,183,5.011e-51,0.304
FW_AS_rep_2,GCA_018437055.1,JAHDKE010000460.1,susD,149,6.5e-39,0.319
FW_AS_rep_2,GCA_018437055.1,JAHDKE010000146.1,acs,56,1.199e-10,0.219
FW_AS_rep_2,GCA_018437055.1,JAHDKE010000319.1,ackA,409,2.57e-129,0.548
FW_AS_rep_2,GCA_018437055.1,JAHDKE010000261.1,hydA,175,2.379e-51,0.415
FW_AS_rep_2,GCA_018437055.1,JAHDKE010000319.1,pta,214,7.148e-64,0.528
FW_AS_rep_2,GCA_018437055.1,JAHDKE010000426.1,susC,139,5.564e-37,0.285
FW_AS_rep_2,GCA_018437055.1,JAHDKE010000370.1,susC,631,1.277e-193,0.392
FW_AS_rep_2,GCA_018437055.1,JAHDKE010000527.1,mmcE,501,6.481e-156,0.533
FW_AS_rep_2,GCA_018437055.1,JAHDKE010000110.1,pta,127,2.131e-32,0.301
FW_AS_rep_2,GCA_018437055.1,JAHDKE010000228.1,cazy_PL1,131,4.842e-34,0.39
FW_AS_rep_2,GCA_018437055.1,JAHDKE010000003.1,xylF,254,5.188e-77,0.42
FW_AS_rep_2,GCA_018437055.1,JAHDKE010000052.1,acs,140,1.946e-36,0.269
FW_AS_rep_2,GCA_018437055.1,JAHDKE010000060.1,edd,115,4.901e-30,0.323
FW_AS_rep_2,GCA_018437055.1,JAHDKE010000323.1,susC,226,2.052e-63,0.302
FW_AS_rep_2,GCA_018437055.1,JAHDKE010000464.1,susC,167,8.883e-46,0.305
FW_AS_rep_2,GCA_018437055.1,JAHDKE010000134.1,pepT,257,7.868e-77,0.423
FW_AS_rep_2,GCA_018437055.1,JAHDKE010000527.1,fadD,228,8.481e-65,0.341
FW_AS_rep_2,GCA_018437055.1,JAHDKE010000283.1,susD,106,1.115e-25,0.252
FW_AS_rep_2,GCA_018437055.1,JAHDKE010000394.1,pfkA,75,3.972e-16,0.3
FW_AS_rep_2,GCA_018437055.1,JAHDKE010000139.1,tdcB,224,4.585e-67,0.426
FW_AS_rep_2,GCA_018437055.1,JAHDKE010000310.1,susC,595,6.591e-182,0.373
FW_AS_rep_2,GCA_018437055.1,JAHDKE010000426.1,susD,72,1.716e-17,0.369
FW_AS_rep_2,GCA_018437055.1,JAHDKE010000063.1,pepT,60,7.029e-12,0.247
FW_AS_rep_2,GCA_018437055.1,JAHDKE010000520.1,rnfB,49,6.598e-8,0.387
FW_AS_rep_2,GCA_018437055.1,JAHDKE010000207.1,fhs,614,1.971e-197,0.546
FW_AS_rep_2,GCA_018437055.1,JAHDKE010000289.1,frhG,40,2.087e-7,0.292
FW_AS_rep_2,GCA_018437055.1,JAHDKE010000047.1,susD,163,2.951e-44,0.291
FW_AS_rep_2,GCA_018437055.1,JAHDKE010000047.1,cazy_GH5,91,1.56e-20,0.282
FW_AS_rep_2,GCA_018437055.1,JAHDKE010000456.1,pepD,537,8.514e-172,0.556
FW_AS_rep_2,GCA_018437055.1,JAHDKE010000133.1,dtpT,205,4.884e-57,0.315
FW_AS_rep_2,GCA_018437055.1,JAHDKE010000093.1,gapA,484,1.263e-156,0.716
FW_AS_rep_2,GCA_018437055.1,JAHDKE010000145.1,acylglycerol_lipase,58,1.558e-11,0.327
FW_AS_rep_2,GCA_018437055.1,JAHDKE010000101.1,mmcG,98,1.416e-26,0.387
FW_AS_rep_2,GCA_018437055.1,JAHDKE010000094.1,pfor,1405,0.0,0.6
FW_AS_rep_2,GCA_018437055.1,JAHDKE010000521.1,cazy_GH13,44,1.064e-6,0.328
FW_AS_rep_2,GCA_018437055.1,JAHDKE010000301.1,cazy_GH13,149,1.831e-39,0.331
FW_AS_rep_2,GCA_018437055.1,JAHDKE010000420.1,susC,371,4.284e-108,0.282
FW_AS_rep_2,GCA_018437055.1,JAHDKE010000074.1,cazy_GH10,143,3.321e-38,0.284
FW_AS_rep_2,GCA_018437055.1,JAHDKE010000103.1,susC,67,1.828e-13,0.29
FW_AS_rep_2,GCA_018437055.1,JAHDKE010000241.1,susD,132,6.616e-34,0.287
FW_AS_rep_2,GCA_018437055.1,JAHDKE010000370.1,susD,166,8.976e-45,0.296
FW_AS_rep_2,GCA_018437055.1,JAHDKE010000090.1,cazy_GH10,123,1.333e-34,0.487
FW_AS_rep_2,GCA_018437055.1,JAHDKE010000400.1,susD,110,4.038e-28,0.325
FW_AS_rep_2,GCA_018437055.1,JAHDKE010000370.1,cazy_GH5,108,1.237e-26,0.317
FW_AS_rep_2,GCA_018437055.1,JAHDKE010000108.1,cazy_GH9,82,6.262e-18,0.248
FW_AS_rep_2,GCA_018437055.1,JAHDKE010000443.1,susD,93,1.958e-23,0.347
FW_AS_rep_2,GCA_018437055.1,JAHDKE010000129.1,susC,325,1.934e-98,0.376
FW_AS_rep_2,GCA_018437055.1,JAHDKE010000083.1,cazy_GH13,71,1.257e-14,0.244
FW_AS_rep_2,GCA_018437055.1,JAHDKE010000473.1,susC,143,4.421e-41,0.408
FW_AS_rep_2,GCA_018437055.1,JAHDKE010000439.1,susC,274,1.691e-76,0.269
FW_AS_rep_2,GCA_018437055.1,JAHDKE010000383.1,susC,343,3.729e-100,0.301
FW_AS_rep_2,GCA_018437055.1,JAHDKE010000314.1,pfor,41,9.269e-6,0.275
FW_AS_rep_2,GCA_018437055.1,JAHDKE010000384.1,pepD,208,1.456e-62,0.501
FW_AS_rep_2,GCA_018437055.1,JAHDKE010000006.1,gdh,549,6.098e-177,0.612
FW_AS_rep_2,GCA_018437055.1,JAHDKE010000310.1,susD,198,3.762e-55,0.308
FW_AS_rep_2,GCA_018437055.1,JAHDKE010000198.1,agl,55,1.36e-9,0.329
FW_AS_rep_2,GCA_018437055.1,JAHDKE010000412.1,adh,69,6.312e-15,0.26
FW_AS_rep_2,GCA_018437055.1,JAHDKE010000373.1,fadE,158,4.583e-42,0.348
FW_AS_rep_2,GCA_018437055.1,JAHDKE010000047.1,susC,507,5.235e-153,0.338
FW_AS_rep_2,GCA_018437055.1,JAHDKE010000128.1,susC,226,2.156e-67,0.449
FW_AS_rep_2,GCA_018437055.1,JAHDKE010000382.1,susD,104,2.341e-25,0.269
FW_AS_rep_2,GCA_018437055.1,JAHDKE010000317.1,susC,57,1.373e-10,0.298
FW_AS_rep_2,GCA_018437055.1,JAHDKE010000033.1,fadD,268,1.288e-77,0.334
FW_AS_rep_2,GCA_018437055.1,JAHDKE010000183.1,susC,289,1.185e-84,0.335
FW_AS_rep_2,GCA_018437055.1,JAHDKE010000139.1,cazy_GH9,171,2.127e-46,0.342
FW_AS_rep_2,GCA_018437055.1,JAHDKE010000373.1,etfB,119,2.297e-31,0.379
FW_AS_rep_2,GCA_018437055.1,JAHDKE010000102.1,folD,276,6.767e-86,0.553
FW_AS_rep_2,GCA_018437055.1,JAHDKE010000043.1,susC,289,3.772e-84,0.308
FW_AS_rep_2,GCA_018437055.1,JAHDKE010000186.1,pepN,131,4.088e-33,0.283
FW_AS_rep_2,GCA_018437055.1,JAHDKE010000198.1,susC,449,9.849e-138,0.379
FW_AS_rep_2,GCA_018437055.1,JAHDKE010000119.1,dtpT,98,3.203e-23,0.259
FW_AS_rep_2,GCA_018437055.1,JAHDKE010000516.1,pfkA,232,1.279e-69,0.415
FW_AS_rep_2,GCA_018437055.1,JAHDKE010000520.1,hydA,55,4.319e-10,0.276
FW_AS_rep_2,GCA_018437055.1,JAHDKE010000373.1,bcd,173,4.666e-47,0.324
FW_AS_rep_2,GCA_018437055.1,JAHDKE010000139.1,cazy_GH13,133,5.499e-34,0.327
FW_AS_rep_2,GCA_018437055.1,JAHDKE010000014.1,adhE,105,7.332e-26,0.265
FW_AS_rep_2,GCA_018437055.1,JAHDKE010000270.1,cazy_GH10,141,2.581e-36,0.337
FW_AS_rep_2,GCA_018437055.1,JAHDKE010000270.1,susD,104,1.115e-24,0.309
FW_AS_rep_2,GCA_018437055.1,JAHDKE010000052.1,fadD,201,2.189e-56,0.305
FW_AS_rep_2,GCA_018437055.1,JAHDKE010000046.1,frhB,40,6.133e-8,0.477
FW_AS_rep_2,GCA_018437055.1,JAHDKE010000400.1,susC,463,3.016e-138,0.324
FW_AS_rep_2,GCA_018437055.1,JAHDKE010000459.1,fdhA,64,1.026e-12,0.44
FW_AS_rep_2,GCA_018437055.1,JAHDKE010000378.1,susC,68,1.434e-13,0.292
FW_AS_rep_2,GCA_018437055.1,JAHDKE010000034.1,susC,106,1.712e-28,0.406
FW_AS_rep_2,GCA_018437055.1,JAHDKE010000236.1,lctC,45,9.877e-7,0.336
FW_AS_rep_2,GCA_018437055.1,JAHDKE010000507.1,sucC,317,5.224e-98,0.435
FW_AS_rep_2,GCA_018437055.1,JAHDKE010000461.1,susC,527,3.267e-160,0.339
FW_AS_rep_2,GCA_018437055.1,JAHDKE010000146.1,fadD,150,3.567e-42,0.395
FW_AS_rep_2,GCA_018437055.1,JAHDKE010000190.1,susC,548,1.202e-168,0.378
FW_AS_rep_2,GCA_018437055.1,JAHDKE010000347.1,cazy_GH10,139,2.956e-39,0.375
FW_AS_rep_2,GCA_018437055.1,JAHDKE010000207.1,cazy_GH43,96,1.375e-22,0.297
FW_AS_rep_2,GCA_018437055.1,JAHDKE010000097.1,frhB,56,9.907e-11,0.26
FW_AS_rep_2,GCA_018437055.1,JAHDKE010000138.1,cazy_CE8,223,2.185e-60,0.422
FW_AS_rep_2,GCA_018437055.1,JAHDKE010000076.1,edd,115,5.3e-30,0.307
FW_AS_rep_2,GCA_018437055.1,JAHDKE010000046.1,rnfB,47,3.654e-10,0.468
FW_AS_rep_2,GCA_018437055.1,JAHDKE010000490.1,ackA,96,2.052e-23,0.354
FW_AS_rep_2,GCA_018437055.1,JAHDKE010000116.1,susC,124,2.201e-34,0.367
FW_AS_rep_2,GCA_018437055.1,JAHDKE010000246.1,cazy_GH13,199,5.894e-56,0.385
FW_AS_rep_2,GCA_018437055.1,JAHDKE010000225.1,susC,134,9.5e-39,0.493
FW_AS_rep_2,GCA_018437055.1,JAHDKE010000276.1,agl,44,1.224e-6,0.263
FW_AS_rep_2,GCA_018437055.1,JAHDKE010000271.1,susC,573,8.69e-175,0.356
FW_AS_rep_2,GCA_018437055.1,JAHDKE010000033.1,susC,237,1.908e-68,0.37
FW_AS_rep_2,GCA_018437055.1,JAHDKE010000164.1,susD,114,1.722e-28,0.293
FW_AS_rep_2,GCA_018437055.1,JAHDKE010000484.1,cazy_GH43,78,1.727e-17,0.295
FW_AS_rep_2,GCA_018437055.1,JAHDKE010000246.1,agl,169,6.456e-46,0.323
FW_AS_rep_2,GCA_018437055.1,JAHDKE010000289.1,hydA,40,3.938e-7,0.295
FW_AS_rep_2,GCA_018437055.1,JAHDKE010000337.1,susC,307,1.079e-93,0.435
FW_AS_rep_2,GCA_018437055.1,JAHDKE010000245.1,fumB,714,2.942e-232,0.669
FW_AS_rep_2,GCA_018437055.1,JAHDKE010000271.1,susD,92,1.359e-21,0.259
FW_AS_rep_2,GCA_018437055.1,JAHDKE010000009.1,susC,570,1.581e-174,0.367
FW_AS_rep_2,GCA_018437055.1,JAHDKE010000273.1,susC,504,1.796e-152,0.362
FW_AS_rep_2,GCA_018437055.1,JAHDKE010000202.1,susC,46,4.169e-7,0.25
FW_AS_rep_2,GCA_018437055.1,JAHDKE010000192.1,cazy_GH43,47,1.314e-7,0.323
FW_AS_rep_2,GCA_018437055.1,JAHDKE010000460.1,susC,190,6.614e-52,0.267
FW_AS_rep_2,GCA_018437055.1,JAHDKE010000276.1,cazy_GH13,73,1.919e-15,0.263
FW_AS_rep_2,GCA_018437055.1,JAHDKE010000270.1,cazy_CBM6,59,3.767e-11,0.325
FW_AS_rep_2,GCA_018437055.1,JAHDKE010000113.1,glcP,205,2.066e-58,0.324
FW_AS_rep_2,GCA_018437055.1,JAHDKE010000352.1,esterase,249,1.546e-72,0.345
FW_AS_rep_2,GCA_033811395.1,JAPXOQ010000022.1,bcd,358,5.039e-111,0.48
FW_AS_rep_2,GCA_033811395.1,JAPXOQ010000002.1,frhG,48,7.935e-8,0.356
FW_AS_rep_2,GCA_033811395.1,JAPXOQ010000003.1,sucD,48,1.342e-7,0.264
FW_AS_rep_2,GCA_033811395.1,JAPXOQ010000010.1,fdhA,289,5.812e-84,0.328
FW_AS_rep_2,GCA_033811395.1,JAPXOQ010000065.1,hydA,126,6.224e-33,0.309
FW_AS_rep_2,GCA_033811395.1,JAPXOQ010000032.1,pfor,40,2.481e-6,0.267
FW_AS_rep_2,GCA_033811395.1,JAPXOQ010000005.1,pfkA,157,1.134e-41,0.345
FW_AS_rep_2,GCA_033811395.1,JAPXOQ010000004.1,cazy_GH13,49,4.091e-8,0.319
FW_AS_rep_2,GCA_033811395.1,JAPXOQ010000001.1,pfor,181,4.469e-51,0.339
FW_AS_rep_2,GCA_033811395.1,JAPXOQ010000008.1,pepQ,58,4.247e-11,0.284
FW_AS_rep_2,GCA_033811395.1,JAPXOQ010000012.1,fadA,353,4.794e-110,0.513
FW_AS_rep_2,GCA_033811395.1,JAPXOQ010000003.1,rnfB,47,4.178e-8,0.343
FW_AS_rep_2,GCA_033811395.1,JAPXOQ010000032.1,hydA,47,7.452e-9,0.3
FW_AS_rep_2,GCA_033811395.1,JAPXOQ010000012.1,fadB,152,2.336e-39,0.36
FW_AS_rep_2,GCA_033811395.1,JAPXOQ010000044.1,ilvE,334,1.444e-103,0.51
FW_AS_rep_2,GCA_033811395.1,JAPXOQ010000030.1,fadB,76,1.138e-18,0.351
FW_AS_rep_2,GCA_033811395.1,JAPXOQ010000076.1,sucD,55,3.82e-10,0.266
FW_AS_rep_2,GCA_033811395.1,JAPXOQ010000003.1,pfor,44,5.563e-7,0.32
FW_AS_rep_2,GCA_033811395.1,JAPXOQ010000052.1,bcd,60,3.235e-15,0.7
FW_AS_rep_2,GCA_033811395.1,JAPXOQ010000005.1,fadD,220,2.793e-61,0.323
FW_AS_rep_2,GCA_033811395.1,JAPXOQ010000002.1,mvhD,108,1.148e-29,0.386
FW_AS_rep_2,GCA_033811395.1,JAPXOQ010000017.1,fadE,194,2.686e-55,0.35
FW_AS_rep_2,GCA_033811395.1,JAPXOQ010000001.1,crt,161,5.45e-46,0.388
FW_AS_rep_2,GCA_033811395.1,JAPXOQ010000032.1,frhB,44,1.177e-7,0.361
FW_AS_rep_2,GCA_033811395.1,JAPXOQ010000007.1,hydA,42,1.934e-6,0.326
FW_AS_rep_2,GCA_033811395.1,JAPXOQ010000004.1,agl,49,5.394e-8,0.335
FW_AS_rep_2,GCA_033811395.1,JAPXOQ010000001.1,dppB,247,1.289e-74,0.44
FW_AS_rep_2,GCA_033811395.1,JAPXOQ010000039.1,etfB,115,1.789e-30,0.324
FW_AS_rep_2,GCA_033811395.1,JAPXOQ010000002.1,hydA,46,4.185e-7,0.361
FW_AS_rep_2,GCA_033811395.1,JAPXOQ010000041.1,fwdA,50,2.429e-8,0.416
FW_AS_rep_2,GCA_033811395.1,JAPXOQ010000017.1,bcd,193,6.751e-55,0.322
FW_AS_rep_2,GCA_033811395.1,JAPXOQ010000012.1,fadE,141,1.941e-36,0.319
FW_AS_rep_2,GCA_033811395.1,JAPXOQ010000030.1,pfor,42,3.789e-6,0.301
FW_AS_rep_2,GCA_033811395.1,JAPXOQ010000023.1,edd,179,4.19e-50,0.316
FW_AS_rep_2,GCA_033811395.1,JAPXOQ010000001.1,etfA,95,1.634e-23,0.325
FW_AS_rep_2,GCA_033811395.1,JAPXOQ010000052.1,fadE,54,3.877e-13,0.585
FW_AS_rep_2,GCA_033811395.1,JAPXOQ010000039.1,etfA,142,7.032e-39,0.341
FW_AS_rep_2,GCA_033811395.1,JAPXOQ010000022.1,ackA,81,1.805e-18,0.3
FW_AS_rep_2,GCA_033811395.1,JAPXOQ010000003.1,crt,213,2.689e-63,0.466
FW_AS_rep_2,GCA_033811395.1,JAPXOQ010000059.1,lctC,42,8.773e-6,0.285
FW_AS_rep_2,GCA_033811395.1,JAPXOQ010000022.1,fadE,280,3.327e-84,0.468
FW_AS_rep_2,GCA_033811395.1,JAPXOQ010000011.1,etfA,232,1.503e-68,0.435
FW_AS_rep_2,GCA_033811395.1,JAPXOQ010000011.1,etfB,172,1.131e-49,0.414
FW_AS_rep_2,GCA_033811395.1,JAPXOQ010000012.1,crt,61,1.68e-11,0.262
FW_AS_rep_2,GCA_033811395.1,JAPXOQ010000026.1,crt,168,4.401e-48,0.426
FW_AS_rep_2,GCA_033811395.1,JAPXOQ010000056.1,acs,72,3.846e-15,0.236
FW_AS_rep_2,GCA_033811395.1,JAPXOQ010000001.1,fadB,75,7.268e-17,0.302
FW_AS_rep_2,GCA_033811395.1,JAPXOQ010000001.1,lctC,52,2.733e-9,0.322
FW_AS_rep_2,GCA_033811395.1,JAPXOQ010000007.1,frhB,50,6.695e-9,0.378
FW_AS_rep_2,GCA_033811395.1,JAPXOQ010000009.1,fadE,205,3.346e-58,0.371
FW_AS_rep_2,GCA_033811395.1,JAPXOQ010000003.1,cat,49,1.015e-8,0.27
FW_AS_rep_2,GCA_033811395.1,JAPXOQ010000003.1,bcd,209,8.425e-61,0.339
FW_AS_rep_2,GCA_033811395.1,JAPXOQ010000011.1,hydA,40,3.865e-7,0.391
FW_AS_rep_2,GCA_033811395.1,JAPXOQ010000001.1,acylglycerol_lipase,54,7.045e-10,0.338
FW_AS_rep_2,GCA_033811395.1,JAPXOQ010000028.1,fdhA,184,1.692e-50,0.294
FW_AS_rep_2,GCA_033811395.1,JAPXOQ010000003.1,fdhA,582,2.001e-186,0.563
FW_AS_rep_2,GCA_033811395.1,JAPXOQ010000006.1,lysophospholipase,41,5.119e-6,0.28
FW_AS_rep_2,GCA_033811395.1,JAPXOQ010000024.1,crt,158,1.033e-41,0.38
FW_AS_rep_2,GCA_033811395.1,JAPXOQ010000048.1,gdh,57,9.813e-11,0.456
FW_AS_rep_2,GCA_033811395.1,JAPXOQ010000003.1,hydA,133,2.703e-35,0.334
FW_AS_rep_2,GCA_033811395.1,JAPXOQ010000006.1,pfor,70,9.413e-15,0.256
FW_AS_rep_2,GCA_033811395.1,JAPXOQ010000003.1,pfkA,331,7.814e-104,0.558
FW_AS_rep_2,GCA_033811395.1,JAPXOQ010000026.1,fadB,101,1.6e-25,0.346
FW_AS_rep_2,GCA_033811395.1,JAPXOQ010000002.1,rnfB,50,3.669e-9,0.322
FW_AS_rep_2,GCA_033811395.1,JAPXOQ010000012.1,bcd,146,6.329e-38,0.314
FW_AS_rep_2,GCA_033811395.1,JAPXOQ010000002.1,pfor,162,1.028e-43,0.325
FW_AS_rep_2,GCA_033811395.1,JAPXOQ010000006.1,acylglycerol_lipase,44,3.972e-7,0.299
FW_AS_rep_2,GCA_033811395.1,JAPXOQ010000001.1,oppB,261,7.888e-79,0.481
FW_AS_rep_2,GCA_033811395.1,JAPXOQ010000026.1,fhs,621,2.052e-199,0.556
FW_AS_rep_2,GCA_033811395.1,JAPXOQ010000065.1,frhB,41,7.768e-6,0.294
FW_AS_rep_2,GCA_033811395.1,JAPXOQ010000024.1,etfA,83,3.012e-18,0.3
FW_AS_rep_2,GCA_033811395.1,JAPXOQ010000039.1,bcd,366,7.558e-115,0.496
FW_AS_rep_2,GCA_033811395.1,JAPXOQ010000004.1,mvhD,200,5.197e-61,0.632
FW_AS_rep_2,GCA_033811395.1,JAPXOQ010000003.1,dppA,222,4.697e-63,0.31
FW_AS_rep_2,GCA_033811395.1,JAPXOQ010000001.1,dppC,267,7.279e-81,0.491
FW_AS_rep_2,GCA_033811395.1,JAPXOQ010000065.1,fdhA,207,4.431e-63,0.521
FW_AS_rep_2,GCA_033811395.1,JAPXOQ010000069.1,phospholipase,177,3.271e-53,0.494
FW_AS_rep_2,GCA_033811395.1,JAPXOQ010000002.1,pta,222,3.653e-62,0.503
FW_AS_rep_2,GCA_033811395.1,JAPXOQ010000030.1,crt,102,1.566e-27,0.363
FW_AS_rep_2,GCA_033811395.1,JAPXOQ010000007.1,frhG,42,1.934e-6,0.312
FW_AS_rep_2,GCA_033811395.1,JAPXOQ010000030.1,rnfB,49,1.784e-8,0.396
FW_AS_rep_2,GCA_033811395.1,JAPXOQ010000020.1,pfor,134,3.203e-35,0.306
FW_AS_rep_2,GCA_033811395.1,JAPXOQ010000017.1,sucD,44,1.61e-6,0.213
FW_AS_rep_2,GCA_033811395.1,JAPXOQ010000026.1,etfA,104,1.893e-26,0.359
FW_AS_rep_2,GCA_033811395.1,JAPXOQ010000003.1,fadE,190,2.288e-54,0.339
FW_AS_rep_2,GCA_033811395.1,JAPXOQ010000032.1,rnfB,40,1.831e-6,0.32
FW_AS_rep_2,GCA_033811395.1,JAPXOQ010000006.1,fadE,261,2.083e-78,0.425
FW_AS_rep_2,GCA_033811395.1,JAPXOQ010000003.1,oppA,198,3.496e-55,0.307
FW_AS_rep_2,GCA_033811395.1,JAPXOQ010000064.1,fadE,206,1.28e-59,0.397
FW_AS_rep_2,GCA_033811395.1,JAPXOQ010000053.1,fdhA,368,1.89e-115,0.5
FW_AS_rep_2,GCA_033811395.1,JAPXOQ010000003.1,frhB,49,9.857e-9,0.268
FW_AS_rep_2,GCA_033811395.1,JAPXOQ010000049.1,fdhA,314,5.588e-91,0.32
FW_AS_rep_2,GCA_033811395.1,JAPXOQ010000002.1,frhB,44,1.604e-6,0.4
FW_AS_rep_2,GCA_033811395.1,JAPXOQ010000001.1,lysophospholipase,74,7.186e-16,0.308
FW_AS_rep_2,GCA_033811395.1,JAPXOQ010000012.1,thl,280,8.547e-85,0.431
FW_AS_rep_2,GCA_033811395.1,JAPXOQ010000039.1,fadE,271,4.278e-82,0.449
FW_AS_rep_2,GCA_033811395.1,JAPXOQ010000001.1,frhG,44,4.913e-7,0.442
FW_AS_rep_2,GCA_033811395.1,JAPXOQ010000002.1,lctC,42,2.211e-6,0.29
FW_AS_rep_2,GCA_033811395.1,JAPXOQ010000056.1,fadD,317,2.388e-94,0.372
FW_AS_rep_2,GCA_033811395.1,JAPXOQ010000064.1,bcd,243,3.825e-72,0.379
FW_AS_rep_2,GCA_033811395.1,JAPXOQ010000083.1,mmcE,632,8.454e-203,0.574
FW_AS_rep_2,GCA_033811395.1,JAPXOQ010000024.1,fadB,87,1.415e-19,0.333
FW_AS_rep_2,GCA_033811395.1,JAPXOQ010000011.1,frhB,51,8.04e-9,0.51
FW_AS_rep_2,GCA_033811395.1,JAPXOQ010000004.1,mvhG,115,1.673e-31,0.434
FW_AS_rep_2,GCA_033811395.1,JAPXOQ010000064.1,etfB,153,2.4e-43,0.384
FW_AS_rep_2,GCA_033811395.1,JAPXOQ010000064.1,etfA,183,1.739e-52,0.381
FW_AS_rep_2,GCA_033811395.1,JAPXOQ010000032.1,gdh,59,2.411e-11,0.456
FW_AS_rep_2,GCA_033811395.1,JAPXOQ010000006.1,bcd,256,1.196e-76,0.397
FW_AS_rep_2,GCA_033811395.1,JAPXOQ010000001.1,hydA,99,2.86e-25,0.311
FW_AS_rep_2,GCA_033811395.1,JAPXOQ010000003.1,fadB,117,1.41e-30,0.343
FW_AS_rep_2,GCA_033811395.1,JAPXOQ010000007.1,gdh,586,1.71e-189,0.64
FW_AS_rep_2,GCA_033811395.1,JAPXOQ010000011.1,frhG,50,1.064e-8,0.436
FW_AS_rep_2,GCA_033811395.1,JAPXOQ010000020.1,pepQ,179,8.503e-51,0.386
FW_AS_rep_2,GCA_033811395.1,JAPXOQ010000010.1,frhB,49,1.863e-10,0.41
FW_AS_rep_2,GCA_033811395.1,JAPXOQ010000002.1,fdhA,691,1.849e-216,0.51
FW_AS_rep_2,GCA_033811395.1,JAPXOQ010000076.1,phospholipase,86,2.461e-19,0.367
FW_AS_rep_2,GCA_033811395.1,JAPXOQ010000006.1,ilvE,91,2.54e-22,0.294
FW_AS_rep_2,GCA_033811395.1,JAPXOQ010000012.1,hbd,164,6.779e-43,0.313
FW_AS_rep_2,GCA_033811395.1,JAPXOQ010000026.1,fadE,253,1.897e-75,0.413
FW_AS_rep_2,GCA_033811395.1,JAPXOQ010000026.1,bcd,330,7.154e-102,0.488
FW_AS_rep_2,GCA_033811395.1,JAPXOQ010000024.1,adhE,121,6.016e-31,0.276
FW_AS_rep_2,GCA_033811395.1,JAPXOQ010000001.1,lctB,117,7.12e-30,0.308
FW_AS_rep_2,GCA_033811395.1,JAPXOQ010000032.1,frhG,44,6.384e-8,0.351
FW_AS_rep_2,GCA_033811395.1,JAPXOQ010000023.1,acylglycerol_lipase,60,6.022e-12,0.35
FW_AS_rep_2,GCA_033811395.1,JAPXOQ010000075.1,bcd,42,1.321e-6,0.434
FW_AS_rep_2,GCA_033811395.1,JAPXOQ010000009.1,bcd,203,2.083e-57,0.302
FW_AS_rep_2,GCA_033811395.1,JAPXOQ010000003.1,hbd,166,4.074e-47,0.353
FW_AS_rep_2,GCA_033811395.1,JAPXOQ010000001.1,frhB,42,5.852e-6,0.25
FW_AS_rep_2,GCA_033811395.1,JAPXOQ010000001.1,adhE,178,6.674e-48,0.334
FW_AS_rep_2,GCA_033811395.1,JAPXOQ010000005.1,pfor,44,3.079e-7,0.268
FW_AS_rep_2,GCA_033811395.1,JAPXOQ010000003.1,etfA,141,7.548e-39,0.39
FW_AS_rep_2,GCA_033811395.1,JAPXOQ010000002.1,ackA,340,1.532e-105,0.496
FW_AS_rep_2,GCA_033811395.1,JAPXOQ010000023.1,gapA,344,1.027e-107,0.525
FW_AS_rep_2,GCA_033811395.1,JAPXOQ010000010.1,frhG,42,1.052e-7,0.39
FW_AS_rep_2,GCA_033811395.1,JAPXOQ010000011.1,pfor,53,1.611e-9,0.265
FW_AS_rep_2,GCA_033811395.1,JAPXOQ010000083.1,mmcF,168,1.318e-50,0.587
FW_AS_rep_2,GCA_033811395.1,JAPXOQ010000008.1,gapA,313,1.112e-96,0.47
FW_AS_rep_2,GCA_033811395.1,JAPXOQ010000023.1,frhB,42,4.011e-6,0.4
FW_AS_rep_2,GCA_033811395.1,JAPXOQ010000001.1,mmcF,111,8.363e-28,0.43
FW_AS_rep_2,GCA_022840265.1,JALHHN010000014.1,bgl,353,4.114e-109,0.4
FW_AS_rep_2,GCA_022840265.1,JALHHN010000310.1,fhs,389,5.313e-123,0.546
FW_AS_rep_2,GCA_022840265.1,JALHHN010000227.1,pepQ,90,2.812e-21,0.278
FW_AS_rep_2,GCA_022840265.1,JALHHN010000130.1,frhG,44,6.609e-9,0.414
FW_AS_rep_2,GCA_022840265.1,JALHHN010000089.1,dppC,221,1.022e-66,0.432
FW_AS_rep_2,GCA_022840265.1,JALHHN010000163.1,frhB,53,6.854e-10,0.51
FW_AS_rep_2,GCA_022840265.1,JALHHN010000051.1,hydA,107,3.158e-26,0.27
FW_AS_rep_2,GCA_022840265.1,JALHHN010000008.1,xylF,277,4.857e-84,0.437
FW_AS_rep_2,GCA_022840265.1,JALHHN010000089.1,dppA,245,2.251e-71,0.324
FW_AS_rep_2,GCA_022840265.1,JALHHN010000116.1,pfor,273,4.783e-86,0.726
FW_AS_rep_2,GCA_022840265.1,JALHHN010000025.1,fdhA,154,2.899e-40,0.264
FW_AS_rep_2,GCA_022840265.1,JALHHN010000056.1,dppA,130,8.396e-33,0.254
FW_AS_rep_2,GCA_022840265.1,JALHHN010000032.1,frhG,54,1.26e-9,0.424
FW_AS_rep_2,GCA_022840265.1,JALHHN010000036.1,eda,41,8.008e-7,0.302
FW_AS_rep_2,GCA_022840265.1,JALHHN010000135.1,oppB,149,1.248e-39,0.373
FW_AS_rep_2,GCA_022840265.1,JALHHN010000031.1,adhE,151,1.233e-41,0.371
FW_AS_rep_2,GCA_022840265.1,JALHHN010000131.1,acs,51,1.189e-8,0.242
FW_AS_rep_2,GCA_022840265.1,JALHHN010000023.1,mmcE,413,7.613e-133,0.805
FW_AS_rep_2,GCA_022840265.1,JALHHN010000135.1,dppB,144,5.334e-40,0.341
FW_AS_rep_2,GCA_022840265.1,JALHHN010000118.1,hydA,41,8.686e-6,0.281
FW_AS_rep_2,GCA_022840265.1,JALHHN010000068.1,cazy_GH43,70,3.568e-15,0.281
FW_AS_rep_2,GCA_022840265.1,JALHHN010000007.1,pfkA,83,1.246e-18,0.285
FW_AS_rep_2,GCA_022840265.1,JALHHN010000021.1,ackA,99,3.15e-24,0.289
FW_AS_rep_2,GCA_022840265.1,JALHHN010000056.1,oppB,233,3.335e-70,0.449
FW_AS_rep_2,GCA_022840265.1,JALHHN010000023.1,frhB,40,5.119e-7,0.328
FW_AS_rep_2,GCA_022840265.1,JALHHN010000023.1,hydA,42,1.06e-7,0.287
FW_AS_rep_2,GCA_022840265.1,JALHHN010000008.1,hydA,501,1.551e-157,0.444
FW_AS_rep_2,GCA_022840265.1,JALHHN010000005.1,pepT,191,2.719e-54,0.367
FW_AS_rep_2,GCA_022840265.1,JALHHN010000035.1,pfor,584,4.138e-188,0.611
FW_AS_rep_2,GCA_022840265.1,JALHHN010000021.1,frhG,41,1.063e-7,0.363
FW_AS_rep_2,GCA_022840265.1,JALHHN010000005.1,pepD,56,1.757e-10,0.289
FW_AS_rep_2,GCA_022840265.1,JALHHN010000280.1,pfkA,105,1.96e-26,0.277
FW_AS_rep_2,GCA_022840265.1,JALHHN010000012.1,acs,105,3.342e-25,0.258
FW_AS_rep_2,GCA_022840265.1,JALHHN010000061.1,adh,49,9.504e-9,0.224
FW_AS_rep_2,GCA_022840265.1,JALHHN010000018.1,gdh,574,2.382e-185,0.631
FW_AS_rep_2,GCA_022840265.1,JALHHN010000074.1,gapA,367,1.944e-115,0.535
FW_AS_rep_2,GCA_022840265.1,JALHHN010000056.1,dppB,248,2.43e-74,0.422
FW_AS_rep_2,GCA_022840265.1,JALHHN010000355.1,extracellular_protease,138,4.979e-37,0.492
FW_AS_rep_2,GCA_022840265.1,JALHHN010000062.1,ackA,409,2.338e-128,0.508
FW_AS_rep_2,GCA_022840265.1,JALHHN010000001.1,mmcG,112,1.87e-31,0.403
FW_AS_rep_2,GCA_022840265.1,JALHHN010000051.1,eda,158,1.475e-44,0.403
FW_AS_rep_2,GCA_022840265.1,JALHHN010000072.1,acs,84,9.664e-19,0.252
FW_AS_rep_2,GCA_022840265.1,JALHHN010000006.1,etfB,123,1.731e-30,0.319
FW_AS_rep_2,GCA_022840265.1,JALHHN010000060.1,oppB,239,1.043e-72,0.432
FW_AS_rep_2,GCA_022840265.1,JALHHN010000089.1,oppB,210,6.608e-63,0.429
FW_AS_rep_2,GCA_022840265.1,JALHHN010000056.1,dppC,274,2.393e-84,0.493
FW_AS_rep_2,GCA_022840265.1,JALHHN010000089.1,oppA,199,5.433e-56,0.3
FW_AS_rep_2,GCA_022840265.1,JALHHN010000033.1,pepQ,86,1.161e-19,0.262
FW_AS_rep_2,GCA_022840265.1,JALHHN010000012.1,fadD,277,1.331e-81,0.397
FW_AS_rep_2,GCA_022840265.1,JALHHN010000071.1,acylglycerol_lipase,101,2.077e-25,0.286
FW_AS_rep_2,GCA_022840265.1,JALHHN010000013.1,dppA,199,1.333e-55,0.3
FW_AS_rep_2,GCA_022840265.1,JALHHN010000059.1,pepQ,71,6.844e-16,0.296
FW_AS_rep_2,GCA_022840265.1,JALHHN010000031.1,dppB,280,1.988e-86,0.467
FW_AS_rep_2,GCA_022840265.1,JALHHN010000051.1,frhG,58,5.303e-11,0.425
FW_AS_rep_2,GCA_022840265.1,JALHHN010000086.1,cazy_GH13,58,1.096e-10,0.269
FW_AS_rep_2,GCA_022840265.1,JALHHN010000001.1,ackA,46,3.43e-8,0.327
FW_AS_rep_2,GCA_022840265.1,JALHHN010000163.1,frhG,48,2.87e-8,0.377
FW_AS_rep_2,GCA_022840265.1,JALHHN010000021.1,frhB,46,2.345e-9,0.381
FW_AS_rep_2,GCA_022840265.1,JALHHN010000147.1,fumB,361,1.665e-110,0.392
FW_AS_rep_2,GCA_022840265.1,JALHHN010000032.1,fdhA,54,1.228e-9,0.302
FW_AS_rep_2,GCA_022840265.1,JALHHN010000071.1,dppB,247,5.451e-75,0.393
FW_AS_rep_2,GCA_022840265.1,JALHHN010000022.1,acs,78,5.297e-17,0.232
FW_AS_rep_2,GCA_022840265.1,JALHHN010000013.1,oppA,221,5.929e-63,0.313
FW_AS_rep_2,GCA_022840265.1,JALHHN010000002.1,pgi,332,2.175e-100,0.417
FW_AS_rep_2,GCA_022840265.1,JALHHN010000145.1,ilvE,140,1.666e-38,0.366
FW_AS_rep_2,GCA_022840265.1,JALHHN010000044.1,fadA,72,3.438e-15,0.225
FW_AS_rep_2,GCA_022840265.1,JALHHN010000023.1,rnfB,44,1.599e-8,0.35
FW_AS_rep_2,GCA_022840265.1,JALHHN010000019.1,xylF,66,9.825e-14,0.254
FW_AS_rep_2,GCA_022840265.1,JALHHN010000022.1,fadD,248,1.439e-71,0.349
FW_AS_rep_2,GCA_022840265.1,JALHHN010000086.1,adh,64,1.51e-13,0.25
FW_AS_rep_2,GCA_022840265.1,JALHHN010000039.1,pfkA,42,2.927e-6,0.421
FW_AS_rep_2,GCA_022840265.1,JALHHN010000072.1,fadD,266,6.662e-77,0.355
FW_AS_rep_2,GCA_022840265.1,JALHHN010000090.1,folD,347,7.199e-110,0.614
FW_AS_rep_2,GCA_022840265.1,JALHHN010000060.1,dppC,215,2.073e-64,0.402
FW_AS_rep_2,GCA_022840265.1,JALHHN010000055.1,pepT,61,4.319e-12,0.274
FW_AS_rep_2,GCA_022840265.1,JALHHN010000023.1,frhG,40,5.119e-7,0.29
FW_AS_rep_2,GCA_022840265.1,JALHHN010000089.1,dppB,49,1.185e-8,0.275
FW_AS_rep_2,GCA_022840265.1,JALHHN010000031.1,oppA,424,3.378e-132,0.461
FW_AS_rep_2,GCA_022840265.1,JALHHN010000034.1,endopeptidase,269,2.349e-77,0.513
FW_AS_rep_2,GCA_022840265.1,JALHHN010000021.1,pta,142,4.24e-39,0.369
FW_AS_rep_2,GCA_022840265.1,JALHHN010000056.1,oppA,133,8.651e-34,0.249
FW_AS_rep_2,GCA_022840265.1,JALHHN010000137.1,pgi,44,1.434e-7,0.325
FW_AS_rep_2,GCA_022840265.1,JALHHN010000023.1,pfor,56,1.431e-10,0.243
FW_AS_rep_2,GCA_022840265.1,JALHHN010000060.1,oppA,121,1.537e-30,0.286
FW_AS_rep_2,GCA_022840265.1,JALHHN010000101.1,extracellular_protease,58,1.202e-10,0.36
FW_AS_rep_2,GCA_022840265.1,JALHHN010000135.1,dppC,138,6.374e-36,0.35
FW_AS_rep_2,GCA_022840265.1,JALHHN010000260.1,pfkA,164,1.729e-45,0.337
FW_AS_rep_2,GCA_022840265.1,JALHHN010000031.1,oppB,295,1.798e-91,0.491
FW_AS_rep_2,GCA_022840265.1,JALHHN010000147.1,frhG,42,1.667e-6,0.296
FW_AS_rep_2,GCA_022840265.1,JALHHN010000051.1,rnfB,42,6.43e-6,0.435
FW_AS_rep_2,GCA_022840265.1,JALHHN010000163.1,rnfB,90,5.78e-22,0.307
FW_AS_rep_2,GCA_022840265.1,JALHHN010000118.1,frhG,41,8.686e-6,0.411
FW_AS_rep_2,GCA_022840265.1,JALHHN010000071.1,oppB,218,6.208e-65,0.393
FW_AS_rep_2,GCA_022840265.1,JALHHN010000051.1,frhB,51,6.09e-9,0.318
FW_AS_rep_2,GCA_022840265.1,JALHHN010000059.1,tdcB,71,9.106e-16,0.285
FW_AS_rep_2,GCA_022840265.1,JALHHN010000060.1,dppB,141,4.428e-40,0.33
FW_AS_rep_2,GCA_022840265.1,JALHHN010000008.1,fdhA,57,1.351e-10,0.4
FW_AS_rep_2,GCA_022840265.1,JALHHN010000031.1,dppC,218,5.775e-63,0.455
FW_AS_rep_2,GCA_022840265.1,JALHHN010000021.1,hydA,50,9.768e-11,0.415
FW_AS_rep_2,GCA_022840265.1,JALHHN010000063.1,pfkA,49,1.937e-8,0.387
FW_AS_rep_2,GCA_022840265.1,JALHHN010000131.1,fadD,276,1.999e-80,0.352
FW_AS_rep_2,GCA_022840265.1,JALHHN010000118.1,pfor,43,2.162e-6,0.223
FW_AS_rep_2,GCA_022840265.1,JALHHN010000060.1,dppA,102,1.142e-24,0.245
FW_AS_rep_2,GCA_022840265.1,JALHHN010000001.1,xylB,72,4.142e-15,0.241
FW_AS_rep_2,GCA_022840265.1,JALHHN010000006.1,etfA,240,1.878e-67,0.304
FW_AS_rep_2,GCA_022840265.1,JALHHN010000036.1,adhE,94,4.223e-22,0.304
FW_AS_rep_2,GCA_022840265.1,JALHHN010000031.1,dppA,301,2.702e-90,0.351
FW_AS_rep_2,GCA_022840265.1,JALHHN010000032.1,hydA,491,4.337e-154,0.433
FW_AS_rep_2,GCA_035361655.1,DAOSCT010000003.1,hydA,78,2.382e-16,0.388
FW_AS_rep_2,GCA_035361655.1,DAOSCT010000032.1,pepN,146,3.54e-37,0.295
FW_AS_rep_2,GCA_035361655.1,DAOSCT010000002.1,extracellular_protease,179,4.494e-47,0.401
FW_AS_rep_2,GCA_035361655.1,DAOSCT010000006.1,susC,54,2.461e-9,0.279
FW_AS_rep_2,GCA_035361655.1,DAOSCT010000005.1,pta,140,1.618e-38,0.369
FW_AS_rep_2,GCA_035361655.1,DAOSCT010000037.1,frhG,49,1.422e-8,0.362
FW_AS_rep_2,GCA_035361655.1,DAOSCT010000027.1,gdh,598,8.136e-194,0.662
FW_AS_rep_2,GCA_035361655.1,DAOSCT010000031.1,mmcF,124,6.792e-31,0.507
FW_AS_rep_2,GCA_035361655.1,DAOSCT010000023.1,frhG,44,1.426e-6,0.379
FW_AS_rep_2,GCA_035361655.1,DAOSCT010000044.1,frhB,47,4.031e-10,0.355
FW_AS_rep_2,GCA_035361655.1,DAOSCT010000003.1,susC,53,2.742e-9,0.243
FW_AS_rep_2,GCA_035361655.1,DAOSCT010000039.1,adh,54,2.391e-10,0.293
FW_AS_rep_2,GCA_035361655.1,DAOSCT010000002.1,etfB,163,8.741e-47,0.427
FW_AS_rep_2,GCA_035361655.1,DAOSCT010000004.1,agl,85,8.841e-19,0.258
FW_AS_rep_2,GCA_035361655.1,DAOSCT010000011.1,fadA,313,3.525e-96,0.446
FW_AS_rep_2,GCA_035361655.1,DAOSCT010000013.1,pepD,85,1.231e-19,0.262
FW_AS_rep_2,GCA_035361655.1,DAOSCT010000031.1,mmcE,530,1.033e-165,0.537
FW_AS_rep_2,GCA_035361655.1,DAOSCT010000044.1,frhG,51,1.199e-11,0.413
FW_AS_rep_2,GCA_035361655.1,DAOSCT010000013.1,pepT,239,2.403e-71,0.393
FW_AS_rep_2,GCA_035361655.1,DAOSCT010000004.1,cazy_GH13,134,5.016e-34,0.31
FW_AS_rep_2,GCA_035361655.1,DAOSCT010000006.1,bcd,338,5.819e-105,0.479
FW_AS_rep_2,GCA_035361655.1,DAOSCT010000013.1,pepA,355,2.292e-109,0.48
FW_AS_rep_2,GCA_035361655.1,DAOSCT010000009.1,pfor,1337,0.0,0.587
FW_AS_rep_2,GCA_035361655.1,DAOSCT010000003.1,fdhA,83,3.818e-18,0.353
FW_AS_rep_2,GCA_035361655.1,DAOSCT010000035.1,rnfB,42,2.856e-7,0.303
FW_AS_rep_2,GCA_035361655.1,DAOSCT010000002.1,etfA,100,2.609e-25,0.333
FW_AS_rep_2,GCA_035361655.1,DAOSCT010000037.1,etfA,250,1.225e-74,0.456
FW_AS_rep_2,GCA_035361655.1,DAOSCT010000019.1,pepQ,79,1.433e-18,0.316
FW_AS_rep_2,GCA_035361655.1,DAOSCT010000014.1,fwdA,41,7.594e-6,0.373
FW_AS_rep_2,GCA_035361655.1,DAOSCT010000003.1,frhG,46,8.214e-7,0.413
FW_AS_rep_2,GCA_035361655.1,DAOSCT010000037.1,rnfB,108,3.839e-27,0.345
FW_AS_rep_2,GCA_035361655.1,DAOSCT010000037.1,frhB,51,6.095e-9,0.381
FW_AS_rep_2,GCA_035361655.1,DAOSCT010000044.1,rnfB,42,1.875e-8,0.377
FW_AS_rep_2,GCA_035361655.1,DAOSCT010000044.1,adhE,98,4.897e-26,0.368
FW_AS_rep_2,GCA_035361655.1,DAOSCT010000011.1,thl,375,1.559e-117,0.523
FW_AS_rep_2,GCA_035361655.1,DAOSCT010000005.1,fumB,121,5.3e-34,0.383
FW_AS_rep_2,GCA_035361655.1,DAOSCT010000001.1,gapA,351,2.821e-110,0.542
FW_AS_rep_2,GCA_035361655.1,DAOSCT010000003.1,pfor,42,3.955e-6,0.423
FW_AS_rep_2,GCA_035361655.1,DAOSCT010000058.1,pfkA,169,1.647e-47,0.323
FW_AS_rep_2,GCA_035361655.1,DAOSCT010000037.1,hydA,67,3.929e-14,0.492
FW_AS_rep_2,GCA_035361655.1,DAOSCT010000006.1,fadE,290,1.621e-88,0.456
FW_AS_rep_2,GCA_035361655.1,DAOSCT010000035.1,frhB,48,2.02e-9,0.425
FW_AS_rep_2,GCA_035361655.1,DAOSCT010000003.1,rnfB,46,3.054e-7,0.382
FW_AS_rep_2,GCA_035361655.1,DAOSCT010000037.1,pfor,45,4.188e-7,0.291
FW_AS_rep_2,GCA_035361655.1,DAOSCT010000002.1,pgi,109,4.721e-27,0.297
FW_AS_rep_2,GCA_035361655.1,DAOSCT010000031.1,pepQ,160,4.552e-44,0.324
FW_AS_rep_2,GCA_035361655.1,DAOSCT010000001.1,adh,79,1.615e-18,0.272
FW_AS_rep_2,GCA_035361655.1,DAOSCT010000006.1,extracellular_protease,142,6.997e-36,0.329
FW_AS_rep_2,GCA_035361655.1,DAOSCT010000035.1,frhG,45,3.287e-8,0.363
FW_AS_rep_2,GCA_035361655.1,DAOSCT010000007.1,gapA,145,7.514e-39,0.326
FW_AS_rep_2,GCA_035361655.1,DAOSCT010000012.1,folD,251,2.034e-76,0.457
FW_AS_rep_2,GCA_035361655.1,DAOSCT010000020.1,cat,296,2.887e-93,0.679
FW_AS_rep_2,GCA_035361655.1,DAOSCT010000002.1,gdh,51,6.749e-9,0.389
FW_AS_rep_2,GCA_035361655.1,DAOSCT010000044.1,hydA,56,1.892e-13,0.433
FW_AS_rep_2,GCA_035361655.1,DAOSCT010000003.1,mmcG,104,1.068e-28,0.407
FW_AS_rep_2,GCA_035361655.1,DAOSCT010000008.1,ackA,89,8.406e-21,0.27
FW_AS_rep_2,GCA_035361655.1,DAOSCT010000002.1,pta,123,1.718e-32,0.342
FW_AS_rep_2,GCA_035361655.1,DAOSCT010000029.1,ackA,395,2.338e-124,0.526
FW_AS_rep_2,GCA_035361655.1,DAOSCT010000023.1,hydA,85,2.85e-19,0.23
FW_AS_rep_2,GCA_022840855.1,JALHDA010000143.1,frhB,47,9.136e-8,0.302
FW_AS_rep_2,GCA_022840855.1,JALHDA010000096.1,pta,124,2.705e-31,0.279
FW_AS_rep_2,GCA_022840855.1,JALHDA010000019.1,lctC,41,4.608e-6,0.247
FW_AS_rep_2,GCA_022840855.1,JALHDA010000023.1,xylB,95,1.953e-22,0.272
FW_AS_rep_2,GCA_022840855.1,JALHDA010000036.1,esterase,250,6.508e-73,0.364
FW_AS_rep_2,GCA_022840855.1,JALHDA010000022.1,fadD,261,1.935e-76,0.358
FW_AS_rep_2,GCA_022840855.1,JALHDA010000003.1,susD,248,9.193e-73,0.394
FW_AS_rep_2,GCA_022840855.1,JALHDA010000091.1,pta,235,1.789e-70,0.453
FW_AS_rep_2,GCA_022840855.1,JALHDA010000066.1,cazy_CBM6,62,3.059e-12,0.326
FW_AS_rep_2,GCA_022840855.1,JALHDA010000231.1,susD,88,7.212e-21,0.303
FW_AS_rep_2,GCA_022840855.1,JALHDA010000032.1,gapA,313,2.689e-97,0.498
FW_AS_rep_2,GCA_022840855.1,JALHDA010000045.1,frhB,53,1.475e-9,0.428
FW_AS_rep_2,GCA_022840855.1,JALHDA010000031.1,pfkA,228,1.369e-67,0.436
FW_AS_rep_2,GCA_022840855.1,JALHDA010000005.1,pfor,48,1.164e-8,0.269
FW_AS_rep_2,GCA_022840855.1,JALHDA010000108.1,gdh,554,9.692e-176,0.602
FW_AS_rep_2,GCA_022840855.1,JALHDA010000076.1,pfkA,269,4.375e-82,0.488
FW_AS_rep_2,GCA_022840855.1,JALHDA010000117.1,pta,123,1.473e-32,0.313
FW_AS_rep_2,GCA_022840855.1,JALHDA010000210.1,pepN,121,1.112e-30,0.32
FW_AS_rep_2,GCA_022840855.1,JALHDA010000136.1,susC,114,2.982e-28,0.279
FW_AS_rep_2,GCA_022840855.1,JALHDA010000061.1,susC,609,4.276e-188,0.372
FW_AS_rep_2,GCA_022840855.1,JALHDA010000030.1,susC,118,3.614e-31,0.335
FW_AS_rep_2,GCA_022840855.1,JALHDA010000045.1,fdhA,68,5.871e-14,0.492
FW_AS_rep_2,GCA_022840855.1,JALHDA010000143.1,hydA,47,9.136e-8,0.298
FW_AS_rep_2,GCA_022840855.1,JALHDA010000001.1,esterase,43,1.476e-6,0.263
FW_AS_rep_2,GCA_022840855.1,JALHDA010000019.1,lctB,46,2.528e-7,0.27
FW_AS_rep_2,GCA_022840855.1,JALHDA010000010.1,susC,183,9.067e-48,0.47
FW_AS_rep_2,GCA_022840855.1,JALHDA010000155.1,susC,327,3.712e-97,0.342
FW_AS_rep_2,GCA_022840855.1,JALHDA010000041.1,cazy_GH9,103,1.759e-26,0.317
FW_AS_rep_2,GCA_022840855.1,JALHDA010000275.1,endopeptidase,124,2.006e-34,0.42
FW_AS_rep_2,GCA_022840855.1,JALHDA010000032.1,adh,62,9.059e-13,0.283
FW_AS_rep_2,GCA_022840855.1,JALHDA010000044.1,rnfB,83,1.144e-19,0.288
FW_AS_rep_2,GCA_022840855.1,JALHDA010000032.1,pfor,1415,0.0,0.609
FW_AS_rep_2,GCA_022840855.1,JALHDA010000001.1,pgi,91,3.571e-21,0.273
FW_AS_rep_2,GCA_022840855.1,JALHDA010000019.1,cazy_GH9,141,4.693e-36,0.261
FW_AS_rep_2,GCA_022840855.1,JALHDA010000045.1,frhG,55,5.407e-10,0.397
FW_AS_rep_2,GCA_022840855.1,JALHDA010000196.1,susC,311,3.184e-90,0.329
FW_AS_rep_2,GCA_022840855.1,JALHDA010000002.1,susC,619,6.538e-192,0.385
FW_AS_rep_2,GCA_022840855.1,JALHDA010000012.1,susC,697,5.811e-218,0.415
FW_AS_rep_2,GCA_022840855.1,JALHDA010000007.1,fadD,322,3.976e-96,0.359
FW_AS_rep_2,GCA_022840855.1,JALHDA010000006.1,cazy_GH13,157,1.458e-41,0.353
FW_AS_rep_2,GCA_022840855.1,JALHDA010000016.1,pepQ,54,3.666e-10,0.265
FW_AS_rep_2,GCA_022840855.1,JALHDA010000051.1,bcd,182,7.532e-50,0.329
FW_AS_rep_2,GCA_022840855.1,JALHDA010000036.1,susC,244,3.189e-67,0.267
FW_AS_rep_2,GCA_022840855.1,JALHDA010000076.1,etfB,142,5.294e-39,0.42
FW_AS_rep_2,GCA_022840855.1,JALHDA010000012.1,pepQ,177,4.363e-48,0.311
FW_AS_rep_2,GCA_022840855.1,JALHDA010000176.1,fdhA,111,5.048e-28,0.268
FW_AS_rep_2,GCA_022840855.1,JALHDA010000117.1,ackA,93,5.003e-22,0.28
FW_AS_rep_2,GCA_022840855.1,JALHDA010000004.1,folD,300,1.35e-93,0.538
FW_AS_rep_2,GCA_022840855.1,JALHDA010000026.1,susD,207,1.699e-58,0.335
FW_AS_rep_2,GCA_022840855.1,JALHDA010000064.1,xylB,74,8.401e-16,0.268
FW_AS_rep_2,GCA_022840855.1,JALHDA010000001.1,mmcE,498,1.11e-154,0.426
FW_AS_rep_2,GCA_022840855.1,JALHDA010000076.1,etfA,108,1.909e-27,0.323
FW_AS_rep_2,GCA_022840855.1,JALHDA010000284.1,frhG,44,4.725e-8,0.367
FW_AS_rep_2,GCA_022840855.1,JALHDA010000006.1,susC,724,7.468e-228,0.444
FW_AS_rep_2,GCA_022840855.1,JALHDA010000029.1,acs,66,4.342e-13,0.268
FW_AS_rep_2,GCA_022840855.1,JALHDA010000054.1,fadD,252,2.859e-73,0.33
FW_AS_rep_2,GCA_022840855.1,JALHDA010000019.1,susC,451,1.016e-133,0.314
FW_AS_rep_2,GCA_022840855.1,JALHDA010000254.1,susD,49,6.311e-11,0.461
FW_AS_rep_2,GCA_022840855.1,JALHDA010000025.1,susC,46,7.867e-7,0.283
FW_AS_rep_2,GCA_022840855.1,JALHDA010000001.1,tdcB,231,3.148e-69,0.444
FW_AS_rep_2,GCA_022840855.1,JALHDA010000009.1,pepQ,138,4.381e-36,0.314
FW_AS_rep_2,GCA_022840855.1,JALHDA010000041.1,susD,151,7.798e-40,0.278
FW_AS_rep_2,GCA_022840855.1,JALHDA010000062.1,susC,354,2.328e-102,0.299
FW_AS_rep_2,GCA_022840855.1,JALHDA010000258.1,susD,85,5.147e-20,0.311
FW_AS_rep_2,GCA_022840855.1,JALHDA010000013.1,pepD,211,1.05e-63,0.514
FW_AS_rep_2,GCA_022840855.1,JALHDA010000018.1,pyk,327,1.184e-99,0.439
FW_AS_rep_2,GCA_022840855.1,JALHDA010000058.1,susC,58,1.703e-10,0.297
FW_AS_rep_2,GCA_022840855.1,JALHDA010000009.1,pepD,514,5.127e-164,0.53
FW_AS_rep_2,GCA_022840855.1,JALHDA010000006.1,fumB,662,2.03e-214,0.621
FW_AS_rep_2,GCA_022840855.1,JALHDA010000011.1,rnfB,50,2.074e-8,0.406
FW_AS_rep_2,GCA_022840855.1,JALHDA010000005.1,gdh,51,4.924e-9,0.428
FW_AS_rep_2,GCA_022840855.1,JALHDA010000228.1,susC,67,2.427e-14,0.238
FW_AS_rep_2,GCA_022840855.1,JALHDA010000029.1,frhG,44,1.036e-6,0.368
FW_AS_rep_2,GCA_022840855.1,JALHDA010000037.1,hydA,52,1.647e-11,0.353
FW_AS_rep_2,GCA_022840855.1,JALHDA010000050.1,acylglycerol_lipase,177,6.08e-51,0.384
FW_AS_rep_2,GCA_022840855.1,JALHDA010000137.1,rnfB,43,9.507e-7,0.371
FW_AS_rep_2,GCA_022840855.1,JALHDA010000084.1,pepQ,108,2.028e-26,0.282
FW_AS_rep_2,GCA_022840855.1,JALHDA010000012.1,susD,197,5.191e-55,0.34
FW_AS_rep_2,GCA_022840855.1,JALHDA010000029.1,mmcG,108,6.796e-30,0.403
FW_AS_rep_2,GCA_022840855.1,JALHDA010000023.1,cazy_GH10,281,1.424e-85,0.433
FW_AS_rep_2,GCA_022840855.1,JALHDA010000044.1,frhG,49,1.306e-8,0.428
FW_AS_rep_2,GCA_022840855.1,JALHDA010000013.1,endopeptidase,114,1.297e-31,0.422
FW_AS_rep_2,GCA_022840855.1,JALHDA010000054.1,acs,68,4.859e-14,0.222
FW_AS_rep_2,GCA_022840855.1,JALHDA010000044.1,frhB,46,1.703e-7,0.444
FW_AS_rep_2,GCA_022840855.1,JALHDA010000009.1,dtpT,208,4.477e-58,0.318
FW_AS_rep_2,GCA_022840855.1,JALHDA010000064.1,fdhA,98,2.209e-25,0.352
FW_AS_rep_2,GCA_022840855.1,JALHDA010000022.1,acs,77,1.017e-16,0.231
FW_AS_rep_2,GCA_022840855.1,JALHDA010000026.1,susC,736,6.25e-231,0.42
FW_AS_rep_2,GCA_022840855.1,JALHDA010000002.1,fhs,683,1.224e-220,0.614
FW_AS_rep_2,GCA_022840855.1,JALHDA010000001.1,susC,626,2.603e-194,0.393
FW_AS_rep_2,GCA_022840855.1,JALHDA010000119.1,adhE,150,9.653e-41,0.322
FW_AS_rep_2,GCA_022840855.1,JALHDA010000029.1,fadD,243,3.614e-69,0.321
FW_AS_rep_2,GCA_022840855.1,JALHDA010000061.1,susD,126,5.041e-32,0.297
FW_AS_rep_2,GCA_022840855.1,JALHDA010000003.1,susC,728,3.495e-229,0.422
FW_AS_rep_2,GCA_022840855.1,JALHDA010000071.1,ilvE,256,2.447e-77,0.429
FW_AS_rep_2,GCA_022840855.1,JALHDA010000020.1,susC,314,1.799e-89,0.271
FW_AS_rep_2,GCA_022840855.1,JALHDA010000059.1,acylglycerol_lipase,41,7.011e-6,0.249
FW_AS_rep_2,GCA_022840855.1,JALHDA010000002.1,susD,147,7.626e-39,0.283
FW_AS_rep_2,GCA_022840855.1,JALHDA010000066.1,cazy_GH43,116,9.786e-29,0.32
FW_AS_rep_2,GCA_022840855.1,JALHDA010000051.1,etfA,147,1.452e-42,0.467
FW_AS_rep_2,GCA_022840855.1,JALHDA010000023.1,xylA,501,6.656e-160,0.554
FW_AS_rep_2,GCA_022840855.1,JALHDA010000023.1,susC,552,5.426e-170,0.4
FW_AS_rep_2,GCA_022840855.1,JALHDA010000099.1,pfkA,153,3.506e-41,0.336
FW_AS_rep_2,GCA_022840855.1,JALHDA010000007.1,acs,53,2.981e-9,0.218
FW_AS_rep_2,GCA_022840855.1,JALHDA010000033.1,extracellular_protease,97,6.861e-23,0.308
FW_AS_rep_2,GCA_022840855.1,JALHDA010000040.1,susC,60,2.574e-11,0.258
FW_AS_rep_2,GCA_022840855.1,JALHDA010000011.1,hydA,87,1.653e-19,0.265
FW_AS_rep_2,GCA_022840855.1,JALHDA010000050.1,lysophospholipase,63,6.979e-13,0.277
FW_AS_rep_2,GCA_022840855.1,JALHDA010000010.1,adhE,128,1.693e-33,0.325
FW_AS_rep_2,GCA_022840855.1,JALHDA010000045.1,pepT,244,1.888e-72,0.409
FW_AS_rep_2,GCA_022840855.1,JALHDA010000009.1,susC,56,4.045e-10,0.41
FW_AS_rep_2,GCA_022840855.1,JALHDA010000003.1,frhB,44,4.165e-9,0.477
FW_AS_rep_2,GCA_022840855.1,JALHDA010000143.1,frhG,50,9.484e-9,0.377
FW_AS_rep_2,GCA_022840855.1,JALHDA010000023.1,susD,97,1.232e-22,0.316
FW_AS_rep_2,GCA_022840855.1,JALHDA010000041.1,susC,683,4.204e-213,0.395
FW_AS_rep_2,GCA_022840855.1,JALHDA010000039.1,pfkA,139,3.903e-37,0.302
FW_AS_rep_2,GCA_022840855.1,JALHDA010000006.1,agl,102,1.518e-24,0.262
FW_AS_rep_2,GCA_022840855.1,JALHDA010000001.1,mmcF,125,3.958e-31,0.488
FW_AS_rep_2,GCA_022840855.1,JALHDA010000001.1,susD,180,5.911e-50,0.334
FW_AS_rep_2,GCA_022840855.1,JALHDA010000048.1,adh,46,1.37e-7,0.209
FW_AS_rep_2,GCA_022840855.1,JALHDA010000045.1,hydA,494,7.003e-155,0.445
FW_AS_rep_2,GCA_022840855.1,JALHDA010000284.1,frhB,56,4.241e-12,0.4
FW_AS_rep_2,GCA_022840855.1,JALHDA010000105.1,susC,72,3.764e-15,0.299
FW_AS_rep_2,GCA_022840855.1,JALHDA010000045.1,rnfB,46,3.179e-7,0.361
FW_AS_rep_2,GCA_022840855.1,JALHDA010000051.1,fadE,158,3.705e-42,0.331
FW_AS_rep_2,GCA_022840855.1,JALHDA010000014.1,susC,246,1.011e-67,0.255
FW_AS_rep_2,GCA_022840855.1,JALHDA010000014.1,adh,93,5.821e-23,0.314
FW_AS_rep_2,GCA_022840855.1,JALHDA010000006.1,susD,169,4.272e-46,0.332
FW_AS_rep_2,GCA_022840855.1,JALHDA010000001.1,agl,45,1.164e-6,0.51
FW_AS_rep_2,GCA_022840855.1,JALHDA010000137.1,frhB,46,9.771e-8,0.349
FW_AS_rep_2,GCA_022840855.1,JALHDA010000269.1,mmcG,75,8.894e-20,0.507
FW_AS_rep_2,GCA_022840855.1,JALHDA010000037.1,pfor,59,1.299e-11,0.262
FW_AS_rep_2,GCA_022840855.1,JALHDA010000091.1,ackA,399,1.101e-125,0.518
FW_AS_rep_2,GCA_022840855.1,JALHDA010000002.1,dtpT,81,4.877e-18,0.252
FW_AS_rep_2,GCA_022840855.1,JALHDA010000017.1,endopeptidase,246,1.76e-69,0.345
FW_AS_rep_2,GCA_022840855.1,JALHDA010000029.1,pepD,449,1.449e-141,0.468
FW_AS_rep_2,GCA_022840855.1,JALHDA010000030.1,esterase,85,1.42e-19,0.25
FW_AS_rep_2,GCA_029565215.1,JAKQOP010000269.1,rnfB,42,5.139e-6,0.346
FW_AS_rep_2,GCA_029565215.1,JAKQOP010000124.1,oppB,167,9.055e-47,0.337
FW_AS_rep_2,GCA_029565215.1,JAKQOP010000275.1,hydA,46,5.031e-10,0.448
FW_AS_rep_2,GCA_029565215.1,JAKQOP010000093.1,adh,76,4.415e-17,0.259
FW_AS_rep_2,GCA_029565215.1,JAKQOP010000178.1,glcP,41,8.079e-6,0.229
FW_AS_rep_2,GCA_029565215.1,JAKQOP010000544.1,etfB,119,1.903e-31,0.332
FW_AS_rep_2,GCA_029565215.1,JAKQOP010000455.1,ackA,280,7.035e-87,0.521
FW_AS_rep_2,GCA_029565215.1,JAKQOP010000096.1,dtpT,202,5.696e-56,0.287
FW_AS_rep_2,GCA_029565215.1,JAKQOP010000193.1,endopeptidase,210,4.381e-61,0.437
FW_AS_rep_2,GCA_029565215.1,JAKQOP010000243.1,rnfB,49,2.283e-8,0.288
FW_AS_rep_2,GCA_029565215.1,JAKQOP010000584.1,pfor,301,7.587e-96,0.768
FW_AS_rep_2,GCA_029565215.1,JAKQOP010000082.1,pfkA,228,1.202e-69,0.526
FW_AS_rep_2,GCA_029565215.1,JAKQOP010000402.1,frhB,46,2.506e-9,0.392
FW_AS_rep_2,GCA_029565215.1,JAKQOP010000504.1,fumB,93,1.161e-24,0.388
FW_AS_rep_2,GCA_029565215.1,JAKQOP010000544.1,etfA,201,6.602e-59,0.364
FW_AS_rep_2,GCA_029565215.1,JAKQOP010000522.1,ackA,192,1.834e-58,0.539
FW_AS_rep_2,GCA_029565215.1,JAKQOP010000517.1,endopeptidase,302,5.265e-92,0.447
FW_AS_rep_2,GCA_029565215.1,JAKQOP010000121.1,pepQ,59,7.65e-12,0.293
FW_AS_rep_2,GCA_029565215.1,JAKQOP010000205.1,pfor,42,1.859e-6,0.227
FW_AS_rep_2,GCA_029565215.1,JAKQOP010000211.1,extracellular_protease,124,5.972e-31,0.327
FW_AS_rep_2,GCA_029565215.1,JAKQOP010000203.1,rnfB,42,6.91e-6,0.338
FW_AS_rep_2,GCA_029565215.1,JAKQOP010000558.1,folD,329,2.003e-103,0.593
FW_AS_rep_2,GCA_029565215.1,JAKQOP010000170.1,pepN,108,4.586e-26,0.275
FW_AS_rep_2,GCA_029565215.1,JAKQOP010000031.1,frhB,45,3.319e-7,0.342
FW_AS_rep_2,GCA_029565215.1,JAKQOP010000068.1,hydA,136,5.012e-35,0.223
FW_AS_rep_2,GCA_029565215.1,JAKQOP010000251.1,dppA,205,2.092e-57,0.273
FW_AS_rep_2,GCA_029565215.1,JAKQOP010000569.1,endopeptidase,241,2.263e-71,0.441
FW_AS_rep_2,GCA_029565215.1,JAKQOP010000360.1,pepA,54,2.994e-12,0.476
FW_AS_rep_2,GCA_029565215.1,JAKQOP010000510.1,mmcG,97,4.099e-26,0.378
FW_AS_rep_2,GCA_029565215.1,JAKQOP010000068.1,fdhA,49,5.022e-8,0.381
FW_AS_rep_2,GCA_029565215.1,JAKQOP010000302.1,dppC,150,3.006e-41,0.384
FW_AS_rep_2,GCA_029565215.1,JAKQOP010000331.1,acs,141,2.299e-37,0.254
FW_AS_rep_2,GCA_029565215.1,JAKQOP010000124.1,dppB,184,1.187e-52,0.345
FW_AS_rep_2,GCA_029565215.1,JAKQOP010000005.1,ackA,97,1.261e-23,0.293
FW_AS_rep_2,GCA_029565215.1,JAKQOP010000192.1,pepT,59,2.393e-11,0.295
FW_AS_rep_2,GCA_029565215.1,JAKQOP010000568.1,pyk,319,4.853e-97,0.407
FW_AS_rep_2,GCA_029565215.1,JAKQOP010000558.1,pfkA,137,3.395e-36,0.324
FW_AS_rep_2,GCA_029565215.1,JAKQOP010000068.1,frhB,52,6.876e-9,0.384
FW_AS_rep_2,GCA_029565215.1,JAKQOP010000510.1,acs,103,2.202e-25,0.276
FW_AS_rep_2,GCA_029565215.1,JAKQOP010000280.1,gdh,584,2.304e-188,0.645
FW_AS_rep_2,GCA_029565215.1,JAKQOP010000457.1,pepD,523,4.621e-167,0.536
FW_AS_rep_2,GCA_029565215.1,JAKQOP010000030.1,pfkA,228,8.987e-70,0.53
FW_AS_rep_2,GCA_029565215.1,JAKQOP010000314.1,pepQ,113,4.296e-28,0.279
FW_AS_rep_2,GCA_029565215.1,JAKQOP010000300.1,ackA,196,5.72e-60,0.551
FW_AS_rep_2,GCA_029565215.1,JAKQOP010000414.1,mmcE,532,1.651e-166,0.535
FW_AS_rep_2,GCA_029565215.1,JAKQOP010000031.1,frhG,42,3.198e-6,0.367
FW_AS_rep_2,GCA_029565215.1,JAKQOP010000183.1,pfor,49,4.64e-8,0.232
FW_AS_rep_2,GCA_029565215.1,JAKQOP010000265.1,adh,71,1.14e-15,0.294
FW_AS_rep_2,GCA_029565215.1,JAKQOP010000544.1,bcd,180,3.926e-49,0.333
FW_AS_rep_2,GCA_029565215.1,JAKQOP010000243.1,frhG,55,3.461e-10,0.351
FW_AS_rep_2,GCA_029565215.1,JAKQOP010000145.1,pepT,249,1.425e-73,0.412
FW_AS_rep_2,GCA_029565215.1,JAKQOP010000361.1,ilvE,249,3.372e-75,0.414
FW_AS_rep_2,GCA_029565215.1,JAKQOP010000145.1,pepD,168,8.133e-49,0.438
FW_AS_rep_2,GCA_029565215.1,JAKQOP010000275.1,frhB,46,9.54e-10,0.5
FW_AS_rep_2,GCA_029565215.1,JAKQOP010000565.1,endopeptidase,277,3.241e-80,0.423
FW_AS_rep_2,GCA_029565215.1,JAKQOP010000531.1,fadD,118,2.732e-31,0.37
FW_AS_rep_2,GCA_029565215.1,JAKQOP010000251.1,oppA,228,2.687e-65,0.32
FW_AS_rep_2,GCA_029565215.1,JAKQOP010000436.1,adhE,97,6.217e-24,0.259
FW_AS_rep_2,GCA_029565215.1,JAKQOP010000407.1,gdh,68,3.904e-14,0.571
FW_AS_rep_2,GCA_029565215.1,JAKQOP010000032.1,fdhA,54,1.243e-9,0.447
FW_AS_rep_2,GCA_029565215.1,JAKQOP010000243.1,frhB,49,3.018e-8,0.328
FW_AS_rep_2,GCA_029565215.1,JAKQOP010000510.1,fadD,100,2.304e-24,0.272
FW_AS_rep_2,GCA_029565215.1,JAKQOP010000423.1,susC,52,1.608e-8,0.284
FW_AS_rep_2,GCA_029565215.1,JAKQOP010000445.1,sucC,349,6.862e-109,0.48
FW_AS_rep_2,GCA_029565215.1,JAKQOP010000068.1,rnfB,44,1.327e-6,0.37
FW_AS_rep_2,GCA_029565215.1,JAKQOP010000414.1,mmcF,141,2.932e-36,0.545
FW_AS_rep_2,GCA_029565215.1,JAKQOP010000272.1,pepD,66,1.179e-16,0.491
FW_AS_rep_2,GCA_029565215.1,JAKQOP010000114.1,fhs,77,1.417e-20,0.532
FW_AS_rep_2,GCA_029565215.1,JAKQOP010000302.1,oppB,166,1.358e-46,0.424
FW_AS_rep_2,GCA_029565215.1,JAKQOP010000553.1,gapA,261,2.71e-80,0.475
FW_AS_rep_2,GCA_029565215.1,JAKQOP010000031.1,rnfB,85,6.071e-20,0.321
FW_AS_rep_2,GCA_029565215.1,JAKQOP010000192.1,pepD,458,7.55e-145,0.494
FW_AS_rep_2,GCA_029565215.1,JAKQOP010000010.1,cat,211,7.321e-64,0.533
FW_AS_rep_2,GCA_029565215.1,JAKQOP010000402.1,hydA,42,4.406e-8,0.387
FW_AS_rep_2,GCA_029565215.1,JAKQOP010000032.1,hydA,520,4.714e-164,0.469
FW_AS_rep_2,GCA_029565215.1,JAKQOP010000531.1,acs,158,7.498e-45,0.321
FW_AS_rep_2,GCA_029565215.1,JAKQOP010000087.1,fhs,599,2.145e-192,0.568
FW_AS_rep_2,GCA_029565215.1,JAKQOP010000544.1,fadE,162,2.261e-43,0.353
FW_AS_rep_2,GCA_029565215.1,JAKQOP010000200.1,fadD,87,2.9e-22,0.404
FW_AS_rep_2,GCA_029565215.1,JAKQOP010000331.1,fadD,143,5.195e-38,0.291
FW_AS_rep_2,GCA_029565215.1,JAKQOP010000243.1,hydA,79,1.251e-17,0.268
FW_AS_rep_2,GCA_029565215.1,JAKQOP010000269.1,frhB,44,2.239e-6,0.345
FW_AS_rep_2,GCA_029565215.1,JAKQOP010000059.1,ackA,102,1.447e-27,0.473
FW_AS_rep_2,GCA_029565215.1,JAKQOP010000514.1,lctC,44,9.57e-7,0.276
FW_AS_rep_2,GCA_029565215.1,JAKQOP010000200.1,acs,126,6.733e-36,0.404
FW_AS_rep_2,GCA_029565215.1,JAKQOP010000456.1,pfor,1139,0.0,0.578
FW_AS_rep_2,GCA_029565215.1,JAKQOP010000445.1,sucD,101,1.008e-24,0.449
FW_AS_rep_2,GCA_029565215.1,JAKQOP010000498.1,pepN,107,1.692e-25,0.281
FW_AS_rep_2,GCA_029565215.1,JAKQOP010000094.1,pgi,75,3.524e-16,0.27
FW_AS_rep_2,GCA_029565215.1,JAKQOP010000528.1,susC,43,2.892e-6,0.27
FW_AS_rep_2,GCA_002316295.1,DCDF01000101.1,pyk,314,1.887e-97,0.523
FW_AS_rep_2,GCA_002316295.1,DCDF01000228.1,crt,92,1.299e-21,0.283
FW_AS_rep_2,GCA_002316295.1,DCDF01000028.1,acs,260,4.025e-80,0.52
FW_AS_rep_2,GCA_002316295.1,DCDF01000072.1,fadD,243,1.539e-70,0.335
FW_AS_rep_2,GCA_002316295.1,DCDF01000240.1,acs,123,4.121e-31,0.261
FW_AS_rep_2,GCA_002316295.1,DCDF01000173.1,bcd,241,1.477e-71,0.382
FW_AS_rep_2,GCA_002316295.1,DCDF01000096.1,fadD,225,4.886e-64,0.331
FW_AS_rep_2,GCA_002316295.1,DCDF01000196.1,gapA,138,3.777e-40,0.521
FW_AS_rep_2,GCA_002316295.1,DCDF01000238.1,fadB,108,2.388e-27,0.299
FW_AS_rep_2,GCA_002316295.1,DCDF01000113.1,acs,220,1.436e-62,0.335
FW_AS_rep_2,GCA_002316295.1,DCDF01000162.1,thl,273,5.976e-82,0.426
FW_AS_rep_2,GCA_002316295.1,DCDF01000087.1,pyk,122,6.02e-32,0.288
FW_AS_rep_2,GCA_002316295.1,DCDF01000112.1,frhG,52,1.75e-9,0.5
FW_AS_rep_2,GCA_002316295.1,DCDF01000204.1,fadE,106,7.066e-26,0.265
FW_AS_rep_2,GCA_002316295.1,DCDF01000038.1,acs,41,2.622e-6,0.314
FW_AS_rep_2,GCA_002316295.1,DCDF01000294.1,cazy_GH13,80,1.887e-17,0.278
FW_AS_rep_2,GCA_002316295.1,DCDF01000167.1,fdhA,78,9.001e-20,0.547
FW_AS_rep_2,GCA_002316295.1,DCDF01000178.1,bcd,201,5.078e-58,0.354
FW_AS_rep_2,GCA_002316295.1,DCDF01000255.1,crt,150,5.63e-42,0.358
FW_AS_rep_2,GCA_002316295.1,DCDF01000256.1,acs,837,2.438e-272,0.608
FW_AS_rep_2,GCA_002316295.1,DCDF01000147.1,bcd,107,7.38e-26,0.269
FW_AS_rep_2,GCA_002316295.1,DCDF01000092.1,frhG,55,3.955e-10,0.512
FW_AS_rep_2,GCA_002316295.1,DCDF01000065.1,endopeptidase,291,1.856e-88,0.498
FW_AS_rep_2,GCA_002316295.1,DCDF01000067.1,thl,376,4.909e-117,0.517
FW_AS_rep_2,GCA_002316295.1,DCDF01000045.1,fadD,192,5.249e-53,0.302
FW_AS_rep_2,GCA_002316295.1,DCDF01000214.1,bcd,128,2.677e-32,0.271
FW_AS_rep_2,GCA_002316295.1,DCDF01000170.1,acs,95,4.556e-22,0.263
FW_AS_rep_2,GCA_002316295.1,DCDF01000099.1,fadE,100,9.847e-24,0.28
FW_AS_rep_2,GCA_002316295.1,DCDF01000045.1,bcd,256,4.507e-77,0.383
FW_AS_rep_2,GCA_002316295.1,DCDF01000184.1,bcd,125,2.357e-31,0.278
FW_AS_rep_2,GCA_002316295.1,DCDF01000020.1,hbd,257,2.687e-77,0.421
FW_AS_rep_2,GCA_002316295.1,DCDF01000112.1,frhB,55,3.179e-10,0.522
FW_AS_rep_2,GCA_002316295.1,DCDF01000083.1,crt,149,2.236e-42,0.384
FW_AS_rep_2,GCA_002316295.1,DCDF01000281.1,fhs,318,3.65e-100,0.534
FW_AS_rep_2,GCA_002316295.1,DCDF01000213.1,crt,88,5.099e-21,0.255
FW_AS_rep_2,GCA_002316295.1,DCDF01000048.1,acylglycerol_lipase,73,5.913e-16,0.3
FW_AS_rep_2,GCA_002316295.1,DCDF01000188.1,lctB,91,5.453e-21,0.314
FW_AS_rep_2,GCA_002316295.1,DCDF01000246.1,bcd,385,3.614e-121,0.524
FW_AS_rep_2,GCA_002316295.1,DCDF01000045.1,acs,176,1.018e-47,0.291
FW_AS_rep_2,GCA_002316295.1,DCDF01000244.1,acs,72,2.048e-15,0.285
FW_AS_rep_2,GCA_002316295.1,DCDF01000219.1,frhG,42,1.807e-6,0.381
FW_AS_rep_2,GCA_002316295.1,DCDF01000024.1,cat,111,4.294e-27,0.337
FW_AS_rep_2,GCA_002316295.1,DCDF01000173.1,fadD,314,1.209e-93,0.377
FW_AS_rep_2,GCA_002316295.1,DCDF01000149.1,hydA,44,7.675e-7,0.372
FW_AS_rep_2,GCA_002316295.1,DCDF01000155.1,dppA,98,1.307e-24,0.319
FW_AS_rep_2,GCA_002316295.1,DCDF01000173.1,acs,129,6.861e-33,0.266
FW_AS_rep_2,GCA_002316295.1,DCDF01000223.1,edd,266,9.915e-78,0.337
FW_AS_rep_2,GCA_002316295.1,DCDF01000206.1,fadD,77,2.116e-17,0.347
FW_AS_rep_2,GCA_002316295.1,DCDF01000100.1,hydA,43,2.639e-8,0.346
FW_AS_rep_2,GCA_002316295.1,DCDF01000270.1,adh,80,1.125e-18,0.243
FW_AS_rep_2,GCA_002316295.1,DCDF01000180.1,frhB,45,9.836e-7,0.414
FW_AS_rep_2,GCA_002316295.1,DCDF01000123.1,thl,404,1.52e-127,0.545
FW_AS_rep_2,GCA_002316295.1,DCDF01000020.1,hydA,90,9.028e-22,0.354
FW_AS_rep_2,GCA_002316295.1,DCDF01000052.1,adhE,209,2.997e-60,0.362
FW_AS_rep_2,GCA_002316295.1,DCDF01000149.1,frhB,49,2.621e-8,0.407
FW_AS_rep_2,GCA_002316295.1,DCDF01000113.1,fadD,267,2.49e-78,0.349
FW_AS_rep_2,GCA_002316295.1,DCDF01000165.1,pfkA,211,1.823e-63,0.514
FW_AS_rep_2,GCA_002316295.1,DCDF01000235.1,bcd,275,4.918e-83,0.386
FW_AS_rep_2,GCA_002316295.1,DCDF01000133.1,hbd,243,1.03e-73,0.464
FW_AS_rep_2,GCA_002316295.1,DCDF01000173.1,sucD,43,4.977e-6,0.218
FW_AS_rep_2,GCA_002316295.1,DCDF01000267.1,fadD,81,2.202e-18,0.283
FW_AS_rep_2,GCA_002316295.1,DCDF01000228.1,etfA,70,1.148e-14,0.358
FW_AS_rep_2,GCA_002316295.1,DCDF01000096.1,etfA,92,1.839e-22,0.337
FW_AS_rep_2,GCA_002316295.1,DCDF01000109.1,ilvE,86,3.031e-20,0.271
FW_AS_rep_2,GCA_002316295.1,DCDF01000018.1,sucD,65,5.132e-13,0.271
FW_AS_rep_2,GCA_002316295.1,DCDF01000042.1,pepD,439,4.189e-137,0.478
FW_AS_rep_2,GCA_002316295.1,DCDF01000107.1,adhE,217,2.589e-63,0.364
FW_AS_rep_2,GCA_002316295.1,DCDF01000256.1,hbd,145,1.161e-41,0.421
FW_AS_rep_2,GCA_002316295.1,DCDF01000228.1,fadA,285,1.774e-86,0.44
FW_AS_rep_2,GCA_002316295.1,DCDF01000038.1,fadD,130,2.079e-36,0.433
FW_AS_rep_2,GCA_002316295.1,DCDF01000017.1,acs,133,4.955e-34,0.263
FW_AS_rep_2,GCA_002316295.1,DCDF01000206.1,acs,295,2.592e-91,0.453
FW_AS_rep_2,GCA_002316295.1,DCDF01000024.1,mmcE,300,9.253e-85,0.386
FW_AS_rep_2,GCA_002316295.1,DCDF01000096.1,fadB,102,1.519e-25,0.295
FW_AS_rep_2,GCA_002316295.1,DCDF01000240.1,hbd,169,4.167e-48,0.353
FW_AS_rep_2,GCA_002316295.1,DCDF01000202.1,rnfB,40,9.525e-6,0.245
FW_AS_rep_2,GCA_002316295.1,DCDF01000133.1,thl,191,2.247e-56,0.458
FW_AS_rep_2,GCA_002316295.1,DCDF01000243.1,fadB,209,5.094e-62,0.42
FW_AS_rep_2,GCA_002316295.1,DCDF01000238.1,hbd,142,7.799e-39,0.36
FW_AS_rep_2,GCA_002316295.1,DCDF01000147.1,fadE,139,1.034e-35,0.318
FW_AS_rep_2,GCA_002316295.1,DCDF01000012.1,fadE,56,3.721e-11,0.313
FW_AS_rep_2,GCA_002316295.1,DCDF01000271.1,fadB,141,3.601e-39,0.33
FW_AS_rep_2,GCA_002316295.1,DCDF01000045.1,fadE,397,1.276e-125,0.52
FW_AS_rep_2,GCA_002316295.1,DCDF01000095.1,mmcG,68,3.073e-15,0.345
FW_AS_rep_2,GCA_002316295.1,DCDF01000240.1,etfB,132,8.484e-36,0.399
FW_AS_rep_2,GCA_002316295.1,DCDF01000133.1,bcd,296,1.417e-90,0.409
FW_AS_rep_2,GCA_002316295.1,DCDF01000174.1,frhG,44,1.532e-7,0.269
FW_AS_rep_2,GCA_002316295.1,DCDF01000169.1,hbd,139,4.69e-37,0.338
FW_AS_rep_2,GCA_002316295.1,DCDF01000083.1,fadD,214,1.389e-60,0.327
FW_AS_rep_2,GCA_002316295.1,DCDF01000244.1,bcd,108,5.534e-27,0.323
FW_AS_rep_2,GCA_002316295.1,DCDF01000185.1,frhG,42,2.972e-6,0.333
FW_AS_rep_2,GCA_002316295.1,DCDF01000006.1,adh,59,6.436e-12,0.284
FW_AS_rep_2,GCA_002316295.1,DCDF01000277.1,pfor,128,5.516e-33,0.293
FW_AS_rep_2,GCA_002316295.1,DCDF01000252.1,frhB,42,5.179e-8,0.4
FW_AS_rep_2,GCA_002316295.1,DCDF01000018.1,cat,70,1.915e-15,0.273
FW_AS_rep_2,GCA_002316295.1,DCDF01000228.1,thl,209,1.869e-60,0.357
FW_AS_rep_2,GCA_002316295.1,DCDF01000132.1,crt,137,8.305e-38,0.343
FW_AS_rep_2,GCA_002316295.1,DCDF01000040.1,lysophospholipase,68,8.241e-15,0.353
FW_AS_rep_2,GCA_002316295.1,DCDF01000049.1,frhG,41,8.375e-6,0.387
FW_AS_rep_2,GCA_002316295.1,DCDF01000256.1,fadB,144,2.175e-41,0.403
FW_AS_rep_2,GCA_002316295.1,DCDF01000235.1,fadE,233,1.385e-68,0.328
FW_AS_rep_2,GCA_002316295.1,DCDF01000210.1,acs,52,1.612e-9,0.246
FW_AS_rep_2,GCA_002316295.1,DCDF01000115.1,crt,111,9.301e-28,0.346
FW_AS_rep_2,GCA_002316295.1,DCDF01000051.1,frhG,48,7.2e-8,0.354
FW_AS_rep_2,GCA_002316295.1,DCDF01000286.1,fadD,228,6.264e-65,0.312
FW_AS_rep_2,GCA_002316295.1,DCDF01000255.1,fdhA,73,3.449e-15,0.223
FW_AS_rep_2,GCA_002316295.1,DCDF01000168.1,bcd,60,2.372e-11,0.27
FW_AS_rep_2,GCA_002316295.1,DCDF01000204.1,bcd,124,5.599e-32,0.281
FW_AS_rep_2,GCA_002316295.1,DCDF01000044.1,hydA,48,5.402e-8,0.417
FW_AS_rep_2,GCA_002316295.1,DCDF01000047.1,fadB,49,2.345e-8,0.286
FW_AS_rep_2,GCA_002316295.1,DCDF01000223.1,crt,77,9.668e-18,0.306
FW_AS_rep_2,GCA_002316295.1,DCDF01000133.1,adh,49,1.215e-8,0.282
FW_AS_rep_2,GCA_002316295.1,DCDF01000202.1,lctC,41,7.194e-6,0.282
FW_AS_rep_2,GCA_002316295.1,DCDF01000020.1,crt,207,8.801e-62,0.457
FW_AS_rep_2,GCA_002316295.1,DCDF01000125.1,gapA,253,7.747e-76,0.387
FW_AS_rep_2,GCA_002316295.1,DCDF01000174.1,rnfB,47,9.925e-9,0.354
FW_AS_rep_2,GCA_002316295.1,DCDF01000240.1,etfA,161,1.26e-43,0.361
FW_AS_rep_2,GCA_002316295.1,DCDF01000083.1,fadB,80,6.253e-19,0.293
FW_AS_rep_2,GCA_002316295.1,DCDF01000210.1,fadD,95,1.495e-23,0.354
FW_AS_rep_2,GCA_002316295.1,DCDF01000172.1,pepQ,55,9.065e-11,0.31
FW_AS_rep_2,GCA_002316295.1,DCDF01000193.1,fadB,77,3.34e-17,0.279
FW_AS_rep_2,GCA_002316295.1,DCDF01000237.1,mmcG,48,6.363e-10,0.352
FW_AS_rep_2,GCA_002316295.1,DCDF01000147.1,crt,127,9.353e-37,0.518
FW_AS_rep_2,GCA_002316295.1,DCDF01000044.1,gdh,616,4.628e-200,0.673
FW_AS_rep_2,GCA_002316295.1,DCDF01000028.1,fadD,54,2.94e-10,0.307
FW_AS_rep_2,GCA_002316295.1,DCDF01000162.1,fadA,315,1.949e-96,0.461
FW_AS_rep_2,GCA_002316295.1,DCDF01000246.1,fadE,275,2.314e-83,0.435
FW_AS_rep_2,GCA_002316295.1,DCDF01000223.1,gapA,177,2.351e-53,0.543
FW_AS_rep_2,GCA_002316295.1,DCDF01000173.1,adhE,150,2.995e-40,0.303
FW_AS_rep_2,GCA_002316295.1,DCDF01000129.1,adh,44,1.47e-7,0.252
FW_AS_rep_2,GCA_002316295.1,DCDF01000006.1,fumB,71,1.754e-15,0.284
FW_AS_rep_2,GCA_002316295.1,DCDF01000123.1,fadA,321,5.764e-99,0.467
FW_AS_rep_2,GCA_002316295.1,DCDF01000020.1,fadB,197,8.457e-57,0.362
FW_AS_rep_2,GCA_002316295.1,DCDF01000276.1,acs,75,6.057e-16,0.21
FW_AS_rep_2,GCA_002316295.1,DCDF01000214.1,fadE,132,2.085e-33,0.294
FW_AS_rep_2,GCA_002316295.1,DCDF01000173.1,crt,157,1.106e-44,0.378
FW_AS_rep_2,GCA_002316295.1,DCDF01000178.1,fadE,245,4.057e-73,0.379
FW_AS_rep_2,GCA_002316295.1,DCDF01000083.1,etfA,80,6.253e-19,0.345
FW_AS_rep_2,GCA_002316295.1,DCDF01000282.1,pfor,42,5.021e-6,0.277
FW_AS_rep_2,GCA_002316295.1,DCDF01000211.1,fadE,81,2.362e-19,0.323
FW_AS_rep_2,GCA_002316295.1,DCDF01000099.1,bcd,108,1.892e-26,0.25
FW_AS_rep_2,GCA_002316295.1,DCDF01000112.1,hydA,72,1.023e-15,0.451
FW_AS_rep_2,GCA_002316295.1,DCDF01000252.1,frhG,40,4.759e-7,0.414
FW_AS_rep_2,GCA_002316295.1,DCDF01000223.1,fadB,60,2.669e-12,0.265
FW_AS_rep_2,GCA_002316295.1,DCDF01000115.1,acylglycerol_lipase,57,7.205e-11,0.352
FW_AS_rep_2,GCA_002316295.1,DCDF01000134.1,pfkA,163,4.19e-46,0.375
FW_AS_rep_2,GCA_002316295.1,DCDF01000219.1,hydA,49,1.368e-8,0.363
FW_AS_rep_2,GCA_002316295.1,DCDF01000244.1,fadD,226,1.974e-66,0.399
FW_AS_rep_2,GCA_002316295.1,DCDF01000258.1,cazy_GH13,50,7.456e-9,0.259
FW_AS_rep_2,GCA_002316295.1,DCDF01000213.1,acs,94,9.066e-22,0.229
FW_AS_rep_2,GCA_002316295.1,DCDF01000072.1,acs,164,2.178e-44,0.28
FW_AS_rep_2,GCA_002316295.1,DCDF01000147.1,etfA,81,1.362e-20,0.396
FW_AS_rep_2,GCA_002316295.1,DCDF01000269.1,fwdA,53,1.699e-9,0.475
FW_AS_rep_2,GCA_002316295.1,DCDF01000174.1,hydA,57,4.615e-12,0.376
FW_AS_rep_2,GCA_002316295.1,DCDF01000004.1,adh,51,2.44e-9,0.247
FW_AS_rep_2,GCA_002316295.1,DCDF01000202.1,hydA,136,1.152e-36,0.327
FW_AS_rep_2,GCA_002316295.1,DCDF01000064.1,acs,64,9.188e-13,0.246
FW_AS_rep_2,GCA_002316295.1,DCDF01000040.1,acylglycerol_lipase,193,5.781e-57,0.39
FW_AS_rep_2,GCA_002316295.1,DCDF01000149.1,fadD,134,7.151e-38,0.435
FW_AS_rep_2,GCA_002316295.1,DCDF01000185.1,frhB,48,4.35e-8,0.396
FW_AS_rep_2,GCA_002316295.1,DCDF01000233.1,bcd,185,3.785e-52,0.353
FW_AS_rep_2,GCA_002316295.1,DCDF01000244.1,fadE,111,5.231e-28,0.301
FW_AS_rep_2,GCA_002316295.1,DCDF01000094.1,fdhA,539,8.187e-172,0.519
FW_AS_rep_2,GCA_002316295.1,DCDF01000219.1,frhB,53,4.231e-10,0.398
FW_AS_rep_2,GCA_002316295.1,DCDF01000093.1,frhB,46,2.911e-7,0.355
FW_AS_rep_2,GCA_002316295.1,DCDF01000213.1,etfA,57,5.287e-11,0.27
FW_AS_rep_2,GCA_002316295.1,DCDF01000064.1,fadD,271,2.697e-80,0.387
FW_AS_rep_2,GCA_002316295.1,DCDF01000013.1,fadD,181,5.604e-49,0.302
FW_AS_rep_2,GCA_002316295.1,DCDF01000271.1,crt,203,1.87e-60,0.447
FW_AS_rep_2,GCA_002316295.1,DCDF01000154.1,thl,57,1.175e-10,0.376
FW_AS_rep_2,GCA_002316295.1,DCDF01000042.1,fdhA,209,4.912e-57,0.29
FW_AS_rep_2,GCA_002316295.1,DCDF01000243.1,hbd,306,1.162e-95,0.525
FW_AS_rep_2,GCA_002316295.1,DCDF01000067.1,fadA,286,2.927e-86,0.425
FW_AS_rep_2,GCA_002316295.1,DCDF01000277.1,tdcB,211,6.216e-62,0.359
FW_AS_rep_2,GCA_002316295.1,DCDF01000047.1,fadA,328,1.841e-101,0.488
FW_AS_rep_2,GCA_002316295.1,DCDF01000092.1,frhB,51,6.516e-9,0.439
FW_AS_rep_2,GCA_002316295.1,DCDF01000246.1,etfB,123,4.62e-33,0.363
FW_AS_rep_2,GCA_002316295.1,DCDF01000145.1,thl,68,4.807e-14,0.247
FW_AS_rep_2,GCA_002316295.1,DCDF01000012.1,bcd,53,2.232e-10,0.261
FW_AS_rep_2,GCA_002316295.1,DCDF01000051.1,rnfB,43,2.075e-6,0.343
FW_AS_rep_2,GCA_002316295.1,DCDF01000088.1,tdcB,74,3.259e-16,0.29
FW_AS_rep_2,GCA_002316295.1,DCDF01000174.1,frhB,45,4.549e-8,0.261
FW_AS_rep_2,GCA_002316295.1,DCDF01000096.1,bcd,252,5.335e-75,0.383
FW_AS_rep_2,GCA_002316295.1,DCDF01000252.1,rnfB,45,5.63e-9,0.393
FW_AS_rep_2,GCA_002316295.1,DCDF01000132.1,fadB,99,5.406e-25,0.313
FW_AS_rep_2,GCA_002316295.1,DCDF01000090.1,folD,336,3.314e-106,0.607
FW_AS_rep_2,GCA_002316295.1,DCDF01000041.1,tdcB,70,4.717e-15,0.304
FW_AS_rep_2,GCA_002316295.1,DCDF01000162.1,acs,173,3.465e-47,0.289
FW_AS_rep_2,GCA_002316295.1,DCDF01000240.1,fadB,126,2.123e-33,0.301
FW_AS_rep_2,GCA_002316295.1,DCDF01000044.1,rnfB,42,3.715e-6,0.38
FW_AS_rep_2,GCA_002316295.1,DCDF01000020.1,etfA,139,9.746e-39,0.359
FW_AS_rep_2,GCA_002316295.1,DCDF01000173.1,etfA,85,2.153e-20,0.292
FW_AS_rep_2,GCA_002316295.1,DCDF01000047.1,thl,256,8.771e-77,0.402
FW_AS_rep_2,GCA_002316295.1,DCDF01000173.1,pepQ,132,3.862e-35,0.332
FW_AS_rep_2,GCA_002316295.1,DCDF01000133.1,fadE,270,1.72e-81,0.43
FW_AS_rep_2,GCA_002316295.1,DCDF01000147.1,fadB,72,1.888e-17,0.547
FW_AS_rep_2,GCA_002316295.1,DCDF01000286.1,acs,151,1.369e-39,0.275
FW_AS_rep_2,GCA_002316295.1,DCDF01000067.1,extracellular_protease,181,3.411e-50,0.385
FW_AS_rep_2,GCA_002316295.1,DCDF01000174.1,pfor,42,3.802e-7,0.254
FW_AS_rep_2,GCA_002316295.1,DCDF01000051.1,frhB,45,5.119e-7,0.302
FW_AS_rep_2,GCA_002316295.1,DCDF01000093.1,frhG,41,6.331e-6,0.35
FW_AS_rep_2,GCA_002316295.1,DCDF01000129.1,thl,76,1.146e-16,0.242
FW_AS_rep_2,GCA_002316295.1,DCDF01000223.1,bcd,409,5.082e-129,0.546
FW_AS_rep_2,GCA_002316295.1,DCDF01000140.1,pfor,44,2.079e-6,0.342
FW_AS_rep_2,GCA_002316295.1,DCDF01000240.1,bcd,164,5.569e-45,0.305
FW_AS_rep_2,GCA_002316295.1,DCDF01000228.1,fadB,153,1.878e-41,0.311
FW_AS_rep_2,GCA_002316295.1,DCDF01000132.1,etfA,74,1.254e-16,0.267
FW_AS_rep_2,GCA_002316295.1,DCDF01000051.1,hydA,56,1.975e-10,0.333
FW_AS_rep_2,GCA_002316295.1,DCDF01000271.1,etfB,218,1.116e-65,0.492
FW_AS_rep_2,GCA_002316295.1,DCDF01000223.1,fadE,261,4.324e-78,0.421
FW_AS_rep_2,GCA_002316295.1,DCDF01000048.1,mdh,186,4.293e-54,0.359
FW_AS_rep_2,GCA_002316295.1,DCDF01000092.1,hydA,45,5.719e-7,0.422
FW_AS_rep_2,GCA_002316295.1,DCDF01000042.1,fadD,154,6.817e-41,0.277
FW_AS_rep_2,GCA_002316295.1,DCDF01000052.1,tdcB,73,3.942e-16,0.275
FW_AS_rep_2,GCA_002316295.1,DCDF01000021.1,fdhA,250,5.554e-69,0.296
FW_AS_rep_2,GCA_002316295.1,DCDF01000213.1,fadB,92,2.587e-22,0.343
FW_AS_rep_2,GCA_002316295.1,DCDF01000198.1,fadD,147,1.952e-39,0.32
FW_AS_rep_2,GCA_002316295.1,DCDF01000096.1,acs,206,9.828e-58,0.324
FW_AS_rep_2,GCA_002316295.1,DCDF01000042.1,pepT,76,3.298e-16,0.311
FW_AS_rep_2,GCA_002316295.1,DCDF01000217.1,mmcG,43,5.399e-7,0.275
FW_AS_rep_2,GCA_002316295.1,DCDF01000114.1,fdhA,324,1.851e-94,0.328
FW_AS_rep_2,GCA_002316295.1,DCDF01000024.1,thl,72,7.108e-19,0.592
FW_AS_rep_2,GCA_002316295.1,DCDF01000201.1,pfor,174,6.416e-49,0.361
FW_AS_rep_2,GCA_002316295.1,DCDF01000024.1,fadA,71,1.846e-18,0.5
FW_AS_rep_2,GCA_002316295.1,DCDF01000240.1,fadD,98,2.556e-23,0.282
FW_AS_rep_2,GCA_002316295.1,DCDF01000042.1,acs,104,7.866e-25,0.231
FW_AS_rep_2,GCA_002316295.1,DCDF01000100.1,frhB,45,5.377e-9,0.344
FW_AS_rep_2,GCA_002316295.1,DCDF01000267.1,acs,539,2.8e-174,0.63
FW_AS_rep_2,GCA_002316295.1,DCDF01000271.1,etfA,252,1.703e-76,0.475
FW_AS_rep_2,GCA_002316295.1,DCDF01000170.1,fadD,323,1.174e-96,0.394
FW_AS_rep_2,GCA_002316295.1,DCDF01000133.1,fadB,151,2.677e-42,0.33
FW_AS_rep_2,GCA_002316295.1,DCDF01000024.1,fdhA,552,3.449e-176,0.533
FW_AS_rep_2,GCA_002316295.1,DCDF01000044.1,frhB,44,5.169e-7,0.333
FW_AS_rep_2,GCA_002316295.1,DCDF01000184.1,fadE,143,7.006e-37,0.311
FW_AS_rep_2,GCA_002316295.1,DCDF01000211.1,bcd,63,3.172e-13,0.342
FW_AS_rep_2,GCA_002316295.1,DCDF01000256.1,fadD,140,7.235e-36,0.299
FW_AS_rep_2,GCA_002316295.1,DCDF01000243.1,thl,383,2.547e-120,0.505
FW_AS_rep_2,GCA_002316295.1,DCDF01000162.1,fadD,267,6.076e-79,0.37
FW_AS_rep_2,GCA_002316295.1,DCDF01000149.1,acs,50,2.298e-9,0.316
FW_AS_rep_2,GCA_002316295.1,DCDF01000096.1,crt,170,5.764e-49,0.384
FW_AS_rep_2,GCA_002316295.1,DCDF01000096.1,fadE,368,7.096e-115,0.487
FW_AS_rep_2,GCA_002316295.1,DCDF01000235.1,cat,111,7.568e-27,0.329
FW_AS_rep_2,GCA_002316295.1,DCDF01000283.1,acs,154,2.503e-40,0.259
FW_AS_rep_2,GCA_002316295.1,DCDF01000092.1,acylglycerol_lipase,51,3.029e-9,0.275
FW_AS_rep_2,GCA_002316295.1,DCDF01000213.1,fadD,325,1.037e-96,0.369
FW_AS_rep_2,GCA_002316295.1,DCDF01000173.1,fadE,228,4.2e-67,0.376
FW_AS_rep_2,GCA_002316295.1,DCDF01000144.1,adhE,143,2.128e-38,0.352
FW_AS_rep_2,GCA_002316295.1,DCDF01000231.1,acs,157,8.018e-42,0.274
FW_AS_rep_2,GCA_002316295.1,DCDF01000083.1,acs,176,4.621e-48,0.296
FW_AS_rep_2,GCA_002316295.1,DCDF01000193.1,etfA,94,1.187e-22,0.3
FW_AS_rep_2,GCA_002316295.1,DCDF01000017.1,fadD,165,1.986e-44,0.305
FW_AS_rep_2,GCA_002316295.1,DCDF01000040.1,bcd,108,3.282e-26,0.267
FW_AS_rep_2,GCA_002316295.1,DCDF01000202.1,fdhA,506,3.034e-160,0.484
FW_AS_rep_2,GCA_002316295.1,DCDF01000246.1,etfA,167,2.755e-47,0.365
FW_AS_rep_2,GCA_002316295.1,DCDF01000048.1,lysophospholipase,45,2.909e-7,0.342
FW_AS_rep_2,GCA_002316295.1,DCDF01000169.1,fadB,143,2.277e-38,0.348
FW_AS_rep_2,GCA_002316295.1,DCDF01000276.1,fadD,288,5.984e-84,0.333
FW_AS_rep_2,GCA_002316295.1,DCDF01000289.1,cazy_GH13,81,7.605e-18,0.268
FW_AS_rep_2,GCA_002316295.1,DCDF01000083.1,acylglycerol_lipase,51,4.63e-9,0.303
FW_AS_rep_2,GCA_002316295.1,DCDF01000024.1,hydA,126,3.481e-33,0.322
FW_AS_rep_2,GCA_002316295.1,DCDF01000040.1,fadE,127,4.264e-32,0.324
FW_AS_rep_2,GCA_002316295.1,DCDF01000047.1,etfA,44,8.962e-7,0.34
FW_AS_rep_2,GCA_002316295.1,DCDF01000092.1,fdhA,300,1.256e-86,0.32
FW_AS_rep_2,GCA_002316295.1,DCDF01000133.1,fadA,168,1.678e-48,0.43
FW_AS_rep_2,GCA_002316295.1,DCDF01000283.1,fadD,150,7.536e-39,0.268
FW_AS_rep_2,GCA_002316295.1,DCDF01000155.1,oppA,106,2.111e-27,0.307
FW_AS_rep_2,GCA_002316295.1,DCDF01000233.1,fadE,199,1.142e-56,0.371
FW_AS_rep_2,GCA_002316295.1,DCDF01000112.1,rnfB,70,4.364e-15,0.282
FW_AS_rep_2,GCA_002316295.1,DCDF01000240.1,fadE,209,1.707e-60,0.367
FW_AS_rep_2,GCA_002316295.1,DCDF01000243.1,fadA,280,9.856e-85,0.422
FW_AS_rep_2,GCA_002316295.1,DCDF01000193.1,crt,139,2.197e-37,0.361
FW_AS_rep_2,GCA_002316295.1,DCDF01000112.1,pfor,50,7.232e-9,0.259
FW_AS_rep_2,GCA_002316295.1,DCDF01000231.1,fadD,191,6.837e-53,0.3
FW_AS_rep_2,GCA_033810415.1,JAPXQN010000026.1,mvhA,54,8.979e-10,0.24
FW_AS_rep_2,GCA_033810415.1,JAPXQN010000006.1,mcrA,782,1.531e-255,0.671
FW_AS_rep_2,GCA_033810415.1,JAPXQN010000002.1,dppB,154,7.731e-43,0.332
FW_AS_rep_2,GCA_033810415.1,JAPXQN010000004.1,pyk,353,9.455e-109,0.421
FW_AS_rep_2,GCA_033810415.1,JAPXQN010000003.1,edd,255,2.848e-74,0.314
FW_AS_rep_2,GCA_033810415.1,JAPXQN010000008.1,frhB,45,9.319e-7,0.369
FW_AS_rep_2,GCA_033810415.1,JAPXQN010000038.1,frhA,150,6.645e-44,0.578
FW_AS_rep_2,GCA_033810415.1,JAPXQN010000005.1,pepN,125,7.492e-31,0.268
FW_AS_rep_2,GCA_033810415.1,JAPXQN010000001.1,mvhA,530,4.188e-169,0.553
FW_AS_rep_2,GCA_033810415.1,JAPXQN010000026.1,frhB,55,2.475e-10,0.41
FW_AS_rep_2,GCA_033810415.1,JAPXQN010000020.1,rnfB,41,3.391e-8,0.338
FW_AS_rep_2,GCA_033810415.1,JAPXQN010000027.1,mmcG,109,2.82e-30,0.403
FW_AS_rep_2,GCA_033810415.1,JAPXQN010000001.1,rnfB,43,3.717e-6,0.291
FW_AS_rep_2,GCA_033810415.1,JAPXQN010000002.1,oppB,151,9.068e-42,0.312
FW_AS_rep_2,GCA_033810415.1,JAPXQN010000001.1,frhA,159,9.203e-43,0.289
FW_AS_rep_2,GCA_033810415.1,JAPXQN010000006.1,mcrB,602,3.626e-195,0.673
FW_AS_rep_2,GCA_033810415.1,JAPXQN010000026.1,rnfB,51,2.224e-10,0.418
FW_AS_rep_2,GCA_033810415.1,JAPXQN010000002.1,frhG,43,9.199e-7,0.358
FW_AS_rep_2,GCA_033810415.1,JAPXQN010000035.1,acs,728,1.282e-234,0.565
FW_AS_rep_2,GCA_033810415.1,JAPXQN010000002.1,dppC,142,2.359e-39,0.328
FW_AS_rep_2,GCA_033810415.1,JAPXQN010000040.1,pfor,1474,0.0,0.619
FW_AS_rep_2,GCA_033810415.1,JAPXQN010000002.1,oppA,111,2.767e-27,0.267
FW_AS_rep_2,GCA_033810415.1,JAPXQN010000026.1,pfor,44,9.084e-7,0.321
FW_AS_rep_2,GCA_033810415.1,JAPXQN010000003.1,hydA,41,7.744e-7,0.333
FW_AS_rep_2,GCA_033810415.1,JAPXQN010000002.1,dppA,92,2.232e-21,0.229
FW_AS_rep_2,GCA_033810415.1,JAPXQN010000003.1,rnfB,46,1.921e-8,0.387
FW_AS_rep_2,GCA_033810415.1,JAPXQN010000007.1,mmcE,735,5.281e-239,0.672
FW_AS_rep_2,GCA_033810415.1,JAPXQN010000027.1,mmcF,187,2.768e-57,0.669
FW_AS_rep_2,GCA_033810415.1,JAPXQN010000006.1,frhG,44,2.9e-8,0.333
FW_AS_rep_2,GCA_033810415.1,JAPXQN010000002.1,gdh,499,3.036e-160,0.594
FW_AS_rep_2,GCA_033810415.1,JAPXQN010000012.1,pfor,62,3.18e-12,0.246
FW_AS_rep_2,GCA_033810415.1,JAPXQN010000006.1,frhB,43,5.45e-8,0.333
FW_AS_rep_2,GCA_033810415.1,JAPXQN010000003.1,mvhG,106,2.905e-29,0.377
FW_AS_rep_2,GCA_033810415.1,JAPXQN010000011.1,folD,296,1.817e-92,0.544
FW_AS_rep_2,GCA_033810415.1,JAPXQN010000035.1,lctD,51,9.724e-9,0.273
FW_AS_rep_2,GCA_033810415.1,JAPXQN010000001.1,mvhG,345,1.872e-108,0.509
FW_AS_rep_2,GCA_033810415.1,JAPXQN010000038.1,mvhA,98,6.696e-26,0.444
FW_AS_rep_2,GCA_033810415.1,JAPXQN010000011.1,fhs,625,4.797e-200,0.545
FW_AS_rep_2,GCA_033810415.1,JAPXQN010000026.1,mvhG,49,1.599e-9,0.269
FW_AS_rep_2,GCA_033810415.1,JAPXQN010000002.1,frhB,48,2.26e-8,0.446
FW_AS_rep_2,GCA_033810415.1,JAPXQN010000012.1,pepQ,130,2.632e-34,0.319
FW_AS_rep_2,GCA_033810415.1,JAPXQN010000002.1,hydA,56,9.628e-11,0.428
FW_AS_rep_2,GCA_033810415.1,JAPXQN010000003.1,mvhD,204,2.12e-63,0.646
FW_AS_rep_2,GCA_033810415.1,JAPXQN010000001.1,frhG,61,2.537e-12,0.275
FW_AS_rep_2,GCA_033810415.1,JAPXQN010000035.1,fadD,141,3.852e-36,0.283
FW_AS_rep_2,GCA_033810415.1,JAPXQN010000003.1,pepT,56,1.702e-10,0.247
FW_AS_rep_2,GCA_033810415.1,JAPXQN010000026.1,frhA,94,1.735e-22,0.241
FW_AS_rep_2,GCA_033810415.1,JAPXQN010000035.1,lctC,197,5.364e-54,0.362
FW_AS_rep_2,GCA_033810415.1,JAPXQN010000002.1,lctB,68,2.973e-14,0.218
FW_AS_rep_2,GCA_033810415.1,JAPXQN010000026.1,hydA,46,1.722e-8,0.389
FW_AS_rep_2,GCA_033810415.1,JAPXQN010000001.1,fumB,103,4.848e-26,0.331
FW_AS_rep_2,GCA_033810415.1,JAPXQN010000003.1,frhB,43,1.223e-7,0.333
FW_AS_rep_2,GCA_033810415.1,JAPXQN010000006.1,pfor,150,9.874e-41,0.286
FW_AS_rep_2,GCA_033810415.1,JAPXQN010000026.1,frhG,58,1.765e-12,0.316
FW_AS_rep_2,GCA_022837705.1,JALHGF010000077.1,cazy_GH13,51,1.712e-8,0.32
FW_AS_rep_2,GCA_022837705.1,JALHGF010000199.1,acs,59,4.167e-11,0.2
FW_AS_rep_2,GCA_022837705.1,JALHGF010000003.1,pta,139,1.55e-35,0.301
FW_AS_rep_2,GCA_022837705.1,JALHGF010000098.1,pta,236,8.273e-71,0.44
FW_AS_rep_2,GCA_022837705.1,JALHGF010000124.1,cazy_GH13,125,2.487e-31,0.299
FW_AS_rep_2,GCA_022837705.1,JALHGF010000024.1,lctC,366,2.822e-113,0.425
FW_AS_rep_2,GCA_022837705.1,JALHGF010000185.1,dtpT,196,5.544e-55,0.314
FW_AS_rep_2,GCA_022837705.1,JALHGF010000007.1,fumB,752,1.027e-244,0.676
FW_AS_rep_2,GCA_022837705.1,JALHGF010000096.1,fadD,123,2.754e-31,0.259
FW_AS_rep_2,GCA_022837705.1,JALHGF010000024.1,susD,160,9.173e-43,0.349
FW_AS_rep_2,GCA_022837705.1,JALHGF010000011.1,frhB,44,5.21e-9,0.416
FW_AS_rep_2,GCA_022837705.1,JALHGF010000071.1,etfA,204,7.485e-60,0.388
FW_AS_rep_2,GCA_022837705.1,JALHGF010000139.1,agl,64,8.056e-13,0.292
FW_AS_rep_2,GCA_022837705.1,JALHGF010000333.1,eda,117,2.695e-32,0.401
FW_AS_rep_2,GCA_022837705.1,JALHGF010000035.1,mmcF,130,1.39e-32,0.527
FW_AS_rep_2,GCA_022837705.1,JALHGF010000005.1,susD,106,2.178e-25,0.276
FW_AS_rep_2,GCA_022837705.1,JALHGF010000019.1,edd,229,3.921e-65,0.313
FW_AS_rep_2,GCA_022837705.1,JALHGF010000124.1,agl,93,2.496e-21,0.265
FW_AS_rep_2,GCA_022837705.1,JALHGF010000054.1,esterase,53,4.003e-9,0.312
FW_AS_rep_2,GCA_022837705.1,JALHGF010000100.1,glcP,225,1.088e-65,0.346
FW_AS_rep_2,GCA_022837705.1,JALHGF010000212.1,susC,337,6.431e-100,0.334
FW_AS_rep_2,GCA_022837705.1,JALHGF010000059.1,pepO,505,9.126e-160,0.487
FW_AS_rep_2,GCA_022837705.1,JALHGF010000038.1,susD,159,7.131e-43,0.313
FW_AS_rep_2,GCA_022837705.1,JALHGF010000338.1,acs,45,1.009e-8,0.368
FW_AS_rep_2,GCA_022837705.1,JALHGF010000047.1,susC,670,2.095e-208,0.401
FW_AS_rep_2,GCA_022837705.1,JALHGF010000215.1,xylA,539,1.926e-173,0.594
FW_AS_rep_2,GCA_022837705.1,JALHGF010000054.1,adh,70,1.779e-15,0.303
FW_AS_rep_2,GCA_022837705.1,JALHGF010000025.1,agl,171,3.313e-46,0.316
FW_AS_rep_2,GCA_022837705.1,JALHGF010000026.1,pfor,1431,0.0,0.621
FW_AS_rep_2,GCA_022837705.1,JALHGF010000008.1,frhB,47,5.725e-8,0.338
FW_AS_rep_2,GCA_022837705.1,JALHGF010000008.1,agl,55,6.597e-10,0.224
FW_AS_rep_2,GCA_022837705.1,JALHGF010000260.1,susC,51,5.043e-10,0.28
FW_AS_rep_2,GCA_022837705.1,JALHGF010000029.1,pepT,82,2.749e-18,0.294
FW_AS_rep_2,GCA_022837705.1,JALHGF010000029.1,pepD,499,4.99e-159,0.533
FW_AS_rep_2,GCA_022837705.1,JALHGF010000002.1,susD,181,1.091e-49,0.304
FW_AS_rep_2,GCA_022837705.1,JALHGF010000068.1,gdh,535,1.119e-171,0.589
FW_AS_rep_2,GCA_022837705.1,JALHGF010000019.1,lysophospholipase,49,1.075e-8,0.242
FW_AS_rep_2,GCA_022837705.1,JALHGF010000283.1,susC,254,1.084e-76,0.473
FW_AS_rep_2,GCA_022837705.1,JALHGF010000112.1,gapA,162,1.651e-49,0.759
FW_AS_rep_2,GCA_022837705.1,JALHGF010000071.1,fadE,156,2.873e-41,0.352
FW_AS_rep_2,GCA_022837705.1,JALHGF010000096.1,acs,245,1.079e-71,0.351
FW_AS_rep_2,GCA_022837705.1,JALHGF010000078.1,frhG,42,5.318e-6,0.301
FW_AS_rep_2,GCA_022837705.1,JALHGF010000366.1,susC,231,1.972e-68,0.386
FW_AS_rep_2,GCA_022837705.1,JALHGF010000071.1,etfB,117,6.234e-31,0.347
FW_AS_rep_2,GCA_022837705.1,JALHGF010000012.1,agl,61,1.496e-11,0.236
FW_AS_rep_2,GCA_022837705.1,JALHGF010000212.1,cazy_GH43,121,1.413e-31,0.359
FW_AS_rep_2,GCA_022837705.1,JALHGF010000098.1,fadB,113,3.352e-29,0.28
FW_AS_rep_2,GCA_022837705.1,JALHGF010000329.1,gapA,210,2.549e-65,0.732
FW_AS_rep_2,GCA_022837705.1,JALHGF010000071.1,bcd,147,2.338e-38,0.295
FW_AS_rep_2,GCA_022837705.1,JALHGF010000187.1,endopeptidase,42,6.301e-6,0.337
FW_AS_rep_2,GCA_022837705.1,JALHGF010000096.1,mvhD,72,2.347e-17,0.344
FW_AS_rep_2,GCA_022837705.1,JALHGF010000008.1,frhG,48,3.239e-8,0.387
FW_AS_rep_2,GCA_022837705.1,JALHGF010000004.1,susC,613,5.449e-189,0.372
FW_AS_rep_2,GCA_022837705.1,JALHGF010000037.1,pyk,346,2.845e-106,0.43
FW_AS_rep_2,GCA_022837705.1,JALHGF010000257.1,pepQ,68,1.08e-14,0.348
FW_AS_rep_2,GCA_022837705.1,JALHGF010000160.1,folD,305,3.524e-95,0.553
FW_AS_rep_2,GCA_022837705.1,JALHGF010000047.1,susD,135,1.391e-34,0.287
FW_AS_rep_2,GCA_022837705.1,JALHGF010000192.1,lysophospholipase,42,1.838e-6,0.365
FW_AS_rep_2,GCA_022837705.1,JALHGF010000008.1,rnfB,78,1.119e-17,0.299
FW_AS_rep_2,GCA_022837705.1,JALHGF010000005.1,susC,595,1.846e-182,0.368
FW_AS_rep_2,GCA_022837705.1,JALHGF010000054.1,endopeptidase,42,6.19e-6,0.306
FW_AS_rep_2,GCA_022837705.1,JALHGF010000020.1,mmcG,104,1.599e-28,0.38
FW_AS_rep_2,GCA_022837705.1,JALHGF010000035.1,mmcE,507,1.312e-157,0.434
FW_AS_rep_2,GCA_022837705.1,JALHGF010000108.1,susD,61,1.237e-11,0.232
FW_AS_rep_2,GCA_022837705.1,JALHGF010000008.1,cazy_GH13,62,4.44e-12,0.241
FW_AS_rep_2,GCA_022837705.1,JALHGF010000012.1,cazy_GH13,113,8.555e-28,0.281
FW_AS_rep_2,GCA_022837705.1,JALHGF010000025.1,cazy_GH43,117,1.6e-29,0.332
FW_AS_rep_2,GCA_022837705.1,JALHGF010000004.1,lctB,229,5.301e-70,0.459
FW_AS_rep_2,GCA_022837705.1,JALHGF010000092.1,fdhA,51,1.552e-8,0.375
FW_AS_rep_2,GCA_022837705.1,JALHGF010000056.1,eda,61,6.775e-15,0.449
FW_AS_rep_2,GCA_022837705.1,JALHGF010000210.1,cazy_CE8,85,6.021e-19,0.272
FW_AS_rep_2,GCA_022837705.1,JALHGF010000018.1,pepT,244,2.085e-72,0.395
FW_AS_rep_2,GCA_022837705.1,JALHGF010000100.1,pfkA,50,6.56e-9,0.344
FW_AS_rep_2,GCA_022837705.1,JALHGF010000005.1,lctD,77,9.548e-18,0.269
FW_AS_rep_2,GCA_022837705.1,JALHGF010000092.1,hydA,489,2.969e-153,0.43
FW_AS_rep_2,GCA_022837705.1,JALHGF010000058.1,pta,119,2.493e-31,0.313
FW_AS_rep_2,GCA_022837705.1,JALHGF010000034.1,susC,49,3.866e-8,0.236
FW_AS_rep_2,GCA_022837705.1,JALHGF010000219.1,cazy_GH43,119,2.55e-32,0.396
FW_AS_rep_2,GCA_022837705.1,JALHGF010000098.1,hbd,199,1.525e-58,0.374
FW_AS_rep_2,GCA_022837705.1,JALHGF010000037.1,susC,62,9.686e-12,0.249
FW_AS_rep_2,GCA_022837705.1,JALHGF010000242.1,cazy_CE8,194,6.2e-58,0.48
FW_AS_rep_2,GCA_022837705.1,JALHGF010000097.1,gdh,63,2.489e-14,0.5
FW_AS_rep_2,GCA_022837705.1,JALHGF010000054.1,cazy_CE8,253,1.141e-72,0.469
FW_AS_rep_2,GCA_022837705.1,JALHGF010000059.1,endopeptidase,222,2.734e-64,0.392
FW_AS_rep_2,GCA_022837705.1,JALHGF010000390.1,cazy_GH43,68,4.688e-16,0.418
FW_AS_rep_2,GCA_022837705.1,JALHGF010000087.1,pepT,68,3.461e-14,0.249
FW_AS_rep_2,GCA_022837705.1,JALHGF010000077.1,frhB,46,3.223e-9,0.391
FW_AS_rep_2,GCA_022837705.1,JALHGF010000005.1,lctC,43,1.084e-6,0.323
FW_AS_rep_2,GCA_022837705.1,JALHGF010000012.1,susC,72,9.023e-15,0.234
FW_AS_rep_2,GCA_022837705.1,JALHGF010000246.1,mdh,249,1.381e-75,0.436
FW_AS_rep_2,GCA_022837705.1,JALHGF010000156.1,ackA,115,1.624e-29,0.302
FW_AS_rep_2,GCA_022837705.1,JALHGF010000063.1,pepD,451,7.127e-143,0.515
FW_AS_rep_2,GCA_022837705.1,JALHGF010000070.1,pfkA,278,2.111e-85,0.465
FW_AS_rep_2,GCA_022837705.1,JALHGF010000139.1,cazy_GH13,88,1.785e-20,0.336
FW_AS_rep_2,GCA_022837705.1,JALHGF010000215.1,glcP,166,1.164e-45,0.286
FW_AS_rep_2,GCA_022837705.1,JALHGF010000041.1,susC,338,2.1e-97,0.293
FW_AS_rep_2,GCA_022837705.1,JALHGF010000025.1,cazy_GH13,156,2.314e-41,0.347
FW_AS_rep_2,GCA_022837705.1,JALHGF010000006.1,gdh,577,1.084e-186,0.652
FW_AS_rep_2,GCA_022837705.1,JALHGF010000032.1,cazy_GH13,74,1.785e-15,0.248
FW_AS_rep_2,GCA_022837705.1,JALHGF010000011.1,rnfB,42,1.875e-8,0.345
FW_AS_rep_2,GCA_022837705.1,JALHGF010000117.1,susC,127,1.306e-35,0.426
FW_AS_rep_2,GCA_022837705.1,JALHGF010000212.1,susD,174,1.704e-47,0.312
FW_AS_rep_2,GCA_022837705.1,JALHGF010000031.1,susC,54,1.833e-9,0.349
FW_AS_rep_2,GCA_022837705.1,JALHGF010000024.1,susC,720,2.966e-226,0.424
FW_AS_rep_2,GCA_022837705.1,JALHGF010000022.1,pgi,96,8.491e-23,0.288
FW_AS_rep_2,GCA_022837705.1,JALHGF010000108.1,susC,420,2.298e-123,0.307
FW_AS_rep_2,GCA_022837705.1,JALHGF010000004.1,susD,121,3.678e-30,0.267
FW_AS_rep_2,GCA_022837705.1,JALHGF010000323.1,pepO,159,1.498e-47,0.485
FW_AS_rep_2,GCA_022837705.1,JALHGF010000038.1,susC,643,4.945e-200,0.39
FW_AS_rep_2,GCA_022837705.1,JALHGF010000061.1,susC,351,1.885e-101,0.308
FW_AS_rep_2,GCA_022837705.1,JALHGF010000077.1,pfor,41,1.46e-7,0.289
FW_AS_rep_2,GCA_022837705.1,JALHGF010000077.1,frhG,42,4.097e-8,0.448
FW_AS_rep_2,GCA_022837705.1,JALHGF010000210.1,cazy_PL1,53,8.818e-10,0.337
FW_AS_rep_2,GCA_022837705.1,JALHGF010000199.1,fadD,314,6.696e-94,0.369
FW_AS_rep_2,GCA_022837705.1,JALHGF010000091.1,ilvE,237,4.402e-71,0.405
FW_AS_rep_2,GCA_022837705.1,JALHGF010000032.1,susC,460,3.507e-141,0.396
FW_AS_rep_2,GCA_022837705.1,JALHGF010000077.1,rnfB,43,2.981e-8,0.348
FW_AS_rep_2,GCA_022837705.1,JALHGF010000203.1,cazy_CE8,64,1.233e-12,0.26
FW_AS_rep_2,GCA_022837705.1,JALHGF010000057.1,endopeptidase,43,4.857e-6,0.35
FW_AS_rep_2,GCA_022837705.1,JALHGF010000078.1,hydA,133,2.188e-34,0.295
FW_AS_rep_2,GCA_022837705.1,JALHGF010000098.1,ackA,442,8.657e-141,0.585
FW_AS_rep_2,GCA_022837705.1,JALHGF010000019.1,pfor,69,1.744e-14,0.271
FW_AS_rep_2,GCA_022837705.1,JALHGF010000002.1,susC,651,1.472e-201,0.384
FW_AS_rep_2,GCA_022837705.1,JALHGF010000068.1,susC,342,1.261e-98,0.298
FW_AS_rep_2,GCA_963709485.1,CAVPWE010000003.1,frhG,44,4e-7,0.381
FW_AS_rep_2,GCA_963709485.1,CAVPWE010000001.1,dppC,263,3.643e-80,0.491
FW_AS_rep_2,GCA_963709485.1,CAVPWE010000007.1,fadB,335,2.85e-99,0.367
FW_AS_rep_2,GCA_963709485.1,CAVPWE010000004.1,acs,151,1.82e-39,0.28
FW_AS_rep_2,GCA_963709485.1,CAVPWE010000001.1,bcd,291,1.045e-88,0.408
FW_AS_rep_2,GCA_963709485.1,CAVPWE010000003.1,fadE,269,2.083e-80,0.428
FW_AS_rep_2,GCA_963709485.1,CAVPWE010000007.1,fadA,280,1.916e-84,0.416
FW_AS_rep_2,GCA_963709485.1,CAVPWE010000001.1,rnfB,47,1.378e-7,0.393
FW_AS_rep_2,GCA_963709485.1,CAVPWE010000003.1,pta,140,1.815e-38,0.361
FW_AS_rep_2,GCA_963709485.1,CAVPWE010000005.1,fumB,128,1.685e-35,0.376
FW_AS_rep_2,GCA_963709485.1,CAVPWE010000007.1,fadD,329,2.929e-98,0.378
FW_AS_rep_2,GCA_963709485.1,CAVPWE010000003.1,fdhA,592,6.218e-190,0.561
FW_AS_rep_2,GCA_963709485.1,CAVPWE010000003.1,acs,184,1.378e-50,0.3
FW_AS_rep_2,GCA_963709485.1,CAVPWE010000006.1,bcd,317,5.642e-98,0.473
FW_AS_rep_2,GCA_963709485.1,CAVPWE010000001.1,acs,175,5.657e-48,0.273
FW_AS_rep_2,GCA_963709485.1,CAVPWE010000001.1,frhB,46,2.732e-7,0.442
FW_AS_rep_2,GCA_963709485.1,CAVPWE010000001.1,etfB,147,1.828e-41,0.396
FW_AS_rep_2,GCA_963709485.1,CAVPWE010000007.1,thl,317,2.581e-97,0.467
FW_AS_rep_2,GCA_963709485.1,CAVPWE010000007.1,crt,139,1.061e-38,0.403
FW_AS_rep_2,GCA_963709485.1,CAVPWE010000006.1,fadB,195,3.538e-57,0.405
FW_AS_rep_2,GCA_963709485.1,CAVPWE010000005.1,acs,819,3.936e-266,0.621
FW_AS_rep_2,GCA_963709485.1,CAVPWE010000006.1,hbd,300,2.274e-93,0.53
FW_AS_rep_2,GCA_963709485.1,CAVPWE010000003.1,cat,45,2.06e-7,0.267
FW_AS_rep_2,GCA_963709485.1,CAVPWE010000005.1,cat,85,5.807e-19,0.346
FW_AS_rep_2,GCA_963709485.1,CAVPWE010000002.1,fadD,304,1.776e-87,0.368
FW_AS_rep_2,GCA_963709485.1,CAVPWE010000006.1,acs,188,2.758e-51,0.303
FW_AS_rep_2,GCA_963709485.1,CAVPWE010000005.1,mmcE,653,1.035e-210,0.583
FW_AS_rep_2,GCA_963709485.1,CAVPWE010000007.1,etfA,163,4.202e-46,0.343
FW_AS_rep_2,GCA_963709485.1,CAVPWE010000005.1,etfA,237,2.552e-71,0.476
FW_AS_rep_2,GCA_963709485.1,CAVPWE010000003.1,sucD,52,8.078e-9,0.255
FW_AS_rep_2,GCA_963709485.1,CAVPWE010000005.1,mmcF,168,6.7e-51,0.61
FW_AS_rep_2,GCA_963709485.1,CAVPWE010000004.1,fadD,180,7.444e-49,0.308
FW_AS_rep_2,GCA_963709485.1,CAVPWE010000001.1,ackA,491,4.279e-151,0.467
FW_AS_rep_2,GCA_963709485.1,CAVPWE010000005.1,ilvE,104,3.235e-26,0.319
FW_AS_rep_2,GCA_963709485.1,CAVPWE010000005.1,frhG,44,6.924e-9,0.38
FW_AS_rep_2,GCA_963709485.1,CAVPWE010000007.1,oppA,187,2.942e-50,0.302
FW_AS_rep_2,GCA_963709485.1,CAVPWE010000001.1,sucD,55,1.249e-9,0.273
FW_AS_rep_2,GCA_963709485.1,CAVPWE010000005.1,fadD,246,3.597e-72,0.34
FW_AS_rep_2,GCA_963709485.1,CAVPWE010000006.1,grdB,50,1.929e-9,0.271
FW_AS_rep_2,GCA_963709485.1,CAVPWE010000005.1,fadA,248,5.794e-74,0.402
FW_AS_rep_2,GCA_963709485.1,CAVPWE010000003.1,hbd,140,1.596e-38,0.362
FW_AS_rep_2,GCA_963709485.1,CAVPWE010000002.1,fadB,125,6.02e-33,0.368
FW_AS_rep_2,GCA_963709485.1,CAVPWE010000001.1,fadA,309,6.172e-95,0.46
FW_AS_rep_2,GCA_963709485.1,CAVPWE010000005.1,gdh,588,2.406e-190,0.646
FW_AS_rep_2,GCA_963709485.1,CAVPWE010000001.1,mdh,302,7.437e-94,0.532
FW_AS_rep_2,GCA_963709485.1,CAVPWE010000002.1,acs,92,5.994e-21,0.228
FW_AS_rep_2,GCA_963709485.1,CAVPWE010000007.1,frhB,182,3.737e-51,0.359
FW_AS_rep_2,GCA_963709485.1,CAVPWE010000001.1,crt,153,4.395e-43,0.388
FW_AS_rep_2,GCA_963709485.1,CAVPWE010000001.1,pgi,69,2.96e-14,0.271
FW_AS_rep_2,GCA_963709485.1,CAVPWE010000006.1,thl,334,1.054e-103,0.516
FW_AS_rep_2,GCA_963709485.1,CAVPWE010000001.1,etfA,158,6.912e-43,0.376
FW_AS_rep_2,GCA_963709485.1,CAVPWE010000007.1,hbd,187,1.637e-50,0.376
FW_AS_rep_2,GCA_963709485.1,CAVPWE010000007.1,dppA,223,1.265e-61,0.311
FW_AS_rep_2,GCA_963709485.1,CAVPWE010000007.1,rnfB,50,1.066e-8,0.306
FW_AS_rep_2,GCA_963709485.1,CAVPWE010000003.1,fadD,234,6.469e-67,0.359
FW_AS_rep_2,GCA_963709485.1,CAVPWE010000007.1,pfor,44,5.441e-7,0.297
FW_AS_rep_2,GCA_963709485.1,CAVPWE010000001.1,fadB,190,2.987e-55,0.4
FW_AS_rep_2,GCA_963709485.1,CAVPWE010000001.1,hbd,280,2.335e-86,0.494
FW_AS_rep_2,GCA_963709485.1,CAVPWE010000003.1,thl,272,4.675e-82,0.408
FW_AS_rep_2,GCA_963709485.1,CAVPWE010000004.1,sucD,56,5.061e-10,0.283
FW_AS_rep_2,GCA_963709485.1,CAVPWE010000006.1,pepA,320,1.675e-100,0.534
FW_AS_rep_2,GCA_963709485.1,CAVPWE010000001.1,fadD,199,6.16e-56,0.3
FW_AS_rep_2,GCA_963709485.1,CAVPWE010000001.1,fdhA,293,2.224e-85,0.334
FW_AS_rep_2,GCA_963709485.1,CAVPWE010000005.1,pfor,165,4.264e-45,0.309
FW_AS_rep_2,GCA_963709485.1,CAVPWE010000007.1,frhG,49,1.414e-8,0.396
FW_AS_rep_2,GCA_963709485.1,CAVPWE010000006.1,frhB,40,9.776e-6,0.42
FW_AS_rep_2,GCA_963709485.1,CAVPWE010000003.1,crt,153,9.913e-43,0.367
FW_AS_rep_2,GCA_963709485.1,CAVPWE010000003.1,fadB,130,2.614e-35,0.333
FW_AS_rep_2,GCA_963709485.1,CAVPWE010000005.1,rnfB,49,2.176e-9,0.42
FW_AS_rep_2,GCA_963709485.1,CAVPWE010000004.1,fwdA,50,1.226e-8,0.391
FW_AS_rep_2,GCA_963709485.1,CAVPWE010000006.1,crt,228,9.626e-69,0.494
FW_AS_rep_2,GCA_963709485.1,CAVPWE010000006.1,pfkA,153,6.057e-41,0.348
FW_AS_rep_2,GCA_963709485.1,CAVPWE010000001.1,oppB,264,1.424e-80,0.48
FW_AS_rep_2,GCA_963709485.1,CAVPWE010000005.1,crt,164,3.938e-47,0.41
FW_AS_rep_2,GCA_963709485.1,CAVPWE010000001.1,mvhG,78,2.261e-20,0.524
FW_AS_rep_2,GCA_963709485.1,CAVPWE010000005.1,pta,210,1.385e-59,0.49
FW_AS_rep_2,GCA_963709485.1,CAVPWE010000006.1,sucD,50,3.367e-8,0.205
FW_AS_rep_2,GCA_963709485.1,CAVPWE010000006.1,fadE,249,1.626e-74,0.412
FW_AS_rep_2,GCA_963709485.1,CAVPWE010000007.1,pepQ,64,5.581e-13,0.256
FW_AS_rep_2,GCA_963709485.1,CAVPWE010000005.1,ackA,85,1.031e-19,0.281
FW_AS_rep_2,GCA_963709485.1,CAVPWE010000006.1,tdcB,235,2.854e-68,0.409
FW_AS_rep_2,GCA_963709485.1,CAVPWE010000001.1,acylglycerol_lipase,196,1.232e-57,0.396
FW_AS_rep_2,GCA_963709485.1,CAVPWE010000005.1,folD,332,7.067e-105,0.602
FW_AS_rep_2,GCA_963709485.1,CAVPWE010000001.1,lysophospholipase,78,1.051e-17,0.254
FW_AS_rep_2,GCA_963709485.1,CAVPWE010000001.1,dppB,248,1.302e-74,0.446
FW_AS_rep_2,GCA_963709485.1,CAVPWE010000005.1,fadB,175,9.687e-51,0.372
FW_AS_rep_2,GCA_963709485.1,CAVPWE010000001.1,frhG,51,1.436e-8,0.348
FW_AS_rep_2,GCA_963709485.1,CAVPWE010000007.1,tdcB,52,4.142e-9,0.262
FW_AS_rep_2,GCA_963709485.1,CAVPWE010000005.1,etfB,237,3.938e-72,0.475
FW_AS_rep_2,GCA_963709485.1,CAVPWE010000007.1,bcd,383,6.626e-119,0.514
FW_AS_rep_2,GCA_963709485.1,CAVPWE010000003.1,bcd,324,2.391e-99,0.442
FW_AS_rep_2,GCA_963709485.1,CAVPWE010000006.1,fadA,322,1.726e-99,0.498
FW_AS_rep_2,GCA_963709485.1,CAVPWE010000004.1,cat,85,8.8e-19,0.317
FW_AS_rep_2,GCA_963709485.1,CAVPWE010000006.1,lysophospholipase,78,1.051e-17,0.254
FW_AS_rep_2,GCA_963709485.1,CAVPWE010000003.1,mmcE,557,6.515e-177,0.536
FW_AS_rep_2,GCA_963709485.1,CAVPWE010000005.1,adh,51,1.449e-8,0.236
FW_AS_rep_2,GCA_963709485.1,CAVPWE010000005.1,frhB,49,7.009e-9,0.47
FW_AS_rep_2,GCA_963709485.1,CAVPWE010000003.1,mmcF,145,7.211e-43,0.6
FW_AS_rep_2,GCA_963709485.1,CAVPWE010000001.1,pfor,165,1.526e-45,0.331
FW_AS_rep_2,GCA_963709485.1,CAVPWE010000007.1,acs,162,1.924e-43,0.279
FW_AS_rep_2,GCA_963709485.1,CAVPWE010000005.1,edd,259,9.203e-76,0.338
FW_AS_rep_2,GCA_963709485.1,CAVPWE010000007.1,hydA,50,8.039e-9,0.431
FW_AS_rep_2,GCA_963709485.1,CAVPWE010000007.1,extracellular_protease,78,8.315e-17,0.27
FW_AS_rep_2,GCA_963709485.1,CAVPWE010000001.1,hydA,43,4.226e-8,0.376
FW_AS_rep_2,GCA_963709485.1,CAVPWE010000003.1,hydA,123,5.556e-32,0.328
FW_AS_rep_2,GCA_963709485.1,CAVPWE010000001.1,gapA,335,1.344e-104,0.517
FW_AS_rep_2,GCA_963709485.1,CAVPWE010000001.1,adh,42,1.807e-6,0.264
FW_AS_rep_2,GCA_963709485.1,CAVPWE010000005.1,susC,56,4.245e-10,0.333
FW_AS_rep_2,GCA_963709485.1,CAVPWE010000005.1,hydA,82,1.316e-19,0.297
FW_AS_rep_2,GCA_963709485.1,CAVPWE010000006.1,etfA,169,1.628e-48,0.401
FW_AS_rep_2,GCA_963709485.1,CAVPWE010000007.1,fadE,274,5.177e-83,0.414
FW_AS_rep_2,GCA_963709485.1,CAVPWE010000001.1,pepQ,149,9.352e-41,0.36
FW_AS_rep_2,GCA_963709485.1,CAVPWE010000001.1,fadE,278,1.248e-84,0.436
FW_AS_rep_2,GCA_963709485.1,CAVPWE010000003.1,etfA,83,2.339e-19,0.33
FW_AS_rep_2,GCA_963709485.1,CAVPWE010000007.1,fdhA,207,8.797e-57,0.296
FW_AS_rep_2,GCA_963709485.1,CAVPWE010000006.1,frhG,51,3.72e-9,0.396
FW_AS_rep_2,GCA_963709485.1,CAVPWE010000007.1,adh,56,1.17e-10,0.28
FW_AS_rep_2,GCA_963709485.1,CAVPWE010000007.1,pepO,53,3.394e-9,0.246
FW_AS_rep_2,GCA_963709485.1,CAVPWE010000005.1,thl,287,2.365e-87,0.427
FW_AS_rep_2,GCA_963709485.1,CAVPWE010000006.1,fadD,280,3.475e-82,0.364
FW_AS_rep_2,GCA_963709485.1,CAVPWE010000003.1,fadA,248,5.992e-74,0.397
FW_AS_rep_2,GCA_963709485.1,CAVPWE010000007.1,adhE,205,4.142e-59,0.364
FW_AS_rep_2,GCA_963709485.1,CAVPWE010000007.1,gapA,327,6.855e-102,0.501
FW_AS_rep_2,GCA_963709485.1,CAVPWE010000007.1,sucD,52,7.973e-9,0.247
FW_AS_rep_2,GCA_963709485.1,CAVPWE010000005.1,bcd,325,8.705e-100,0.459
FW_AS_rep_2,GCA_963709485.1,CAVPWE010000005.1,hbd,297,1.636e-92,0.544
FW_AS_rep_2,GCA_963709485.1,CAVPWE010000001.1,thl,278,2.369e-84,0.428
FW_AS_rep_2,GCA_963709485.1,CAVPWE010000002.1,crt,217,2.582e-64,0.472
FW_AS_rep_2,GCA_963709485.1,CAVPWE010000006.1,acylglycerol_lipase,196,1.232e-57,0.396
FW_AS_rep_2,GCA_963709485.1,CAVPWE010000001.1,ilvE,327,1.352e-101,0.479
FW_AS_rep_2,GCA_963709485.1,CAVPWE010000001.1,adhE,131,1.33e-34,0.297
FW_AS_rep_2,GCA_963709485.1,CAVPWE010000006.1,prdB,100,1.312e-26,0.364
FW_AS_rep_2,GCA_963709485.1,CAVPWE010000005.1,fadE,359,2.224e-112,0.474
FW_AS_rep_2,GCA_963709485.1,CAVPWE010000002.1,etfA,139,7.593e-38,0.394
FW_AS_rep_2,GCA_963709485.1,CAVPWE010000005.1,adhE,197,1.466e-56,0.362
FW_AS_rep_2,GCA_963709485.1,CAVPWE010000001.1,mvhD,117,3.855e-34,0.691
FW_AS_rep_2,GCA_963709485.1,CAVPWE010000006.1,hydA,48,3.545e-8,0.38
FW_AS_rep_2,GCA_022708185.1,JAKIZE010000010.1,pepD,516,1.653e-164,0.533
FW_AS_rep_2,GCA_022708185.1,JAKIZE010000045.1,frhB,50,2.878e-8,0.465
FW_AS_rep_2,GCA_022708185.1,JAKIZE010000017.1,susC,401,9.529e-118,0.303
FW_AS_rep_2,GCA_022708185.1,JAKIZE010000001.1,cazy_GH13,44,1.502e-6,0.462
FW_AS_rep_2,GCA_022708185.1,JAKIZE010000045.1,mvhD,79,9.294e-20,0.378
FW_AS_rep_2,GCA_022708185.1,JAKIZE010000016.1,fumB,701,8.924e-228,0.652
FW_AS_rep_2,GCA_022708185.1,JAKIZE010000080.1,adhE,165,6.965e-46,0.319
FW_AS_rep_2,GCA_022708185.1,JAKIZE010000044.1,fdhA,227,2.701e-63,0.286
FW_AS_rep_2,GCA_022708185.1,JAKIZE010000065.1,cazy_GH10,266,4.979e-80,0.401
FW_AS_rep_2,GCA_022708185.1,JAKIZE010000144.1,cazy_GH43,56,3.808e-10,0.254
FW_AS_rep_2,GCA_022708185.1,JAKIZE010000048.1,susC,728,4.384e-228,0.414
FW_AS_rep_2,GCA_022708185.1,JAKIZE010000033.1,fadD,314,1.392e-93,0.35
FW_AS_rep_2,GCA_022708185.1,JAKIZE010000020.1,adh,67,2.359e-14,0.267
FW_AS_rep_2,GCA_022708185.1,JAKIZE010000048.1,cazy_GH43,107,4.71e-26,0.315
FW_AS_rep_2,GCA_022708185.1,JAKIZE010000007.1,cazy_GH10,145,1.218e-38,0.295
FW_AS_rep_2,GCA_022708185.1,JAKIZE010000001.1,agl,48,1.246e-7,0.51
FW_AS_rep_2,GCA_022708185.1,JAKIZE010000025.1,susD,140,1.022e-36,0.291
FW_AS_rep_2,GCA_022708185.1,JAKIZE010000080.1,susC,106,7.712e-28,0.316
FW_AS_rep_2,GCA_022708185.1,JAKIZE010000142.1,fadD,172,9.345e-49,0.348
FW_AS_rep_2,GCA_022708185.1,JAKIZE010000141.1,susC,415,8.139e-125,0.344
FW_AS_rep_2,GCA_022708185.1,JAKIZE010000018.1,fadD,164,3.324e-44,0.309
FW_AS_rep_2,GCA_022708185.1,JAKIZE010000001.1,susC,409,6.009e-120,0.313
FW_AS_rep_2,GCA_022708185.1,JAKIZE010000006.1,cazy_GH43,59,5.602e-11,0.262
FW_AS_rep_2,GCA_022708185.1,JAKIZE010000164.1,ackA,96,2.673e-23,0.353
FW_AS_rep_2,GCA_022708185.1,JAKIZE010000049.1,bcd,269,2.483e-78,0.378
FW_AS_rep_2,GCA_022708185.1,JAKIZE010000045.1,frhG,45,7.976e-7,0.44
FW_AS_rep_2,GCA_022708185.1,JAKIZE010000009.1,fadD,162,7.376e-44,0.313
FW_AS_rep_2,GCA_022708185.1,JAKIZE010000015.1,pyk,338,2.21e-103,0.456
FW_AS_rep_2,GCA_022708185.1,JAKIZE010000083.1,susC,529,2.119e-160,0.359
FW_AS_rep_2,GCA_022708185.1,JAKIZE010000017.1,mmcF,126,3.736e-31,0.482
FW_AS_rep_2,GCA_022708185.1,JAKIZE010000007.1,acylglycerol_lipase,164,1.345e-46,0.365
FW_AS_rep_2,GCA_022708185.1,JAKIZE010000021.1,frhB,45,1.521e-9,0.477
FW_AS_rep_2,GCA_022708185.1,JAKIZE010000009.1,acs,128,6.038e-33,0.265
FW_AS_rep_2,GCA_022708185.1,JAKIZE010000188.1,pta,254,3.99e-77,0.459
FW_AS_rep_2,GCA_022708185.1,JAKIZE010000051.1,pepD,461,2.014e-145,0.472
FW_AS_rep_2,GCA_022708185.1,JAKIZE010000059.1,frhB,53,3.093e-9,0.421
FW_AS_rep_2,GCA_022708185.1,JAKIZE010000041.1,hydA,213,5.243e-63,0.363
FW_AS_rep_2,GCA_022708185.1,JAKIZE010000004.1,adh,80,1.238e-18,0.276
FW_AS_rep_2,GCA_022708185.1,JAKIZE010000016.1,cazy_GH10,245,6.507e-73,0.387
FW_AS_rep_2,GCA_022708185.1,JAKIZE010000148.1,fadD,250,2.157e-72,0.325
FW_AS_rep_2,GCA_022708185.1,JAKIZE010000107.1,mmcG,64,1.505e-14,0.25
FW_AS_rep_2,GCA_022708185.1,JAKIZE010000034.1,gdh,57,9.727e-11,0.405
FW_AS_rep_2,GCA_022708185.1,JAKIZE010000028.1,mvhG,55,1.937e-11,0.256
FW_AS_rep_2,GCA_022708185.1,JAKIZE010000088.1,susC,162,8.645e-45,0.405
FW_AS_rep_2,GCA_022708185.1,JAKIZE010000028.1,frhG,64,1.505e-14,0.33
FW_AS_rep_2,GCA_022708185.1,JAKIZE010000004.1,hydA,61,3.329e-12,0.261
FW_AS_rep_2,GCA_022708185.1,JAKIZE010000025.1,acs,276,2.911e-81,0.359
FW_AS_rep_2,GCA_022708185.1,JAKIZE010000014.1,esterase,207,3.653e-58,0.327
FW_AS_rep_2,GCA_022708185.1,JAKIZE010000033.1,acs,69,3.147e-14,0.213
FW_AS_rep_2,GCA_022708185.1,JAKIZE010000044.1,pfkA,217,3.912e-64,0.409
FW_AS_rep_2,GCA_022708185.1,JAKIZE010000049.1,fadE,238,5.094e-68,0.359
FW_AS_rep_2,GCA_022708185.1,JAKIZE010000078.1,eda,140,1.722e-39,0.359
FW_AS_rep_2,GCA_022708185.1,JAKIZE010000038.1,frhB,55,1.894e-10,0.286
FW_AS_rep_2,GCA_022708185.1,JAKIZE010000002.1,hydA,482,3.22e-151,0.445
FW_AS_rep_2,GCA_022708185.1,JAKIZE010000001.1,cazy_GH10,292,1.932e-89,0.48
FW_AS_rep_2,GCA_022708185.1,JAKIZE010000210.1,acs,40,3.858e-6,0.247
FW_AS_rep_2,GCA_022708185.1,JAKIZE010000177.1,susC,560,3.05e-174,0.422
FW_AS_rep_2,GCA_022708185.1,JAKIZE010000001.1,ilvE,76,3.334e-17,0.291
FW_AS_rep_2,GCA_022708185.1,JAKIZE010000028.1,hydA,514,2.368e-162,0.458
FW_AS_rep_2,GCA_022708185.1,JAKIZE010000002.1,susC,556,2.807e-170,0.368
FW_AS_rep_2,GCA_022708185.1,JAKIZE010000001.1,pgi,104,3.201e-25,0.298
FW_AS_rep_2,GCA_022708185.1,JAKIZE010000004.1,esterase,209,8.548e-60,0.312
FW_AS_rep_2,GCA_022708185.1,JAKIZE010000045.1,rnfB,49,6.604e-8,0.357
FW_AS_rep_2,GCA_022708185.1,JAKIZE010000025.1,fadD,149,4.232e-39,0.276
FW_AS_rep_2,GCA_022708185.1,JAKIZE010000004.1,susC,589,3.768e-181,0.375
FW_AS_rep_2,GCA_022708185.1,JAKIZE010000059.1,rnfB,52,7.102e-9,0.396
FW_AS_rep_2,GCA_022708185.1,JAKIZE010000083.1,susD,112,2.638e-27,0.252
FW_AS_rep_2,GCA_022708185.1,JAKIZE010000006.1,xylB,94,4.685e-22,0.24
FW_AS_rep_2,GCA_022708185.1,JAKIZE010000003.1,frhG,48,3.054e-8,0.428
FW_AS_rep_2,GCA_022708185.1,JAKIZE010000051.1,fadD,237,2.924e-67,0.323
FW_AS_rep_2,GCA_022708185.1,JAKIZE010000099.1,sucC,362,3.276e-113,0.488
FW_AS_rep_2,GCA_022708185.1,JAKIZE010000100.1,susC,171,6.248e-50,0.518
FW_AS_rep_2,GCA_022708185.1,JAKIZE010000032.1,fadD,108,9.777e-29,0.414
FW_AS_rep_2,GCA_022708185.1,JAKIZE010000028.1,fdhA,51,8.42e-9,0.386
FW_AS_rep_2,GCA_022708185.1,JAKIZE010000025.1,acylglycerol_lipase,42,2.44e-7,0.311
FW_AS_rep_2,GCA_022708185.1,JAKIZE010000143.1,susC,57,1.898e-10,0.244
FW_AS_rep_2,GCA_022708185.1,JAKIZE010000146.1,hydA,56,5.145e-11,0.386
FW_AS_rep_2,GCA_022708185.1,JAKIZE010000099.1,sucD,113,1.507e-28,0.466
FW_AS_rep_2,GCA_022708185.1,JAKIZE010000101.1,susC,78,9.392e-17,0.262
FW_AS_rep_2,GCA_022708185.1,JAKIZE010000010.1,dtpT,213,1.283e-59,0.31
FW_AS_rep_2,GCA_022708185.1,JAKIZE010000060.1,acylglycerol_lipase,50,4.917e-9,0.323
FW_AS_rep_2,GCA_022708185.1,JAKIZE010000181.1,acs,81,6.325e-18,0.231
FW_AS_rep_2,GCA_022708185.1,JAKIZE010000002.1,susD,137,6.62e-36,0.307
FW_AS_rep_2,GCA_022708185.1,JAKIZE010000141.1,susD,170,8.145e-46,0.3
FW_AS_rep_2,GCA_022708185.1,JAKIZE010000002.1,frhG,51,1.49e-8,0.442
FW_AS_rep_2,GCA_022708185.1,JAKIZE010000004.1,rnfB,49,5.076e-8,0.384
FW_AS_rep_2,GCA_022708185.1,JAKIZE010000047.1,gapA,340,1.086e-106,0.534
FW_AS_rep_2,GCA_022708185.1,JAKIZE010000100.1,cazy_GH43,116,9.115e-29,0.328
FW_AS_rep_2,GCA_022708185.1,JAKIZE010000048.1,susD,110,9.249e-27,0.262
FW_AS_rep_2,GCA_022708185.1,JAKIZE010000020.1,glcP,188,7.203e-52,0.304
FW_AS_rep_2,GCA_022708185.1,JAKIZE010000049.1,etfB,149,2.751e-42,0.371
FW_AS_rep_2,GCA_022708185.1,JAKIZE010000017.1,mmcE,471,5.447e-140,0.48
FW_AS_rep_2,GCA_022708185.1,JAKIZE010000091.1,esterase,193,3.535e-54,0.3
FW_AS_rep_2,GCA_022708185.1,JAKIZE010000016.1,esterase,195,6.679e-55,0.312
FW_AS_rep_2,GCA_022708185.1,JAKIZE010000021.1,rnfB,41,5.143e-8,0.338
FW_AS_rep_2,GCA_022708185.1,JAKIZE010000027.1,susC,190,4.063e-51,0.245
FW_AS_rep_2,GCA_022708185.1,JAKIZE010000042.1,susC,301,1.404e-85,0.295
FW_AS_rep_2,GCA_022708185.1,JAKIZE010000211.1,susC,341,4.839e-103,0.39
FW_AS_rep_2,GCA_022708185.1,JAKIZE010000051.1,frhG,49,2.88e-8,0.413
FW_AS_rep_2,GCA_022708185.1,JAKIZE010000020.1,xylA,519,2.014e-166,0.568
FW_AS_rep_2,GCA_022708185.1,JAKIZE010000181.1,fadD,252,1.89e-73,0.351
FW_AS_rep_2,GCA_022708185.1,JAKIZE010000014.1,mdh,160,7.157e-45,0.34
FW_AS_rep_2,GCA_022708185.1,JAKIZE010000049.1,etfA,211,1.418e-62,0.404
FW_AS_rep_2,GCA_022708185.1,JAKIZE010000005.1,susC,120,2.409e-32,0.317
FW_AS_rep_2,GCA_022708185.1,JAKIZE010000079.1,pfkA,143,2.651e-38,0.305
FW_AS_rep_2,GCA_022708185.1,JAKIZE010000014.1,pfkA,280,5.357e-86,0.489
FW_AS_rep_2,GCA_022708185.1,JAKIZE010000059.1,fdhA,62,9.396e-13,0.421
FW_AS_rep_2,GCA_022708185.1,JAKIZE010000025.1,esterase,254,4.723e-74,0.343
FW_AS_rep_2,GCA_022708185.1,JAKIZE010000086.1,fadD,238,1.111e-68,0.333
FW_AS_rep_2,GCA_022708185.1,JAKIZE010000031.1,edd,215,2.731e-60,0.294
FW_AS_rep_2,GCA_022708185.1,JAKIZE010000014.1,frhB,41,8.279e-6,0.439
FW_AS_rep_2,GCA_022708185.1,JAKIZE010000004.1,susD,126,7.822e-32,0.277
FW_AS_rep_2,GCA_022708185.1,JAKIZE010000002.1,fdhA,61,8.164e-12,0.308
FW_AS_rep_2,GCA_022708185.1,JAKIZE010000004.1,fdhA,53,1.674e-9,0.452
FW_AS_rep_2,GCA_022708185.1,JAKIZE010000004.1,sucD,345,4.236e-109,0.59
FW_AS_rep_2,GCA_022708185.1,JAKIZE010000059.1,hydA,179,3.728e-52,0.367
FW_AS_rep_2,GCA_022708185.1,JAKIZE010000136.1,fadD,248,5.394e-72,0.345
FW_AS_rep_2,GCA_022708185.1,JAKIZE010000041.1,pfor,66,1.451e-13,0.245
FW_AS_rep_2,GCA_022708185.1,JAKIZE010000023.1,adhE,47,1.472e-7,0.195
FW_AS_rep_2,GCA_022708185.1,JAKIZE010000047.1,pfor,1411,0.0,0.608
FW_AS_rep_2,GCA_022708185.1,JAKIZE010000005.1,gdh,604,4.267e-196,0.657
FW_AS_rep_2,GCA_022708185.1,JAKIZE010000006.1,pfkA,139,1.278e-36,0.318
FW_AS_rep_2,GCA_022708185.1,JAKIZE010000017.1,glcP,225,3.397e-65,0.317
FW_AS_rep_2,GCA_022708185.1,JAKIZE010000025.1,susC,153,6.671e-44,0.384
FW_AS_rep_2,GCA_022708185.1,JAKIZE010000079.1,endopeptidase,215,3.125e-62,0.377
FW_AS_rep_2,GCA_022708185.1,JAKIZE010000028.1,mvhA,53,1.339e-9,0.357
FW_AS_rep_2,GCA_022708185.1,JAKIZE010000140.1,rnfB,45,6.383e-8,0.306
FW_AS_rep_2,GCA_022708185.1,JAKIZE010000138.1,hydA,43,8.59e-8,0.313
FW_AS_rep_2,GCA_022708185.1,JAKIZE010000146.1,frhG,41,3.401e-6,0.305
FW_AS_rep_2,GCA_022708185.1,JAKIZE010000003.1,rnfB,78,5.434e-18,0.339
FW_AS_rep_2,GCA_022708185.1,JAKIZE010000193.1,susC,46,3.394e-7,0.239
FW_AS_rep_2,GCA_022708185.1,JAKIZE010000051.1,mmcG,100,4.182e-27,0.387
FW_AS_rep_2,GCA_022708185.1,JAKIZE010000007.1,pepA,293,6.77e-88,0.415
FW_AS_rep_2,GCA_022708185.1,JAKIZE010000002.1,pepQ,158,8.457e-42,0.303
FW_AS_rep_2,GCA_022708185.1,JAKIZE010000119.1,cazy_GH43,48,4.906e-8,0.236
FW_AS_rep_2,GCA_022708185.1,JAKIZE010000003.1,frhB,42,2.185e-6,0.297
FW_AS_rep_2,GCA_022708185.1,JAKIZE010000022.1,folD,297,1.599e-92,0.52
FW_AS_rep_2,GCA_022708185.1,JAKIZE010000008.1,acylglycerol_lipase,51,1.958e-9,0.323
FW_AS_rep_2,GCA_022708185.1,JAKIZE010000016.1,cazy_GH43,81,1.38e-17,0.304
FW_AS_rep_2,GCA_022708185.1,JAKIZE010000007.1,lysophospholipase,87,6.637e-21,0.28
FW_AS_rep_2,GCA_022708185.1,JAKIZE010000157.1,pepQ,103,5.303e-25,0.272
FW_AS_rep_2,GCA_022708185.1,JAKIZE010000146.1,frhB,47,3.292e-8,0.321
FW_AS_rep_2,GCA_022708185.1,JAKIZE010000002.1,rnfB,51,1.49e-8,0.416
FW_AS_rep_2,GCA_022708185.1,JAKIZE010000188.1,ackA,395,1.067e-123,0.517
FW_AS_rep_2,GCA_022708185.1,JAKIZE010000024.1,pfor,60,1.393e-12,0.293
FW_AS_rep_2,GCA_022708185.1,JAKIZE010000017.1,tdcB,241,1.242e-72,0.405
FW_AS_rep_2,GCA_022708185.1,JAKIZE010000081.1,susC,63,2.002e-12,0.271
FW_AS_rep_2,GCA_022708185.1,JAKIZE010000028.1,frhA,82,1.601e-18,0.268
FW_AS_rep_2,GCA_022708185.1,JAKIZE010000028.1,frhB,48,1.723e-8,0.312
FW_AS_rep_2,GCA_022708185.1,JAKIZE010000040.1,ilvE,228,6.119e-68,0.404
FW_AS_rep_2,GCA_022708185.1,JAKIZE010000064.1,fhs,695,2.352e-225,0.633
FW_AS_rep_2,GCA_022708185.1,JAKIZE010000051.1,acs,65,7.454e-13,0.224
FW_AS_rep_2,GCA_022708185.1,JAKIZE010000001.1,susD,83,2.963e-18,0.304
FW_AS_rep_2,GCA_044223705.1,JBGALS010000002.1,etfA,100,3.54e-25,0.337
FW_AS_rep_2,GCA_044223705.1,JBGALS010000002.1,tdcB,224,7.349e-67,0.447
FW_AS_rep_2,GCA_044223705.1,JBGALS010000004.1,bcd,347,3.038e-108,0.468
FW_AS_rep_2,GCA_044223705.1,JBGALS010000015.1,extracellular_protease,154,1.542e-40,0.383
FW_AS_rep_2,GCA_044223705.1,JBGALS010000003.1,extracellular_protease,174,4.716e-48,0.406
FW_AS_rep_2,GCA_044223705.1,JBGALS010000002.1,pyk,363,6.916e-112,0.437
FW_AS_rep_2,GCA_044223705.1,JBGALS010000016.1,crt,131,4.356e-36,0.334
FW_AS_rep_2,GCA_044223705.1,JBGALS010000002.1,bcd,152,2.431e-41,0.307
FW_AS_rep_2,GCA_044223705.1,JBGALS010000012.1,cazy_CE8,270,2.573e-77,0.484
FW_AS_rep_2,GCA_044223705.1,JBGALS010000002.1,crt,185,2.238e-54,0.45
FW_AS_rep_2,GCA_044223705.1,JBGALS010000004.1,agl,109,5.824e-27,0.288
FW_AS_rep_2,GCA_044223705.1,JBGALS010000008.1,fadD,124,3.857e-31,0.272
FW_AS_rep_2,GCA_044223705.1,JBGALS010000009.1,fadB,201,8.434e-60,0.425
FW_AS_rep_2,GCA_044223705.1,JBGALS010000001.1,fadA,403,2.584e-127,0.558
FW_AS_rep_2,GCA_044223705.1,JBGALS010000001.1,frhG,49,8.322e-9,0.258
FW_AS_rep_2,GCA_044223705.1,JBGALS010000007.1,pta,233,1.371e-69,0.435
FW_AS_rep_2,GCA_044223705.1,JBGALS010000001.1,ilvE,142,1.088e-38,0.342
FW_AS_rep_2,GCA_044223705.1,JBGALS010000011.1,acs,63,3.901e-12,0.226
FW_AS_rep_2,GCA_044223705.1,JBGALS010000001.1,fadD,354,4.293e-107,0.411
FW_AS_rep_2,GCA_044223705.1,JBGALS010000009.1,hbd,326,6.959e-103,0.577
FW_AS_rep_2,GCA_044223705.1,JBGALS010000006.1,oppB,250,8.093e-77,0.479
FW_AS_rep_2,GCA_044223705.1,JBGALS010000001.1,dtpT,270,2.818e-79,0.351
FW_AS_rep_2,GCA_044223705.1,JBGALS010000007.1,oppA,144,1.822e-37,0.265
FW_AS_rep_2,GCA_044223705.1,JBGALS010000001.1,oppA,201,2.188e-55,0.291
FW_AS_rep_2,GCA_044223705.1,JBGALS010000005.1,ilvE,137,6.293e-37,0.308
FW_AS_rep_2,GCA_044223705.1,JBGALS010000001.1,tdcB,265,2.359e-80,0.478
FW_AS_rep_2,GCA_044223705.1,JBGALS010000002.1,fwdA,56,2.705e-10,0.222
FW_AS_rep_2,GCA_044223705.1,JBGALS010000005.1,acs,93,3.973e-21,0.229
FW_AS_rep_2,GCA_044223705.1,JBGALS010000008.1,gdh,44,9.749e-7,0.285
FW_AS_rep_2,GCA_044223705.1,JBGALS010000012.1,adh,79,3.158e-18,0.323
FW_AS_rep_2,GCA_044223705.1,JBGALS010000002.1,pepT,105,2.491e-26,0.311
FW_AS_rep_2,GCA_044223705.1,JBGALS010000006.1,tdcB,68,4.509e-14,0.267
FW_AS_rep_2,GCA_044223705.1,JBGALS010000014.1,bcd,273,2.673e-82,0.403
FW_AS_rep_2,GCA_044223705.1,JBGALS010000001.1,mmcG,117,4.704e-33,0.445
FW_AS_rep_2,GCA_044223705.1,JBGALS010000008.1,pepT,154,1.074e-41,0.328
FW_AS_rep_2,GCA_044223705.1,JBGALS010000016.1,fadB,93,2.677e-23,0.343
FW_AS_rep_2,GCA_044223705.1,JBGALS010000011.1,fadD,347,2.451e-104,0.371
FW_AS_rep_2,GCA_044223705.1,JBGALS010000001.1,thl,330,4.018e-102,0.492
FW_AS_rep_2,GCA_044223705.1,JBGALS010000001.1,prdB,139,1.207e-38,0.342
FW_AS_rep_2,GCA_044223705.1,JBGALS010000013.1,fdhA,47,4.022e-7,0.207
FW_AS_rep_2,GCA_044223705.1,JBGALS010000016.1,tdcB,168,8.353e-48,0.347
FW_AS_rep_2,GCA_044223705.1,JBGALS010000007.1,oppB,142,1.779e-38,0.379
FW_AS_rep_2,GCA_044223705.1,JBGALS010000019.1,sucD,371,4.826e-118,0.67
FW_AS_rep_2,GCA_044223705.1,JBGALS010000001.1,lctC,42,2.326e-6,0.281
FW_AS_rep_2,GCA_044223705.1,JBGALS010000006.1,oppA,171,1.281e-46,0.277
FW_AS_rep_2,GCA_044223705.1,JBGALS010000001.1,pepT,210,5.229e-60,0.353
FW_AS_rep_2,GCA_044223705.1,JBGALS010000018.1,pfor,1425,0.0,0.612
FW_AS_rep_2,GCA_044223705.1,JBGALS010000014.1,fadE,243,3.671e-72,0.396
FW_AS_rep_2,GCA_044223705.1,JBGALS010000001.1,fhs,689,1.304e-222,0.614
FW_AS_rep_2,GCA_044223705.1,JBGALS010000014.1,adh,72,3.736e-16,0.285
FW_AS_rep_2,GCA_044223705.1,JBGALS010000009.1,thl,405,6.175e-128,0.56
FW_AS_rep_2,GCA_044223705.1,JBGALS010000006.1,dppB,231,3.148e-69,0.405
FW_AS_rep_2,GCA_044223705.1,JBGALS010000001.1,mmcE,703,2.044e-228,0.667
FW_AS_rep_2,GCA_044223705.1,JBGALS010000009.1,lipase,64,1.355e-12,0.279
FW_AS_rep_2,GCA_044223705.1,JBGALS010000001.1,fdhA,136,1.316e-34,0.277
FW_AS_rep_2,GCA_044223705.1,JBGALS010000007.1,dppC,115,1.174e-29,0.35
FW_AS_rep_2,GCA_044223705.1,JBGALS010000012.1,eda,183,2.527e-54,0.412
FW_AS_rep_2,GCA_044223705.1,JBGALS010000001.1,hbd,143,2.011e-36,0.349
FW_AS_rep_2,GCA_044223705.1,JBGALS010000001.1,dppA,160,3.548e-42,0.292
FW_AS_rep_2,GCA_044223705.1,JBGALS010000019.1,etfB,145,6.631e-41,0.402
FW_AS_rep_2,GCA_044223705.1,JBGALS010000015.1,pfkA,221,4.689e-65,0.417
FW_AS_rep_2,GCA_044223705.1,JBGALS010000004.1,extracellular_protease,44,4.811e-6,0.29
FW_AS_rep_2,GCA_044223705.1,JBGALS010000001.1,adh,69,5.306e-15,0.266
FW_AS_rep_2,GCA_044223705.1,JBGALS010000007.1,pepN,87,1.156e-19,0.225
FW_AS_rep_2,GCA_044223705.1,JBGALS010000016.1,mmcF,189,1.9e-57,0.706
FW_AS_rep_2,GCA_044223705.1,JBGALS010000004.1,fadB,133,3.171e-36,0.32
FW_AS_rep_2,GCA_044223705.1,JBGALS010000001.1,fadB,138,4.327e-35,0.344
FW_AS_rep_2,GCA_044223705.1,JBGALS010000016.1,adhE,404,2.252e-124,0.493
FW_AS_rep_2,GCA_044223705.1,JBGALS010000005.1,pepQ,148,7.601e-39,0.299
FW_AS_rep_2,GCA_044223705.1,JBGALS010000018.1,frhB,49,2.981e-8,0.382
FW_AS_rep_2,GCA_044223705.1,JBGALS010000019.1,etfA,205,1.279e-59,0.414
FW_AS_rep_2,GCA_044223705.1,JBGALS010000016.1,aldh,442,1.679e-137,0.477
FW_AS_rep_2,GCA_044223705.1,JBGALS010000016.1,etfA,93,2.677e-23,0.382
FW_AS_rep_2,GCA_044223705.1,JBGALS010000001.1,hydA,121,7.16e-30,0.326
FW_AS_rep_2,GCA_044223705.1,JBGALS010000001.1,mdh,311,5.427e-97,0.537
FW_AS_rep_2,GCA_044223705.1,JBGALS010000002.1,fadE,231,3.746e-68,0.396
FW_AS_rep_2,GCA_044223705.1,JBGALS010000001.1,pepQ,171,1.957e-47,0.336
FW_AS_rep_2,GCA_044223705.1,JBGALS010000005.1,pepN,187,4.156e-50,0.324
FW_AS_rep_2,GCA_044223705.1,JBGALS010000001.1,bcd,355,3.714e-111,0.498
FW_AS_rep_2,GCA_044223705.1,JBGALS010000004.1,cazy_GH13,141,2.805e-36,0.318
FW_AS_rep_2,GCA_044223705.1,JBGALS010000001.1,extracellular_protease,147,1.34e-37,0.32
FW_AS_rep_2,GCA_044223705.1,JBGALS010000003.1,pepO,606,2.246e-192,0.469
FW_AS_rep_2,GCA_044223705.1,JBGALS010000005.1,mmcE,711,7.188e-231,0.656
FW_AS_rep_2,GCA_044223705.1,JBGALS010000001.1,edd,239,2.149e-68,0.324
FW_AS_rep_2,GCA_044223705.1,JBGALS010000001.1,mvhG,44,3.775e-7,0.545
FW_AS_rep_2,GCA_044223705.1,JBGALS010000010.1,pepQ,65,1.002e-13,0.294
FW_AS_rep_2,GCA_044223705.1,JBGALS010000006.1,extracellular_protease,157,1.114e-44,0.398
FW_AS_rep_2,GCA_044223705.1,JBGALS010000004.1,etfA,170,5.015e-49,0.423
FW_AS_rep_2,GCA_044223705.1,JBGALS010000001.1,fadE,271,3.32e-82,0.454
FW_AS_rep_2,GCA_044223705.1,JBGALS010000019.1,frhG,40,3.304e-6,0.343
FW_AS_rep_2,GCA_044223705.1,JBGALS010000004.1,crt,242,1.305e-73,0.515
FW_AS_rep_2,GCA_044223705.1,JBGALS010000005.1,sucD,117,7.895e-30,0.486
FW_AS_rep_2,GCA_044223705.1,JBGALS010000026.1,tdcB,317,5.487e-97,0.456
FW_AS_rep_2,GCA_044223705.1,JBGALS010000002.1,cazy_GH9,168,2.836e-44,0.295
FW_AS_rep_2,GCA_044223705.1,JBGALS010000001.1,adhE,64,1.28e-12,0.231
FW_AS_rep_2,GCA_044223705.1,JBGALS010000005.1,gdh,459,9.677e-146,0.526
FW_AS_rep_2,GCA_044223705.1,JBGALS010000005.1,pepA,413,3.533e-129,0.492
FW_AS_rep_2,GCA_044223705.1,JBGALS010000012.1,cazy_GH43,152,3.739e-40,0.332
FW_AS_rep_2,GCA_044223705.1,JBGALS010000001.1,folD,328,1.029e-102,0.559
FW_AS_rep_2,GCA_044223705.1,JBGALS010000001.1,acs,172,6.859e-47,0.276
FW_AS_rep_2,GCA_044223705.1,JBGALS010000003.1,fdhA,591,3.599e-184,0.437
FW_AS_rep_2,GCA_044223705.1,JBGALS010000004.1,pepT,54,1.307e-9,0.252
FW_AS_rep_2,GCA_044223705.1,JBGALS010000012.1,pfkA,44,8.318e-7,0.263
FW_AS_rep_2,GCA_044223705.1,JBGALS010000006.1,dppA,196,1.037e-54,0.302
FW_AS_rep_2,GCA_044223705.1,JBGALS010000004.1,fadE,258,1.449e-77,0.412
FW_AS_rep_2,GCA_044223705.1,JBGALS010000007.1,dppA,128,2.272e-32,0.265
FW_AS_rep_2,GCA_044223705.1,JBGALS010000008.1,acs,767,2.286e-248,0.574
FW_AS_rep_2,GCA_044223705.1,JBGALS010000004.1,pepN,124,4.075e-31,0.269
FW_AS_rep_2,GCA_044223705.1,JBGALS010000007.1,dppB,119,4.225e-31,0.295
FW_AS_rep_2,GCA_044223705.1,JBGALS010000008.1,aldh,62,5.589e-12,0.232
FW_AS_rep_2,GCA_044223705.1,JBGALS010000002.1,fadD,256,5.966e-75,0.354
FW_AS_rep_2,GCA_044223705.1,JBGALS010000002.1,acs,346,4.545e-100,0.295
FW_AS_rep_2,GCA_044223705.1,JBGALS010000014.1,esterase,47,9.136e-8,0.295
FW_AS_rep_2,GCA_044223705.1,JBGALS010000002.1,aldh,55,4.46e-10,0.226
FW_AS_rep_2,GCA_044223705.1,JBGALS010000001.1,crt,66,4.723e-13,0.314
FW_AS_rep_2,GCA_044223705.1,JBGALS010000009.1,gapA,336,1.76e-105,0.519
FW_AS_rep_2,GCA_044223705.1,JBGALS010000005.1,xylF,284,6.825e-87,0.474
FW_AS_rep_2,GCA_044223705.1,JBGALS010000009.1,fadA,316,3.49e-97,0.447
FW_AS_rep_2,GCA_044223705.1,JBGALS010000005.1,fadD,271,2.785e-76,0.346
FW_AS_rep_2,GCA_044223705.1,JBGALS010000001.1,pepN,188,3.055e-50,0.309
FW_AS_rep_2,GCA_044223705.1,JBGALS010000005.1,sucC,419,5.964e-133,0.553
FW_AS_rep_2,GCA_044223705.1,JBGALS010000006.1,dppC,235,1.678e-71,0.458
FW_AS_rep_2,GCA_044223705.1,JBGALS010000003.1,adh,65,8.28e-14,0.276
FW_AS_rep_2,GCA_022708655.1,JAKIYH010000002.1,agl,61,1.042e-11,0.24
FW_AS_rep_2,GCA_022708655.1,JAKIYH010000006.1,hydA,44,1.311e-6,0.477
FW_AS_rep_2,GCA_022708655.1,JAKIYH010000145.1,pepQ,186,8.439e-51,0.307
FW_AS_rep_2,GCA_022708655.1,JAKIYH010000035.1,esterase,234,1.517e-67,0.344
FW_AS_rep_2,GCA_022708655.1,JAKIYH010000016.1,susC,346,1.448e-99,0.289
FW_AS_rep_2,GCA_022708655.1,JAKIYH010000169.1,pfor,163,3.05e-45,0.324
FW_AS_rep_2,GCA_022708655.1,JAKIYH010000006.1,ilvE,228,8.066e-68,0.402
FW_AS_rep_2,GCA_022708655.1,JAKIYH010000015.1,cazy_GH43,161,5.833e-44,0.354
FW_AS_rep_2,GCA_022708655.1,JAKIYH010000244.1,susC,76,6.62e-18,0.327
FW_AS_rep_2,GCA_022708655.1,JAKIYH010000006.1,xylA,500,3.062e-160,0.561
FW_AS_rep_2,GCA_022708655.1,JAKIYH010000028.1,cazy_GH43,86,1.1e-19,0.319
FW_AS_rep_2,GCA_022708655.1,JAKIYH010000187.1,susC,186,3.124e-53,0.339
FW_AS_rep_2,GCA_022708655.1,JAKIYH010000246.1,thl,343,1.032e-106,0.508
FW_AS_rep_2,GCA_022708655.1,JAKIYH010000290.1,etfA,85,3.232e-21,0.386
FW_AS_rep_2,GCA_022708655.1,JAKIYH010000326.1,susD,65,2.036e-13,0.289
FW_AS_rep_2,GCA_022708655.1,JAKIYH010000033.1,cazy_GH43,101,5.728e-24,0.289
FW_AS_rep_2,GCA_022708655.1,JAKIYH010000386.1,thl,198,1.882e-59,0.48
FW_AS_rep_2,GCA_022708655.1,JAKIYH010000091.1,pfor,1337,0.0,0.579
FW_AS_rep_2,GCA_022708655.1,JAKIYH010000326.1,susC,211,3.903e-62,0.363
FW_AS_rep_2,GCA_022708655.1,JAKIYH010000032.1,frhB,52,1.907e-9,0.5
FW_AS_rep_2,GCA_022708655.1,JAKIYH010000044.1,glcP,192,1.014e-53,0.303
FW_AS_rep_2,GCA_022708655.1,JAKIYH010000053.1,cazy_GH43,55,5.318e-10,0.281
FW_AS_rep_2,GCA_022708655.1,JAKIYH010000053.1,frhG,45,5.725e-7,0.34
FW_AS_rep_2,GCA_022708655.1,JAKIYH010000020.1,cazy_GH43,71,5.167e-16,0.309
FW_AS_rep_2,GCA_022708655.1,JAKIYH010000017.1,adh,79,5.686e-18,0.329
FW_AS_rep_2,GCA_022708655.1,JAKIYH010000032.1,hydA,47,7.768e-8,0.317
FW_AS_rep_2,GCA_022708655.1,JAKIYH010000005.1,cazy_GH43,53,3.51e-9,0.242
FW_AS_rep_2,GCA_022708655.1,JAKIYH010000188.1,gdh,53,1.249e-9,0.519
FW_AS_rep_2,GCA_022708655.1,JAKIYH010000047.1,endopeptidase,244,9.604e-70,0.476
FW_AS_rep_2,GCA_022708655.1,JAKIYH010000002.1,cazy_GH13,74,8.121e-16,0.26
FW_AS_rep_2,GCA_022708655.1,JAKIYH010000339.1,oppB,163,3.101e-48,0.462
FW_AS_rep_2,GCA_022708655.1,JAKIYH010000021.1,edd,232,3.778e-66,0.325
FW_AS_rep_2,GCA_022708655.1,JAKIYH010000016.1,ackA,417,5.028e-132,0.542
FW_AS_rep_2,GCA_022708655.1,JAKIYH010000033.1,agl,171,3.89e-46,0.311
FW_AS_rep_2,GCA_022708655.1,JAKIYH010000223.1,cazy_GH10,122,4.94e-30,0.337
FW_AS_rep_2,GCA_022708655.1,JAKIYH010000015.1,lctB,40,9.65e-6,0.25
FW_AS_rep_2,GCA_022708655.1,JAKIYH010000038.1,pfkA,74,7.387e-16,0.294
FW_AS_rep_2,GCA_022708655.1,JAKIYH010000027.1,fadE,61,3.868e-13,0.369
FW_AS_rep_2,GCA_022708655.1,JAKIYH010000032.1,frhG,55,1.446e-10,0.444
FW_AS_rep_2,GCA_022708655.1,JAKIYH010000442.1,fadB,89,2.579e-22,0.347
FW_AS_rep_2,GCA_022708655.1,JAKIYH010000386.1,fadA,113,3.029e-30,0.37
FW_AS_rep_2,GCA_022708655.1,JAKIYH010000016.1,pta,230,1.011e-68,0.426
FW_AS_rep_2,GCA_022708655.1,JAKIYH010000476.1,frhG,50,5.381e-10,0.303
FW_AS_rep_2,GCA_022708655.1,JAKIYH010000169.1,hydA,42,9.803e-8,0.396
FW_AS_rep_2,GCA_022708655.1,JAKIYH010000011.1,acs,281,6.159e-83,0.354
FW_AS_rep_2,GCA_022708655.1,JAKIYH010000047.1,adh,79,2.14e-18,0.293
FW_AS_rep_2,GCA_022708655.1,JAKIYH010000027.1,pepT,61,5.434e-12,0.243
FW_AS_rep_2,GCA_022708655.1,JAKIYH010000339.1,dppC,129,1.707e-36,0.376
FW_AS_rep_2,GCA_022708655.1,JAKIYH010000096.1,xylF,172,1.575e-48,0.35
FW_AS_rep_2,GCA_022708655.1,JAKIYH010000026.1,folD,325,4.019e-102,0.567
FW_AS_rep_2,GCA_022708655.1,JAKIYH010000390.1,fadD,142,6.278e-39,0.335
FW_AS_rep_2,GCA_022708655.1,JAKIYH010000047.1,pepO,593,3.802e-188,0.455
FW_AS_rep_2,GCA_022708655.1,JAKIYH010000252.1,frhG,43,1.722e-8,0.384
FW_AS_rep_2,GCA_022708655.1,JAKIYH010000035.1,cazy_GH13,50,1.464e-8,0.325
FW_AS_rep_2,GCA_022708655.1,JAKIYH010000025.1,pepQ,95,2.207e-22,0.269
FW_AS_rep_2,GCA_022708655.1,JAKIYH010000412.1,cazy_GH10,56,2.623e-10,0.377
FW_AS_rep_2,GCA_022708655.1,JAKIYH010000007.1,susC,64,2.154e-14,0.428
FW_AS_rep_2,GCA_022708655.1,JAKIYH010000680.1,fadE,62,1.494e-13,0.5
FW_AS_rep_2,GCA_022708655.1,JAKIYH010000033.1,eda,143,1.465e-40,0.386
FW_AS_rep_2,GCA_022708655.1,JAKIYH010000032.1,rnfB,93,1.032e-22,0.321
FW_AS_rep_2,GCA_022708655.1,JAKIYH010000223.1,cazy_CBM6,74,2.9e-15,0.393
FW_AS_rep_2,GCA_022708655.1,JAKIYH010000304.1,susC,387,3.915e-117,0.373
FW_AS_rep_2,GCA_022708655.1,JAKIYH010000455.1,cazy_GH43,112,1.922e-28,0.29
FW_AS_rep_2,GCA_022708655.1,JAKIYH010000250.1,fadD,254,9.218e-74,0.337
FW_AS_rep_2,GCA_022708655.1,JAKIYH010000006.1,cazy_GH10,270,1.259e-81,0.437
FW_AS_rep_2,GCA_022708655.1,JAKIYH010000680.1,bcd,45,5.589e-8,0.378
FW_AS_rep_2,GCA_022708655.1,JAKIYH010000252.1,rnfB,41,6.178e-8,0.322
FW_AS_rep_2,GCA_022708655.1,JAKIYH010000290.1,fadB,85,3.232e-21,0.299
FW_AS_rep_2,GCA_022708655.1,JAKIYH010000027.1,bcd,61,5.244e-13,0.4
FW_AS_rep_2,GCA_022708655.1,JAKIYH010000246.1,fadA,318,3.797e-98,0.477
FW_AS_rep_2,GCA_022708655.1,JAKIYH010000011.1,hydA,42,6.315e-8,0.293
FW_AS_rep_2,GCA_022708655.1,JAKIYH010000250.1,acs,61,1.328e-11,0.226
FW_AS_rep_2,GCA_022708655.1,JAKIYH010000033.1,cazy_GH13,144,1.943e-37,0.31
FW_AS_rep_2,GCA_022708655.1,JAKIYH010000187.1,susD,100,9.909e-24,0.255
FW_AS_rep_2,GCA_022708655.1,JAKIYH010000104.1,adh,41,3.394e-6,0.261
FW_AS_rep_2,GCA_022708655.1,JAKIYH010000078.1,mmcE,147,6.913e-39,0.26
FW_AS_rep_2,GCA_022708655.1,JAKIYH010000169.1,etfA,128,3.254e-35,0.352
FW_AS_rep_2,GCA_022708655.1,JAKIYH010000252.1,frhB,42,4.489e-8,0.408
FW_AS_rep_2,GCA_022708655.1,JAKIYH010000290.1,crt,138,1.515e-39,0.416
FW_AS_rep_2,GCA_022708655.1,JAKIYH010000018.1,agl,44,1.912e-6,0.409
FW_AS_rep_2,GCA_022708655.1,JAKIYH010000018.1,cazy_GH13,48,1.585e-7,0.449
FW_AS_rep_2,GCA_022708655.1,JAKIYH010000023.1,adhE,118,2.036e-30,0.306
FW_AS_rep_2,GCA_022708655.1,JAKIYH010000020.1,mmcG,95,1.442e-25,0.38
FW_AS_rep_2,GCA_022708655.1,JAKIYH010000240.1,fadD,201,5.12e-56,0.312
FW_AS_rep_2,GCA_022708655.1,JAKIYH010000002.1,cazy_GH5,62,2.888e-12,0.239
FW_AS_rep_2,GCA_022708655.1,JAKIYH010000104.1,esterase,180,3.282e-49,0.453
FW_AS_rep_2,GCA_022708655.1,JAKIYH010000004.1,susD,89,2.729e-20,0.245
FW_AS_rep_2,GCA_022708655.1,JAKIYH010000015.1,cazy_CBM6,72,3.031e-15,0.416
FW_AS_rep_2,GCA_022708655.1,JAKIYH010000045.1,frhG,48,4.185e-8,0.487
FW_AS_rep_2,GCA_022708655.1,JAKIYH010000049.1,pfkA,262,1.575e-77,0.471
FW_AS_rep_2,GCA_022708655.1,JAKIYH010000006.1,frhG,43,3.018e-6,0.431
FW_AS_rep_2,GCA_022708655.1,JAKIYH010000012.1,cazy_GH43,94,6.983e-22,0.311
FW_AS_rep_2,GCA_022708655.1,JAKIYH010000004.1,cazy_GH43,99,2.066e-23,0.308
FW_AS_rep_2,GCA_022708655.1,JAKIYH010000442.1,hbd,91,4.031e-23,0.348
FW_AS_rep_2,GCA_022708655.1,JAKIYH010000240.1,acs,65,4.662e-13,0.221
FW_AS_rep_2,GCA_022708655.1,JAKIYH010000018.1,cazy_GH5,87,7.742e-20,0.312
FW_AS_rep_2,GCA_022708655.1,JAKIYH010000011.1,fadD,196,3.255e-54,0.296
FW_AS_rep_2,GCA_022708655.1,JAKIYH010000086.1,mdh,147,9.051e-41,0.365
FW_AS_rep_2,GCA_022708655.1,JAKIYH010000069.1,pepD,177,3.085e-53,0.527
FW_AS_rep_2,GCA_022708655.1,JAKIYH010000145.1,gdh,535,4.149e-172,0.582
FW_AS_rep_2,GCA_022708655.1,JAKIYH010000313.1,extracellular_protease,102,2.939e-24,0.34
FW_AS_rep_2,GCA_022708655.1,JAKIYH010000200.1,cazy_GH10,201,1.801e-58,0.345
FW_AS_rep_2,GCA_022708655.1,JAKIYH010000009.1,cazy_GH10,207,3.629e-59,0.324
FW_AS_rep_2,GCA_022708655.1,JAKIYH010000246.1,crt,72,2.202e-18,0.454
FW_AS_rep_2,GCA_022708655.1,JAKIYH010000045.1,frhB,41,5.247e-6,0.4
FW_AS_rep_2,GCA_022708655.1,JAKIYH010000476.1,mvhG,46,1.61e-8,0.263
FW_AS_rep_2,GCA_022708655.1,JAKIYH010000210.1,pepT,53,9.371e-10,0.338
FW_AS_rep_2,GCA_022708655.1,JAKIYH010000246.1,fadE,107,1.108e-26,0.337
FW_AS_rep_2,GCA_022708655.1,JAKIYH010000004.1,susC,419,2.394e-123,0.313
FW_AS_rep_2,GCA_022708655.1,JAKIYH010000515.1,extracellular_protease,53,9.12e-10,0.434
FW_AS_rep_2,GCA_022708655.1,JAKIYH010000144.1,gapA,209,4.623e-65,0.71
FW_AS_rep_2,GCA_022708655.1,JAKIYH010000073.1,adhE,94,2.522e-22,0.262
FW_AS_rep_2,GCA_040766455.1,JAXGQL010000020.1,frhB,43,1.462e-7,0.346
FW_AS_rep_2,GCA_040766455.1,JAXGQL010000019.1,gdh,51,8.518e-9,0.454
FW_AS_rep_2,GCA_040766455.1,JAXGQL010000002.1,frhG,48,1.121e-7,0.415
FW_AS_rep_2,GCA_040766455.1,JAXGQL010000021.1,hydA,40,7.963e-7,0.425
FW_AS_rep_2,GCA_040766455.1,JAXGQL010000011.1,pta,226,6.275e-67,0.426
FW_AS_rep_2,GCA_040766455.1,JAXGQL010000014.1,adhE,128,1.255e-33,0.297
FW_AS_rep_2,GCA_040766455.1,JAXGQL010000014.1,frhB,50,1.167e-8,0.333
FW_AS_rep_2,GCA_040766455.1,JAXGQL010000002.1,gdh,476,1.605e-153,0.677
FW_AS_rep_2,GCA_040766455.1,JAXGQL010000014.1,hydA,48,4.726e-8,0.262
FW_AS_rep_2,GCA_040766455.1,JAXGQL010000030.1,extracellular_protease,153,6.215e-39,0.361
FW_AS_rep_2,GCA_040766455.1,JAXGQL010000028.1,agl,87,1.63e-19,0.239
FW_AS_rep_2,GCA_040766455.1,JAXGQL010000004.1,folD,235,4.788e-71,0.451
FW_AS_rep_2,GCA_040766455.1,JAXGQL010000022.1,frhG,42,8.422e-6,0.35
FW_AS_rep_2,GCA_040766455.1,JAXGQL010000006.1,thl,224,2.121e-68,0.534
FW_AS_rep_2,GCA_040766455.1,JAXGQL010000006.1,frhG,46,2.545e-9,0.276
FW_AS_rep_2,GCA_040766455.1,JAXGQL010000006.1,frhB,45,4.803e-9,0.333
FW_AS_rep_2,GCA_040766455.1,JAXGQL010000008.1,fumB,117,1.064e-30,0.319
FW_AS_rep_2,GCA_040766455.1,JAXGQL010000045.1,mmcE,208,6.45e-63,0.566
FW_AS_rep_2,GCA_040766455.1,JAXGQL010000017.1,adh,71,1.007e-15,0.273
FW_AS_rep_2,GCA_040766455.1,JAXGQL010000002.1,pepQ,136,4.764e-36,0.307
FW_AS_rep_2,GCA_040766455.1,JAXGQL010000005.1,rnfB,55,9.107e-10,0.431
FW_AS_rep_2,GCA_040766455.1,JAXGQL010000007.1,pta,136,5.657e-37,0.355
FW_AS_rep_2,GCA_040766455.1,JAXGQL010000020.1,frhG,50,5.49e-10,0.415
FW_AS_rep_2,GCA_040766455.1,JAXGQL010000018.1,hydA,42,5.35e-7,0.389
FW_AS_rep_2,GCA_040766455.1,JAXGQL010000014.1,pepN,147,1.943e-37,0.26
FW_AS_rep_2,GCA_040766455.1,JAXGQL010000001.1,rnfB,42,9.813e-6,0.306
FW_AS_rep_2,GCA_040766455.1,JAXGQL010000009.1,frhG,50,9.879e-9,0.4
FW_AS_rep_2,GCA_040766455.1,JAXGQL010000040.1,pepD,87,2.181e-20,0.268
FW_AS_rep_2,GCA_040766455.1,JAXGQL010000016.1,pgi,112,7.306e-28,0.308
FW_AS_rep_2,GCA_040766455.1,JAXGQL010000010.1,ackA,100,1.135e-24,0.277
FW_AS_rep_2,GCA_040766455.1,JAXGQL010000020.1,rnfB,46,1.228e-8,0.315
FW_AS_rep_2,GCA_040766455.1,JAXGQL010000028.1,cazy_GH13,141,5.312e-36,0.312
FW_AS_rep_2,GCA_040766455.1,JAXGQL010000011.1,pfkA,187,1.702e-53,0.365
FW_AS_rep_2,GCA_040766455.1,JAXGQL010000014.1,pfor,42,2.256e-6,0.306
FW_AS_rep_2,GCA_040766455.1,JAXGQL010000002.1,fdhA,55,5.317e-10,0.339
FW_AS_rep_2,GCA_040766455.1,JAXGQL010000002.1,frhB,48,8.693e-8,0.45
FW_AS_rep_2,GCA_040766455.1,JAXGQL010000006.1,fadA,141,8.088e-40,0.369
FW_AS_rep_2,GCA_040766455.1,JAXGQL010000008.1,cat,305,1.153e-96,0.686
FW_AS_rep_2,GCA_040766455.1,JAXGQL010000002.1,hydA,509,2.288e-160,0.453
FW_AS_rep_2,GCA_040766455.1,JAXGQL010000005.1,fdhA,81,1.98e-17,0.293
FW_AS_rep_2,GCA_040766455.1,JAXGQL010000018.1,frhG,42,3.955e-7,0.414
FW_AS_rep_2,GCA_040766455.1,JAXGQL010000005.1,hydA,77,3.115e-16,0.377
FW_AS_rep_2,GCA_040766455.1,JAXGQL010000040.1,pepT,213,2.75e-62,0.392
FW_AS_rep_2,GCA_040766455.1,JAXGQL010000009.1,gapA,353,4.129e-111,0.558
FW_AS_rep_2,GCA_040766455.1,JAXGQL010000014.1,etfA,251,1.086e-74,0.453
FW_AS_rep_2,GCA_040766455.1,JAXGQL010000014.1,frhG,54,9.4e-10,0.396
FW_AS_rep_2,GCA_040766455.1,JAXGQL010000012.1,etfA,100,2.486e-25,0.333
FW_AS_rep_2,GCA_040766455.1,JAXGQL010000021.1,mmcG,110,1.604e-30,0.411
FW_AS_rep_2,GCA_040766455.1,JAXGQL010000002.1,rnfB,52,7.027e-9,0.357
FW_AS_rep_2,GCA_040766455.1,JAXGQL010000012.1,pepA,334,6.871e-102,0.422
FW_AS_rep_2,GCA_040766455.1,JAXGQL010000012.1,etfB,151,1.271e-42,0.403
FW_AS_rep_2,GCA_040766455.1,JAXGQL010000026.1,pfor,1327,0.0,0.579
FW_AS_rep_2,GCA_040766455.1,JAXGQL010000003.1,extracellular_protease,147,1.162e-37,0.36
FW_AS_rep_2,GCA_040766455.1,JAXGQL010000017.1,extracellular_protease,102,8.813e-25,0.338
FW_AS_rep_2,GCA_040766455.1,JAXGQL010000021.1,extracellular_protease,117,2.106e-28,0.318
FW_AS_rep_2,GCA_040766455.1,JAXGQL010000009.1,frhB,42,3.562e-6,0.308
FW_AS_rep_2,GCA_040766455.1,JAXGQL010000001.1,sucD,58,5.925e-11,0.266
FW_AS_rep_2,GCA_963746195.1,CAVVAS010000005.1,thl,410,1.164e-129,0.573
FW_AS_rep_2,GCA_963746195.1,CAVVAS010000001.1,susD,93,7.915e-22,0.271
FW_AS_rep_2,GCA_963746195.1,CAVVAS010000008.1,bcd,154,1.28e-41,0.33
FW_AS_rep_2,GCA_963746195.1,CAVVAS010000005.1,pfkA,308,4.503e-96,0.516
FW_AS_rep_2,GCA_963746195.1,CAVVAS010000005.1,susC,449,4.012e-138,0.387
FW_AS_rep_2,GCA_963746195.1,CAVVAS010000007.1,pepN,209,6.168e-57,0.3
FW_AS_rep_2,GCA_963746195.1,CAVVAS010000001.1,susC,562,1.084e-172,0.37
FW_AS_rep_2,GCA_963746195.1,CAVVAS010000008.1,pepN,67,2.599e-13,0.243
FW_AS_rep_2,GCA_963746195.1,CAVVAS010000005.1,fadE,274,6.717e-83,0.417
FW_AS_rep_2,GCA_963746195.1,CAVVAS010000005.1,cazy_GH13,233,4.764e-67,0.407
FW_AS_rep_2,GCA_963746195.1,CAVVAS010000006.1,bcd,359,2.593e-112,0.481
FW_AS_rep_2,GCA_963746195.1,CAVVAS010000007.1,susD,139,3.634e-38,0.337
FW_AS_rep_2,GCA_963746195.1,CAVVAS010000005.1,mmcG,102,1.235e-27,0.433
FW_AS_rep_2,GCA_963746195.1,CAVVAS010000001.1,fadE,236,2.317e-67,0.384
FW_AS_rep_2,GCA_963746195.1,CAVVAS010000005.1,extracellular_protease,101,3.432e-24,0.269
FW_AS_rep_2,GCA_963746195.1,CAVVAS010000008.1,mmcE,478,2.451e-148,0.525
FW_AS_rep_2,GCA_963746195.1,CAVVAS010000001.1,extracellular_protease,143,8.501e-37,0.347
FW_AS_rep_2,GCA_963746195.1,CAVVAS010000005.1,susD,122,3.745e-33,0.376
FW_AS_rep_2,GCA_963746195.1,CAVVAS010000004.1,susC,646,8.226e-201,0.406
FW_AS_rep_2,GCA_963746195.1,CAVVAS010000001.1,bcd,231,6.963e-68,0.368
FW_AS_rep_2,GCA_963746195.1,CAVVAS010000005.1,dtpT,422,2.187e-132,0.484
FW_AS_rep_2,GCA_963746195.1,CAVVAS010000004.1,susD,77,1.702e-16,0.331
FW_AS_rep_2,GCA_963746195.1,CAVVAS010000005.1,etfA,191,1.651e-55,0.381
FW_AS_rep_2,GCA_963746195.1,CAVVAS010000005.1,ilvE,83,3.111e-20,0.34
FW_AS_rep_2,GCA_963746195.1,CAVVAS010000005.1,acylglycerol_lipase,48,1.826e-8,0.275
FW_AS_rep_2,GCA_963746195.1,CAVVAS010000007.1,oppB,141,8.314e-38,0.307
FW_AS_rep_2,GCA_963746195.1,CAVVAS010000001.1,hydA,72,1.308e-15,0.276
FW_AS_rep_2,GCA_963746195.1,CAVVAS010000006.1,fadE,259,6.071e-78,0.418
FW_AS_rep_2,GCA_963746195.1,CAVVAS010000006.1,gapA,287,4.678e-88,0.468
FW_AS_rep_2,GCA_963746195.1,CAVVAS010000005.1,fadD,266,2.727e-77,0.35
FW_AS_rep_2,GCA_963746195.1,CAVVAS010000005.1,glcP,206,4.18e-59,0.324
FW_AS_rep_2,GCA_963746195.1,CAVVAS010000001.1,mvhG,41,1.398e-6,0.454
FW_AS_rep_2,GCA_963746195.1,CAVVAS010000005.1,agl,170,2.641e-46,0.294
FW_AS_rep_2,GCA_963746195.1,CAVVAS010000005.1,pyk,149,2.391e-42,0.4
FW_AS_rep_2,GCA_963746195.1,CAVVAS010000007.1,fadD,247,1.314e-71,0.34
FW_AS_rep_2,GCA_963746195.1,CAVVAS010000007.1,oppA,113,1.004e-27,0.25
FW_AS_rep_2,GCA_963746195.1,CAVVAS010000005.1,pepQ,126,1.11e-32,0.285
FW_AS_rep_2,GCA_963746195.1,CAVVAS010000005.1,pfor,42,6.821e-6,0.33
FW_AS_rep_2,GCA_963746195.1,CAVVAS010000006.1,gdh,465,4.446e-147,0.524
FW_AS_rep_2,GCA_963746195.1,CAVVAS010000005.1,etfB,145,6.857e-41,0.368
FW_AS_rep_2,GCA_963746195.1,CAVVAS010000005.1,bcd,378,1.749e-118,0.529
FW_AS_rep_2,GCA_963746195.1,CAVVAS010000006.1,acs,753,7.199e-244,0.587
FW_AS_rep_2,GCA_963746195.1,CAVVAS010000001.1,endopeptidase,44,4.379e-6,0.279
FW_AS_rep_2,GCA_963746195.1,CAVVAS010000008.1,fadE,232,6.244e-68,0.43
FW_AS_rep_2,GCA_963746195.1,CAVVAS010000007.1,dppA,110,9.601e-27,0.221
FW_AS_rep_2,GCA_963746195.1,CAVVAS010000001.1,pepA,297,1.203e-90,0.442
FW_AS_rep_2,GCA_963746195.1,CAVVAS010000007.1,pepQ,101,2.226e-24,0.279
FW_AS_rep_2,GCA_963746195.1,CAVVAS010000007.1,acs,136,5.071e-35,0.274
FW_AS_rep_2,GCA_963746195.1,CAVVAS010000004.1,adh,94,1.517e-23,0.302
FW_AS_rep_2,GCA_963746195.1,CAVVAS010000006.1,endopeptidase,53,1.904e-9,0.217
FW_AS_rep_2,GCA_963746195.1,CAVVAS010000001.1,frhB,40,4.84e-6,0.27
FW_AS_rep_2,GCA_963746195.1,CAVVAS010000006.1,tdcB,226,1.863e-67,0.412
FW_AS_rep_2,GCA_963746195.1,CAVVAS010000006.1,fadD,117,5.687e-29,0.257
FW_AS_rep_2,GCA_963746195.1,CAVVAS010000005.1,hbd,244,5.935e-73,0.413
FW_AS_rep_2,GCA_963746195.1,CAVVAS010000003.1,ilvE,267,7.976e-81,0.42
FW_AS_rep_2,GCA_963746195.1,CAVVAS010000007.1,lipase,50,4.578e-8,0.442
FW_AS_rep_2,GCA_963746195.1,CAVVAS010000004.1,aldh,44,1.656e-6,0.219
FW_AS_rep_2,GCA_963746195.1,CAVVAS010000007.1,dppC,116,2.254e-29,0.293
FW_AS_rep_2,GCA_963746195.1,CAVVAS010000005.1,crt,164,2.594e-47,0.379
FW_AS_rep_2,GCA_963746195.1,CAVVAS010000005.1,fadB,169,1.993e-47,0.312
FW_AS_rep_2,GCA_963746195.1,CAVVAS010000001.1,frhG,43,3.369e-7,0.328
FW_AS_rep_2,GCA_963746195.1,CAVVAS010000005.1,pepT,68,3.398e-14,0.254
FW_AS_rep_2,GCA_963746195.1,CAVVAS010000007.1,susC,716,3.736e-224,0.417
FW_AS_rep_2,GCA_963746195.1,CAVVAS010000005.1,cazy_GH9,71,1.661e-14,0.328
FW_AS_rep_2,GCA_963746195.1,CAVVAS010000007.1,pepO,561,2.922e-177,0.447
FW_AS_rep_2,GCA_963746195.1,CAVVAS010000005.1,mmcE,300,1.083e-84,0.371
FW_AS_rep_2,GCA_963746195.1,CAVVAS010000007.1,dppB,122,5.546e-31,0.344
FW_AS_rep_2,GCA_963746195.1,CAVVAS010000004.1,cazy_GH13,74,2.887e-15,0.267
FW_AS_rep_2,GCA_963746195.1,CAVVAS010000005.1,sucD,328,4.088e-103,0.586
FW_AS_rep_2,GCA_963746195.1,CAVVAS010000005.1,pepN,48,9.01e-8,0.233
FW_AS_rep_2,GCA_963746195.1,CAVVAS010000008.1,mmcF,121,4.25e-30,0.461
FW_AS_rep_2,GCA_963746195.1,CAVVAS010000005.1,fadA,325,2.83e-100,0.482
FW_AS_rep_2,GCA_963746195.1,CAVVAS010000003.1,susC,44,3.602e-6,0.262
FW_AS_rep_2,GCA_001896575.1,MPOV01000037.1,pepQ,191,1.902e-52,0.332
FW_AS_rep_2,GCA_001896575.1,MPOV01000132.1,tdcB,81,3.661e-18,0.266
FW_AS_rep_2,GCA_001896575.1,MPOV01000139.1,susC,168,2.312e-46,0.302
FW_AS_rep_2,GCA_001896575.1,MPOV01000037.1,endopeptidase,64,4.249e-14,0.392
FW_AS_rep_2,GCA_001896575.1,MPOV01000068.1,hydA,42,1.983e-6,0.404
FW_AS_rep_2,GCA_001896575.1,MPOV01000095.1,hydA,42,3.124e-6,0.313
FW_AS_rep_2,GCA_001896575.1,MPOV01000186.1,mdh,143,3.108e-39,0.35
FW_AS_rep_2,GCA_001896575.1,MPOV01000064.1,etfA,204,8.284e-60,0.378
FW_AS_rep_2,GCA_001896575.1,MPOV01000040.1,pfor,64,4.59e-13,0.246
FW_AS_rep_2,GCA_001896575.1,MPOV01000163.1,pfor,50,5.299e-9,0.303
FW_AS_rep_2,GCA_001896575.1,MPOV01000157.1,mmcE,524,2.032e-163,0.449
FW_AS_rep_2,GCA_001896575.1,MPOV01000008.1,susC,498,2.844e-150,0.326
FW_AS_rep_2,GCA_001896575.1,MPOV01000079.1,acs,278,4.942e-81,0.357
FW_AS_rep_2,GCA_001896575.1,MPOV01000055.1,pfkA,205,3.371e-60,0.414
FW_AS_rep_2,GCA_001896575.1,MPOV01000032.1,susC,67,1.466e-13,0.226
FW_AS_rep_2,GCA_001896575.1,MPOV01000045.1,pyk,366,1.543e-112,0.449
FW_AS_rep_2,GCA_001896575.1,MPOV01000033.1,mmcG,115,3.381e-32,0.402
FW_AS_rep_2,GCA_001896575.1,MPOV01000126.1,eda,143,2.858e-40,0.342
FW_AS_rep_2,GCA_001896575.1,MPOV01000033.1,pfkA,278,2.112e-85,0.47
FW_AS_rep_2,GCA_001896575.1,MPOV01000064.1,bcd,169,1e-45,0.314
FW_AS_rep_2,GCA_001896575.1,MPOV01000099.1,fadB,107,3.561e-27,0.26
FW_AS_rep_2,GCA_001896575.1,MPOV01000120.1,susC,480,2.948e-144,0.332
FW_AS_rep_2,GCA_001896575.1,MPOV01000048.1,pepQ,64,1.253e-13,0.287
FW_AS_rep_2,GCA_001896575.1,MPOV01000026.1,susD,154,8.902e-41,0.301
FW_AS_rep_2,GCA_001896575.1,MPOV01000016.1,pepD,511,3.753e-163,0.544
FW_AS_rep_2,GCA_001896575.1,MPOV01000066.1,susC,601,1.441e-185,0.368
FW_AS_rep_2,GCA_001896575.1,MPOV01000063.1,susC,554,6.123e-168,0.356
FW_AS_rep_2,GCA_001896575.1,MPOV01000176.1,fhs,348,1.358e-110,0.61
FW_AS_rep_2,GCA_001896575.1,MPOV01000044.1,esterase,44,8.049e-7,0.302
FW_AS_rep_2,GCA_001896575.1,MPOV01000115.1,fumB,739,1.295e-240,0.658
FW_AS_rep_2,GCA_001896575.1,MPOV01000099.1,pepD,472,1.653e-149,0.488
FW_AS_rep_2,GCA_001896575.1,MPOV01000147.1,agl,45,6.685e-7,0.288
FW_AS_rep_2,GCA_001896575.1,MPOV01000157.1,cazy_GH13,45,8.432e-7,0.288
FW_AS_rep_2,GCA_001896575.1,MPOV01000154.1,fhs,327,8.186e-103,0.525
FW_AS_rep_2,GCA_001896575.1,MPOV01000095.1,frhB,49,1.066e-8,0.322
FW_AS_rep_2,GCA_001896575.1,MPOV01000053.1,gdh,53,1.209e-9,0.538
FW_AS_rep_2,GCA_001896575.1,MPOV01000095.1,pfkA,90,1.332e-20,0.278
FW_AS_rep_2,GCA_001896575.1,MPOV01000161.1,adh,81,4.33e-19,0.299
FW_AS_rep_2,GCA_001896575.1,MPOV01000107.1,edd,205,1.758e-57,0.308
FW_AS_rep_2,GCA_001896575.1,MPOV01000040.1,frhB,40,3.643e-7,0.362
FW_AS_rep_2,GCA_001896575.1,MPOV01000120.1,susD,163,8.982e-44,0.299
FW_AS_rep_2,GCA_001896575.1,MPOV01000063.1,ilvE,250,3.012e-75,0.418
FW_AS_rep_2,GCA_001896575.1,MPOV01000066.1,susD,104,6.786e-25,0.269
FW_AS_rep_2,GCA_001896575.1,MPOV01000041.1,cazy_GH9,146,1.646e-37,0.27
FW_AS_rep_2,GCA_001896575.1,MPOV01000147.1,rnfB,43,6.837e-9,0.327
FW_AS_rep_2,GCA_001896575.1,MPOV01000053.1,fadD,174,1.006e-47,0.304
FW_AS_rep_2,GCA_001896575.1,MPOV01000099.1,hbd,162,8.82e-46,0.328
FW_AS_rep_2,GCA_001896575.1,MPOV01000054.1,susD,162,1.598e-43,0.311
FW_AS_rep_2,GCA_001896575.1,MPOV01000099.1,pta,234,9.031e-70,0.415
FW_AS_rep_2,GCA_001896575.1,MPOV01000063.1,susD,162,2.432e-43,0.301
FW_AS_rep_2,GCA_001896575.1,MPOV01000053.1,acs,196,6.416e-55,0.295
FW_AS_rep_2,GCA_001896575.1,MPOV01000064.1,fadE,163,1.111e-43,0.328
FW_AS_rep_2,GCA_001896575.1,MPOV01000157.1,mmcF,128,4.421e-32,0.515
FW_AS_rep_2,GCA_001896575.1,MPOV01000045.1,susC,541,4.705e-164,0.372
FW_AS_rep_2,GCA_001896575.1,MPOV01000099.1,ackA,441,6.705e-140,0.568
FW_AS_rep_2,GCA_001896575.1,MPOV01000074.1,dtpT,192,1.524e-52,0.285
FW_AS_rep_2,GCA_001896575.1,MPOV01000100.1,hydA,512,1.744e-161,0.457
FW_AS_rep_2,GCA_001896575.1,MPOV01000063.1,cazy_GH10,100,5.389e-24,0.28
FW_AS_rep_2,GCA_001896575.1,MPOV01000177.1,folD,325,4.453e-102,0.597
FW_AS_rep_2,GCA_001896575.1,MPOV01000108.1,pepD,193,2.361e-57,0.473
FW_AS_rep_2,GCA_001896575.1,MPOV01000026.1,susC,579,1.3e-176,0.372
FW_AS_rep_2,GCA_001896575.1,MPOV01000147.1,frhB,42,2.462e-8,0.387
FW_AS_rep_2,GCA_001896575.1,MPOV01000049.1,susD,68,1.145e-13,0.275
FW_AS_rep_2,GCA_001896575.1,MPOV01000064.1,etfB,113,1.828e-29,0.34
FW_AS_rep_2,GCA_001896575.1,MPOV01000066.1,agl,83,2.712e-18,0.277
FW_AS_rep_2,GCA_001896575.1,MPOV01000045.1,susD,102,2.439e-24,0.312
FW_AS_rep_2,GCA_001896575.1,MPOV01000135.1,pepT,252,3.17e-75,0.41
FW_AS_rep_2,GCA_001896575.1,MPOV01000049.1,susC,484,2.732e-144,0.342
FW_AS_rep_2,GCA_001896575.1,MPOV01000005.1,susD,86,1.239e-19,0.283
FW_AS_rep_2,GCA_001896575.1,MPOV01000079.1,fadD,143,7.192e-37,0.278
FW_AS_rep_2,GCA_001896575.1,MPOV01000005.1,susC,428,8.375e-125,0.296
FW_AS_rep_2,GCA_001896575.1,MPOV01000139.1,susD,83,2.084e-18,0.287
FW_AS_rep_2,GCA_001896575.1,MPOV01000095.1,rnfB,91,3.502e-22,0.311
FW_AS_rep_2,GCA_001896575.1,MPOV01000084.1,glcP,200,1.327e-56,0.31
FW_AS_rep_2,GCA_001896575.1,MPOV01000156.1,susD,79,3.775e-17,0.312
FW_AS_rep_2,GCA_001896575.1,MPOV01000147.1,gapA,466,2.565e-150,0.678
FW_AS_rep_2,GCA_001896575.1,MPOV01000147.1,hydA,41,3.391e-8,0.428
FW_AS_rep_2,GCA_001896575.1,MPOV01000040.1,hydA,46,1.637e-9,0.322
FW_AS_rep_2,GCA_001896575.1,MPOV01000068.1,fdhA,214,1.224e-58,0.265
FW_AS_rep_2,GCA_001896575.1,MPOV01000147.1,fadD,231,2.755e-66,0.347
FW_AS_rep_2,GCA_001896575.1,MPOV01000054.1,susC,689,1.086e-214,0.4
FW_AS_rep_2,GCA_001896575.1,MPOV01000101.1,endopeptidase,170,3.281e-49,0.409
FW_AS_rep_2,GCA_001896575.1,MPOV01000186.1,esterase,222,1.632e-63,0.34
FW_AS_rep_2,GCA_001896575.1,MPOV01000016.1,pepT,80,1.113e-17,0.29
FW_AS_rep_2,GCA_001896575.1,MPOV01000100.1,fdhA,48,1.01e-7,0.369
FW_AS_rep_2,GCA_001896575.1,MPOV01000092.1,susC,311,1.044e-90,0.356
FW_AS_rep_2,GCA_001896575.1,MPOV01000095.1,pepO,613,1.231e-194,0.47
FW_AS_rep_2,GCA_001896575.1,MPOV01000041.1,susC,354,1.19e-102,0.29
FW_AS_rep_2,GCA_001896575.1,MPOV01000087.1,gdh,521,3.39e-167,0.571
FW_AS_rep_2,GCA_001896575.1,MPOV01000095.1,frhG,47,5.885e-8,0.392
FW_AS_rep_2,GCA_001896575.1,MPOV01000112.1,pfor,1402,0.0,0.607
FW_AS_rep_2,GCA_001896575.1,MPOV01000066.1,cazy_GH13,132,2.098e-33,0.321
FW_AS_rep_2,GCA_001896575.1,MPOV01000156.1,susC,542,5.367e-165,0.356
FW_AS_rep_2,GCA_001896575.1,MPOV01000141.1,pgi,98,1.434e-23,0.288
FW_AS_rep_2,GCA_029554505.1,JAKPJA010000230.1,endopeptidase,279,1.913e-83,0.485
FW_AS_rep_2,GCA_029554505.1,JAKPJA010000078.1,acs,253,2.022e-73,0.325
FW_AS_rep_2,GCA_029554505.1,JAKPJA010000224.1,ilvE,236,1.342e-70,0.444
FW_AS_rep_2,GCA_029554505.1,JAKPJA010000459.1,extracellular_protease,65,2.883e-13,0.291
FW_AS_rep_2,GCA_029554505.1,JAKPJA010000423.1,etfA,156,7.996e-46,0.468
FW_AS_rep_2,GCA_029554505.1,JAKPJA010000152.1,pepQ,198,5.513e-55,0.344
FW_AS_rep_2,GCA_029554505.1,JAKPJA010000124.1,pepT,197,4.798e-57,0.391
FW_AS_rep_2,GCA_029554505.1,JAKPJA010000231.1,ackA,303,2.46e-94,0.55
FW_AS_rep_2,GCA_029554505.1,JAKPJA010000145.1,adh,68,1.626e-15,0.32
FW_AS_rep_2,GCA_029554505.1,JAKPJA010000137.1,dppB,76,5.858e-20,0.428
FW_AS_rep_2,GCA_029554505.1,JAKPJA010000137.1,dppC,171,3.394e-46,0.372
FW_AS_rep_2,GCA_029554505.1,JAKPJA010000022.1,fadD,207,8.809e-58,0.317
FW_AS_rep_2,GCA_029554505.1,JAKPJA010000089.1,frhB,45,5.429e-7,0.477
FW_AS_rep_2,GCA_029554505.1,JAKPJA010000079.1,xylB,152,2.017e-40,0.306
FW_AS_rep_2,GCA_029554505.1,JAKPJA010000305.1,dppC,227,5.979e-65,0.509
FW_AS_rep_2,GCA_029554505.1,JAKPJA010000367.1,dppA,297,3.343e-88,0.349
FW_AS_rep_2,GCA_029554505.1,JAKPJA010000452.1,pepT,56,3.214e-13,0.492
FW_AS_rep_2,GCA_029554505.1,JAKPJA010000110.1,acylglycerol_lipase,136,4.167e-37,0.325
FW_AS_rep_2,GCA_029554505.1,JAKPJA010000047.1,frhG,43,1.308e-8,0.423
FW_AS_rep_2,GCA_029554505.1,JAKPJA010000305.1,dppB,290,1.322e-89,0.516
FW_AS_rep_2,GCA_029554505.1,JAKPJA010000047.1,fdhA,53,2.109e-9,0.53
FW_AS_rep_2,GCA_029554505.1,JAKPJA010000282.1,acs,69,5.882e-15,0.376
FW_AS_rep_2,GCA_029554505.1,JAKPJA010000465.1,esterase,42,2.82e-6,0.274
FW_AS_rep_2,GCA_029554505.1,JAKPJA010000138.1,oppB,172,3.448e-49,0.385
FW_AS_rep_2,GCA_029554505.1,JAKPJA010000078.1,fadD,145,6.748e-38,0.287
FW_AS_rep_2,GCA_029554505.1,JAKPJA010000086.1,pepT,193,6.043e-56,0.408
FW_AS_rep_2,GCA_029554505.1,JAKPJA010000035.1,rnfB,93,7.535e-23,0.286
FW_AS_rep_2,GCA_029554505.1,JAKPJA010000442.1,xylF,189,3.744e-54,0.35
FW_AS_rep_2,GCA_029554505.1,JAKPJA010000137.1,oppB,198,6.148e-55,0.441
FW_AS_rep_2,GCA_029554505.1,JAKPJA010000123.1,frhG,41,1.295e-7,0.463
FW_AS_rep_2,GCA_029554505.1,JAKPJA010000408.1,acs,85,7.523e-19,0.226
FW_AS_rep_2,GCA_029554505.1,JAKPJA010000016.1,frhB,43,9.384e-7,0.375
FW_AS_rep_2,GCA_029554505.1,JAKPJA010000297.1,endopeptidase,169,2.335e-50,0.508
FW_AS_rep_2,GCA_029554505.1,JAKPJA010000289.1,pepQ,64,1.836e-13,0.323
FW_AS_rep_2,GCA_029554505.1,JAKPJA010000138.1,dppB,178,2.393e-51,0.368
FW_AS_rep_2,GCA_029554505.1,JAKPJA010000487.1,tdcB,70,4.83e-15,0.289
FW_AS_rep_2,GCA_029554505.1,JAKPJA010000489.1,fadD,238,3.668e-68,0.337
FW_AS_rep_2,GCA_029554505.1,JAKPJA010000078.1,fdhA,196,1.771e-54,0.307
FW_AS_rep_2,GCA_029554505.1,JAKPJA010000389.1,pepD,77,3.899e-20,0.404
FW_AS_rep_2,GCA_029554505.1,JAKPJA010000363.1,pfor,44,3.079e-7,0.268
FW_AS_rep_2,GCA_029554505.1,JAKPJA010000202.1,rnfB,44,9.606e-7,0.383
FW_AS_rep_2,GCA_029554505.1,JAKPJA010000110.1,lysophospholipase,60,6.985e-12,0.256
FW_AS_rep_2,GCA_029554505.1,JAKPJA010000074.1,edd,286,1.148e-84,0.374
FW_AS_rep_2,GCA_029554505.1,JAKPJA010000047.1,rnfB,42,2.477e-8,0.369
FW_AS_rep_2,GCA_029554505.1,JAKPJA010000408.1,fadD,253,6.469e-73,0.351
FW_AS_rep_2,GCA_029554505.1,JAKPJA010000385.1,pfor,1307,0.0,0.57
FW_AS_rep_2,GCA_029554505.1,JAKPJA010000197.1,frhB,43,1.425e-6,0.425
FW_AS_rep_2,GCA_029554505.1,JAKPJA010000341.1,acs,42,3.429e-6,0.292
FW_AS_rep_2,GCA_029554505.1,JAKPJA010000227.1,pta,213,6.011e-63,0.451
FW_AS_rep_2,GCA_029554505.1,JAKPJA010000231.1,pfor,158,1.252e-43,0.324
FW_AS_rep_2,GCA_029554505.1,JAKPJA010000168.1,fadD,151,2.226e-39,0.296
FW_AS_rep_2,GCA_029554505.1,JAKPJA010000197.1,hydA,48,4.763e-8,0.337
FW_AS_rep_2,GCA_029554505.1,JAKPJA010000231.1,rnfB,47,6.231e-9,0.362
FW_AS_rep_2,GCA_029554505.1,JAKPJA010000078.1,lctB,137,5.123e-36,0.288
FW_AS_rep_2,GCA_029554505.1,JAKPJA010000231.1,frhB,40,8.845e-7,0.234
FW_AS_rep_2,GCA_029554505.1,JAKPJA010000079.1,xylA,482,2.67e-153,0.547
FW_AS_rep_2,GCA_029554505.1,JAKPJA010000132.1,gapA,354,1.642e-111,0.549
FW_AS_rep_2,GCA_029554505.1,JAKPJA010000180.1,pepD,324,3.642e-101,0.488
FW_AS_rep_2,GCA_029554505.1,JAKPJA010000164.1,fwdA,45,5.181e-7,0.428
FW_AS_rep_2,GCA_029554505.1,JAKPJA010000168.1,acs,674,1.129e-215,0.532
FW_AS_rep_2,GCA_029554505.1,JAKPJA010000022.1,acs,62,4.586e-12,0.221
FW_AS_rep_2,GCA_029554505.1,JAKPJA010000198.1,pfkA,57,5.625e-11,0.271
FW_AS_rep_2,GCA_029554505.1,JAKPJA010000367.1,oppA,411,3.783e-127,0.441
FW_AS_rep_2,GCA_029554505.1,JAKPJA010000436.1,pfkA,77,4.427e-18,0.302
FW_AS_rep_2,GCA_029554505.1,JAKPJA010000064.1,ilvE,66,2.861e-14,0.285
FW_AS_rep_2,GCA_029554505.1,JAKPJA010000035.1,hydA,46,1.109e-7,0.318
FW_AS_rep_2,GCA_029554505.1,JAKPJA010000062.1,pfkA,81,2.07e-19,0.307
FW_AS_rep_2,GCA_029554505.1,JAKPJA010000049.1,eda,203,1.507e-61,0.538
FW_AS_rep_2,GCA_029554505.1,JAKPJA010000305.1,oppB,301,2.029e-93,0.521
FW_AS_rep_2,GCA_029554505.1,JAKPJA010000483.1,xylF,70,4.594e-15,0.306
FW_AS_rep_2,GCA_029554505.1,JAKPJA010000123.1,hydA,48,5.799e-10,0.44
FW_AS_rep_2,GCA_029554505.1,JAKPJA010000385.1,gdh,511,3.067e-163,0.586
FW_AS_rep_2,GCA_029554505.1,JAKPJA010000018.1,cazy_GH13,114,7.143e-28,0.298
FW_AS_rep_2,GCA_029554505.1,JAKPJA010000164.1,pfkA,90,5.289e-21,0.249
FW_AS_rep_2,GCA_029554505.1,JAKPJA010000047.1,hydA,490,6.458e-154,0.434
FW_AS_rep_2,GCA_029554505.1,JAKPJA010000429.1,ackA,403,1.953e-126,0.529
FW_AS_rep_2,GCA_029554505.1,JAKPJA010000368.1,adh,66,3.874e-14,0.314
FW_AS_rep_2,GCA_029554505.1,JAKPJA010000317.1,fumB,117,6.713e-32,0.416
FW_AS_rep_2,GCA_029554505.1,JAKPJA010000436.1,pgi,356,3.716e-109,0.422
FW_AS_rep_2,GCA_029554505.1,JAKPJA010000197.1,frhG,42,2.508e-6,0.345
FW_AS_rep_2,GCA_029554505.1,JAKPJA010000068.1,folD,312,2.494e-97,0.565
FW_AS_rep_2,GCA_029554505.1,JAKPJA010000293.1,pfkA,113,1.341e-29,0.4
FW_AS_rep_2,GCA_029554505.1,JAKPJA010000018.1,agl,78,1.027e-16,0.236
FW_AS_rep_2,GCA_029554505.1,JAKPJA010000078.1,thl,52,2.573e-9,0.234
FW_AS_rep_2,GCA_029554505.1,JAKPJA010000341.1,fadD,196,1.976e-55,0.346
FW_AS_rep_2,GCA_029554505.1,JAKPJA010000414.1,bgl,338,2.252e-104,0.431
FW_AS_rep_2,GCA_050949945.1,JBMNGR010000002.1,hydA,41,2.354e-7,0.338
FW_AS_rep_2,GCA_050949945.1,JBMNGR010000006.1,hydA,47,6.714e-10,0.369
FW_AS_rep_2,GCA_050949945.1,JBMNGR010000004.1,dppA,93,2.141e-21,0.256
FW_AS_rep_2,GCA_050949945.1,JBMNGR010000008.1,ackA,409,1.467e-129,0.523
FW_AS_rep_2,GCA_050949945.1,JBMNGR010000006.1,etfA,194,2.421e-56,0.397
FW_AS_rep_2,GCA_050949945.1,JBMNGR010000002.1,fadD,198,1.7e-55,0.322
FW_AS_rep_2,GCA_050949945.1,JBMNGR010000006.1,pfor,1459,0.0,0.627
FW_AS_rep_2,GCA_050949945.1,JBMNGR010000003.1,acs,126,4.307e-32,0.269
FW_AS_rep_2,GCA_050949945.1,JBMNGR010000002.1,adhE,79,3.111e-17,0.236
FW_AS_rep_2,GCA_050949945.1,JBMNGR010000003.1,mmcE,352,1.845e-112,0.729
FW_AS_rep_2,GCA_050949945.1,JBMNGR010000006.1,grdA,137,1.479e-40,0.63
FW_AS_rep_2,GCA_050949945.1,JBMNGR010000006.1,acs,139,3.468e-35,0.271
FW_AS_rep_2,GCA_050949945.1,JBMNGR010000004.1,hydA,40,8.141e-6,0.415
FW_AS_rep_2,GCA_050949945.1,JBMNGR010000004.1,dppC,153,1.052e-41,0.409
FW_AS_rep_2,GCA_050949945.1,JBMNGR010000004.1,oppB,175,8.986e-50,0.36
FW_AS_rep_2,GCA_050949945.1,JBMNGR010000002.1,esterase,50,6.963e-9,0.263
FW_AS_rep_2,GCA_050949945.1,JBMNGR010000005.1,cdhC,41,4.864e-6,0.392
FW_AS_rep_2,GCA_050949945.1,JBMNGR010000005.1,hydA,469,1.015e-146,0.434
FW_AS_rep_2,GCA_050949945.1,JBMNGR010000005.1,acs,146,1.264e-38,0.31
FW_AS_rep_2,GCA_050949945.1,JBMNGR010000001.1,hydA,57,1.597e-11,0.359
FW_AS_rep_2,GCA_050949945.1,JBMNGR010000005.1,fadD,160,2.061e-43,0.286
FW_AS_rep_2,GCA_050949945.1,JBMNGR010000005.1,frhG,55,1.212e-10,0.489
FW_AS_rep_2,GCA_050949945.1,JBMNGR010000005.1,tdcB,65,2.719e-13,0.289
FW_AS_rep_2,GCA_050949945.1,JBMNGR010000007.1,fumB,129,1.52e-36,0.463
FW_AS_rep_2,GCA_050949945.1,JBMNGR010000009.1,fumB,129,1.52e-36,0.463
FW_AS_rep_2,GCA_050949945.1,JBMNGR010000005.1,adhE,142,4.362e-38,0.28
FW_AS_rep_2,GCA_050949945.1,JBMNGR010000008.1,hydA,46,1.746e-9,0.407
FW_AS_rep_2,GCA_050949945.1,JBMNGR010000006.1,prdA,80,8.564e-18,0.256
FW_AS_rep_2,GCA_050949945.1,JBMNGR010000008.1,gapA,354,2.546e-111,0.544
FW_AS_rep_2,GCA_050949945.1,JBMNGR010000006.1,pta,131,3.237e-35,0.371
FW_AS_rep_2,GCA_050949945.1,JBMNGR010000004.1,rnfB,41,4.608e-6,0.384
FW_AS_rep_2,GCA_050949945.1,JBMNGR010000005.1,frhB,50,6.845e-9,0.476
FW_AS_rep_2,GCA_050949945.1,JBMNGR010000006.1,frhG,40,1.512e-7,0.338
FW_AS_rep_2,GCA_050949945.1,JBMNGR010000004.1,aldh,508,8.542e-162,0.518
FW_AS_rep_2,GCA_050949945.1,JBMNGR010000003.1,rnfB,48,9.453e-10,0.38
FW_AS_rep_2,GCA_050949945.1,JBMNGR010000003.1,fadD,192,1.747e-53,0.304
FW_AS_rep_2,GCA_050949945.1,JBMNGR010000004.1,ackA,65,3.351e-14,0.336
FW_AS_rep_2,GCA_050949945.1,JBMNGR010000004.1,dppB,193,5.85e-56,0.374
FW_AS_rep_2,GCA_050949945.1,JBMNGR010000006.1,pepQ,121,1.422e-31,0.278
FW_AS_rep_2,GCA_050949945.1,JBMNGR010000006.1,grdB,591,1.896e-191,0.685
FW_AS_rep_2,GCA_050949945.1,JBMNGR010000008.1,rnfB,40,7.636e-6,0.301
FW_AS_rep_2,GCA_050949945.1,JBMNGR010000006.1,rnfB,42,2.977e-6,0.255
FW_AS_rep_2,GCA_050949945.1,JBMNGR010000004.1,oppA,82,4.062e-18,0.248
FW_AS_rep_2,GCA_050949945.1,JBMNGR010000002.1,frhG,44,3.573e-8,0.333
FW_AS_rep_2,GCA_050949945.1,JBMNGR010000006.1,edd,268,1.173e-78,0.339
FW_AS_rep_2,GCA_050949945.1,JBMNGR010000008.1,pfor,48,4.428e-8,0.348
FW_AS_rep_2,GCA_050949945.1,JBMNGR010000008.1,pgi,84,5.696e-19,0.273
FW_AS_rep_2,GCA_050949945.1,JBMNGR010000006.1,etfB,137,7.807e-38,0.367
FW_AS_rep_2,GCA_050949945.1,JBMNGR010000005.1,rnfB,99,5.406e-25,0.358
FW_AS_rep_2,GCA_050949945.1,JBMNGR010000008.1,frhB,40,2.859e-7,0.333
FW_AS_rep_2,GCA_050949945.1,JBMNGR010000005.1,pfor,41,7.194e-6,0.348
FW_AS_rep_2,GCA_050949945.1,JBMNGR010000006.1,gdh,409,6.821e-129,0.505
FW_AS_rep_2,GCA_050949945.1,JBMNGR010000006.1,fadD,190,6.349e-51,0.305
FW_AS_rep_2,GCA_050949945.1,JBMNGR010000001.1,tdcB,342,5.959e-106,0.475
FW_AS_rep_2,GCA_050949945.1,JBMNGR010000002.1,aldh,66,2.379e-13,0.24
FW_AS_rep_2,GCA_050949945.1,JBMNGR010000003.1,hydA,53,1.119e-11,0.367
FW_AS_rep_2,GCA_050949945.1,JBMNGR010000004.1,adhE,374,1.412e-115,0.453
FW_AS_rep_2,GCA_050949945.1,JBMNGR010000006.1,folD,223,5.163e-67,0.436
FW_AS_rep_2,GCA_050949945.1,JBMNGR010000003.1,frhB,49,1.939e-10,0.35
FW_AS_rep_2,GCA_050949945.1,JBMNGR010000005.1,fdhA,533,9.024e-170,0.514
FW_AS_rep_2,GCA_050949945.1,JBMNGR010000006.1,pepA,361,2.951e-111,0.484
FW_AS_rep_2,GCA_050949945.1,JBMNGR010000002.1,acs,130,4.05e-33,0.254
FW_AS_rep_2,GCA_050949945.1,JBMNGR010000001.1,frhB,46,7.971e-8,0.446
FW_AS_rep_2,GCA_024710025.1,JANJVN010000077.1,acs,171,2.46e-46,0.293
FW_AS_rep_2,GCA_024710025.1,JANJVN010000110.1,aldh,243,5.033e-71,0.366
FW_AS_rep_2,GCA_024710025.1,JANJVN010000273.1,lipase,81,6.209e-18,0.263
FW_AS_rep_2,GCA_024710025.1,JANJVN010000289.1,fadB,158,1.888e-44,0.341
FW_AS_rep_2,GCA_024710025.1,JANJVN010000487.1,mvhG,124,7.053e-32,0.297
FW_AS_rep_2,GCA_024710025.1,JANJVN010000416.1,gdh,574,3.666e-185,0.644
FW_AS_rep_2,GCA_024710025.1,JANJVN010000030.1,pfkA,123,1.2e-32,0.321
FW_AS_rep_2,GCA_024710025.1,JANJVN010000098.1,etfB,128,7.106e-35,0.328
FW_AS_rep_2,GCA_024710025.1,JANJVN010000129.1,frhB,44,1.284e-6,0.345
FW_AS_rep_2,GCA_024710025.1,JANJVN010000226.1,fadD,154,3.709e-40,0.3
FW_AS_rep_2,GCA_024710025.1,JANJVN010000149.1,pfor,42,4.768e-7,0.315
FW_AS_rep_2,GCA_024710025.1,JANJVN010000077.1,fadD,248,4.425e-72,0.354
FW_AS_rep_2,GCA_024710025.1,JANJVN010000129.1,rnfB,47,2.436e-7,0.316
FW_AS_rep_2,GCA_024710025.1,JANJVN010000393.1,fadA,314,1.886e-96,0.471
FW_AS_rep_2,GCA_024710025.1,JANJVN010000196.1,hydA,48,1.895e-8,0.363
FW_AS_rep_2,GCA_024710025.1,JANJVN010000395.1,frhB,48,5.423e-10,0.38
FW_AS_rep_2,GCA_024710025.1,JANJVN010000393.1,thl,400,4.072e-126,0.554
FW_AS_rep_2,GCA_024710025.1,JANJVN010000487.1,frhG,73,1.243e-15,0.31
FW_AS_rep_2,GCA_024710025.1,JANJVN010000322.1,hydA,499,2.728e-157,0.451
FW_AS_rep_2,GCA_024710025.1,JANJVN010000358.1,cazy_GH13,57,2.387e-10,0.232
FW_AS_rep_2,GCA_024710025.1,JANJVN010000395.1,hydA,44,2.418e-8,0.388
FW_AS_rep_2,GCA_024710025.1,JANJVN010000126.1,gapA,522,9.87e-170,0.762
FW_AS_rep_2,GCA_024710025.1,JANJVN010000196.1,frhG,47,5.989e-8,0.478
FW_AS_rep_2,GCA_024710025.1,JANJVN010000176.1,dppA,239,5.032e-69,0.323
FW_AS_rep_2,GCA_024710025.1,JANJVN010000299.1,pgi,690,3.057e-223,0.656
FW_AS_rep_2,GCA_024710025.1,JANJVN010000162.1,fadD,168,6.342e-44,0.318
FW_AS_rep_2,GCA_024710025.1,JANJVN010000351.1,agl,129,4.288e-33,0.28
FW_AS_rep_2,GCA_024710025.1,JANJVN010000191.1,frhG,48,1.474e-8,0.465
FW_AS_rep_2,GCA_024710025.1,JANJVN010000191.1,frhB,52,4.063e-10,0.27
FW_AS_rep_2,GCA_024710025.1,JANJVN010000187.1,extracellular_protease,191,4.228e-53,0.321
FW_AS_rep_2,GCA_024710025.1,JANJVN010000440.1,adhE,207,4.337e-60,0.362
FW_AS_rep_2,GCA_024710025.1,JANJVN010000005.1,agl,45,6.526e-7,0.268
FW_AS_rep_2,GCA_024710025.1,JANJVN010000248.1,pepQ,173,2.133e-49,0.359
FW_AS_rep_2,GCA_024710025.1,JANJVN010000190.1,extracellular_protease,144,7.009e-38,0.315
FW_AS_rep_2,GCA_024710025.1,JANJVN010000090.1,cazy_GH13,84,1.564e-18,0.285
FW_AS_rep_2,GCA_024710025.1,JANJVN010000326.1,frhB,48,1.834e-10,0.487
FW_AS_rep_2,GCA_024710025.1,JANJVN010000098.1,etfA,192,9.908e-55,0.358
FW_AS_rep_2,GCA_024710025.1,JANJVN010000298.1,ackA,89,5.619e-21,0.277
FW_AS_rep_2,GCA_024710025.1,JANJVN010000289.1,ackA,428,7.65e-136,0.57
FW_AS_rep_2,GCA_024710025.1,JANJVN010000033.1,pfkA,137,5.549e-36,0.306
FW_AS_rep_2,GCA_024710025.1,JANJVN010000232.1,frhB,42,5.194e-8,0.35
FW_AS_rep_2,GCA_024710025.1,JANJVN010000452.1,fdhA,53,3.285e-9,0.394
FW_AS_rep_2,GCA_024710025.1,JANJVN010000331.1,cazy_GH13,89,1.559e-20,0.359
FW_AS_rep_2,GCA_024710025.1,JANJVN010000007.1,frhG,42,8.757e-6,0.311
FW_AS_rep_2,GCA_024710025.1,JANJVN010000176.1,dppC,200,2.077e-59,0.436
FW_AS_rep_2,GCA_024710025.1,JANJVN010000326.1,frhG,44,2.372e-9,0.439
FW_AS_rep_2,GCA_024710025.1,JANJVN010000148.1,frhB,42,4.433e-6,0.434
FW_AS_rep_2,GCA_024710025.1,JANJVN010000116.1,gdh,67,8.853e-14,0.596
FW_AS_rep_2,GCA_024710025.1,JANJVN010000102.1,pyk,405,1.27e-125,0.468
FW_AS_rep_2,GCA_024710025.1,JANJVN010000190.1,pfor,1425,0.0,0.607
FW_AS_rep_2,GCA_024710025.1,JANJVN010000170.1,oppA,136,1.728e-34,0.27
FW_AS_rep_2,GCA_024710025.1,JANJVN010000265.1,adh,78,6.063e-18,0.336
FW_AS_rep_2,GCA_024710025.1,JANJVN010000226.1,acs,83,2.65e-18,0.257
FW_AS_rep_2,GCA_024710025.1,JANJVN010000306.1,cat,288,1.01e-90,0.666
FW_AS_rep_2,GCA_024710025.1,JANJVN010000326.1,etfA,226,7.465e-67,0.417
FW_AS_rep_2,GCA_024710025.1,JANJVN010000170.1,oppB,175,3.711e-48,0.427
FW_AS_rep_2,GCA_024710025.1,JANJVN010000350.1,frhG,46,1.572e-7,0.361
FW_AS_rep_2,GCA_024710025.1,JANJVN010000002.1,hydA,49,2.903e-8,0.379
FW_AS_rep_2,GCA_024710025.1,JANJVN010000176.1,dppB,283,3.437e-87,0.465
FW_AS_rep_2,GCA_024710025.1,JANJVN010000326.1,rnfB,43,8.539e-9,0.437
FW_AS_rep_2,GCA_024710025.1,JANJVN010000176.1,oppA,252,1.521e-73,0.322
FW_AS_rep_2,GCA_024710025.1,JANJVN010000176.1,oppB,237,2.074e-71,0.417
FW_AS_rep_2,GCA_024710025.1,JANJVN010000068.1,ackA,400,8.584e-126,0.522
FW_AS_rep_2,GCA_024710025.1,JANJVN010000489.1,ptsG,258,2.132e-78,0.474
FW_AS_rep_2,GCA_024710025.1,JANJVN010000129.1,frhG,50,2.654e-8,0.393
FW_AS_rep_2,GCA_024710025.1,JANJVN010000395.1,frhG,54,4.687e-12,0.384
FW_AS_rep_2,GCA_024710025.1,JANJVN010000298.1,pta,128,2.656e-34,0.327
FW_AS_rep_2,GCA_024710025.1,JANJVN010000034.1,folD,326,2.192e-102,0.578
FW_AS_rep_2,GCA_024710025.1,JANJVN010000354.1,cazy_GH13,68,1.103e-13,0.252
FW_AS_rep_2,GCA_024710025.1,JANJVN010000215.1,dppA,269,1.367e-78,0.34
FW_AS_rep_2,GCA_024710025.1,JANJVN010000302.1,pepQ,65,1.73e-13,0.267
FW_AS_rep_2,GCA_024710025.1,JANJVN010000322.1,pepD,425,8.088e-133,0.457
FW_AS_rep_2,GCA_024710025.1,JANJVN010000389.1,ptsG,178,4.67e-53,0.51
FW_AS_rep_2,GCA_024710025.1,JANJVN010000487.1,frhA,101,1.265e-24,0.303
FW_AS_rep_2,GCA_024710025.1,JANJVN010000002.1,frhB,52,3.061e-9,0.534
FW_AS_rep_2,GCA_024710025.1,JANJVN010000319.1,cazy_GH13,82,1.456e-18,0.297
FW_AS_rep_2,GCA_024710025.1,JANJVN010000070.1,hydA,96,5.675e-22,0.268
FW_AS_rep_2,GCA_024710025.1,JANJVN010000149.1,frhG,44,1.061e-7,0.338
FW_AS_rep_2,GCA_024710025.1,JANJVN010000424.1,sucD,98,6.558e-23,0.292
FW_AS_rep_2,GCA_024710025.1,JANJVN010000170.1,dppC,154,4.966e-41,0.384
FW_AS_rep_2,GCA_024710025.1,JANJVN010000197.1,pepQ,68,8.217e-15,0.258
FW_AS_rep_2,GCA_024710025.1,JANJVN010000438.1,pyk,402,8.289e-126,0.461
FW_AS_rep_2,GCA_024710025.1,JANJVN010000404.1,endopeptidase,237,1.305e-69,0.425
FW_AS_rep_2,GCA_024710025.1,JANJVN010000002.1,frhG,56,1.829e-10,0.265
FW_AS_rep_2,GCA_024710025.1,JANJVN010000452.1,frhG,47,2.604e-7,0.451
FW_AS_rep_2,GCA_024710025.1,JANJVN010000002.1,pfor,47,1.182e-7,0.376
FW_AS_rep_2,GCA_024710025.1,JANJVN010000452.1,hydA,468,3.986e-145,0.417
FW_AS_rep_2,GCA_024710025.1,JANJVN010000110.1,adhE,235,1.289e-68,0.358
FW_AS_rep_2,GCA_024710025.1,JANJVN010000326.1,bcd,376,2.629e-118,0.517
FW_AS_rep_2,GCA_024710025.1,JANJVN010000326.1,etfB,153,1.498e-43,0.368
FW_AS_rep_2,GCA_024710025.1,JANJVN010000215.1,oppA,269,1.367e-78,0.367
FW_AS_rep_2,GCA_024710025.1,JANJVN010000487.1,mvhA,135,9.595e-36,0.293
FW_AS_rep_2,GCA_024710025.1,JANJVN010000350.1,frhB,49,1.228e-8,0.305
FW_AS_rep_2,GCA_024710025.1,JANJVN010000035.1,hydA,145,2.391e-38,0.333
FW_AS_rep_2,GCA_024710025.1,JANJVN010000259.1,extracellular_protease,79,1.991e-17,0.29
FW_AS_rep_2,GCA_024710025.1,JANJVN010000129.1,hydA,54,8.252e-10,0.287
FW_AS_rep_2,GCA_024710025.1,JANJVN010000444.1,hydA,41,5.853e-6,0.285
FW_AS_rep_2,GCA_024710025.1,JANJVN010000190.1,hydA,44,7.11e-7,0.321
FW_AS_rep_2,GCA_024710025.1,JANJVN010000014.1,pepT,61,3.518e-12,0.281
FW_AS_rep_2,GCA_024710025.1,JANJVN010000322.1,pepT,65,5.294e-13,0.25
FW_AS_rep_2,GCA_024710025.1,JANJVN010000035.1,rnfB,47,1.914e-7,0.312
FW_AS_rep_2,GCA_024710025.1,JANJVN010000129.1,pfor,46,4.239e-7,0.307
FW_AS_rep_2,GCA_024710025.1,JANJVN010000046.1,fadD,122,2.149e-30,0.269
FW_AS_rep_2,GCA_024710025.1,JANJVN010000083.1,hydA,49,1.255e-8,0.362
FW_AS_rep_2,GCA_024710025.1,JANJVN010000149.1,rnfB,40,2.129e-6,0.35
FW_AS_rep_2,GCA_024710025.1,JANJVN010000334.1,tdcB,68,2.789e-14,0.266
FW_AS_rep_2,GCA_024710025.1,JANJVN010000170.1,mmcF,49,5.935e-8,0.233
FW_AS_rep_2,GCA_024710025.1,JANJVN010000083.1,frhB,47,5.246e-8,0.384
FW_AS_rep_2,GCA_024710025.1,JANJVN010000322.1,frhG,48,1.119e-7,0.314
FW_AS_rep_2,GCA_024710025.1,JANJVN010000186.1,frhG,48,3.042e-8,0.26
FW_AS_rep_2,GCA_024710025.1,JANJVN010000110.1,ackA,75,2.034e-17,0.4
FW_AS_rep_2,GCA_024710025.1,JANJVN010000052.1,ilvE,316,1.06e-97,0.504
FW_AS_rep_2,GCA_024710025.1,JANJVN010000176.1,endopeptidase,230,5.387e-64,0.443
FW_AS_rep_2,GCA_024710025.1,JANJVN010000005.1,cazy_GH13,66,1.372e-13,0.281
FW_AS_rep_2,GCA_024710025.1,JANJVN010000326.1,fadE,270,9.789e-82,0.447
FW_AS_rep_2,GCA_024710025.1,JANJVN010000289.1,hbd,256,3.323e-78,0.46
FW_AS_rep_2,GCA_024710025.1,JANJVN010000098.1,xylF,51,5.243e-9,0.219
FW_AS_rep_2,GCA_024710025.1,JANJVN010000162.1,acs,69,8.926e-14,0.237
FW_AS_rep_2,GCA_024710025.1,JANJVN010000351.1,cazy_GH13,143,8.088e-38,0.338
FW_AS_rep_2,GCA_024710025.1,JANJVN010000002.1,rnfB,94,1.979e-22,0.345
FW_AS_rep_2,GCA_024710025.1,JANJVN010000496.1,frhB,43,1.495e-6,0.333
FW_AS_rep_2,GCA_024710025.1,JANJVN010000148.1,frhG,43,1.921e-6,0.323
FW_AS_rep_2,GCA_024710025.1,JANJVN010000170.1,dppA,110,1.087e-26,0.232
FW_AS_rep_2,GCA_024710025.1,JANJVN010000148.1,rnfB,44,1.1e-6,0.333
FW_AS_rep_2,GCA_024710025.1,JANJVN010000170.1,dppB,178,9.703e-50,0.318
FW_AS_rep_2,GCA_024710025.1,JANJVN010000035.1,frhG,53,3.864e-9,0.317
FW_AS_rep_2,GCA_024710025.1,JANJVN010000319.1,agl,51,6.801e-9,0.252
FW_AS_rep_2,GCA_024710025.1,JANJVN010000034.1,fhs,158,4.013e-47,0.609
FW_AS_rep_2,GCA_024710025.1,JANJVN010000191.1,rnfB,49,4.467e-9,0.307
FW_AS_rep_2,GCA_024710025.1,JANJVN010000046.1,acs,102,2.826e-24,0.238
FW_AS_rep_2,GCA_024710025.1,JANJVN010000496.1,frhG,41,6.064e-6,0.362
FW_AS_rep_2,GCA_024710025.1,JANJVN010000452.1,rnfB,45,7.881e-7,0.434
FW_AS_rep_2,GCA_024710025.1,JANJVN010000322.1,fdhA,61,1.061e-11,0.305
FW_AS_rep_2,GCA_024710025.1,JANJVN010000241.1,fumB,564,1.816e-179,0.542
FW_AS_rep_2,GCA_024710025.1,JANJVN010000175.1,hydA,40,3.389e-6,0.353
FW_AS_rep_2,GCA_024710025.1,JANJVN010000322.1,rnfB,45,1.025e-6,0.34
FW_AS_rep_2,GCA_029569365.1,JAKQTD010000025.1,rnfB,40,6.146e-6,0.344
FW_AS_rep_2,GCA_029569365.1,JAKQTD010000128.1,frhB,44,4.298e-7,0.355
FW_AS_rep_2,GCA_029569365.1,JAKQTD010000008.1,frhG,49,4.813e-8,0.416
FW_AS_rep_2,GCA_029569365.1,JAKQTD010000076.1,hydA,61,3.924e-12,0.453
FW_AS_rep_2,GCA_029569365.1,JAKQTD010000125.1,mmcE,532,4.153e-166,0.526
FW_AS_rep_2,GCA_029569365.1,JAKQTD010000006.1,hydA,502,4.48e-158,0.45
FW_AS_rep_2,GCA_029569365.1,JAKQTD010000082.1,gdh,49,2.035e-8,0.41
FW_AS_rep_2,GCA_029569365.1,JAKQTD010000124.1,fwdA,46,2.537e-7,0.393
FW_AS_rep_2,GCA_029569365.1,JAKQTD010000006.1,frhB,52,3.466e-9,0.465
FW_AS_rep_2,GCA_029569365.1,JAKQTD010000076.1,frhG,49,1.453e-8,0.327
FW_AS_rep_2,GCA_029569365.1,JAKQTD010000037.1,gdh,594,3.357e-192,0.653
FW_AS_rep_2,GCA_029569365.1,JAKQTD010000086.1,frhG,41,6.454e-8,0.308
FW_AS_rep_2,GCA_029569365.1,JAKQTD010000032.1,extracellular_protease,178,1.014e-46,0.372
FW_AS_rep_2,GCA_029569365.1,JAKQTD010000019.1,pepA,335,2.041e-102,0.451
FW_AS_rep_2,GCA_029569365.1,JAKQTD010000054.1,gdh,88,2.746e-24,0.666
FW_AS_rep_2,GCA_029569365.1,JAKQTD010000101.1,hydA,41,6.72e-6,0.365
FW_AS_rep_2,GCA_029569365.1,JAKQTD010000061.1,pyk,229,1.112e-69,0.475
FW_AS_rep_2,GCA_029569365.1,JAKQTD010000083.1,extracellular_protease,72,3.045e-14,0.337
FW_AS_rep_2,GCA_029569365.1,JAKQTD010000016.1,extracellular_protease,102,1.057e-23,0.328
FW_AS_rep_2,GCA_029569365.1,JAKQTD010000025.1,frhG,46,4.185e-8,0.4
FW_AS_rep_2,GCA_029569365.1,JAKQTD010000099.1,frhB,41,3.432e-6,0.39
FW_AS_rep_2,GCA_029569365.1,JAKQTD010000061.1,gapA,406,2.483e-129,0.602
FW_AS_rep_2,GCA_029569365.1,JAKQTD010000033.1,acylglycerol_lipase,44,1.628e-6,0.261
FW_AS_rep_2,GCA_029569365.1,JAKQTD010000037.1,pfkA,83,1.064e-18,0.249
FW_AS_rep_2,GCA_029569365.1,JAKQTD010000003.1,pta,122,2.05e-32,0.334
FW_AS_rep_2,GCA_029569365.1,JAKQTD010000020.1,agl,93,3.499e-21,0.263
FW_AS_rep_2,GCA_029569365.1,JAKQTD010000006.1,frhG,46,2.318e-7,0.395
FW_AS_rep_2,GCA_029569365.1,JAKQTD010000090.1,ackA,102,3.203e-25,0.296
FW_AS_rep_2,GCA_029569365.1,JAKQTD010000006.1,pepN,157,1.45e-40,0.282
FW_AS_rep_2,GCA_029569365.1,JAKQTD010000099.1,frhG,44,3.402e-7,0.472
FW_AS_rep_2,GCA_029569365.1,JAKQTD010000008.1,rnfB,48,1.105e-7,0.404
FW_AS_rep_2,GCA_029569365.1,JAKQTD010000022.1,acs,111,2.463e-27,0.278
FW_AS_rep_2,GCA_029569365.1,JAKQTD010000101.1,fumB,122,3.303e-34,0.405
FW_AS_rep_2,GCA_029569365.1,JAKQTD010000006.1,fdhA,52,4.881e-9,0.327
FW_AS_rep_2,GCA_029569365.1,JAKQTD010000118.1,pepQ,78,6.946e-18,0.322
FW_AS_rep_2,GCA_029569365.1,JAKQTD010000125.1,mmcF,128,4.438e-32,0.535
FW_AS_rep_2,GCA_029569365.1,JAKQTD010000069.1,adhE,138,5.244e-37,0.326
FW_AS_rep_2,GCA_029569365.1,JAKQTD010000006.1,bcd,329,4.186e-102,0.468
FW_AS_rep_2,GCA_029569365.1,JAKQTD010000008.1,hydA,74,2.816e-15,0.359
FW_AS_rep_2,GCA_029569365.1,JAKQTD010000006.1,fadE,284,1.759e-86,0.452
FW_AS_rep_2,GCA_029569365.1,JAKQTD010000101.1,pfor,1198,0.0,0.582
FW_AS_rep_2,GCA_029569365.1,JAKQTD010000006.1,etfA,245,7.256e-73,0.465
FW_AS_rep_2,GCA_029569365.1,JAKQTD010000022.1,extracellular_protease,148,1.197e-37,0.35
FW_AS_rep_2,GCA_029569365.1,JAKQTD010000008.1,fdhA,78,1.791e-16,0.276
FW_AS_rep_2,GCA_029569365.1,JAKQTD010000025.1,frhB,44,1.828e-7,0.31
FW_AS_rep_2,GCA_029569365.1,JAKQTD010000055.1,hydA,40,4.84e-6,0.425
FW_AS_rep_2,GCA_029569365.1,JAKQTD010000041.1,fhs,616,5.288e-199,0.601
FW_AS_rep_2,GCA_029569365.1,JAKQTD010000082.1,fadD,216,1.295e-61,0.334
FW_AS_rep_2,GCA_029569365.1,JAKQTD010000128.1,pfor,46,1.715e-7,0.303
FW_AS_rep_2,GCA_029569365.1,JAKQTD010000002.1,extracellular_protease,135,5.81e-34,0.355
FW_AS_rep_2,GCA_029569365.1,JAKQTD010000077.1,etfB,165,2.594e-47,0.446
FW_AS_rep_2,GCA_029569365.1,JAKQTD010000020.1,cazy_GH13,156,1.286e-40,0.327
FW_AS_rep_2,GCA_029569365.1,JAKQTD010000099.1,thl,379,5.627e-119,0.543
FW_AS_rep_2,GCA_029569365.1,JAKQTD010000076.1,rnfB,96,3.137e-23,0.336
FW_AS_rep_2,GCA_029569365.1,JAKQTD010000099.1,fadA,303,1.314e-92,0.437
FW_AS_rep_2,GCA_029569365.1,JAKQTD010000084.1,pepT,220,1.658e-64,0.411
FW_AS_rep_2,GCA_029569365.1,JAKQTD010000006.1,pta,230,9.995e-69,0.445
FW_AS_rep_2,GCA_029569365.1,JAKQTD010000084.1,fadD,147,2.135e-40,0.421
FW_AS_rep_2,GCA_029569365.1,JAKQTD010000091.1,fhs,123,1.28e-34,0.622
FW_AS_rep_2,GCA_029569365.1,JAKQTD010000084.1,acs,56,1.231e-10,0.255
FW_AS_rep_2,GCA_029569365.1,JAKQTD010000006.1,rnfB,48,5.717e-8,0.343
FW_AS_rep_2,GCA_029569365.1,JAKQTD010000027.1,pfkA,166,1.457e-45,0.335
FW_AS_rep_2,GCA_029569365.1,JAKQTD010000077.1,etfA,108,1.011e-27,0.337
FW_AS_rep_2,GCA_029569365.1,JAKQTD010000076.1,frhB,44,9.93e-7,0.384
FW_AS_rep_2,GCA_029569365.1,JAKQTD010000097.1,fdhA,314,2.675e-91,0.328
FW_AS_rep_2,GCA_029569365.1,JAKQTD010000055.1,mmcG,109,5.028e-30,0.428
FW_AS_rep_2,GCA_029569365.1,JAKQTD010000035.1,pfor,188,2.762e-57,0.579
FW_AS_rep_2,GCA_029569365.1,JAKQTD010000022.1,fadD,150,7.7e-40,0.318
FW_AS_rep_2,GCA_029569365.1,JAKQTD010000125.1,pepQ,146,3.421e-39,0.306
FW_AS_rep_2,GCA_029569365.1,JAKQTD010000084.1,pepD,65,2.867e-13,0.265
FW_AS_rep_2,GCA_029569365.1,JAKQTD010000002.1,folD,235,4.61e-71,0.462
FW_AS_rep_2,GCA_029569365.1,JAKQTD010000077.1,pgi,115,6.047e-29,0.3
FW_AS_rep_2,GCA_029569365.1,JAKQTD010000027.1,pepN,145,4.289e-37,0.267
FW_AS_rep_2,GCF_030238425.1,NZ_JASSKE010000002.1,edd,824,1.228e-268,0.678
FW_AS_rep_2,GCF_030238425.1,NZ_JASSKE010000010.1,crt,115,1.172e-30,0.325
FW_AS_rep_2,GCF_030238425.1,NZ_JASSKE010000002.1,eda,215,1.985e-65,0.532
FW_AS_rep_2,GCF_030238425.1,NZ_JASSKE010000011.1,acs,112,4.064e-27,0.266
FW_AS_rep_2,GCF_030238425.1,NZ_JASSKE010000003.1,lysophospholipase,66,2.792e-14,0.28
FW_AS_rep_2,GCF_030238425.1,NZ_JASSKE010000002.1,adhE,48,5.713e-8,0.233
FW_AS_rep_2,GCF_030238425.1,NZ_JASSKE010000004.1,glcP,80,8.781e-18,0.22
FW_AS_rep_2,GCF_030238425.1,NZ_JASSKE010000004.1,fadB,107,2.547e-27,0.302
FW_AS_rep_2,GCF_030238425.1,NZ_JASSKE010000009.1,oppB,311,5.075e-97,0.535
FW_AS_rep_2,GCF_030238425.1,NZ_JASSKE010000005.1,fadD,131,3.455e-33,0.272
FW_AS_rep_2,GCF_030238425.1,NZ_JASSKE010000018.1,crt,131,7.816e-33,0.377
FW_AS_rep_2,GCF_030238425.1,NZ_JASSKE010000003.1,pta,212,7.684e-62,0.404
FW_AS_rep_2,GCF_030238425.1,NZ_JASSKE010000012.1,mer,56,1.459e-10,0.245
FW_AS_rep_2,GCF_030238425.1,NZ_JASSKE010000008.1,lctB,89,1.559e-20,0.243
FW_AS_rep_2,GCF_030238425.1,NZ_JASSKE010000004.1,fadD,168,1.471e-45,0.291
FW_AS_rep_2,GCF_030238425.1,NZ_JASSKE010000004.1,crt,163,2.586e-46,0.393
FW_AS_rep_2,GCF_030238425.1,NZ_JASSKE010000003.1,fadA,310,3.522e-95,0.497
FW_AS_rep_2,GCF_030238425.1,NZ_JASSKE010000003.1,aldh,213,8.22e-61,0.359
FW_AS_rep_2,GCF_030238425.1,NZ_JASSKE010000002.1,dppA,417,1.726e-129,0.41
FW_AS_rep_2,GCF_030238425.1,NZ_JASSKE010000007.1,eda,113,1.472e-30,0.344
FW_AS_rep_2,GCF_030238425.1,NZ_JASSKE010000020.1,bcd,106,4.838e-25,0.284
FW_AS_rep_2,GCF_030238425.1,NZ_JASSKE010000008.1,adhE,120,1.09e-30,0.272
FW_AS_rep_2,GCF_030238425.1,NZ_JASSKE010000010.1,agl,259,5.629e-75,0.374
FW_AS_rep_2,GCF_030238425.1,NZ_JASSKE010000018.1,etfA,109,3.458e-26,0.372
FW_AS_rep_2,GCF_030238425.1,NZ_JASSKE010000003.1,etfA,114,8.056e-28,0.361
FW_AS_rep_2,GCF_030238425.1,NZ_JASSKE010000003.1,cat,289,3.284e-91,0.613
FW_AS_rep_2,GCF_030238425.1,NZ_JASSKE010000015.1,rnfB,41,5.662e-6,0.289
FW_AS_rep_2,GCF_030238425.1,NZ_JASSKE010000008.1,mvhA,109,1.985e-26,0.226
FW_AS_rep_2,GCF_030238425.1,NZ_JASSKE010000003.1,crt,132,8.288e-36,0.361
FW_AS_rep_2,GCF_030238425.1,NZ_JASSKE010000018.1,lysophospholipase,205,4.6e-60,0.436
FW_AS_rep_2,GCF_030238425.1,NZ_JASSKE010000005.1,cat,87,1.161e-19,0.308
FW_AS_rep_2,GCF_030238425.1,NZ_JASSKE010000002.1,dppB,234,2.149e-70,0.377
FW_AS_rep_2,GCF_030238425.1,NZ_JASSKE010000018.1,pepQ,87,7.008e-20,0.281
FW_AS_rep_2,GCF_030238425.1,NZ_JASSKE010000002.1,endopeptidase,230,7.695e-65,0.43
FW_AS_rep_2,GCF_030238425.1,NZ_JASSKE010000009.1,dppA,305,4.664e-91,0.373
FW_AS_rep_2,GCF_030238425.1,NZ_JASSKE010000001.1,cazy_GH13,126,1.318e-31,0.322
FW_AS_rep_2,GCF_030238425.1,NZ_JASSKE010000015.1,pfkA,258,3.067e-78,0.471
FW_AS_rep_2,GCF_030238425.1,NZ_JASSKE010000003.1,oppB,173,6.57e-49,0.323
FW_AS_rep_2,GCF_030238425.1,NZ_JASSKE010000002.1,bcd,174,8.835e-49,0.322
FW_AS_rep_2,GCF_030238425.1,NZ_JASSKE010000002.1,fumB,743,6.031e-242,0.665
FW_AS_rep_2,GCF_030238425.1,NZ_JASSKE010000012.1,tdcB,321,5.216e-100,0.517
FW_AS_rep_2,GCF_030238425.1,NZ_JASSKE010000011.1,ptsG,298,4.661e-89,0.378
FW_AS_rep_2,GCF_030238425.1,NZ_JASSKE010000005.1,acs,834,2.806e-271,0.603
FW_AS_rep_2,GCF_030238425.1,NZ_JASSKE010000005.1,fdhA,450,1.95e-140,0.436
FW_AS_rep_2,GCF_030238425.1,NZ_JASSKE010000010.1,pepA,351,1.088e-107,0.438
FW_AS_rep_2,GCF_030238425.1,NZ_JASSKE010000001.1,lctB,229,4.035e-70,0.497
FW_AS_rep_2,GCF_030238425.1,NZ_JASSKE010000001.1,xylF,90,1.211e-21,0.282
FW_AS_rep_2,GCF_030238425.1,NZ_JASSKE010000007.1,adhE,231,2.221e-68,0.391
FW_AS_rep_2,GCF_030238425.1,NZ_JASSKE010000011.1,thl,401,1.545e-126,0.573
FW_AS_rep_2,GCF_030238425.1,NZ_JASSKE010000018.1,eda,120,3.278e-32,0.418
FW_AS_rep_2,GCF_030238425.1,NZ_JASSKE010000012.1,ackA,376,8.058e-118,0.488
FW_AS_rep_2,GCF_030238425.1,NZ_JASSKE010000018.1,phospholipase,222,2.53e-66,0.437
FW_AS_rep_2,GCF_030238425.1,NZ_JASSKE010000006.1,fdhA,123,2.025e-30,0.247
FW_AS_rep_2,GCF_030238425.1,NZ_JASSKE010000002.1,dtpT,279,5.607e-83,0.333
FW_AS_rep_2,GCF_030238425.1,NZ_JASSKE010000010.1,cazy_GH13,177,5.038e-48,0.37
FW_AS_rep_2,GCF_030238425.1,NZ_JASSKE010000007.1,xylA,499,4.103e-159,0.552
FW_AS_rep_2,GCF_030238425.1,NZ_JASSKE010000006.1,cazy_GH13,71,9.818e-15,0.272
FW_AS_rep_2,GCF_030238425.1,NZ_JASSKE010000003.1,mvhG,42,9.882e-7,0.323
FW_AS_rep_2,GCF_030238425.1,NZ_JASSKE010000006.1,dppA,775,2.26e-253,0.689
FW_AS_rep_2,GCF_030238425.1,NZ_JASSKE010000003.1,dppC,130,9.153e-35,0.339
FW_AS_rep_2,GCF_030238425.1,NZ_JASSKE010000005.1,dppB,248,2.216e-74,0.453
FW_AS_rep_2,GCF_030238425.1,NZ_JASSKE010000002.1,cat,73,1.631e-15,0.301
FW_AS_rep_2,GCF_030238425.1,NZ_JASSKE010000016.1,pfkA,63,9.138e-13,0.282
FW_AS_rep_2,GCF_030238425.1,NZ_JASSKE010000002.1,ptsG,325,9.046e-97,0.401
FW_AS_rep_2,GCF_030238425.1,NZ_JASSKE010000012.1,endopeptidase,188,2.059e-54,0.399
FW_AS_rep_2,GCF_030238425.1,NZ_JASSKE010000007.1,xylF,340,3.376e-106,0.571
FW_AS_rep_2,GCF_030238425.1,NZ_JASSKE010000014.1,frhA,102,2.07e-24,0.258
FW_AS_rep_2,GCF_030238425.1,NZ_JASSKE010000010.1,cat,99,1.275e-23,0.3
FW_AS_rep_2,GCF_030238425.1,NZ_JASSKE010000003.1,adh,49,7.455e-9,0.258
FW_AS_rep_2,GCF_030238425.1,NZ_JASSKE010000011.1,rnfB,40,3.557e-6,0.233
FW_AS_rep_2,GCF_030238425.1,NZ_JASSKE010000003.1,pfkA,149,4.989e-41,0.375
FW_AS_rep_2,GCF_030238425.1,NZ_JASSKE010000002.1,pfkA,259,3.562e-79,0.488
FW_AS_rep_2,GCF_030238425.1,NZ_JASSKE010000003.1,acylglycerol_lipase,46,1.005e-7,0.304
FW_AS_rep_2,GCF_030238425.1,NZ_JASSKE010000002.1,frhB,49,6.228e-9,0.51
FW_AS_rep_2,GCF_030238425.1,NZ_JASSKE010000007.1,bgl,216,2.558e-62,0.318
FW_AS_rep_2,GCF_030238425.1,NZ_JASSKE010000006.1,oppB,246,1.064e-74,0.475
FW_AS_rep_2,GCF_030238425.1,NZ_JASSKE010000003.1,dppB,164,1.06e-45,0.301
FW_AS_rep_2,GCF_030238425.1,NZ_JASSKE010000003.1,fdhA,367,9.529e-109,0.334
FW_AS_rep_2,GCF_030238425.1,NZ_JASSKE010000008.1,lctC,47,1.704e-7,0.25
FW_AS_rep_2,GCF_030238425.1,NZ_JASSKE010000002.1,fdhA,298,5.198e-86,0.319
FW_AS_rep_2,GCF_030238425.1,NZ_JASSKE010000002.1,oppA,443,2.459e-138,0.461
FW_AS_rep_2,GCF_030238425.1,NZ_JASSKE010000007.1,agl,91,9.197e-21,0.263
FW_AS_rep_2,GCF_030238425.1,NZ_JASSKE010000018.1,fadB,1045,0.0,0.73
FW_AS_rep_2,GCF_030238425.1,NZ_JASSKE010000016.1,glcP,66,1.481e-13,0.273
FW_AS_rep_2,GCF_030238425.1,NZ_JASSKE010000002.1,adh,48,2.459e-8,0.245
FW_AS_rep_2,GCF_030238425.1,NZ_JASSKE010000003.1,frhG,46,9.635e-8,0.274
FW_AS_rep_2,GCF_030238425.1,NZ_JASSKE010000018.1,thl,276,7.139e-84,0.453
FW_AS_rep_2,GCF_030238425.1,NZ_JASSKE010000001.1,frhA,99,2.585e-23,0.236
FW_AS_rep_2,GCF_030238425.1,NZ_JASSKE010000013.1,fdhA,137,1.286e-34,0.259
FW_AS_rep_2,GCF_030238425.1,NZ_JASSKE010000006.1,dtpT,263,1.326e-77,0.332
FW_AS_rep_2,GCF_030238425.1,NZ_JASSKE010000001.1,sucD,381,2.066e-121,0.672
FW_AS_rep_2,GCF_030238425.1,NZ_JASSKE010000012.1,mdh,157,6.767e-44,0.388
FW_AS_rep_2,GCF_030238425.1,NZ_JASSKE010000008.1,oppA,407,5.417e-126,0.449
FW_AS_rep_2,GCF_030238425.1,NZ_JASSKE010000005.1,dppC,236,1.28e-71,0.453
FW_AS_rep_2,GCF_030238425.1,NZ_JASSKE010000001.1,fdhA,190,2.965e-51,0.27
FW_AS_rep_2,GCF_030238425.1,NZ_JASSKE010000004.1,fadE,184,1.417e-52,0.343
FW_AS_rep_2,GCF_030238425.1,NZ_JASSKE010000001.1,dppB,284,1.19e-87,0.441
FW_AS_rep_2,GCF_030238425.1,NZ_JASSKE010000003.1,hydA,44,1.901e-6,0.327
FW_AS_rep_2,GCF_030238425.1,NZ_JASSKE010000002.1,glcP,63,1.353e-12,0.303
FW_AS_rep_2,GCF_030238425.1,NZ_JASSKE010000001.1,rnfB,43,1.396e-6,0.488
FW_AS_rep_2,GCF_030238425.1,NZ_JASSKE010000001.1,mvhA,105,2.898e-25,0.224
FW_AS_rep_2,GCF_030238425.1,NZ_JASSKE010000019.1,susC,44,1.987e-6,0.318
FW_AS_rep_2,GCF_030238425.1,NZ_JASSKE010000002.1,fadD,259,1.942e-75,0.36
FW_AS_rep_2,GCF_030238425.1,NZ_JASSKE010000007.1,rnfB,42,7.234e-7,0.298
FW_AS_rep_2,GCF_030238425.1,NZ_JASSKE010000003.1,acs,47,1.614e-7,0.225
FW_AS_rep_2,GCF_030238425.1,NZ_JASSKE010000009.1,fdhA,53,5.457e-9,0.228
FW_AS_rep_2,GCF_030238425.1,NZ_JASSKE010000004.1,etfA,138,1.694e-37,0.378
FW_AS_rep_2,GCF_030238425.1,NZ_JASSKE010000010.1,fadB,98,6.419e-25,0.358
FW_AS_rep_2,GCF_030238425.1,NZ_JASSKE010000005.1,fadB,119,9.194e-32,0.392
FW_AS_rep_2,GCF_030238425.1,NZ_JASSKE010000009.1,dppB,266,2.365e-81,0.452
FW_AS_rep_2,GCF_030238425.1,NZ_JASSKE010000002.1,fadE,176,1.912e-49,0.324
FW_AS_rep_2,GCF_030238425.1,NZ_JASSKE010000003.1,lctB,86,8.139e-20,0.294
FW_AS_rep_2,GCF_030238425.1,NZ_JASSKE010000003.1,thl,420,3.757e-133,0.626
FW_AS_rep_2,GCF_030238425.1,NZ_JASSKE010000002.1,oppB,166,2.457e-47,0.373
FW_AS_rep_2,GCF_030238425.1,NZ_JASSKE010000003.1,ackA,372,2.971e-116,0.51
FW_AS_rep_2,GCF_030238425.1,NZ_JASSKE010000011.1,bgl,207,6.412e-59,0.318
FW_AS_rep_2,GCF_030238425.1,NZ_JASSKE010000019.1,glcP,43,1.915e-6,0.229
FW_AS_rep_2,GCF_030238425.1,NZ_JASSKE010000001.1,ptsG,517,4.832e-165,0.57
FW_AS_rep_2,GCF_030238425.1,NZ_JASSKE010000011.1,fadD,130,1.064e-32,0.329
FW_AS_rep_2,GCF_030238425.1,NZ_JASSKE010000007.1,ptsG,50,2.778e-8,0.322
FW_AS_rep_2,GCF_030238425.1,NZ_JASSKE010000005.1,rnfB,44,4.18e-7,0.284
FW_AS_rep_2,GCF_030238425.1,NZ_JASSKE010000001.1,dppA,227,2.768e-64,0.317
FW_AS_rep_2,GCF_030238425.1,NZ_JASSKE010000014.1,hydA,49,3.458e-9,0.363
FW_AS_rep_2,GCF_030238425.1,NZ_JASSKE010000001.1,adhE,163,4.359e-45,0.285
FW_AS_rep_2,GCF_030238425.1,NZ_JASSKE010000024.1,edd,178,9.37e-48,0.319
FW_AS_rep_2,GCF_030238425.1,NZ_JASSKE010000005.1,oppA,136,2.9e-35,0.252
FW_AS_rep_2,GCF_030238425.1,NZ_JASSKE010000001.1,frhG,44,7.1e-7,0.223
FW_AS_rep_2,GCF_030238425.1,NZ_JASSKE010000006.1,oppA,231,3.217e-66,0.319
FW_AS_rep_2,GCF_030238425.1,NZ_JASSKE010000019.1,fadD,136,4.619e-35,0.302
FW_AS_rep_2,GCF_030238425.1,NZ_JASSKE010000005.1,dppA,139,3.781e-36,0.257
FW_AS_rep_2,GCF_030238425.1,NZ_JASSKE010000001.1,oppA,201,6.078e-56,0.327
FW_AS_rep_2,GCF_030238425.1,NZ_JASSKE010000001.1,folD,327,1.733e-102,0.589
FW_AS_rep_2,GCF_030238425.1,NZ_JASSKE010000009.1,adhE,1101,0.0,0.65
FW_AS_rep_2,GCF_030238425.1,NZ_JASSKE010000005.1,adhE,409,4.177e-127,0.501
FW_AS_rep_2,GCF_030238425.1,NZ_JASSKE010000001.1,lctD,68,8.471e-15,0.372
FW_AS_rep_2,GCF_030238425.1,NZ_JASSKE010000014.1,frhB,43,3.161e-7,0.363
FW_AS_rep_2,GCF_030238425.1,NZ_JASSKE010000004.1,mmcG,42,4.768e-7,0.292
FW_AS_rep_2,GCF_030238425.1,NZ_JASSKE010000004.1,frhB,41,3.879e-6,0.386
FW_AS_rep_2,GCF_030238425.1,NZ_JASSKE010000002.1,acs,160,1.497e-42,0.279
FW_AS_rep_2,GCF_030238425.1,NZ_JASSKE010000005.1,dtpT,259,2.245e-76,0.379
FW_AS_rep_2,GCF_030238425.1,NZ_JASSKE010000005.1,etfA,124,1.221e-33,0.372
FW_AS_rep_2,GCF_030238425.1,NZ_JASSKE010000001.1,pepD,521,1.732e-166,0.538
FW_AS_rep_2,GCF_030238425.1,NZ_JASSKE010000018.1,ptsG,415,2.419e-129,0.468
FW_AS_rep_2,GCF_030238425.1,NZ_JASSKE010000006.1,dppC,421,3.587e-135,0.71
FW_AS_rep_2,GCF_030238425.1,NZ_JASSKE010000003.1,pepA,259,4.23e-77,0.434
FW_AS_rep_2,GCF_030238425.1,NZ_JASSKE010000016.1,etfA,90,1.593e-21,0.334
FW_AS_rep_2,GCF_030238425.1,NZ_JASSKE010000009.1,dppC,244,6.09e-74,0.464
FW_AS_rep_2,GCF_030238425.1,NZ_JASSKE010000011.1,pepQ,194,2.201e-54,0.369
FW_AS_rep_2,GCF_030238425.1,NZ_JASSKE010000016.1,adhE,235,8.699e-70,0.368
FW_AS_rep_2,GCF_030238425.1,NZ_JASSKE010000011.1,hydA,46,5.964e-7,0.36
FW_AS_rep_2,GCF_030238425.1,NZ_JASSKE010000002.1,pyk,459,4.228e-144,0.551
FW_AS_rep_2,GCF_030238425.1,NZ_JASSKE010000001.1,pepT,258,4.486e-77,0.416
FW_AS_rep_2,GCF_030238425.1,NZ_JASSKE010000002.1,frhG,41,2.622e-6,0.307
FW_AS_rep_2,GCF_030238425.1,NZ_JASSKE010000001.1,acs,518,8.274e-163,0.443
FW_AS_rep_2,GCF_030238425.1,NZ_JASSKE010000005.1,pepD,136,8.393e-38,0.429
FW_AS_rep_2,GCF_030238425.1,NZ_JASSKE010000018.1,edd,226,8.631e-64,0.324
FW_AS_rep_2,GCF_030238425.1,NZ_JASSKE010000003.1,hbd,213,1.318e-58,0.355
FW_AS_rep_2,GCF_030238425.1,NZ_JASSKE010000002.1,hydA,45,1.399e-7,0.351
FW_AS_rep_2,GCF_030238425.1,NZ_JASSKE010000002.1,gapA,493,1.037e-159,0.719
FW_AS_rep_2,GCF_030238425.1,NZ_JASSKE010000003.1,fadB,445,2.783e-136,0.379
FW_AS_rep_2,GCF_030238425.1,NZ_JASSKE010000008.1,fadD,133,5.845e-34,0.283
FW_AS_rep_2,GCF_030238425.1,NZ_JASSKE010000017.1,endopeptidase,287,3.177e-86,0.401
FW_AS_rep_2,GCF_030238425.1,NZ_JASSKE010000004.1,pepQ,71,8.402e-16,0.27
FW_AS_rep_2,GCF_030238425.1,NZ_JASSKE010000003.1,oppA,98,4.752e-23,0.237
FW_AS_rep_2,GCF_030238425.1,NZ_JASSKE010000010.1,etfA,100,2.563e-25,0.34
FW_AS_rep_2,GCF_030238425.1,NZ_JASSKE010000001.1,sucC,376,7.685e-118,0.501
FW_AS_rep_2,GCF_030238425.1,NZ_JASSKE010000011.1,adh,63,3.529e-13,0.241
FW_AS_rep_2,GCF_030238425.1,NZ_JASSKE010000011.1,glcP,221,7.181e-64,0.332
FW_AS_rep_2,GCF_030238425.1,NZ_JASSKE010000014.1,frhG,44,1.292e-7,0.381
FW_AS_rep_2,GCF_030238425.1,NZ_JASSKE010000009.1,aldh,426,6.91e-128,0.509
FW_AS_rep_2,GCF_030238425.1,NZ_JASSKE010000005.1,aldh,580,1.044e-185,0.575
FW_AS_rep_2,GCF_030238425.1,NZ_JASSKE010000005.1,sucC,353,3.931e-110,0.481
FW_AS_rep_2,GCF_030238425.1,NZ_JASSKE010000005.1,sucD,372,1.151e-118,0.609
FW_AS_rep_2,GCF_030238425.1,NZ_JASSKE010000001.1,agl,92,3.174e-21,0.273
FW_AS_rep_2,GCF_030238425.1,NZ_JASSKE010000018.1,fadA,359,2.053e-112,0.521
FW_AS_rep_2,GCF_030238425.1,NZ_JASSKE010000018.1,tdcB,303,4.169e-91,0.463
FW_AS_rep_2,GCF_030238425.1,NZ_JASSKE010000008.1,pfkA,61,5.777e-12,0.26
FW_AS_rep_2,GCF_030238425.1,NZ_JASSKE010000007.1,crt,48,3.791e-8,0.392
FW_AS_rep_2,GCF_030238425.1,NZ_JASSKE010000001.1,pepN,408,3.441e-122,0.408
FW_AS_rep_2,GCF_030238425.1,NZ_JASSKE010000008.1,dppA,286,1.657e-84,0.344
FW_AS_rep_2,GCF_030238425.1,NZ_JASSKE010000015.1,fdhA,308,2.153e-89,0.323
FW_AS_rep_2,GCF_030238425.1,NZ_JASSKE010000013.1,cazy_GH13,68,5.533e-14,0.239
FW_AS_rep_2,GCF_030238425.1,NZ_JASSKE010000001.1,dtpT,264,2.823e-77,0.355
FW_AS_rep_2,GCF_030238425.1,NZ_JASSKE010000011.1,mmcE,298,7.25e-92,0.496
FW_AS_rep_2,GCF_030238425.1,NZ_JASSKE010000020.1,fadE,74,1.978e-15,0.254
FW_AS_rep_2,GCF_030238425.1,NZ_JASSKE010000005.1,ackA,69,1.236e-15,0.418
FW_AS_rep_2,GCF_030238425.1,NZ_JASSKE010000002.1,gdh,566,2.113e-182,0.642
FW_AS_rep_2,GCF_030238425.1,NZ_JASSKE010000019.1,acs,121,1.556e-30,0.266
FW_AS_rep_2,GCF_030238425.1,NZ_JASSKE010000002.1,etfA,136,6.863e-37,0.347
FW_AS_rep_2,GCF_030238425.1,NZ_JASSKE010000005.1,oppB,192,1.554e-56,0.408
FW_AS_rep_2,GCF_030238425.1,NZ_JASSKE010000005.1,fumB,746,4.876e-243,0.665
FW_AS_rep_2,GCF_030238425.1,NZ_JASSKE010000006.1,dppB,438,1.477e-140,0.663
FW_AS_rep_2,GCF_030238425.1,NZ_JASSKE010000005.1,crt,159,2.267e-45,0.408
FW_AS_rep_2,GCF_030238425.1,NZ_JASSKE010000001.1,oppB,252,1.731e-76,0.477
FW_AS_rep_2,GCF_030238425.1,NZ_JASSKE010000018.1,ilvE,162,1.774e-45,0.357
FW_AS_rep_2,GCF_030238425.1,NZ_JASSKE010000007.1,cazy_GH13,96,1.87e-22,0.273
FW_AS_rep_2,GCF_030238425.1,NZ_JASSKE010000001.1,dppC,252,1.32e-76,0.473
FW_AS_rep_2,GCF_030238425.1,NZ_JASSKE010000009.1,oppA,463,4.585e-145,0.467
FW_AS_rep_2,GCF_030238425.1,NZ_JASSKE010000011.1,fadA,320,1.207e-98,0.493
FW_AS_rep_2,GCF_030238425.1,NZ_JASSKE010000003.1,fadD,127,8.736e-33,0.28
FW_AS_rep_2,GCF_030238425.1,NZ_JASSKE010000003.1,frhB,44,2.785e-7,0.371
FW_AS_rep_2,GCF_030238425.1,NZ_JASSKE010000008.1,frhA,135,9.955e-35,0.259
FW_AS_rep_2,GCF_030238425.1,NZ_JASSKE010000003.1,adhE,201,5.994e-58,0.354
FW_AS_rep_2,GCF_030238425.1,NZ_JASSKE010000005.1,pgi,727,3.676e-236,0.689
FW_AS_rep_2,GCF_030238425.1,NZ_JASSKE010000002.1,dppC,235,3.395e-71,0.47
FW_AS_rep_2,GCF_030238425.1,NZ_JASSKE010000003.1,pepQ,151,2.145e-41,0.332
FW_AS_rep_2,GCF_030238425.1,NZ_JASSKE010000002.1,pfor,1395,0.0,0.601
FW_AS_rep_2,GCF_030238425.1,NZ_JASSKE010000001.1,lctC,446,8.733e-141,0.488
FW_AS_rep_2,GCF_030238425.1,NZ_JASSKE010000001.1,fadD,151,8.131e-40,0.297
FW_AS_rep_2,GCF_030238425.1,NZ_JASSKE010000001.1,hydA,41,2.56e-6,0.361
FW_AS_rep_2,GCF_030238425.1,NZ_JASSKE010000018.1,acylglycerol_lipase,74,3.917e-16,0.248
FW_AS_rep_2,GCF_030238425.1,NZ_JASSKE010000011.1,gapA,263,1.508e-79,0.403
FW_AS_rep_2,GCF_030238425.1,NZ_JASSKE010000002.1,rnfB,192,5.385e-58,0.585
FW_AS_rep_2,GCF_030238425.1,NZ_JASSKE010000004.1,acs,156,1.084e-41,0.268
FW_AS_rep_2,GCF_030238425.1,NZ_JASSKE010000018.1,hbd,198,8.012e-54,0.37
FW_AS_rep_2,GCF_030238425.1,NZ_JASSKE010000004.1,frhG,42,2.2e-6,0.313
FW_AS_rep_2,GCA_044224105.1,JBGALB010000010.1,mer,106,3.187e-26,0.271
FW_AS_rep_2,GCA_044224105.1,JBGALB010000006.1,fdhA,148,8.314e-38,0.245
FW_AS_rep_2,GCA_044224105.1,JBGALB010000001.1,lysophospholipase,183,5.124e-54,0.467
FW_AS_rep_2,GCA_044224105.1,JBGALB010000006.1,thl,325,1.25e-97,0.479
FW_AS_rep_2,GCA_044224105.1,JBGALB010000010.1,fadA,312,1.241e-92,0.468
FW_AS_rep_2,GCA_044224105.1,JBGALB010000015.1,acs,102,4.236e-24,0.236
FW_AS_rep_2,GCA_044224105.1,JBGALB010000024.1,esterase,225,2.19e-64,0.324
FW_AS_rep_2,GCA_044224105.1,JBGALB010000004.1,cdhC,42,1.681e-6,0.38
FW_AS_rep_2,GCA_044224105.1,JBGALB010000015.1,bcd,130,6.782e-34,0.287
FW_AS_rep_2,GCA_044224105.1,JBGALB010000019.1,fadD,201,1.5e-55,0.324
FW_AS_rep_2,GCA_044224105.1,JBGALB010000013.1,fdhA,120,2.412e-29,0.263
FW_AS_rep_2,GCA_044224105.1,JBGALB010000010.1,bcd,118,9.239e-29,0.31
FW_AS_rep_2,GCA_044224105.1,JBGALB010000008.1,fadE,145,5.478e-39,0.328
FW_AS_rep_2,GCA_044224105.1,JBGALB010000002.1,crt,184,4.936e-54,0.41
FW_AS_rep_2,GCA_044224105.1,JBGALB010000006.1,acs,288,4.433e-85,0.335
FW_AS_rep_2,GCA_044224105.1,JBGALB010000004.1,esterase,228,5.326e-65,0.338
FW_AS_rep_2,GCA_044224105.1,JBGALB010000007.1,pepN,50,1.85e-8,0.24
FW_AS_rep_2,GCA_044224105.1,JBGALB010000001.1,endopeptidase,161,5.45e-44,0.372
FW_AS_rep_2,GCA_044224105.1,JBGALB010000015.1,crt,161,6.954e-46,0.371
FW_AS_rep_2,GCA_044224105.1,JBGALB010000004.1,dppB,172,2.787e-49,0.357
FW_AS_rep_2,GCA_044224105.1,JBGALB010000037.1,crt,152,4.692e-40,0.413
FW_AS_rep_2,GCA_044224105.1,JBGALB010000008.1,bcd,111,4.7e-28,0.29
FW_AS_rep_2,GCA_044224105.1,JBGALB010000001.1,pepQ,105,7.512e-26,0.329
FW_AS_rep_2,GCA_044224105.1,JBGALB010000014.1,fdhA,109,6.538e-26,0.224
FW_AS_rep_2,GCA_044224105.1,JBGALB010000004.1,acs,123,5.828e-31,0.259
FW_AS_rep_2,GCA_044224105.1,JBGALB010000008.1,gapA,334,6.596e-104,0.508
FW_AS_rep_2,GCA_044224105.1,JBGALB010000004.1,fadD,158,2.77e-42,0.308
FW_AS_rep_2,GCA_044224105.1,JBGALB010000015.1,fadB,91,4.364e-22,0.335
FW_AS_rep_2,GCA_044224105.1,JBGALB010000021.1,bcd,110,2.261e-27,0.272
FW_AS_rep_2,GCA_044224105.1,JBGALB010000001.1,fadE,181,1.713e-50,0.335
FW_AS_rep_2,GCA_044224105.1,JBGALB010000002.1,etfA,98,1.088e-24,0.313
FW_AS_rep_2,GCA_044224105.1,JBGALB010000004.1,oppB,188,8.139e-55,0.352
FW_AS_rep_2,GCA_044224105.1,JBGALB010000003.1,gdh,504,6.715e-158,0.626
FW_AS_rep_2,GCA_044224105.1,JBGALB010000002.1,mer,86,2.57e-20,0.333
FW_AS_rep_2,GCA_044224105.1,JBGALB010000004.1,oppA,107,5.538e-26,0.26
FW_AS_rep_2,GCA_044224105.1,JBGALB010000001.1,crt,53,8.723e-10,0.455
FW_AS_rep_2,GCA_044224105.1,JBGALB010000006.1,mer,130,3.592e-34,0.335
FW_AS_rep_2,GCA_044224105.1,JBGALB010000010.1,fadB,352,4.322e-105,0.351
FW_AS_rep_2,GCA_044224105.1,JBGALB010000006.1,etfA,92,7.817e-22,0.315
FW_AS_rep_2,GCA_044224105.1,JBGALB010000050.1,fdhA,90,2.777e-21,0.252
FW_AS_rep_2,GCA_044224105.1,JBGALB010000008.1,pyk,353,3.608e-107,0.431
FW_AS_rep_2,GCA_044224105.1,JBGALB010000005.1,hbd,209,5.864e-58,0.395
FW_AS_rep_2,GCA_044224105.1,JBGALB010000009.1,fadB,85,5.342e-19,0.336
FW_AS_rep_2,GCA_044224105.1,JBGALB010000003.1,pepQ,187,3.411e-52,0.36
FW_AS_rep_2,GCA_044224105.1,JBGALB010000005.1,etfB,289,1.832e-90,0.611
FW_AS_rep_2,GCA_044224105.1,JBGALB010000035.1,mmcE,539,2.675e-168,0.527
FW_AS_rep_2,GCA_044224105.1,JBGALB010000004.1,dppC,137,5.279e-35,0.323
FW_AS_rep_2,GCA_044224105.1,JBGALB010000005.1,dppC,222,2.021e-66,0.435
FW_AS_rep_2,GCA_044224105.1,JBGALB010000017.1,extracellular_protease,69,7.538e-14,0.334
FW_AS_rep_2,GCA_044224105.1,JBGALB010000047.1,rnfB,70,8.224e-17,0.638
FW_AS_rep_2,GCA_044224105.1,JBGALB010000007.1,lysophospholipase,55,1.748e-10,0.38
FW_AS_rep_2,GCA_044224105.1,JBGALB010000025.1,fadD,55,4.013e-11,0.362
FW_AS_rep_2,GCA_044224105.1,JBGALB010000002.1,folD,323,9.06e-101,0.531
FW_AS_rep_2,GCA_044224105.1,JBGALB010000010.1,dtpT,398,8.704e-120,0.458
FW_AS_rep_2,GCA_044224105.1,JBGALB010000036.1,glcP,64,8.587e-13,0.305
FW_AS_rep_2,GCA_044224105.1,JBGALB010000014.1,fadD,146,4.414e-38,0.293
FW_AS_rep_2,GCA_044224105.1,JBGALB010000008.1,pepT,53,1.48e-9,0.29
FW_AS_rep_2,GCA_044224105.1,JBGALB010000020.1,fadA,240,2.66e-69,0.411
FW_AS_rep_2,GCA_044224105.1,JBGALB010000020.1,crt,141,1.591e-39,0.409
FW_AS_rep_2,GCA_044224105.1,JBGALB010000011.1,etfA,166,1.267e-46,0.374
FW_AS_rep_2,GCA_044224105.1,JBGALB010000005.1,pepA,281,1.312e-83,0.457
FW_AS_rep_2,GCA_044224105.1,JBGALB010000020.1,fadD,76,4.278e-16,0.238
FW_AS_rep_2,GCA_044224105.1,JBGALB010000005.1,oppB,296,2.081e-91,0.509
FW_AS_rep_2,GCA_044224105.1,JBGALB010000010.1,thl,281,3.056e-82,0.45
FW_AS_rep_2,GCA_044224105.1,JBGALB010000006.1,fadE,277,5.038e-84,0.452
FW_AS_rep_2,GCA_044224105.1,JBGALB010000034.1,adh,55,5.279e-10,0.323
FW_AS_rep_2,GCA_044224105.1,JBGALB010000034.1,crt,160,8.289e-46,0.445
FW_AS_rep_2,GCA_044224105.1,JBGALB010000019.1,fadE,154,1.315e-40,0.323
FW_AS_rep_2,GCA_044224105.1,JBGALB010000021.1,crt,158,4.528e-45,0.414
FW_AS_rep_2,GCA_044224105.1,JBGALB010000005.1,edd,235,1.867e-66,0.344
FW_AS_rep_2,GCA_044224105.1,JBGALB010000006.1,crt,145,1.98e-40,0.368
FW_AS_rep_2,GCA_044224105.1,JBGALB010000037.1,etfA,81,5.462e-18,0.328
FW_AS_rep_2,GCA_044224105.1,JBGALB010000009.1,pepQ,65,1.597e-13,0.279
FW_AS_rep_2,GCA_044224105.1,JBGALB010000023.1,pepO,744,2.296e-239,0.574
FW_AS_rep_2,GCA_044224105.1,JBGALB010000005.1,etfA,258,8.828e-78,0.535
FW_AS_rep_2,GCA_044224105.1,JBGALB010000014.1,bcd,75,1.044e-15,0.265
FW_AS_rep_2,GCA_044224105.1,JBGALB010000004.1,hydA,40,5.288e-6,0.392
FW_AS_rep_2,GCA_044224105.1,JBGALB010000004.1,ilvE,234,3.465e-70,0.417
FW_AS_rep_2,GCA_044224105.1,JBGALB010000034.1,fadB,83,9.131e-20,0.324
FW_AS_rep_2,GCA_044224105.1,JBGALB010000006.1,fadB,87,5.25e-21,0.358
FW_AS_rep_2,GCA_044224105.1,JBGALB010000005.1,dppB,252,2.606e-76,0.468
FW_AS_rep_2,GCA_044224105.1,JBGALB010000022.1,fdhA,123,2.357e-30,0.24
FW_AS_rep_2,GCA_044224105.1,JBGALB010000005.1,pta,203,5.815e-58,0.504
FW_AS_rep_2,GCA_044224105.1,JBGALB010000006.1,fadA,341,7.255e-103,0.501
FW_AS_rep_2,GCA_044224105.1,JBGALB010000015.1,fadE,168,1.677e-46,0.335
FW_AS_rep_2,GCA_044224105.1,JBGALB010000005.1,bcd,305,2.041e-92,0.424
FW_AS_rep_2,GCA_044224105.1,JBGALB010000008.1,pfkA,61,6.14e-12,0.25
FW_AS_rep_2,GCA_044224105.1,JBGALB010000021.1,fadB,87,5.477e-21,0.33
FW_AS_rep_2,GCA_044224105.1,JBGALB010000014.1,acs,113,1.23e-27,0.261
FW_AS_rep_2,GCA_044224105.1,JBGALB010000006.1,bcd,256,7.61e-77,0.408
FW_AS_rep_2,GCA_044224105.1,JBGALB010000008.1,mer,113,4.378e-28,0.295
FW_AS_rep_2,GCA_044224105.1,JBGALB010000010.1,crt,120,1.451e-29,0.346
FW_AS_rep_2,GCA_044224105.1,JBGALB010000011.1,etfB,121,4.058e-32,0.35
FW_AS_rep_2,GCA_044224105.1,JBGALB010000010.1,hbd,228,1.123e-63,0.374
FW_AS_rep_2,GCA_044224105.1,JBGALB010000035.1,mmcF,130,1.126e-32,0.515
FW_AS_rep_2,GCA_044224105.1,JBGALB010000011.1,fadB,100,7.711e-25,0.317
FW_AS_rep_2,GCA_044224105.1,JBGALB010000010.1,mdh,177,1.098e-50,0.436
FW_AS_rep_2,GCA_044224105.1,JBGALB010000004.1,pepA,338,7.522e-103,0.448
FW_AS_rep_2,GCA_044224105.1,JBGALB010000008.1,fadD,101,1.307e-23,0.25
FW_AS_rep_2,GCA_044224105.1,JBGALB010000002.1,pgi,462,1.306e-143,0.521
FW_AS_rep_2,GCA_044224105.1,JBGALB010000019.1,bcd,109,2.362e-26,0.309
FW_AS_rep_2,GCA_044224105.1,JBGALB010000007.1,thl,203,7.58e-58,0.348
FW_AS_rep_2,GCA_044224105.1,JBGALB010000013.1,hydA,81,1.096e-17,0.301
FW_AS_rep_2,GCA_044224105.1,JBGALB010000021.1,fadA,340,1.314e-105,0.494
FW_AS_rep_2,GCA_044224105.1,JBGALB010000011.1,fadD,158,4.377e-42,0.3
FW_AS_rep_2,GCA_044224105.1,JBGALB010000020.1,mmcE,287,1.256e-80,0.359
FW_AS_rep_2,GCA_044224105.1,JBGALB010000011.1,crt,179,1.124e-51,0.42
FW_AS_rep_2,GCA_044224105.1,JBGALB010000012.1,oppA,365,8.819e-112,0.431
FW_AS_rep_2,GCA_044224105.1,JBGALB010000011.1,fadE,166,9.38e-46,0.334
FW_AS_rep_2,GCA_044224105.1,JBGALB010000047.1,cdhC,40,1.499e-6,0.468
FW_AS_rep_2,GCA_044224105.1,JBGALB010000001.1,bcd,240,1.65e-70,0.374
FW_AS_rep_2,GCA_044224105.1,JBGALB010000005.1,crt,132,1.614e-33,0.348
FW_AS_rep_2,GCA_044224105.1,JBGALB010000020.1,acs,279,3.284e-81,0.328
FW_AS_rep_2,GCA_044224105.1,JBGALB010000001.1,fdhA,49,1.505e-7,0.221
FW_AS_rep_2,GCA_044224105.1,JBGALB010000011.1,bcd,122,3.01e-31,0.27
FW_AS_rep_2,GCA_044224105.1,JBGALB010000020.1,thl,364,1.952e-111,0.525
FW_AS_rep_2,GCA_044224105.1,JBGALB010000004.1,adhE,54,1.516e-9,0.225
FW_AS_rep_2,GCA_044224105.1,JBGALB010000002.1,adh,67,3.951e-14,0.288
FW_AS_rep_2,GCA_044224105.1,JBGALB010000012.1,dppA,276,1.63e-81,0.344
FW_AS_rep_2,GCA_044224105.1,JBGALB010000008.1,sucD,396,9.078e-120,0.648
FW_AS_rep_2,GCA_044224105.1,JBGALB010000005.1,fadE,241,1.269e-70,0.411
FW_AS_rep_2,GCA_044224105.1,JBGALB010000008.1,sucC,376,5.616e-118,0.541
FW_AS_rep_2,GCA_044224105.1,JBGALB010000006.1,fadD,158,7.759e-42,0.303
FW_AS_rep_2,GCA_044224105.1,JBGALB010000004.1,dppA,111,3.249e-27,0.3
FW_AS_rep_2,GCA_044224105.1,JBGALB010000007.1,acs,750,5.522e-241,0.579
FW_AS_rep_2,GCA_044224105.1,JBGALB010000015.1,fadD,109,2.743e-26,0.248
FW_AS_rep_2,GCA_044224105.1,JBGALB010000004.1,frhB,43,9.469e-7,0.302
FW_AS_rep_2,GCA_044224105.1,JBGALB010000007.1,fadD,123,2.257e-30,0.268
FW_AS_rep_2,GCA_044224105.1,JBGALB010000024.1,tdcB,71,2.187e-15,0.288
FW_AS_rep_2,GCA_044224105.1,JBGALB010000013.1,tdcB,223,1.025e-65,0.439
FW_AS_rep_2,GCA_044224105.1,JBGALB010000009.1,fdhA,43,4.31e-6,0.31
FW_AS_rep_2,GCA_044224105.1,JBGALB010000033.1,eda,152,3.291e-41,0.445
FW_AS_rep_2,GCA_044224105.1,JBGALB010000004.1,cazy_GH5,45,1.176e-6,0.284
FW_AS_rep_2,GCA_044224105.1,JBGALB010000005.1,ackA,313,2.215e-95,0.483
FW_AS_rep_2,GCA_044224105.1,JBGALB010000037.1,fadB,76,3.576e-16,0.345
FW_AS_rep_2,GCA_044224105.1,JBGALB010000008.1,adh,56,2.676e-10,0.254
FW_AS_rep_2,GCA_044224105.1,JBGALB010000026.1,adh,76,3.993e-17,0.315
FW_AS_rep_2,GCA_044224105.1,JBGALB010000007.1,tdcB,320,5.083e-96,0.471
FW_AS_rep_2,GCA_044224105.1,JBGALB010000004.1,rnfB,186,3.698e-55,0.65
FW_AS_rep_2,GCA_044224105.1,JBGALB010000020.1,gdh,1425,0.0,0.496
FW_AS_rep_2,GCA_044224105.1,JBGALB010000021.1,thl,268,5.006e-81,0.437
FW_AS_rep_2,GCA_044224105.1,JBGALB010000019.1,acs,123,1.124e-30,0.291
FW_AS_rep_2,GCA_044224105.1,JBGALB010000029.1,acs,162,1.8e-43,0.288
FW_AS_rep_2,GCA_044224105.1,JBGALB010000003.1,fdhA,156,8.384e-41,0.262
FW_AS_rep_2,GCA_044224105.1,JBGALB010000010.1,etfA,67,1.665e-13,0.452
FW_AS_rep_2,GCA_044224105.1,JBGALB010000021.1,etfA,97,2.05e-24,0.36
FW_AS_rep_2,GCA_044224105.1,JBGALB010000015.1,etfA,87,6.59e-21,0.352
FW_AS_rep_2,GCA_044224105.1,JBGALB010000025.1,fdhA,149,2.834e-38,0.247
FW_AS_rep_2,GCA_044224105.1,JBGALB010000003.1,mer,85,5.769e-20,0.299
FW_AS_rep_2,GCA_044224105.1,JBGALB010000021.1,fadE,145,8.753e-39,0.306
FW_AS_rep_2,GCA_044224105.1,JBGALB010000021.1,acs,128,1.316e-32,0.287
FW_AS_rep_2,GCA_044224105.1,JBGALB010000009.1,crt,151,8.33e-40,0.409
FW_AS_rep_2,GCA_044224105.1,JBGALB010000011.1,adh,51,2.891e-9,0.306
FW_AS_rep_2,GCA_044224105.1,JBGALB010000029.1,fadD,216,1.693e-61,0.34
FW_AS_rep_2,GCA_044224105.1,JBGALB010000001.1,gdh,584,1.861e-188,0.63
FW_AS_rep_2,GCA_044224105.1,JBGALB010000034.1,etfA,99,6.829e-25,0.365
FW_AS_rep_2,GCA_044224105.1,JBGALB010000011.1,esterase,42,2.051e-6,0.307
FW_AS_rep_2,GCA_044224105.1,JBGALB010000010.1,fadE,106,4.973e-25,0.302
FW_AS_rep_2,GCA_044224105.1,JBGALB010000006.1,frhG,42,2.778e-6,0.416
FW_AS_rep_2,GCA_044224105.1,JBGALB010000005.1,fadB,383,6.94e-116,0.363
FW_AS_rep_2,GCA_044224105.1,JBGALB010000021.1,mer,108,2.955e-27,0.329
FW_AS_rep_2,GCA_044224105.1,JBGALB010000021.1,fadD,158,4.771e-42,0.322
FW_AS_rep_2,GCA_044224105.1,JBGALB010000006.1,adh,55,1.667e-10,0.309
FW_AS_rep_2,GCA_044224105.1,JBGALB010000013.1,frhG,41,1.293e-6,0.24
FW_AS_rep_2,GCA_044224105.1,JBGALB010000002.1,fadB,96,4.993e-24,0.322
FW_AS_rep_2,GCA_044224105.1,JBGALB010000011.1,acs,118,1.803e-29,0.282
FW_AS_rep_2,GCA_044224105.1,JBGALB010000007.1,fadA,216,2.218e-62,0.379
FW_AS_rep_2,GCF_002978625.1,NZ_NRNO01000020.1,dppA,771,7.849e-252,0.689
FW_AS_rep_2,GCF_002978625.1,NZ_NRNO01000010.1,pepQ,188,8.592e-53,0.338
FW_AS_rep_2,GCF_002978625.1,NZ_NRNO01000103.1,glcP,43,2.563e-6,0.288
FW_AS_rep_2,GCF_002978625.1,NZ_NRNO01000006.1,cazy_GH13,169,9.413e-46,0.35
FW_AS_rep_2,GCF_002978625.1,NZ_NRNO01000037.1,oppB,169,6.39e-48,0.382
FW_AS_rep_2,GCF_002978625.1,NZ_NRNO01000033.1,oppA,194,6.993e-54,0.3
FW_AS_rep_2,GCF_002978625.1,NZ_NRNO01000003.1,sucD,379,9.612e-120,0.662
FW_AS_rep_2,GCF_002978625.1,NZ_NRNO01000027.1,crt,137,2.382e-37,0.373
FW_AS_rep_2,GCF_002978625.1,NZ_NRNO01000039.1,dtpT,291,4.8e-87,0.368
FW_AS_rep_2,GCF_002978625.1,NZ_NRNO01000007.1,eda,218,9.094e-67,0.526
FW_AS_rep_2,GCF_002978625.1,NZ_NRNO01000007.1,acs,151,7.741e-40,0.276
FW_AS_rep_2,GCF_002978625.1,NZ_NRNO01000022.1,etfA,104,8.565e-25,0.35
FW_AS_rep_2,GCF_002978625.1,NZ_NRNO01000011.1,cazy_GH13,72,8.678e-15,0.281
FW_AS_rep_2,GCF_002978625.1,NZ_NRNO01000020.1,dppC,420,6.733e-135,0.706
FW_AS_rep_2,GCF_002978625.1,NZ_NRNO01000062.1,dppC,138,2.931e-37,0.372
FW_AS_rep_2,GCF_002978625.1,NZ_NRNO01000003.1,oppB,258,6.668e-79,0.495
FW_AS_rep_2,GCF_002978625.1,NZ_NRNO01000051.1,endopeptidase,286,3.344e-86,0.411
FW_AS_rep_2,GCF_002978625.1,NZ_NRNO01000009.1,dppA,272,4.209e-80,0.329
FW_AS_rep_2,GCF_002978625.1,NZ_NRNO01000027.1,mvhG,42,1.837e-6,0.323
FW_AS_rep_2,GCF_002978625.1,NZ_NRNO01000046.1,ptsG,73,1.052e-17,0.415
FW_AS_rep_2,GCF_002978625.1,NZ_NRNO01000018.1,aldh,68,4.123e-14,0.242
FW_AS_rep_2,GCF_002978625.1,NZ_NRNO01000020.1,xylA,499,1.125e-159,0.546
FW_AS_rep_2,GCF_002978625.1,NZ_NRNO01000043.1,rnfB,41,1.958e-6,0.292
FW_AS_rep_2,GCF_002978625.1,NZ_NRNO01000008.1,fadD,140,2.137e-36,0.297
FW_AS_rep_2,GCF_002978625.1,NZ_NRNO01000027.1,acs,66,3.019e-13,0.233
FW_AS_rep_2,GCF_002978625.1,NZ_NRNO01000020.1,glcP,42,4.405e-6,0.246
FW_AS_rep_2,GCF_002978625.1,NZ_NRNO01000030.1,adh,62,8.684e-13,0.269
FW_AS_rep_2,GCF_002978625.1,NZ_NRNO01000027.1,frhG,45,1.57e-7,0.373
FW_AS_rep_2,GCF_002978625.1,NZ_NRNO01000005.1,dppC,248,4.982e-75,0.46
FW_AS_rep_2,GCF_002978625.1,NZ_NRNO01000065.1,endopeptidase,229,9.581e-65,0.426
FW_AS_rep_2,GCF_002978625.1,NZ_NRNO01000026.1,fdhA,226,9.545e-63,0.286
FW_AS_rep_2,GCF_002978625.1,NZ_NRNO01000036.1,oppA,422,5.058e-131,0.455
FW_AS_rep_2,GCF_002978625.1,NZ_NRNO01000026.1,oppB,207,5.578e-61,0.438
FW_AS_rep_2,GCF_002978625.1,NZ_NRNO01000018.1,hydA,48,1.596e-8,0.348
FW_AS_rep_2,GCF_002978625.1,NZ_NRNO01000026.1,oppA,218,5.943e-62,0.329
FW_AS_rep_2,GCF_002978625.1,NZ_NRNO01000003.1,oppA,201,1.468e-56,0.326
FW_AS_rep_2,GCF_002978625.1,NZ_NRNO01000013.1,acs,84,2.839e-18,0.257
FW_AS_rep_2,GCF_002978625.1,NZ_NRNO01000037.1,mer,61,5.89e-12,0.403
FW_AS_rep_2,GCF_002978625.1,NZ_NRNO01000031.1,eda,106,2.94e-28,0.35
FW_AS_rep_2,GCF_002978625.1,NZ_NRNO01000012.1,crt,131,6.892e-33,0.341
FW_AS_rep_2,GCF_002978625.1,NZ_NRNO01000015.1,ptsG,380,2.139e-117,0.441
FW_AS_rep_2,GCF_002978625.1,NZ_NRNO01000068.1,fumB,742,7.854e-241,0.662
FW_AS_rep_2,GCF_002978625.1,NZ_NRNO01000004.1,cazy_GH43,110,2.795e-28,0.286
FW_AS_rep_2,GCF_002978625.1,NZ_NRNO01000016.1,pgi,729,1.562e-236,0.678
FW_AS_rep_2,GCF_002978625.1,NZ_NRNO01000012.1,etfA,115,6.385e-28,0.383
FW_AS_rep_2,GCF_002978625.1,NZ_NRNO01000026.1,dppB,250,8.943e-76,0.45
FW_AS_rep_2,GCF_002978625.1,NZ_NRNO01000020.1,dppB,444,2.321e-142,0.672
FW_AS_rep_2,GCF_002978625.1,NZ_NRNO01000026.1,cazy_CE8,87,5.154e-20,0.287
FW_AS_rep_2,GCF_002978625.1,NZ_NRNO01000007.1,pyk,370,2.016e-114,0.481
FW_AS_rep_2,GCF_002978625.1,NZ_NRNO01000009.1,fdhA,216,1.206e-59,0.291
FW_AS_rep_2,GCF_002978625.1,NZ_NRNO01000026.1,dppA,636,1.732e-205,0.595
FW_AS_rep_2,GCF_002978625.1,NZ_NRNO01000010.1,adh,63,4.44e-13,0.28
FW_AS_rep_2,GCF_002978625.1,NZ_NRNO01000026.1,frhB,48,5.737e-8,0.286
FW_AS_rep_2,GCF_002978625.1,NZ_NRNO01000025.1,mdh,177,6.155e-50,0.362
FW_AS_rep_2,GCF_002978625.1,NZ_NRNO01000012.1,thl,287,1.057e-87,0.459
FW_AS_rep_2,GCF_002978625.1,NZ_NRNO01000062.1,oppB,179,1.058e-50,0.33
FW_AS_rep_2,GCF_002978625.1,NZ_NRNO01000018.1,frhB,45,1.198e-7,0.314
FW_AS_rep_2,GCF_002978625.1,NZ_NRNO01000046.1,bgl,230,7.672e-67,0.323
FW_AS_rep_2,GCF_002978625.1,NZ_NRNO01000018.1,frhA,104,7.746e-25,0.268
FW_AS_rep_2,GCF_002978625.1,NZ_NRNO01000031.1,ptsG,257,5.333e-75,0.342
FW_AS_rep_2,GCF_002978625.1,NZ_NRNO01000004.1,pepQ,68,8.705e-15,0.283
FW_AS_rep_2,GCF_002978625.1,NZ_NRNO01000014.1,glcP,194,1.023e-54,0.307
FW_AS_rep_2,GCF_002978625.1,NZ_NRNO01000001.1,mdh,151,4.725e-42,0.369
FW_AS_rep_2,GCF_002978625.1,NZ_NRNO01000033.1,gapA,352,7.895e-111,0.555
FW_AS_rep_2,GCF_002978625.1,NZ_NRNO01000036.1,aldh,52,5.69e-9,0.235
FW_AS_rep_2,GCF_002978625.1,NZ_NRNO01000058.1,adh,64,1.475e-13,0.286
FW_AS_rep_2,GCF_002978625.1,NZ_NRNO01000014.1,cazy_GH13,122,1.74e-30,0.308
FW_AS_rep_2,GCF_002978625.1,NZ_NRNO01000006.1,adhE,106,2.889e-26,0.26
FW_AS_rep_2,GCF_002978625.1,NZ_NRNO01000033.1,pepD,51,1.569e-8,0.29
FW_AS_rep_2,GCF_002978625.1,NZ_NRNO01000068.1,frhB,48,8.254e-9,0.51
FW_AS_rep_2,GCF_002978625.1,NZ_NRNO01000022.1,pta,224,1.696e-62,0.443
FW_AS_rep_2,GCF_002978625.1,NZ_NRNO01000058.1,tdcB,48,4.026e-8,0.288
FW_AS_rep_2,GCF_002978625.1,NZ_NRNO01000006.1,agl,256,1.511e-74,0.369
FW_AS_rep_2,GCF_002978625.1,NZ_NRNO01000010.1,thl,406,4.569e-128,0.582
FW_AS_rep_2,GCF_002978625.1,NZ_NRNO01000012.1,phospholipase,213,3.789e-63,0.422
FW_AS_rep_2,GCF_002978625.1,NZ_NRNO01000018.1,frhG,44,2.91e-7,0.396
FW_AS_rep_2,GCF_002978625.1,NZ_NRNO01000031.1,acs,77,1.102e-16,0.228
FW_AS_rep_2,GCF_002978625.1,NZ_NRNO01000026.1,rnfB,48,3.263e-8,0.337
FW_AS_rep_2,GCF_002978625.1,NZ_NRNO01000064.1,bcd,103,2.459e-24,0.284
FW_AS_rep_2,GCF_002978625.1,NZ_NRNO01000007.1,fadD,263,1.087e-76,0.36
FW_AS_rep_2,GCF_002978625.1,NZ_NRNO01000015.1,folD,330,9.71e-103,0.597
FW_AS_rep_2,GCF_002978625.1,NZ_NRNO01000021.1,pfkA,52,1.253e-9,0.343
FW_AS_rep_2,GCF_002978625.1,NZ_NRNO01000094.1,agl,87,1.451e-19,0.274
FW_AS_rep_2,GCF_002978625.1,NZ_NRNO01000026.1,cazy_GH13,167,4.872e-45,0.362
FW_AS_rep_2,GCF_002978625.1,NZ_NRNO01000010.1,fadA,326,1.901e-100,0.507
FW_AS_rep_2,GCF_002978625.1,NZ_NRNO01000008.1,pta,128,5.205e-32,0.309
FW_AS_rep_2,GCF_002978625.1,NZ_NRNO01000005.1,dppA,434,3.509e-135,0.415
FW_AS_rep_2,GCF_002978625.1,NZ_NRNO01000043.1,fdhA,179,1.142e-47,0.277
FW_AS_rep_2,GCF_002978625.1,NZ_NRNO01000022.1,ackA,366,3.268e-114,0.501
FW_AS_rep_2,GCF_002978625.1,NZ_NRNO01000022.1,fadA,248,3.494e-73,0.4
FW_AS_rep_2,GCF_002978625.1,NZ_NRNO01000009.1,oppA,416,3.802e-129,0.437
FW_AS_rep_2,GCF_002978625.1,NZ_NRNO01000012.1,fadB,1021,0.0,0.725
FW_AS_rep_2,GCF_002978625.1,NZ_NRNO01000065.1,esterase,211,7.172e-60,0.338
FW_AS_rep_2,GCF_002978625.1,NZ_NRNO01000052.1,pfkA,252,3.514e-76,0.449
FW_AS_rep_2,GCF_002978625.1,NZ_NRNO01000022.1,hbd,209,1.438e-57,0.406
FW_AS_rep_2,GCF_002978625.1,NZ_NRNO01000020.1,oppA,222,2.018e-63,0.316
FW_AS_rep_2,GCF_002978625.1,NZ_NRNO01000046.1,extracellular_protease,111,1.084e-26,0.301
FW_AS_rep_2,GCF_002978625.1,NZ_NRNO01000003.1,dppC,248,1.282e-75,0.473
FW_AS_rep_2,GCF_002978625.1,NZ_NRNO01000038.1,ptsG,49,3.625e-8,0.371
FW_AS_rep_2,GCF_002978625.1,NZ_NRNO01000001.1,mer,60,8.528e-12,0.376
FW_AS_rep_2,GCF_002978625.1,NZ_NRNO01000012.1,pepQ,75,3.473e-16,0.27
FW_AS_rep_2,GCF_002978625.1,NZ_NRNO01000062.1,dppB,174,4.243e-49,0.322
FW_AS_rep_2,GCF_002978625.1,NZ_NRNO01000026.1,agl,163,7.006e-44,0.301
FW_AS_rep_2,GCF_002978625.1,NZ_NRNO01000005.1,adhE,1093,0.0,0.642
FW_AS_rep_2,GCF_002978625.1,NZ_NRNO01000005.1,aldh,421,2.783e-126,0.505
FW_AS_rep_2,GCF_002978625.1,NZ_NRNO01000009.1,pepN,416,8.925e-125,0.418
FW_AS_rep_2,GCF_002978625.1,NZ_NRNO01000031.1,fadD,119,9.245e-30,0.283
FW_AS_rep_2,GCF_002978625.1,NZ_NRNO01000003.1,cazy_CE8,89,1.382e-20,0.309
FW_AS_rep_2,GCF_002978625.1,NZ_NRNO01000018.1,rnfB,46,3.656e-8,0.261
FW_AS_rep_2,GCF_002978625.1,NZ_NRNO01000013.1,ptsG,362,3.859e-109,0.428
FW_AS_rep_2,GCF_002978625.1,NZ_NRNO01000034.1,fdhA,305,2.386e-88,0.325
FW_AS_rep_2,GCF_002978625.1,NZ_NRNO01000016.1,fadD,126,1.699e-31,0.274
FW_AS_rep_2,GCF_002978625.1,NZ_NRNO01000013.1,cazy_GH13,192,5.467e-53,0.359
FW_AS_rep_2,GCF_002978625.1,NZ_NRNO01000010.1,bgl,220,3.058e-63,0.321
FW_AS_rep_2,GCF_002978625.1,NZ_NRNO01000010.1,pfkA,57,1.142e-10,0.25
FW_AS_rep_2,GCF_002978625.1,NZ_NRNO01000027.1,fadD,148,4.657e-39,0.299
FW_AS_rep_2,GCF_002978625.1,NZ_NRNO01000038.1,bgl,213,5.496e-61,0.324
FW_AS_rep_2,GCF_002978625.1,NZ_NRNO01000014.1,agl,89,2.28e-20,0.279
FW_AS_rep_2,GCF_002978625.1,NZ_NRNO01000067.1,pepT,249,4.068e-74,0.404
FW_AS_rep_2,GCF_002978625.1,NZ_NRNO01000066.1,dppA,46,5.269e-7,0.213
FW_AS_rep_2,GCF_002978625.1,NZ_NRNO01000010.1,gapA,250,3.74e-75,0.399
FW_AS_rep_2,GCF_002978625.1,NZ_NRNO01000064.1,fadE,75,1.105e-15,0.256
FW_AS_rep_2,GCF_002978625.1,NZ_NRNO01000062.1,dppA,62,4.904e-12,0.196
FW_AS_rep_2,GCF_002978625.1,NZ_NRNO01000001.1,pfkA,64,2.442e-13,0.303
FW_AS_rep_2,GCF_002978625.1,NZ_NRNO01000064.1,pepD,522,1.992e-166,0.544
FW_AS_rep_2,GCF_002978625.1,NZ_NRNO01000027.1,frhB,42,9.056e-7,0.357
FW_AS_rep_2,GCF_002978625.1,NZ_NRNO01000022.1,thl,231,2.077e-67,0.361
FW_AS_rep_2,GCF_002978625.1,NZ_NRNO01000027.1,fdhA,68,1.38e-13,0.229
FW_AS_rep_2,GCF_002978625.1,NZ_NRNO01000033.1,pepT,204,1.454e-56,0.362
FW_AS_rep_2,GCF_002978625.1,NZ_NRNO01000037.1,dppA,108,2.207e-26,0.255
FW_AS_rep_2,GCF_002978625.1,NZ_NRNO01000037.1,dppB,167,4.071e-47,0.389
FW_AS_rep_2,GCF_002978625.1,NZ_NRNO01000037.1,adhE,53,2.682e-9,0.238
FW_AS_rep_2,GCF_002978625.1,NZ_NRNO01000020.1,fdhA,119,4.462e-29,0.25
FW_AS_rep_2,GCF_002978625.1,NZ_NRNO01000031.1,glcP,42,2.981e-6,0.27
FW_AS_rep_2,GCF_002978625.1,NZ_NRNO01000010.1,glcP,232,2.07e-67,0.333
FW_AS_rep_2,GCF_002978625.1,NZ_NRNO01000007.1,edd,831,3.977e-271,0.674
FW_AS_rep_2,GCF_002978625.1,NZ_NRNO01000001.1,endopeptidase,188,4.516e-54,0.392
FW_AS_rep_2,GCF_002978625.1,NZ_NRNO01000026.1,dppC,191,5.614e-56,0.406
FW_AS_rep_2,GCF_002978625.1,NZ_NRNO01000020.1,oppB,239,1.599e-72,0.453
FW_AS_rep_2,GCF_002978625.1,NZ_NRNO01000036.1,dppA,277,1.666e-81,0.34
FW_AS_rep_2,GCF_002978625.1,NZ_NRNO01000003.1,dppB,285,3.646e-88,0.462
FW_AS_rep_2,GCF_002978625.1,NZ_NRNO01000027.1,hydA,40,6.924e-6,0.327
FW_AS_rep_2,GCF_002978625.1,NZ_NRNO01000002.1,fadD,139,1.67e-35,0.336
FW_AS_rep_2,GCF_002978625.1,NZ_NRNO01000037.1,dppC,194,9.346e-57,0.447
FW_AS_rep_2,GCF_002978625.1,NZ_NRNO01000022.1,crt,122,4.084e-30,0.385
FW_AS_rep_2,GCF_002978625.1,NZ_NRNO01000022.1,fadB,433,3.398e-132,0.392
FW_AS_rep_2,GCF_002978625.1,NZ_NRNO01000012.1,acylglycerol_lipase,88,8.631e-21,0.271
FW_AS_rep_2,GCF_002978625.1,NZ_NRNO01000044.1,crt,48,2.541e-8,0.43
FW_AS_rep_2,GCF_002978625.1,NZ_NRNO01000003.1,dppA,225,1.743e-64,0.313
FW_AS_rep_2,GCF_002978625.1,NZ_NRNO01000016.1,acs,828,1.487e-269,0.608
FW_AS_rep_2,GCF_002978625.1,NZ_NRNO01000001.1,pepA,355,4.823e-109,0.44
FW_AS_rep_2,GCF_002978625.1,NZ_NRNO01000018.1,adhE,70,1.018e-14,0.24
FW_AS_rep_2,GCF_002978625.1,NZ_NRNO01000013.1,fadD,97,4.255e-22,0.25
FW_AS_rep_2,GCF_002978625.1,NZ_NRNO01000024.1,pfkA,144,1.55e-39,0.371
FW_AS_rep_2,GCF_002978625.1,NZ_NRNO01000005.1,fdhA,354,2.009e-103,0.338
FW_AS_rep_2,GCF_002978625.1,NZ_NRNO01000020.1,xylF,336,4.583e-105,0.548
FW_AS_rep_2,GCF_002978625.1,NZ_NRNO01000030.1,gapA,497,4.452e-161,0.713
FW_AS_rep_2,GCF_002978625.1,NZ_NRNO01000012.1,hbd,209,2.204e-57,0.393
FW_AS_rep_2,GCF_002978625.1,NZ_NRNO01000033.1,dppA,785,3.897e-256,0.723
FW_AS_rep_2,GCF_002978625.1,NZ_NRNO01000005.1,dppB,264,7.084e-81,0.452
FW_AS_rep_2,GCF_002978625.1,NZ_NRNO01000034.1,rnfB,41,5.662e-6,0.227
FW_AS_rep_2,GCF_002978625.1,NZ_NRNO01000094.1,cazy_GH13,93,1.693e-21,0.282
FW_AS_rep_2,GCF_002978625.1,NZ_NRNO01000039.1,bgl,265,1.089e-78,0.359
FW_AS_rep_2,GCF_002978625.1,NZ_NRNO01000002.1,ptsG,446,5.732e-140,0.492
FW_AS_rep_2,GCF_002978625.1,NZ_NRNO01000028.1,cazy_GH13,75,6.452e-16,0.257
FW_AS_rep_2,GCF_002978625.1,NZ_NRNO01000012.1,ilvE,167,4.5e-47,0.361
FW_AS_rep_2,GCF_002978625.1,NZ_NRNO01000076.1,adh,75,4.791e-17,0.278
FW_AS_rep_2,GCF_002978625.1,NZ_NRNO01000013.1,agl,261,5.082e-76,0.359
FW_AS_rep_2,GCF_002978625.1,NZ_NRNO01000012.1,lysophospholipase,208,6.175e-61,0.435
FW_AS_rep_2,GCF_002978625.1,NZ_NRNO01000086.1,pepA,261,1.394e-77,0.467
FW_AS_rep_2,GCF_002978625.1,NZ_NRNO01000035.1,pyk,460,3.613e-145,0.555
FW_AS_rep_2,GCF_002978625.1,NZ_NRNO01000017.1,ptsG,518,1.377e-165,0.57
FW_AS_rep_2,GCF_002978625.1,NZ_NRNO01000008.1,ptsG,334,1.372e-101,0.401
FW_AS_rep_2,GCF_002978625.1,NZ_NRNO01000005.1,oppB,314,4.777e-98,0.537
FW_AS_rep_2,GCF_002978625.1,NZ_NRNO01000030.1,pfkA,259,1.184e-78,0.496
FW_AS_rep_2,GCF_002978625.1,NZ_NRNO01000039.1,pfkA,59,9.955e-12,0.394
FW_AS_rep_2,GCF_002978625.1,NZ_NRNO01000018.1,fdhA,537,7.497e-166,0.426
FW_AS_rep_2,GCF_002978625.1,NZ_NRNO01000012.1,fadA,379,2.136e-119,0.54
FW_AS_rep_2,GCF_002978625.1,NZ_NRNO01000036.1,pfor,1370,0.0,0.596
FW_AS_rep_2,GCF_002978625.1,NZ_NRNO01000003.1,sucC,380,1.342e-119,0.517
FW_AS_rep_2,GCF_002978625.1,NZ_NRNO01000005.1,oppA,445,3.458e-139,0.453
FW_AS_rep_2,GCF_002978625.1,NZ_NRNO01000012.1,tdcB,300,4.969e-90,0.448
FW_AS_rep_2,GCF_002978625.1,NZ_NRNO01000003.1,bgl,202,2.029e-57,0.309
FW_AS_rep_2,GCF_002978625.1,NZ_NRNO01000012.1,edd,225,1.191e-63,0.321
FW_AS_rep_2,GCF_002978625.1,NZ_NRNO01000034.1,adhE,224,2.509e-65,0.389
FW_AS_rep_2,GCF_002978625.1,NZ_NRNO01000002.1,acs,104,8.071e-25,0.25
FW_AS_rep_2,GCF_002978625.1,NZ_NRNO01000068.1,rnfB,200,6.94e-61,0.597
FW_AS_rep_2,GCF_002978625.1,NZ_NRNO01000005.1,etfA,58,1.821e-11,0.33
FW_AS_rep_2,GCF_002978625.1,NZ_NRNO01000068.1,ptsG,334,2.707e-101,0.416
FW_AS_rep_2,GCF_002978625.1,NZ_NRNO01000062.1,oppA,91,5.569e-21,0.24
FW_AS_rep_2,GCF_002978625.1,NZ_NRNO01000002.1,bgl,202,3.436e-57,0.309
FW_AS_rep_2,GCA_963765065.1,CAVXVH010000015.1,dppA,176,4.386e-48,0.292
FW_AS_rep_2,GCA_963765065.1,CAVXVH010000013.1,hydA,98,2.528e-23,0.298
FW_AS_rep_2,GCA_963765065.1,CAVXVH010000020.1,fumB,80,7.387e-19,0.339
FW_AS_rep_2,GCA_963765065.1,CAVXVH010000003.1,frhG,45,6.236e-7,0.344
FW_AS_rep_2,GCA_963765065.1,CAVXVH010000016.1,etfA,70,2.926e-15,0.303
FW_AS_rep_2,GCA_963765065.1,CAVXVH010000006.1,etfA,128,6.482e-35,0.386
FW_AS_rep_2,GCA_963765065.1,CAVXVH010000020.1,etfA,168,4.564e-45,0.441
FW_AS_rep_2,GCA_963765065.1,CAVXVH010000003.1,dppA,164,1.585e-43,0.28
FW_AS_rep_2,GCA_963765065.1,CAVXVH010000014.1,crt,102,5.586e-26,0.334
FW_AS_rep_2,GCA_963765065.1,CAVXVH010000008.1,etfA,68,6.815e-15,0.274
FW_AS_rep_2,GCA_963765065.1,CAVXVH010000014.1,oppA,140,2.635e-36,0.275
FW_AS_rep_2,GCA_963765065.1,CAVXVH010000020.1,fadD,280,3.352e-82,0.398
FW_AS_rep_2,GCA_963765065.1,CAVXVH010000013.1,dppB,163,1.479e-45,0.337
FW_AS_rep_2,GCA_963765065.1,CAVXVH010000015.1,etfA,308,2.649e-95,0.627
FW_AS_rep_2,GCA_963765065.1,CAVXVH010000003.1,mvhA,99,1.986e-23,0.235
FW_AS_rep_2,GCA_963765065.1,CAVXVH010000021.1,bcd,175,5.32e-49,0.317
FW_AS_rep_2,GCA_963765065.1,CAVXVH010000016.1,fadB,83,3.29e-19,0.273
FW_AS_rep_2,GCA_963765065.1,CAVXVH010000017.1,etfA,57,5.489e-10,0.28
FW_AS_rep_2,GCA_963765065.1,CAVXVH010000016.1,fadD,177,3.401e-48,0.304
FW_AS_rep_2,GCA_963765065.1,CAVXVH010000019.1,adhE,123,2.569e-30,0.292
FW_AS_rep_2,GCA_963765065.1,CAVXVH010000020.1,oppA,161,1.433e-42,0.289
FW_AS_rep_2,GCA_963765065.1,CAVXVH010000015.1,lctC,53,3.039e-9,0.293
FW_AS_rep_2,GCA_963765065.1,CAVXVH010000004.1,sucD,317,2.797e-98,0.56
FW_AS_rep_2,GCA_963765065.1,CAVXVH010000003.1,acs,278,6.216e-81,0.348
FW_AS_rep_2,GCA_963765065.1,CAVXVH010000015.1,dppC,248,2.682e-70,0.46
FW_AS_rep_2,GCA_963765065.1,CAVXVH010000006.1,extracellular_protease,179,3.421e-47,0.389
FW_AS_rep_2,GCA_963765065.1,CAVXVH010000017.1,pta,234,3.864e-70,0.505
FW_AS_rep_2,GCA_963765065.1,CAVXVH010000016.1,fdhA,121,6.038e-30,0.248
FW_AS_rep_2,GCA_963765065.1,CAVXVH010000017.1,agl,48,1.044e-7,0.231
FW_AS_rep_2,GCA_963765065.1,CAVXVH010000013.1,oppB,198,7.492e-54,0.348
FW_AS_rep_2,GCA_963765065.1,CAVXVH010000017.1,fdhA,70,6.216e-14,0.229
FW_AS_rep_2,GCA_963765065.1,CAVXVH010000008.1,dppA,108,5.659e-26,0.246
FW_AS_rep_2,GCA_963765065.1,CAVXVH010000017.1,oppA,186,2.072e-50,0.29
FW_AS_rep_2,GCA_963765065.1,CAVXVH010000013.1,adh,42,7.279e-6,0.285
FW_AS_rep_2,GCA_963765065.1,CAVXVH010000003.1,frhB,44,8.242e-7,0.372
FW_AS_rep_2,GCA_963765065.1,CAVXVH010000020.1,gdh,1609,0.0,0.556
FW_AS_rep_2,GCA_963765065.1,CAVXVH010000015.1,bcd,126,1.369e-31,0.316
FW_AS_rep_2,GCA_963765065.1,CAVXVH010000014.1,pepA,369,1.456e-113,0.465
FW_AS_rep_2,GCA_963765065.1,CAVXVH010000010.1,hydA,42,6.175e-6,0.319
FW_AS_rep_2,GCA_963765065.1,CAVXVH010000006.1,pepO,40,4.62e-7,0.6
FW_AS_rep_2,GCA_963765065.1,CAVXVH010000020.1,pepN,406,4.553e-121,0.405
FW_AS_rep_2,GCA_963765065.1,CAVXVH010000017.1,rnfB,44,1.118e-6,0.358
FW_AS_rep_2,GCA_963765065.1,CAVXVH010000011.1,adhE,74,7.669e-16,0.25
FW_AS_rep_2,GCA_963765065.1,CAVXVH010000017.1,dppA,150,4.119e-39,0.272
FW_AS_rep_2,GCA_963765065.1,CAVXVH010000021.1,pgi,454,2.634e-138,0.503
FW_AS_rep_2,GCA_963765065.1,CAVXVH010000019.1,pta,134,5.909e-34,0.299
FW_AS_rep_2,GCA_963765065.1,CAVXVH010000020.1,pfor,1439,0.0,0.628
FW_AS_rep_2,GCA_963765065.1,CAVXVH010000013.1,mvhG,44,1.471e-7,0.256
FW_AS_rep_2,GCA_963765065.1,CAVXVH010000020.1,fadE,103,3.511e-24,0.258
FW_AS_rep_2,GCA_963765065.1,CAVXVH010000003.1,pepD,173,3.344e-50,0.447
FW_AS_rep_2,GCA_963765065.1,CAVXVH010000019.1,extracellular_protease,104,9.837e-25,0.274
FW_AS_rep_2,GCA_963765065.1,CAVXVH010000020.1,dppC,173,4.638e-49,0.426
FW_AS_rep_2,GCA_963765065.1,CAVXVH010000003.1,rnfB,43,3.485e-6,0.284
FW_AS_rep_2,GCA_963765065.1,CAVXVH010000003.1,dppC,62,3.148e-12,0.414
FW_AS_rep_2,GCA_963765065.1,CAVXVH010000013.1,fwdA,50,4.501e-8,0.375
FW_AS_rep_2,GCA_963765065.1,CAVXVH010000016.1,hydA,80,2.071e-17,0.283
FW_AS_rep_2,GCA_963765065.1,CAVXVH010000003.1,adh,68,9.302e-15,0.391
FW_AS_rep_2,GCA_963765065.1,CAVXVH010000013.1,bcd,374,1.073e-117,0.534
FW_AS_rep_2,GCA_963765065.1,CAVXVH010000015.1,fadE,157,2.034e-41,0.354
FW_AS_rep_2,GCA_963765065.1,CAVXVH010000020.1,adhE,279,2.705e-82,0.361
FW_AS_rep_2,GCA_963765065.1,CAVXVH010000020.1,dppA,145,1.061e-37,0.255
FW_AS_rep_2,GCA_963765065.1,CAVXVH010000013.1,fadA,148,4.272e-42,0.448
FW_AS_rep_2,GCA_963765065.1,CAVXVH010000017.1,fadB,74,1.465e-16,0.336
FW_AS_rep_2,GCA_963765065.1,CAVXVH010000003.1,oppB,104,7.875e-26,0.351
FW_AS_rep_2,GCA_963765065.1,CAVXVH010000008.1,oppA,160,9.054e-42,0.268
FW_AS_rep_2,GCA_963765065.1,CAVXVH010000013.1,crt,146,9.717e-41,0.409
FW_AS_rep_2,GCA_963765065.1,CAVXVH010000019.1,lipase,61,4.383e-12,0.329
FW_AS_rep_2,GCA_963765065.1,CAVXVH010000015.1,folD,341,3.728e-105,0.624
FW_AS_rep_2,GCA_963765065.1,CAVXVH010000014.1,fadE,243,2.125e-72,0.464
FW_AS_rep_2,GCA_963765065.1,CAVXVH010000011.1,rnfB,164,2.722e-48,0.59
FW_AS_rep_2,GCA_963765065.1,CAVXVH010000004.1,sucC,397,7.731e-122,0.504
FW_AS_rep_2,GCA_963765065.1,CAVXVH010000008.1,tdcB,147,3.718e-41,0.443
FW_AS_rep_2,GCA_963765065.1,CAVXVH010000006.1,crt,276,1.658e-85,0.574
FW_AS_rep_2,GCA_963765065.1,CAVXVH010000015.1,oppA,160,1.836e-41,0.263
FW_AS_rep_2,GCA_963765065.1,CAVXVH010000005.1,sucC,394,2.063e-122,0.504
FW_AS_rep_2,GCA_963765065.1,CAVXVH010000016.1,lctD,100,1.544e-23,0.388
FW_AS_rep_2,GCA_963765065.1,CAVXVH010000003.1,dppB,113,8.28e-29,0.315
FW_AS_rep_2,GCA_963765065.1,CAVXVH010000014.1,pepT,67,7.479e-14,0.265
FW_AS_rep_2,GCA_963765065.1,CAVXVH010000020.1,rnfB,45,1.54e-8,0.318
FW_AS_rep_2,GCA_963765065.1,CAVXVH010000020.1,mvhA,444,3.321e-139,0.461
FW_AS_rep_2,GCA_963765065.1,CAVXVH010000020.1,cat,105,5.305e-25,0.317
FW_AS_rep_2,GCA_963765065.1,CAVXVH010000017.1,acs,188,1.403e-51,0.303
FW_AS_rep_2,GCA_963765065.1,CAVXVH010000020.1,dppB,156,1.657e-43,0.31
FW_AS_rep_2,GCA_963765065.1,CAVXVH010000013.1,tdcB,321,2.901e-94,0.501
FW_AS_rep_2,GCA_963765065.1,CAVXVH010000008.1,crt,127,1.91e-34,0.369
FW_AS_rep_2,GCA_963765065.1,CAVXVH010000003.1,pfkA,54,7.045e-10,0.252
FW_AS_rep_2,GCA_963765065.1,CAVXVH010000020.1,fadB,339,3.93e-100,0.363
FW_AS_rep_2,GCA_963765065.1,CAVXVH010000020.1,acs,717,1.549e-230,0.571
FW_AS_rep_2,GCA_963765065.1,CAVXVH010000016.1,lctB,257,1.56e-79,0.531
FW_AS_rep_2,GCA_963765065.1,CAVXVH010000016.1,lctC,437,2.554e-133,0.5
FW_AS_rep_2,GCA_963765065.1,CAVXVH010000015.1,mdh,183,4.93e-52,0.407
FW_AS_rep_2,GCA_963765065.1,CAVXVH010000005.1,sucD,113,4.121e-28,0.478
FW_AS_rep_2,GCA_963765065.1,CAVXVH010000020.1,hydA,113,1.013e-29,0.303
FW_AS_rep_2,GCA_963765065.1,CAVXVH010000013.1,dppA,93,3.862e-21,0.259
FW_AS_rep_2,GCA_963765065.1,CAVXVH010000003.1,fdhA,466,2.637e-139,0.351
FW_AS_rep_2,GCA_963765065.1,CAVXVH010000017.1,fadD,144,1.771e-37,0.305
FW_AS_rep_2,GCA_963765065.1,CAVXVH010000020.1,eda,122,4.814e-32,0.401
FW_AS_rep_2,GCA_963765065.1,CAVXVH010000013.1,thl,190,1.613e-56,0.552
FW_AS_rep_2,GCA_963765065.1,CAVXVH010000003.1,oppA,172,9.333e-46,0.291
FW_AS_rep_2,GCA_963765065.1,CAVXVH010000021.1,oppA,130,5.684e-33,0.289
FW_AS_rep_2,GCA_963765065.1,CAVXVH010000016.1,crt,151,9.548e-42,0.354
FW_AS_rep_2,GCA_963765065.1,CAVXVH010000003.1,fadA,66,2.155e-13,0.269
FW_AS_rep_2,GCA_963765065.1,CAVXVH010000008.1,ilvE,148,6.364e-41,0.351
FW_AS_rep_2,GCA_963765065.1,CAVXVH010000016.1,dppC,220,8.632e-66,0.436
FW_AS_rep_2,GCA_963765065.1,CAVXVH010000003.1,extracellular_protease,135,4.219e-34,0.341
FW_AS_rep_2,GCA_963765065.1,CAVXVH010000020.1,frhG,80,1.989e-19,0.293
FW_AS_rep_2,GCA_963765065.1,CAVXVH010000017.1,gapA,443,5.938e-141,0.65
FW_AS_rep_2,GCA_963765065.1,CAVXVH010000017.1,sucD,45,1.625e-6,0.256
FW_AS_rep_2,GCA_963765065.1,CAVXVH010000015.1,tdcB,372,2.34e-116,0.564
FW_AS_rep_2,GCA_963765065.1,CAVXVH010000020.1,oppB,193,4.657e-56,0.45
FW_AS_rep_2,GCA_963765065.1,CAVXVH010000020.1,ilvE,78,9.121e-18,0.287
FW_AS_rep_2,GCA_963765065.1,CAVXVH010000015.1,lysophospholipase,175,1.76e-51,0.446
FW_AS_rep_2,GCA_963765065.1,CAVXVH010000006.1,endopeptidase,170,9.161e-48,0.391
FW_AS_rep_2,GCA_963765065.1,CAVXVH010000013.1,endopeptidase,220,2.161e-61,0.387
FW_AS_rep_2,GCA_963765065.1,CAVXVH010000020.1,edd,220,4.757e-62,0.321
FW_AS_rep_2,GCA_963765065.1,CAVXVH010000014.1,aldh,64,7.613e-13,0.228
FW_AS_rep_2,GCA_963765065.1,CAVXVH010000017.1,pyk,275,1.012e-83,0.462
FW_AS_rep_2,GCA_963765065.1,CAVXVH010000006.1,acylglycerol_lipase,53,9.72e-10,0.296
FW_AS_rep_2,GCA_963765065.1,CAVXVH010000003.1,fadD,176,1.674e-47,0.335
FW_AS_rep_2,GCA_963765065.1,CAVXVH010000020.1,adh,55,1.475e-10,0.271
FW_AS_rep_2,GCA_963765065.1,CAVXVH010000020.1,aldh,276,3.16e-81,0.352
FW_AS_rep_2,GCA_963765065.1,CAVXVH010000014.1,adhE,60,2.151e-11,0.227
FW_AS_rep_2,GCA_963765065.1,CAVXVH010000006.1,hbd,253,4.823e-73,0.538
FW_AS_rep_2,GCA_963765065.1,CAVXVH010000020.1,mmcF,124,1.206e-30,0.552
FW_AS_rep_2,GCA_963765065.1,CAVXVH010000020.1,extracellular_protease,74,1.323e-15,0.33
FW_AS_rep_2,GCA_963765065.1,CAVXVH010000020.1,hbd,312,9.575e-98,0.563
FW_AS_rep_2,GCA_963765065.1,CAVXVH010000010.1,fdhA,187,8.901e-50,0.25
FW_AS_rep_2,GCA_963765065.1,CAVXVH010000014.1,acs,184,1.326e-50,0.291
FW_AS_rep_2,GCA_963765065.1,CAVXVH010000015.1,oppB,199,2.641e-58,0.38
FW_AS_rep_2,GCA_963765065.1,CAVXVH010000006.1,fadB,136,7.188e-35,0.35
FW_AS_rep_2,GCA_963765065.1,CAVXVH010000013.1,oppA,94,1.681e-21,0.248
FW_AS_rep_2,GCA_963765065.1,CAVXVH010000006.1,lysophospholipase,44,4.951e-7,0.304
FW_AS_rep_2,GCA_963765065.1,CAVXVH010000017.1,cazy_GH13,54,1.653e-9,0.284
FW_AS_rep_2,GCA_963765065.1,CAVXVH010000014.1,dppA,178,1.699e-48,0.298
FW_AS_rep_2,GCA_963765065.1,CAVXVH010000021.1,dppA,164,1.214e-43,0.316
FW_AS_rep_2,GCA_963765065.1,CAVXVH010000006.1,thl,251,3.131e-71,0.431
FW_AS_rep_2,GCA_963765065.1,CAVXVH010000018.1,adhE,66,4.076e-14,0.314
FW_AS_rep_2,GCA_963765065.1,CAVXVH010000001.1,fdhA,42,4.786e-6,0.333
FW_AS_rep_2,GCA_963765065.1,CAVXVH010000017.1,pfor,151,2.732e-41,0.324
FW_AS_rep_2,GCA_963765065.1,CAVXVH010000015.1,fdhA,211,3.322e-58,0.282
FW_AS_rep_2,GCA_963765065.1,CAVXVH010000009.1,pyk,144,3.75e-37,0.333
FW_AS_rep_2,GCA_963765065.1,CAVXVH010000013.1,acylglycerol_lipase,45,1.402e-6,0.259
FW_AS_rep_2,GCA_963765065.1,CAVXVH010000013.1,pepQ,189,7.2e-53,0.358
FW_AS_rep_2,GCA_963765065.1,CAVXVH010000006.1,fadA,276,1.036e-79,0.464
FW_AS_rep_2,GCA_963765065.1,CAVXVH010000020.1,lipase,54,5.236e-10,0.315
FW_AS_rep_2,GCA_963765065.1,CAVXVH010000009.1,pta,136,1.131e-36,0.385
FW_AS_rep_2,GCA_963765065.1,CAVXVH010000010.1,rnfB,45,1.42e-6,0.342
FW_AS_rep_2,GCA_963765065.1,CAVXVH010000020.1,pta,240,4.756e-70,0.51
FW_AS_rep_2,GCA_963765065.1,CAVXVH010000021.1,crt,133,9.251e-34,0.364
FW_AS_rep_2,GCA_963765065.1,CAVXVH010000016.1,frhG,45,6.432e-8,0.258
FW_AS_rep_2,GCA_963765065.1,CAVXVH010000020.1,frhA,164,3.881e-44,0.29
FW_AS_rep_2,GCA_963765065.1,CAVXVH010000011.1,frhB,44,2.454e-7,0.41
FW_AS_rep_2,GCA_963765065.1,CAVXVH010000013.1,dppC,172,1.041e-45,0.417
FW_AS_rep_2,GCA_963765065.1,CAVXVH010000015.1,dppB,240,2.971e-72,0.437
FW_AS_rep_2,GCA_963765065.1,CAVXVH010000013.1,lysophospholipase,45,1.402e-6,0.284
FW_AS_rep_2,GCA_963765065.1,CAVXVH010000013.1,fdhA,43,2.471e-6,0.342
FW_AS_rep_2,GCA_963765065.1,CAVXVH010000013.1,fadE,284,1.517e-86,0.481
FW_AS_rep_2,GCA_963765065.1,CAVXVH010000016.1,acs,138,1.323e-35,0.281
FW_AS_rep_2,GCA_963765065.1,CAVXVH010000020.1,mmcE,546,6.393e-170,0.527
FW_AS_rep_2,GCA_963765065.1,CAVXVH010000020.1,lctB,66,1.12e-12,0.247
FW_AS_rep_2,GCA_963765065.1,CAVXVH010000016.1,eda,111,1.109e-29,0.446
FW_AS_rep_2,GCA_963765065.1,CAVXVH010000009.1,frhG,50,2.95e-9,0.266
FW_AS_rep_2,GCA_963765065.1,CAVXVH010000006.1,pepQ,69,1.234e-14,0.286
FW_AS_rep_2,GCA_963765065.1,CAVXVH010000019.1,pepN,189,1.596e-50,0.315
FW_AS_rep_2,GCA_963765065.1,CAVXVH010000020.1,bcd,112,4.559e-27,0.276
FW_AS_rep_2,GCA_963765065.1,CAVXVH010000017.1,frhG,47,2.278e-7,0.327
FW_AS_rep_2,GCA_963765065.1,CAVXVH010000008.1,fadB,72,4.711e-16,0.301
FW_AS_rep_2,GCA_963765065.1,CAVXVH010000015.1,pfkA,62,2.507e-12,0.375
FW_AS_rep_2,GCA_963765065.1,CAVXVH010000015.1,adhE,158,2.247e-43,0.302
FW_AS_rep_2,GCA_963765065.1,CAVXVH010000015.1,acs,187,1.941e-50,0.463
FW_AS_rep_2,GCA_963765065.1,CAVXVH010000014.1,bcd,217,1.673e-63,0.429
FW_AS_rep_2,GCA_963765065.1,CAVXVH010000013.1,frhG,46,4.473e-8,0.28
FW_AS_rep_2,GCA_963765065.1,CAVXVH010000016.1,oppB,194,4.193e-57,0.433
FW_AS_rep_2,GCA_963765065.1,CAVXVH010000015.1,etfB,169,3.254e-51,0.745
FW_AS_rep_2,GCA_963765065.1,CAVXVH010000006.1,adh,55,1.351e-10,0.281
FW_AS_rep_2,GCA_963765065.1,CAVXVH010000017.1,crt,106,4.633e-27,0.392
FW_AS_rep_2,GCA_963765065.1,CAVXVH010000013.1,pfor,44,2.751e-7,0.339
FW_AS_rep_2,GCA_963765065.1,CAVXVH010000006.1,fdhA,76,4.768e-17,0.294
FW_AS_rep_2,GCA_963765065.1,CAVXVH010000014.1,fadD,226,4.543e-64,0.337
FW_AS_rep_2,GCA_963765065.1,CAVXVH010000013.1,extracellular_protease,143,5.607e-36,0.348
FW_AS_rep_2,GCA_963765065.1,CAVXVH010000016.1,dppB,260,1.019e-78,0.458
FW_AS_rep_2,GCA_963765065.1,CAVXVH010000020.1,crt,235,3.442e-67,0.523
FW_AS_rep_2,GCA_963765065.1,CAVXVH010000020.1,fdhA,49,8.587e-9,0.391
FW_AS_rep_2,GCA_963765065.1,CAVXVH010000020.1,ackA,337,1.74e-104,0.51
FW_AS_rep_2,GCA_963765065.1,CAVXVH010000006.1,pepT,156,4.947e-42,0.367
FW_AS_rep_2,GCA_963765065.1,CAVXVH010000020.1,fadA,351,8.56e-109,0.513
FW_AS_rep_2,GCA_963765065.1,CAVXVH010000017.1,hydA,52,4.217e-9,0.421
FW_AS_rep_2,GCA_963765065.1,CAVXVH010000021.1,fadD,122,7.625e-31,0.34
FW_AS_rep_2,GCA_963765065.1,CAVXVH010000003.1,frhA,108,5.467e-26,0.249
FW_AS_rep_2,GCA_963765065.1,CAVXVH010000020.1,mvhG,118,3.027e-32,0.387
FW_AS_rep_2,GCA_963765065.1,CAVXVH010000020.1,thl,356,2.406e-110,0.505
FW_AS_rep_2,GCA_963765065.1,CAVXVH010000021.1,fadE,202,3.333e-58,0.366
FW_AS_rep_2,GCA_027492415.1,JAPUEV010000197.1,oppA,233,1.362e-66,0.307
FW_AS_rep_2,GCA_027492415.1,JAPUEV010000248.1,fadD,81,4.919e-19,0.335
FW_AS_rep_2,GCA_027492415.1,JAPUEV010000033.1,frhG,85,2.581e-20,0.28
FW_AS_rep_2,GCA_027492415.1,JAPUEV010000258.1,mmcF,179,2.622e-54,0.602
FW_AS_rep_2,GCA_027492415.1,JAPUEV010000033.1,mvhG,132,5.266e-36,0.32
FW_AS_rep_2,GCA_027492415.1,JAPUEV010000033.1,frhA,138,1.888e-36,0.252
FW_AS_rep_2,GCA_027492415.1,JAPUEV010000047.1,fdhA,55,1.2e-10,0.373
FW_AS_rep_2,GCA_027492415.1,JAPUEV010000279.1,susC,80,3.703e-17,0.304
FW_AS_rep_2,GCA_027492415.1,JAPUEV010000224.1,fadE,276,1.071e-83,0.43
FW_AS_rep_2,GCA_027492415.1,JAPUEV010000197.1,dppA,218,1.769e-61,0.309
FW_AS_rep_2,GCA_027492415.1,JAPUEV010000338.1,fadD,323,1.712e-96,0.382
FW_AS_rep_2,GCA_027492415.1,JAPUEV010000238.1,dppC,231,9.878e-69,0.388
FW_AS_rep_2,GCA_027492415.1,JAPUEV010000228.1,dppB,215,1.184e-63,0.371
FW_AS_rep_2,GCA_027492415.1,JAPUEV010000063.1,hbd,103,1.172e-26,0.392
FW_AS_rep_2,GCA_027492415.1,JAPUEV010000422.1,extracellular_protease,79,3.661e-17,0.287
FW_AS_rep_2,GCA_027492415.1,JAPUEV010000221.1,aldh,64,1.174e-12,0.26
FW_AS_rep_2,GCA_027492415.1,JAPUEV010000134.1,pepQ,155,6.152e-43,0.314
FW_AS_rep_2,GCA_027492415.1,JAPUEV010000228.1,oppA,190,4.575e-52,0.275
FW_AS_rep_2,GCA_027492415.1,JAPUEV010000242.1,etfA,83,3.028e-20,0.28
FW_AS_rep_2,GCA_027492415.1,JAPUEV010000423.1,acs,401,1.026e-123,0.399
FW_AS_rep_2,GCA_027492415.1,JAPUEV010000228.1,dppC,190,2.42e-54,0.456
FW_AS_rep_2,GCA_027492415.1,JAPUEV010000087.1,hbd,179,9.909e-54,0.513
FW_AS_rep_2,GCA_027492415.1,JAPUEV010000238.1,oppB,249,5.83e-75,0.421
FW_AS_rep_2,GCA_027492415.1,JAPUEV010000227.1,susC,55,8.768e-10,0.259
FW_AS_rep_2,GCA_027492415.1,JAPUEV010000246.1,pfkA,47,6.285e-8,0.306
FW_AS_rep_2,GCA_027492415.1,JAPUEV010000047.1,mvhG,126,4.036e-35,0.367
FW_AS_rep_2,GCA_027492415.1,JAPUEV010000228.1,oppB,223,1.211e-65,0.465
FW_AS_rep_2,GCA_027492415.1,JAPUEV010000083.1,sucD,57,2.284e-10,0.277
FW_AS_rep_2,GCA_027492415.1,JAPUEV010000131.1,extracellular_protease,105,8.589e-25,0.301
FW_AS_rep_2,GCA_027492415.1,JAPUEV010000257.1,tdcB,99,6.966e-27,0.436
FW_AS_rep_2,GCA_027492415.1,JAPUEV010000047.1,rnfB,43,7.166e-7,0.264
FW_AS_rep_2,GCA_027492415.1,JAPUEV010000255.1,aldh,65,5.114e-13,0.23
FW_AS_rep_2,GCA_027492415.1,JAPUEV010000238.1,bcd,178,4.115e-54,0.64
FW_AS_rep_2,GCA_027492415.1,JAPUEV010000197.1,dppB,245,1.836e-74,0.426
FW_AS_rep_2,GCA_027492415.1,JAPUEV010000259.1,adh,70,1.324e-15,0.271
FW_AS_rep_2,GCA_027492415.1,JAPUEV010000307.1,adh,66,4.366e-14,0.306
FW_AS_rep_2,GCA_027492415.1,JAPUEV010000412.1,dppA,218,1.56e-61,0.3
FW_AS_rep_2,GCA_027492415.1,JAPUEV010000087.1,fadA,265,5.501e-80,0.428
FW_AS_rep_2,GCA_027492415.1,JAPUEV010000023.1,oppB,195,1.281e-56,0.364
FW_AS_rep_2,GCA_027492415.1,JAPUEV010000087.1,thl,397,2.985e-125,0.543
FW_AS_rep_2,GCA_027492415.1,JAPUEV010000210.1,fadE,181,7.607e-54,0.483
FW_AS_rep_2,GCA_027492415.1,JAPUEV010000255.1,pepT,62,4.916e-14,0.333
FW_AS_rep_2,GCA_027492415.1,JAPUEV010000023.1,dppB,199,4.213e-58,0.347
FW_AS_rep_2,GCA_027492415.1,JAPUEV010000031.1,mdh,282,3.554e-87,0.479
FW_AS_rep_2,GCA_027492415.1,JAPUEV010000068.1,etfA,128,8.52e-35,0.368
FW_AS_rep_2,GCA_027492415.1,JAPUEV010000028.1,pepA,370,4.703e-114,0.452
FW_AS_rep_2,GCA_027492415.1,JAPUEV010000116.1,pfor,44,8.004e-8,0.309
FW_AS_rep_2,GCA_027492415.1,JAPUEV010000047.1,frhA,170,9.43e-47,0.292
FW_AS_rep_2,GCA_027492415.1,JAPUEV010000395.1,extracellular_protease,61,5.113e-12,0.309
FW_AS_rep_2,GCA_027492415.1,JAPUEV010000023.1,dppC,84,1.866e-21,0.333
FW_AS_rep_2,GCA_027492415.1,JAPUEV010000268.1,adhE,49,2.803e-8,0.201
FW_AS_rep_2,GCA_027492415.1,JAPUEV010000084.1,extracellular_protease,105,9.459e-25,0.307
FW_AS_rep_2,GCA_027492415.1,JAPUEV010000338.1,acs,66,3.013e-13,0.217
FW_AS_rep_2,GCA_027492415.1,JAPUEV010000292.1,etfA,261,3.074e-79,0.489
FW_AS_rep_2,GCA_027492415.1,JAPUEV010000033.1,mvhA,209,6.808e-60,0.313
FW_AS_rep_2,GCA_027492415.1,JAPUEV010000255.1,adhE,76,2.685e-16,0.238
FW_AS_rep_2,GCA_027492415.1,JAPUEV010000197.1,oppB,211,1.658e-62,0.41
FW_AS_rep_2,GCA_027492415.1,JAPUEV010000394.1,pfor,863,3.88e-280,0.606
FW_AS_rep_2,GCA_027492415.1,JAPUEV010000412.1,oppA,234,4.663e-67,0.326
FW_AS_rep_2,GCA_027492415.1,JAPUEV010000295.1,aldh,51,8.1e-9,0.238
FW_AS_rep_2,GCA_027492415.1,JAPUEV010000047.1,mvhA,472,1.051e-149,0.485
FW_AS_rep_2,GCA_027492415.1,JAPUEV010000009.1,extracellular_protease,71,1.073e-14,0.345
FW_AS_rep_2,GCA_027492415.1,JAPUEV010000213.1,crt,137,7.53e-38,0.338
FW_AS_rep_2,GCA_027492415.1,JAPUEV010000113.1,mmcE,682,1.069e-220,0.615
FW_AS_rep_2,GCA_027492415.1,JAPUEV010000086.1,gdh,430,4.108e-136,0.505
FW_AS_rep_2,GCA_027492415.1,JAPUEV010000315.1,thl,356,4.396e-111,0.515
FW_AS_rep_2,GCA_027492415.1,JAPUEV010000228.1,dppA,152,7.56e-40,0.281
FW_AS_rep_2,GCA_027492415.1,JAPUEV010000334.1,extracellular_protease,73,1.804e-15,0.275
FW_AS_rep_2,GCA_027492415.1,JAPUEV010000201.1,mmcG,102,5.768e-28,0.389
FW_AS_rep_2,GCA_027492415.1,JAPUEV010000186.1,pepQ,57,4.512e-11,0.245
FW_AS_rep_2,GCA_027492415.1,JAPUEV010000047.1,hydA,132,1.46e-36,0.355
FW_AS_rep_2,GCA_027492415.1,JAPUEV010000233.1,pta,175,3.733e-50,0.349
FW_AS_rep_2,GCA_027492415.1,JAPUEV010000375.1,gapA,322,5.637e-101,0.58
FW_AS_rep_2,GCA_027492415.1,JAPUEV010000242.1,crt,94,3.934e-24,0.348
FW_AS_rep_2,GCA_027492415.1,JAPUEV010000084.1,pepN,173,1.183e-45,0.33
FW_AS_rep_2,GCA_027492415.1,JAPUEV010000040.1,adh,91,1.083e-22,0.303
FW_AS_rep_2,GCA_027492415.1,JAPUEV010000259.1,mmcE,681,6.783e-221,0.629
FW_AS_rep_2,GCA_027492415.1,JAPUEV010000232.1,pepN,119,2.998e-29,0.267
FW_AS_rep_2,GCA_027492415.1,JAPUEV010000047.1,frhG,97,2.391e-25,0.35
FW_AS_rep_2,GCA_027492415.1,JAPUEV010000225.1,extracellular_protease,93,1.848e-21,0.323
FW_AS_rep_2,GCA_027492415.1,JAPUEV010000068.1,fadB,117,3.533e-31,0.363
FW_AS_rep_2,GCA_027492415.1,JAPUEV010000237.1,sucD,349,2.946e-109,0.572
FW_AS_rep_2,GCA_027492415.1,JAPUEV010000224.1,bcd,327,1.715e-101,0.461
FW_AS_rep_2,GCA_027492415.1,JAPUEV010000315.1,fadA,391,3.346e-123,0.553
FW_AS_rep_2,GCA_027492415.1,JAPUEV010000055.1,pepN,124,6.309e-31,0.258
FW_AS_rep_2,GCA_027492415.1,JAPUEV010000116.1,frhG,43,1.991e-7,0.344
FW_AS_rep_2,GCA_027492415.1,JAPUEV010000068.1,crt,279,1.116e-86,0.565
FW_AS_rep_2,GCA_027492415.1,JAPUEV010000404.1,pepQ,130,7.942e-34,0.303
FW_AS_rep_2,GCA_027492415.1,JAPUEV010000397.1,pyk,383,4.497e-119,0.481
FW_AS_rep_2,GCA_027492415.1,JAPUEV010000238.1,fadE,140,5.864e-41,0.52
FW_AS_rep_2,GCA_027492415.1,JAPUEV010000161.1,acylglycerol_lipase,46,1.226e-7,0.293
FW_AS_rep_2,GCA_027492415.1,JAPUEV010000252.1,pgi,88,2.442e-20,0.288
FW_AS_rep_2,GCA_027492415.1,JAPUEV010000292.1,etfB,180,1.025e-52,0.424
FW_AS_rep_2,GCA_027492415.1,JAPUEV010000087.1,fadB,144,1.417e-41,0.435
FW_AS_rep_2,GCA_027492415.1,JAPUEV010000210.1,bcd,228,5.901e-70,0.513
FW_AS_rep_2,GCA_027492415.1,JAPUEV010000423.1,fadD,163,1.576e-43,0.29
FW_AS_rep_2,GCA_029974415.1,JARKRL010000222.1,acs,183,3.365e-50,0.299
FW_AS_rep_2,GCA_029974415.1,JARKRL010000048.1,pepT,61,3.266e-12,0.262
FW_AS_rep_2,GCA_029974415.1,JARKRL010000048.1,susD,150,2.861e-39,0.279
FW_AS_rep_2,GCA_029974415.1,JARKRL010000155.1,esterase,136,5.02e-35,0.265
FW_AS_rep_2,GCA_029974415.1,JARKRL010000157.1,susC,366,3.277e-113,0.423
FW_AS_rep_2,GCA_029974415.1,JARKRL010000033.1,esterase,240,4.02e-69,0.346
FW_AS_rep_2,GCA_029974415.1,JARKRL010000244.1,pepD,68,1.834e-17,0.575
FW_AS_rep_2,GCA_029974415.1,JARKRL010000216.1,eda,101,3.429e-27,0.402
FW_AS_rep_2,GCA_029974415.1,JARKRL010000110.1,susD,117,4.417e-29,0.275
FW_AS_rep_2,GCA_029974415.1,JARKRL010000088.1,pfor,1420,0.0,0.614
FW_AS_rep_2,GCA_029974415.1,JARKRL010000033.1,cazy_GH13,49,3.889e-8,0.3
FW_AS_rep_2,GCA_029974415.1,JARKRL010000007.1,fadD,292,3.405e-86,0.371
FW_AS_rep_2,GCA_029974415.1,JARKRL010000187.1,susC,611,3.469e-189,0.399
FW_AS_rep_2,GCA_029974415.1,JARKRL010000113.1,acs,51,1.018e-8,0.214
FW_AS_rep_2,GCA_029974415.1,JARKRL010000033.1,gdh,551,1.441e-177,0.632
FW_AS_rep_2,GCA_029974415.1,JARKRL010000225.1,frhB,46,5.697e-8,0.403
FW_AS_rep_2,GCA_029974415.1,JARKRL010000142.1,endopeptidase,242,2.397e-69,0.513
FW_AS_rep_2,GCA_029974415.1,JARKRL010000113.1,fadD,264,3.334e-77,0.354
FW_AS_rep_2,GCA_029974415.1,JARKRL010000001.1,agl,43,9.693e-7,0.274
FW_AS_rep_2,GCA_029974415.1,JARKRL010000001.1,cazy_GH13,78,1.908e-16,0.269
FW_AS_rep_2,GCA_029974415.1,JARKRL010000088.1,xylA,505,1.194e-161,0.557
FW_AS_rep_2,GCA_029974415.1,JARKRL010000140.1,fadB,99,5.406e-25,0.313
FW_AS_rep_2,GCA_029974415.1,JARKRL010000140.1,etfA,74,1.254e-16,0.267
FW_AS_rep_2,GCA_029974415.1,JARKRL010000195.1,hydA,509,2.288e-160,0.451
FW_AS_rep_2,GCA_029974415.1,JARKRL010000225.1,pepQ,152,7.401e-40,0.298
FW_AS_rep_2,GCA_029974415.1,JARKRL010000140.1,crt,139,1.765e-38,0.347
FW_AS_rep_2,GCA_029974415.1,JARKRL010000110.1,susC,609,4.276e-188,0.372
FW_AS_rep_2,GCA_029974415.1,JARKRL010000078.1,pgi,99,9.825e-24,0.297
FW_AS_rep_2,GCA_029974415.1,JARKRL010000162.1,endopeptidase,213,5.946e-61,0.365
FW_AS_rep_2,GCA_029974415.1,JARKRL010000087.1,hydA,41,3.438e-7,0.377
FW_AS_rep_2,GCA_029974415.1,JARKRL010000227.1,pepN,171,5.38e-45,0.268
FW_AS_rep_2,GCA_029974415.1,JARKRL010000264.1,pepD,204,3.15e-62,0.521
FW_AS_rep_2,GCA_029974415.1,JARKRL010000075.1,fdhA,67,1.264e-13,0.515
FW_AS_rep_2,GCA_029974415.1,JARKRL010000088.1,susD,155,1.612e-41,0.308
FW_AS_rep_2,GCA_029974415.1,JARKRL010000078.1,cazy_GH5,58,3.399e-11,0.238
FW_AS_rep_2,GCA_029974415.1,JARKRL010000003.1,pfkA,263,9.667e-79,0.505
FW_AS_rep_2,GCA_029974415.1,JARKRL010000222.1,glcP,49,2.783e-8,0.329
FW_AS_rep_2,GCA_029974415.1,JARKRL010000071.1,fadD,312,1.138e-92,0.35
FW_AS_rep_2,GCA_029974415.1,JARKRL010000048.1,cazy_GH10,250,4.666e-75,0.391
FW_AS_rep_2,GCA_029974415.1,JARKRL010000078.1,extracellular_protease,142,4.517e-36,0.343
FW_AS_rep_2,GCA_029974415.1,JARKRL010000075.1,hydA,461,6.789e-144,0.426
FW_AS_rep_2,GCA_029974415.1,JARKRL010000222.1,fadD,232,1.449e-66,0.331
FW_AS_rep_2,GCA_029974415.1,JARKRL010000240.1,ackA,380,3.006e-119,0.51
FW_AS_rep_2,GCA_029974415.1,JARKRL010000134.1,susC,544,1.167e-165,0.355
FW_AS_rep_2,GCA_029974415.1,JARKRL010000187.1,cazy_GH13,114,1.255e-28,0.312
FW_AS_rep_2,GCA_029974415.1,JARKRL010000168.1,tdcB,95,1.326e-22,0.316
FW_AS_rep_2,GCA_029974415.1,JARKRL010000062.1,fumB,103,3.649e-28,0.422
FW_AS_rep_2,GCA_029974415.1,JARKRL010000227.1,folD,67,1.405e-16,0.532
FW_AS_rep_2,GCA_029974415.1,JARKRL010000075.1,frhG,57,1.114e-10,0.388
FW_AS_rep_2,GCA_029974415.1,JARKRL010000233.1,susC,573,1.899e-175,0.345
FW_AS_rep_2,GCA_029974415.1,JARKRL010000071.1,susD,221,4.372e-64,0.379
FW_AS_rep_2,GCA_029974415.1,JARKRL010000142.1,pepT,247,3.573e-73,0.389
FW_AS_rep_2,GCA_029974415.1,JARKRL010000001.1,susD,99,2.045e-23,0.284
FW_AS_rep_2,GCA_029974415.1,JARKRL010000140.1,fadE,105,1.262e-25,0.265
FW_AS_rep_2,GCA_029974415.1,JARKRL010000048.1,fadD,251,3.611e-73,0.331
FW_AS_rep_2,GCA_029974415.1,JARKRL010000195.1,fdhA,57,1.752e-10,0.4
FW_AS_rep_2,GCA_029974415.1,JARKRL010000122.1,pepT,111,3.568e-30,0.423
FW_AS_rep_2,GCA_029974415.1,JARKRL010000004.1,fadA,319,4.547e-98,0.477
FW_AS_rep_2,GCA_029974415.1,JARKRL010000033.1,susC,601,1.936e-185,0.365
FW_AS_rep_2,GCA_029974415.1,JARKRL010000088.1,susC,550,8.733e-168,0.349
FW_AS_rep_2,GCA_029974415.1,JARKRL010000226.1,acs,70,8.621e-15,0.252
FW_AS_rep_2,GCA_029974415.1,JARKRL010000187.1,susD,119,1.152e-29,0.266
FW_AS_rep_2,GCA_029974415.1,JARKRL010000048.1,cazy_GH43,68,1.948e-14,0.276
FW_AS_rep_2,GCA_029974415.1,JARKRL010000233.1,susD,142,2.677e-37,0.3
FW_AS_rep_2,GCA_029974415.1,JARKRL010000075.1,pepT,74,7.736e-16,0.287
FW_AS_rep_2,GCA_029974415.1,JARKRL010000176.1,pfor,199,5.509e-61,0.596
FW_AS_rep_2,GCA_029974415.1,JARKRL010000211.1,susC,446,5.559e-132,0.312
FW_AS_rep_2,GCA_029974415.1,JARKRL010000142.1,pepQ,67,2.496e-14,0.278
FW_AS_rep_2,GCA_029974415.1,JARKRL010000004.1,thl,360,2.427e-112,0.508
FW_AS_rep_2,GCA_029974415.1,JARKRL010000142.1,frhG,43,9.26e-7,0.387
FW_AS_rep_2,GCA_029974415.1,JARKRL010000142.1,frhB,43,9.26e-7,0.396
FW_AS_rep_2,GCA_029974415.1,JARKRL010000031.1,pepQ,176,1.279e-47,0.314
FW_AS_rep_2,GCA_029974415.1,JARKRL010000140.1,bcd,125,4.168e-32,0.281
FW_AS_rep_2,GCA_029974415.1,JARKRL010000071.1,acs,89,3.943e-20,0.216
FW_AS_rep_2,GCA_029974415.1,JARKRL010000186.1,fhs,604,2.063e-193,0.547
FW_AS_rep_2,GCA_029974415.1,JARKRL010000048.1,susC,644,2.311e-199,0.39
FW_AS_rep_2,GCA_029974415.1,JARKRL010000178.1,cazy_GH9,165,2.588e-44,0.324
FW_AS_rep_2,GCA_029974415.1,JARKRL010000142.1,rnfB,78,5.345e-18,0.319
FW_AS_rep_2,GCA_029974415.1,JARKRL010000088.1,pepQ,95,1.635e-22,0.294
FW_AS_rep_2,GCA_029974415.1,JARKRL010000225.1,hydA,50,3.056e-9,0.388
FW_AS_rep_2,GCA_029974415.1,JARKRL010000001.1,susC,704,2.898e-221,0.444
FW_AS_rep_2,GCA_029974415.1,JARKRL010000240.1,gapA,490,1.405e-158,0.714
FW_AS_rep_2,GCA_029974415.1,JARKRL010000178.1,esterase,178,1.286e-48,0.317
FW_AS_rep_2,GCA_029974415.1,JARKRL010000004.1,acs,64,1.04e-12,0.234
FW_AS_rep_2,GCA_029974415.1,JARKRL010000033.1,susD,162,1.316e-43,0.299
FW_AS_rep_2,GCA_029974415.1,JARKRL010000007.1,acs,61,8.227e-12,0.211
FW_AS_rep_2,GCA_029974415.1,JARKRL010000247.1,gapA,512,3.518e-165,0.73
FW_AS_rep_2,GCA_029974415.1,JARKRL010000075.1,rnfB,44,8.698e-9,0.425
FW_AS_rep_2,GCA_029974415.1,JARKRL010000071.1,susC,734,5.772e-231,0.433
FW_AS_rep_2,GCA_029974415.1,JARKRL010000178.1,susD,123,4.54e-31,0.27
FW_AS_rep_2,GCA_029974415.1,JARKRL010000225.1,rnfB,41,3.306e-6,0.328
FW_AS_rep_2,GCA_029974415.1,JARKRL010000155.1,susD,117,3.941e-29,0.258
FW_AS_rep_2,GCA_029974415.1,JARKRL010000187.1,agl,112,5.395e-28,0.266
FW_AS_rep_2,GCA_029974415.1,JARKRL010000087.1,pfor,161,1.406e-44,0.319
FW_AS_rep_2,GCA_029974415.1,JARKRL010000003.1,cazy_GH5,114,8.645e-29,0.33
FW_AS_rep_2,GCA_029974415.1,JARKRL010000142.1,pepD,504,1.649e-160,0.503
FW_AS_rep_2,GCA_029974415.1,JARKRL010000152.1,ilvE,250,2.656e-75,0.429
FW_AS_rep_2,GCA_029974415.1,JARKRL010000088.1,glcP,197,1.421e-55,0.312
FW_AS_rep_2,GCA_029974415.1,JARKRL010000225.1,dtpT,101,1.88e-24,0.249
FW_AS_rep_2,GCA_029974415.1,JARKRL010000240.1,pta,130,4.204e-35,0.329
FW_AS_rep_2,GCA_029974415.1,JARKRL010000158.1,pepT,59,1.27e-14,0.54
FW_AS_rep_2,GCA_029974415.1,JARKRL010000225.1,frhG,41,1.195e-7,0.323
FW_AS_rep_2,GCA_029974415.1,JARKRL010000272.1,endopeptidase,286,1.365e-86,0.437
FW_AS_rep_2,GCA_029974415.1,JARKRL010000226.1,fadD,115,2.073e-29,0.283
FW_AS_rep_2,GCA_029974415.1,JARKRL010000033.1,agl,49,5.129e-8,0.35
FW_AS_rep_2,GCA_029974415.1,JARKRL010000004.1,cat,286,4.441e-90,0.652
FW_AS_rep_2,GCA_029974415.1,JARKRL010000155.1,susC,563,2.908e-171,0.372
FW_AS_rep_2,GCA_029974415.1,JARKRL010000178.1,susC,662,1.063e-204,0.4
FW_AS_rep_2,GCA_029974415.1,JARKRL010000075.1,pepD,452,9.352e-143,0.482
FW_AS_rep_2,GCA_029974415.1,JARKRL010000033.1,mmcE,498,3.713e-155,0.519
FW_AS_rep_2,GCA_029974415.1,JARKRL010000048.1,acs,86,2.108e-19,0.249
FW_AS_rep_2,GCA_029974415.1,JARKRL010000142.1,dtpT,204,1.459e-57,0.313
FW_AS_rep_2,GCA_029974415.1,JARKRL010000217.1,pfor,188,2.212e-53,0.341
FW_AS_rep_2,GCA_029974415.1,JARKRL010000033.1,mmcF,133,9.477e-34,0.518
FW_AS_rep_2,GCA_029974415.1,JARKRL010000004.1,fadD,240,3.724e-69,0.355
FW_AS_rep_2,GCA_036847425.1,DAIUAA010000014.1,fadE,228,4.2e-67,0.376
FW_AS_rep_2,GCA_036847425.1,DAIUAA010000024.1,fadE,270,1.72e-81,0.43
FW_AS_rep_2,GCA_036847425.1,DAIUAA010000022.1,crt,137,8.305e-38,0.343
FW_AS_rep_2,GCA_036847425.1,DAIUAA010000005.1,fadD,232,1.449e-66,0.331
FW_AS_rep_2,GCA_036847425.1,DAIUAA010000004.1,hbd,169,4.167e-48,0.353
FW_AS_rep_2,GCA_036847425.1,DAIUAA010000055.1,bcd,201,3.727e-58,0.356
FW_AS_rep_2,GCA_036847425.1,DAIUAA010000007.1,acs,176,1.018e-47,0.291
FW_AS_rep_2,GCA_036847425.1,DAIUAA010000029.1,acs,90,1.96e-20,0.236
FW_AS_rep_2,GCA_036847425.1,DAIUAA010000004.1,etfA,161,1.26e-43,0.361
FW_AS_rep_2,GCA_036847425.1,DAIUAA010000021.1,fadD,143,1.026e-37,0.299
FW_AS_rep_2,GCA_036847425.1,DAIUAA010000027.1,hydA,72,1.023e-15,0.451
FW_AS_rep_2,GCA_036847425.1,DAIUAA010000012.1,fadA,280,9.856e-85,0.422
FW_AS_rep_2,GCA_036847425.1,DAIUAA010000001.1,fadB,81,5.275e-19,0.265
FW_AS_rep_2,GCA_036847425.1,DAIUAA010000035.1,hydA,44,7.675e-7,0.372
FW_AS_rep_2,GCA_036847425.1,DAIUAA010000009.1,mmcE,300,9.253e-85,0.386
FW_AS_rep_2,GCA_036847425.1,DAIUAA010000003.1,pepD,439,4.189e-137,0.478
FW_AS_rep_2,GCA_036847425.1,DAIUAA010000004.1,bcd,164,5.569e-45,0.305
FW_AS_rep_2,GCA_036847425.1,DAIUAA010000009.1,etfB,123,4.62e-33,0.363
FW_AS_rep_2,GCA_036847425.1,DAIUAA010000002.1,sucD,65,5.132e-13,0.271
FW_AS_rep_2,GCA_036847425.1,DAIUAA010000026.1,fadB,77,3.34e-17,0.279
FW_AS_rep_2,GCA_036847425.1,DAIUAA010000006.1,etfA,139,9.746e-39,0.359
FW_AS_rep_2,GCA_036847425.1,DAIUAA010000222.1,pepQ,146,1.366e-40,0.411
FW_AS_rep_2,GCA_036847425.1,DAIUAA010000024.1,hbd,243,1.03e-73,0.464
FW_AS_rep_2,GCA_036847425.1,DAIUAA010000022.1,fadB,99,5.406e-25,0.313
FW_AS_rep_2,GCA_036847425.1,DAIUAA010000024.1,fadA,278,2.77e-84,0.438
FW_AS_rep_2,GCA_036847425.1,DAIUAA010000021.1,acs,121,8.382e-31,0.317
FW_AS_rep_2,GCA_036847425.1,DAIUAA010000009.1,etfA,167,2.755e-47,0.365
FW_AS_rep_2,GCA_036847425.1,DAIUAA010000030.1,frhG,48,7.2e-8,0.354
FW_AS_rep_2,GCA_036847425.1,DAIUAA010000034.1,acs,164,2.178e-44,0.28
FW_AS_rep_2,GCA_036847425.1,DAIUAA010000044.1,acs,94,9.066e-22,0.229
FW_AS_rep_2,GCA_036847425.1,DAIUAA010000008.1,bcd,108,3.282e-26,0.267
FW_AS_rep_2,GCA_036847425.1,DAIUAA010000033.1,edd,266,9.915e-78,0.337
FW_AS_rep_2,GCA_036847425.1,DAIUAA010000015.1,fadB,101,1.179e-25,0.385
FW_AS_rep_2,GCA_036847425.1,DAIUAA010000033.1,fadB,102,1.519e-25,0.295
FW_AS_rep_2,GCA_036847425.1,DAIUAA010000006.1,hbd,257,2.687e-77,0.421
FW_AS_rep_2,GCA_036847425.1,DAIUAA010000045.1,pepQ,80,3.582e-18,0.29
FW_AS_rep_2,GCA_036847425.1,DAIUAA010000065.1,adhE,143,2.128e-38,0.355
FW_AS_rep_2,GCA_036847425.1,DAIUAA010000033.1,etfA,92,1.839e-22,0.337
FW_AS_rep_2,GCA_036847425.1,DAIUAA010000015.1,etfA,102,4.727e-26,0.31
FW_AS_rep_2,GCA_036847425.1,DAIUAA010000142.1,acs,94,8.4e-22,0.241
FW_AS_rep_2,GCA_036847425.1,DAIUAA010000035.1,frhG,44,6.638e-7,0.38
FW_AS_rep_2,GCA_036847425.1,DAIUAA010000098.1,frhB,45,9.836e-7,0.414
FW_AS_rep_2,GCA_036847425.1,DAIUAA010000028.1,rnfB,53,3.924e-9,0.252
FW_AS_rep_2,GCA_036847425.1,DAIUAA010000075.1,fdhA,73,3.449e-15,0.223
FW_AS_rep_2,GCA_036847425.1,DAIUAA010000008.1,fadA,286,2.927e-86,0.425
FW_AS_rep_2,GCA_036847425.1,DAIUAA010000012.1,fadB,209,5.094e-62,0.42
FW_AS_rep_2,GCA_036847425.1,DAIUAA010000008.1,lctB,91,5.453e-21,0.314
FW_AS_rep_2,GCA_036847425.1,DAIUAA010000024.1,fadB,155,5.069e-44,0.452
FW_AS_rep_2,GCA_036847425.1,DAIUAA010000022.1,bcd,124,5.599e-32,0.281
FW_AS_rep_2,GCA_036847425.1,DAIUAA010000006.1,crt,207,8.801e-62,0.457
FW_AS_rep_2,GCA_036847425.1,DAIUAA010000003.1,acs,104,7.866e-25,0.231
FW_AS_rep_2,GCA_036847425.1,DAIUAA010000006.1,fadB,197,8.457e-57,0.362
FW_AS_rep_2,GCA_036847425.1,DAIUAA010000002.1,pyk,122,6.02e-32,0.288
FW_AS_rep_2,GCA_036847425.1,DAIUAA010000022.1,fadE,106,7.066e-26,0.265
FW_AS_rep_2,GCA_036847425.1,DAIUAA010000033.1,fadE,368,7.096e-115,0.487
FW_AS_rep_2,GCA_036847425.1,DAIUAA010000028.1,hydA,99,2.411e-25,0.285
FW_AS_rep_2,GCA_036847425.1,DAIUAA010000054.1,fdhA,65,4.652e-14,0.256
FW_AS_rep_2,GCA_036847425.1,DAIUAA010000029.1,cazy_GH13,80,1.887e-17,0.278
FW_AS_rep_2,GCA_036847425.1,DAIUAA010000030.1,pfor,42,3.802e-7,0.254
FW_AS_rep_2,GCA_036847425.1,DAIUAA010000014.1,acs,129,6.861e-33,0.266
FW_AS_rep_2,GCA_036847425.1,DAIUAA010000047.1,acs,133,4.955e-34,0.263
FW_AS_rep_2,GCA_036847425.1,DAIUAA010000074.1,thl,40,3.141e-8,0.62
FW_AS_rep_2,GCA_036847425.1,DAIUAA010000024.1,crt,231,4.353e-70,0.491
FW_AS_rep_2,GCA_036847425.1,DAIUAA010000030.1,acs,151,1.369e-39,0.275
FW_AS_rep_2,GCA_036847425.1,DAIUAA010000006.1,fdhA,60,9.654e-12,0.233
FW_AS_rep_2,GCA_036847425.1,DAIUAA010000002.1,acylglycerol_lipase,51,3.029e-9,0.275
FW_AS_rep_2,GCA_036847425.1,DAIUAA010000165.1,fdhA,488,1.614e-154,0.485
FW_AS_rep_2,GCA_036847425.1,DAIUAA010000009.1,thl,306,2.716e-93,0.463
FW_AS_rep_2,GCA_036847425.1,DAIUAA010000006.1,fadE,100,9.847e-24,0.28
FW_AS_rep_2,GCA_036847425.1,DAIUAA010000047.1,fadD,165,1.986e-44,0.305
FW_AS_rep_2,GCA_036847425.1,DAIUAA010000030.1,lysophospholipase,45,2.909e-7,0.342
FW_AS_rep_2,GCA_036847425.1,DAIUAA010000052.1,fadD,141,2.329e-36,0.299
FW_AS_rep_2,GCA_036847425.1,DAIUAA010000024.1,bcd,296,1.417e-90,0.409
FW_AS_rep_2,GCA_036847425.1,DAIUAA010000009.1,pgi,77,3.304e-16,0.244
FW_AS_rep_2,GCA_036847425.1,DAIUAA010000040.1,hydA,43,2.639e-8,0.346
FW_AS_rep_2,GCA_036847425.1,DAIUAA010000006.1,hydA,109,1.423e-27,0.321
FW_AS_rep_2,GCA_036847425.1,DAIUAA010000077.1,fadE,143,7.006e-37,0.311
FW_AS_rep_2,GCA_036847425.1,DAIUAA010000081.1,thl,273,5.976e-82,0.426
FW_AS_rep_2,GCA_036847425.1,DAIUAA010000052.1,etfB,218,1.116e-65,0.492
FW_AS_rep_2,GCA_036847425.1,DAIUAA010000104.1,fadA,330,5.265e-102,0.491
FW_AS_rep_2,GCA_036847425.1,DAIUAA010000014.1,pepQ,132,3.862e-35,0.332
FW_AS_rep_2,GCA_036847425.1,DAIUAA010000142.1,fadD,323,1.828e-96,0.396
FW_AS_rep_2,GCA_036847425.1,DAIUAA010000003.1,fadD,227,1.038e-63,0.322
FW_AS_rep_2,GCA_036847425.1,DAIUAA010000001.1,gdh,614,2.474e-198,0.672
FW_AS_rep_2,GCA_036847425.1,DAIUAA010000004.1,fdhA,250,1.223e-68,0.297
FW_AS_rep_2,GCA_036847425.1,DAIUAA010000033.1,bcd,409,5.082e-129,0.546
FW_AS_rep_2,GCA_036847425.1,DAIUAA010000052.1,fadB,240,4.895e-68,0.372
FW_AS_rep_2,GCA_036847425.1,DAIUAA010000002.1,oppA,215,1.664e-60,0.306
FW_AS_rep_2,GCA_036847425.1,DAIUAA010000005.1,frhB,48,4.35e-8,0.396
FW_AS_rep_2,GCA_036847425.1,DAIUAA010000012.1,thl,383,2.547e-120,0.505
FW_AS_rep_2,GCA_036847425.1,DAIUAA010000004.1,etfB,132,8.484e-36,0.399
FW_AS_rep_2,GCA_036847425.1,DAIUAA010000005.1,glcP,49,2.783e-8,0.329
FW_AS_rep_2,GCA_036847425.1,DAIUAA010000015.1,gapA,253,7.747e-76,0.387
FW_AS_rep_2,GCA_036847425.1,DAIUAA010000005.1,aldh,65,5.456e-13,0.315
FW_AS_rep_2,GCA_036847425.1,DAIUAA010000036.1,fhs,630,5.506e-203,0.556
FW_AS_rep_2,GCA_036847425.1,DAIUAA010000005.1,frhG,42,2.972e-6,0.333
FW_AS_rep_2,GCA_036847425.1,DAIUAA010000005.1,adhE,82,3.28e-18,0.235
FW_AS_rep_2,GCA_036847425.1,DAIUAA010000031.1,crt,111,9.301e-28,0.346
FW_AS_rep_2,GCA_036847425.1,DAIUAA010000055.1,fadE,244,7.561e-73,0.379
FW_AS_rep_2,GCA_036847425.1,DAIUAA010000046.1,adh,51,2.44e-9,0.247
FW_AS_rep_2,GCA_036847425.1,DAIUAA010000030.1,mdh,123,4.505e-34,0.39
FW_AS_rep_2,GCA_036847425.1,DAIUAA010000007.1,fadE,397,1.276e-125,0.52
FW_AS_rep_2,GCA_036847425.1,DAIUAA010000005.1,acs,183,3.365e-50,0.299
FW_AS_rep_2,GCA_036847425.1,DAIUAA010000027.1,frhB,55,3.179e-10,0.522
FW_AS_rep_2,GCA_036847425.1,DAIUAA010000024.1,etfA,154,9.442e-44,0.397
FW_AS_rep_2,GCA_036847425.1,DAIUAA010000030.1,rnfB,47,9.925e-9,0.354
FW_AS_rep_2,GCA_036847425.1,DAIUAA010000001.1,rnfB,42,3.715e-6,0.38
FW_AS_rep_2,GCA_036847425.1,DAIUAA010000002.1,thl,57,1.175e-10,0.376
FW_AS_rep_2,GCA_036847425.1,DAIUAA010000033.1,acs,206,9.828e-58,0.324
FW_AS_rep_2,GCA_036847425.1,DAIUAA010000033.1,crt,170,5.764e-49,0.384
FW_AS_rep_2,GCA_036847425.1,DAIUAA010000002.1,hydA,45,5.719e-7,0.422
FW_AS_rep_2,GCA_036847425.1,DAIUAA010000112.1,thl,74,5.389e-16,0.25
FW_AS_rep_2,GCA_036847425.1,DAIUAA010000003.1,bcd,387,3.139e-122,0.557
FW_AS_rep_2,GCA_036847425.1,DAIUAA010000024.1,adh,49,1.215e-8,0.282
FW_AS_rep_2,GCA_036847425.1,DAIUAA010000001.1,acylglycerol_lipase,51,4.63e-9,0.303
FW_AS_rep_2,GCA_036847425.1,DAIUAA010000041.1,acs,790,7.922e-256,0.588
FW_AS_rep_2,GCA_036847425.1,DAIUAA010000033.1,gapA,338,5.09e-106,0.528
FW_AS_rep_2,GCA_036847425.1,DAIUAA010000006.1,frhG,43,1.02e-6,0.381
FW_AS_rep_2,GCA_036847425.1,DAIUAA010000026.1,acs,548,2.682e-173,0.442
FW_AS_rep_2,GCA_036847425.1,DAIUAA010000030.1,bcd,129,8.845e-32,0.301
FW_AS_rep_2,GCA_036847425.1,DAIUAA010000001.1,crt,149,2.236e-42,0.384
FW_AS_rep_2,GCA_036847425.1,DAIUAA010000001.1,acs,176,4.621e-48,0.296
FW_AS_rep_2,GCA_036847425.1,DAIUAA010000006.1,frhB,55,1.32e-10,0.407
FW_AS_rep_2,GCA_036847425.1,DAIUAA010000004.1,fadA,285,1.774e-86,0.44
FW_AS_rep_2,GCA_036847425.1,DAIUAA010000090.1,acs,71,1.281e-14,0.207
FW_AS_rep_2,GCA_036847425.1,DAIUAA010000081.1,fadD,267,6.076e-79,0.37
FW_AS_rep_2,GCA_036847425.1,DAIUAA010000004.1,fadD,99,2.184e-23,0.28
FW_AS_rep_2,GCA_036847425.1,DAIUAA010000014.1,bcd,241,1.477e-71,0.382
FW_AS_rep_2,GCA_036847425.1,DAIUAA010000009.1,fadA,282,4.811e-85,0.426
FW_AS_rep_2,GCA_036847425.1,DAIUAA010000026.1,crt,139,2.197e-37,0.361
FW_AS_rep_2,GCA_036847425.1,DAIUAA010000033.1,fadD,225,4.886e-64,0.331
FW_AS_rep_2,GCA_036847425.1,DAIUAA010000002.1,dppB,253,1.03e-76,0.414
FW_AS_rep_2,GCA_036847425.1,DAIUAA010000013.1,adh,80,1.125e-18,0.243
FW_AS_rep_2,GCA_036847425.1,DAIUAA010000009.1,adh,59,6.436e-12,0.284
FW_AS_rep_2,GCA_036847425.1,DAIUAA010000104.1,hbd,139,2.362e-35,0.338
FW_AS_rep_2,GCA_036847425.1,DAIUAA010000078.1,endopeptidase,291,1.856e-88,0.498
FW_AS_rep_2,GCA_036847425.1,DAIUAA010000027.1,frhG,52,1.75e-9,0.5
FW_AS_rep_2,GCA_036847425.1,DAIUAA010000104.1,fadB,143,1.447e-36,0.348
FW_AS_rep_2,GCA_036847425.1,DAIUAA010000008.1,thl,376,4.909e-117,0.517
FW_AS_rep_2,GCA_036847425.1,DAIUAA010000031.1,thl,393,3.202e-124,0.548
FW_AS_rep_2,GCA_036847425.1,DAIUAA010000008.1,fadE,127,4.264e-32,0.324
FW_AS_rep_2,GCA_036847425.1,DAIUAA010000014.1,adhE,150,2.995e-40,0.303
FW_AS_rep_2,GCA_036847425.1,DAIUAA010000017.1,acs,157,8.018e-42,0.274
FW_AS_rep_2,GCA_036847425.1,DAIUAA010000009.1,fdhA,552,3.449e-176,0.533
FW_AS_rep_2,GCA_036847425.1,DAIUAA010000001.1,bcd,275,4.918e-83,0.386
FW_AS_rep_2,GCA_036847425.1,DAIUAA010000028.1,bcd,108,5.534e-27,0.323
FW_AS_rep_2,GCA_036847425.1,DAIUAA010000039.1,frhB,46,2.911e-7,0.355
FW_AS_rep_2,GCA_036847425.1,DAIUAA010000049.1,tdcB,74,3.259e-16,0.29
FW_AS_rep_2,GCA_036847425.1,DAIUAA010000001.1,hydA,48,5.402e-8,0.417
FW_AS_rep_2,GCA_036847425.1,DAIUAA010000003.1,pepT,76,3.298e-16,0.311
FW_AS_rep_2,GCA_036847425.1,DAIUAA010000002.1,cat,70,1.915e-15,0.273
FW_AS_rep_2,GCA_036847425.1,DAIUAA010000036.1,cazy_GH13,79,3.063e-17,0.266
FW_AS_rep_2,GCA_036847425.1,DAIUAA010000044.1,fadD,325,1.037e-96,0.369
FW_AS_rep_2,GCA_036847425.1,DAIUAA010000035.1,fadD,331,2.389e-99,0.396
FW_AS_rep_2,GCA_036847425.1,DAIUAA010000014.1,sucD,43,4.977e-6,0.218
FW_AS_rep_2,GCA_036847425.1,DAIUAA010000054.1,lctC,41,3.654e-6,0.282
FW_AS_rep_2,GCA_036847425.1,DAIUAA010000025.1,pyk,354,8.68e-109,0.434
FW_AS_rep_2,GCA_036847425.1,DAIUAA010000030.1,mmcG,61,1.882e-13,0.358
FW_AS_rep_2,GCA_036847425.1,DAIUAA010000077.1,bcd,125,2.357e-31,0.278
FW_AS_rep_2,GCA_036847425.1,DAIUAA010000001.1,fadD,214,1.389e-60,0.327
FW_AS_rep_2,GCA_036847425.1,DAIUAA010000002.1,fdhA,300,1.256e-86,0.32
FW_AS_rep_2,GCA_036847425.1,DAIUAA010000030.1,frhB,45,4.549e-8,0.261
FW_AS_rep_2,GCA_036847425.1,DAIUAA010000003.1,fadE,290,1.296e-88,0.472
FW_AS_rep_2,GCA_036847425.1,DAIUAA010000004.1,fadB,334,3.824e-99,0.333
FW_AS_rep_2,GCA_036847425.1,DAIUAA010000034.1,tdcB,211,6.216e-62,0.359
FW_AS_rep_2,GCA_036847425.1,DAIUAA010000042.1,bgl,343,1.109e-104,0.41
FW_AS_rep_2,GCA_036847425.1,DAIUAA010000040.1,frhB,45,5.377e-9,0.344
FW_AS_rep_2,GCA_036847425.1,DAIUAA010000104.1,etfA,44,2.402e-6,0.34
FW_AS_rep_2,GCA_036847425.1,DAIUAA010000009.1,fadE,275,2.314e-83,0.435
FW_AS_rep_2,GCA_036847425.1,DAIUAA010000028.1,pfor,174,6.416e-49,0.361
FW_AS_rep_2,GCA_036847425.1,DAIUAA010000008.1,lysophospholipase,68,8.241e-15,0.353
FW_AS_rep_2,GCA_036847425.1,DAIUAA010000003.1,tdcB,73,3.942e-16,0.275
FW_AS_rep_2,GCA_036847425.1,DAIUAA010000006.1,bcd,108,1.892e-26,0.25
FW_AS_rep_2,GCA_036847425.1,DAIUAA010000035.1,frhB,49,2.621e-8,0.407
FW_AS_rep_2,GCA_036847425.1,DAIUAA010000018.1,fadB,108,2.388e-27,0.299
FW_AS_rep_2,GCA_036847425.1,DAIUAA010000002.1,dppC,262,5.222e-80,0.482
FW_AS_rep_2,GCA_036847425.1,DAIUAA010000038.1,crt,150,5.63e-42,0.358
FW_AS_rep_2,GCA_036847425.1,DAIUAA010000063.1,mmcG,43,5.399e-7,0.275
FW_AS_rep_2,GCA_036847425.1,DAIUAA010000031.1,acylglycerol_lipase,57,7.205e-11,0.352
FW_AS_rep_2,GCA_036847425.1,DAIUAA010000054.1,rnfB,40,4.87e-6,0.245
FW_AS_rep_2,GCA_036847425.1,DAIUAA010000026.1,fadD,130,6.905e-33,0.293
FW_AS_rep_2,GCA_036847425.1,DAIUAA010000001.1,frhB,44,5.169e-7,0.333
FW_AS_rep_2,GCA_036847425.1,DAIUAA010000081.1,fadA,315,1.949e-96,0.461
FW_AS_rep_2,GCA_036847425.1,DAIUAA010000004.1,fadE,209,1.707e-60,0.367
FW_AS_rep_2,GCA_036847425.1,DAIUAA010000028.1,fadE,111,5.231e-28,0.301
FW_AS_rep_2,GCA_036847425.1,DAIUAA010000044.1,etfA,57,5.287e-11,0.27
FW_AS_rep_2,GCA_036847425.1,DAIUAA010000001.1,cat,111,7.568e-27,0.329
FW_AS_rep_2,GCA_036847425.1,DAIUAA010000076.1,pfkA,192,6.973e-55,0.389
FW_AS_rep_2,GCA_036847425.1,DAIUAA010000039.1,frhG,41,6.331e-6,0.35
FW_AS_rep_2,GCA_036847425.1,DAIUAA010000003.1,fdhA,209,4.912e-57,0.29
FW_AS_rep_2,GCA_036847425.1,DAIUAA010000029.1,fadD,295,1.457e-86,0.387
FW_AS_rep_2,GCA_036847425.1,DAIUAA010000054.1,hydA,136,4.5e-38,0.327
FW_AS_rep_2,GCA_036847425.1,DAIUAA010000011.1,folD,334,1.166e-105,0.604
FW_AS_rep_2,GCA_036847425.1,DAIUAA010000017.1,bcd,128,2.677e-32,0.271
FW_AS_rep_2,GCA_036847425.1,DAIUAA010000009.1,hydA,126,3.481e-33,0.322
FW_AS_rep_2,GCA_036847425.1,DAIUAA010000002.1,oppB,261,9.772e-80,0.5
FW_AS_rep_2,GCA_036847425.1,DAIUAA010000028.1,frhG,40,5.121e-6,0.431
FW_AS_rep_2,GCA_036847425.1,DAIUAA010000015.1,pfkA,314,6.275e-98,0.53
FW_AS_rep_2,GCA_036847425.1,DAIUAA010000022.1,etfA,74,1.254e-16,0.267
FW_AS_rep_2,GCA_036847425.1,DAIUAA010000028.1,fadD,120,1.539e-32,0.376
FW_AS_rep_2,GCA_036847425.1,DAIUAA010000081.1,acs,173,3.465e-47,0.289
FW_AS_rep_2,GCA_036847425.1,DAIUAA010000003.1,pfor,42,5.021e-6,0.277
FW_AS_rep_2,GCA_036847425.1,DAIUAA010000026.1,etfA,94,1.187e-22,0.3
FW_AS_rep_2,GCA_036847425.1,DAIUAA010000001.1,fadE,233,1.385e-68,0.328
FW_AS_rep_2,GCA_036847425.1,DAIUAA010000019.1,pfor,44,2.079e-6,0.342
FW_AS_rep_2,GCA_036847425.1,DAIUAA010000008.1,acylglycerol_lipase,193,5.781e-57,0.39
FW_AS_rep_2,GCA_036847425.1,DAIUAA010000003.1,adhE,209,2.997e-60,0.362
FW_AS_rep_2,GCA_036847425.1,DAIUAA010000018.1,hbd,142,7.799e-39,0.36
FW_AS_rep_2,GCA_036847425.1,DAIUAA010000001.1,etfA,101,1.525e-25,0.318
FW_AS_rep_2,GCA_036847425.1,DAIUAA010000052.1,etfA,252,1.703e-76,0.475
FW_AS_rep_2,GCA_036847425.1,DAIUAA010000013.1,fdhA,539,8.187e-172,0.519
FW_AS_rep_2,GCA_036847425.1,DAIUAA010000004.1,crt,92,5.438e-21,0.283
FW_AS_rep_2,GCA_036847425.1,DAIUAA010000004.1,thl,209,1.869e-60,0.357
FW_AS_rep_2,GCA_036847425.1,DAIUAA010000014.1,etfA,85,2.153e-20,0.292
FW_AS_rep_2,GCA_036847425.1,DAIUAA010000014.1,fadD,314,1.209e-93,0.377
FW_AS_rep_2,GCA_036847425.1,DAIUAA010000104.1,crt,62,7.311e-12,0.298
FW_AS_rep_2,GCA_036847425.1,DAIUAA010000010.1,adhE,217,2.589e-63,0.364
FW_AS_rep_2,GCA_036847425.1,DAIUAA010000052.1,acs,839,9.502e-273,0.608
FW_AS_rep_2,GCA_036847425.1,DAIUAA010000027.1,pfor,50,7.232e-9,0.259
FW_AS_rep_2,GCA_036847425.1,DAIUAA010000034.1,fadD,243,1.539e-70,0.335
FW_AS_rep_2,GCA_036847425.1,DAIUAA010000028.1,frhB,41,2.429e-6,0.392
FW_AS_rep_2,GCA_036847425.1,DAIUAA010000002.1,frhG,55,3.955e-10,0.512
FW_AS_rep_2,GCA_036847425.1,DAIUAA010000044.1,fadB,92,2.587e-22,0.343
FW_AS_rep_2,GCA_036847425.1,DAIUAA010000035.1,acs,137,5.278e-35,0.252
FW_AS_rep_2,GCA_036847425.1,DAIUAA010000024.1,thl,306,1.226e-93,0.462
FW_AS_rep_2,GCA_036847425.1,DAIUAA010000017.1,fadE,132,2.085e-33,0.294
FW_AS_rep_2,GCA_036847425.1,DAIUAA010000027.1,rnfB,70,4.364e-15,0.282
FW_AS_rep_2,GCA_036847425.1,DAIUAA010000012.1,hbd,306,1.162e-95,0.525
FW_AS_rep_2,GCA_036847425.1,DAIUAA010000143.1,mmcG,68,1.288e-14,0.345
FW_AS_rep_2,GCA_036847425.1,DAIUAA010000052.1,crt,203,5.244e-56,0.423
FW_AS_rep_2,GCA_036847425.1,DAIUAA010000031.1,fadA,309,3.204e-95,0.467
FW_AS_rep_2,GCA_036847425.1,DAIUAA010000007.1,bcd,256,4.507e-77,0.383
FW_AS_rep_2,GCA_036847425.1,DAIUAA010000030.1,hydA,57,4.615e-12,0.376
FW_AS_rep_2,GCA_036847425.1,DAIUAA010000017.1,fadD,194,1.134e-53,0.302
FW_AS_rep_2,GCA_036847425.1,DAIUAA010000028.1,acs,72,2.301e-16,0.285
FW_AS_rep_2,GCA_036847425.1,DAIUAA010000044.1,crt,88,5.099e-21,0.255
FW_AS_rep_2,GCA_036847425.1,DAIUAA010000015.1,crt,150,2.98e-42,0.391
FW_AS_rep_2,GCA_036847425.1,DAIUAA010000004.1,acs,125,1.908e-31,0.259
FW_AS_rep_2,GCA_036847425.1,DAIUAA010000030.1,fadE,134,1.87e-33,0.301
FW_AS_rep_2,GCA_036847425.1,DAIUAA010000008.1,extracellular_protease,181,3.411e-50,0.385
FW_AS_rep_2,GCA_036847425.1,DAIUAA010000009.1,fumB,71,1.754e-15,0.284
FW_AS_rep_2,GCA_036847425.1,DAIUAA010000052.1,hbd,228,3.908e-64,0.375
FW_AS_rep_2,GCA_036847425.1,DAIUAA010000028.1,fdhA,51,1.566e-9,0.376
FW_AS_rep_2,GCA_036847425.1,DAIUAA010000009.1,bcd,385,3.614e-121,0.524
FW_AS_rep_2,GCA_036847425.1,DAIUAA010000056.1,fadD,181,5.604e-49,0.302
FW_AS_rep_2,GCA_036847425.1,DAIUAA010000007.1,fdhA,324,1.851e-94,0.328
FW_AS_rep_2,GCA_036847425.1,DAIUAA010000030.1,fadD,228,6.264e-65,0.312
FW_AS_rep_2,GCA_036847425.1,DAIUAA010000030.1,acylglycerol_lipase,73,5.913e-16,0.3
FW_AS_rep_2,GCA_036847425.1,DAIUAA010000090.1,fadD,288,4.415e-84,0.333
FW_AS_rep_2,GCA_036847425.1,DAIUAA010000014.1,crt,157,1.106e-44,0.378
FW_AS_rep_2,GCA_036847425.1,DAIUAA010000002.1,dppA,229,2.344e-65,0.32
FW_AS_rep_2,GCA_036847425.1,DAIUAA010000009.1,cat,111,5.47e-28,0.337
FW_AS_rep_2,GCA_036847425.1,DAIUAA010000034.1,pfor,128,5.516e-33,0.293
FW_AS_rep_2,GCA_036847425.1,DAIUAA010000041.1,fadD,126,1.939e-31,0.285
FW_AS_rep_2,GCA_036847425.1,DAIUAA010000104.1,thl,257,4.706e-77,0.402
FW_AS_rep_2,GCA_036847425.1,DAIUAA010000002.1,frhB,51,6.516e-9,0.439
FW_AS_rep_2,GCA_036847425.1,DAIUAA010000007.1,fadD,192,5.249e-53,0.302
FW_AS_rep_2,GCA_937872315.1,CALMST010000293.1,adh,91,5.671e-22,0.3
FW_AS_rep_2,GCA_937872315.1,CALMST010000362.1,oppB,248,2.031e-74,0.41
FW_AS_rep_2,GCA_937872315.1,CALMST010000295.1,dppA,146,6.035e-38,0.281
FW_AS_rep_2,GCA_937872315.1,CALMST010000101.1,fadA,358,1.207e-111,0.514
FW_AS_rep_2,GCA_937872315.1,CALMST010000100.1,dtpT,211,9.916e-61,0.346
FW_AS_rep_2,GCA_937872315.1,CALMST010000035.1,pepN,112,2.433e-27,0.26
FW_AS_rep_2,GCA_937872315.1,CALMST010000001.1,hbd,308,1.911e-96,0.539
FW_AS_rep_2,GCA_937872315.1,CALMST010000220.1,lipase,46,2.327e-7,0.258
FW_AS_rep_2,GCA_937872315.1,CALMST010000269.1,extracellular_protease,148,8.289e-39,0.374
FW_AS_rep_2,GCA_937872315.1,CALMST010000115.1,pepQ,48,3.161e-8,0.25
FW_AS_rep_2,GCA_937872315.1,CALMST010000252.1,acs,125,7.516e-30,0.229
FW_AS_rep_2,GCA_937872315.1,CALMST010000001.1,thl,420,3.256e-133,0.604
FW_AS_rep_2,GCA_937872315.1,CALMST010000193.1,extracellular_protease,135,7.999e-34,0.328
FW_AS_rep_2,GCA_937872315.1,CALMST010000060.1,tdcB,80,7.026e-18,0.279
FW_AS_rep_2,GCA_937872315.1,CALMST010000119.1,fadD,128,1.922e-31,0.277
FW_AS_rep_2,GCA_937872315.1,CALMST010000150.1,dppA,254,1.106e-73,0.338
FW_AS_rep_2,GCA_937872315.1,CALMST010000041.1,mvhG,43,4.996e-7,0.283
FW_AS_rep_2,GCA_937872315.1,CALMST010000068.1,sucD,362,6.215e-114,0.589
FW_AS_rep_2,GCA_937872315.1,CALMST010000068.1,etfA,79,2.301e-18,0.267
FW_AS_rep_2,GCA_937872315.1,CALMST010000066.1,frhG,46,3.97e-8,0.333
FW_AS_rep_2,GCA_937872315.1,CALMST010000260.1,oppA,127,7.526e-32,0.227
FW_AS_rep_2,GCA_937872315.1,CALMST010000172.1,mmcF,172,5.127e-52,0.586
FW_AS_rep_2,GCA_937872315.1,CALMST010000305.1,pta,185,2.706e-53,0.381
FW_AS_rep_2,GCA_937872315.1,CALMST010000283.1,rnfB,40,5.663e-7,0.366
FW_AS_rep_2,GCA_937872315.1,CALMST010000283.1,hydA,45,1.328e-8,0.333
FW_AS_rep_2,GCA_937872315.1,CALMST010000247.1,folD,338,6.783e-107,0.58
FW_AS_rep_2,GCA_937872315.1,CALMST010000252.1,susC,46,7.556e-7,0.246
FW_AS_rep_2,GCA_937872315.1,CALMST010000195.1,bcd,343,5.705e-107,0.473
FW_AS_rep_2,GCA_937872315.1,CALMST010000115.1,susC,66,4.577e-13,0.297
FW_AS_rep_2,GCA_937872315.1,CALMST010000175.1,fdhA,82,3.824e-18,0.256
FW_AS_rep_2,GCA_937872315.1,CALMST010000279.1,pyk,375,2.773e-116,0.466
FW_AS_rep_2,GCA_937872315.1,CALMST010000252.1,pepN,131,1.996e-33,0.273
FW_AS_rep_2,GCA_937872315.1,CALMST010000245.1,oppA,253,4.659e-73,0.326
FW_AS_rep_2,GCA_937872315.1,CALMST010000003.1,mmcE,670,1.823e-217,0.646
FW_AS_rep_2,GCA_937872315.1,CALMST010000161.1,adh,60,4.642e-12,0.28
FW_AS_rep_2,GCA_937872315.1,CALMST010000287.1,extracellular_protease,85,1.141e-18,0.329
FW_AS_rep_2,GCA_937872315.1,CALMST010000385.1,hbd,290,4.206e-90,0.535
FW_AS_rep_2,GCA_937872315.1,CALMST010000150.1,dppB,244,6.941e-74,0.396
FW_AS_rep_2,GCA_937872315.1,CALMST010000001.1,sucC,357,1.933e-111,0.478
FW_AS_rep_2,GCA_937872315.1,CALMST010000223.1,extracellular_protease,89,2.699e-20,0.281
FW_AS_rep_2,GCA_937872315.1,CALMST010000160.1,extracellular_protease,127,1.911e-31,0.331
FW_AS_rep_2,GCA_937872315.1,CALMST010000342.1,susC,53,4.111e-9,0.351
FW_AS_rep_2,GCA_937872315.1,CALMST010000024.1,fdhA,53,4.567e-9,0.344
FW_AS_rep_2,GCA_937872315.1,CALMST010000383.1,ilvE,81,8.804e-19,0.314
FW_AS_rep_2,GCA_937872315.1,CALMST010000158.1,endopeptidase,307,1.889e-89,0.413
FW_AS_rep_2,GCA_937872315.1,CALMST010000196.1,extracellular_protease,97,1.002e-22,0.318
FW_AS_rep_2,GCA_937872315.1,CALMST010000191.1,fwdA,51,7.788e-9,0.228
FW_AS_rep_2,GCA_937872315.1,CALMST010000278.1,dppA,138,1.377e-35,0.271
FW_AS_rep_2,GCA_937872315.1,CALMST010000335.1,crt,113,7.041e-30,0.304
FW_AS_rep_2,GCA_937872315.1,CALMST010000131.1,frhB,43,2.425e-6,0.339
FW_AS_rep_2,GCA_937872315.1,CALMST010000260.1,oppB,204,1.209e-59,0.369
FW_AS_rep_2,GCA_937872315.1,CALMST010000101.1,thl,323,1.118e-99,0.472
FW_AS_rep_2,GCA_937872315.1,CALMST010000066.1,pfor,44,9.83e-8,0.28
FW_AS_rep_2,GCA_937872315.1,CALMST010000195.1,fadE,282,9.181e-86,0.441
FW_AS_rep_2,GCA_937872315.1,CALMST010000139.1,gdh,480,2.333e-152,0.529
FW_AS_rep_2,GCA_937872315.1,CALMST010000001.1,pepN,145,3.794e-37,0.311
FW_AS_rep_2,GCA_937872315.1,CALMST010000385.1,fadB,179,5.106e-52,0.362
FW_AS_rep_2,GCA_937872315.1,CALMST010000278.1,oppB,228,3.558e-67,0.432
FW_AS_rep_2,GCA_937872315.1,CALMST010000041.1,hydA,41,9.779e-7,0.302
FW_AS_rep_2,GCA_937872315.1,CALMST010000260.1,dppA,106,2.155e-25,0.227
FW_AS_rep_2,GCA_937872315.1,CALMST010000362.1,dppC,233,2.081e-69,0.385
FW_AS_rep_2,GCA_937872315.1,CALMST010000335.1,gdh,439,2.391e-139,0.512
FW_AS_rep_2,GCA_937872315.1,CALMST010000001.1,fadB,194,2.436e-57,0.393
FW_AS_rep_2,GCA_937872315.1,CALMST010000245.1,dppA,220,5.038e-62,0.297
FW_AS_rep_2,GCA_937872315.1,CALMST010000088.1,extracellular_protease,130,7.066e-33,0.332
FW_AS_rep_2,GCA_937872315.1,CALMST010000066.1,frhB,40,2.683e-6,0.321
FW_AS_rep_2,GCA_937872315.1,CALMST010000046.1,fadD,141,4.156e-36,0.262
FW_AS_rep_2,GCA_937872315.1,CALMST010000324.1,adh,75,2.127e-17,0.305
FW_AS_rep_2,GCA_937872315.1,CALMST010000132.1,pepA,358,7.506e-110,0.42
FW_AS_rep_2,GCA_937872315.1,CALMST010000252.1,etfA,226,2.131e-67,0.415
FW_AS_rep_2,GCA_937872315.1,CALMST010000261.1,extracellular_protease,74,8.475e-16,0.378
FW_AS_rep_2,GCA_937872315.1,CALMST010000142.1,etfA,80,1.192e-18,0.314
FW_AS_rep_2,GCA_937872315.1,CALMST010000001.1,fadE,276,1.071e-83,0.436
FW_AS_rep_2,GCA_937872315.1,CALMST010000020.1,pfkA,220,3.99e-65,0.409
FW_AS_rep_2,GCA_937872315.1,CALMST010000132.1,mmcE,689,3.384e-223,0.632
FW_AS_rep_2,GCA_937872315.1,CALMST010000150.1,gapA,351,1.48e-110,0.543
FW_AS_rep_2,GCA_937872315.1,CALMST010000307.1,extracellular_protease,117,4.748e-29,0.334
FW_AS_rep_2,GCA_937872315.1,CALMST010000131.1,frhG,41,9.779e-6,0.357
FW_AS_rep_2,GCA_937872315.1,CALMST010000212.1,rnfB,48,6.737e-8,0.337
FW_AS_rep_2,GCA_937872315.1,CALMST010000150.1,oppA,226,3.601e-64,0.3
FW_AS_rep_2,GCA_937872315.1,CALMST010000213.1,crt,281,1.492e-87,0.581
FW_AS_rep_2,GCA_937872315.1,CALMST010000019.1,pepN,126,2.073e-31,0.283
FW_AS_rep_2,GCA_937872315.1,CALMST010000169.1,fdhA,203,2.664e-55,0.281
FW_AS_rep_2,GCA_937872315.1,CALMST010000150.1,oppB,224,4.332e-67,0.403
FW_AS_rep_2,GCA_937872315.1,CALMST010000252.1,etfB,181,4.722e-53,0.391
FW_AS_rep_2,GCA_937872315.1,CALMST010000166.1,adh,91,5.671e-22,0.3
FW_AS_rep_2,GCA_937872315.1,CALMST010000213.1,etfA,133,1.897e-36,0.411
FW_AS_rep_2,GCA_937872315.1,CALMST010000270.1,pepT,67,8.259e-14,0.263
FW_AS_rep_2,GCA_937872315.1,CALMST010000073.1,fadE,193,2.286e-55,0.346
FW_AS_rep_2,GCA_937872315.1,CALMST010000073.1,bcd,252,2.692e-75,0.392
FW_AS_rep_2,GCA_937872315.1,CALMST010000247.1,pepD,62,3.549e-12,0.277
FW_AS_rep_2,GCA_937872315.1,CALMST010000001.1,sucD,114,7.025e-29,0.517
FW_AS_rep_2,GCA_937872315.1,CALMST010000326.1,cazy_GH9,87,1.529e-19,0.273
FW_AS_rep_2,GCA_937872315.1,CALMST010000237.1,adhE,79,2.7e-17,0.224
FW_AS_rep_2,GCA_937872315.1,CALMST010000017.1,endopeptidase,45,1.834e-6,0.362
FW_AS_rep_2,GCA_937872315.1,CALMST010000207.1,acs,57,1.298e-10,0.21
FW_AS_rep_2,GCA_937872315.1,CALMST010000252.1,fadD,131,9.383e-32,0.276
FW_AS_rep_2,GCA_937872315.1,CALMST010000175.1,hydA,113,8.552e-28,0.302
FW_AS_rep_2,GCA_937872315.1,CALMST010000119.1,acs,115,1.681e-27,0.237
FW_AS_rep_2,GCA_937872315.1,CALMST010000046.1,acs,769,1.416e-248,0.578
FW_AS_rep_2,GCA_937872315.1,CALMST010000209.1,pepQ,149,1.763e-40,0.306
FW_AS_rep_2,GCA_937872315.1,CALMST010000142.1,crt,183,8.892e-54,0.413
FW_AS_rep_2,GCA_937872315.1,CALMST010000219.1,cazy_GH13,43,3.998e-6,0.41
FW_AS_rep_2,GCA_937872315.1,CALMST010000125.1,mer,63,9.09e-13,0.285
FW_AS_rep_2,GCA_937872315.1,CALMST010000035.1,mdh,274,3.393e-84,0.487
FW_AS_rep_2,GCA_937872315.1,CALMST010000060.1,fadD,52,3.136e-11,0.766
FW_AS_rep_2,GCA_937872315.1,CALMST010000278.1,oppA,184,2.185e-50,0.294
FW_AS_rep_2,GCA_937872315.1,CALMST010000142.1,fadB,98,1.441e-24,0.343
FW_AS_rep_2,GCA_937872315.1,CALMST010000081.1,fdhA,49,4.731e-8,0.266
FW_AS_rep_2,GCA_937872315.1,CALMST010000247.1,pepQ,152,7.079e-41,0.318
FW_AS_rep_2,GCA_937872315.1,CALMST010000260.1,dppC,158,8.284e-44,0.373
FW_AS_rep_2,GCA_937872315.1,CALMST010000324.1,gdh,119,1.184e-30,0.317
FW_AS_rep_2,GCA_937872315.1,CALMST010000001.1,fadA,277,4.265e-84,0.446
FW_AS_rep_2,GCA_937872315.1,CALMST010000212.1,pepT,66,6.341e-14,0.225
FW_AS_rep_2,GCA_937872315.1,CALMST010000245.1,acs,117,4.754e-29,0.25
FW_AS_rep_2,GCA_937872315.1,CALMST010000105.1,adh,68,4.159e-15,0.285
FW_AS_rep_2,GCA_937872315.1,CALMST010000213.1,fadB,118,1.753e-31,0.338
FW_AS_rep_2,GCA_937872315.1,CALMST010000003.1,adh,81,4.237e-19,0.276
FW_AS_rep_2,GCA_937872315.1,CALMST010000338.1,mmcG,79,3.925e-20,0.328
FW_AS_rep_2,GCA_937872315.1,CALMST010000278.1,dppB,225,6.434e-67,0.377
FW_AS_rep_2,GCA_937872315.1,CALMST010000305.1,hbd,105,1.584e-27,0.333
FW_AS_rep_2,GCA_937872315.1,CALMST010000161.1,adhE,147,4.396e-40,0.313
FW_AS_rep_2,GCA_937872315.1,CALMST010000081.1,hydA,497,6.441e-156,0.431
FW_AS_rep_2,GCA_937872315.1,CALMST010000041.1,frhG,44,3.73e-7,0.241
FW_AS_rep_2,GCA_937872315.1,CALMST010000278.1,dppC,189,3.941e-54,0.447
FW_AS_rep_2,GCA_937872315.1,CALMST010000214.1,extracellular_protease,151,2.565e-38,0.337
FW_AS_rep_2,GCA_937872315.1,CALMST010000214.1,pepN,147,3.556e-38,0.295
FW_AS_rep_2,GCA_937872315.1,CALMST010000041.1,frhB,42,5.35e-7,0.296
FW_AS_rep_2,GCA_937872315.1,CALMST010000245.1,fadD,152,4.411e-40,0.298
FW_AS_rep_2,GCA_937872315.1,CALMST010000070.1,pfor,1491,0.0,0.624
FW_AS_rep_2,GCA_937872315.1,CALMST010000001.1,bcd,401,7.881e-127,0.568
FW_AS_rep_2,GCA_937872315.1,CALMST010000041.1,rnfB,40,2.412e-6,0.279
FW_AS_rep_2,GCA_937872315.1,CALMST010000207.1,fadD,312,4.239e-93,0.378
FW_AS_rep_2,GCA_937872315.1,CALMST010000002.1,extracellular_protease,109,2.575e-26,0.333
FW_AS_rep_2,GCA_937872315.1,CALMST010000295.1,oppA,179,1.424e-48,0.278
FW_AS_rep_2,GCA_937872315.1,CALMST010000260.1,dppB,217,3.073e-64,0.382
FW_AS_rep_2,GCA_937872315.1,CALMST010000081.1,susC,61,1.302e-11,0.254
FW_AS_rep_2,GCA_937872315.1,CALMST010000239.1,aldh,60,1.528e-11,0.263
FW_AS_rep_2,GCA_937872315.1,CALMST010000068.1,crt,128,1.85e-34,0.371
FW_AS_rep_2,GCA_022838865.1,JALHDG010000001.1,tdcB,209,8.05e-62,0.393
FW_AS_rep_2,GCA_022838865.1,JALHDG010000001.1,fadD,329,2.009e-98,0.396
FW_AS_rep_2,GCA_022838865.1,JALHDG010000044.1,mmcE,516,6.536e-161,0.514
FW_AS_rep_2,GCA_022838865.1,JALHDG010000030.1,sucC,361,9.084e-113,0.482
FW_AS_rep_2,GCA_022838865.1,JALHDG010000037.1,pepT,269,4.285e-81,0.432
FW_AS_rep_2,GCA_022838865.1,JALHDG010000047.1,susD,170,2.881e-47,0.327
FW_AS_rep_2,GCA_022838865.1,JALHDG010000020.1,rnfB,44,3.173e-9,0.344
FW_AS_rep_2,GCA_022838865.1,JALHDG010000402.1,susD,64,1.418e-13,0.291
FW_AS_rep_2,GCA_022838865.1,JALHDG010000030.1,sucD,106,3.144e-26,0.471
FW_AS_rep_2,GCA_022838865.1,JALHDG010000002.1,hydA,482,2.667e-151,0.44
FW_AS_rep_2,GCA_022838865.1,JALHDG010000365.1,susD,93,1.605e-21,0.249
FW_AS_rep_2,GCA_022838865.1,JALHDG010000677.1,susC,176,6.84e-51,0.362
FW_AS_rep_2,GCA_022838865.1,JALHDG010000438.1,susC,275,1.386e-82,0.396
FW_AS_rep_2,GCA_022838865.1,JALHDG010000134.1,extracellular_protease,60,1.589e-11,0.313
FW_AS_rep_2,GCA_022838865.1,JALHDG010000002.1,gdh,62,3.404e-12,0.545
FW_AS_rep_2,GCA_022838865.1,JALHDG010000310.1,susD,76,1.245e-16,0.299
FW_AS_rep_2,GCA_022838865.1,JALHDG010000004.1,extracellular_protease,111,2.956e-26,0.337
FW_AS_rep_2,GCA_022838865.1,JALHDG010000019.1,lctB,225,4.798e-68,0.462
FW_AS_rep_2,GCA_022838865.1,JALHDG010000024.1,pepD,502,5.783e-160,0.518
FW_AS_rep_2,GCA_022838865.1,JALHDG010000484.1,susC,62,3.406e-14,0.296
FW_AS_rep_2,GCA_022838865.1,JALHDG010000274.1,extracellular_protease,65,7.985e-14,0.44
FW_AS_rep_2,GCA_022838865.1,JALHDG010000020.1,frhG,40,1.073e-7,0.418
FW_AS_rep_2,GCA_022838865.1,JALHDG010000104.1,susC,240,7.556e-70,0.308
FW_AS_rep_2,GCA_022838865.1,JALHDG010000011.1,pta,135,3.454e-34,0.3
FW_AS_rep_2,GCA_022838865.1,JALHDG010000558.1,susC,190,2.81e-54,0.348
FW_AS_rep_2,GCA_022838865.1,JALHDG010000213.1,susD,74,7.134e-16,0.255
FW_AS_rep_2,GCA_022838865.1,JALHDG010000027.1,fadE,218,1.593e-61,0.363
FW_AS_rep_2,GCA_022838865.1,JALHDG010000239.1,susC,137,5.617e-35,0.249
FW_AS_rep_2,GCA_022838865.1,JALHDG010000015.1,ilvE,235,1.75e-70,0.417
FW_AS_rep_2,GCA_022838865.1,JALHDG010000169.1,susC,67,2.189e-15,0.291
FW_AS_rep_2,GCA_022838865.1,JALHDG010000036.1,frhB,51,4.427e-9,0.286
FW_AS_rep_2,GCA_022838865.1,JALHDG010000028.1,susC,348,2.078e-100,0.3
FW_AS_rep_2,GCA_022838865.1,JALHDG010000001.1,dtpT,103,6.063e-25,0.269
FW_AS_rep_2,GCA_022838865.1,JALHDG010000068.1,pta,218,1.518e-60,0.393
FW_AS_rep_2,GCA_022838865.1,JALHDG010000045.1,pfor,40,3.11e-6,0.252
FW_AS_rep_2,GCA_022838865.1,JALHDG010000012.1,folD,298,2.021e-92,0.531
FW_AS_rep_2,GCA_022838865.1,JALHDG010000533.1,susD,68,4.159e-15,0.315
FW_AS_rep_2,GCA_022838865.1,JALHDG010000428.1,susD,60,1.129e-11,0.384
FW_AS_rep_2,GCA_022838865.1,JALHDG010000012.1,susC,64,2.765e-12,0.33
FW_AS_rep_2,GCA_022838865.1,JALHDG010000330.1,glcP,104,1.672e-26,0.288
FW_AS_rep_2,GCA_022838865.1,JALHDG010000623.1,susC,157,9.266e-44,0.323
FW_AS_rep_2,GCA_022838865.1,JALHDG010000035.1,fumB,665,2.828e-215,0.611
FW_AS_rep_2,GCA_022838865.1,JALHDG010000023.1,gapA,191,1.164e-53,0.389
FW_AS_rep_2,GCA_022838865.1,JALHDG010000046.1,susC,442,1.91e-131,0.307
FW_AS_rep_2,GCA_022838865.1,JALHDG010000377.1,susC,48,3.784e-10,0.424
FW_AS_rep_2,GCA_022838865.1,JALHDG010000490.1,glcP,90,9.057e-23,0.286
FW_AS_rep_2,GCA_022838865.1,JALHDG010000001.1,pfkA,166,1.72e-46,0.349
FW_AS_rep_2,GCA_022838865.1,JALHDG010000375.1,frhG,42,1.912e-6,0.275
FW_AS_rep_2,GCA_022838865.1,JALHDG010000009.1,endopeptidase,289,8.935e-86,0.406
FW_AS_rep_2,GCA_022838865.1,JALHDG010000004.1,pta,144,6.383e-40,0.38
FW_AS_rep_2,GCA_022838865.1,JALHDG010000004.1,gapA,297,3.327e-91,0.457
FW_AS_rep_2,GCA_022838865.1,JALHDG010000220.1,susC,184,8.103e-54,0.458
FW_AS_rep_2,GCA_022838865.1,JALHDG010000001.1,adh,63,5.001e-13,0.269
FW_AS_rep_2,GCA_022838865.1,JALHDG010000570.1,susC,235,3.933e-67,0.364
FW_AS_rep_2,GCA_022838865.1,JALHDG010000019.1,cazy_GH13,145,1.042e-37,0.31
FW_AS_rep_2,GCA_022838865.1,JALHDG010000074.1,glcP,201,1.223e-57,0.329
FW_AS_rep_2,GCA_022838865.1,JALHDG010000002.1,frhB,60,2.858e-11,0.417
FW_AS_rep_2,GCA_022838865.1,JALHDG010000042.1,frhG,53,1.38e-9,0.44
FW_AS_rep_2,GCA_022838865.1,JALHDG010000001.1,agl,81,5.42e-18,0.248
FW_AS_rep_2,GCA_022838865.1,JALHDG010000016.1,fadA,284,3.684e-86,0.447
FW_AS_rep_2,GCA_022838865.1,JALHDG010000185.1,susC,362,1.998e-107,0.346
FW_AS_rep_2,GCA_022838865.1,JALHDG010000169.1,susD,61,1.292e-12,0.335
FW_AS_rep_2,GCA_022838865.1,JALHDG010000244.1,susC,226,6.415e-64,0.295
FW_AS_rep_2,GCA_022838865.1,JALHDG010000351.1,susC,237,8.003e-71,0.387
FW_AS_rep_2,GCA_022838865.1,JALHDG010000042.1,hydA,83,9.553e-19,0.246
FW_AS_rep_2,GCA_022838865.1,JALHDG010000173.1,glcP,92,5.259e-24,0.371
FW_AS_rep_2,GCA_022838865.1,JALHDG010000116.1,susC,461,2.458e-138,0.359
FW_AS_rep_2,GCA_022838865.1,JALHDG010000023.1,adh,59,3.918e-12,0.265
FW_AS_rep_2,GCA_022838865.1,JALHDG010000489.1,endopeptidase,123,5.636e-32,0.31
FW_AS_rep_2,GCA_022838865.1,JALHDG010000009.1,ackA,438,1.92e-139,0.563
FW_AS_rep_2,GCA_022838865.1,JALHDG010000073.1,extracellular_protease,207,1.403e-56,0.41
FW_AS_rep_2,GCA_022838865.1,JALHDG010000013.1,fadB,143,4.662e-40,0.392
FW_AS_rep_2,GCA_022838865.1,JALHDG010000030.1,extracellular_protease,126,3.216e-31,0.351
FW_AS_rep_2,GCA_022838865.1,JALHDG010000013.1,dtpT,189,1.699e-52,0.308
FW_AS_rep_2,GCA_022838865.1,JALHDG010000007.1,pepD,519,1.139e-165,0.522
FW_AS_rep_2,GCA_022838865.1,JALHDG010000112.1,susD,119,2.614e-30,0.289
FW_AS_rep_2,GCA_022838865.1,JALHDG010000008.1,ackA,76,8.716e-17,0.278
FW_AS_rep_2,GCA_022838865.1,JALHDG010000025.1,extracellular_protease,176,3.438e-46,0.369
FW_AS_rep_2,GCA_022838865.1,JALHDG010000014.1,mdh,66,1.037e-15,0.325
FW_AS_rep_2,GCA_022838865.1,JALHDG010000002.1,fdhA,60,1.854e-11,0.45
FW_AS_rep_2,GCA_022838865.1,JALHDG010000275.1,susC,66,4.775e-15,0.347
FW_AS_rep_2,GCA_022838865.1,JALHDG010000204.1,susD,76,8.041e-20,0.5
FW_AS_rep_2,GCA_022838865.1,JALHDG010000065.1,mvhD,77,2.227e-19,0.358
FW_AS_rep_2,GCA_022838865.1,JALHDG010000104.1,susD,88,6.089e-20,0.284
FW_AS_rep_2,GCA_022838865.1,JALHDG010000027.1,cazy_GH13,59,3.14e-11,0.25
FW_AS_rep_2,GCA_022838865.1,JALHDG010000001.1,pepQ,110,4.08e-27,0.291
FW_AS_rep_2,GCA_022838865.1,JALHDG010000532.1,susC,72,2.448e-15,0.24
FW_AS_rep_2,GCA_022838865.1,JALHDG010000013.1,hbd,99,1.105e-23,0.287
FW_AS_rep_2,GCA_022838865.1,JALHDG010000013.1,pgi,93,5.67e-22,0.286
FW_AS_rep_2,GCA_022838865.1,JALHDG010000047.1,susC,660,2.433e-204,0.395
FW_AS_rep_2,GCA_022838865.1,JALHDG010000315.1,susD,81,4.237e-19,0.314
FW_AS_rep_2,GCA_022838865.1,JALHDG010000536.1,susD,80,4.687e-18,0.301
FW_AS_rep_2,GCA_022838865.1,JALHDG010000278.1,susC,387,2.884e-117,0.369
FW_AS_rep_2,GCA_022838865.1,JALHDG010000008.1,hydA,45,3.302e-9,0.369
FW_AS_rep_2,GCA_022838865.1,JALHDG010000042.1,rnfB,42,5.95e-6,0.422
FW_AS_rep_2,GCA_022838865.1,JALHDG010000046.1,susD,113,1.253e-27,0.241
FW_AS_rep_2,GCA_022838865.1,JALHDG010000009.1,acylglycerol_lipase,59,6.069e-12,0.343
FW_AS_rep_2,GCA_022838865.1,JALHDG010000009.1,susC,48,1.497e-7,0.28
FW_AS_rep_2,GCA_022838865.1,JALHDG010000018.1,lctD,73,1.076e-16,0.45
FW_AS_rep_2,GCA_022838865.1,JALHDG010000233.1,susC,225,4.036e-65,0.32
FW_AS_rep_2,GCA_022838865.1,JALHDG010000017.1,fadE,274,4.016e-83,0.422
FW_AS_rep_2,GCA_022838865.1,JALHDG010000019.1,agl,126,7.75e-32,0.264
FW_AS_rep_2,GCA_022838865.1,JALHDG010000458.1,ackA,98,1.368e-27,0.613
FW_AS_rep_2,GCA_022838865.1,JALHDG010000018.1,lctC,51,1.564e-9,0.42
FW_AS_rep_2,GCA_022838865.1,JALHDG010000013.1,crt,200,1.951e-59,0.425
FW_AS_rep_2,GCA_022838865.1,JALHDG010000031.1,sucD,339,3.94e-107,0.602
FW_AS_rep_2,GCA_022838865.1,JALHDG010000004.1,endopeptidase,125,2.388e-30,0.304
FW_AS_rep_2,GCA_022838865.1,JALHDG010000016.1,thl,445,2.264e-141,0.615
FW_AS_rep_2,GCA_022838865.1,JALHDG010000013.1,etfA,177,1.078e-51,0.45
FW_AS_rep_2,GCA_022838865.1,JALHDG010000452.1,susC,82,4.025e-20,0.483
FW_AS_rep_2,GCA_022838865.1,JALHDG010000009.1,fadB,139,9.421e-38,0.288
FW_AS_rep_2,GCA_022838865.1,JALHDG010000235.1,susC,239,1.534e-67,0.285
FW_AS_rep_2,GCA_022838865.1,JALHDG010000087.1,susD,140,2.978e-36,0.3
FW_AS_rep_2,GCA_022838865.1,JALHDG010000001.1,pepN,123,2.772e-30,0.269
FW_AS_rep_2,GCA_022838865.1,JALHDG010000002.1,rnfB,57,1.988e-10,0.4
FW_AS_rep_2,GCA_022838865.1,JALHDG010000340.1,susC,91,2.515e-23,0.325
FW_AS_rep_2,GCA_022838865.1,JALHDG010000006.1,agl,46,6.574e-7,0.46
FW_AS_rep_2,GCA_022838865.1,JALHDG010000019.1,ilvE,90,9.779e-22,0.318
FW_AS_rep_2,GCA_022838865.1,JALHDG010000002.1,cdhC,46,4.704e-7,0.268
FW_AS_rep_2,GCA_022838865.1,JALHDG010000561.1,susC,111,6.794e-28,0.277
FW_AS_rep_2,GCA_022838865.1,JALHDG010000037.1,susC,649,2.681e-202,0.393
FW_AS_rep_2,GCA_022838865.1,JALHDG010000009.1,hbd,187,2.898e-54,0.332
FW_AS_rep_2,GCA_022838865.1,JALHDG010000213.1,susC,63,3.291e-14,0.302
FW_AS_rep_2,GCA_022838865.1,JALHDG010000520.1,susC,57,6.695e-11,0.224
FW_AS_rep_2,GCA_022838865.1,JALHDG010000001.1,susC,42,9.841e-6,0.29
FW_AS_rep_2,GCA_022838865.1,JALHDG010000138.1,susC,249,2.778e-72,0.327
FW_AS_rep_2,GCA_022838865.1,JALHDG010000267.1,susC,237,4.293e-69,0.334
FW_AS_rep_2,GCA_022838865.1,JALHDG010000026.1,fdhA,44,2.154e-6,0.342
FW_AS_rep_2,GCA_022838865.1,JALHDG010000335.1,susC,194,1.531e-57,0.472
FW_AS_rep_2,GCA_022838865.1,JALHDG010000001.1,cazy_GH13,134,3.841e-34,0.315
FW_AS_rep_2,GCA_022838865.1,JALHDG010000574.1,susC,118,2.357e-30,0.315
FW_AS_rep_2,GCA_022838865.1,JALHDG010000135.1,susC,214,1.854e-63,0.473
FW_AS_rep_2,GCA_022838865.1,JALHDG010000586.1,lctC,42,8.088e-7,0.633
FW_AS_rep_2,GCA_022838865.1,JALHDG010000202.1,susC,269,1.136e-76,0.294
FW_AS_rep_2,GCA_022838865.1,JALHDG010000027.1,mmcG,109,2.82e-30,0.409
FW_AS_rep_2,GCA_022838865.1,JALHDG010000015.1,fhs,649,2.44e-209,0.586
FW_AS_rep_2,GCA_022838865.1,JALHDG010000001.1,rnfB,85,4.282e-20,0.3
FW_AS_rep_2,GCA_022838865.1,JALHDG010000069.1,susD,161,5.662e-43,0.297
FW_AS_rep_2,GCA_022838865.1,JALHDG010000408.1,susC,87,1.033e-20,0.267
FW_AS_rep_2,GCA_022838865.1,JALHDG010000011.1,pfor,1455,0.0,0.626
FW_AS_rep_2,GCA_022838865.1,JALHDG010000578.1,susC,97,1.78e-24,0.417
FW_AS_rep_2,GCA_022838865.1,JALHDG010000124.1,susD,81,7.115e-18,0.22
FW_AS_rep_2,GCA_022838865.1,JALHDG010000072.1,susC,494,8.654e-149,0.342
FW_AS_rep_2,GCA_022838865.1,JALHDG010000036.1,hydA,45,2.405e-7,0.436
FW_AS_rep_2,GCA_022838865.1,JALHDG010000396.1,susD,77,2.48e-17,0.34
FW_AS_rep_2,GCA_022838865.1,JALHDG010000230.1,susD,74,1.98e-17,0.295
FW_AS_rep_2,GCA_022838865.1,JALHDG010000014.1,endopeptidase,228,7.637e-67,0.378
FW_AS_rep_2,GCA_022838865.1,JALHDG010000408.1,susD,63,5.76e-14,0.289
FW_AS_rep_2,GCA_022838865.1,JALHDG010000407.1,susC,205,1.405e-59,0.323
FW_AS_rep_2,GCA_022838865.1,JALHDG010000103.1,susC,236,4.575e-67,0.315
FW_AS_rep_2,GCA_022838865.1,JALHDG010000602.1,susC,58,4.355e-12,0.534
FW_AS_rep_2,GCA_022838865.1,JALHDG010000516.1,esterase,59,6.455e-12,0.317
FW_AS_rep_2,GCA_022838865.1,JALHDG010000002.1,susC,294,7.94e-83,0.265
FW_AS_rep_2,GCA_022838865.1,JALHDG010000173.1,pgi,129,6.933e-35,0.329
FW_AS_rep_2,GCA_022838865.1,JALHDG010000243.1,susD,79,5.768e-18,0.336
FW_AS_rep_2,GCA_022838865.1,JALHDG010000112.1,susC,349,4.025e-104,0.34
FW_AS_rep_2,GCA_022838865.1,JALHDG010000259.1,susC,384,5.391e-117,0.366
FW_AS_rep_2,GCA_022838865.1,JALHDG010000133.1,susC,234,3.019e-68,0.333
FW_AS_rep_2,GCA_022838865.1,JALHDG010000124.1,susC,85,8.509e-22,0.35
FW_AS_rep_2,GCA_022838865.1,JALHDG010000484.1,susD,98,2.139e-24,0.282
FW_AS_rep_2,GCA_022838865.1,JALHDG010000001.1,acs,48,1.065e-7,0.196
FW_AS_rep_2,GCA_022838865.1,JALHDG010000267.1,susD,76,1.564e-18,0.329
FW_AS_rep_2,GCA_022838865.1,JALHDG010000166.1,lctB,210,6.902e-63,0.413
FW_AS_rep_2,GCA_022838865.1,JALHDG010000557.1,susC,83,5.351e-20,0.468
FW_AS_rep_2,GCA_022838865.1,JALHDG010000066.1,cazy_CE8,258,1.193e-78,0.491
FW_AS_rep_2,GCA_022838865.1,JALHDG010000011.1,pepN,139,2.19e-35,0.27
FW_AS_rep_2,GCA_022838865.1,JALHDG010000224.1,susC,276,1.813e-79,0.305
FW_AS_rep_2,GCA_022838865.1,JALHDG010000026.1,hydA,492,9.533e-155,0.439
FW_AS_rep_2,GCA_022838865.1,JALHDG010000157.1,susD,129,1.259e-32,0.283
FW_AS_rep_2,GCA_022838865.1,JALHDG010000027.1,bcd,253,7.747e-76,0.366
FW_AS_rep_2,GCA_022838865.1,JALHDG010000044.1,mmcF,132,1.995e-33,0.53
FW_AS_rep_2,GCA_022838865.1,JALHDG010000087.1,susC,145,1.555e-41,0.423
FW_AS_rep_2,GCA_022838865.1,JALHDG010000003.1,lctC,381,1.616e-118,0.489
FW_AS_rep_2,GCA_022838865.1,JALHDG010000281.1,susD,53,2.091e-9,0.271
FW_AS_rep_2,GCA_022838865.1,JALHDG010000586.1,lctD,58,2.266e-12,0.327
FW_AS_rep_2,GCA_022838865.1,JALHDG010000606.1,susC,142,1.966e-38,0.328
FW_AS_rep_2,GCA_022838865.1,JALHDG010000092.1,susD,127,4.013e-32,0.274
FW_AS_rep_2,GCA_022838865.1,JALHDG010000394.1,cazy_CE8,192,1.355e-57,0.488
FW_AS_rep_2,GCA_022838865.1,JALHDG010000008.1,gapA,343,1.309e-107,0.534
FW_AS_rep_2,GCA_022838865.1,JALHDG010000155.1,susD,55,1.297e-10,0.386
FW_AS_rep_2,GCA_022838865.1,JALHDG010000670.1,susC,47,6.726e-9,0.606
FW_AS_rep_2,GCA_022838865.1,JALHDG010000119.1,folD,128,2.923e-37,0.576
FW_AS_rep_2,GCA_022838865.1,JALHDG010000069.1,susC,167,1.311e-48,0.427
FW_AS_rep_2,GCA_022838865.1,JALHDG010000004.1,pepN,97,9.873e-23,0.256
FW_AS_rep_2,GCA_022838865.1,JALHDG010000020.1,frhB,41,4.104e-8,0.454
FW_AS_rep_2,GCA_022838865.1,JALHDG010000037.1,susD,118,1.622e-29,0.276
FW_AS_rep_2,GCA_022838865.1,JALHDG010000343.1,pgi,76,5.725e-19,0.403
FW_AS_rep_2,GCA_022838865.1,JALHDG010000014.1,pepQ,152,4.014e-41,0.314
FW_AS_rep_2,GCA_022838865.1,JALHDG010000556.1,susC,87,1.415e-22,0.529
FW_AS_rep_2,GCA_022838865.1,JALHDG010000189.1,susD,139,6.947e-37,0.336
FW_AS_rep_2,GCA_022838865.1,JALHDG010000023.1,susC,64,3.246e-12,0.315
FW_AS_rep_2,GCA_022838865.1,JALHDG010000127.1,susD,79,1.389e-17,0.312
FW_AS_rep_2,GCA_022838865.1,JALHDG010000066.1,cazy_PL1,49,2.454e-8,0.329
FW_AS_rep_2,GCA_022838865.1,JALHDG010000275.1,susD,87,7.974e-20,0.293
FW_AS_rep_2,GCA_022838865.1,JALHDG010000651.1,susC,210,7.96e-60,0.392
FW_AS_rep_2,GCA_022838865.1,JALHDG010000004.1,etfA,194,2.07e-56,0.377
FW_AS_rep_2,GCA_022838865.1,JALHDG010000072.1,susD,141,1.176e-36,0.299
FW_AS_rep_2,GCA_022838865.1,JALHDG010000283.1,susC,178,1.172e-47,0.259
FW_AS_rep_2,GCA_022838865.1,JALHDG010000001.1,extracellular_protease,95,2.999e-22,0.3
FW_AS_rep_2,GCA_022838865.1,JALHDG010000375.1,mvhG,41,4.462e-6,0.254
FW_AS_rep_2,GCA_022838865.1,JALHDG010000340.1,susD,82,1.021e-18,0.263
FW_AS_rep_2,GCA_022838865.1,JALHDG010000027.1,agl,43,3.62e-6,0.229
FW_AS_rep_2,GCA_022838865.1,JALHDG010000008.1,frhG,40,2.859e-7,0.285
FW_AS_rep_2,GCA_022838865.1,JALHDG010000308.1,susC,119,8.372e-33,0.379
FW_AS_rep_2,GCA_022838865.1,JALHDG010000041.1,susC,368,2.67e-107,0.315
FW_AS_rep_2,GCA_022838865.1,JALHDG010000006.1,extracellular_protease,60,6.392e-11,0.262
FW_AS_rep_2,GCA_022838865.1,JALHDG010000008.1,pepD,190,2.582e-56,0.441
FW_AS_rep_2,GCA_022838865.1,JALHDG010000685.1,susD,48,2.459e-8,0.347
FW_AS_rep_2,GCA_022838865.1,JALHDG010000006.1,cazy_GH13,64,1.893e-12,0.245
FW_AS_rep_2,GCA_022838865.1,JALHDG010000017.1,bcd,364,2.965e-114,0.489
FW_AS_rep_2,GCA_022838865.1,JALHDG010000024.1,pepT,84,6.753e-19,0.288
FW_AS_rep_2,GCA_022838865.1,JALHDG010000436.1,susC,182,5.588e-51,0.332
FW_AS_rep_2,GCA_022838865.1,JALHDG010000403.1,susD,78,1.36e-17,0.308
FW_AS_rep_2,GCA_022838865.1,JALHDG010000230.1,susC,312,2.224e-90,0.284
FW_AS_rep_2,GCA_022838865.1,JALHDG010000308.1,susD,115,2.499e-29,0.323
FW_AS_rep_2,GCA_022838865.1,JALHDG010000001.1,adhE,43,2.527e-6,0.203
FW_AS_rep_2,GCA_022838865.1,JALHDG010000137.1,susC,256,5.452e-72,0.269
FW_AS_rep_2,GCA_022838865.1,JALHDG010000178.1,ackA,118,2.052e-30,0.301
FW_AS_rep_2,GCA_022838865.1,JALHDG010000092.1,susC,138,1.751e-37,0.314
FW_AS_rep_2,GCA_022838865.1,JALHDG010000020.1,hydA,45,1.674e-9,0.392
FW_AS_rep_2,GCA_022838865.1,JALHDG010000004.1,etfB,142,1.667e-39,0.354
FW_AS_rep_2,GCA_022838865.1,JALHDG010000027.1,gdh,574,1.528e-185,0.628
FW_AS_rep_2,GCA_033811615.1,JAPXOE010000001.1,cazy_GH13,54,1.458e-9,0.295
FW_AS_rep_2,GCA_033811615.1,JAPXOE010000126.1,pepT,68,3.785e-14,0.283
FW_AS_rep_2,GCA_033811615.1,JAPXOE010000017.1,susD,157,3.989e-42,0.307
FW_AS_rep_2,GCA_033811615.1,JAPXOE010000126.1,pepD,439,2.104e-138,0.491
FW_AS_rep_2,GCA_033811615.1,JAPXOE010000107.1,cat,278,1.554e-87,0.655
FW_AS_rep_2,GCA_033811615.1,JAPXOE010000029.1,susC,555,3.999e-169,0.356
FW_AS_rep_2,GCA_033811615.1,JAPXOE010000001.1,agl,53,4.411e-9,0.319
FW_AS_rep_2,GCA_033811615.1,JAPXOE010000021.1,fadD,252,5.06e-73,0.346
FW_AS_rep_2,GCA_033811615.1,JAPXOE010000021.1,ackA,413,1.386e-130,0.556
FW_AS_rep_2,GCA_033811615.1,JAPXOE010000070.1,mmcF,127,7.166e-32,0.515
FW_AS_rep_2,GCA_033811615.1,JAPXOE010000026.1,fadD,198,3.071e-56,0.323
FW_AS_rep_2,GCA_033811615.1,JAPXOE010000099.1,pfkA,226,1.296e-68,0.494
FW_AS_rep_2,GCA_033811615.1,JAPXOE010000124.1,adh,62,5.651e-13,0.233
FW_AS_rep_2,GCA_033811615.1,JAPXOE010000133.1,susC,313,1.002e-89,0.28
FW_AS_rep_2,GCA_033811615.1,JAPXOE010000147.1,folD,283,1.887e-88,0.589
FW_AS_rep_2,GCA_033811615.1,JAPXOE010000118.1,oppA,131,1.482e-33,0.269
FW_AS_rep_2,GCA_033811615.1,JAPXOE010000147.1,pfor,46,3.529e-7,0.265
FW_AS_rep_2,GCA_033811615.1,JAPXOE010000022.1,acs,47,2.236e-7,0.215
FW_AS_rep_2,GCA_033811615.1,JAPXOE010000163.1,pepD,516,9.273e-165,0.527
FW_AS_rep_2,GCA_033811615.1,JAPXOE010000044.1,pgi,85,2.449e-19,0.279
FW_AS_rep_2,GCA_033811615.1,JAPXOE010000101.1,susD,69,3.525e-14,0.249
FW_AS_rep_2,GCA_033811615.1,JAPXOE010000183.1,susD,54,4.509e-11,0.346
FW_AS_rep_2,GCA_033811615.1,JAPXOE010000019.1,hydA,48,3.285e-8,0.285
FW_AS_rep_2,GCA_033811615.1,JAPXOE010000021.1,acs,68,6.36e-14,0.24
FW_AS_rep_2,GCA_033811615.1,JAPXOE010000159.1,adh,53,7.756e-10,0.282
FW_AS_rep_2,GCA_033811615.1,JAPXOE010000077.1,pepT,254,8.547e-76,0.409
FW_AS_rep_2,GCA_033811615.1,JAPXOE010000118.1,adhE,58,4.305e-13,0.392
FW_AS_rep_2,GCA_033811615.1,JAPXOE010000023.1,lctB,55,7.388e-10,0.248
FW_AS_rep_2,GCA_033811615.1,JAPXOE010000031.1,mmcG,104,1.257e-28,0.359
FW_AS_rep_2,GCA_033811615.1,JAPXOE010000019.1,rnfB,84,9.946e-20,0.328
FW_AS_rep_2,GCA_033811615.1,JAPXOE010000019.1,frhB,48,3.285e-8,0.433
FW_AS_rep_2,GCA_033811615.1,JAPXOE010000029.1,susD,124,1.05e-31,0.281
FW_AS_rep_2,GCA_033811615.1,JAPXOE010000059.1,susC,203,4.152e-55,0.249
FW_AS_rep_2,GCA_033811615.1,JAPXOE010000054.1,pfor,40,1.39e-7,0.305
FW_AS_rep_2,GCA_033811615.1,JAPXOE010000017.1,susC,526,1.471e-159,0.355
FW_AS_rep_2,GCA_033811615.1,JAPXOE010000095.1,susC,51,1.477e-9,0.27
FW_AS_rep_2,GCA_033811615.1,JAPXOE010000118.1,dppA,81,8.398e-18,0.244
FW_AS_rep_2,GCA_033811615.1,JAPXOE010000086.1,susC,502,3.499e-151,0.342
FW_AS_rep_2,GCA_033811615.1,JAPXOE010000145.1,gapA,486,4.298e-157,0.705
FW_AS_rep_2,GCA_033811615.1,JAPXOE010000163.1,dtpT,95,2.53e-24,0.366
FW_AS_rep_2,GCA_033811615.1,JAPXOE010000022.1,fadD,240,4.534e-69,0.35
FW_AS_rep_2,GCA_033811615.1,JAPXOE010000009.1,frhG,47,6.876e-8,0.411
FW_AS_rep_2,GCA_033811615.1,JAPXOE010000094.1,pfkA,263,1.022e-79,0.495
FW_AS_rep_2,GCA_033811615.1,JAPXOE010000021.1,pta,130,4.565e-35,0.336
FW_AS_rep_2,GCA_033811615.1,JAPXOE010000020.1,susD,107,4.354e-26,0.278
FW_AS_rep_2,GCA_033811615.1,JAPXOE010000020.1,cazy_GH13,128,2.546e-32,0.31
FW_AS_rep_2,GCA_033811615.1,JAPXOE010000147.1,frhG,47,1.534e-7,0.288
FW_AS_rep_2,GCA_033811615.1,JAPXOE010000070.1,mmcE,500,1.342e-155,0.51
FW_AS_rep_2,GCA_033811615.1,JAPXOE010000095.1,pfor,127,1.577e-37,0.736
FW_AS_rep_2,GCA_033811615.1,JAPXOE010000056.1,pfor,1308,0.0,0.612
FW_AS_rep_2,GCA_033811615.1,JAPXOE010000132.1,susC,45,1.528e-6,0.268
FW_AS_rep_2,GCA_033811615.1,JAPXOE010000020.1,agl,118,4.196e-29,0.385
FW_AS_rep_2,GCA_033811615.1,JAPXOE010000034.1,pepQ,93,8.659e-22,0.299
FW_AS_rep_2,GCA_033811615.1,JAPXOE010000033.1,dtpT,93,2.022e-23,0.33
FW_AS_rep_2,GCA_033811615.1,JAPXOE010000118.1,dppB,59,1.553e-13,0.351
FW_AS_rep_2,GCA_033811615.1,JAPXOE010000009.1,pfor,43,8.952e-7,0.233
FW_AS_rep_2,GCA_033811615.1,JAPXOE010000187.1,endopeptidase,180,1.941e-51,0.423
FW_AS_rep_2,GCA_033811615.1,JAPXOE010000186.1,rnfB,43,4.077e-7,0.4
FW_AS_rep_2,GCA_033811615.1,JAPXOE010000015.1,gdh,370,3.497e-117,0.571
FW_AS_rep_2,GCA_033811615.1,JAPXOE010000012.1,fadD,290,1.72e-85,0.353
FW_AS_rep_2,GCA_033811615.1,JAPXOE010000120.1,fwdA,55,6.853e-10,0.215
FW_AS_rep_2,GCA_033811615.1,JAPXOE010000054.1,hydA,48,3.252e-10,0.367
FW_AS_rep_2,GCA_033811615.1,JAPXOE010000037.1,cazy_GH9,136,1.967e-34,0.252
FW_AS_rep_2,GCA_033811615.1,JAPXOE010000007.1,endopeptidase,243,2.577e-71,0.423
FW_AS_rep_2,GCA_033811615.1,JAPXOE010000019.1,frhG,50,7.896e-9,0.428
FW_AS_rep_2,GCA_033811615.1,JAPXOE010000101.1,susC,520,1.958e-157,0.35
FW_AS_rep_2,GCA_033811615.1,JAPXOE010000015.1,pepQ,144,1.943e-37,0.301
FW_AS_rep_2,GCA_033811615.1,JAPXOE010000086.1,susD,117,4.087e-29,0.28
FW_AS_rep_2,GCA_033811615.1,JAPXOE010000009.1,frhB,42,1.581e-6,0.416
FW_AS_rep_2,GCA_033811615.1,JAPXOE010000011.1,acylglycerol_lipase,52,1.242e-9,0.291
FW_AS_rep_2,GCA_033811615.1,JAPXOE010000103.1,susC,574,1.448e-176,0.396
FW_AS_rep_2,GCA_033810375.1,JAPXQP010000027.1,frhG,43,3.018e-6,0.431
FW_AS_rep_2,GCA_033810375.1,JAPXQP010000010.1,susD,62,2.485e-12,0.273
FW_AS_rep_2,GCA_033810375.1,JAPXQP010000055.1,mmcE,499,4.365e-155,0.515
FW_AS_rep_2,GCA_033810375.1,JAPXQP010000012.1,dtpT,228,2.59e-65,0.315
FW_AS_rep_2,GCA_033810375.1,JAPXQP010000065.1,cat,286,4.464e-90,0.666
FW_AS_rep_2,GCA_033810375.1,JAPXQP010000001.1,hydA,46,1.039e-7,0.454
FW_AS_rep_2,GCA_033810375.1,JAPXQP010000001.1,acs,66,2.68e-13,0.209
FW_AS_rep_2,GCA_033810375.1,JAPXQP010000084.1,susC,331,1.336e-96,0.317
FW_AS_rep_2,GCA_033810375.1,JAPXQP010000026.1,pepT,237,9.346e-69,0.387
FW_AS_rep_2,GCA_033810375.1,JAPXQP010000050.1,edd,233,2.064e-66,0.325
FW_AS_rep_2,GCA_033810375.1,JAPXQP010000046.1,adh,79,2.14e-18,0.293
FW_AS_rep_2,GCA_033810375.1,JAPXQP010000010.1,susC,628,9.215e-194,0.383
FW_AS_rep_2,GCA_033810375.1,JAPXQP010000047.1,adhE,117,5e-30,0.303
FW_AS_rep_2,GCA_033810375.1,JAPXQP010000094.1,fadD,64,5.79e-14,0.333
FW_AS_rep_2,GCA_033810375.1,JAPXQP010000001.1,cazy_GH5,87,7.651e-20,0.312
FW_AS_rep_2,GCA_033810375.1,JAPXQP010000103.1,cazy_GH5,62,2.888e-12,0.239
FW_AS_rep_2,GCA_033810375.1,JAPXQP010000086.1,adh,43,1.084e-6,0.265
FW_AS_rep_2,GCA_033810375.1,JAPXQP010000057.1,acs,48,6.691e-8,0.244
FW_AS_rep_2,GCA_033810375.1,JAPXQP010000032.1,pfkA,262,1.983e-79,0.471
FW_AS_rep_2,GCA_033810375.1,JAPXQP010000053.1,pgi,89,1.054e-20,0.295
FW_AS_rep_2,GCA_033810375.1,JAPXQP010000013.1,cazy_GH43,161,5.833e-44,0.354
FW_AS_rep_2,GCA_033810375.1,JAPXQP010000103.1,cazy_GH13,64,7.913e-13,0.257
FW_AS_rep_2,GCA_033810375.1,JAPXQP010000057.1,fadD,206,5.227e-59,0.376
FW_AS_rep_2,GCA_033810375.1,JAPXQP010000008.1,fadE,157,9.391e-42,0.327
FW_AS_rep_2,GCA_033810375.1,JAPXQP010000025.1,cazy_GH43,53,3.51e-9,0.242
FW_AS_rep_2,GCA_033810375.1,JAPXQP010000065.1,thl,338,3.227e-105,0.522
FW_AS_rep_2,GCA_033810375.1,JAPXQP010000008.1,etfA,200,1.735e-58,0.369
FW_AS_rep_2,GCA_033810375.1,JAPXQP010000035.1,agl,44,1.912e-6,0.409
FW_AS_rep_2,GCA_033810375.1,JAPXQP010000163.1,cazy_GH5,79,7.835e-18,0.287
FW_AS_rep_2,GCA_033810375.1,JAPXQP010000080.1,susD,89,2.729e-20,0.245
FW_AS_rep_2,GCA_033810375.1,JAPXQP010000049.1,acs,65,4.662e-13,0.221
FW_AS_rep_2,GCA_033810375.1,JAPXQP010000082.1,cazy_CBM6,75,9.615e-16,0.401
FW_AS_rep_2,GCA_033810375.1,JAPXQP010000159.1,pepD,473,8.206e-150,0.497
FW_AS_rep_2,GCA_033810375.1,JAPXQP010000082.1,cazy_GH10,122,4.94e-30,0.337
FW_AS_rep_2,GCA_033810375.1,JAPXQP010000014.1,xylA,501,2.236e-160,0.561
FW_AS_rep_2,GCA_033810375.1,JAPXQP010000001.1,frhB,46,1.019e-7,0.269
FW_AS_rep_2,GCA_033810375.1,JAPXQP010000042.1,frhB,41,5.247e-6,0.4
FW_AS_rep_2,GCA_033810375.1,JAPXQP010000065.1,etfA,220,1.852e-65,0.418
FW_AS_rep_2,GCA_033810375.1,JAPXQP010000173.1,glcP,133,4.36e-36,0.298
FW_AS_rep_2,GCA_033810375.1,JAPXQP010000008.1,pepT,61,5.434e-12,0.243
FW_AS_rep_2,GCA_033810375.1,JAPXQP010000065.1,bcd,412,1.076e-130,0.571
FW_AS_rep_2,GCA_033810375.1,JAPXQP010000021.1,cazy_CBM6,54,9.808e-10,0.344
FW_AS_rep_2,GCA_033810375.1,JAPXQP010000128.1,susC,74,2.284e-15,0.279
FW_AS_rep_2,GCA_033810375.1,JAPXQP010000039.1,lctB,40,9.65e-6,0.25
FW_AS_rep_2,GCA_033810375.1,JAPXQP010000165.1,acs,281,8.376e-83,0.356
FW_AS_rep_2,GCA_033810375.1,JAPXQP010000001.1,fadD,241,2.021e-69,0.361
FW_AS_rep_2,GCA_033810375.1,JAPXQP010000104.1,pta,230,1.011e-68,0.426
FW_AS_rep_2,GCA_033810375.1,JAPXQP010000065.1,etfB,143,3.834e-40,0.374
FW_AS_rep_2,GCA_033810375.1,JAPXQP010000042.1,frhG,48,4.185e-8,0.487
FW_AS_rep_2,GCA_033810375.1,JAPXQP010000065.1,fadA,278,1.472e-84,0.45
FW_AS_rep_2,GCA_033810375.1,JAPXQP010000070.1,eda,143,1.465e-40,0.386
FW_AS_rep_2,GCA_033810375.1,JAPXQP010000018.1,susC,347,8.034e-100,0.289
FW_AS_rep_2,GCA_033810375.1,JAPXQP010000008.1,bcd,170,7.79e-46,0.325
FW_AS_rep_2,GCA_033810375.1,JAPXQP010000178.1,pepQ,94,3.901e-22,0.272
FW_AS_rep_2,GCA_033810375.1,JAPXQP010000096.1,cazy_GH13,50,1.464e-8,0.325
FW_AS_rep_2,GCA_033810375.1,JAPXQP010000103.1,agl,61,9.809e-12,0.24
FW_AS_rep_2,GCA_033810375.1,JAPXQP010000001.1,frhG,40,9.686e-6,0.458
FW_AS_rep_2,GCA_033810375.1,JAPXQP010000019.1,pfkA,74,7.387e-16,0.294
FW_AS_rep_2,GCA_033810375.1,JAPXQP010000021.1,mmcG,95,1.442e-25,0.38
FW_AS_rep_2,GCA_033810375.1,JAPXQP010000020.1,ilvE,228,8.066e-68,0.402
FW_AS_rep_2,GCA_033810375.1,JAPXQP010000158.1,frhG,43,1.722e-8,0.384
FW_AS_rep_2,GCA_033810375.1,JAPXQP010000055.1,mmcF,128,5.574e-32,0.535
FW_AS_rep_2,GCA_033810375.1,JAPXQP010000055.1,pfor,1337,0.0,0.579
FW_AS_rep_2,GCA_033810375.1,JAPXQP010000035.1,cazy_GH13,48,1.585e-7,0.449
FW_AS_rep_2,GCA_033810375.1,JAPXQP010000084.1,cazy_GH43,78,1.289e-17,0.28
FW_AS_rep_2,GCA_033810375.1,JAPXQP010000027.1,hydA,44,1.311e-6,0.477
FW_AS_rep_2,GCA_033810375.1,JAPXQP010000034.1,pepO,574,1.065e-180,0.457
FW_AS_rep_2,GCA_033810375.1,JAPXQP010000096.1,esterase,234,1.517e-67,0.344
FW_AS_rep_2,GCA_033810375.1,JAPXQP010000180.1,cazy_GH10,270,1.259e-81,0.437
FW_AS_rep_2,GCA_033810375.1,JAPXQP010000004.1,frhG,45,5.725e-7,0.34
FW_AS_rep_2,GCA_033810375.1,JAPXQP010000051.1,gapA,440,3.227e-141,0.648
FW_AS_rep_2,GCA_033810375.1,JAPXQP010000169.1,susC,64,2.154e-14,0.428
FW_AS_rep_2,GCA_033810375.1,JAPXQP010000049.1,fadD,201,5.12e-56,0.312
FW_AS_rep_2,GCA_033810375.1,JAPXQP010000013.1,esterase,196,5.303e-55,0.309
FW_AS_rep_2,GCA_033810375.1,JAPXQP010000010.1,fumB,700,3.682e-227,0.64
FW_AS_rep_2,GCA_033810375.1,JAPXQP010000065.1,fadE,302,1.041e-92,0.472
FW_AS_rep_2,GCA_033810375.1,JAPXQP010000080.1,susC,113,1.304e-29,0.325
FW_AS_rep_2,GCA_033810375.1,JAPXQP010000086.1,esterase,179,4.421e-49,0.453
FW_AS_rep_2,GCA_033810375.1,JAPXQP010000158.1,frhB,42,4.489e-8,0.408
FW_AS_rep_2,GCA_033810375.1,JAPXQP010000008.1,etfB,110,1.151e-28,0.327
FW_AS_rep_2,GCA_033810375.1,JAPXQP010000039.1,cazy_CBM6,72,3.736e-16,0.416
FW_AS_rep_2,GCA_033810375.1,JAPXQP010000021.1,cazy_GH43,86,1.9e-19,0.28
FW_AS_rep_2,GCA_033810375.1,JAPXQP010000094.1,pfor,301,1.061e-89,0.532
FW_AS_rep_2,GCA_033810375.1,JAPXQP010000004.1,cazy_GH43,55,5.318e-10,0.281
FW_AS_rep_2,GCA_033810375.1,JAPXQP010000104.1,ackA,417,5.028e-132,0.542
FW_AS_rep_2,GCA_033810375.1,JAPXQP010000089.1,agl,171,3.89e-46,0.311
FW_AS_rep_2,GCA_033810375.1,JAPXQP010000111.1,cazy_GH10,206,4.932e-59,0.324
FW_AS_rep_2,GCA_033810375.1,JAPXQP010000089.1,cazy_GH13,144,1.943e-37,0.31
FW_AS_rep_2,GCA_033810375.1,JAPXQP010000158.1,rnfB,41,6.178e-8,0.322
FW_AS_rep_2,GCA_033810375.1,JAPXQP010000175.1,gdh,432,3.497e-138,0.602
FW_AS_rep_2,GCA_033810375.1,JAPXQP010000107.1,cazy_GH43,107,9.2e-27,0.278
FW_AS_rep_2,GCA_033810375.1,JAPXQP010000034.1,endopeptidase,244,1.521e-69,0.48
FW_AS_rep_2,GCA_022708005.1,JAKIZN010000024.1,fadB,138,2.782e-38,0.395
FW_AS_rep_2,GCA_022708005.1,JAKIZN010000048.1,folD,344,2.068e-108,0.598
FW_AS_rep_2,GCA_022708005.1,JAKIZN010000401.1,pta,110,6.698e-27,0.284
FW_AS_rep_2,GCA_022708005.1,JAKIZN010000041.1,fadA,248,4.129e-74,0.414
FW_AS_rep_2,GCA_022708005.1,JAKIZN010000165.1,mmcE,505,1.457e-159,0.51
FW_AS_rep_2,GCA_022708005.1,JAKIZN010000333.1,pepQ,164,9.37e-46,0.329
FW_AS_rep_2,GCA_022708005.1,JAKIZN010000197.1,fdhA,66,3.738e-13,0.448
FW_AS_rep_2,GCA_022708005.1,JAKIZN010000192.1,fadD,165,8.693e-43,0.294
FW_AS_rep_2,GCA_022708005.1,JAKIZN010000190.1,ackA,412,7.358e-130,0.558
FW_AS_rep_2,GCA_022708005.1,JAKIZN010000092.1,fadE,182,1.633e-51,0.336
FW_AS_rep_2,GCA_022708005.1,JAKIZN010000087.1,tdcB,329,1.745e-101,0.472
FW_AS_rep_2,GCA_022708005.1,JAKIZN010000029.1,rnfB,40,1.542e-7,0.353
FW_AS_rep_2,GCA_022708005.1,JAKIZN010000041.1,thl,377,1.668e-118,0.544
FW_AS_rep_2,GCA_022708005.1,JAKIZN010000153.1,mmcF,72,2.855e-15,0.347
FW_AS_rep_2,GCA_022708005.1,JAKIZN010000332.1,dtpT,85,3.707e-21,0.349
FW_AS_rep_2,GCA_022708005.1,JAKIZN010000092.1,bcd,237,1.839e-70,0.373
FW_AS_rep_2,GCA_022708005.1,JAKIZN010000364.1,extracellular_protease,41,5.885e-6,0.273
FW_AS_rep_2,GCA_022708005.1,JAKIZN010000370.1,sucD,101,1.29e-24,0.435
FW_AS_rep_2,GCA_022708005.1,JAKIZN010000113.1,gdh,52,2.824e-9,0.48
FW_AS_rep_2,GCA_022708005.1,JAKIZN010000235.1,pfor,118,1.348e-33,0.533
FW_AS_rep_2,GCA_022708005.1,JAKIZN010000018.1,fdhA,64,8.844e-13,0.466
FW_AS_rep_2,GCA_022708005.1,JAKIZN010000009.1,pepN,124,7.054e-31,0.252
FW_AS_rep_2,GCA_022708005.1,JAKIZN010000153.1,fadE,272,2.554e-82,0.433
FW_AS_rep_2,GCA_022708005.1,JAKIZN010000153.1,bcd,393,6.344e-124,0.533
FW_AS_rep_2,GCA_022708005.1,JAKIZN010000367.1,extracellular_protease,66,7.488e-14,0.355
FW_AS_rep_2,GCA_022708005.1,JAKIZN010000024.1,crt,226,2.018e-68,0.459
FW_AS_rep_2,GCA_022708005.1,JAKIZN010000370.1,sucC,366,2.909e-114,0.491
FW_AS_rep_2,GCA_022708005.1,JAKIZN010000184.1,pyk,163,1.721e-47,0.478
FW_AS_rep_2,GCA_022708005.1,JAKIZN010000222.1,extracellular_protease,167,1.364e-45,0.38
FW_AS_rep_2,GCA_022708005.1,JAKIZN010000026.1,pepQ,64,2.753e-13,0.263
FW_AS_rep_2,GCA_022708005.1,JAKIZN010000340.1,rnfB,41,1.021e-7,0.37
FW_AS_rep_2,GCA_022708005.1,JAKIZN010000161.1,pfkA,96,4.076e-23,0.264
FW_AS_rep_2,GCA_022708005.1,JAKIZN010000255.1,ilvE,324,1.257e-100,0.488
FW_AS_rep_2,GCA_022708005.1,JAKIZN010000198.1,fadE,275,1.756e-83,0.421
FW_AS_rep_2,GCA_022708005.1,JAKIZN010000362.1,pgi,145,2.223e-42,0.544
FW_AS_rep_2,GCA_022708005.1,JAKIZN010000011.1,gdh,443,1.562e-140,0.521
FW_AS_rep_2,GCA_022708005.1,JAKIZN010000081.1,susC,47,1.983e-7,0.336
FW_AS_rep_2,GCA_022708005.1,JAKIZN010000351.1,gapA,54,1.373e-12,0.49
FW_AS_rep_2,GCA_022708005.1,JAKIZN010000212.1,sucD,365,9.366e-116,0.608
FW_AS_rep_2,GCA_022708005.1,JAKIZN010000023.1,adh,63,2.744e-13,0.271
FW_AS_rep_2,GCA_022708005.1,JAKIZN010000035.1,frhB,41,1.888e-6,0.315
FW_AS_rep_2,GCA_022708005.1,JAKIZN010000019.1,frhG,48,8.725e-9,0.358
FW_AS_rep_2,GCA_022708005.1,JAKIZN010000154.1,pfor,765,1.186e-248,0.635
FW_AS_rep_2,GCA_022708005.1,JAKIZN010000218.1,mmcG,106,2.71e-29,0.395
FW_AS_rep_2,GCA_022708005.1,JAKIZN010000042.1,etfB,192,7.058e-57,0.432
FW_AS_rep_2,GCA_022708005.1,JAKIZN010000340.1,frhB,47,8.67e-10,0.416
FW_AS_rep_2,GCA_022708005.1,JAKIZN010000019.1,fdhA,76,2.774e-16,0.223
FW_AS_rep_2,GCA_022708005.1,JAKIZN010000159.1,pfkA,221,1.062e-66,0.442
FW_AS_rep_2,GCA_022708005.1,JAKIZN010000019.1,frhB,44,1.797e-7,0.318
FW_AS_rep_2,GCA_022708005.1,JAKIZN010000018.1,hydA,500,1.836e-157,0.44
FW_AS_rep_2,GCA_022708005.1,JAKIZN010000319.1,pepD,509,3.029e-162,0.495
FW_AS_rep_2,GCA_022708005.1,JAKIZN010000074.1,pepT,227,2.874e-66,0.361
FW_AS_rep_2,GCA_022708005.1,JAKIZN010000042.1,etfA,218,7.296e-65,0.431
FW_AS_rep_2,GCA_022708005.1,JAKIZN010000327.1,pta,149,2.964e-41,0.401
FW_AS_rep_2,GCA_022708005.1,JAKIZN010000086.1,pepO,654,7.396e-209,0.495
FW_AS_rep_2,GCA_022708005.1,JAKIZN010000260.1,mdh,282,1.076e-86,0.474
FW_AS_rep_2,GCA_022708005.1,JAKIZN010000148.1,adh,70,1.508e-15,0.279
FW_AS_rep_2,GCA_022708005.1,JAKIZN010000004.1,hydA,54,3.08e-10,0.372
FW_AS_rep_2,GCA_022708005.1,JAKIZN010000285.1,extracellular_protease,51,6.879e-9,0.333
FW_AS_rep_2,GCA_022708005.1,JAKIZN010000024.1,etfA,151,9.709e-43,0.42
FW_AS_rep_2,GCA_022708005.1,JAKIZN010000305.1,susC,55,5.343e-10,0.258
FW_AS_rep_2,GCA_022708005.1,JAKIZN010000197.1,hydA,494,2.549e-155,0.439
FW_AS_rep_2,GCA_022708005.1,JAKIZN010000009.1,susC,86,2.943e-19,0.313
FW_AS_rep_2,GCA_022708005.1,JAKIZN010000190.1,pta,195,1.304e-57,0.438
FW_AS_rep_2,GCA_022708005.1,JAKIZN010000083.1,pepN,150,7.771e-39,0.288
FW_AS_rep_2,GCA_022708005.1,JAKIZN010000086.1,endopeptidase,222,5.111e-65,0.425
FW_AS_rep_2,GCA_022708005.1,JAKIZN010000004.1,frhB,50,7.253e-9,0.423
FW_AS_rep_2,GCA_022708005.1,JAKIZN010000004.1,frhG,40,8.969e-6,0.313
FW_AS_rep_2,GCA_022708005.1,JAKIZN010000186.1,frhG,45,1.198e-7,0.269
FW_AS_rep_2,GCA_022708005.1,JAKIZN010000188.1,extracellular_protease,178,1.039e-46,0.338
FW_AS_rep_2,GCA_022708005.1,JAKIZN010000192.1,acs,59,1.272e-10,0.222
FW_AS_rep_2,GCA_022708005.1,JAKIZN010000019.1,hydA,98,3.378e-23,0.293
FW_AS_rep_2,GCA_022708005.1,JAKIZN010000019.1,pfor,48,8.725e-9,0.319
FW_AS_rep_2,GCA_022708005.1,JAKIZN010000048.1,extracellular_protease,48,4.398e-8,0.26
FW_AS_rep_2,GCA_022708005.1,JAKIZN010000198.1,bcd,380,1.188e-119,0.496
FW_AS_rep_2,GCA_022708005.1,JAKIZN010000403.1,mmcE,298,4.24e-89,0.395
FW_AS_rep_2,GCA_022708005.1,JAKIZN010000043.1,pgi,383,2.693e-122,0.643
FW_AS_rep_2,GCA_035353335.1,DAOPZJ010000037.1,hydA,45,3.048e-9,0.333
FW_AS_rep_2,GCA_035353335.1,DAOPZJ010000021.1,frhG,44,7.673e-7,0.361
FW_AS_rep_2,GCA_035353335.1,DAOPZJ010000011.1,cdhD,322,1.708e-91,0.507
FW_AS_rep_2,GCA_035353335.1,DAOPZJ010000002.1,fadD,220,4.216e-62,0.34
FW_AS_rep_2,GCA_035353335.1,DAOPZJ010000026.1,frhB,47,1.203e-7,0.339
FW_AS_rep_2,GCA_035353335.1,DAOPZJ010000005.1,frhB,48,7.27e-8,0.439
FW_AS_rep_2,GCA_035353335.1,DAOPZJ010000012.1,dppB,197,3.951e-57,0.364
FW_AS_rep_2,GCA_035353335.1,DAOPZJ010000048.1,frhG,57,9.285e-14,0.456
FW_AS_rep_2,GCA_035353335.1,DAOPZJ010000021.1,hydA,56,1.113e-10,0.35
FW_AS_rep_2,GCA_035353335.1,DAOPZJ010000005.1,acs,119,7.831e-30,0.252
FW_AS_rep_2,GCA_035353335.1,DAOPZJ010000080.1,acs,156,1.384e-41,0.287
FW_AS_rep_2,GCA_035353335.1,DAOPZJ010000012.1,oppB,212,4.568e-59,0.473
FW_AS_rep_2,GCA_035353335.1,DAOPZJ010000004.1,adh,71,2.655e-15,0.296
FW_AS_rep_2,GCA_035353335.1,DAOPZJ010000065.1,pepQ,166,1.373e-46,0.335
FW_AS_rep_2,GCA_035353335.1,DAOPZJ010000042.1,hydA,110,6.143e-27,0.285
FW_AS_rep_2,GCA_035353335.1,DAOPZJ010000032.1,pfkA,59,1.283e-11,0.305
FW_AS_rep_2,GCA_035353335.1,DAOPZJ010000002.1,xylB,137,1.304e-35,0.279
FW_AS_rep_2,GCA_035353335.1,DAOPZJ010000010.1,edd,259,7.592e-76,0.344
FW_AS_rep_2,GCA_035353335.1,DAOPZJ010000037.1,fadD,143,1.879e-37,0.272
FW_AS_rep_2,GCA_035353335.1,DAOPZJ010000007.1,gapA,270,1.984e-81,0.463
FW_AS_rep_2,GCA_035353335.1,DAOPZJ010000004.1,pepD,61,4.642e-12,0.255
FW_AS_rep_2,GCA_035353335.1,DAOPZJ010000058.1,fumB,121,1.85e-31,0.362
FW_AS_rep_2,GCA_035353335.1,DAOPZJ010000114.1,pfkA,156,1.005e-44,0.364
FW_AS_rep_2,GCA_035353335.1,DAOPZJ010000011.1,rnfB,42,8.983e-7,0.349
FW_AS_rep_2,GCA_035353335.1,DAOPZJ010000013.1,acs,52,4.481e-9,0.23
FW_AS_rep_2,GCA_035353335.1,DAOPZJ010000014.1,hydA,46,2.191e-8,0.44
FW_AS_rep_2,GCA_035353335.1,DAOPZJ010000001.1,hydA,42,1.212e-6,0.351
FW_AS_rep_2,GCA_035353335.1,DAOPZJ010000024.1,adhE,52,2.893e-9,0.26
FW_AS_rep_2,GCA_035353335.1,DAOPZJ010000012.1,dppA,61,1.686e-11,0.228
FW_AS_rep_2,GCA_035353335.1,DAOPZJ010000014.1,ackA,63,1.092e-13,0.366
FW_AS_rep_2,GCA_035353335.1,DAOPZJ010000022.1,frhG,49,3.786e-9,0.285
FW_AS_rep_2,GCA_035353335.1,DAOPZJ010000112.1,pfkA,187,8.087e-54,0.368
FW_AS_rep_2,GCA_035353335.1,DAOPZJ010000022.1,mvhG,43,5.772e-7,0.237
FW_AS_rep_2,GCA_035353335.1,DAOPZJ010000009.1,fadD,217,3.39e-61,0.325
FW_AS_rep_2,GCA_035353335.1,DAOPZJ010000035.1,ackA,395,2.535e-124,0.521
FW_AS_rep_2,GCA_035353335.1,DAOPZJ010000022.1,mvhA,48,4.673e-8,0.222
FW_AS_rep_2,GCA_035353335.1,DAOPZJ010000004.1,pepT,181,1.4e-51,0.373
FW_AS_rep_2,GCA_035353335.1,DAOPZJ010000020.1,acylglycerol_lipase,111,1.333e-28,0.299
FW_AS_rep_2,GCA_035353335.1,DAOPZJ010000009.1,acs,47,1.738e-7,0.271
FW_AS_rep_2,GCA_035353335.1,DAOPZJ010000005.1,hydA,518,1.848e-163,0.455
FW_AS_rep_2,GCA_035353335.1,DAOPZJ010000065.1,fadD,164,6.289e-44,0.3
FW_AS_rep_2,GCA_035353335.1,DAOPZJ010000065.1,acs,143,5.397e-37,0.25
FW_AS_rep_2,GCA_035353335.1,DAOPZJ010000044.1,cazy_GH13,148,9.894e-39,0.353
FW_AS_rep_2,GCA_035353335.1,DAOPZJ010000071.1,dppA,221,4.242e-62,0.289
FW_AS_rep_2,GCA_035353335.1,DAOPZJ010000016.1,hydA,143,6.683e-38,0.278
FW_AS_rep_2,GCA_035353335.1,DAOPZJ010000034.1,pgi,70,1.451e-14,0.243
FW_AS_rep_2,GCA_035353335.1,DAOPZJ010000062.1,tdcB,84,1.055e-19,0.277
FW_AS_rep_2,GCA_035353335.1,DAOPZJ010000071.1,oppB,285,1.578e-87,0.504
FW_AS_rep_2,GCA_035353335.1,DAOPZJ010000061.1,gdh,572,1.531e-184,0.655
FW_AS_rep_2,GCA_035353335.1,DAOPZJ010000009.1,acylglycerol_lipase,64,3.644e-13,0.358
FW_AS_rep_2,GCA_035353335.1,DAOPZJ010000048.1,frhB,51,1.528e-11,0.452
FW_AS_rep_2,GCA_035353335.1,DAOPZJ010000013.1,eda,213,5.972e-63,0.37
FW_AS_rep_2,GCA_035353335.1,DAOPZJ010000003.1,ackA,97,2.822e-23,0.294
FW_AS_rep_2,GCA_035353335.1,DAOPZJ010000001.1,frhG,46,9.54e-10,0.439
FW_AS_rep_2,GCA_035353335.1,DAOPZJ010000034.1,cazy_GH13,169,7.275e-46,0.393
FW_AS_rep_2,GCA_035353335.1,DAOPZJ010000016.1,pfor,41,8.517e-6,0.319
FW_AS_rep_2,GCA_035353335.1,DAOPZJ010000022.1,frhA,73,1.259e-15,0.237
FW_AS_rep_2,GCA_035353335.1,DAOPZJ010000037.1,acs,265,1.093e-77,0.345
FW_AS_rep_2,GCA_035353335.1,DAOPZJ010000001.1,cazy_GH43,151,6.319e-40,0.356
FW_AS_rep_2,GCA_035353335.1,DAOPZJ010000019.1,mdh,157,5.242e-44,0.319
FW_AS_rep_2,GCA_035353335.1,DAOPZJ010000080.1,fadD,218,6.096e-62,0.323
FW_AS_rep_2,GCA_035353335.1,DAOPZJ010000071.1,dppC,234,9.397e-70,0.434
FW_AS_rep_2,GCA_035353335.1,DAOPZJ010000021.1,rnfB,63,8.273e-13,0.272
FW_AS_rep_2,GCA_035353335.1,DAOPZJ010000048.1,hydA,41,4.505e-8,0.395
FW_AS_rep_2,GCA_035353335.1,DAOPZJ010000026.1,rnfB,42,3.478e-6,0.37
FW_AS_rep_2,GCA_035353335.1,DAOPZJ010000005.1,frhG,54,8.383e-10,0.363
FW_AS_rep_2,GCA_035353335.1,DAOPZJ010000034.1,agl,134,1.845e-34,0.294
FW_AS_rep_2,GCA_035353335.1,DAOPZJ010000011.1,cdhC,364,3.537e-113,0.45
FW_AS_rep_2,GCA_035353335.1,DAOPZJ010000029.1,ackA,335,3.952e-103,0.476
FW_AS_rep_2,GCA_035353335.1,DAOPZJ010000072.1,fadD,111,1.657e-29,0.449
FW_AS_rep_2,GCA_035353335.1,DAOPZJ010000005.1,fadD,159,1.407e-42,0.279
FW_AS_rep_2,GCA_035353335.1,DAOPZJ010000113.1,acs,273,7.794e-80,0.343
FW_AS_rep_2,GCA_035353335.1,DAOPZJ010000071.1,dppB,294,8.546e-91,0.509
FW_AS_rep_2,GCA_035353335.1,DAOPZJ010000016.1,pepT,44,5.413e-7,0.377
FW_AS_rep_2,GCA_035353335.1,DAOPZJ010000018.1,pfor,48,7.581e-9,0.276
FW_AS_rep_2,GCA_035353335.1,DAOPZJ010000002.1,pfkA,252,5.367e-76,0.503
FW_AS_rep_2,GCA_035353335.1,DAOPZJ010000010.1,tdcB,335,1.483e-103,0.466
FW_AS_rep_2,GCA_035353335.1,DAOPZJ010000005.1,fhs,694,3.878e-225,0.632
FW_AS_rep_2,GCA_035353335.1,DAOPZJ010000113.1,fadD,160,1.778e-42,0.296
FW_AS_rep_2,GCA_035353335.1,DAOPZJ010000013.1,adh,55,1.26e-10,0.267
FW_AS_rep_2,GCA_035353335.1,DAOPZJ010000030.1,adhE,113,1.246e-28,0.307
FW_AS_rep_2,GCA_035353335.1,DAOPZJ010000005.1,oppA,126,3.64e-32,0.267
FW_AS_rep_2,GCA_035353335.1,DAOPZJ010000042.1,ilvE,311,1.86e-95,0.475
FW_AS_rep_2,GCA_035353335.1,DAOPZJ010000012.1,dppC,185,2.547e-50,0.425
FW_AS_rep_2,GCA_035353335.1,DAOPZJ010000044.1,agl,89,2.156e-20,0.263
FW_AS_rep_2,GCA_035353335.1,DAOPZJ010000003.1,folD,343,2.878e-108,0.569
FW_AS_rep_2,GCA_035353335.1,DAOPZJ010000001.1,pfor,1334,0.0,0.572
FW_AS_rep_2,GCA_035353335.1,DAOPZJ010000014.1,frhG,42,4.726e-7,0.35
FW_AS_rep_2,GCA_035353335.1,DAOPZJ010000042.1,rnfB,42,8.018e-6,0.306
FW_AS_rep_2,GCA_035353335.1,DAOPZJ010000001.1,frhB,43,8.968e-9,0.395
FW_AS_rep_2,GCA_035353335.1,DAOPZJ010000002.1,acs,68,5.12e-14,0.235
FW_AS_rep_2,GCA_035353335.1,DAOPZJ010000016.1,frhG,48,5.678e-8,0.243
FW_AS_rep_2,GCA_035353335.1,DAOPZJ010000009.1,fumB,122,1.587e-33,0.449
FW_AS_rep_2,GCA_035353335.1,DAOPZJ010000022.1,mmcG,47,6.214e-9,0.315
FW_AS_rep_2,GCA_035353335.1,DAOPZJ010000071.1,oppA,278,4.03e-81,0.313
FW_AS_rep_2,GCA_035353335.1,DAOPZJ010000003.1,pfkA,57,5.653e-11,0.231
FW_AS_rep_2,GCA_035353335.1,DAOPZJ010000042.1,aldh,430,1.542e-129,0.541
FW_AS_rep_2,GCA_035353335.1,DAOPZJ010000013.1,fadD,222,3.085e-63,0.331
FW_AS_rep_2,GCA_035353335.1,DAOPZJ010000016.1,rnfB,53,2.647e-9,0.293
FW_AS_rep_2,GCA_035353335.1,DAOPZJ010000005.1,dppA,90,7.749e-21,0.336
FW_AS_rep_2,GCA_035353335.1,DAOPZJ010000042.1,adhE,1004,0.0,0.606
FW_AS_rep_2,GCA_035353335.1,DAOPZJ010000005.1,fdhA,63,2.793e-12,0.46
FW_AS_rep_2,GCA_035353335.1,DAOPZJ010000021.1,frhB,53,8.277e-10,0.452
FW_AS_rep_2,GCA_035353335.1,DAOPZJ010000005.1,rnfB,43,2.057e-6,0.4
FW_AS_rep_2,GCA_022709225.1,JAKIXD010000008.1,fwdA,487,2.602e-153,0.458
FW_AS_rep_2,GCA_022709225.1,JAKIXD010000006.1,cdhD,256,8.157e-78,0.472
FW_AS_rep_2,GCA_022709225.1,JAKIXD010000001.1,sucC,232,6.756e-69,0.379
FW_AS_rep_2,GCA_022709225.1,JAKIXD010000032.1,pfor,47,9.369e-8,0.352
FW_AS_rep_2,GCA_022709225.1,JAKIXD010000061.1,frhG,57,3.375e-13,0.333
FW_AS_rep_2,GCA_022709225.1,JAKIXD010000012.1,gdh,49,3.52e-8,0.448
FW_AS_rep_2,GCA_022709225.1,JAKIXD010000014.1,folD,312,1.042e-97,0.583
FW_AS_rep_2,GCA_022709225.1,JAKIXD010000009.1,tdcB,65,3.759e-13,0.238
FW_AS_rep_2,GCA_022709225.1,JAKIXD010000032.1,ftr,346,2.102e-109,0.593
FW_AS_rep_2,GCA_022709225.1,JAKIXD010000027.1,extracellular_protease,172,7.313e-46,0.379
FW_AS_rep_2,GCA_022709225.1,JAKIXD010000026.1,hydA,42,1.585e-6,0.294
FW_AS_rep_2,GCA_022709225.1,JAKIXD010000264.1,hydA,40,2.925e-7,0.4
FW_AS_rep_2,GCA_022709225.1,JAKIXD010000010.1,pfor,40,4.432e-6,0.241
FW_AS_rep_2,GCA_022709225.1,JAKIXD010000032.1,frhB,46,2.956e-9,0.349
FW_AS_rep_2,GCA_022709225.1,JAKIXD010000002.1,frhG,54,3.13e-12,0.333
FW_AS_rep_2,GCA_022709225.1,JAKIXD010000029.1,hydA,45,5.367e-7,0.346
FW_AS_rep_2,GCA_022709225.1,JAKIXD010000010.1,mvhA,64,7.933e-13,0.232
FW_AS_rep_2,GCA_022709225.1,JAKIXD010000264.1,frhG,42,6.019e-8,0.407
FW_AS_rep_2,GCA_022709225.1,JAKIXD010000289.1,mtrA,264,5.663e-82,0.588
FW_AS_rep_2,GCA_022709225.1,JAKIXD010000052.1,extracellular_protease,55,1.367e-9,0.345
FW_AS_rep_2,GCA_022709225.1,JAKIXD010000001.1,edd,250,1.191e-71,0.318
FW_AS_rep_2,GCA_022709225.1,JAKIXD010000008.1,fdhA,95,1.925e-22,0.296
FW_AS_rep_2,GCA_022709225.1,JAKIXD010000008.1,pepN,150,1.944e-38,0.281
FW_AS_rep_2,GCA_022709225.1,JAKIXD010000048.1,acs,280,1.035e-82,0.348
FW_AS_rep_2,GCA_022709225.1,JAKIXD010000025.1,mvhA,160,1.234e-43,0.282
FW_AS_rep_2,GCA_022709225.1,JAKIXD010000026.1,frhA,61,5.942e-12,0.227
FW_AS_rep_2,GCA_022709225.1,JAKIXD010000001.1,pfor,55,2.45e-10,0.242
FW_AS_rep_2,GCA_022709225.1,JAKIXD010000008.1,pfor,44,1.762e-8,0.273
FW_AS_rep_2,GCA_022709225.1,JAKIXD010000006.1,fadD,130,3.107e-34,0.318
FW_AS_rep_2,GCA_022709225.1,JAKIXD010000028.1,rnfB,42,4.694e-6,0.318
FW_AS_rep_2,GCA_022709225.1,JAKIXD010000007.1,mcrB,548,5.029e-176,0.637
FW_AS_rep_2,GCA_022709225.1,JAKIXD010000018.1,fadD,208,9.548e-58,0.311
FW_AS_rep_2,GCA_022709225.1,JAKIXD010000029.1,tdcB,100,3.503e-24,0.295
FW_AS_rep_2,GCA_022709225.1,JAKIXD010000001.1,frhA,80,5.569e-18,0.263
FW_AS_rep_2,GCA_022709225.1,JAKIXD010000001.1,acs,537,2.833e-169,0.449
FW_AS_rep_2,GCA_022709225.1,JAKIXD010000057.1,lipase,55,1.633e-9,0.346
FW_AS_rep_2,GCA_022709225.1,JAKIXD010000005.1,frhG,44,7.11e-7,0.396
FW_AS_rep_2,GCA_022709225.1,JAKIXD010000001.1,frhB,228,1.003e-67,0.384
FW_AS_rep_2,GCA_022709225.1,JAKIXD010000007.1,mcrA,803,3.724e-262,0.702
FW_AS_rep_2,GCA_022709225.1,JAKIXD010000264.1,frhB,41,1.554e-7,0.452
FW_AS_rep_2,GCA_022709225.1,JAKIXD010000004.1,frhB,96,5.605e-23,0.3
FW_AS_rep_2,GCA_022709225.1,JAKIXD010000047.1,rnfB,52,6.456e-9,0.298
FW_AS_rep_2,GCA_022709225.1,JAKIXD010000010.1,frhB,51,1.523e-9,0.333
FW_AS_rep_2,GCA_022709225.1,JAKIXD010000018.1,fdhA,386,2.056e-121,0.505
FW_AS_rep_2,GCA_022709225.1,JAKIXD010000001.1,rnfB,46,3.374e-7,0.297
FW_AS_rep_2,GCA_022709225.1,JAKIXD010000185.1,frhB,50,5.011e-10,0.488
FW_AS_rep_2,GCA_022709225.1,JAKIXD010000026.1,fwdA,485,2.208e-152,0.453
FW_AS_rep_2,GCA_022709225.1,JAKIXD010000020.1,tdcB,300,5.08e-91,0.459
FW_AS_rep_2,GCA_022709225.1,JAKIXD010000001.1,sucD,265,4.093e-81,0.47
FW_AS_rep_2,GCA_022709225.1,JAKIXD010000029.1,frhG,51,4.589e-9,0.404
FW_AS_rep_2,GCA_022709225.1,JAKIXD010000185.1,frhG,53,5.638e-11,0.366
FW_AS_rep_2,GCA_022709225.1,JAKIXD010000005.1,fadD,153,1.518e-40,0.294
FW_AS_rep_2,GCA_022709225.1,JAKIXD010000011.1,pgi,129,3.598e-35,0.348
FW_AS_rep_2,GCA_022709225.1,JAKIXD010000006.1,cdhC,366,8.688e-113,0.444
FW_AS_rep_2,GCA_022709225.1,JAKIXD010000264.1,pfor,41,2.132e-7,0.29
FW_AS_rep_2,GCA_022709225.1,JAKIXD010000009.1,aldh,66,2.665e-13,0.25
FW_AS_rep_2,GCA_022709225.1,JAKIXD010000026.1,fdhA,110,3.149e-27,0.257
FW_AS_rep_2,GCA_022709225.1,JAKIXD010000002.1,rnfB,44,6.244e-7,0.328
FW_AS_rep_2,GCA_022709225.1,JAKIXD010000003.1,frhG,43,1.726e-6,0.452
FW_AS_rep_2,GCA_022709225.1,JAKIXD010000254.1,frhG,44,2.009e-7,0.289
FW_AS_rep_2,GCA_022709225.1,JAKIXD010000012.1,hydA,43,4.386e-8,0.392
FW_AS_rep_2,GCA_022709225.1,JAKIXD010000073.1,pgi,100,1.6e-26,0.461
FW_AS_rep_2,GCA_022709225.1,JAKIXD010000012.1,frhG,43,4.386e-8,0.338
FW_AS_rep_2,GCA_022709225.1,JAKIXD010000185.1,hydA,47,6.052e-9,0.404
FW_AS_rep_2,GCA_022709225.1,JAKIXD010000012.1,pfor,133,6.51e-35,0.291
FW_AS_rep_2,GCA_022709225.1,JAKIXD010000028.1,frhB,47,1.23e-7,0.463
FW_AS_rep_2,GCA_022709225.1,JAKIXD010000047.1,hydA,42,5e-6,0.271
FW_AS_rep_2,GCA_022709225.1,JAKIXD010000032.1,rnfB,42,9.543e-8,0.318
FW_AS_rep_2,GCA_022709225.1,JAKIXD010000002.1,pepT,50,1.064e-8,0.231
FW_AS_rep_2,GCA_022709225.1,JAKIXD010000025.1,frhA,440,5.679e-139,0.505
FW_AS_rep_2,GCA_022709225.1,JAKIXD010000047.1,lctC,42,5.359e-6,0.29
FW_AS_rep_2,GCA_022709225.1,JAKIXD010000010.1,pepQ,57,6.923e-11,0.269
FW_AS_rep_2,GCA_022709225.1,JAKIXD010000029.1,pfor,113,2.765e-30,0.341
FW_AS_rep_2,GCA_022709225.1,JAKIXD010000021.1,frhB,43,1.19e-6,0.414
FW_AS_rep_2,GCA_022709225.1,JAKIXD010000007.1,mtd,318,4.931e-100,0.575
FW_AS_rep_2,GCA_022709225.1,JAKIXD010000021.1,frhG,44,3.809e-7,0.463
FW_AS_rep_2,GCA_022709225.1,JAKIXD010000007.1,mer,249,2.738e-75,0.431
FW_AS_rep_2,GCA_022709225.1,JAKIXD010000032.1,mvhD,158,1.177e-47,0.65
FW_AS_rep_2,GCA_022709225.1,JAKIXD010000010.1,frhA,93,5.461e-22,0.236
FW_AS_rep_2,GCA_022709225.1,JAKIXD010000009.1,fadD,154,2.386e-40,0.301
FW_AS_rep_2,GCA_022709225.1,JAKIXD010000002.1,frhB,52,1.118e-11,0.385
FW_AS_rep_2,GCA_022709225.1,JAKIXD010000018.1,acs,168,1.239e-44,0.29
FW_AS_rep_2,GCA_022709225.1,JAKIXD010000024.1,fadD,233,2.696e-67,0.348
FW_AS_rep_2,GCA_022709225.1,JAKIXD010000061.1,frhB,55,1.205e-12,0.385
FW_AS_rep_2,GCA_022709225.1,JAKIXD010000004.1,fdhA,652,1.633e-207,0.5
FW_AS_rep_2,GCA_022709225.1,JAKIXD010000003.1,cdhC,74,3.541e-16,0.308
FW_AS_rep_2,GCA_022709225.1,JAKIXD010000006.1,acs,251,1.693e-75,0.423
FW_AS_rep_2,GCA_022709225.1,JAKIXD010000028.1,hydA,46,2.154e-7,0.318
FW_AS_rep_2,GCA_022709225.1,JAKIXD010000025.1,frhG,317,1.278e-99,0.649
FW_AS_rep_2,GCA_022709225.1,JAKIXD010000007.1,fwdA,228,8.217e-69,0.448
FW_AS_rep_2,GCA_022709225.1,JAKIXD010000007.1,frhG,41,6.013e-6,0.434
FW_AS_rep_2,GCA_022709225.1,JAKIXD010000042.1,fdhA,386,2.515e-121,0.505
FW_AS_rep_2,GCA_022709225.1,JAKIXD010000026.1,frhB,40,3.794e-6,0.294
FW_AS_rep_2,GCA_022709225.1,JAKIXD010000132.1,hydA,40,3.258e-6,0.34
FW_AS_rep_2,GCA_022709225.1,JAKIXD010000010.1,gdh,456,3.57e-145,0.545
FW_AS_rep_2,GCA_022709225.1,JAKIXD010000010.1,rnfB,44,9.723e-8,0.328
FW_AS_rep_2,GCA_022709225.1,JAKIXD010000047.1,fdhA,43,3.923e-9,0.605
FW_AS_rep_2,GCA_022709225.1,JAKIXD010000009.1,acs,665,1.15e-213,0.544
FW_AS_rep_2,GCA_022709225.1,JAKIXD010000026.1,mvhA,49,2.131e-8,0.203
FW_AS_rep_2,GCA_022709225.1,JAKIXD010000001.1,mvhG,53,2.143e-10,0.246
FW_AS_rep_2,GCA_022709225.1,JAKIXD010000005.1,acs,280,1.016e-82,0.359
FW_AS_rep_2,GCA_022709225.1,JAKIXD010000057.1,xylA,49,1.747e-7,0.31
FW_AS_rep_2,GCA_022709225.1,JAKIXD010000025.1,mvhG,71,1.731e-15,0.287
FW_AS_rep_2,GCA_022709225.1,JAKIXD010000061.1,rnfB,42,3.204e-8,0.413
FW_AS_rep_2,GCA_022709225.1,JAKIXD010000007.1,mtrA,243,9.2e-75,0.543
FW_AS_rep_2,GCA_022709225.1,JAKIXD010000002.1,endopeptidase,282,3.191e-80,0.504
FW_AS_rep_2,GCA_022709225.1,JAKIXD010000032.1,mvhG,104,5.53e-29,0.446
FW_AS_rep_2,GCA_022709225.1,JAKIXD010000009.1,adhE,57,1.247e-10,0.237
FW_AS_rep_2,GCA_022709225.1,JAKIXD010000008.1,frhG,57,5.718e-11,0.28
FW_AS_rep_2,GCA_022709225.1,JAKIXD010000016.1,fwdA,466,8.451e-147,0.471
FW_AS_rep_2,GCA_022709225.1,JAKIXD010000048.1,fadD,142,4.711e-37,0.277
FW_AS_rep_2,GCA_022709225.1,JAKIXD010000015.1,frhB,46,5.55e-10,0.456
FW_AS_rep_2,GCA_022709225.1,JAKIXD010000061.1,hydA,54,3.13e-12,0.45
FW_AS_rep_2,GCA_022709225.1,JAKIXD010000025.1,frhB,244,1.305e-73,0.44
FW_AS_rep_2,GCA_022709225.1,JAKIXD010000015.1,frhG,41,4.903e-8,0.369
FW_AS_rep_2,GCA_022709225.1,JAKIXD010000005.1,mer,115,9.414e-30,0.311
FW_AS_rep_2,GCA_022709225.1,JAKIXD010000029.1,frhB,48,7.565e-8,0.465
FW_AS_rep_2,GCA_022709225.1,JAKIXD010000024.1,acs,169,4.005e-46,0.295
FW_AS_rep_2,GCA_022709225.1,JAKIXD010000002.1,hydA,51,3.994e-11,0.431
FW_AS_rep_2,GCA_022709225.1,JAKIXD010000049.1,lctD,41,3.119e-7,0.338
FW_AS_rep_2,GCA_022709225.1,JAKIXD010000010.1,frhG,50,6.173e-10,0.27
FW_AS_rep_2,GCA_022709225.1,JAKIXD010000001.1,fumB,84,9.275e-20,0.293
FW_AS_rep_2,GCA_022709225.1,JAKIXD010000007.1,mdh,170,2.25e-48,0.349
FW_AS_rep_2,GCA_022709225.1,JAKIXD010000007.1,hydA,45,3.567e-7,0.3
FW_AS_rep_2,GCA_022709225.1,JAKIXD010000032.1,frhG,42,2.703e-6,0.318
FW_AS_rep_2,GCA_022709225.1,JAKIXD010000009.1,lctB,98,4.788e-23,0.3
FW_AS_rep_2,GCA_022709225.1,JAKIXD010000001.1,hydA,45,5.883e-7,0.307
FW_AS_rep_2,GCA_022709225.1,JAKIXD010000001.1,fadD,137,4.085e-35,0.279
FW_AS_rep_2,GCA_022709225.1,JAKIXD010000001.1,frhG,56,1.915e-11,0.3
FW_AS_rep_2,GCA_022709225.1,JAKIXD010000010.1,hydA,47,2.215e-8,0.295
FW_AS_rep_2,GCA_022709225.1,JAKIXD010000007.1,frhB,46,1.526e-7,0.236
FW_AS_rep_2,GCA_022709225.1,JAKIXD010000001.1,ilvE,121,6.127e-32,0.344
FW_AS_rep_2,GCA_022709225.1,JAKIXD010000032.1,hydA,49,2.304e-8,0.28
FW_AS_rep_2,GCA_022709225.1,JAKIXD010000007.1,pepQ,74,3.579e-16,0.284
FW_AS_rep_2,GCA_022709225.1,JAKIXD010000028.1,frhG,48,5.3e-8,0.368
FW_AS_rep_2,GCA_022709225.1,JAKIXD010000014.1,frhB,40,6.965e-6,0.277
FW_AS_rep_2,GCA_022709225.1,JAKIXD010000008.1,frhB,49,3.951e-10,0.38
FW_AS_rep_2,GCA_022709225.1,JAKIXD010000034.1,mch,291,1.006e-89,0.469
FW_AS_rep_2,GCA_031972215.1,DALYFD010000001.1,bgl,174,1.088e-48,0.29
FW_AS_rep_2,GCA_031972215.1,DALYFD010000001.1,ackA,163,4.587e-45,0.333
FW_AS_rep_2,GCA_031972215.1,DALYFD010000002.1,folD,177,1.42e-51,0.375
FW_AS_rep_2,GCA_031972215.1,DALYFD010000004.1,crt,41,5.438e-6,0.32
FW_AS_rep_2,GCA_031972215.1,DALYFD010000010.1,dppA,78,5.691e-17,0.238
FW_AS_rep_2,GCA_031972215.1,DALYFD010000001.1,acylglycerol_lipase,49,8.968e-9,0.278
FW_AS_rep_2,GCA_031972215.1,DALYFD010000003.1,gapA,307,8.938e-95,0.468
FW_AS_rep_2,GCA_031972215.1,DALYFD010000002.1,pyk,346,2.744e-106,0.434
FW_AS_rep_2,GCA_031972215.1,DALYFD010000010.1,oppA,119,1.733e-29,0.265
FW_AS_rep_2,GCA_031972215.1,DALYFD010000010.1,pepQ,84,2.596e-19,0.254
FW_AS_rep_2,GCA_031972215.1,DALYFD010000007.1,tdcB,128,1.662e-33,0.356
FW_AS_rep_2,GCA_031972215.1,DALYFD010000003.1,pepN,198,2.141e-53,0.325
FW_AS_rep_2,GCA_029554905.1,JAKPUU010000106.1,fadD,220,1.14e-62,0.333
FW_AS_rep_2,GCA_029554905.1,JAKPUU010000069.1,acs,145,7.843e-38,0.257
FW_AS_rep_2,GCA_029554905.1,JAKPUU010000114.1,pfor,64,3.337e-13,0.25
FW_AS_rep_2,GCA_029554905.1,JAKPUU010000174.1,fadD,143,1.269e-39,0.388
FW_AS_rep_2,GCA_029554905.1,JAKPUU010000040.1,hydA,49,1.213e-8,0.337
FW_AS_rep_2,GCA_029554905.1,JAKPUU010000041.1,dtpT,180,1.284e-49,0.315
FW_AS_rep_2,GCA_029554905.1,JAKPUU010000017.1,aldh,64,7.508e-13,0.229
FW_AS_rep_2,GCA_029554905.1,JAKPUU010000149.1,gdh,553,3.761e-178,0.616
FW_AS_rep_2,GCA_029554905.1,JAKPUU010000021.1,dppA,76,2.386e-17,0.264
FW_AS_rep_2,GCA_029554905.1,JAKPUU010000050.1,pfkA,263,4.615e-80,0.448
FW_AS_rep_2,GCA_029554905.1,JAKPUU010000135.1,lctC,359,5.039e-111,0.457
FW_AS_rep_2,GCA_029554905.1,JAKPUU010000041.1,fadD,188,1.175e-52,0.337
FW_AS_rep_2,GCA_029554905.1,JAKPUU010000120.1,pfor,1351,0.0,0.588
FW_AS_rep_2,GCA_029554905.1,JAKPUU010000023.1,mdh,265,3.936e-81,0.474
FW_AS_rep_2,GCA_029554905.1,JAKPUU010000053.1,agl,48,1.198e-7,0.308
FW_AS_rep_2,GCA_029554905.1,JAKPUU010000091.1,acs,48,5.128e-8,0.234
FW_AS_rep_2,GCA_029554905.1,JAKPUU010000005.1,susC,48,8.693e-8,0.26
FW_AS_rep_2,GCA_029554905.1,JAKPUU010000040.1,frhG,49,1.213e-8,0.408
FW_AS_rep_2,GCA_029554905.1,JAKPUU010000040.1,frhB,50,6.874e-9,0.452
FW_AS_rep_2,GCA_029554905.1,JAKPUU010000053.1,gdh,55,5.168e-10,0.491
FW_AS_rep_2,GCA_029554905.1,JAKPUU010000040.1,rnfB,88,5.358e-21,0.317
FW_AS_rep_2,GCA_029554905.1,JAKPUU010000069.1,fadD,198,3.22e-55,0.298
FW_AS_rep_2,GCA_029554905.1,JAKPUU010000114.1,folD,306,9.618e-96,0.556
FW_AS_rep_2,GCA_029554905.1,JAKPUU010000023.1,pepD,530,1.81e-169,0.539
FW_AS_rep_2,GCA_029554905.1,JAKPUU010000009.1,ilvE,238,1.702e-71,0.409
FW_AS_rep_2,GCA_029554905.1,JAKPUU010000107.1,susC,101,9.704e-26,0.293
FW_AS_rep_2,GCA_029554905.1,JAKPUU010000143.1,lctD,70,1.044e-15,0.294
FW_AS_rep_2,GCA_029554905.1,JAKPUU010000009.1,mmcE,514,2.669e-160,0.444
FW_AS_rep_2,GCA_029554905.1,JAKPUU010000070.1,susC,301,9.688e-87,0.3
FW_AS_rep_2,GCA_029554905.1,JAKPUU010000103.1,fadD,330,3.068e-99,0.365
FW_AS_rep_2,GCA_029554905.1,JAKPUU010000091.1,fadD,105,1.48e-26,0.313
FW_AS_rep_2,GCA_029554905.1,JAKPUU010000015.1,endopeptidase,273,1.066e-77,0.377
FW_AS_rep_2,GCA_029554905.1,JAKPUU010000090.1,pgi,102,1.017e-24,0.289
FW_AS_rep_2,GCA_029554905.1,JAKPUU010000006.1,cazy_GH9,150,1.34e-38,0.277
FW_AS_rep_2,GCA_029554905.1,JAKPUU010000009.1,mmcF,123,2.08e-30,0.51
FW_AS_rep_2,GCA_029554905.1,JAKPUU010000045.1,acs,259,1.394e-75,0.324
FW_AS_rep_2,GCA_029554905.1,JAKPUU010000114.1,gapA,458,4.82e-147,0.678
FW_AS_rep_2,GCA_029554905.1,JAKPUU010000120.1,lctB,252,5.059e-78,0.508
FW_AS_rep_2,GCA_029554905.1,JAKPUU010000106.1,acs,55,8.266e-10,0.222
FW_AS_rep_2,GCA_029554905.1,JAKPUU010000023.1,edd,216,7.378e-61,0.297
FW_AS_rep_2,GCA_029554905.1,JAKPUU010000037.1,susC,421,1.219e-127,0.357
FW_AS_rep_2,GCA_029554905.1,JAKPUU010000011.1,susC,72,7.05e-15,0.31
FW_AS_rep_2,GCA_029554905.1,JAKPUU010000016.1,endopeptidase,211,5.787e-61,0.369
FW_AS_rep_2,GCA_029554905.1,JAKPUU010000021.1,oppA,98,9.647e-25,0.292
FW_AS_rep_2,GCA_029554905.1,JAKPUU010000082.1,susC,43,2.478e-7,0.302
FW_AS_rep_2,GCA_029554905.1,JAKPUU010000051.1,pfor,43,3.92e-6,0.23
FW_AS_rep_2,GCA_029554905.1,JAKPUU010000096.1,frhB,41,3.23e-8,0.431
FW_AS_rep_2,GCA_029554905.1,JAKPUU010000103.1,pepD,482,8.237e-153,0.507
FW_AS_rep_2,GCA_029554905.1,JAKPUU010000143.1,lctC,48,1.339e-8,0.384
FW_AS_rep_2,GCA_029554905.1,JAKPUU010000009.1,agl,53,3.351e-9,0.22
FW_AS_rep_2,GCA_029554905.1,JAKPUU010000098.1,extracellular_protease,65,8.912e-13,0.274
FW_AS_rep_2,GCA_029554905.1,JAKPUU010000045.1,fadD,139,6.768e-36,0.249
FW_AS_rep_2,GCA_029554905.1,JAKPUU010000166.1,pfkA,76,2.461e-16,0.309
FW_AS_rep_2,GCA_029554905.1,JAKPUU010000023.1,pepT,73,5.385e-16,0.272
FW_AS_rep_2,GCA_029554905.1,JAKPUU010000103.1,acs,60,2.467e-11,0.218
FW_AS_rep_2,GCA_029554905.1,JAKPUU010000051.1,fumB,715,3.007e-232,0.636
FW_AS_rep_2,GCA_029554905.1,JAKPUU010000008.1,pepT,215,2.797e-64,0.452
FW_AS_rep_2,GCA_029554905.1,JAKPUU010000077.1,mmcG,100,1.504e-26,0.393
FW_AS_rep_2,GCA_029554905.1,JAKPUU010000168.1,adh,60,4.368e-12,0.287
FW_AS_rep_2,GCA_029554905.1,JAKPUU010000063.1,ackA,420,3.915e-133,0.546
FW_AS_rep_2,GCA_029554905.1,JAKPUU010000096.1,hydA,41,3.23e-8,0.35
FW_AS_rep_2,GCA_029554905.1,JAKPUU010000028.1,pepT,161,1.38e-46,0.425
FW_AS_rep_2,GCA_029554905.1,JAKPUU010000063.1,pta,233,8.221e-70,0.445
FW_AS_rep_2,GCA_029554905.1,JAKPUU010000051.1,pepQ,173,7.164e-47,0.324
FW_AS_rep_2,GCA_029554905.1,JAKPUU010000149.1,adh,59,8.319e-12,0.246
FW_AS_rep_2,GCA_020723125.1,DYJM01000101.1,oppB,170,1.752e-48,0.4
FW_AS_rep_2,GCA_020723125.1,DYJM01000041.1,pepA,354,1.114e-108,0.45
FW_AS_rep_2,GCA_020723125.1,DYJM01000035.1,pyk,324,1.107e-97,0.413
FW_AS_rep_2,GCA_020723125.1,DYJM01000039.1,frhG,48,9.671e-9,0.393
FW_AS_rep_2,GCA_020723125.1,DYJM01000101.1,dppC,178,4.84e-51,0.389
FW_AS_rep_2,GCA_020723125.1,DYJM01000030.1,frhG,42,5.881e-7,0.303
FW_AS_rep_2,GCA_020723125.1,DYJM01000006.1,acs,74,1.083e-15,0.221
FW_AS_rep_2,GCA_020723125.1,DYJM01000020.1,fadD,133,1.054e-33,0.294
FW_AS_rep_2,GCA_020723125.1,DYJM01000086.1,fdhA,456,2.01e-137,0.368
FW_AS_rep_2,GCA_020723125.1,DYJM01000011.1,agl,61,1.516e-11,0.247
FW_AS_rep_2,GCA_020723125.1,DYJM01000097.1,tdcB,323,5.111e-98,0.462
FW_AS_rep_2,GCA_020723125.1,DYJM01000054.1,gapA,426,2.923e-136,0.636
FW_AS_rep_2,GCA_020723125.1,DYJM01000035.1,gapA,322,3.334e-100,0.485
FW_AS_rep_2,GCA_020723125.1,DYJM01000005.1,frhB,41,3.345e-6,0.346
FW_AS_rep_2,GCA_020723125.1,DYJM01000009.1,glcP,224,4.49e-65,0.34
FW_AS_rep_2,GCA_020723125.1,DYJM01000012.1,fdhA,174,3.033e-46,0.25
FW_AS_rep_2,GCA_020723125.1,DYJM01000010.1,lysophospholipase,139,4.721e-39,0.362
FW_AS_rep_2,GCA_020723125.1,DYJM01000004.1,tdcB,68,3.338e-14,0.265
FW_AS_rep_2,GCA_020723125.1,DYJM01000010.1,glcP,75,3.722e-16,0.263
FW_AS_rep_2,GCA_020723125.1,DYJM01000222.1,fadD,78,3.527e-18,0.368
FW_AS_rep_2,GCA_020723125.1,DYJM01000196.1,pepD,81,1.528e-20,0.493
FW_AS_rep_2,GCA_020723125.1,DYJM01000029.1,edd,268,1.733e-78,0.345
FW_AS_rep_2,GCA_020723125.1,DYJM01000222.1,acs,77,8.732e-18,0.318
FW_AS_rep_2,GCA_020723125.1,DYJM01000072.1,pepQ,192,1.951e-54,0.367
FW_AS_rep_2,GCA_020723125.1,DYJM01000085.1,glcP,92,1.233e-21,0.249
FW_AS_rep_2,GCA_020723125.1,DYJM01000012.1,frhG,42,5.666e-7,0.288
FW_AS_rep_2,GCA_020723125.1,DYJM01000101.1,oppA,150,2.43e-39,0.259
FW_AS_rep_2,GCA_020723125.1,DYJM01000083.1,pepN,395,5.781e-117,0.405
FW_AS_rep_2,GCA_020723125.1,DYJM01000162.1,pepQ,131,1.76e-34,0.314
FW_AS_rep_2,GCA_020723125.1,DYJM01000047.1,sucD,356,7.115e-113,0.651
FW_AS_rep_2,GCA_020723125.1,DYJM01000087.1,fdhA,142,5.388e-36,0.229
FW_AS_rep_2,GCA_020723125.1,DYJM01000020.1,acs,749,5.272e-242,0.577
FW_AS_rep_2,GCA_020723125.1,DYJM01000005.1,frhG,45,2.556e-7,0.435
FW_AS_rep_2,GCA_020723125.1,DYJM01000091.1,glcP,116,4.103e-29,0.28
FW_AS_rep_2,GCA_020723125.1,DYJM01000080.1,hydA,42,2.294e-6,0.281
FW_AS_rep_2,GCA_020723125.1,DYJM01000047.1,sucC,354,2.018e-110,0.497
FW_AS_rep_2,GCA_020723125.1,DYJM01000035.1,pfkA,206,1.691e-60,0.42
FW_AS_rep_2,GCA_020723125.1,DYJM01000029.1,pyk,128,2.432e-32,0.361
FW_AS_rep_2,GCA_020723125.1,DYJM01000101.1,dppA,156,4.211e-41,0.279
FW_AS_rep_2,GCA_020723125.1,DYJM01000087.1,hydA,40,8.286e-6,0.268
FW_AS_rep_2,GCA_020723125.1,DYJM01000011.1,tdcB,74,4.354e-16,0.268
FW_AS_rep_2,GCA_020723125.1,DYJM01000028.1,rnfB,44,3.619e-8,0.346
FW_AS_rep_2,GCA_020723125.1,DYJM01000054.1,pyk,354,3.916e-109,0.46
FW_AS_rep_2,GCA_020723125.1,DYJM01000039.1,fdhA,71,1.199e-14,0.228
FW_AS_rep_2,GCA_020723125.1,DYJM01000005.1,frhA,61,8.944e-12,0.242
FW_AS_rep_2,GCA_020723125.1,DYJM01000035.1,ackA,300,2.063e-91,0.446
FW_AS_rep_2,GCA_020723125.1,DYJM01000039.1,mvhG,41,1.606e-6,0.254
FW_AS_rep_2,GCA_020723125.1,DYJM01000080.1,fdhA,147,1.389e-37,0.23
FW_AS_rep_2,GCA_020723125.1,DYJM01000035.1,pta,162,2.345e-45,0.421
FW_AS_rep_2,GCA_020723125.1,DYJM01000006.1,fadD,316,1.187e-94,0.385
FW_AS_rep_2,GCA_020723125.1,DYJM01000101.1,dppB,218,1.25e-64,0.392
FW_AS_rep_2,GCA_020723125.1,DYJM01000083.1,folD,323,1.819e-101,0.572
FW_AS_rep_2,GCA_020723125.1,DYJM01000012.1,hydA,89,3.669e-20,0.304
FW_AS_rep_2,GCA_020723125.1,DYJM01000005.1,hydA,49,8.131e-9,0.406
FW_AS_rep_2,GCA_029547385.1,JAKPPK010000117.1,bcd,164,4.526e-46,0.368
FW_AS_rep_2,GCA_029547385.1,JAKPPK010000362.1,lctD,89,6.973e-22,0.415
FW_AS_rep_2,GCA_029547385.1,JAKPPK010000460.1,lctB,146,5.787e-39,0.371
FW_AS_rep_2,GCA_029547385.1,JAKPPK010000009.1,mvhG,50,9.243e-10,0.271
FW_AS_rep_2,GCA_029547385.1,JAKPPK010000304.1,pgi,118,2.46e-32,0.408
FW_AS_rep_2,GCA_029547385.1,JAKPPK010000392.1,frhG,49,3.191e-8,0.444
FW_AS_rep_2,GCA_029547385.1,JAKPPK010000305.1,frhG,47,1.248e-9,0.302
FW_AS_rep_2,GCA_029547385.1,JAKPPK010000434.1,mdh,161,5.029e-45,0.401
FW_AS_rep_2,GCA_029547385.1,JAKPPK010000281.1,susC,80,6.803e-18,0.296
FW_AS_rep_2,GCA_029547385.1,JAKPPK010000213.1,lctB,239,3.75e-73,0.491
FW_AS_rep_2,GCA_029547385.1,JAKPPK010000360.1,crt,157,1.144e-44,0.396
FW_AS_rep_2,GCA_029547385.1,JAKPPK010000547.1,frhG,59,7.197e-14,0.426
FW_AS_rep_2,GCA_029547385.1,JAKPPK010000223.1,hydA,159,2.257e-45,0.342
FW_AS_rep_2,GCA_029547385.1,JAKPPK010000406.1,extracellular_protease,85,7.796e-20,0.4
FW_AS_rep_2,GCA_029547385.1,JAKPPK010000300.1,cazy_GH9,99,2.844e-23,0.257
FW_AS_rep_2,GCA_029547385.1,JAKPPK010000451.1,pfkA,57,4.356e-11,0.357
FW_AS_rep_2,GCA_029547385.1,JAKPPK010000339.1,frhB,44,2.507e-6,0.446
FW_AS_rep_2,GCA_029547385.1,JAKPPK010000250.1,frhB,44,5.767e-7,0.299
FW_AS_rep_2,GCA_029547385.1,JAKPPK010000360.1,etfA,98,1.017e-24,0.34
FW_AS_rep_2,GCA_029547385.1,JAKPPK010000447.1,gapA,356,8.01e-112,0.542
FW_AS_rep_2,GCA_029547385.1,JAKPPK010000547.1,rnfB,46,1.384e-9,0.4
FW_AS_rep_2,GCA_029547385.1,JAKPPK010000310.1,cazy_CBM6,97,7.063e-23,0.432
FW_AS_rep_2,GCA_029547385.1,JAKPPK010000224.1,hydA,494,6.41e-155,0.46
FW_AS_rep_2,GCA_029547385.1,JAKPPK010000202.1,hydA,57,5.832e-11,0.34
FW_AS_rep_2,GCA_029547385.1,JAKPPK010000181.1,hbd,241,1.003e-72,0.474
FW_AS_rep_2,GCA_029547385.1,JAKPPK010000306.1,folD,301,6.626e-94,0.535
FW_AS_rep_2,GCA_029547385.1,JAKPPK010000411.1,pepQ,183,7.069e-52,0.359
FW_AS_rep_2,GCA_029547385.1,JAKPPK010000435.1,pfkA,127,5.234e-34,0.307
FW_AS_rep_2,GCA_029547385.1,JAKPPK010000154.1,pfor,42,7.815e-6,0.28
FW_AS_rep_2,GCA_029547385.1,JAKPPK010000154.1,frhB,42,5.922e-6,0.296
FW_AS_rep_2,GCA_029547385.1,JAKPPK010000103.1,frhG,50,6.845e-9,0.263
FW_AS_rep_2,GCA_029547385.1,JAKPPK010000285.1,pfkA,46,1.736e-7,0.25
FW_AS_rep_2,GCA_029547385.1,JAKPPK010000297.1,tdcB,364,9.596e-113,0.527
FW_AS_rep_2,GCA_029547385.1,JAKPPK010000015.1,ackA,319,3.084e-98,0.463
FW_AS_rep_2,GCA_029547385.1,JAKPPK010000333.1,xylB,81,4.525e-18,0.27
FW_AS_rep_2,GCA_029547385.1,JAKPPK010000447.1,pfkA,222,4.004e-65,0.408
FW_AS_rep_2,GCA_029547385.1,JAKPPK010000339.1,hydA,502,2.342e-158,0.449
FW_AS_rep_2,GCA_029547385.1,JAKPPK010000250.1,pfkA,76,5.214e-17,0.311
FW_AS_rep_2,GCA_029547385.1,JAKPPK010000353.1,susC,63,9.515e-12,0.286
FW_AS_rep_2,GCA_029547385.1,JAKPPK010000583.1,susC,73,5.415e-15,0.278
FW_AS_rep_2,GCA_029547385.1,JAKPPK010000569.1,rnfB,49,1.489e-8,0.319
FW_AS_rep_2,GCA_029547385.1,JAKPPK010000130.1,hydA,43,5.529e-7,0.298
FW_AS_rep_2,GCA_029547385.1,JAKPPK010000154.1,ackA,435,1.374e-137,0.544
FW_AS_rep_2,GCA_029547385.1,JAKPPK010000311.1,pta,216,2.619e-63,0.446
FW_AS_rep_2,GCA_029547385.1,JAKPPK010000296.1,ackA,76,3.334e-17,0.398
FW_AS_rep_2,GCA_029547385.1,JAKPPK010000547.1,hydA,43,2.43e-8,0.372
FW_AS_rep_2,GCA_029547385.1,JAKPPK010000063.1,pfor,143,2.837e-38,0.292
FW_AS_rep_2,GCA_029547385.1,JAKPPK010000130.1,pfor,46,5.372e-8,0.318
FW_AS_rep_2,GCA_029547385.1,JAKPPK010000407.1,ilvE,113,3.637e-30,0.354
FW_AS_rep_2,GCA_029547385.1,JAKPPK010000250.1,frhG,43,1.34e-6,0.34
FW_AS_rep_2,GCA_029547385.1,JAKPPK010000032.1,fadD,304,3.362e-90,0.391
FW_AS_rep_2,GCA_029547385.1,JAKPPK010000379.1,acylglycerol_lipase,51,7.398e-9,0.261
FW_AS_rep_2,GCA_029547385.1,JAKPPK010000362.1,lctC,56,5.502e-11,0.6
FW_AS_rep_2,GCA_029547385.1,JAKPPK010000077.1,gdh,572,9.134e-185,0.627
FW_AS_rep_2,GCA_029547385.1,JAKPPK010000054.1,cazy_GH9,83,2.558e-18,0.252
FW_AS_rep_2,GCA_029547385.1,JAKPPK010000386.1,frhB,48,1.644e-10,0.348
FW_AS_rep_2,GCA_029547385.1,JAKPPK010000436.1,rnfB,45,7.146e-9,0.36
FW_AS_rep_2,GCA_029547385.1,JAKPPK010000130.1,fdhA,89,2.32e-20,0.263
FW_AS_rep_2,GCA_029547385.1,JAKPPK010000188.1,xylB,153,5.982e-40,0.288
FW_AS_rep_2,GCA_029547385.1,JAKPPK010000392.1,frhB,53,1.963e-9,0.489
FW_AS_rep_2,GCA_029547385.1,JAKPPK010000556.1,cazy_GH9,96,6.532e-23,0.239
FW_AS_rep_2,GCA_029547385.1,JAKPPK010000202.1,fhs,657,7.568e-212,0.561
FW_AS_rep_2,GCA_029547385.1,JAKPPK010000181.1,fadB,143,3.79e-39,0.318
FW_AS_rep_2,GCA_029547385.1,JAKPPK010000202.1,rnfB,42,3.013e-6,0.3
FW_AS_rep_2,GCA_029547385.1,JAKPPK010000132.1,cazy_CBM6,78,5.727e-17,0.385
FW_AS_rep_2,GCA_029547385.1,JAKPPK010000553.1,eda,48,5.216e-10,0.359
FW_AS_rep_2,GCA_029547385.1,JAKPPK010000486.1,mdh,163,7.909e-46,0.374
FW_AS_rep_2,GCA_029547385.1,JAKPPK010000268.1,ilvE,147,5.741e-41,0.355
FW_AS_rep_2,GCA_029547385.1,JAKPPK010000513.1,pyk,126,2.467e-35,0.453
FW_AS_rep_2,GCA_029547385.1,JAKPPK010000194.1,lctB,58,1.888e-10,0.262
FW_AS_rep_2,GCA_029547385.1,JAKPPK010000009.1,frhG,53,1.472e-10,0.315
FW_AS_rep_2,GCA_029547385.1,JAKPPK010000436.1,frhB,42,4.796e-8,0.34
FW_AS_rep_2,GCA_029547385.1,JAKPPK010000029.1,pfor,157,5.975e-41,0.331
FW_AS_rep_2,GCA_029547385.1,JAKPPK010000272.1,acylglycerol_lipase,52,2.64e-9,0.329
FW_AS_rep_2,GCA_029547385.1,JAKPPK010000213.1,lctC,467,3.851e-148,0.522
FW_AS_rep_2,GCA_029547385.1,JAKPPK010000175.1,edd,224,1.07e-63,0.317
FW_AS_rep_2,GCA_029547385.1,JAKPPK010000015.1,aldh,216,1.231e-61,0.319
FW_AS_rep_2,GCA_029547385.1,JAKPPK010000436.1,frhG,40,4.416e-7,0.339
FW_AS_rep_2,GCA_029547385.1,JAKPPK010000485.1,extracellular_protease,135,8.546e-36,0.313
FW_AS_rep_2,GCA_029547385.1,JAKPPK010000392.1,rnfB,48,9.729e-8,0.347
FW_AS_rep_2,GCA_029547385.1,JAKPPK010000061.1,pfkA,278,2.112e-85,0.518
FW_AS_rep_2,GCA_029547385.1,JAKPPK010000392.1,adhE,126,9.424e-33,0.33
FW_AS_rep_2,GCA_029547385.1,JAKPPK010000063.1,hydA,45,1.285e-8,0.431
FW_AS_rep_2,GCA_029547385.1,JAKPPK010000263.1,extracellular_protease,129,3.966e-32,0.44
FW_AS_rep_2,GCA_029547385.1,JAKPPK010000285.1,pepQ,66,8.203e-14,0.255
FW_AS_rep_2,GCA_029547385.1,JAKPPK010000569.1,frhB,45,2.547e-7,0.333
FW_AS_rep_2,GCA_029547385.1,JAKPPK010000117.1,fadE,151,8.566e-42,0.342
FW_AS_rep_2,GCA_029547385.1,JAKPPK010000512.1,susC,75,8.745e-16,0.295
FW_AS_rep_2,GCA_029547385.1,JAKPPK010000386.1,frhG,44,4.007e-9,0.355
FW_AS_rep_2,GCA_029547385.1,JAKPPK010000339.1,fdhA,79,3.685e-17,0.366
FW_AS_rep_2,GCA_029547385.1,JAKPPK010000223.1,frhG,41,9.048e-8,0.414
FW_AS_rep_2,GCA_029547385.1,JAKPPK010000360.1,fadD,134,1.911e-34,0.297
FW_AS_rep_2,GCA_029547385.1,JAKPPK010000224.1,fdhA,63,2.906e-12,0.452
FW_AS_rep_2,GCA_029547385.1,JAKPPK010000562.1,xylA,57,6.499e-11,0.281
FW_AS_rep_2,GCA_029547385.1,JAKPPK010000448.1,frhB,48,4.093e-10,0.407
FW_AS_rep_2,GCA_029547385.1,JAKPPK010000103.1,mvhG,40,6.461e-6,0.305
FW_AS_rep_2,GCA_029547385.1,JAKPPK010000339.1,frhG,42,7.579e-6,0.45
FW_AS_rep_2,GCA_029547385.1,JAKPPK010000293.1,rnfB,42,4.796e-8,0.36
FW_AS_rep_2,GCA_029547385.1,JAKPPK010000261.1,tdcB,59,3.458e-11,0.252
FW_AS_rep_2,GCA_029547385.1,JAKPPK010000032.1,acs,86,1.992e-19,0.244
FW_AS_rep_2,GCA_029547385.1,JAKPPK010000063.1,frhG,45,1.285e-8,0.345
FW_AS_rep_2,GCA_029547385.1,JAKPPK010000285.1,eda,160,1.421e-46,0.446
FW_AS_rep_2,GCA_029547385.1,JAKPPK010000392.1,etfA,239,5.265e-70,0.427
FW_AS_rep_2,GCA_029547385.1,JAKPPK010000063.1,fdhA,51,8.593e-9,0.224
FW_AS_rep_2,GCA_029547385.1,JAKPPK010000149.1,fdhA,63,2.539e-12,0.24
FW_AS_rep_2,GCA_029547385.1,JAKPPK010000202.1,frhB,54,4.369e-10,0.267
FW_AS_rep_2,GCA_029547385.1,JAKPPK010000547.1,frhB,50,7.885e-11,0.468
FW_AS_rep_2,GCA_029547385.1,JAKPPK010000072.1,pgi,114,1.918e-28,0.314
FW_AS_rep_2,GCA_029547385.1,JAKPPK010000205.1,extracellular_protease,55,8.886e-10,0.321
FW_AS_rep_2,GCA_029547385.1,JAKPPK010000015.1,adhE,220,4.275e-63,0.313
FW_AS_rep_2,GCA_029547385.1,JAKPPK010000392.1,etfB,133,2.901e-36,0.373
FW_AS_rep_2,GCA_019136455.1,JAGVUG010000005.1,pepT,74,7.736e-16,0.287
FW_AS_rep_2,GCA_019136455.1,JAGVUG010000022.1,thl,361,9.48e-113,0.51
FW_AS_rep_2,GCA_019136455.1,JAGVUG010000016.1,gdh,292,6.537e-91,0.546
FW_AS_rep_2,GCA_019136455.1,JAGVUG010000031.1,pepQ,151,1.321e-39,0.298
FW_AS_rep_2,GCA_019136455.1,JAGVUG010000005.1,fdhA,67,1.264e-13,0.515
FW_AS_rep_2,GCA_019136455.1,JAGVUG010000004.1,fdhA,57,1.752e-10,0.4
FW_AS_rep_2,GCA_019136455.1,JAGVUG010000049.1,adh,74,9.936e-17,0.286
FW_AS_rep_2,GCA_019136455.1,JAGVUG010000005.1,eda,98,4.237e-26,0.395
FW_AS_rep_2,GCA_019136455.1,JAGVUG010000005.1,hydA,461,6.789e-144,0.426
FW_AS_rep_2,GCA_019136455.1,JAGVUG010000031.1,frhB,42,8.702e-8,0.4
FW_AS_rep_2,GCA_019136455.1,JAGVUG010000020.1,acs,51,1.018e-8,0.214
FW_AS_rep_2,GCA_019136455.1,JAGVUG010000005.1,pgi,100,3.101e-24,0.293
FW_AS_rep_2,GCA_019136455.1,JAGVUG010000036.1,pfor,1421,0.0,0.614
FW_AS_rep_2,GCA_019136455.1,JAGVUG010000016.1,susD,162,1.316e-43,0.299
FW_AS_rep_2,GCA_019136455.1,JAGVUG010000017.1,pepD,504,1.649e-160,0.503
FW_AS_rep_2,GCA_019136455.1,JAGVUG010000048.1,susC,345,2.507e-99,0.306
FW_AS_rep_2,GCA_019136455.1,JAGVUG010000005.1,frhG,57,1.114e-10,0.388
FW_AS_rep_2,GCA_019136455.1,JAGVUG010000026.1,fhs,604,2.063e-193,0.547
FW_AS_rep_2,GCA_019136455.1,JAGVUG010000018.1,fadD,292,3.405e-86,0.371
FW_AS_rep_2,GCA_019136455.1,JAGVUG010000022.1,fadA,318,6.216e-98,0.477
FW_AS_rep_2,GCA_019136455.1,JAGVUG010000038.1,susD,150,2.861e-39,0.279
FW_AS_rep_2,GCA_019136455.1,JAGVUG010000022.1,fadD,240,3.724e-69,0.355
FW_AS_rep_2,GCA_019136455.1,JAGVUG010000038.1,susC,644,2.311e-199,0.39
FW_AS_rep_2,GCA_019136455.1,JAGVUG010000051.1,endopeptidase,213,8.07e-61,0.363
FW_AS_rep_2,GCA_019136455.1,JAGVUG010000038.1,fadD,251,3.611e-73,0.331
FW_AS_rep_2,GCA_019136455.1,JAGVUG010000005.1,cazy_GH5,58,4.508e-11,0.234
FW_AS_rep_2,GCA_019136455.1,JAGVUG010000017.1,pepT,247,3.573e-73,0.389
FW_AS_rep_2,GCA_019136455.1,JAGVUG010000017.1,rnfB,78,5.345e-18,0.319
FW_AS_rep_2,GCA_019136455.1,JAGVUG010000044.1,hydA,50,3.056e-9,0.388
FW_AS_rep_2,GCA_019136455.1,JAGVUG010000006.1,susD,155,1.612e-41,0.308
FW_AS_rep_2,GCA_019136455.1,JAGVUG010000038.1,pepT,61,3.266e-12,0.262
FW_AS_rep_2,GCA_019136455.1,JAGVUG010000033.1,pfkA,263,9.667e-79,0.505
FW_AS_rep_2,GCA_019136455.1,JAGVUG010000005.1,rnfB,44,8.698e-9,0.425
FW_AS_rep_2,GCA_019136455.1,JAGVUG010000006.1,susC,550,6.423e-168,0.35
FW_AS_rep_2,GCA_019136455.1,JAGVUG010000016.1,mmcF,133,9.477e-34,0.518
FW_AS_rep_2,GCA_019136455.1,JAGVUG010000017.1,frhB,43,9.26e-7,0.396
FW_AS_rep_2,GCA_019136455.1,JAGVUG010000025.1,agl,112,5.395e-28,0.266
FW_AS_rep_2,GCA_019136455.1,JAGVUG010000038.1,acs,86,2.108e-19,0.249
FW_AS_rep_2,GCA_019136455.1,JAGVUG010000020.1,fadD,264,3.334e-77,0.354
FW_AS_rep_2,GCA_019136455.1,JAGVUG010000038.1,cazy_GH43,68,1.948e-14,0.276
FW_AS_rep_2,GCA_019136455.1,JAGVUG010000031.1,hydA,44,9.434e-9,0.357
FW_AS_rep_2,GCA_019136455.1,JAGVUG010000005.1,cazy_GH9,160,1.191e-41,0.277
FW_AS_rep_2,GCA_019136455.1,JAGVUG010000049.1,mmcG,110,1.656e-30,0.392
FW_AS_rep_2,GCA_019136455.1,JAGVUG010000031.1,dtpT,102,1.057e-24,0.249
FW_AS_rep_2,GCA_019136455.1,JAGVUG010000033.1,cazy_GH5,114,8.645e-29,0.33
FW_AS_rep_2,GCA_019136455.1,JAGVUG010000049.1,folD,310,1.71e-96,0.555
FW_AS_rep_2,GCA_019136455.1,JAGVUG010000005.1,susC,539,3.901e-164,0.363
FW_AS_rep_2,GCA_019136455.1,JAGVUG010000031.1,frhG,41,1.195e-7,0.323
FW_AS_rep_2,GCA_019136455.1,JAGVUG010000009.1,tdcB,79,1.216e-17,0.308
FW_AS_rep_2,GCA_019136455.1,JAGVUG010000016.1,susC,601,1.936e-185,0.365
FW_AS_rep_2,GCA_019136455.1,JAGVUG010000017.1,endopeptidase,239,3.658e-68,0.462
FW_AS_rep_2,GCA_019136455.1,JAGVUG010000017.1,dtpT,204,1.459e-57,0.313
FW_AS_rep_2,GCA_019136455.1,JAGVUG010000017.1,pepQ,67,2.427e-14,0.278
FW_AS_rep_2,GCA_019136455.1,JAGVUG010000029.1,ackA,380,3.006e-119,0.51
FW_AS_rep_2,GCA_019136455.1,JAGVUG010000016.1,esterase,240,4.02e-69,0.346
FW_AS_rep_2,GCA_019136455.1,JAGVUG010000041.1,gapA,486,2.862e-157,0.712
FW_AS_rep_2,GCA_019136455.1,JAGVUG010000025.1,cazy_GH13,114,1.255e-28,0.312
FW_AS_rep_2,GCA_019136455.1,JAGVUG010000025.1,susC,611,3.469e-189,0.399
FW_AS_rep_2,GCA_019136455.1,JAGVUG010000022.1,acs,64,1.04e-12,0.234
FW_AS_rep_2,GCA_019136455.1,JAGVUG010000044.1,rnfB,41,3.306e-6,0.328
FW_AS_rep_2,GCA_019136455.1,JAGVUG010000006.1,pepQ,97,5.223e-23,0.297
FW_AS_rep_2,GCA_019136455.1,JAGVUG010000022.1,cat,286,4.441e-90,0.652
FW_AS_rep_2,GCA_019136455.1,JAGVUG010000017.1,frhG,43,9.26e-7,0.387
FW_AS_rep_2,GCA_019136455.1,JAGVUG010000049.1,pepN,194,3.086e-52,0.27
FW_AS_rep_2,GCA_019136455.1,JAGVUG010000005.1,extracellular_protease,142,4.517e-36,0.343
FW_AS_rep_2,GCA_019136455.1,JAGVUG010000029.1,pta,130,3.091e-35,0.329
FW_AS_rep_2,GCA_019136455.1,JAGVUG010000016.1,mmcE,498,3.713e-155,0.519
FW_AS_rep_2,GCA_019136455.1,JAGVUG010000018.1,acs,61,8.227e-12,0.211
FW_AS_rep_2,GCA_019136455.1,JAGVUG010000004.1,hydA,509,2.288e-160,0.451
FW_AS_rep_2,GCA_019136455.1,JAGVUG010000038.1,cazy_GH10,250,6.372e-75,0.391
FW_AS_rep_2,GCA_019136455.1,JAGVUG010000044.1,frhB,46,5.697e-8,0.403
FW_AS_rep_2,GCA_019136455.1,JAGVUG010000047.1,cazy_GH43,74,7.893e-16,0.268
FW_AS_rep_2,GCA_019136455.1,JAGVUG010000025.1,susD,119,1.152e-29,0.266
FW_AS_rep_2,GCA_019136455.1,JAGVUG010000005.1,pepD,452,9.352e-143,0.482
FW_AS_rep_2,GCA_023415205.1,JAEZLR010000009.1,rnfB,104,1.971e-26,0.36
FW_AS_rep_2,GCA_023415205.1,JAEZLR010000001.1,frhB,51,1.266e-10,0.32
FW_AS_rep_2,GCA_023415205.1,JAEZLR010000023.1,oppB,299,6.171e-93,0.514
FW_AS_rep_2,GCA_023415205.1,JAEZLR010000001.1,frhG,50,1.284e-9,0.292
FW_AS_rep_2,GCA_023415205.1,JAEZLR010000002.1,fadD,211,3.862e-59,0.321
FW_AS_rep_2,GCA_023415205.1,JAEZLR010000027.1,folD,359,3.929e-114,0.62
FW_AS_rep_2,GCA_023415205.1,JAEZLR010000011.1,frhB,45,1.982e-7,0.38
FW_AS_rep_2,GCA_023415205.1,JAEZLR010000009.1,pfor,46,3.486e-7,0.274
FW_AS_rep_2,GCA_023415205.1,JAEZLR010000045.1,pfkA,82,1.485e-18,0.25
FW_AS_rep_2,GCA_023415205.1,JAEZLR010000028.1,fadD,243,2.781e-69,0.333
FW_AS_rep_2,GCA_023415205.1,JAEZLR010000045.1,pfor,1470,0.0,0.629
FW_AS_rep_2,GCA_023415205.1,JAEZLR010000046.1,xylB,115,1.353e-28,0.269
FW_AS_rep_2,GCA_023415205.1,JAEZLR010000032.1,tdcB,87,1.348e-20,0.282
FW_AS_rep_2,GCA_023415205.1,JAEZLR010000004.1,acs,256,2.377e-74,0.332
FW_AS_rep_2,GCA_023415205.1,JAEZLR010000029.1,acs,270,2.322e-79,0.349
FW_AS_rep_2,GCA_023415205.1,JAEZLR010000028.1,pta,234,5.675e-70,0.441
FW_AS_rep_2,GCA_023415205.1,JAEZLR010000033.1,pfkA,212,6.537e-62,0.373
FW_AS_rep_2,GCA_023415205.1,JAEZLR010000010.1,cazy_GH13,151,1.655e-39,0.331
FW_AS_rep_2,GCA_023415205.1,JAEZLR010000007.1,fumB,129,2.69e-36,0.436
FW_AS_rep_2,GCA_023415205.1,JAEZLR010000006.1,hydA,120,1.43e-30,0.277
FW_AS_rep_2,GCA_023415205.1,JAEZLR010000029.1,fwdA,44,1.552e-6,0.369
FW_AS_rep_2,GCA_023415205.1,JAEZLR010000007.1,xylB,68,7.211e-14,0.234
FW_AS_rep_2,GCA_023415205.1,JAEZLR010000006.1,frhB,72,1.664e-15,0.267
FW_AS_rep_2,GCA_023415205.1,JAEZLR010000028.1,ackA,449,1.484e-142,0.567
FW_AS_rep_2,GCA_023415205.1,JAEZLR010000035.1,tdcB,63,1.847e-12,0.266
FW_AS_rep_2,GCA_023415205.1,JAEZLR010000028.1,cazy_GH13,91,1.456e-20,0.278
FW_AS_rep_2,GCA_023415205.1,JAEZLR010000035.1,cazy_GH5,69,3.093e-14,0.311
FW_AS_rep_2,GCA_023415205.1,JAEZLR010000016.1,aldh,80,6.696e-18,0.24
FW_AS_rep_2,GCA_023415205.1,JAEZLR010000030.1,hydA,43,1.287e-7,0.273
FW_AS_rep_2,GCA_023415205.1,JAEZLR010000013.1,fhs,794,1.739e-259,0.699
FW_AS_rep_2,GCA_023415205.1,JAEZLR010000045.1,fdhA,65,6.482e-13,0.364
FW_AS_rep_2,GCA_023415205.1,JAEZLR010000013.1,cazy_GH13,50,3.438e-8,0.297
FW_AS_rep_2,GCA_023415205.1,JAEZLR010000034.1,cazy_GH13,136,1.493e-33,0.323
FW_AS_rep_2,GCA_023415205.1,JAEZLR010000029.1,gdh,611,2.318e-198,0.688
FW_AS_rep_2,GCA_023415205.1,JAEZLR010000022.1,agl,68,6.892e-14,0.249
FW_AS_rep_2,GCA_023415205.1,JAEZLR010000004.1,fadD,138,1.245e-35,0.285
FW_AS_rep_2,GCA_023415205.1,JAEZLR010000029.1,fadD,160,6.834e-43,0.271
FW_AS_rep_2,GCA_023415205.1,JAEZLR010000035.1,pepO,385,7.367e-115,0.348
FW_AS_rep_2,GCA_023415205.1,JAEZLR010000045.1,hydA,550,8.605e-175,0.485
FW_AS_rep_2,GCA_023415205.1,JAEZLR010000041.1,pgi,89,1.85e-20,0.261
FW_AS_rep_2,GCA_023415205.1,JAEZLR010000030.1,pfor,41,5.979e-7,0.24
FW_AS_rep_2,GCA_023415205.1,JAEZLR010000045.1,rnfB,44,1.64e-6,0.27
FW_AS_rep_2,GCA_023415205.1,JAEZLR010000006.1,fumB,125,2.338e-33,0.35
FW_AS_rep_2,GCA_023415205.1,JAEZLR010000029.1,cazy_GH13,200,1.185e-55,0.394
FW_AS_rep_2,GCA_023415205.1,JAEZLR010000042.1,frhG,49,3.345e-8,0.415
FW_AS_rep_2,GCA_023415205.1,JAEZLR010000022.1,cazy_GH13,100,4.718e-24,0.278
FW_AS_rep_2,GCA_023415205.1,JAEZLR010000036.1,ilvE,332,1.807e-103,0.478
FW_AS_rep_2,GCA_023415205.1,JAEZLR010000030.1,pepQ,74,6.588e-17,0.293
FW_AS_rep_2,GCA_023415205.1,JAEZLR010000029.1,pepT,256,5.193e-77,0.418
FW_AS_rep_2,GCA_023415205.1,JAEZLR010000035.1,fadD,247,2.62e-71,0.341
FW_AS_rep_2,GCA_023415205.1,JAEZLR010000001.1,xylB,76,2.063e-16,0.234
FW_AS_rep_2,GCA_023415205.1,JAEZLR010000029.1,endopeptidase,308,2.065e-89,0.546
FW_AS_rep_2,GCA_023415205.1,JAEZLR010000006.1,frhG,45,2.798e-7,0.39
FW_AS_rep_2,GCA_023415205.1,JAEZLR010000037.1,hydA,46,1.164e-7,0.295
FW_AS_rep_2,GCA_023415205.1,JAEZLR010000011.1,hydA,59,5.997e-12,0.464
FW_AS_rep_2,GCA_023415205.1,JAEZLR010000041.1,dppA,57,1.478e-10,0.236
FW_AS_rep_2,GCA_023415205.1,JAEZLR010000029.1,adhE,199,1.689e-57,0.335
FW_AS_rep_2,GCA_023415205.1,JAEZLR010000029.1,pyk,437,4.654e-136,0.445
FW_AS_rep_2,GCA_023415205.1,JAEZLR010000022.1,cazy_GH43,148,3.219e-39,0.347
FW_AS_rep_2,GCA_023415205.1,JAEZLR010000035.1,pfkA,177,1.189e-50,0.368
FW_AS_rep_2,GCA_023415205.1,JAEZLR010000028.1,agl,59,6.065e-11,0.268
FW_AS_rep_2,GCA_023415205.1,JAEZLR010000016.1,xylB,150,8.303e-40,0.297
FW_AS_rep_2,GCA_023415205.1,JAEZLR010000030.1,dppB,235,9.062e-71,0.395
FW_AS_rep_2,GCA_023415205.1,JAEZLR010000010.1,agl,110,7.395e-27,0.254
FW_AS_rep_2,GCA_023415205.1,JAEZLR010000029.1,frhB,47,6.565e-8,0.287
FW_AS_rep_2,GCA_023415205.1,JAEZLR010000045.1,acylglycerol_lipase,49,2.072e-8,0.254
FW_AS_rep_2,GCA_023415205.1,JAEZLR010000004.1,eda,167,5.678e-49,0.42
FW_AS_rep_2,GCA_023415205.1,JAEZLR010000006.1,acs,56,3.045e-10,0.223
FW_AS_rep_2,GCA_023415205.1,JAEZLR010000027.1,hydA,52,4.785e-11,0.431
FW_AS_rep_2,GCA_023415205.1,JAEZLR010000027.1,cdhC,85,1.83e-19,0.353
FW_AS_rep_2,GCA_023415205.1,JAEZLR010000006.1,rnfB,44,1.086e-6,0.338
FW_AS_rep_2,GCA_023415205.1,JAEZLR010000009.1,hydA,41,7.497e-6,0.333
FW_AS_rep_2,GCA_023415205.1,JAEZLR010000027.1,acs,147,1.044e-38,0.266
FW_AS_rep_2,GCA_023415205.1,JAEZLR010000035.1,hydA,383,3.107e-111,0.428
FW_AS_rep_2,GCA_023415205.1,JAEZLR010000006.1,lysophospholipase,47,5.008e-8,0.252
FW_AS_rep_2,GCA_023415205.1,JAEZLR010000036.1,endopeptidase,336,3.93e-104,0.514
FW_AS_rep_2,GCA_023415205.1,JAEZLR010000011.1,edd,267,6.045e-78,0.343
FW_AS_rep_2,GCA_023415205.1,JAEZLR010000023.1,oppA,433,5.338e-135,0.435
FW_AS_rep_2,GCA_023415205.1,JAEZLR010000045.1,frhG,44,2.164e-6,0.25
FW_AS_rep_2,GCA_023415205.1,JAEZLR010000030.1,frhB,48,4.322e-9,0.406
FW_AS_rep_2,GCA_023415205.1,JAEZLR010000007.1,frhB,44,7.879e-9,0.439
FW_AS_rep_2,GCA_023415205.1,JAEZLR010000027.1,fadD,205,1.097e-57,0.307
FW_AS_rep_2,GCA_023415205.1,JAEZLR010000029.1,agl,180,4.786e-49,0.327
FW_AS_rep_2,GCA_023415205.1,JAEZLR010000038.1,xylF,271,7.462e-83,0.452
FW_AS_rep_2,GCA_023415205.1,JAEZLR010000009.1,adhE,1028,0.0,0.613
FW_AS_rep_2,GCA_023415205.1,JAEZLR010000030.1,dppC,220,6.708e-66,0.389
FW_AS_rep_2,GCA_023415205.1,JAEZLR010000030.1,oppA,158,3.656e-42,0.282
FW_AS_rep_2,GCA_023415205.1,JAEZLR010000042.1,frhB,83,5.218e-19,0.261
FW_AS_rep_2,GCA_023415205.1,JAEZLR010000022.1,xylF,90,1.545e-21,0.293
FW_AS_rep_2,GCA_023415205.1,JAEZLR010000037.1,frhG,42,2.607e-6,0.338
FW_AS_rep_2,GCA_023415205.1,JAEZLR010000030.1,bgl,327,9.594e-100,0.383
FW_AS_rep_2,GCA_023415205.1,JAEZLR010000023.1,dppC,250,2.656e-75,0.426
FW_AS_rep_2,GCA_023415205.1,JAEZLR010000011.1,frhG,44,6.218e-7,0.345
FW_AS_rep_2,GCA_023415205.1,JAEZLR010000001.1,pepQ,75,1.954e-16,0.288
FW_AS_rep_2,GCA_023415205.1,JAEZLR010000023.1,dppA,358,3.716e-109,0.375
FW_AS_rep_2,GCA_023415205.1,JAEZLR010000036.1,pfkA,256,5.93e-78,0.478
FW_AS_rep_2,GCA_023415205.1,JAEZLR010000006.1,pgi,44,4.219e-8,0.364
FW_AS_rep_2,GCA_023415205.1,JAEZLR010000033.1,adh,59,6.548e-12,0.274
FW_AS_rep_2,GCA_023415205.1,JAEZLR010000006.1,fadD,256,3.189e-74,0.358
FW_AS_rep_2,GCA_023415205.1,JAEZLR010000009.1,aldh,422,6.151e-127,0.536
FW_AS_rep_2,GCA_023415205.1,JAEZLR010000023.1,dppB,285,3.646e-88,0.503
FW_AS_rep_2,GCA_023415205.1,JAEZLR010000034.1,agl,65,3.178e-12,0.259
FW_AS_rep_2,GCA_023415205.1,JAEZLR010000001.1,extracellular_protease,155,7.746e-42,0.399
FW_AS_rep_2,GCA_023415205.1,JAEZLR010000023.1,pepQ,149,9.155e-41,0.313
FW_AS_rep_2,GCA_023415205.1,JAEZLR010000009.1,frhB,46,1.454e-7,0.428
FW_AS_rep_2,GCA_023415205.1,JAEZLR010000006.1,acylglycerol_lipase,51,5.651e-9,0.266
FW_AS_rep_2,GCA_023415205.1,JAEZLR010000032.1,acylglycerol_lipase,46,1.164e-7,0.25
FW_AS_rep_2,GCA_023415205.1,JAEZLR010000001.1,mvhG,49,1.743e-9,0.25
FW_AS_rep_2,GCA_023415205.1,JAEZLR010000016.1,xylA,539,1.273e-173,0.587
FW_AS_rep_2,GCA_023415205.1,JAEZLR010000007.1,frhG,42,5.338e-8,0.395
FW_AS_rep_2,GCA_023415205.1,JAEZLR010000001.1,hydA,42,3.06e-7,0.375
FW_AS_rep_2,GCA_023415205.1,JAEZLR010000030.1,oppB,247,5.245e-75,0.41
FW_AS_rep_2,GCA_023415205.1,JAEZLR010000001.1,mvhA,53,9.17e-10,0.214
FW_AS_rep_2,GCA_023415205.1,JAEZLR010000027.1,frhG,49,4.351e-10,0.319
FW_AS_rep_2,GCA_023415205.1,JAEZLR010000045.1,pepT,53,9.572e-10,0.23
FW_AS_rep_2,GCA_023415205.1,JAEZLR010000045.1,mdh,172,3.84e-49,0.355
FW_AS_rep_2,GCA_023415205.1,JAEZLR010000001.1,frhA,90,3.049e-21,0.263
FW_AS_rep_2,GCA_023415205.1,JAEZLR010000009.1,frhG,49,1.499e-8,0.425
FW_AS_rep_2,GCA_023415205.1,JAEZLR010000006.1,adh,73,1.769e-16,0.303
FW_AS_rep_2,GCA_023415205.1,JAEZLR010000004.1,pfkA,42,3.351e-6,0.377
FW_AS_rep_2,GCA_023415205.1,JAEZLR010000027.1,gapA,500,1.046e-161,0.723
FW_AS_rep_2,GCA_023415205.1,JAEZLR010000030.1,dppA,122,1.722e-30,0.263
FW_AS_rep_2,GCA_023415205.1,JAEZLR010000042.1,adhE,138,9.151e-37,0.325
FW_AS_rep_2,GCA_023415205.1,JAEZLR010000045.1,pgi,85,1.487e-19,0.25
FW_AS_rep_2,GCA_023415205.1,JAEZLR010000030.1,frhG,47,5.888e-9,0.4
FW_AS_rep_2,GCA_023415205.1,JAEZLR010000022.1,mdh,175,3.771e-50,0.327
FW_AS_rep_2,GCA_963695105.1,CAVOGC010000027.1,agl,225,2.476e-61,0.348
FW_AS_rep_2,GCA_963695105.1,CAVOGC010000003.1,frhB,49,3.909e-9,0.366
FW_AS_rep_2,GCA_963695105.1,CAVOGC010000010.1,thl,392,1.938e-123,0.554
FW_AS_rep_2,GCA_963695105.1,CAVOGC010000040.1,lipase,41,7.375e-6,0.274
FW_AS_rep_2,GCA_963695105.1,CAVOGC010000009.1,acs,101,9.868e-24,0.241
FW_AS_rep_2,GCA_963695105.1,CAVOGC010000034.1,ptsG,557,5.717e-175,0.505
FW_AS_rep_2,GCA_963695105.1,CAVOGC010000010.1,adh,63,6.223e-13,0.283
FW_AS_rep_2,GCA_963695105.1,CAVOGC010000011.1,fdhA,59,8.906e-12,0.36
FW_AS_rep_2,GCA_963695105.1,CAVOGC010000019.1,pgi,673,2.111e-217,0.633
FW_AS_rep_2,GCA_963695105.1,CAVOGC010000041.1,pfor,47,8.848e-8,0.292
FW_AS_rep_2,GCA_963695105.1,CAVOGC010000019.1,fadD,175,3.934e-47,0.305
FW_AS_rep_2,GCA_963695105.1,CAVOGC010000023.1,thl,357,1.525e-111,0.472
FW_AS_rep_2,GCA_963695105.1,CAVOGC010000055.1,bgl,274,3.281e-81,0.448
FW_AS_rep_2,GCA_963695105.1,CAVOGC010000023.1,fadA,257,6.206e-77,0.407
FW_AS_rep_2,GCA_963695105.1,CAVOGC010000025.1,fadD,208,7.161e-59,0.305
FW_AS_rep_2,GCA_963695105.1,CAVOGC010000050.1,tdcB,83,1.822e-19,0.29
FW_AS_rep_2,GCA_963695105.1,CAVOGC010000028.1,acylglycerol_lipase,51,3.147e-9,0.265
FW_AS_rep_2,GCA_963695105.1,CAVOGC010000018.1,cazy_GH13,48,8.906e-8,0.238
FW_AS_rep_2,GCA_963695105.1,CAVOGC010000016.1,rnfB,40,6.559e-7,0.34
FW_AS_rep_2,GCA_963695105.1,CAVOGC010000055.1,bcd,400,2.289e-126,0.544
FW_AS_rep_2,GCA_963695105.1,CAVOGC010000020.1,sucD,366,1.292e-116,0.643
FW_AS_rep_2,GCA_963695105.1,CAVOGC010000045.1,etfB,318,8.952e-101,0.698
FW_AS_rep_2,GCA_963695105.1,CAVOGC010000010.1,lipase,43,8.986e-7,0.336
FW_AS_rep_2,GCA_963695105.1,CAVOGC010000048.1,adhE,123,1.544e-31,0.313
FW_AS_rep_2,GCA_963695105.1,CAVOGC010000011.1,oppB,178,1.343e-50,0.329
FW_AS_rep_2,GCA_963695105.1,CAVOGC010000003.1,rnfB,220,1.083e-67,0.642
FW_AS_rep_2,GCA_963695105.1,CAVOGC010000007.1,cazy_GH13,106,4.082e-25,0.286
FW_AS_rep_2,GCA_963695105.1,CAVOGC010000045.1,bcd,123,8.254e-31,0.322
FW_AS_rep_2,GCA_963695105.1,CAVOGC010000022.1,fadD,158,1.003e-40,0.286
FW_AS_rep_2,GCA_963695105.1,CAVOGC010000038.1,adhE,220,5.907e-62,0.336
FW_AS_rep_2,GCA_963695105.1,CAVOGC010000003.1,cdhC,48,1.281e-8,0.338
FW_AS_rep_2,GCA_963695105.1,CAVOGC010000007.1,agl,59,8.37e-11,0.362
FW_AS_rep_2,GCA_963695105.1,CAVOGC010000012.1,fadD,227,8.638e-65,0.353
FW_AS_rep_2,GCA_963695105.1,CAVOGC010000029.1,fadB,100,6.667e-25,0.289
FW_AS_rep_2,GCA_963695105.1,CAVOGC010000040.1,tdcB,347,1.057e-104,0.472
FW_AS_rep_2,GCA_963695105.1,CAVOGC010000011.1,dppB,168,4.03e-47,0.327
FW_AS_rep_2,GCA_963695105.1,CAVOGC010000012.1,lipase,78,3.49e-17,0.258
FW_AS_rep_2,GCA_963695105.1,CAVOGC010000038.1,fadD,216,1.735e-61,0.327
FW_AS_rep_2,GCA_963695105.1,CAVOGC010000020.1,mmcE,515,3.471e-160,0.515
FW_AS_rep_2,GCA_963695105.1,CAVOGC010000016.1,etfA,88,2.493e-20,0.346
FW_AS_rep_2,GCA_963695105.1,CAVOGC010000034.1,mdh,153,5.523e-43,0.449
FW_AS_rep_2,GCA_963695105.1,CAVOGC010000055.1,acs,250,3.289e-71,0.29
FW_AS_rep_2,GCA_963695105.1,CAVOGC010000010.1,tdcB,54,6.638e-10,0.27
FW_AS_rep_2,GCA_963695105.1,CAVOGC010000029.1,rnfB,41,2.852e-7,0.25
FW_AS_rep_2,GCA_963695105.1,CAVOGC010000008.1,acylglycerol_lipase,46,1.127e-7,0.376
FW_AS_rep_2,GCA_963695105.1,CAVOGC010000035.1,acylglycerol_lipase,43,3.091e-6,0.249
FW_AS_rep_2,GCA_963695105.1,CAVOGC010000011.1,oppA,85,4.899e-19,0.224
FW_AS_rep_2,GCA_963695105.1,CAVOGC010000040.1,pepQ,158,3.798e-41,0.332
FW_AS_rep_2,GCA_963695105.1,CAVOGC010000055.1,fumB,256,4.916e-75,0.373
FW_AS_rep_2,GCA_963695105.1,CAVOGC010000012.1,acs,155,2.992e-41,0.302
FW_AS_rep_2,GCA_963695105.1,CAVOGC010000021.1,cazy_GH13,166,9.105e-45,0.335
FW_AS_rep_2,GCA_963695105.1,CAVOGC010000023.1,pfkA,87,1.02e-19,0.25
FW_AS_rep_2,GCA_963695105.1,CAVOGC010000003.1,hydA,50,2.156e-9,0.366
FW_AS_rep_2,GCA_963695105.1,CAVOGC010000011.1,hydA,69,4.036e-15,0.255
FW_AS_rep_2,GCA_963695105.1,CAVOGC010000011.1,frhA,67,6.646e-16,0.375
FW_AS_rep_2,GCA_963695105.1,CAVOGC010000005.1,frhG,49,1.239e-8,0.34
FW_AS_rep_2,GCA_963695105.1,CAVOGC010000008.1,crt,143,2.021e-36,0.408
FW_AS_rep_2,GCA_963695105.1,CAVOGC010000005.1,etfA,44,1.793e-6,0.327
FW_AS_rep_2,GCA_963695105.1,CAVOGC010000030.1,frhB,48,5.764e-8,0.448
FW_AS_rep_2,GCA_963695105.1,CAVOGC010000034.1,fadD,127,4.89e-32,0.272
FW_AS_rep_2,GCA_963695105.1,CAVOGC010000011.1,dppA,74,1.189e-15,0.226
FW_AS_rep_2,GCA_963695105.1,CAVOGC010000055.1,fadD,229,4.767e-64,0.314
FW_AS_rep_2,GCA_963695105.1,CAVOGC010000016.1,pepA,371,2.087e-114,0.471
FW_AS_rep_2,GCA_963695105.1,CAVOGC010000011.1,mvhA,220,5.64e-65,0.413
FW_AS_rep_2,GCA_963695105.1,CAVOGC010000055.1,acylglycerol_lipase,49,1.205e-8,0.268
FW_AS_rep_2,GCA_963695105.1,CAVOGC010000003.1,lctB,237,1.757e-72,0.491
FW_AS_rep_2,GCA_963695105.1,CAVOGC010000003.1,lctC,432,1.271e-136,0.554
FW_AS_rep_2,GCA_963695105.1,CAVOGC010000040.1,mvhA,112,1.883e-27,0.242
FW_AS_rep_2,GCA_963695105.1,CAVOGC010000001.1,acylglycerol_lipase,45,3.299e-7,0.346
FW_AS_rep_2,GCA_963695105.1,CAVOGC010000001.1,pfkA,378,2.308e-113,0.524
FW_AS_rep_2,GCA_963695105.1,CAVOGC010000003.1,frhG,43,5.923e-7,0.322
FW_AS_rep_2,GCA_963695105.1,CAVOGC010000040.1,pta,214,4.336e-59,0.41
FW_AS_rep_2,GCA_963695105.1,CAVOGC010000011.1,mvhG,127,3.5e-35,0.375
FW_AS_rep_2,GCA_963695105.1,CAVOGC010000011.1,frhG,94,7.748e-24,0.345
FW_AS_rep_2,GCA_963695105.1,CAVOGC010000034.1,acs,548,2.3e-173,0.466
FW_AS_rep_2,GCA_963695105.1,CAVOGC010000019.1,acs,418,5.781e-129,0.436
FW_AS_rep_2,GCA_963695105.1,CAVOGC010000030.1,hydA,45,4.089e-7,0.42
FW_AS_rep_2,GCA_963695105.1,CAVOGC010000020.1,mmcG,40,1.753e-6,0.274
FW_AS_rep_2,GCA_963695105.1,CAVOGC010000055.1,etfA,95,1.334e-23,0.302
FW_AS_rep_2,GCA_963695105.1,CAVOGC010000005.1,hbd,115,4.124e-28,0.292
FW_AS_rep_2,GCA_963695105.1,CAVOGC010000041.1,agl,48,9.751e-8,0.238
FW_AS_rep_2,GCA_963695105.1,CAVOGC010000031.1,crt,64,9.078e-13,0.5
FW_AS_rep_2,GCA_963695105.1,CAVOGC010000008.1,etfA,118,9.808e-29,0.369
FW_AS_rep_2,GCA_963695105.1,CAVOGC010000051.1,rnfB,43,4.266e-8,0.342
FW_AS_rep_2,GCA_963695105.1,CAVOGC010000008.1,sucC,374,4.021e-117,0.523
FW_AS_rep_2,GCA_963695105.1,CAVOGC010000038.1,acs,130,3.766e-33,0.308
FW_AS_rep_2,GCA_963695105.1,CAVOGC010000022.1,acylglycerol_lipase,85,9.398e-22,0.38
FW_AS_rep_2,GCA_963695105.1,CAVOGC010000020.1,mmcF,132,3.807e-33,0.507
FW_AS_rep_2,GCA_963695105.1,CAVOGC010000005.1,fadB,114,1.253e-27,0.282
FW_AS_rep_2,GCA_963695105.1,CAVOGC010000048.1,fadE,225,6.449e-64,0.369
FW_AS_rep_2,GCA_963695105.1,CAVOGC010000030.1,lctC,42,5.037e-6,0.351
FW_AS_rep_2,GCA_963695105.1,CAVOGC010000045.1,fadD,241,2.298e-69,0.335
FW_AS_rep_2,GCA_963695105.1,CAVOGC010000040.1,crt,120,1.423e-31,0.346
FW_AS_rep_2,GCA_963695105.1,CAVOGC010000056.1,oppB,168,2.698e-47,0.438
FW_AS_rep_2,GCA_963695105.1,CAVOGC010000055.1,extracellular_protease,181,3.903e-48,0.365
FW_AS_rep_2,GCA_963695105.1,CAVOGC010000017.1,ackA,351,7.549e-107,0.515
FW_AS_rep_2,GCA_963695105.1,CAVOGC010000008.1,fadB,425,4.38e-126,0.372
FW_AS_rep_2,GCA_963695105.1,CAVOGC010000040.1,bcd,114,4.648e-28,0.28
FW_AS_rep_2,GCA_963695105.1,CAVOGC010000040.1,mvhG,49,2.59e-8,0.246
FW_AS_rep_2,GCA_963695105.1,CAVOGC010000003.1,lctD,79,5.193e-19,0.33
FW_AS_rep_2,GCA_963695105.1,CAVOGC010000009.1,fadD,130,1.064e-32,0.311
FW_AS_rep_2,GCA_963695105.1,CAVOGC010000008.1,hbd,219,1.216e-59,0.435
FW_AS_rep_2,GCA_963695105.1,CAVOGC010000030.1,rnfB,120,7.831e-31,0.431
FW_AS_rep_2,GCA_963695105.1,CAVOGC010000010.1,fadA,323,1.253e-99,0.482
FW_AS_rep_2,GCA_963695105.1,CAVOGC010000048.1,bcd,233,1.106e-66,0.358
FW_AS_rep_2,GCA_963695105.1,CAVOGC010000041.1,cazy_GH13,51,1.855e-8,0.292
FW_AS_rep_2,GCA_963695105.1,CAVOGC010000028.1,gdh,1653,0.0,0.565
FW_AS_rep_2,GCA_963695105.1,CAVOGC010000022.1,acs,105,1.223e-24,0.245
FW_AS_rep_2,GCA_963695105.1,CAVOGC010000005.1,thl,313,2.781e-96,0.459
FW_AS_rep_2,GCA_963695105.1,CAVOGC010000056.1,dppB,43,1.346e-6,0.288
FW_AS_rep_2,GCA_963695105.1,CAVOGC010000004.1,fwdA,50,2.134e-8,0.269
FW_AS_rep_2,GCA_963695105.1,CAVOGC010000005.1,fadA,376,4.82e-118,0.541
FW_AS_rep_2,GCA_963695105.1,CAVOGC010000029.1,crt,174,3.712e-50,0.437
FW_AS_rep_2,GCA_963695105.1,CAVOGC010000056.1,frhB,42,6.196e-7,0.416
FW_AS_rep_2,GCA_963695105.1,CAVOGC010000017.1,hydA,85,7.545e-19,0.299
FW_AS_rep_2,GCA_963695105.1,CAVOGC010000055.1,fadE,303,5.161e-93,0.481
FW_AS_rep_2,GCA_963695105.1,CAVOGC010000056.1,pfor,1377,0.0,0.611
FW_AS_rep_2,GCA_963695105.1,CAVOGC010000055.1,edd,242,5.803e-69,0.331
FW_AS_rep_2,GCA_963695105.1,CAVOGC010000040.1,frhA,93,1.763e-21,0.228
FW_AS_rep_2,GCA_963695105.1,CAVOGC010000049.1,agl,51,2.033e-8,0.269
FW_AS_rep_2,GCA_963695105.1,CAVOGC010000016.1,fadB,96,1.104e-22,0.35
FW_AS_rep_2,GCA_963695105.1,CAVOGC010000048.1,folD,326,2.235e-102,0.592
FW_AS_rep_2,GCA_963695105.1,CAVOGC010000029.1,etfA,110,1.853e-28,0.35
FW_AS_rep_2,GCA_963695105.1,CAVOGC010000016.1,crt,164,5.933e-45,0.403
FW_AS_rep_2,GCA_963695105.1,CAVOGC010000014.1,mdh,270,5.843e-84,0.57
FW_AS_rep_2,GCA_963695105.1,CAVOGC010000038.1,lysophospholipase,187,1.193e-55,0.409
FW_AS_rep_2,GCA_963695105.1,CAVOGC010000008.1,sucD,366,1.292e-116,0.643
FW_AS_rep_2,GCA_963695105.1,CAVOGC010000045.1,fadE,137,4.056e-35,0.327
FW_AS_rep_2,GCA_963695105.1,CAVOGC010000045.1,etfA,341,2.361e-107,0.652
FW_AS_rep_2,GCA_963695105.1,CAVOGC010000040.1,pyk,125,1.276e-33,0.444
FW_AS_rep_2,GCA_963695105.1,CAVOGC010000020.1,sucC,374,4.021e-117,0.523
FW_AS_rep_2,GCA_963695105.1,CAVOGC010000056.1,dppC,149,9.342e-41,0.39
FW_AS_rep_2,GCA_963695105.1,CAVOGC010000005.1,crt,65,1.037e-12,0.333
FW_AS_rep_2,GCA_963695105.1,CAVOGC010000010.1,fadD,141,2.314e-36,0.276
FW_AS_rep_2,GCA_963695105.1,CAVOGC010000056.1,pta,216,5.155e-62,0.479
FW_AS_rep_2,GCA_963695105.1,CAVOGC010000017.1,fdhA,132,3.306e-33,0.246
FW_AS_rep_2,GCA_963695105.1,CAVOGC010000005.1,acs,170,1.267e-44,0.298
FW_AS_rep_2,GCA_963695105.1,CAVOGC010000048.1,mmcE,400,8.304e-122,0.384
FW_AS_rep_2,GCA_963695105.1,CAVOGC010000055.1,dppA,62,7.81e-14,0.591
FW_AS_rep_2,GCA_963695105.1,CAVOGC010000049.1,cazy_GH13,88,7.79e-20,0.29
FW_AS_rep_2,GCA_963695105.1,CAVOGC010000003.1,mmcE,326,4.641e-93,0.407
FW_AS_rep_2,GCA_963695105.1,CAVOGC010000025.1,acs,189,1.093e-52,0.296
FW_AS_rep_2,GCA_963695105.1,CAVOGC010000010.1,acs,883,4.754e-288,0.644
FW_AS_rep_2,GCA_963695105.1,CAVOGC010000045.1,acs,146,3.558e-38,0.301
FW_AS_rep_2,GCA_963695105.1,CAVOGC010000008.1,thl,244,1.678e-71,0.379
FW_AS_rep_2,GCA_963695105.1,CAVOGC010000041.1,pfkA,87,1.02e-19,0.255
FW_AS_rep_2,GCA_963695105.1,CAVOGC010000041.1,fadA,255,2.943e-76,0.407
FW_AS_rep_2,GCA_963695105.1,CAVOGC010000048.1,mmcF,132,6.612e-34,0.507
FW_AS_rep_2,GCA_963695105.1,CAVOGC010000027.1,cazy_GH13,175,7.379e-46,0.334
FW_AS_rep_2,GCA_963695105.1,CAVOGC010000041.1,thl,355,9.997e-111,0.469
FW_AS_rep_2,GCA_963695105.1,CAVOGC010000055.1,crt,143,6.568e-40,0.367
FW_AS_rep_2,GCA_963695105.1,CAVOGC010000008.1,cat,96,1.881e-22,0.37
FW_AS_rep_2,GCA_963695105.1,CAVOGC010000036.1,gdh,890,8.925e-285,0.538
FW_AS_rep_2,GCA_963695105.1,CAVOGC010000040.1,cazy_GH13,79,3.047e-17,0.273
FW_AS_rep_2,GCA_963695105.1,CAVOGC010000055.1,endopeptidase,188,4.806e-54,0.395
FW_AS_rep_2,GCA_963695105.1,CAVOGC010000021.1,agl,295,8.273e-88,0.418
FW_AS_rep_2,GCA_963695105.1,CAVOGC010000017.1,frhG,46,3.733e-8,0.263
FW_AS_rep_2,GCA_963695105.1,CAVOGC010000008.1,fadA,250,2.247e-73,0.411
FW_AS_rep_2,GCA_963695105.1,CAVOGC010000005.1,fadD,162,3.038e-43,0.304
FW_AS_rep_2,GCA_029547845.1,JAKPON010000038.1,pepQ,155,2.285e-41,0.343
FW_AS_rep_2,GCA_029547845.1,JAKPON010000027.1,adh,57,3.96e-11,0.257
FW_AS_rep_2,GCA_029547845.1,JAKPON010000032.1,lctD,70,1.222e-14,0.338
FW_AS_rep_2,GCA_029547845.1,JAKPON010000012.1,cazy_GH43,111,5.353e-27,0.309
FW_AS_rep_2,GCA_029547845.1,JAKPON010000047.1,acylglycerol_lipase,40,8.086e-6,0.235
FW_AS_rep_2,GCA_029547845.1,JAKPON010000038.1,susC,71,2.249e-14,0.272
FW_AS_rep_2,GCA_029547845.1,JAKPON010000033.1,fdhA,462,6.885e-143,0.392
FW_AS_rep_2,GCA_029547845.1,JAKPON010000047.1,hydA,98,2.346e-23,0.278
FW_AS_rep_2,GCA_029547845.1,JAKPON010000032.1,lctB,253,2.813e-78,0.514
FW_AS_rep_2,GCA_029547845.1,JAKPON010000033.1,hydA,112,4.584e-27,0.29
FW_AS_rep_2,GCA_029547845.1,JAKPON010000047.1,acs,177,3.373e-48,0.29
FW_AS_rep_2,GCA_029547845.1,JAKPON010000010.1,adhE,134,1.049e-35,0.324
FW_AS_rep_2,GCA_029547845.1,JAKPON010000006.1,fadD,241,1.225e-67,0.354
FW_AS_rep_2,GCA_029547845.1,JAKPON010000050.1,pyk,402,3.335e-125,0.485
FW_AS_rep_2,GCA_029547845.1,JAKPON010000050.1,pepT,229,6.137e-67,0.401
FW_AS_rep_2,GCA_029547845.1,JAKPON010000052.1,adh,76,4.223e-16,0.292
FW_AS_rep_2,GCA_029547845.1,JAKPON010000047.1,cazy_GH9,183,4.181e-49,0.334
FW_AS_rep_2,GCA_029547845.1,JAKPON010000033.1,rnfB,46,2e-7,0.336
FW_AS_rep_2,GCA_029547845.1,JAKPON010000054.1,hydA,42,6.689e-7,0.344
FW_AS_rep_2,GCA_029547845.1,JAKPON010000054.1,bgl,442,2.17e-139,0.478
FW_AS_rep_2,GCA_029547845.1,JAKPON010000012.1,pfor,136,4.736e-35,0.316
FW_AS_rep_2,GCA_029547845.1,JAKPON010000047.1,cazy_GH13,106,6.444e-25,0.312
FW_AS_rep_2,GCA_029547845.1,JAKPON010000045.1,adh,71,8.436e-16,0.343
FW_AS_rep_2,GCA_029547845.1,JAKPON010000033.1,pfor,46,3.811e-8,0.302
FW_AS_rep_2,GCA_029547845.1,JAKPON010000024.1,fadE,102,8.023e-25,0.26
FW_AS_rep_2,GCA_029547845.1,JAKPON010000036.1,etfA,82,9.307e-20,0.359
FW_AS_rep_2,GCA_029547845.1,JAKPON010000012.1,pepD,68,4.404e-14,0.274
FW_AS_rep_2,GCA_029547845.1,JAKPON010000038.1,cazy_GH5,109,6.366e-27,0.326
FW_AS_rep_2,GCA_029547845.1,JAKPON010000054.1,frhB,42,6.689e-7,0.333
FW_AS_rep_2,GCA_029547845.1,JAKPON010000045.1,extracellular_protease,173,3.85e-45,0.396
FW_AS_rep_2,GCA_029547845.1,JAKPON010000044.1,sucC,372,8.715e-117,0.525
FW_AS_rep_2,GCA_029547845.1,JAKPON010000047.1,pfor,46,2.022e-7,0.31
FW_AS_rep_2,GCA_029547845.1,JAKPON010000052.1,hydA,42,1.568e-6,0.318
FW_AS_rep_2,GCA_029547845.1,JAKPON010000038.1,fumB,127,2.438e-32,0.283
FW_AS_rep_2,GCA_029547845.1,JAKPON010000051.1,glcP,183,5.254e-51,0.306
FW_AS_rep_2,GCA_029547845.1,JAKPON010000037.1,susC,66,3.252e-13,0.249
FW_AS_rep_2,GCA_029547845.1,JAKPON010000047.1,cazy_GH5,91,2.412e-21,0.272
FW_AS_rep_2,GCA_029547845.1,JAKPON010000035.1,fadB,76,9.898e-19,0.5
FW_AS_rep_2,GCA_029547845.1,JAKPON010000047.1,frhG,53,1.938e-9,0.431
FW_AS_rep_2,GCA_029547845.1,JAKPON010000033.1,frhA,68,1.403e-14,0.25
FW_AS_rep_2,GCA_029547845.1,JAKPON010000012.1,hydA,43,3.015e-6,0.452
FW_AS_rep_2,GCA_029547845.1,JAKPON010000032.1,lctC,432,4.486e-136,0.492
FW_AS_rep_2,GCA_029547845.1,JAKPON010000050.1,pepD,445,2.658e-139,0.477
FW_AS_rep_2,GCA_029547845.1,JAKPON010000052.1,cazy_GH9,64,1.852e-12,0.265
FW_AS_rep_2,GCA_029547845.1,JAKPON010000052.1,pepN,73,3.82e-15,0.25
FW_AS_rep_2,GCA_029547845.1,JAKPON010000057.1,cazy_GH5,72,4.75e-15,0.318
FW_AS_rep_2,GCA_029547845.1,JAKPON010000050.1,pta,244,2.946e-73,0.476
FW_AS_rep_2,GCA_029547845.1,JAKPON010000033.1,etfB,177,1.121e-51,0.437
FW_AS_rep_2,GCA_029547845.1,JAKPON010000029.1,cazy_GH10,122,5.016e-30,0.311
FW_AS_rep_2,GCA_029547845.1,JAKPON010000047.1,agl,93,4.427e-21,0.274
FW_AS_rep_2,GCA_029547845.1,JAKPON010000050.1,pfkA,44,2.201e-6,0.396
FW_AS_rep_2,GCA_029547845.1,JAKPON010000047.1,pfkA,235,1.566e-69,0.409
FW_AS_rep_2,GCA_029547845.1,JAKPON010000035.1,etfA,98,3.112e-26,0.386
FW_AS_rep_2,GCA_029547845.1,JAKPON010000033.1,frhB,48,4.55e-9,0.44
FW_AS_rep_2,GCA_029547845.1,JAKPON010000052.1,mvhG,49,6.495e-9,0.289
FW_AS_rep_2,GCA_029547845.1,JAKPON010000042.1,thl,116,8.476e-33,0.492
FW_AS_rep_2,GCA_029547845.1,JAKPON010000012.1,frhB,53,4.943e-12,0.372
FW_AS_rep_2,GCA_029547845.1,JAKPON010000047.1,folD,293,1.71e-91,0.55
FW_AS_rep_2,GCA_029547845.1,JAKPON010000047.1,fdhA,85,3.412e-19,0.23
FW_AS_rep_2,GCA_029547845.1,JAKPON010000047.1,ackA,402,1.441e-126,0.544
FW_AS_rep_2,GCA_029547845.1,JAKPON010000012.1,acs,134,1.923e-34,0.264
FW_AS_rep_2,GCA_029547845.1,JAKPON010000006.1,fhs,606,6.398e-193,0.524
FW_AS_rep_2,GCA_029547845.1,JAKPON010000037.1,hydA,49,1.342e-8,0.247
FW_AS_rep_2,GCA_029547845.1,JAKPON010000047.1,edd,241,2.234e-69,0.336
FW_AS_rep_2,GCA_029547845.1,JAKPON010000012.1,pfkA,114,1.194e-28,0.275
FW_AS_rep_2,GCA_029547845.1,JAKPON010000012.1,pepT,185,7.682e-52,0.342
FW_AS_rep_2,GCA_029547845.1,JAKPON010000050.1,extracellular_protease,174,7.565e-48,0.355
FW_AS_rep_2,GCA_029547845.1,JAKPON010000050.1,pfor,1516,0.0,0.632
FW_AS_rep_2,GCA_029547845.1,JAKPON010000038.1,esterase,44,9.084e-7,0.282
FW_AS_rep_2,GCA_029547845.1,JAKPON010000035.1,crt,114,5.616e-32,0.417
FW_AS_rep_2,GCA_029547845.1,JAKPON010000012.1,fadD,302,5.535e-90,0.388
FW_AS_rep_2,GCA_029547845.1,JAKPON010000033.1,dtpT,81,2.878e-18,0.243
FW_AS_rep_2,GCA_029547845.1,JAKPON010000047.1,ilvE,128,2.623e-34,0.343
FW_AS_rep_2,GCA_029547845.1,JAKPON010000050.1,fadD,277,1.408e-81,0.358
FW_AS_rep_2,GCA_029547845.1,JAKPON010000012.1,agl,94,1.138e-21,0.25
FW_AS_rep_2,GCA_029547845.1,JAKPON010000052.1,frhG,57,1.852e-11,0.34
FW_AS_rep_2,GCA_029547845.1,JAKPON010000038.1,rnfB,48,5.068e-8,0.402
FW_AS_rep_2,GCA_029547845.1,JAKPON010000047.1,endopeptidase,228,1.935e-64,0.443
FW_AS_rep_2,GCA_029547845.1,JAKPON010000033.1,mvhG,40,2.822e-6,0.222
FW_AS_rep_2,GCA_029547845.1,JAKPON010000027.1,cazy_CE8,201,8.676e-54,0.414
FW_AS_rep_2,GCA_029547845.1,JAKPON010000047.1,xylB,196,1.966e-54,0.326
FW_AS_rep_2,GCA_029547845.1,JAKPON010000033.1,esterase,237,3.313e-68,0.335
FW_AS_rep_2,GCA_029547845.1,JAKPON010000047.1,extracellular_protease,138,7.194e-35,0.29
FW_AS_rep_2,GCA_029547845.1,JAKPON010000038.1,extracellular_protease,144,1.482e-37,0.373
FW_AS_rep_2,GCA_029547845.1,JAKPON010000047.1,susC,80,3.211e-17,0.326
FW_AS_rep_2,GCA_029547845.1,JAKPON010000054.1,frhG,40,3.026e-6,0.351
FW_AS_rep_2,GCA_029547845.1,JAKPON010000052.1,frhB,42,1.568e-6,0.371
FW_AS_rep_2,GCA_029547845.1,JAKPON010000052.1,susC,93,4.512e-21,0.309
FW_AS_rep_2,GCA_029547845.1,JAKPON010000029.1,cazy_GH43,137,2.59e-35,0.339
FW_AS_rep_2,GCA_029547845.1,JAKPON010000036.1,crt,139,5.629e-39,0.395
FW_AS_rep_2,GCA_029547845.1,JAKPON010000033.1,lctC,42,5.887e-6,0.296
FW_AS_rep_2,GCA_029547845.1,JAKPON010000047.1,cazy_CBM6,75,1.046e-15,0.347
FW_AS_rep_2,GCA_029547845.1,JAKPON010000047.1,mvhG,96,1.889e-25,0.373
FW_AS_rep_2,GCA_029547845.1,JAKPON010000027.1,pfkA,55,3.652e-10,0.262
FW_AS_rep_2,GCA_029547845.1,JAKPON010000047.1,fumB,143,1.732e-39,0.352
FW_AS_rep_2,GCA_029547845.1,JAKPON010000037.1,tdcB,86,7.562e-20,0.298
FW_AS_rep_2,GCA_029547845.1,JAKPON010000033.1,etfA,207,1.107e-59,0.419
FW_AS_rep_2,GCA_029547845.1,JAKPON010000054.1,rnfB,45,4.355e-8,0.385
FW_AS_rep_2,GCA_029547845.1,JAKPON010000012.1,rnfB,40,1.833e-7,0.313
FW_AS_rep_2,GCA_029547845.1,JAKPON010000033.1,susC,62,1.361e-11,0.254
FW_AS_rep_2,GCA_029547845.1,JAKPON010000047.1,rnfB,46,2.673e-7,0.377
FW_AS_rep_2,GCA_029547845.1,JAKPON010000012.1,pepQ,79,1.269e-17,0.338
FW_AS_rep_2,GCA_029547845.1,JAKPON010000047.1,mvhD,187,3.317e-57,0.572
FW_AS_rep_2,GCA_029547845.1,JAKPON010000033.1,frhG,46,2.815e-8,0.372
FW_AS_rep_2,GCA_029547845.1,JAKPON010000045.1,fadD,287,6.774e-85,0.357
FW_AS_rep_2,GCA_029547845.1,JAKPON010000057.1,glcP,109,1.722e-26,0.239
FW_AS_rep_2,GCA_029547845.1,JAKPON010000012.1,acylglycerol_lipase,49,1.094e-9,0.336
FW_AS_rep_2,GCA_029547845.1,JAKPON010000012.1,cazy_GH13,134,8.865e-34,0.301
FW_AS_rep_2,GCA_029547845.1,JAKPON010000050.1,acs,95,3.82e-22,0.258
FW_AS_rep_2,GCA_029547845.1,JAKPON010000006.1,gapA,369,2.053e-116,0.559
FW_AS_rep_2,GCA_029547845.1,JAKPON010000047.1,fadD,284,1.129e-83,0.363
FW_AS_rep_2,GCA_029547845.1,JAKPON010000037.1,frhG,46,1.01e-7,0.3
FW_AS_rep_2,GCA_029547845.1,JAKPON010000027.1,susC,56,9.423e-10,0.287
FW_AS_rep_2,GCA_029547845.1,JAKPON010000052.1,extracellular_protease,150,2.081e-38,0.328
FW_AS_rep_2,GCA_029547845.1,JAKPON010000012.1,frhG,49,1.645e-10,0.396
FW_AS_rep_2,GCA_029547845.1,JAKPON010000054.1,pepQ,82,2.117e-18,0.295
FW_AS_rep_2,GCA_029547845.1,JAKPON010000006.1,acs,165,1.526e-43,0.284
FW_AS_rep_2,GCA_029547845.1,JAKPON010000047.1,frhB,159,1.773e-42,0.333
FW_AS_rep_2,GCA_029547845.1,JAKPON010000012.1,pepN,154,3.876e-41,0.328
FW_AS_rep_2,GCA_029547845.1,JAKPON010000042.1,fadA,101,9.978e-28,0.451
FW_AS_rep_2,GCA_029547845.1,JAKPON010000044.1,sucD,348,3.677e-110,0.597
FW_AS_rep_2,GCA_040771935.1,JAXGZD010000005.1,frhB,50,2.128e-8,0.425
FW_AS_rep_2,GCA_040771935.1,JAXGZD010000004.1,frhB,50,3.617e-11,0.377
FW_AS_rep_2,GCA_040771935.1,JAXGZD010000005.1,frhG,53,4.037e-9,0.388
FW_AS_rep_2,GCA_040771935.1,JAXGZD010000001.1,gdh,403,1.735e-126,0.481
FW_AS_rep_2,GCA_040771935.1,JAXGZD010000003.1,crt,180,1.371e-51,0.428
FW_AS_rep_2,GCA_040771935.1,JAXGZD010000001.1,pfor,1469,0.0,0.634
FW_AS_rep_2,GCA_040771935.1,JAXGZD010000012.1,oppB,197,1.175e-57,0.395
FW_AS_rep_2,GCA_040771935.1,JAXGZD010000012.1,dppA,206,4.438e-58,0.3
FW_AS_rep_2,GCA_040771935.1,JAXGZD010000012.1,dppC,213,3.003e-63,0.397
FW_AS_rep_2,GCA_040771935.1,JAXGZD010000012.1,dppB,242,5.649e-73,0.422
FW_AS_rep_2,GCA_040771935.1,JAXGZD010000007.1,frhG,40,3.254e-6,0.312
FW_AS_rep_2,GCA_040771935.1,JAXGZD010000002.1,etfA,195,1.088e-56,0.386
FW_AS_rep_2,GCA_040771935.1,JAXGZD010000003.1,ackA,427,1.574e-134,0.546
FW_AS_rep_2,GCA_040771935.1,JAXGZD010000005.1,hydA,90,3.771e-22,0.288
FW_AS_rep_2,GCA_040771935.1,JAXGZD010000001.1,grdA,137,1.479e-40,0.61
FW_AS_rep_2,GCA_040771935.1,JAXGZD010000002.1,oppB,161,2.671e-45,0.331
FW_AS_rep_2,GCA_040771935.1,JAXGZD010000001.1,pepQ,145,2.214e-39,0.308
FW_AS_rep_2,GCA_040771935.1,JAXGZD010000001.1,prdB,73,6.29e-16,0.347
FW_AS_rep_2,GCA_040771935.1,JAXGZD010000001.1,edd,267,3.053e-77,0.344
FW_AS_rep_2,GCA_040771935.1,JAXGZD010000001.1,rnfB,95,1.598e-23,0.297
FW_AS_rep_2,GCA_040771935.1,JAXGZD010000004.1,mmcF,169,4.672e-51,0.617
FW_AS_rep_2,GCA_040771935.1,JAXGZD010000001.1,folD,205,1.393e-60,0.399
FW_AS_rep_2,GCA_040771935.1,JAXGZD010000007.1,ilvE,304,9.374e-94,0.46
FW_AS_rep_2,GCA_040771935.1,JAXGZD010000001.1,acs,155,1.612e-41,0.283
FW_AS_rep_2,GCA_040771935.1,JAXGZD010000001.1,pta,134,2.537e-36,0.368
FW_AS_rep_2,GCA_040771935.1,JAXGZD010000002.1,pfor,155,3.993e-42,0.326
FW_AS_rep_2,GCA_040771935.1,JAXGZD010000003.1,hydA,48,1.11e-7,0.32
FW_AS_rep_2,GCA_040771935.1,JAXGZD010000001.1,adhE,189,3.294e-53,0.322
FW_AS_rep_2,GCA_040771935.1,JAXGZD010000002.1,adhE,57,8.528e-11,0.279
FW_AS_rep_2,GCA_040771935.1,JAXGZD010000001.1,pepA,377,1.121e-116,0.465
FW_AS_rep_2,GCA_040771935.1,JAXGZD010000002.1,rnfB,40,3.232e-7,0.311
FW_AS_rep_2,GCA_040771935.1,JAXGZD010000004.1,frhG,59,3.237e-14,0.431
FW_AS_rep_2,GCA_040771935.1,JAXGZD010000002.1,etfB,145,1.532e-40,0.412
FW_AS_rep_2,GCA_040771935.1,JAXGZD010000012.1,oppA,162,1.771e-43,0.3
FW_AS_rep_2,GCA_040771935.1,JAXGZD010000001.1,cat,260,7.682e-81,0.605
FW_AS_rep_2,GCA_040771935.1,JAXGZD010000002.1,susC,58,1.147e-10,0.326
FW_AS_rep_2,GCA_040771935.1,JAXGZD010000002.1,edd,243,9.564e-70,0.329
FW_AS_rep_2,GCA_040771935.1,JAXGZD010000001.1,frhG,49,5.347e-10,0.313
FW_AS_rep_2,GCA_040771935.1,JAXGZD010000004.1,mmcG,116,9.233e-33,0.414
FW_AS_rep_2,GCA_040771935.1,JAXGZD010000001.1,cdhC,85,9.767e-20,0.335
FW_AS_rep_2,GCA_040771935.1,JAXGZD010000001.1,prdA,75,2.4e-16,0.25
FW_AS_rep_2,GCA_040771935.1,JAXGZD010000001.1,frhB,50,7.322e-9,0.216
FW_AS_rep_2,GCA_040771935.1,JAXGZD010000002.1,xylB,59,3.426e-11,0.214
FW_AS_rep_2,GCA_040771935.1,JAXGZD010000001.1,fadA,264,2.282e-79,0.414
FW_AS_rep_2,GCA_040771935.1,JAXGZD010000004.1,fadD,187,6.541e-52,0.311
FW_AS_rep_2,GCA_040771935.1,JAXGZD010000001.1,hydA,490,5.812e-154,0.445
FW_AS_rep_2,GCA_040771935.1,JAXGZD010000004.1,acs,125,1.027e-31,0.273
FW_AS_rep_2,GCA_040771935.1,JAXGZD010000001.1,pfkA,258,1.771e-78,0.475
FW_AS_rep_2,GCA_040771935.1,JAXGZD010000001.1,thl,343,1.206e-106,0.501
FW_AS_rep_2,GCA_040771935.1,JAXGZD010000002.1,frhG,40,1.221e-6,0.316
FW_AS_rep_2,GCA_040771935.1,JAXGZD010000001.1,fwdA,52,3.395e-9,0.4
FW_AS_rep_2,GCA_040771935.1,JAXGZD010000002.1,dppB,199,4.296e-58,0.346
FW_AS_rep_2,GCA_040771935.1,JAXGZD010000004.1,mmcE,757,7.994e-247,0.679
FW_AS_rep_2,GCA_040771935.1,JAXGZD010000001.1,gapA,351,3.556e-110,0.548
FW_AS_rep_2,GCA_040771935.1,JAXGZD010000011.1,tdcB,71,4.421e-15,0.294
FW_AS_rep_2,GCA_040771935.1,JAXGZD010000004.1,cazy_GH13,53,3.195e-9,0.305
FW_AS_rep_2,GCA_040771935.1,JAXGZD010000005.1,rnfB,47,2.34e-8,0.329
FW_AS_rep_2,GCA_040771935.1,JAXGZD010000004.1,fumB,141,5.072e-39,0.352
FW_AS_rep_2,GCA_040771935.1,JAXGZD010000003.1,fhs,747,5.143e-243,0.667
FW_AS_rep_2,GCA_040771935.1,JAXGZD010000001.1,fdhA,531,4.326e-169,0.519
FW_AS_rep_2,GCA_040771935.1,JAXGZD010000003.1,tdcB,75,7.613e-17,0.263
FW_AS_rep_2,GCA_040771935.1,JAXGZD010000005.1,pyk,445,1.195e-138,0.493
FW_AS_rep_2,GCA_040771935.1,JAXGZD010000001.1,ackA,94,1.554e-22,0.309
FW_AS_rep_2,GCA_040771935.1,JAXGZD010000005.1,fdhA,55,1.51e-10,0.433
FW_AS_rep_2,GCA_040771935.1,JAXGZD010000002.1,cat,226,7.807e-69,0.497
FW_AS_rep_2,GCA_040771935.1,JAXGZD010000008.1,extracellular_protease,86,3.883e-19,0.348
FW_AS_rep_2,GCA_040771935.1,JAXGZD010000003.1,pgi,91,2.762e-21,0.296
FW_AS_rep_2,GCA_040771935.1,JAXGZD010000004.1,rnfB,46,1.216e-9,0.446
FW_AS_rep_2,GCA_040771935.1,JAXGZD010000002.1,dppC,151,9.709e-41,0.396
FW_AS_rep_2,GCA_040771935.1,JAXGZD010000004.1,hydA,54,1.486e-12,0.415
FW_AS_rep_2,GCA_040771935.1,JAXGZD010000001.1,grdB,590,4.237e-191,0.68
FW_AS_rep_2,GCA_040771935.1,JAXGZD010000001.1,fadD,192,1.165e-53,0.328
FW_AS_rep_2,GCA_040771935.1,JAXGZD010000001.1,tdcB,346,4.488e-107,0.482
FW_AS_rep_2,GCA_040771935.1,JAXGZD010000002.1,frhB,46,6.093e-9,0.428
FW_AS_rep_2,GCA_040771935.1,JAXGZD010000001.1,etfA,208,3.449e-61,0.384
FW_AS_rep_2,GCA_040771935.1,JAXGZD010000004.1,pfor,44,7.725e-7,0.309
FW_AS_rep_2,GCA_040771935.1,JAXGZD010000003.1,fumB,71,1.189e-15,0.283
FW_AS_rep_2,GCA_040771935.1,JAXGZD010000002.1,oppA,79,3.847e-17,0.246
FW_AS_rep_2,GCA_040771935.1,JAXGZD010000002.1,dppA,57,2.24e-10,0.24
FW_AS_rep_2,GCA_963733465.1,CAVTDS010000003.1,frhG,42,2.386e-6,0.243
FW_AS_rep_2,GCA_963733465.1,CAVTDS010000004.1,hydA,113,1.168e-29,0.325
FW_AS_rep_2,GCA_963733465.1,CAVTDS010000002.1,mmcG,56,1.252e-11,0.326
FW_AS_rep_2,GCA_963733465.1,CAVTDS010000004.1,fadE,291,5.389e-89,0.454
FW_AS_rep_2,GCA_963733465.1,CAVTDS010000006.1,fadD,177,1.827e-48,0.3
FW_AS_rep_2,GCA_963733465.1,CAVTDS010000004.1,thl,314,3.481e-93,0.481
FW_AS_rep_2,GCA_963733465.1,CAVTDS010000003.1,lctB,289,4.681e-90,0.58
FW_AS_rep_2,GCA_963733465.1,CAVTDS010000001.1,fadD,265,2.145e-77,0.368
FW_AS_rep_2,GCA_963733465.1,CAVTDS010000004.1,fhs,473,5.846e-148,0.441
FW_AS_rep_2,GCA_963733465.1,CAVTDS010000003.1,fadD,134,4.54e-34,0.313
FW_AS_rep_2,GCA_963733465.1,CAVTDS010000004.1,cazy_GH10,258,1.295e-77,0.405
FW_AS_rep_2,GCA_963733465.1,CAVTDS010000003.1,mvhG,130,1.894e-36,0.389
FW_AS_rep_2,GCA_963733465.1,CAVTDS010000004.1,etfB,126,1.645e-33,0.383
FW_AS_rep_2,GCA_963733465.1,CAVTDS010000005.1,mvhG,179,1.707e-50,0.325
FW_AS_rep_2,GCA_963733465.1,CAVTDS010000004.1,mvhG,146,4.196e-42,0.405
FW_AS_rep_2,GCA_963733465.1,CAVTDS010000006.1,pepT,106,1.881e-25,0.311
FW_AS_rep_2,GCA_963733465.1,CAVTDS010000004.1,etfA,215,1.923e-63,0.423
FW_AS_rep_2,GCA_963733465.1,CAVTDS010000005.1,eda,179,3.514e-53,0.464
FW_AS_rep_2,GCA_963733465.1,CAVTDS010000003.1,pfor,48,1.57e-7,0.352
FW_AS_rep_2,GCA_963733465.1,CAVTDS010000001.1,ilvE,131,8.553e-35,0.331
FW_AS_rep_2,GCA_963733465.1,CAVTDS010000004.1,sucC,379,1.507e-118,0.501
FW_AS_rep_2,GCA_963733465.1,CAVTDS010000005.1,acs,96,1.042e-22,0.255
FW_AS_rep_2,GCA_963733465.1,CAVTDS010000004.1,fadD,250,3.344e-72,0.37
FW_AS_rep_2,GCA_963733465.1,CAVTDS010000004.1,bcd,353,3.354e-110,0.493
FW_AS_rep_2,GCA_963733465.1,CAVTDS010000004.1,mmcG,110,7.984e-31,0.453
FW_AS_rep_2,GCA_963733465.1,CAVTDS010000001.1,cdhC,73,8.311e-16,0.344
FW_AS_rep_2,GCA_963733465.1,CAVTDS010000004.1,xylA,356,1.505e-109,0.486
FW_AS_rep_2,GCA_963733465.1,CAVTDS010000006.1,ilvE,90,1.396e-21,0.304
FW_AS_rep_2,GCA_963733465.1,CAVTDS010000002.1,rnfB,43,1.206e-7,0.32
FW_AS_rep_2,GCA_963733465.1,CAVTDS010000005.1,mvhA,365,5.681e-113,0.442
FW_AS_rep_2,GCA_963733465.1,CAVTDS010000004.1,ackA,355,6.31e-110,0.484
FW_AS_rep_2,GCA_963733465.1,CAVTDS010000005.1,lipase,64,5.342e-13,0.34
FW_AS_rep_2,GCA_963733465.1,CAVTDS010000004.1,fadA,402,4.182e-123,0.583
FW_AS_rep_2,GCA_963733465.1,CAVTDS010000004.1,mvhA,474,4.771e-149,0.518
FW_AS_rep_2,GCA_963733465.1,CAVTDS010000004.1,frhG,91,2.388e-23,0.345
FW_AS_rep_2,GCA_963733465.1,CAVTDS010000004.1,cazy_CE8,272,3.751e-80,0.494
FW_AS_rep_2,GCA_963733465.1,CAVTDS010000004.1,acs,138,3.384e-34,0.29
FW_AS_rep_2,GCA_963733465.1,CAVTDS010000004.1,pepN,65,7.811e-13,0.227
FW_AS_rep_2,GCA_963733465.1,CAVTDS010000004.1,fdhA,57,2.461e-11,0.434
FW_AS_rep_2,GCA_963733465.1,CAVTDS010000004.1,cazy_GH13,178,1.241e-48,0.375
FW_AS_rep_2,GCA_963733465.1,CAVTDS010000003.1,pta,196,3.988e-53,0.345
FW_AS_rep_2,GCA_963733465.1,CAVTDS010000005.1,rnfB,47,2.425e-7,0.353
FW_AS_rep_2,GCA_963733465.1,CAVTDS010000001.1,mmcE,672,1.14e-217,0.662
FW_AS_rep_2,GCA_963733465.1,CAVTDS010000003.1,dppA,67,7.863e-14,0.245
FW_AS_rep_2,GCA_963733465.1,CAVTDS010000006.1,pepQ,171,7.448e-48,0.377
FW_AS_rep_2,GCA_963733465.1,CAVTDS010000003.1,lctD,98,6.628e-23,0.372
FW_AS_rep_2,GCA_963733465.1,CAVTDS010000003.1,pepN,71,1.269e-14,0.23
FW_AS_rep_2,GCA_963733465.1,CAVTDS010000004.1,sucD,359,2.423e-111,0.606
FW_AS_rep_2,GCA_963733465.1,CAVTDS010000003.1,mvhA,461,9.429e-146,0.489
FW_AS_rep_2,GCA_963733465.1,CAVTDS010000001.1,endopeptidase,233,1.005e-66,0.493
FW_AS_rep_2,GCA_963733465.1,CAVTDS010000003.1,mvhD,196,2.175e-59,0.602
FW_AS_rep_2,GCA_963733465.1,CAVTDS010000001.1,gapA,342,2.665e-107,0.531
FW_AS_rep_2,GCA_963733465.1,CAVTDS010000004.1,gdh,465,9.627e-148,0.562
FW_AS_rep_2,GCA_963733465.1,CAVTDS010000004.1,edd,259,6.546e-74,0.326
FW_AS_rep_2,GCA_963733465.1,CAVTDS010000004.1,esterase,49,9.017e-10,0.29
FW_AS_rep_2,GCA_963733465.1,CAVTDS010000003.1,lctC,449,2.231e-141,0.504
FW_AS_rep_2,GCA_963733465.1,CAVTDS010000003.1,fdhA,165,6.812e-44,0.267
FW_AS_rep_2,GCA_963733465.1,CAVTDS010000001.1,hydA,50,3.762e-10,0.406
FW_AS_rep_2,GCA_963733465.1,CAVTDS010000004.1,ilvE,143,3.909e-39,0.328
FW_AS_rep_2,GCA_963733465.1,CAVTDS010000001.1,pfor,46,3.474e-7,0.21
FW_AS_rep_2,GCA_963733465.1,CAVTDS010000001.1,lysophospholipase,42,1.976e-6,0.305
FW_AS_rep_2,GCA_963733465.1,CAVTDS010000002.1,edd,175,6.923e-47,0.338
FW_AS_rep_2,GCA_963733465.1,CAVTDS010000004.1,agl,272,8.048e-80,0.389
FW_AS_rep_2,GCA_963733465.1,CAVTDS010000005.1,cazy_GH10,197,8.558e-53,0.36
FW_AS_rep_2,GCA_963733465.1,CAVTDS010000003.1,fwdA,50,1.674e-8,0.5
FW_AS_rep_2,GCA_963733465.1,CAVTDS010000006.1,cazy_GH9,186,5.388e-51,0.348
FW_AS_rep_2,GCA_963733465.1,CAVTDS010000001.1,esterase,270,1e-78,0.359
FW_AS_rep_2,GCA_963733465.1,CAVTDS010000004.1,fadB,140,3.708e-38,0.46
FW_AS_rep_2,GCA_963733465.1,CAVTDS010000005.1,fadD,89,2.435e-20,0.279
FW_AS_rep_2,GCA_963733465.1,CAVTDS010000004.1,acylglycerol_lipase,43,1.142e-6,0.312
FW_AS_rep_2,GCA_963733465.1,CAVTDS010000001.1,xylA,370,3.25e-114,0.493
FW_AS_rep_2,GCA_963733465.1,CAVTDS010000002.1,tdcB,263,1.132e-75,0.48
FW_AS_rep_2,GCA_963733465.1,CAVTDS010000002.1,etfA,199,6.552e-56,0.413
FW_AS_rep_2,GCA_963733465.1,CAVTDS010000004.1,mdh,299,5.866e-91,0.515
FW_AS_rep_2,GCA_963733465.1,CAVTDS010000003.1,cazy_GH10,211,2.891e-57,0.391
FW_AS_rep_2,GCA_963733465.1,CAVTDS010000003.1,esterase,235,6.155e-68,0.389
FW_AS_rep_2,GCA_963733465.1,CAVTDS010000004.1,frhA,166,3.314e-45,0.291
FW_AS_rep_2,GCA_963733465.1,CAVTDS010000006.1,acs,745,5.407e-240,0.567
FW_AS_rep_2,GCA_963733465.1,CAVTDS010000004.1,adh,64,1.235e-13,0.25
FW_AS_rep_2,GCA_963733465.1,CAVTDS010000003.1,oppA,91,4.518e-21,0.265
FW_AS_rep_2,GCA_963733465.1,CAVTDS010000005.1,pgi,687,1.992e-222,0.662
FW_AS_rep_2,GCA_963733465.1,CAVTDS010000003.1,mmcG,53,1.244e-9,0.356
FW_AS_rep_2,GCA_963733465.1,CAVTDS010000004.1,crt,199,5.088e-58,0.472
FW_AS_rep_2,GCA_963733465.1,CAVTDS010000003.1,eda,188,1.008e-55,0.451
FW_AS_rep_2,GCA_963733465.1,CAVTDS010000003.1,acs,486,9.156e-151,0.431
FW_AS_rep_2,GCA_963733465.1,CAVTDS010000002.1,pepO,624,1.653e-198,0.504
FW_AS_rep_2,GCA_963733465.1,CAVTDS010000004.1,pgi,110,3.686e-27,0.298
FW_AS_rep_2,GCA_963733465.1,CAVTDS010000004.1,cazy_GH5,75,2.083e-16,0.28
FW_AS_rep_2,GCA_963733465.1,CAVTDS010000004.1,adhE,150,7.842e-41,0.372
FW_AS_rep_2,GCA_963733465.1,CAVTDS010000003.1,frhA,148,2.095e-39,0.269
FW_AS_rep_2,GCA_963733465.1,CAVTDS010000003.1,frhB,43,2.373e-7,0.36
FW_AS_rep_2,GCA_963733465.1,CAVTDS010000003.1,hydA,126,2.78e-34,0.319
FW_AS_rep_2,GCA_963733465.1,CAVTDS010000003.1,adh,47,5.246e-8,0.283
FW_AS_rep_2,GCA_963733465.1,CAVTDS010000005.1,crt,108,1.116e-27,0.352
FW_AS_rep_2,GCA_963733465.1,CAVTDS010000005.1,folD,307,2.833e-95,0.541
FW_AS_rep_2,GCA_963733465.1,CAVTDS010000005.1,frhA,184,2.027e-51,0.297
FW_AS_rep_2,GCA_963733465.1,CAVTDS010000005.1,frhB,94,6.218e-22,0.268
FW_AS_rep_2,GCA_963733465.1,CAVTDS010000005.1,frhG,90,3.154e-21,0.295
FW_AS_rep_2,GCA_963733465.1,CAVTDS010000004.1,pfkA,132,1.354e-34,0.297
FW_AS_rep_2,GCA_963733465.1,CAVTDS010000004.1,hbd,171,4.378e-45,0.35
FW_AS_rep_2,GCA_963733465.1,CAVTDS010000001.1,acs,70,1.768e-14,0.248
FW_AS_rep_2,GCA_963733465.1,CAVTDS010000005.1,acylglycerol_lipase,55,4.062e-10,0.289
FW_AS_rep_2,GCA_963733465.1,CAVTDS010000001.1,agl,42,4.947e-6,0.25
FW_AS_rep_2,GCA_963733465.1,CAVTDS010000005.1,etfA,64,2.239e-13,0.278
FW_AS_rep_2,GCA_963733465.1,CAVTDS010000001.1,mmcF,185,1.171e-56,0.702
FW_AS_rep_2,GCA_963733465.1,CAVTDS010000002.1,etfB,163,5.35e-47,0.408
FW_AS_rep_2,GCA_963733465.1,CAVTDS010000002.1,cazy_GH9,66,3.595e-13,0.26
FW_AS_rep_2,GCA_963733465.1,CAVTDS010000005.1,pfor,1489,0.0,0.623
FW_AS_rep_2,GCA_963733465.1,CAVTDS010000003.1,rnfB,43,3.293e-6,0.342
FW_AS_rep_2,GCA_963733465.1,CAVTDS010000002.1,pepQ,165,1.653e-45,0.365
FW_AS_rep_2,GCA_041910895.1,JAYRPX010000058.1,dtpT,464,3.036e-145,0.537
FW_AS_rep_2,GCA_041910895.1,JAYRPX010000060.1,gdh,43,6.929e-8,0.366
FW_AS_rep_2,GCA_041910895.1,JAYRPX010000029.1,ackA,293,6.281e-90,0.507
FW_AS_rep_2,GCA_041910895.1,JAYRPX010000028.1,acs,494,8.13e-155,0.44
FW_AS_rep_2,GCA_041910895.1,JAYRPX010000045.1,fadD,154,1.076e-40,0.285
FW_AS_rep_2,GCA_041910895.1,JAYRPX010000035.1,sucD,372,2.117e-118,0.654
FW_AS_rep_2,GCA_041910895.1,JAYRPX010000028.1,fdhA,85,5.995e-19,0.215
FW_AS_rep_2,GCA_041910895.1,JAYRPX010000011.1,fadE,285,1.11e-86,0.468
FW_AS_rep_2,GCA_041910895.1,JAYRPX010000028.1,pepA,284,3.681e-85,0.427
FW_AS_rep_2,GCA_041910895.1,JAYRPX010000043.1,fadE,82,3.328e-18,0.248
FW_AS_rep_2,GCA_041910895.1,JAYRPX010000026.1,mer,92,1.363e-21,0.293
FW_AS_rep_2,GCA_041910895.1,JAYRPX010000028.1,rnfB,42,6.1e-7,0.338
FW_AS_rep_2,GCA_041910895.1,JAYRPX010000026.1,acs,146,1.839e-38,0.288
FW_AS_rep_2,GCA_041910895.1,JAYRPX010000042.1,hydA,94,1.338e-21,0.311
FW_AS_rep_2,GCA_041910895.1,JAYRPX010000049.1,fadE,219,1.083e-63,0.376
FW_AS_rep_2,GCA_041910895.1,JAYRPX010000057.1,fadB,171,6.763e-47,0.369
FW_AS_rep_2,GCA_041910895.1,JAYRPX010000029.1,hbd,189,2.69e-55,0.395
FW_AS_rep_2,GCA_041910895.1,JAYRPX010000024.1,rnfB,46,2.728e-7,0.375
FW_AS_rep_2,GCA_041910895.1,JAYRPX010000021.1,fadB,205,1.203e-60,0.446
FW_AS_rep_2,GCA_041910895.1,JAYRPX010000002.1,fadD,42,4.784e-6,0.307
FW_AS_rep_2,GCA_041910895.1,JAYRPX010000054.1,fadD,88,9.722e-22,0.441
FW_AS_rep_2,GCA_041910895.1,JAYRPX010000002.1,acs,58,6.862e-11,0.25
FW_AS_rep_2,GCA_041910895.1,JAYRPX010000033.1,fadE,228,1.14e-66,0.371
FW_AS_rep_2,GCA_041910895.1,JAYRPX010000011.1,fadA,325,3.078e-100,0.487
FW_AS_rep_2,GCA_041910895.1,JAYRPX010000020.1,pepA,392,5.606e-122,0.498
FW_AS_rep_2,GCA_041910895.1,JAYRPX010000002.1,hbd,159,1.926e-41,0.314
FW_AS_rep_2,GCA_041910895.1,JAYRPX010000034.1,tdcB,323,5.44e-99,0.467
FW_AS_rep_2,GCA_041910895.1,JAYRPX010000028.1,fadD,235,2.253e-67,0.331
FW_AS_rep_2,GCA_041910895.1,JAYRPX010000049.1,acs,161,4.004e-43,0.285
FW_AS_rep_2,GCA_041910895.1,JAYRPX010000042.1,crt,86,4.822e-20,0.293
FW_AS_rep_2,GCA_041910895.1,JAYRPX010000011.1,crt,162,2.487e-45,0.394
FW_AS_rep_2,GCA_041910895.1,JAYRPX010000002.1,bcd,309,3.48e-95,0.469
FW_AS_rep_2,GCA_041910895.1,JAYRPX010000034.1,ilvE,289,1.005e-88,0.48
FW_AS_rep_2,GCA_041910895.1,JAYRPX010000049.1,fadD,181,1.399e-49,0.317
FW_AS_rep_2,GCA_041910895.1,JAYRPX010000042.1,fdhA,667,3.972e-209,0.434
FW_AS_rep_2,GCA_041910895.1,JAYRPX010000032.1,etfA,106,3.533e-27,0.376
FW_AS_rep_2,GCA_041910895.1,JAYRPX010000035.1,pgi,352,5.129e-107,0.417
FW_AS_rep_2,GCA_041910895.1,JAYRPX010000028.1,hbd,209,1.216e-57,0.379
FW_AS_rep_2,GCA_041910895.1,JAYRPX010000023.1,crt,134,6.82e-37,0.354
FW_AS_rep_2,GCA_041910895.1,JAYRPX010000026.1,bcd,256,4.347e-75,0.396
FW_AS_rep_2,GCA_041910895.1,JAYRPX010000034.1,cat,240,5.235e-74,0.572
FW_AS_rep_2,GCA_041910895.1,JAYRPX010000039.1,acs,57,1.663e-10,0.261
FW_AS_rep_2,GCA_041910895.1,JAYRPX010000043.1,sucD,116,2.819e-29,0.529
FW_AS_rep_2,GCA_041910895.1,JAYRPX010000049.1,adh,43,1.458e-6,0.211
FW_AS_rep_2,GCA_041910895.1,JAYRPX010000046.1,fadA,79,1.116e-17,0.257
FW_AS_rep_2,GCA_041910895.1,JAYRPX010000035.1,glcP,46,2.673e-7,0.223
FW_AS_rep_2,GCA_041910895.1,JAYRPX010000042.1,fadD,229,1.427e-65,0.354
FW_AS_rep_2,GCA_041910895.1,JAYRPX010000035.1,acs,124,1.919e-31,0.263
FW_AS_rep_2,GCA_041910895.1,JAYRPX010000045.1,pepQ,89,7.537e-21,0.402
FW_AS_rep_2,GCA_041910895.1,JAYRPX010000011.1,acs,103,9.371e-25,0.244
FW_AS_rep_2,GCA_041910895.1,JAYRPX010000044.1,fadD,137,6.721e-35,0.27
FW_AS_rep_2,GCA_041910895.1,JAYRPX010000021.1,folD,325,7.873e-101,0.612
FW_AS_rep_2,GCA_041910895.1,JAYRPX010000045.1,acs,104,7.465e-25,0.261
FW_AS_rep_2,GCA_041910895.1,JAYRPX010000009.1,etfA,88,2.669e-21,0.321
FW_AS_rep_2,GCA_041910895.1,JAYRPX010000049.1,crt,171,1.784e-48,0.393
FW_AS_rep_2,GCA_041910895.1,JAYRPX010000057.1,edd,816,1.386e-265,0.674
FW_AS_rep_2,GCA_041910895.1,JAYRPX010000028.1,thl,253,5.657e-75,0.405
FW_AS_rep_2,GCA_041910895.1,JAYRPX010000049.1,fadB,109,1.423e-27,0.332
FW_AS_rep_2,GCA_041910895.1,JAYRPX010000029.1,adh,68,1.378e-14,0.26
FW_AS_rep_2,GCA_041910895.1,JAYRPX010000028.1,fadB,389,2.347e-117,0.345
FW_AS_rep_2,GCA_041910895.1,JAYRPX010000042.1,fadA,297,8.344e-91,0.471
FW_AS_rep_2,GCA_041910895.1,JAYRPX010000042.1,adh,58,1.195e-11,0.316
FW_AS_rep_2,GCA_041910895.1,JAYRPX010000002.1,thl,359,8.836e-112,0.533
FW_AS_rep_2,GCA_041910895.1,JAYRPX010000046.1,acs,129,1.079e-32,0.267
FW_AS_rep_2,GCA_041910895.1,JAYRPX010000002.1,etfA,317,3.157e-98,0.613
FW_AS_rep_2,GCA_041910895.1,JAYRPX010000028.1,crt,113,1.367e-27,0.365
FW_AS_rep_2,GCA_041910895.1,JAYRPX010000045.1,adhE,41,8.978e-6,0.22
FW_AS_rep_2,GCA_041910895.1,JAYRPX010000011.1,bcd,252,3.547e-75,0.39
FW_AS_rep_2,GCA_041910895.1,JAYRPX010000011.1,fadB,225,1.024e-65,0.332
FW_AS_rep_2,GCA_041910895.1,JAYRPX010000032.1,crt,274,6.642e-85,0.597
FW_AS_rep_2,GCA_041910895.1,JAYRPX010000023.1,etfA,79,4.548e-18,0.281
FW_AS_rep_2,GCA_041910895.1,JAYRPX010000021.1,bcd,122,1.579e-30,0.293
FW_AS_rep_2,GCA_041910895.1,JAYRPX010000055.1,gdh,1104,0.0,0.434
FW_AS_rep_2,GCA_041910895.1,JAYRPX010000043.1,bcd,96,1.433e-22,0.281
FW_AS_rep_2,GCA_041910895.1,JAYRPX010000043.1,lysophospholipase,175,2.347e-49,0.353
FW_AS_rep_2,GCA_041910895.1,JAYRPX010000035.1,mdh,294,6.437e-91,0.505
FW_AS_rep_2,GCA_041910895.1,JAYRPX010000057.1,fadA,320,2.37e-98,0.487
FW_AS_rep_2,GCA_041910895.1,JAYRPX010000011.1,adh,53,5.291e-10,0.306
FW_AS_rep_2,GCA_041910895.1,JAYRPX010000012.1,fdhA,118,1.271e-28,0.255
FW_AS_rep_2,GCA_041910895.1,JAYRPX010000057.1,etfA,103,3.497e-26,0.347
FW_AS_rep_2,GCA_041910895.1,JAYRPX010000034.1,acylglycerol_lipase,49,9.661e-9,0.338
FW_AS_rep_2,GCA_041910895.1,JAYRPX010000035.1,thl,399,9.743e-126,0.557
FW_AS_rep_2,GCA_041910895.1,JAYRPX010000035.1,mmcF,130,1.571e-32,0.482
FW_AS_rep_2,GCA_041910895.1,JAYRPX010000024.1,mmcG,44,1.832e-7,0.246
FW_AS_rep_2,GCA_041910895.1,JAYRPX010000033.1,bcd,173,3.087e-48,0.296
FW_AS_rep_2,GCA_041910895.1,JAYRPX010000032.1,fadB,100,1.877e-25,0.373
FW_AS_rep_2,GCA_041910895.1,JAYRPX010000002.1,fadE,243,1.144e-72,0.438
FW_AS_rep_2,GCA_041910895.1,JAYRPX010000028.1,frhG,46,5.116e-8,0.275
FW_AS_rep_2,GCA_041910895.1,JAYRPX010000049.1,etfA,98,5.921e-24,0.298
FW_AS_rep_2,GCA_041910895.1,JAYRPX010000051.1,adhE,42,3.773e-6,0.264
FW_AS_rep_2,GCA_041910895.1,JAYRPX010000035.1,pepN,165,3.637e-43,0.334
FW_AS_rep_2,GCA_041910895.1,JAYRPX010000035.1,susC,58,8.376e-11,0.194
FW_AS_rep_2,GCA_041910895.1,JAYRPX010000028.1,adh,53,5.596e-10,0.269
FW_AS_rep_2,GCA_041910895.1,JAYRPX010000014.1,fadD,233,4.407e-68,0.391
FW_AS_rep_2,GCA_041910895.1,JAYRPX010000021.1,pepN,419,8.676e-126,0.406
FW_AS_rep_2,GCA_041910895.1,JAYRPX010000035.1,fadD,147,1.143e-38,0.308
FW_AS_rep_2,GCA_041910895.1,JAYRPX010000026.1,fadD,188,2.798e-52,0.321
FW_AS_rep_2,GCA_041910895.1,JAYRPX010000026.1,adhE,128,1.23e-33,0.3
FW_AS_rep_2,GCA_041910895.1,JAYRPX010000043.1,etfB,313,6.685e-99,0.704
FW_AS_rep_2,GCA_041910895.1,JAYRPX010000011.1,hbd,224,3.522e-65,0.414
FW_AS_rep_2,GCA_041910895.1,JAYRPX010000057.1,eda,174,2.431e-51,0.484
FW_AS_rep_2,GCA_041910895.1,JAYRPX010000035.1,mmcE,549,9.822e-172,0.458
FW_AS_rep_2,GCA_041910895.1,JAYRPX010000034.1,pepQ,189,3.024e-51,0.344
FW_AS_rep_2,GCA_041910895.1,JAYRPX010000042.1,thl,351,2.792e-109,0.507
FW_AS_rep_2,GCA_041910895.1,JAYRPX010000035.1,fadA,299,1.816e-91,0.474
FW_AS_rep_2,GCA_041910895.1,JAYRPX010000028.1,fadA,306,2.44e-93,0.435
FW_AS_rep_2,GCA_041910895.1,JAYRPX010000023.1,fadE,173,1.587e-48,0.34
FW_AS_rep_2,GCA_041910895.1,JAYRPX010000002.1,oppA,95,2.102e-22,0.262
FW_AS_rep_2,GCA_041910895.1,JAYRPX010000044.1,acs,842,5.959e-274,0.625
FW_AS_rep_2,GCA_041910895.1,JAYRPX010000011.1,fadD,132,1.121e-33,0.262
FW_AS_rep_2,GCA_041910895.1,JAYRPX010000024.1,frhB,44,1.1e-6,0.428
FW_AS_rep_2,GCA_041910895.1,JAYRPX010000034.1,lipase,42,1.389e-6,0.288
FW_AS_rep_2,GCA_041910895.1,JAYRPX010000038.1,endopeptidase,158,2.764e-44,0.37
FW_AS_rep_2,GCA_041910895.1,JAYRPX010000028.1,etfA,71,4.354e-15,0.321
FW_AS_rep_2,GCA_041910895.1,JAYRPX010000039.1,fadD,116,2.314e-28,0.302
FW_AS_rep_2,GCA_041910895.1,JAYRPX010000002.1,gapA,326,2.075e-101,0.521
FW_AS_rep_2,GCA_041910895.1,JAYRPX010000010.1,acylglycerol_lipase,63,8.018e-13,0.235
FW_AS_rep_2,GCA_041910895.1,JAYRPX010000011.1,thl,287,1.769e-87,0.454
FW_AS_rep_2,GCA_041910895.1,JAYRPX010000023.1,bcd,205,2.436e-59,0.375
FW_AS_rep_2,GCA_041910895.1,JAYRPX010000049.1,bcd,214,8.114e-62,0.324
FW_AS_rep_2,GCA_041910895.1,JAYRPX010000002.1,crt,51,2.415e-8,0.264
FW_AS_rep_2,GCA_041910895.1,JAYRPX010000021.1,hbd,289,1.221e-89,0.51
FW_AS_rep_2,GCA_041910895.1,JAYRPX010000033.1,cat,225,4.507e-69,0.549
FW_AS_rep_2,GCA_041910895.1,JAYRPX010000042.1,fadE,283,3.596e-86,0.457
FW_AS_rep_2,GCA_041910895.1,JAYRPX010000002.1,fdhA,393,5.934e-117,0.367
FW_AS_rep_2,GCA_041910895.1,JAYRPX010000057.1,thl,321,9.283e-99,0.478
FW_AS_rep_2,GCA_041910895.1,JAYRPX010000046.1,thl,62,3.629e-12,0.252
FW_AS_rep_2,GCA_041910895.1,JAYRPX010000061.1,pepQ,57,4.582e-11,0.28
FW_AS_rep_2,GCA_041910895.1,JAYRPX010000021.1,fadE,141,1.328e-36,0.345
FW_AS_rep_2,GCA_041910895.1,JAYRPX010000034.1,crt,62,8.132e-13,0.467
FW_AS_rep_2,GCA_041910895.1,JAYRPX010000057.1,hbd,268,1.956e-79,0.526
FW_AS_rep_2,GCA_041910895.1,JAYRPX010000002.1,mmcG,44,1.319e-7,0.317
FW_AS_rep_2,GCA_041910895.1,JAYRPX010000007.1,tdcB,140,2.275e-38,0.397
FW_AS_rep_2,GCA_041910895.1,JAYRPX010000011.1,etfA,74,2.085e-16,0.35
FW_AS_rep_2,GCA_041910895.1,JAYRPX010000028.1,hydA,85,7.914e-19,0.287
FW_AS_rep_2,GCA_041910895.1,JAYRPX010000050.1,gdh,100,2.274e-25,0.297
FW_AS_rep_2,GCA_041910895.1,JAYRPX010000038.1,fdhA,57,4.516e-10,0.224
FW_AS_rep_2,GCA_041910895.1,JAYRPX010000002.1,etfB,304,5.972e-96,0.687
FW_AS_rep_2,GCA_041910895.1,JAYRPX010000042.1,bcd,254,2.067e-76,0.387
FW_AS_rep_2,GCA_041910895.1,JAYRPX010000042.1,acs,134,2.728e-34,0.268
FW_AS_rep_2,GCA_041910895.1,JAYRPX010000035.1,mmcG,140,1.104e-40,0.503
FW_AS_rep_2,GCA_041910895.1,JAYRPX010000034.1,acs,74,1.193e-15,0.242
FW_AS_rep_2,GCA_041910895.1,JAYRPX010000046.1,fadD,147,2.114e-38,0.289
FW_AS_rep_2,GCA_041910895.1,JAYRPX010000043.1,sucC,393,2.223e-123,0.53
FW_AS_rep_2,GCA_041910895.1,JAYRPX010000002.1,dppA,68,4.184e-14,0.224
FW_AS_rep_2,GCA_041910895.1,JAYRPX010000043.1,edd,238,8.393e-68,0.343
FW_AS_rep_2,GCA_041910895.1,JAYRPX010000033.1,adh,63,4.821e-13,0.267
FW_AS_rep_2,GCA_041910895.1,JAYRPX010000016.1,fumB,269,1.38e-79,0.375
FW_AS_rep_2,GCA_041910895.1,JAYRPX010000052.1,gdh,109,3.748e-28,0.328
FW_AS_rep_2,GCA_041910895.1,JAYRPX010000002.1,fadB,114,1.498e-27,0.313
FW_AS_rep_2,GCA_041910895.1,JAYRPX010000034.1,fadD,126,7.767e-32,0.289
FW_AS_rep_2,GCA_041910895.1,JAYRPX010000043.1,etfA,316,1.221e-98,0.633
FW_AS_rep_2,GCA_041910895.1,JAYRPX010000032.1,glcP,43,2.466e-6,0.264
FW_AS_rep_2,GCA_041910895.1,JAYRPX010000026.1,aldh,49,3.579e-8,0.261
FW_AS_rep_2,GCA_041910895.1,JAYRPX010000002.1,fadA,364,5.596e-114,0.543
FW_AS_rep_2,GCA_041910895.1,JAYRPX010000009.1,crt,151,2.257e-42,0.398
FW_AS_rep_2,GCA_041910895.1,JAYRPX010000024.1,acylglycerol_lipase,42,1.947e-6,0.283
FW_AS_rep_2,GCA_041910895.1,JAYRPX010000035.1,crt,150,8.678e-42,0.386
FW_AS_rep_2,GCA_041910895.1,JAYRPX010000057.1,crt,199,1.049e-58,0.477
FW_AS_rep_2,GCA_041910895.1,JAYRPX010000026.1,fadE,247,3.771e-72,0.421
FW_AS_rep_2,GCA_041910895.1,JAYRPX010000042.1,pyk,346,7.452e-106,0.423
FW_AS_rep_2,GCA_040776045.1,JAXHBI010000011.1,mmcE,438,5.827e-138,0.563
FW_AS_rep_2,GCA_040776045.1,JAXHBI010000014.1,cazy_GH43,49,2.916e-8,0.271
FW_AS_rep_2,GCA_040776045.1,JAXHBI010000061.1,susC,40,9.686e-6,0.346
FW_AS_rep_2,GCA_040776045.1,JAXHBI010000041.1,rnfB,43,1.088e-8,0.357
FW_AS_rep_2,GCA_040776045.1,JAXHBI010000004.1,frhG,47,5.765e-8,0.428
FW_AS_rep_2,GCA_040776045.1,JAXHBI010000020.1,ilvE,53,5.658e-12,0.449
FW_AS_rep_2,GCA_040776045.1,JAXHBI010000003.1,cazy_CE8,125,1.607e-31,0.332
FW_AS_rep_2,GCA_040776045.1,JAXHBI010000041.1,frhG,42,1.498e-8,0.418
FW_AS_rep_2,GCA_040776045.1,JAXHBI010000006.1,agl,49,3.191e-8,0.211
FW_AS_rep_2,GCA_040776045.1,JAXHBI010000028.1,glcP,144,4.342e-39,0.342
FW_AS_rep_2,GCA_040776045.1,JAXHBI010000035.1,esterase,48,1.301e-8,0.302
FW_AS_rep_2,GCA_040776045.1,JAXHBI010000002.1,endopeptidase,160,1.932e-45,0.376
FW_AS_rep_2,GCA_040776045.1,JAXHBI010000006.1,frhG,40,6.49e-6,0.458
FW_AS_rep_2,GCA_040776045.1,JAXHBI010000009.1,cazy_GH43,141,1.237e-36,0.32
FW_AS_rep_2,GCA_040776045.1,JAXHBI010000020.1,pepQ,181,2.776e-49,0.326
FW_AS_rep_2,GCA_040776045.1,JAXHBI010000032.1,cazy_CBM6,74,1.779e-15,0.437
FW_AS_rep_2,GCA_040776045.1,JAXHBI010000019.1,hydA,382,2.801e-119,0.466
FW_AS_rep_2,GCA_040776045.1,JAXHBI010000026.1,pepD,461,7.173e-146,0.505
FW_AS_rep_2,GCA_040776045.1,JAXHBI010000033.1,acs,49,1.725e-8,0.244
FW_AS_rep_2,GCA_040776045.1,JAXHBI010000004.1,susD,133,4.128e-34,0.277
FW_AS_rep_2,GCA_040776045.1,JAXHBI010000032.1,cazy_GH43,106,5.978e-25,0.304
FW_AS_rep_2,GCA_040776045.1,JAXHBI010000001.1,fadD,137,2.402e-35,0.273
FW_AS_rep_2,GCA_040776045.1,JAXHBI010000003.1,susD,145,3.047e-38,0.291
FW_AS_rep_2,GCA_040776045.1,JAXHBI010000004.1,rnfB,84,7.254e-20,0.335
FW_AS_rep_2,GCA_040776045.1,JAXHBI010000012.1,susD,96,1.771e-22,0.252
FW_AS_rep_2,GCA_040776045.1,JAXHBI010000001.1,edd,222,1.52e-62,0.308
FW_AS_rep_2,GCA_040776045.1,JAXHBI010000026.1,acs,61,1.047e-11,0.225
FW_AS_rep_2,GCA_040776045.1,JAXHBI010000021.1,cazy_GH43,113,2.832e-28,0.338
FW_AS_rep_2,GCA_040776045.1,JAXHBI010000006.1,cazy_GH13,72,4.188e-15,0.265
FW_AS_rep_2,GCA_040776045.1,JAXHBI010000004.1,lctB,48,4.721e-8,0.267
FW_AS_rep_2,GCA_040776045.1,JAXHBI010000007.1,susD,131,1.614e-33,0.277
FW_AS_rep_2,GCA_040776045.1,JAXHBI010000004.1,fhs,553,1.38e-177,0.6
FW_AS_rep_2,GCA_040776045.1,JAXHBI010000002.1,cazy_GH43,109,1.273e-27,0.303
FW_AS_rep_2,GCA_040776045.1,JAXHBI010000015.1,cazy_GH43,96,1.092e-22,0.286
FW_AS_rep_2,GCA_040776045.1,JAXHBI010000019.1,cazy_GH13,45,5.631e-7,0.302
FW_AS_rep_2,GCA_040776045.1,JAXHBI010000002.1,susD,83,2.514e-18,0.246
FW_AS_rep_2,GCA_040776045.1,JAXHBI010000031.1,susC,46,3.811e-8,0.5
FW_AS_rep_2,GCA_040776045.1,JAXHBI010000019.1,fdhA,63,2.191e-12,0.476
FW_AS_rep_2,GCA_040776045.1,JAXHBI010000011.1,pepO,621,7.904e-198,0.474
FW_AS_rep_2,GCA_040776045.1,JAXHBI010000019.1,gdh,262,2.849e-82,0.655
FW_AS_rep_2,GCA_040776045.1,JAXHBI010000021.1,cazy_CE8,177,1.116e-46,0.386
FW_AS_rep_2,GCA_040776045.1,JAXHBI010000004.1,pfkA,76,3.465e-16,0.272
FW_AS_rep_2,GCA_040776045.1,JAXHBI010000023.1,bcd,177,3.691e-48,0.332
FW_AS_rep_2,GCA_040776045.1,JAXHBI010000042.1,cazy_CE8,92,9.532e-23,0.344
FW_AS_rep_2,GCA_040776045.1,JAXHBI010000014.1,susD,132,2.429e-34,0.315
FW_AS_rep_2,GCA_040776045.1,JAXHBI010000019.1,rnfB,49,2.749e-8,0.37
FW_AS_rep_2,GCA_040776045.1,JAXHBI010000057.1,susD,60,1.873e-11,0.357
FW_AS_rep_2,GCA_040776045.1,JAXHBI010000005.1,susD,101,1.775e-24,0.305
FW_AS_rep_2,GCA_040776045.1,JAXHBI010000013.1,ackA,380,1.509e-120,0.586
FW_AS_rep_2,GCA_040776045.1,JAXHBI010000010.1,susD,99,2.91e-23,0.255
FW_AS_rep_2,GCA_040776045.1,JAXHBI010000011.1,cazy_PL1,51,8.515e-9,0.298
FW_AS_rep_2,GCA_040776045.1,JAXHBI010000013.1,ptsG,308,1.604e-92,0.366
FW_AS_rep_2,GCA_040776045.1,JAXHBI010000019.1,eda,139,1.006e-38,0.355
FW_AS_rep_2,GCA_040776045.1,JAXHBI010000028.1,susD,149,2.257e-39,0.298
FW_AS_rep_2,GCA_040776045.1,JAXHBI010000025.1,folD,160,4.463e-47,0.596
FW_AS_rep_2,GCA_040776045.1,JAXHBI010000063.1,hydA,205,6.32e-62,0.458
FW_AS_rep_2,GCA_040776045.1,JAXHBI010000026.1,frhB,41,4.753e-6,0.333
FW_AS_rep_2,GCA_040776045.1,JAXHBI010000008.1,pgi,97,3.136e-23,0.302
FW_AS_rep_2,GCA_040776045.1,JAXHBI010000004.1,hydA,43,9.243e-8,0.296
FW_AS_rep_2,GCA_040776045.1,JAXHBI010000001.1,adh,79,2.224e-18,0.288
FW_AS_rep_2,GCA_040776045.1,JAXHBI010000006.1,hydA,45,1.532e-7,0.436
FW_AS_rep_2,GCA_040776045.1,JAXHBI010000012.1,cazy_GH43,90,7.002e-21,0.279
FW_AS_rep_2,GCA_040776045.1,JAXHBI010000032.1,fadD,239,6.189e-69,0.354
FW_AS_rep_2,GCA_040776045.1,JAXHBI010000014.1,susC,308,9.889e-91,0.344
FW_AS_rep_2,GCA_040776045.1,JAXHBI010000001.1,tdcB,71,3.254e-15,0.269
FW_AS_rep_2,GCA_040776045.1,JAXHBI010000037.1,pfor,60,8.99e-12,0.238
FW_AS_rep_2,GCA_040776045.1,JAXHBI010000012.1,cazy_CBM6,86,1.576e-19,0.476
FW_AS_rep_2,GCA_040776045.1,JAXHBI010000049.1,gapA,511,1.238e-164,0.722
FW_AS_rep_2,GCA_040776045.1,JAXHBI010000018.1,endopeptidase,212,2.599e-58,0.336
FW_AS_rep_2,GCA_040776045.1,JAXHBI010000043.1,dtpT,133,4.59e-39,0.684
FW_AS_rep_2,GCA_040776045.1,JAXHBI010000009.1,cazy_CE8,215,3.066e-61,0.477
FW_AS_rep_2,GCA_040776045.1,JAXHBI010000023.1,etfA,205,1.217e-59,0.383
FW_AS_rep_2,GCA_040776045.1,JAXHBI010000011.1,fadD,87,1.074e-22,0.422
FW_AS_rep_2,GCA_040776045.1,JAXHBI010000001.1,cazy_CE8,198,7.442e-60,0.505
FW_AS_rep_2,GCA_040776045.1,JAXHBI010000004.1,frhB,46,1.019e-7,0.433
FW_AS_rep_2,GCA_040776045.1,JAXHBI010000019.1,agl,45,7.436e-7,0.301
FW_AS_rep_2,GCA_040776045.1,JAXHBI010000003.1,adhE,173,1.16e-48,0.342
FW_AS_rep_2,GCA_040776045.1,JAXHBI010000006.1,cazy_GH43,164,1.973e-43,0.352
FW_AS_rep_2,GCA_040776045.1,JAXHBI010000002.1,cazy_CE8,208,3.376e-56,0.415
FW_AS_rep_2,GCA_040776045.1,JAXHBI010000013.1,pta,242,1.062e-72,0.465
FW_AS_rep_2,GCA_040776045.1,JAXHBI010000053.1,pepT,246,9.533e-73,0.398
FW_AS_rep_2,GCA_040776045.1,JAXHBI010000016.1,cazy_PL1,54,6.876e-10,0.295
FW_AS_rep_2,GCA_040776045.1,JAXHBI010000004.1,susC,303,5.475e-88,0.327
FW_AS_rep_2,GCA_040776045.1,JAXHBI010000004.1,cazy_GH43,48,4.303e-8,0.248
FW_AS_rep_2,GCA_040776045.1,JAXHBI010000010.1,mdh,260,2.502e-79,0.455
FW_AS_rep_2,GCA_040776045.1,JAXHBI010000028.1,susC,246,2.76e-73,0.401
FW_AS_rep_2,GCA_040776045.1,JAXHBI010000039.1,cazy_GH43,95,7.804e-22,0.293
FW_AS_rep_2,GCA_040776045.1,JAXHBI010000005.1,susC,494,1.238e-148,0.331
FW_AS_rep_2,GCA_040776045.1,JAXHBI010000004.1,cazy_PL1,53,4.98e-9,0.262
FW_AS_rep_2,GCA_040776045.1,JAXHBI010000039.1,xylA,527,4.754e-169,0.588
FW_AS_rep_2,GCA_040776045.1,JAXHBI010000004.1,lctC,41,3.222e-7,0.287
FW_AS_rep_2,GCA_040776045.1,JAXHBI010000008.1,cazy_CE8,139,7.498e-36,0.323
FW_AS_rep_2,GCA_040776045.1,JAXHBI010000002.1,susC,602,1.688e-184,0.364
FW_AS_rep_2,GCA_040776045.1,JAXHBI010000002.1,cazy_PL1,61,2.18e-11,0.314
FW_AS_rep_2,GCA_040776045.1,JAXHBI010000001.1,acs,255,3.986e-74,0.335
FW_AS_rep_2,GCA_040776045.1,JAXHBI010000006.1,pepQ,102,1.486e-24,0.277
FW_AS_rep_2,GCA_040776045.1,JAXHBI010000008.1,susC,457,1.014e-136,0.327
FW_AS_rep_2,GCA_040776045.1,JAXHBI010000026.1,fadD,267,1.02e-76,0.325
FW_AS_rep_2,GCA_040776045.1,JAXHBI010000041.1,cazy_CE8,48,1.495e-9,0.385
FW_AS_rep_2,GCA_040776045.1,JAXHBI010000018.1,etfB,104,2.641e-26,0.372
FW_AS_rep_2,GCA_040776045.1,JAXHBI010000005.1,fadD,252,1.473e-72,0.312
FW_AS_rep_2,GCA_040776045.1,JAXHBI010000032.1,extracellular_protease,154,1.874e-40,0.364
FW_AS_rep_2,GCA_040776045.1,JAXHBI010000036.1,susD,121,2.946e-30,0.278
FW_AS_rep_2,GCA_040776045.1,JAXHBI010000011.1,mmcF,130,7.721e-35,0.503
FW_AS_rep_2,GCA_040776045.1,JAXHBI010000003.1,fumB,730,2.105e-237,0.643
FW_AS_rep_2,GCA_040776045.1,JAXHBI010000041.1,hydA,42,2.063e-8,0.428
FW_AS_rep_2,GCA_040776045.1,JAXHBI010000021.1,cazy_CBM6,49,5.777e-9,0.322
FW_AS_rep_2,GCA_040776045.1,JAXHBI010000015.1,cazy_GH10,81,8.017e-18,0.313
FW_AS_rep_2,GCA_040776045.1,JAXHBI010000036.1,susC,446,1.371e-132,0.308
FW_AS_rep_2,GCA_040776045.1,JAXHBI010000023.1,fadE,157,9.152e-42,0.344
FW_AS_rep_2,GCA_040776045.1,JAXHBI010000012.1,susC,310,2.925e-93,0.402
FW_AS_rep_2,GCA_040776045.1,JAXHBI010000009.1,pfor,573,5.543e-185,0.672
FW_AS_rep_2,GCA_040776045.1,JAXHBI010000010.1,susC,533,6.773e-162,0.35
FW_AS_rep_2,GCA_040776045.1,JAXHBI010000016.1,lysophospholipase,42,6.171e-6,0.26
FW_AS_rep_2,GCA_040776045.1,JAXHBI010000033.1,fadD,148,2.481e-41,0.345
FW_AS_rep_2,GCA_040776045.1,JAXHBI010000035.1,cazy_PL1,112,2.049e-27,0.358
FW_AS_rep_2,GCA_040776045.1,JAXHBI010000045.1,cazy_GH43,66,8.665e-14,0.327
FW_AS_rep_2,GCA_040776045.1,JAXHBI010000018.1,etfA,87,1.143e-20,0.347
FW_AS_rep_2,GCA_040776045.1,JAXHBI010000026.1,pepT,57,9.53e-11,0.252
FW_AS_rep_2,GCA_040776045.1,JAXHBI010000030.1,tdcB,64,1.044e-13,0.295
FW_AS_rep_2,GCA_040776045.1,JAXHBI010000007.1,susC,503,9.878e-152,0.349
FW_AS_rep_2,GCA_040776045.1,JAXHBI010000009.1,susC,43,2.872e-6,0.276
FW_AS_rep_2,GCA_040776045.1,JAXHBI010000013.1,pfkA,268,7.833e-82,0.466
FW_AS_rep_2,GCA_040776045.1,JAXHBI010000041.1,frhB,45,2.197e-9,0.469
FW_AS_rep_2,GCA_040776045.1,JAXHBI010000003.1,susC,382,4.422e-114,0.356
FW_AS_rep_2,GCA_040776045.1,JAXHBI010000007.1,cazy_GH43,111,1.702e-27,0.317
FW_AS_rep_2,GCA_040776045.1,JAXHBI010000011.1,acs,64,8.73e-15,0.368
FW_AS_rep_2,GCA_040776045.1,JAXHBI010000005.1,cazy_GH10,213,2.296e-62,0.359
FW_AS_rep_2,GCA_040776045.1,JAXHBI010000016.1,gdh,57,2.946e-13,0.538
FW_AS_rep_2,GCA_040776045.1,JAXHBI010000008.1,cazy_PL1,59,5.889e-11,0.301
FW_AS_rep_2,GCA_040776045.1,JAXHBI010000021.1,cazy_PL1,64,1.334e-14,0.442
FW_AS_rep_2,GCA_040776045.1,JAXHBI010000005.1,acs,74,1.196e-15,0.228
FW_AS_rep_2,GCA_040776045.1,JAXHBI010000019.1,frhG,51,1.193e-8,0.345
FW_AS_rep_2,GCA_040776045.1,JAXHBI010000050.1,adh,51,1.977e-9,0.281
FW_AS_rep_2,GCA_943367845.1,CALRKD020000034.1,fadB,79,5.995e-18,0.484
FW_AS_rep_2,GCA_943367845.1,CALRKD020000009.1,etfA,74,1.542e-16,0.301
FW_AS_rep_2,GCA_943367845.1,CALRKD020000026.1,cazy_GH43,140,3.903e-36,0.334
FW_AS_rep_2,GCA_943367845.1,CALRKD020000001.1,cazy_GH13,68,8.079e-14,0.268
FW_AS_rep_2,GCA_943367845.1,CALRKD020000034.1,etfA,80,3.342e-18,0.406
FW_AS_rep_2,GCA_943367845.1,CALRKD020000019.1,extracellular_protease,78,2.189e-16,0.358
FW_AS_rep_2,GCA_943367845.1,CALRKD020000014.1,mvhA,442,4.955e-139,0.447
FW_AS_rep_2,GCA_943367845.1,CALRKD020000006.1,acs,244,1.989e-70,0.33
FW_AS_rep_2,GCA_943367845.1,CALRKD020000001.1,mmcG,50,2.825e-8,0.281
FW_AS_rep_2,GCA_943367845.1,CALRKD020000002.1,fadA,316,7.36e-97,0.516
FW_AS_rep_2,GCA_943367845.1,CALRKD020000002.1,lysophospholipase,72,3.313e-15,0.296
FW_AS_rep_2,GCA_943367845.1,CALRKD020000001.1,pepQ,64,1.852e-13,0.292
FW_AS_rep_2,GCA_943367845.1,CALRKD020000008.1,acs,221,5.929e-63,0.34
FW_AS_rep_2,GCA_943367845.1,CALRKD020000022.1,fadB,332,4.629e-97,0.32
FW_AS_rep_2,GCA_943367845.1,CALRKD020000026.1,xylA,473,1.966e-150,0.534
FW_AS_rep_2,GCA_943367845.1,CALRKD020000021.1,eda,125,1.237e-33,0.448
FW_AS_rep_2,GCA_943367845.1,CALRKD020000022.1,acs,131,1.754e-33,0.284
FW_AS_rep_2,GCA_943367845.1,CALRKD020000001.1,fhs,674,4.671e-217,0.617
FW_AS_rep_2,GCA_943367845.1,CALRKD020000014.1,fdhA,55,9.121e-10,0.354
FW_AS_rep_2,GCA_943367845.1,CALRKD020000002.1,acylglycerol_lipase,150,9.003e-40,0.38
FW_AS_rep_2,GCA_943367845.1,CALRKD020000017.1,gapA,257,2.687e-77,0.416
FW_AS_rep_2,GCA_943367845.1,CALRKD020000010.1,lysophospholipase,60,3.265e-11,0.302
FW_AS_rep_2,GCA_943367845.1,CALRKD020000006.1,rnfB,43,2.084e-8,0.37
FW_AS_rep_2,GCA_943367845.1,CALRKD020000006.1,pepN,371,2.206e-109,0.389
FW_AS_rep_2,GCA_943367845.1,CALRKD020000010.1,acs,751,1.666e-242,0.588
FW_AS_rep_2,GCA_943367845.1,CALRKD020000001.1,hbd,218,3.093e-59,0.371
FW_AS_rep_2,GCA_943367845.1,CALRKD020000022.1,fadD,284,6.238e-83,0.347
FW_AS_rep_2,GCA_943367845.1,CALRKD020000009.1,cat,236,1.23e-71,0.563
FW_AS_rep_2,GCA_943367845.1,CALRKD020000012.1,adh,44,6.459e-7,0.292
FW_AS_rep_2,GCA_943367845.1,CALRKD020000001.1,pfor,155,3.653e-42,0.313
FW_AS_rep_2,GCA_943367845.1,CALRKD020000008.1,extracellular_protease,139,1.067e-35,0.361
FW_AS_rep_2,GCA_943367845.1,CALRKD020000020.1,dppA,182,2.42e-48,0.296
FW_AS_rep_2,GCA_943367845.1,CALRKD020000022.1,hbd,179,9.859e-48,0.397
FW_AS_rep_2,GCA_943367845.1,CALRKD020000029.1,fadE,282,6.717e-86,0.462
FW_AS_rep_2,GCA_943367845.1,CALRKD020000002.1,extracellular_protease,134,1.045e-33,0.31
FW_AS_rep_2,GCA_943367845.1,CALRKD020000031.1,acs,187,8.267e-52,0.306
FW_AS_rep_2,GCA_943367845.1,CALRKD020000024.1,pfkA,199,2.912e-55,0.364
FW_AS_rep_2,GCA_943367845.1,CALRKD020000034.1,crt,107,5.768e-27,0.379
FW_AS_rep_2,GCA_943367845.1,CALRKD020000010.1,fwdA,630,7.166e-201,0.563
FW_AS_rep_2,GCA_943367845.1,CALRKD020000002.1,gapA,432,4.105e-136,0.639
FW_AS_rep_2,GCA_943367845.1,CALRKD020000011.1,fadB,109,1.483e-28,0.348
FW_AS_rep_2,GCA_943367845.1,CALRKD020000014.1,crt,112,1.42e-29,0.333
FW_AS_rep_2,GCA_943367845.1,CALRKD020000008.1,oppA,123,1.084e-30,0.254
FW_AS_rep_2,GCA_943367845.1,CALRKD020000008.1,frhB,41,7.497e-6,0.375
FW_AS_rep_2,GCA_943367845.1,CALRKD020000001.1,mmcF,128,3.606e-32,0.5
FW_AS_rep_2,GCA_943367845.1,CALRKD020000016.1,lctC,53,2.23e-9,0.318
FW_AS_rep_2,GCA_943367845.1,CALRKD020000005.1,rnfB,44,3.029e-6,0.315
FW_AS_rep_2,GCA_943367845.1,CALRKD020000029.1,bcd,372,8.893e-117,0.505
FW_AS_rep_2,GCA_943367845.1,CALRKD020000020.1,dppC,248,2.594e-75,0.45
FW_AS_rep_2,GCA_943367845.1,CALRKD020000016.1,lctB,87,3.59e-20,0.281
FW_AS_rep_2,GCA_943367845.1,CALRKD020000008.1,dppB,282,1.935e-86,0.473
FW_AS_rep_2,GCA_943367845.1,CALRKD020000018.1,agl,172,2.981e-46,0.352
FW_AS_rep_2,GCA_943367845.1,CALRKD020000012.1,tdcB,342,6.873e-104,0.5
FW_AS_rep_2,GCA_943367845.1,CALRKD020000002.1,bcd,107,8.871e-26,0.294
FW_AS_rep_2,GCA_943367845.1,CALRKD020000029.1,fadA,299,2.392e-91,0.471
FW_AS_rep_2,GCA_943367845.1,CALRKD020000030.1,sucD,316,4.415e-95,0.549
FW_AS_rep_2,GCA_943367845.1,CALRKD020000007.1,frhB,46,1.454e-7,0.377
FW_AS_rep_2,GCA_943367845.1,CALRKD020000035.1,pyk,146,1.465e-37,0.345
FW_AS_rep_2,GCA_943367845.1,CALRKD020000008.1,frhG,45,4.608e-7,0.421
FW_AS_rep_2,GCA_943367845.1,CALRKD020000002.1,ilvE,68,1.602e-14,0.279
FW_AS_rep_2,GCA_943367845.1,CALRKD020000007.1,fadD,188,1.026e-51,0.307
FW_AS_rep_2,GCA_943367845.1,CALRKD020000006.1,hydA,41,1.021e-7,0.389
FW_AS_rep_2,GCA_943367845.1,CALRKD020000005.1,cazy_PL1,115,5.473e-29,0.389
FW_AS_rep_2,GCA_943367845.1,CALRKD020000014.1,frhA,154,2.923e-41,0.293
FW_AS_rep_2,GCA_943367845.1,CALRKD020000020.1,etfA,48,1.823e-7,0.326
FW_AS_rep_2,GCA_943367845.1,CALRKD020000043.1,agl,287,3.184e-82,0.406
FW_AS_rep_2,GCA_943367845.1,CALRKD020000020.1,dppB,256,1.956e-77,0.474
FW_AS_rep_2,GCA_943367845.1,CALRKD020000011.1,hbd,46,2.015e-7,0.297
FW_AS_rep_2,GCA_943367845.1,CALRKD020000026.1,bcd,90,2.292e-20,0.23
FW_AS_rep_2,GCA_943367845.1,CALRKD020000008.1,etfA,46,3.811e-7,0.262
FW_AS_rep_2,GCA_943367845.1,CALRKD020000020.1,hbd,144,1.23e-36,0.29
FW_AS_rep_2,GCA_943367845.1,CALRKD020000015.1,dppA,145,3.954e-37,0.246
FW_AS_rep_2,GCA_943367845.1,CALRKD020000001.1,fadD,157,9.758e-42,0.275
FW_AS_rep_2,GCA_943367845.1,CALRKD020000001.1,pepA,392,4.404e-121,0.501
FW_AS_rep_2,GCA_943367845.1,CALRKD020000022.1,bcd,209,7.007e-59,0.343
FW_AS_rep_2,GCA_943367845.1,CALRKD020000003.1,fadE,263,4.705e-79,0.398
FW_AS_rep_2,GCA_943367845.1,CALRKD020000025.1,fadD,121,6.242e-29,0.3
FW_AS_rep_2,GCA_943367845.1,CALRKD020000020.1,thl,291,4.304e-88,0.455
FW_AS_rep_2,GCA_943367845.1,CALRKD020000015.1,acylglycerol_lipase,44,2.865e-7,0.305
FW_AS_rep_2,GCA_943367845.1,CALRKD020000022.1,thl,267,2.874e-80,0.423
FW_AS_rep_2,GCA_943367845.1,CALRKD020000009.1,crt,138,9.208e-38,0.388
FW_AS_rep_2,GCA_943367845.1,CALRKD020000006.1,lysophospholipase,55,7.027e-10,0.367
FW_AS_rep_2,GCA_943367845.1,CALRKD020000025.1,mdh,186,1.265e-53,0.445
FW_AS_rep_2,GCA_943367845.1,CALRKD020000011.1,sucD,301,4.496e-93,0.541
FW_AS_rep_2,GCA_943367845.1,CALRKD020000033.1,sucD,43,4.783e-6,0.245
FW_AS_rep_2,GCA_943367845.1,CALRKD020000012.1,pfkA,47,8.557e-8,0.248
FW_AS_rep_2,GCA_943367845.1,CALRKD020000007.1,cdhC,40,7.636e-6,0.38
FW_AS_rep_2,GCA_943367845.1,CALRKD020000010.1,mch,355,6.884e-110,0.551
FW_AS_rep_2,GCA_943367845.1,CALRKD020000007.1,rnfB,177,3.647e-51,0.507
FW_AS_rep_2,GCA_943367845.1,CALRKD020000008.1,rnfB,44,1.543e-6,0.396
FW_AS_rep_2,GCA_943367845.1,CALRKD020000009.1,fadD,158,9.857e-42,0.317
FW_AS_rep_2,GCA_943367845.1,CALRKD020000020.1,susC,46,5.004e-7,0.345
FW_AS_rep_2,GCA_943367845.1,CALRKD020000008.1,fadB,182,2.015e-48,0.405
FW_AS_rep_2,GCA_943367845.1,CALRKD020000031.1,crt,119,1.037e-30,0.385
FW_AS_rep_2,GCA_943367845.1,CALRKD020000003.1,bcd,218,6.198e-64,0.35
FW_AS_rep_2,GCA_943367845.1,CALRKD020000017.1,dppA,109,3.882e-26,0.23
FW_AS_rep_2,GCA_943367845.1,CALRKD020000010.1,acylglycerol_lipase,60,4.303e-11,0.252
FW_AS_rep_2,GCA_943367845.1,CALRKD020000015.1,acs,228,6.133e-62,0.289
FW_AS_rep_2,GCA_943367845.1,CALRKD020000001.1,bcd,111,6.338e-27,0.276
FW_AS_rep_2,GCA_943367845.1,CALRKD020000003.1,cat,212,4.071e-62,0.505
FW_AS_rep_2,GCA_943367845.1,CALRKD020000018.1,acs,104,5.508e-25,0.273
FW_AS_rep_2,GCA_943367845.1,CALRKD020000020.1,fadD,239,9.777e-68,0.326
FW_AS_rep_2,GCA_943367845.1,CALRKD020000010.1,fadA,327,5.083e-101,0.488
FW_AS_rep_2,GCA_943367845.1,CALRKD020000007.1,frhG,43,2.204e-7,0.258
FW_AS_rep_2,GCA_943367845.1,CALRKD020000015.1,dppC,157,3.063e-41,0.315
FW_AS_rep_2,GCA_943367845.1,CALRKD020000004.1,extracellular_protease,82,2.956e-18,0.297
FW_AS_rep_2,GCA_943367845.1,CALRKD020000015.1,dppB,186,1.992e-53,0.361
FW_AS_rep_2,GCA_943367845.1,CALRKD020000015.1,fadD,250,2.008e-72,0.361
FW_AS_rep_2,GCA_943367845.1,CALRKD020000022.1,hydA,80,3.771e-17,0.26
FW_AS_rep_2,GCA_943367845.1,CALRKD020000015.1,oppB,179,7.034e-51,0.368
FW_AS_rep_2,GCA_943367845.1,CALRKD020000022.1,etfA,81,1.009e-17,0.327
FW_AS_rep_2,GCA_943367845.1,CALRKD020000008.1,oppB,226,2.71e-67,0.415
FW_AS_rep_2,GCA_943367845.1,CALRKD020000042.1,rnfB,44,3.29e-8,0.333
FW_AS_rep_2,GCA_943367845.1,CALRKD020000009.1,adhE,154,7.78e-42,0.298
FW_AS_rep_2,GCA_943367845.1,CALRKD020000002.1,etfB,154,1.354e-43,0.415
FW_AS_rep_2,GCA_943367845.1,CALRKD020000013.1,esterase,189,1.351e-51,0.328
FW_AS_rep_2,GCA_943367845.1,CALRKD020000003.1,pgi,531,4.987e-169,0.554
FW_AS_rep_2,GCA_943367845.1,CALRKD020000016.1,fadD,134,1.043e-33,0.319
FW_AS_rep_2,GCA_943367845.1,CALRKD020000029.1,tdcB,266,5.123e-81,0.479
FW_AS_rep_2,GCA_943367845.1,CALRKD020000005.1,edd,799,8.009e-260,0.682
FW_AS_rep_2,GCA_943367845.1,CALRKD020000022.1,fadA,353,5.605e-110,0.505
FW_AS_rep_2,GCA_943367845.1,CALRKD020000002.1,etfA,216,6.349e-63,0.42
FW_AS_rep_2,GCA_943367845.1,CALRKD020000016.1,dppB,229,1.492e-66,0.415
FW_AS_rep_2,GCA_943367845.1,CALRKD020000008.1,acylglycerol_lipase,51,6.061e-9,0.256
FW_AS_rep_2,GCA_943367845.1,CALRKD020000003.1,edd,214,4.644e-60,0.307
FW_AS_rep_2,GCA_943367845.1,CALRKD020000016.1,dppA,178,2.997e-47,0.288
FW_AS_rep_2,GCA_943367845.1,CALRKD020000016.1,dppC,217,5.248e-61,0.471
FW_AS_rep_2,GCA_943367845.1,CALRKD020000005.1,fdhA,441,8.148e-130,0.337
FW_AS_rep_2,GCA_943367845.1,CALRKD020000020.1,acylglycerol_lipase,48,3.632e-8,0.305
FW_AS_rep_2,GCA_943367845.1,CALRKD020000015.1,cazy_GH5,109,1.783e-27,0.292
FW_AS_rep_2,GCA_943367845.1,CALRKD020000013.1,folD,338,2.466e-106,0.614
FW_AS_rep_2,GCA_943367845.1,CALRKD020000020.1,fadE,129,3.857e-32,0.316
FW_AS_rep_2,GCA_943367845.1,CALRKD020000005.1,hydA,46,7.615e-7,0.305
FW_AS_rep_2,GCA_943367845.1,CALRKD020000013.1,rnfB,52,6.773e-11,0.336
FW_AS_rep_2,GCA_943367845.1,CALRKD020000019.1,dppB,108,8.003e-30,0.404
FW_AS_rep_2,GCA_943367845.1,CALRKD020000011.1,etfA,117,4.294e-31,0.358
FW_AS_rep_2,GCA_943367845.1,CALRKD020000017.1,oppA,96,2.75e-22,0.255
FW_AS_rep_2,GCA_943367845.1,CALRKD020000011.1,fhs,724,4.679e-235,0.639
FW_AS_rep_2,GCA_943367845.1,CALRKD020000047.1,rnfB,44,3.29e-8,0.333
FW_AS_rep_2,GCA_943367845.1,CALRKD020000026.1,xylF,250,6.033e-74,0.447
FW_AS_rep_2,GCA_943367845.1,CALRKD020000011.1,sucC,342,4.564e-106,0.478
FW_AS_rep_2,GCA_943367845.1,CALRKD020000009.1,fdhA,179,1.308e-47,0.256
FW_AS_rep_2,GCA_943367845.1,CALRKD020000007.1,pepQ,161,6.676e-43,0.319
FW_AS_rep_2,GCA_943367845.1,CALRKD020000020.1,bcd,119,3.983e-29,0.273
FW_AS_rep_2,GCA_943367845.1,CALRKD020000015.1,bgl,341,3.889e-101,0.404
FW_AS_rep_2,GCA_943367845.1,CALRKD020000029.1,mmcE,315,1.694e-89,0.403
FW_AS_rep_2,GCA_943367845.1,CALRKD020000011.1,adhE,66,4.47e-13,0.245
FW_AS_rep_2,GCA_943367845.1,CALRKD020000002.1,fadE,121,4.457e-30,0.312
FW_AS_rep_2,GCA_943367845.1,CALRKD020000003.1,fdhA,184,6.913e-50,0.283
FW_AS_rep_2,GCA_943367845.1,CALRKD020000022.1,edd,247,1.314e-71,0.332
FW_AS_rep_2,GCA_943367845.1,CALRKD020000014.1,dppA,169,1.452e-45,0.283
FW_AS_rep_2,GCA_943367845.1,CALRKD020000008.1,crt,66,3.53e-13,0.325
FW_AS_rep_2,GCA_943367845.1,CALRKD020000001.1,crt,133,8.242e-36,0.347
FW_AS_rep_2,GCA_943367845.1,CALRKD020000003.1,acylglycerol_lipase,45,3.129e-7,0.27
FW_AS_rep_2,GCA_943367845.1,CALRKD020000020.1,oppB,222,1.783e-66,0.438
FW_AS_rep_2,GCA_943367845.1,CALRKD020000012.1,cazy_GH13,86,2.805e-19,0.288
FW_AS_rep_2,GCA_943367845.1,CALRKD020000007.1,fdhA,428,5.282e-128,0.38
FW_AS_rep_2,GCA_943367845.1,CALRKD020000002.1,fadD,224,8.533e-64,0.318
FW_AS_rep_2,GCA_943367845.1,CALRKD020000019.1,oppB,145,3.944e-38,0.371
FW_AS_rep_2,GCA_943367845.1,CALRKD020000019.1,dppC,115,1.246e-28,0.336
FW_AS_rep_2,GCA_943367845.1,CALRKD020000020.1,fadA,357,1.349e-110,0.501
FW_AS_rep_2,GCA_943367845.1,CALRKD020000002.1,pepQ,164,4.532e-44,0.344
FW_AS_rep_2,GCA_943367845.1,CALRKD020000016.1,xylF,201,4.349e-58,0.381
FW_AS_rep_2,GCA_943367845.1,CALRKD020000010.1,fadD,117,6.526e-29,0.27
FW_AS_rep_2,GCA_943367845.1,CALRKD020000020.1,fadB,114,1.307e-27,0.312
FW_AS_rep_2,GCA_943367845.1,CALRKD020000022.1,fdhA,633,2.913e-194,0.419
FW_AS_rep_2,GCA_943367845.1,CALRKD020000026.1,fadE,132,2.948e-33,0.281
FW_AS_rep_2,GCA_943367845.1,CALRKD020000007.1,fadB,79,2.563e-18,0.303
FW_AS_rep_2,GCA_943367845.1,CALRKD020000043.1,fadB,88,3.463e-21,0.318
FW_AS_rep_2,GCA_943367845.1,CALRKD020000026.1,fadD,67,1.373e-14,0.411
FW_AS_rep_2,GCA_943367845.1,CALRKD020000022.1,fadE,165,1.494e-44,0.331
FW_AS_rep_2,GCA_943367845.1,CALRKD020000008.1,hbd,260,2.514e-73,0.524
FW_AS_rep_2,GCA_943367845.1,CALRKD020000029.1,thl,355,1.082e-110,0.52
FW_AS_rep_2,GCA_943367845.1,CALRKD020000018.1,frhA,120,7.435e-30,0.242
FW_AS_rep_2,GCA_943367845.1,CALRKD020000009.1,cazy_GH13,172,7.375e-46,0.373
FW_AS_rep_2,GCA_943367845.1,CALRKD020000018.1,mvhA,104,7.536e-25,0.226
FW_AS_rep_2,GCA_943367845.1,CALRKD020000006.1,acylglycerol_lipase,53,2.142e-9,0.326
FW_AS_rep_2,GCA_943367845.1,CALRKD020000018.1,fadD,203,9.848e-57,0.354
FW_AS_rep_2,GCA_943367845.1,CALRKD020000001.1,fadA,306,5.942e-94,0.475
FW_AS_rep_2,GCA_943367845.1,CALRKD020000009.1,agl,218,1.253e-60,0.358
FW_AS_rep_2,GCA_943367845.1,CALRKD020000043.1,fadD,130,6.947e-33,0.297
FW_AS_rep_2,GCA_943367845.1,CALRKD020000031.1,fadD,135,9.691e-35,0.289
FW_AS_rep_2,GCA_943367845.1,CALRKD020000018.1,pfkA,102,1.087e-24,0.288
FW_AS_rep_2,GCA_943367845.1,CALRKD020000014.1,mvhG,117,1.21e-29,0.384
FW_AS_rep_2,GCA_943367845.1,CALRKD020000020.1,acs,82,4.189e-18,0.249
FW_AS_rep_2,GCA_943367845.1,CALRKD020000001.1,etfA,302,2.212e-93,0.628
FW_AS_rep_2,GCA_943367845.1,CALRKD020000003.1,fadD,228,1.059e-65,0.358
FW_AS_rep_2,GCA_943367845.1,CALRKD020000020.1,crt,73,5.189e-15,0.309
FW_AS_rep_2,GCA_943367845.1,CALRKD020000009.1,gapA,265,4.653e-79,0.419
FW_AS_rep_2,GCA_943367845.1,CALRKD020000008.1,dppC,226,2.768e-68,0.439
FW_AS_rep_2,GCA_943367845.1,CALRKD020000020.1,tdcB,323,1.105e-97,0.484
FW_AS_rep_2,GCA_943367845.1,CALRKD020000002.1,acs,150,1.727e-39,0.288
FW_AS_rep_2,GCA_943367845.1,CALRKD020000030.1,sucC,391,3.047e-123,0.541
FW_AS_rep_2,GCA_943367845.1,CALRKD020000026.1,xylB,130,1.807e-33,0.318
FW_AS_rep_2,GCA_943367845.1,CALRKD020000007.1,acs,141,9.399e-37,0.279
FW_AS_rep_2,GCA_943367845.1,CALRKD020000012.1,pyk,355,5.708e-109,0.457
FW_AS_rep_2,GCA_943367845.1,CALRKD020000007.1,hydA,91,1.595e-20,0.274
FW_AS_rep_2,GCA_943367845.1,CALRKD020000005.1,eda,195,1.386e-58,0.522
FW_AS_rep_2,GCA_943367845.1,CALRKD020000025.1,acs,102,1.269e-23,0.244
FW_AS_rep_2,GCA_943367845.1,CALRKD020000001.1,thl,279,1.365e-84,0.441
FW_AS_rep_2,GCA_943367845.1,CALRKD020000006.1,fadD,168,1.656e-45,0.299
FW_AS_rep_2,GCA_943367845.1,CALRKD020000016.1,oppA,165,4.112e-43,0.281
FW_AS_rep_2,GCA_943367845.1,CALRKD020000024.1,fwdA,46,3.602e-7,0.364
FW_AS_rep_2,GCA_943367845.1,CALRKD020000003.1,adhE,53,2.3e-9,0.235
FW_AS_rep_2,GCA_943367845.1,CALRKD020000010.1,thl,408,4.62e-129,0.576
FW_AS_rep_2,GCA_943367845.1,CALRKD020000031.1,bcd,249,2.145e-74,0.368
FW_AS_rep_2,GCA_943367845.1,CALRKD020000002.1,tdcB,172,1.007e-45,0.418
FW_AS_rep_2,GCA_943367845.1,CALRKD020000011.1,crt,287,1.279e-89,0.603
FW_AS_rep_2,GCA_943367845.1,CALRKD020000032.1,acylglycerol_lipase,79,1.579e-17,0.359
FW_AS_rep_2,GCA_943367845.1,CALRKD020000033.1,gdh,439,7.922e-138,0.519
FW_AS_rep_2,GCA_943367845.1,CALRKD020000006.1,adhE,55,6.244e-10,0.255
FW_AS_rep_2,GCA_943367845.1,CALRKD020000003.1,aldh,54,9.983e-10,0.25
FW_AS_rep_2,GCA_943367845.1,CALRKD020000023.1,cazy_GH5,65,5.525e-13,0.264
FW_AS_rep_2,GCA_943367845.1,CALRKD020000022.1,crt,103,2.47e-24,0.347
FW_AS_rep_2,GCA_943367845.1,CALRKD020000002.1,thl,305,3.37e-93,0.485
FW_AS_rep_2,GCA_943367845.1,CALRKD020000001.1,fadB,383,2.667e-112,0.351
FW_AS_rep_2,GCA_943367845.1,CALRKD020000016.1,oppB,204,3.692e-58,0.398
FW_AS_rep_2,GCA_943367845.1,CALRKD020000001.1,fadE,255,4.119e-76,0.424
FW_AS_rep_2,GCA_943367845.1,CALRKD020000002.1,crt,145,1.483e-40,0.389
FW_AS_rep_2,GCA_943367845.1,CALRKD020000007.1,frhA,41,7.545e-6,0.252
FW_AS_rep_2,GCA_943367845.1,CALRKD020000007.1,crt,154,1.289e-43,0.4
FW_AS_rep_2,GCA_943367845.1,CALRKD020000025.1,tdcB,68,5.647e-14,0.259
FW_AS_rep_2,GCA_943367845.1,CALRKD020000009.1,acs,117,4.83e-29,0.284
FW_AS_rep_2,GCA_943367845.1,CALRKD020000031.1,fadE,370,6.236e-116,0.534
FW_AS_rep_2,GCA_943367845.1,CALRKD020000005.1,frhB,47,2.523e-7,0.384
FW_AS_rep_2,GCA_943367845.1,CALRKD020000006.1,fdhA,295,1.291e-84,0.312
FW_AS_rep_2,GCA_943367845.1,CALRKD020000010.1,ftr,372,1.78e-118,0.643
FW_AS_rep_2,GCA_943367845.1,CALRKD020000001.1,mmcE,530,2.83e-165,0.528
FW_AS_rep_2,GCA_943367845.1,CALRKD020000014.1,frhG,85,3.01e-19,0.319
FW_AS_rep_2,GCA_943367845.1,CALRKD020000008.1,fadD,178,1.043e-48,0.314
FW_AS_rep_2,GCA_943367845.1,CALRKD020000018.1,cazy_GH13,153,2.611e-40,0.356
FW_AS_rep_2,GCA_943367845.1,CALRKD020000006.1,pta,130,1.752e-32,0.322
FW_AS_rep_2,GCA_943367845.1,CALRKD020000010.1,esterase,57,1.682e-10,0.318
FW_AS_rep_2,GCA_943367845.1,CALRKD020000003.1,crt,112,4.363e-28,0.34
FW_AS_rep_2,GCA_943367845.1,CALRKD020000015.1,lysophospholipase,158,1.255e-45,0.423
FW_AS_rep_2,GCA_943367845.1,CALRKD020000021.1,phospholipase,241,2.645e-70,0.496
FW_AS_rep_2,GCA_943367845.1,CALRKD020000016.1,edd,205,1.518e-56,0.311
FW_AS_rep_2,GCA_943367845.1,CALRKD020000008.1,hydA,44,1.543e-6,0.403
FW_AS_rep_2,GCA_943367845.1,CALRKD020000003.1,etfA,64,8.71e-13,0.327
FW_AS_rep_2,GCA_943367845.1,CALRKD020000015.1,oppA,139,1.962e-35,0.259
FW_AS_rep_2,GCA_943367845.1,CALRKD020000010.1,fumB,267,1.605e-78,0.377
FW_AS_rep_2,GCA_943367845.1,CALRKD020000003.1,acs,151,6.182e-40,0.285
FW_AS_rep_2,GCA_943367845.1,CALRKD020000004.1,acylglycerol_lipase,53,9.522e-10,0.367
FW_AS_rep_2,GCA_943367845.1,CALRKD020000043.1,cazy_GH13,168,2.823e-44,0.333
FW_AS_rep_2,GCA_943367845.1,CALRKD020000007.1,acylglycerol_lipase,51,1.729e-8,0.382
FW_AS_rep_2,GCA_943367845.1,CALRKD020000001.1,etfB,307,1.173e-96,0.698
FW_AS_rep_2,GCA_943367845.1,CALRKD020000008.1,dppA,153,1.961e-40,0.294
FW_AS_rep_2,GCA_943367845.1,CALRKD020000001.1,extracellular_protease,139,1.229e-34,0.364
FW_AS_rep_2,GCA_943367845.1,CALRKD020000001.1,acs,515,1.293e-161,0.439
FW_AS_rep_2,GCA_943367845.1,CALRKD020000014.1,oppA,144,1.754e-37,0.268
FW_AS_rep_2,GCA_022708305.1,JAKIYZ010000001.1,pepD,439,2.104e-138,0.491
FW_AS_rep_2,GCA_022708305.1,JAKIYZ010000020.1,fadD,250,1.201e-71,0.314
FW_AS_rep_2,GCA_022708305.1,JAKIYZ010000001.1,lctB,52,5.109e-9,0.244
FW_AS_rep_2,GCA_022708305.1,JAKIYZ010000018.1,fdhA,70,2.396e-14,0.382
FW_AS_rep_2,GCA_022708305.1,JAKIYZ010000001.1,gapA,486,4.298e-157,0.705
FW_AS_rep_2,GCA_022708305.1,JAKIYZ010000012.1,acs,68,6.36e-14,0.24
FW_AS_rep_2,GCA_022708305.1,JAKIYZ010000005.1,susC,458,1.741e-136,0.311
FW_AS_rep_2,GCA_022708305.1,JAKIYZ010000046.1,etfA,228,4.935e-68,0.436
FW_AS_rep_2,GCA_022708305.1,JAKIYZ010000010.1,tdcB,344,1.518e-106,0.471
FW_AS_rep_2,GCA_022708305.1,JAKIYZ010000002.1,pfkA,263,2.198e-80,0.498
FW_AS_rep_2,GCA_022708305.1,JAKIYZ010000002.1,susC,437,5.908e-129,0.306
FW_AS_rep_2,GCA_022708305.1,JAKIYZ010000069.1,susC,307,1.441e-93,0.463
FW_AS_rep_2,GCA_022708305.1,JAKIYZ010000020.1,cat,286,4.464e-90,0.666
FW_AS_rep_2,GCA_022708305.1,JAKIYZ010000016.1,susC,50,3.893e-8,0.288
FW_AS_rep_2,GCA_022708305.1,JAKIYZ010000007.1,susD,117,3.745e-29,0.292
FW_AS_rep_2,GCA_022708305.1,JAKIYZ010000007.1,susC,563,8.843e-172,0.347
FW_AS_rep_2,GCA_022708305.1,JAKIYZ010000004.1,frhG,40,6.839e-6,0.363
FW_AS_rep_2,GCA_022708305.1,JAKIYZ010000007.1,adh,63,7.598e-13,0.289
FW_AS_rep_2,GCA_022708305.1,JAKIYZ010000018.1,frhB,47,1.177e-7,0.361
FW_AS_rep_2,GCA_022708305.1,JAKIYZ010000020.1,bcd,412,1.076e-130,0.571
FW_AS_rep_2,GCA_022708305.1,JAKIYZ010000105.1,susC,44,4.851e-8,0.376
FW_AS_rep_2,GCA_022708305.1,JAKIYZ010000020.1,etfB,143,3.834e-40,0.374
FW_AS_rep_2,GCA_022708305.1,JAKIYZ010000018.1,frhG,55,3.333e-10,0.362
FW_AS_rep_2,GCA_022708305.1,JAKIYZ010000012.1,fadD,252,5.06e-73,0.346
FW_AS_rep_2,GCA_022708305.1,JAKIYZ010000018.1,mmcE,500,1.342e-155,0.51
FW_AS_rep_2,GCA_022708305.1,JAKIYZ010000003.1,fadD,290,1.72e-85,0.353
FW_AS_rep_2,GCA_022708305.1,JAKIYZ010000002.1,pepD,516,9.273e-165,0.527
FW_AS_rep_2,GCA_022708305.1,JAKIYZ010000023.1,acylglycerol_lipase,52,1.242e-9,0.291
FW_AS_rep_2,GCA_022708305.1,JAKIYZ010000073.1,pfor,397,4.483e-126,0.567
FW_AS_rep_2,GCA_022708305.1,JAKIYZ010000010.1,endopeptidase,243,2.429e-70,0.423
FW_AS_rep_2,GCA_022708305.1,JAKIYZ010000007.1,pepQ,143,3.18e-37,0.308
FW_AS_rep_2,GCA_022708305.1,JAKIYZ010000012.1,pta,130,4.565e-35,0.336
FW_AS_rep_2,GCA_022708305.1,JAKIYZ010000022.1,cazy_GH13,54,1.458e-9,0.295
FW_AS_rep_2,GCA_022708305.1,JAKIYZ010000058.1,pepQ,86,1.415e-19,0.298
FW_AS_rep_2,GCA_022708305.1,JAKIYZ010000075.1,pepN,108,6.879e-28,0.295
FW_AS_rep_2,GCA_022708305.1,JAKIYZ010000005.1,fwdA,48,1.289e-7,0.21
FW_AS_rep_2,GCA_022708305.1,JAKIYZ010000002.1,susD,84,1.061e-18,0.277
FW_AS_rep_2,GCA_022708305.1,JAKIYZ010000020.1,fadA,300,9.725e-92,0.448
FW_AS_rep_2,GCA_022708305.1,JAKIYZ010000029.1,susC,341,3.011e-98,0.295
FW_AS_rep_2,GCA_022708305.1,JAKIYZ010000002.1,hydA,48,3.285e-8,0.285
FW_AS_rep_2,GCA_022708305.1,JAKIYZ010000020.1,fadE,302,1.041e-92,0.472
FW_AS_rep_2,GCA_022708305.1,JAKIYZ010000012.1,ackA,413,1.386e-130,0.556
FW_AS_rep_2,GCA_022708305.1,JAKIYZ010000001.1,mmcG,104,1.257e-28,0.359
FW_AS_rep_2,GCA_022708305.1,JAKIYZ010000030.1,susC,623,4.71e-193,0.4
FW_AS_rep_2,GCA_022708305.1,JAKIYZ010000006.1,susD,157,3.989e-42,0.307
FW_AS_rep_2,GCA_022708305.1,JAKIYZ010000001.1,agl,54,1.254e-9,0.266
FW_AS_rep_2,GCA_022708305.1,JAKIYZ010000065.1,bcd,416,4.654e-132,0.569
FW_AS_rep_2,GCA_022708305.1,JAKIYZ010000011.1,susC,502,4.084e-151,0.342
FW_AS_rep_2,GCA_022708305.1,JAKIYZ010000054.1,fadA,172,9.159e-50,0.428
FW_AS_rep_2,GCA_022708305.1,JAKIYZ010000001.1,pfor,40,1.39e-7,0.305
FW_AS_rep_2,GCA_022708305.1,JAKIYZ010000002.1,rnfB,84,9.946e-20,0.328
FW_AS_rep_2,GCA_022708305.1,JAKIYZ010000018.1,hydA,479,4.226e-150,0.427
FW_AS_rep_2,GCA_022708305.1,JAKIYZ010000065.1,etfA,76,1.402e-18,0.382
FW_AS_rep_2,GCA_022708305.1,JAKIYZ010000017.1,dtpT,105,1.317e-25,0.271
FW_AS_rep_2,GCA_022708305.1,JAKIYZ010000001.1,susC,326,2.722e-93,0.277
FW_AS_rep_2,GCA_022708305.1,JAKIYZ010000015.1,fadD,239,7.934e-69,0.351
FW_AS_rep_2,GCA_022708305.1,JAKIYZ010000054.1,cat,280,3.363e-88,0.652
FW_AS_rep_2,GCA_022708305.1,JAKIYZ010000030.1,susD,114,3.579e-28,0.272
FW_AS_rep_2,GCA_022708305.1,JAKIYZ010000054.1,thl,266,3.716e-82,0.533
FW_AS_rep_2,GCA_022708305.1,JAKIYZ010000009.1,fadD,237,2.208e-68,0.33
FW_AS_rep_2,GCA_022708305.1,JAKIYZ010000002.1,pfor,43,8.952e-7,0.233
FW_AS_rep_2,GCA_022708305.1,JAKIYZ010000020.1,thl,370,6.236e-116,0.517
FW_AS_rep_2,GCA_022708305.1,JAKIYZ010000043.1,pepT,79,3.638e-20,0.5
FW_AS_rep_2,GCA_022708305.1,JAKIYZ010000066.1,cazy_GH13,55,3.484e-10,0.295
FW_AS_rep_2,GCA_022708305.1,JAKIYZ010000001.1,pgi,85,2.449e-19,0.279
FW_AS_rep_2,GCA_022708305.1,JAKIYZ010000011.1,susD,117,4.087e-29,0.28
FW_AS_rep_2,GCA_022708305.1,JAKIYZ010000001.1,folD,312,1.257e-97,0.568
FW_AS_rep_2,GCA_022708305.1,JAKIYZ010000021.1,agl,104,4.085e-25,0.284
FW_AS_rep_2,GCA_022708305.1,JAKIYZ010000006.1,pfor,1416,0.0,0.619
FW_AS_rep_2,GCA_022708305.1,JAKIYZ010000021.1,cazy_GH13,128,2.546e-32,0.31
FW_AS_rep_2,GCA_022708305.1,JAKIYZ010000029.1,pta,158,1.259e-44,0.359
FW_AS_rep_2,GCA_022708305.1,JAKIYZ010000065.1,fadE,306,3.335e-94,0.467
FW_AS_rep_2,GCA_022708305.1,JAKIYZ010000001.1,hydA,48,3.252e-10,0.367
FW_AS_rep_2,GCA_022708305.1,JAKIYZ010000002.1,pepQ,93,8.659e-22,0.299
FW_AS_rep_2,GCA_022708305.1,JAKIYZ010000020.1,pepN,179,7.724e-48,0.293
FW_AS_rep_2,GCA_022708305.1,JAKIYZ010000095.1,etfA,82,2.514e-22,0.65
FW_AS_rep_2,GCA_022708305.1,JAKIYZ010000020.1,etfA,220,1.852e-65,0.418
FW_AS_rep_2,GCA_022708305.1,JAKIYZ010000022.1,agl,53,4.411e-9,0.319
FW_AS_rep_2,GCA_022708305.1,JAKIYZ010000001.1,cazy_GH13,63,2.058e-12,0.271
FW_AS_rep_2,GCA_022708305.1,JAKIYZ010000065.1,etfB,112,2.827e-31,0.482
FW_AS_rep_2,GCA_022708305.1,JAKIYZ010000002.1,frhB,48,3.285e-8,0.433
FW_AS_rep_2,GCA_022708305.1,JAKIYZ010000010.1,susC,53,3.556e-9,0.252
FW_AS_rep_2,GCA_022708305.1,JAKIYZ010000002.1,dtpT,179,7.33e-49,0.287
FW_AS_rep_2,GCA_022708305.1,JAKIYZ010000018.1,rnfB,52,6.546e-9,0.407
FW_AS_rep_2,GCA_022708305.1,JAKIYZ010000003.1,endopeptidase,225,1.234e-65,0.42
FW_AS_rep_2,GCA_022708305.1,JAKIYZ010000001.1,pepT,68,3.785e-14,0.283
FW_AS_rep_2,GCA_022708305.1,JAKIYZ010000015.1,acs,43,2.7e-6,0.213
FW_AS_rep_2,GCA_022708305.1,JAKIYZ010000002.1,frhG,50,7.896e-9,0.428
FW_AS_rep_2,GCA_022708305.1,JAKIYZ010000004.1,rnfB,52,1.32e-9,0.347
FW_AS_rep_2,GCA_022708305.1,JAKIYZ010000001.1,frhG,47,1.534e-7,0.288
FW_AS_rep_2,GCA_022708305.1,JAKIYZ010000006.1,susC,555,4.234e-169,0.356
FW_AS_rep_2,GCA_022708305.1,JAKIYZ010000066.1,agl,53,1.882e-9,0.302
FW_AS_rep_2,GCA_022708305.1,JAKIYZ010000005.1,susD,81,8.716e-18,0.266
FW_AS_rep_2,GCA_022708305.1,JAKIYZ010000013.1,cazy_GH9,137,1.379e-34,0.249
FW_AS_rep_2,GCA_022708305.1,JAKIYZ010000052.1,susC,438,1.257e-131,0.345
FW_AS_rep_2,GCA_022708305.1,JAKIYZ010000002.1,adhE,132,4.084e-35,0.352
FW_AS_rep_2,GCA_022708305.1,JAKIYZ010000018.1,mmcF,127,7.166e-32,0.515
FW_AS_rep_2,GCA_022708305.1,JAKIYZ010000007.1,gdh,508,1.123e-162,0.568
FW_AS_rep_2,GCA_022708305.1,JAKIYZ010000100.1,pfor,175,2.563e-52,0.491
FW_AS_rep_2,GCA_044351045.1,JBILGM010000002.1,acs,158,1.721e-42,0.313
FW_AS_rep_2,GCA_044351045.1,JBILGM010000026.1,sucD,319,1.573e-99,0.549
FW_AS_rep_2,GCA_044351045.1,JBILGM010000077.1,fwdA,569,8.486e-182,0.53
FW_AS_rep_2,GCA_044351045.1,JBILGM010000054.1,mdh,173,3.01e-49,0.398
FW_AS_rep_2,GCA_044351045.1,JBILGM010000082.1,frhA,158,1.832e-42,0.283
FW_AS_rep_2,GCA_044351045.1,JBILGM010000002.1,crt,44,6.734e-7,0.392
FW_AS_rep_2,GCA_044351045.1,JBILGM010000001.1,acs,827,6.208e-267,0.64
FW_AS_rep_2,GCA_044351045.1,JBILGM010000070.1,fwdA,585,3.018e-187,0.551
FW_AS_rep_2,GCA_044351045.1,JBILGM010000007.1,oppB,145,3.787e-39,0.333
FW_AS_rep_2,GCA_044351045.1,JBILGM010000013.1,frhG,89,1.156e-22,0.335
FW_AS_rep_2,GCA_044351045.1,JBILGM010000009.1,extracellular_protease,182,4.128e-49,0.393
FW_AS_rep_2,GCA_044351045.1,JBILGM010000021.1,mch,398,2.953e-126,0.621
FW_AS_rep_2,GCA_044351045.1,JBILGM010000007.1,dppA,98,9.179e-23,0.234
FW_AS_rep_2,GCA_044351045.1,JBILGM010000001.1,fwdA,47,1.133e-7,0.393
FW_AS_rep_2,GCA_044351045.1,JBILGM010000016.1,hydA,113,3.237e-27,0.312
FW_AS_rep_2,GCA_044351045.1,JBILGM010000006.1,acs,78,9.651e-17,0.245
FW_AS_rep_2,GCA_044351045.1,JBILGM010000003.1,rnfB,40,9.804e-6,0.244
FW_AS_rep_2,GCA_044351045.1,JBILGM010000006.1,fhs,685,1.739e-221,0.617
FW_AS_rep_2,GCA_044351045.1,JBILGM010000033.1,lysophospholipase,159,5.486e-46,0.367
FW_AS_rep_2,GCA_044351045.1,JBILGM010000036.1,pgi,694,6.475e-225,0.648
FW_AS_rep_2,GCA_044351045.1,JBILGM010000001.1,fadD,126,1.557e-31,0.274
FW_AS_rep_2,GCA_044351045.1,JBILGM010000060.1,adh,59,5.683e-12,0.285
FW_AS_rep_2,GCA_044351045.1,JBILGM010000008.1,endopeptidase,263,3.201e-78,0.392
FW_AS_rep_2,GCA_044351045.1,JBILGM010000012.1,adhE,134,1.983e-35,0.331
FW_AS_rep_2,GCA_044351045.1,JBILGM010000036.1,pfkA,79,1.663e-17,0.299
FW_AS_rep_2,GCA_044351045.1,JBILGM010000055.1,ilvE,150,8.366e-42,0.351
FW_AS_rep_2,GCA_044351045.1,JBILGM010000006.1,susC,59,6.161e-11,0.221
FW_AS_rep_2,GCA_044351045.1,JBILGM010000035.1,lctC,51,1.111e-8,0.288
FW_AS_rep_2,GCA_044351045.1,JBILGM010000007.1,dppC,115,6.337e-29,0.33
FW_AS_rep_2,GCA_044351045.1,JBILGM010000013.1,mvhG,122,6.143e-34,0.395
FW_AS_rep_2,GCA_044351045.1,JBILGM010000001.1,sucC,355,4.024e-111,0.493
FW_AS_rep_2,GCA_044351045.1,JBILGM010000100.1,extracellular_protease,150,6.482e-39,0.413
FW_AS_rep_2,GCA_044351045.1,JBILGM010000007.1,ftr,398,4.335e-127,0.652
FW_AS_rep_2,GCA_044351045.1,JBILGM010000035.1,lctB,81,4.901e-18,0.263
FW_AS_rep_2,GCA_044351045.1,JBILGM010000025.1,extracellular_protease,163,2.307e-42,0.414
FW_AS_rep_2,GCA_044351045.1,JBILGM010000010.1,bgl,342,1.668e-104,0.433
FW_AS_rep_2,GCA_044351045.1,JBILGM010000083.1,ilvE,92,2.352e-22,0.295
FW_AS_rep_2,GCA_044351045.1,JBILGM010000059.1,pta,215,9.371e-60,0.419
FW_AS_rep_2,GCA_044351045.1,JBILGM010000006.1,acylglycerol_lipase,106,1.638e-26,0.29
FW_AS_rep_2,GCA_044351045.1,JBILGM010000006.1,fadD,118,6.15e-29,0.323
FW_AS_rep_2,GCA_044351045.1,JBILGM010000035.1,extracellular_protease,113,1.756e-27,0.32
FW_AS_rep_2,GCA_044351045.1,JBILGM010000007.1,dppB,141,7.894e-38,0.305
FW_AS_rep_2,GCA_044351045.1,JBILGM010000039.1,frhB,47,3.578e-8,0.377
FW_AS_rep_2,GCA_044351045.1,JBILGM010000002.1,fadD,278,1.25e-82,0.38
FW_AS_rep_2,GCA_044351045.1,JBILGM010000057.1,tdcB,60,1.206e-11,0.258
FW_AS_rep_2,GCA_044351045.1,JBILGM010000038.1,pfkA,97,4.694e-24,0.28
FW_AS_rep_2,GCA_044351045.1,JBILGM010000042.1,pta,134,1.041e-33,0.314
FW_AS_rep_2,GCA_044351045.1,JBILGM010000003.1,tdcB,205,1.906e-59,0.408
FW_AS_rep_2,GCA_044351045.1,JBILGM010000059.1,ackA,365,3.816e-114,0.507
FW_AS_rep_2,GCA_044351045.1,JBILGM010000039.1,rnfB,192,1.139e-57,0.583
FW_AS_rep_2,GCA_044351045.1,JBILGM010000038.1,aldh,404,2.464e-126,0.479
FW_AS_rep_2,GCA_044351045.1,JBILGM010000044.1,tdcB,86,1.109e-19,0.316
FW_AS_rep_2,GCA_044351045.1,JBILGM010000015.1,cazy_GH13,76,3.748e-16,0.279
FW_AS_rep_2,GCA_044351045.1,JBILGM010000003.1,hydA,100,1.252e-25,0.293
FW_AS_rep_2,GCA_044351045.1,JBILGM010000001.1,sucD,381,1.679e-121,0.651
FW_AS_rep_2,GCA_044351045.1,JBILGM010000007.1,oppA,131,6.95e-33,0.277
FW_AS_rep_2,GCA_044351045.1,JBILGM010000013.1,pyk,370,2.259e-114,0.464
FW_AS_rep_2,GCA_044351045.1,JBILGM010000038.1,adhE,439,1.416e-138,0.497
FW_AS_rep_2,GCA_044351045.1,JBILGM010000019.1,pepT,64,5.674e-13,0.247
FW_AS_rep_2,GCA_044351045.1,JBILGM010000040.1,pepN,376,2.626e-110,0.379
FW_AS_rep_2,GCA_044351045.1,JBILGM010000061.1,extracellular_protease,154,6.716e-40,0.36
FW_AS_rep_2,GCA_044351045.1,JBILGM010000003.1,fdhA,571,8.608e-180,0.432
FW_AS_rep_2,GCA_044351045.1,JBILGM010000016.1,fdhA,665,5.869e-208,0.425
FW_AS_rep_2,GCA_044351045.1,JBILGM010000013.1,fdhA,57,5.19e-11,0.459
FW_AS_rep_2,GCA_044351045.1,JBILGM010000039.1,cdhC,41,2.868e-6,0.323
FW_AS_rep_2,GCA_044351045.1,JBILGM010000046.1,pepQ,61,2.529e-12,0.274
FW_AS_rep_2,GCA_044351045.1,JBILGM010000009.1,pepQ,199,6.711e-57,0.35
FW_AS_rep_2,GCA_044351045.1,JBILGM010000082.1,mvhA,455,1.318e-143,0.467
FW_AS_rep_2,GCA_044351045.1,JBILGM010000007.1,fwdA,644,1.475e-207,0.571
FW_AS_rep_2,GCA_044351045.1,JBILGM010000055.1,endopeptidase,255,1.729e-72,0.418
FW_AS_rep_2,GCA_044351045.1,JBILGM010000013.1,gapA,330,2.905e-103,0.526
FW_AS_rep_2,GCA_044351045.1,JBILGM010000033.1,fdhA,418,3.596e-123,0.337
FW_AS_rep_2,GCA_044351045.1,JBILGM010000012.1,pepA,379,7.182e-117,0.484
FW_AS_rep_2,GCA_044351045.1,JBILGM010000026.1,sucC,390,7.905e-122,0.51
FW_AS_rep_2,GCA_044351045.1,JBILGM010000013.1,hydA,69,4.507e-15,0.234
FW_AS_rep_2,GCA_044351045.1,JBILGM010000006.1,lysophospholipase,74,2.943e-16,0.287
FW_AS_rep_2,GCA_044351045.1,JBILGM010000019.1,edd,234,1.991e-66,0.339
FW_AS_rep_2,GCA_033809735.1,JAPXLE010000135.1,hydA,47,2.654e-10,0.433
FW_AS_rep_2,GCA_033809735.1,JAPXLE010000097.1,pfor,1302,0.0,0.626
FW_AS_rep_2,GCA_033809735.1,JAPXLE010000107.1,pgi,335,6.381e-102,0.394
FW_AS_rep_2,GCA_033809735.1,JAPXLE010000153.1,pfkA,232,1.425e-68,0.437
FW_AS_rep_2,GCA_033809735.1,JAPXLE010000041.1,pfkA,160,1.324e-43,0.356
FW_AS_rep_2,GCA_033809735.1,JAPXLE010000145.1,folD,336,9.002e-106,0.592
FW_AS_rep_2,GCA_033809735.1,JAPXLE010000135.1,frhB,42,1.235e-8,0.358
FW_AS_rep_2,GCA_033809735.1,JAPXLE010000021.1,frhB,46,9.739e-8,0.414
FW_AS_rep_2,GCA_033809735.1,JAPXLE010000015.1,bgl,345,2.558e-106,0.414
FW_AS_rep_2,GCA_033809735.1,JAPXLE010000068.1,acs,67,1.852e-13,0.239
FW_AS_rep_2,GCA_033809735.1,JAPXLE010000001.1,ilvE,181,1.528e-51,0.378
FW_AS_rep_2,GCA_033809735.1,JAPXLE010000179.1,cazy_GH13,82,5.893e-18,0.329
FW_AS_rep_2,GCA_033809735.1,JAPXLE010000060.1,hydA,42,5.338e-8,0.406
FW_AS_rep_2,GCA_033809735.1,JAPXLE010000083.1,oppB,193,5.483e-56,0.38
FW_AS_rep_2,GCA_033809735.1,JAPXLE010000040.1,pfor,40,6.711e-6,0.305
FW_AS_rep_2,GCA_033809735.1,JAPXLE010000025.1,rnfB,42,2.789e-6,0.372
FW_AS_rep_2,GCA_033809735.1,JAPXLE010000080.1,acs,83,2.441e-22,0.528
FW_AS_rep_2,GCA_033809735.1,JAPXLE010000006.1,adhE,203,2.522e-58,0.36
FW_AS_rep_2,GCA_033809735.1,JAPXLE010000040.1,frhG,44,2.718e-7,0.372
FW_AS_rep_2,GCA_033809735.1,JAPXLE010000032.1,frhG,44,1.23e-6,0.296
FW_AS_rep_2,GCA_033809735.1,JAPXLE010000123.1,dppA,48,1.521e-8,0.268
FW_AS_rep_2,GCA_033809735.1,JAPXLE010000002.1,edd,267,2.291e-78,0.325
FW_AS_rep_2,GCA_033809735.1,JAPXLE010000097.1,hydA,138,6.755e-36,0.293
FW_AS_rep_2,GCA_033809735.1,JAPXLE010000125.1,endopeptidase,286,8.482e-83,0.559
FW_AS_rep_2,GCA_033809735.1,JAPXLE010000050.1,eda,191,4.217e-57,0.459
FW_AS_rep_2,GCA_033809735.1,JAPXLE010000043.1,hydA,89,3.044e-20,0.246
FW_AS_rep_2,GCA_033809735.1,JAPXLE010000078.1,pepT,209,5.434e-60,0.369
FW_AS_rep_2,GCA_033809735.1,JAPXLE010000085.1,fadD,200,5.751e-56,0.324
FW_AS_rep_2,GCA_033809735.1,JAPXLE010000034.1,pepQ,83,1.085e-19,0.31
FW_AS_rep_2,GCA_033809735.1,JAPXLE010000062.1,fadD,69,6.427e-16,0.327
FW_AS_rep_2,GCA_033809735.1,JAPXLE010000070.1,rnfB,73,2.598e-16,0.313
FW_AS_rep_2,GCA_033809735.1,JAPXLE010000085.1,acs,230,2.145e-66,0.331
FW_AS_rep_2,GCA_033809735.1,JAPXLE010000123.1,oppA,53,4.384e-10,0.265
FW_AS_rep_2,GCA_033809735.1,JAPXLE010000001.1,fadD,258,5.667e-75,0.335
FW_AS_rep_2,GCA_033809735.1,JAPXLE010000032.1,fdhA,53,2.048e-9,0.509
FW_AS_rep_2,GCA_033809735.1,JAPXLE010000119.1,hydA,114,4.299e-29,0.269
FW_AS_rep_2,GCA_033809735.1,JAPXLE010000032.1,rnfB,43,3.725e-6,0.382
FW_AS_rep_2,GCA_033809735.1,JAPXLE010000032.1,hydA,502,3.447e-158,0.442
FW_AS_rep_2,GCA_033809735.1,JAPXLE010000017.1,cazy_GH13,58,1.209e-10,0.229
FW_AS_rep_2,GCA_033809735.1,JAPXLE010000135.1,frhG,51,7.892e-12,0.446
FW_AS_rep_2,GCA_033809735.1,JAPXLE010000083.1,dppC,170,4.692e-48,0.367
FW_AS_rep_2,GCA_033809735.1,JAPXLE010000070.1,frhG,46,1.477e-7,0.391
FW_AS_rep_2,GCA_033809735.1,JAPXLE010000083.1,dppB,183,2.366e-52,0.34
FW_AS_rep_2,GCA_033809735.1,JAPXLE010000070.1,frhB,51,1.977e-9,0.51
FW_AS_rep_2,GCA_033809735.1,JAPXLE010000084.1,acylglycerol_lipase,104,3.299e-26,0.296
FW_AS_rep_2,GCA_033809735.1,JAPXLE010000032.1,fadD,233,1.463e-66,0.352
FW_AS_rep_2,GCA_033809735.1,JAPXLE010000096.1,ackA,374,3.182e-117,0.52
FW_AS_rep_2,GCA_033809735.1,JAPXLE010000148.1,pta,204,9.226e-60,0.423
FW_AS_rep_2,GCA_033809735.1,JAPXLE010000016.1,cazy_GH9,218,1.669e-60,0.322
FW_AS_rep_2,GCA_033809735.1,JAPXLE010000157.1,pyk,415,1.488e-127,0.425
FW_AS_rep_2,GCA_033809735.1,JAPXLE010000040.1,rnfB,41,2.806e-6,0.307
FW_AS_rep_2,GCA_033809735.1,JAPXLE010000070.1,dppC,44,2.388e-7,0.302
FW_AS_rep_2,GCA_033809735.1,JAPXLE010000020.1,fadD,214,9.529e-61,0.339
FW_AS_rep_2,GCA_033809735.1,JAPXLE010000001.1,acs,102,2.656e-24,0.243
FW_AS_rep_2,GCA_033809735.1,JAPXLE010000004.1,gapA,450,1.183e-144,0.671
FW_AS_rep_2,GCA_033809735.1,JAPXLE010000092.1,pepQ,101,1.027e-24,0.311
FW_AS_rep_2,GCA_033809735.1,JAPXLE010000068.1,fadD,272,5.43e-79,0.348
FW_AS_rep_2,GCA_033809735.1,JAPXLE010000070.1,hydA,44,3.484e-7,0.44
FW_AS_rep_2,GCA_033809735.1,JAPXLE010000032.1,acs,90,1.113e-20,0.257
FW_AS_rep_2,GCA_033809735.1,JAPXLE010000050.1,bgl,171,2.777e-47,0.288
FW_AS_rep_2,GCA_033809735.1,JAPXLE010000020.1,acs,42,7.298e-6,0.288
FW_AS_rep_2,GCA_033809735.1,JAPXLE010000002.1,hydA,43,1.604e-6,0.324
FW_AS_rep_2,GCA_033809735.1,JAPXLE010000003.1,acylglycerol_lipase,55,2.542e-10,0.232
FW_AS_rep_2,GCA_033809735.1,JAPXLE010000040.1,hydA,49,4.416e-9,0.37
FW_AS_rep_2,GCA_033809735.1,JAPXLE010000044.1,hydA,46,2.911e-7,0.323
FW_AS_rep_2,GCA_022707605.1,JAKJAH010000004.1,gapA,372,3.815e-117,0.526
FW_AS_rep_2,GCA_022707605.1,JAKJAH010000024.1,bgl,224,5.688e-65,0.324
FW_AS_rep_2,GCA_022707605.1,JAKJAH010000046.1,fadD,273,5.011e-80,0.365
FW_AS_rep_2,GCA_022707605.1,JAKJAH010000012.1,frhB,54,1.779e-11,0.444
FW_AS_rep_2,GCA_022707605.1,JAKJAH010000024.1,mvhD,151,1.187e-39,0.485
FW_AS_rep_2,GCA_022707605.1,JAKJAH010000048.1,pepD,99,4.805e-24,0.291
FW_AS_rep_2,GCA_022707605.1,JAKJAH010000013.1,pfor,41,6.865e-6,0.268
FW_AS_rep_2,GCA_022707605.1,JAKJAH010000025.1,extracellular_protease,47,1.372e-7,0.368
FW_AS_rep_2,GCA_022707605.1,JAKJAH010000001.1,pepD,53,1.234e-9,0.232
FW_AS_rep_2,GCA_022707605.1,JAKJAH010000022.1,pgi,79,3.91e-17,0.274
FW_AS_rep_2,GCA_022707605.1,JAKJAH010000032.1,bcd,256,1.324e-74,0.392
FW_AS_rep_2,GCA_022707605.1,JAKJAH010000037.1,adhE,95,1.142e-21,0.279
FW_AS_rep_2,GCA_022707605.1,JAKJAH010000016.1,fadD,134,2.146e-33,0.306
FW_AS_rep_2,GCA_022707605.1,JAKJAH010000013.1,fadA,319,2.557e-97,0.48
FW_AS_rep_2,GCA_022707605.1,JAKJAH010000004.1,frhB,42,3.826e-6,0.25
FW_AS_rep_2,GCA_022707605.1,JAKJAH010000003.1,pyk,439,2.094e-136,0.51
FW_AS_rep_2,GCA_022707605.1,JAKJAH010000008.1,folD,302,3.809e-94,0.546
FW_AS_rep_2,GCA_022707605.1,JAKJAH010000001.1,pepQ,168,1.747e-46,0.343
FW_AS_rep_2,GCA_022707605.1,JAKJAH010000004.1,aldh,458,1.08e-144,0.519
FW_AS_rep_2,GCA_022707605.1,JAKJAH010000002.1,bcd,401,7.692e-127,0.552
FW_AS_rep_2,GCA_022707605.1,JAKJAH010000006.1,frhB,45,1.759e-8,0.396
FW_AS_rep_2,GCA_022707605.1,JAKJAH010000024.1,mvhA,520,8.576e-166,0.539
FW_AS_rep_2,GCA_022707605.1,JAKJAH010000002.1,fadE,301,2.097e-92,0.48
FW_AS_rep_2,GCA_022707605.1,JAKJAH010000015.1,gdh,395,2.931e-123,0.477
FW_AS_rep_2,GCA_022707605.1,JAKJAH010000024.1,hydA,51,5.719e-9,0.383
FW_AS_rep_2,GCA_022707605.1,JAKJAH010000012.1,pta,152,2.431e-42,0.375
FW_AS_rep_2,GCA_022707605.1,JAKJAH010000012.1,acylglycerol_lipase,191,4.363e-56,0.399
FW_AS_rep_2,GCA_022707605.1,JAKJAH010000001.1,oppB,265,2.062e-80,0.505
FW_AS_rep_2,GCA_022707605.1,JAKJAH010000012.1,fadE,294,3.183e-89,0.5
FW_AS_rep_2,GCA_022707605.1,JAKJAH010000002.1,agl,109,8.283e-27,0.277
FW_AS_rep_2,GCA_022707605.1,JAKJAH010000025.1,agl,203,3.937e-56,0.341
FW_AS_rep_2,GCA_022707605.1,JAKJAH010000002.1,oppB,291,4.083e-89,0.453
FW_AS_rep_2,GCA_022707605.1,JAKJAH010000024.1,frhA,138,4.691e-36,0.281
FW_AS_rep_2,GCA_022707605.1,JAKJAH010000013.1,acs,232,6.575e-67,0.329
FW_AS_rep_2,GCA_022707605.1,JAKJAH010000016.1,extracellular_protease,141,4.923e-39,0.368
FW_AS_rep_2,GCA_022707605.1,JAKJAH010000013.1,bcd,347,1.149e-107,0.482
FW_AS_rep_2,GCA_022707605.1,JAKJAH010000016.1,hydA,49,2.141e-8,0.37
FW_AS_rep_2,GCA_022707605.1,JAKJAH010000013.1,rnfB,49,1.934e-8,0.319
FW_AS_rep_2,GCA_022707605.1,JAKJAH010000004.1,cazy_GH13,100,3.345e-24,0.293
FW_AS_rep_2,GCA_022707605.1,JAKJAH010000001.1,dppB,331,5.653e-103,0.492
FW_AS_rep_2,GCA_022707605.1,JAKJAH010000012.1,frhG,44,4.242e-8,0.381
FW_AS_rep_2,GCA_022707605.1,JAKJAH010000013.1,fadB,291,1.791e-88,0.402
FW_AS_rep_2,GCA_022707605.1,JAKJAH010000016.1,frhB,47,8.728e-8,0.388
FW_AS_rep_2,GCA_022707605.1,JAKJAH010000002.1,extracellular_protease,212,3.709e-59,0.426
FW_AS_rep_2,GCA_022707605.1,JAKJAH010000001.1,dppA,289,3.522e-83,0.381
FW_AS_rep_2,GCA_022707605.1,JAKJAH010000008.1,fhs,628,6.957e-201,0.543
FW_AS_rep_2,GCA_022707605.1,JAKJAH010000004.1,pepQ,48,3.49e-8,0.262
FW_AS_rep_2,GCA_022707605.1,JAKJAH010000008.1,cdhC,426,3.438e-134,0.515
FW_AS_rep_2,GCA_022707605.1,JAKJAH010000005.1,ilvE,114,3.265e-29,0.313
FW_AS_rep_2,GCA_022707605.1,JAKJAH010000012.1,hydA,51,1.579e-10,0.444
FW_AS_rep_2,GCA_022707605.1,JAKJAH010000003.1,pfkA,256,1.042e-76,0.505
FW_AS_rep_2,GCA_022707605.1,JAKJAH010000006.1,dppB,117,1.029e-30,0.313
FW_AS_rep_2,GCA_022707605.1,JAKJAH010000038.1,rnfB,50,1.585e-8,0.318
FW_AS_rep_2,GCA_022707605.1,JAKJAH010000006.1,agl,273,9.894e-80,0.367
FW_AS_rep_2,GCA_022707605.1,JAKJAH010000012.1,bcd,416,2.411e-131,0.569
FW_AS_rep_2,GCA_022707605.1,JAKJAH010000001.1,fadB,194,2.711e-56,0.38
FW_AS_rep_2,GCA_022707605.1,JAKJAH010000007.1,lysophospholipase,43,8.088e-7,0.256
FW_AS_rep_2,GCA_022707605.1,JAKJAH010000008.1,lctC,42,1.667e-6,0.342
FW_AS_rep_2,GCA_022707605.1,JAKJAH010000004.1,ackA,391,1.56e-121,0.493
FW_AS_rep_2,GCA_022707605.1,JAKJAH010000038.1,frhB,49,4.821e-8,0.252
FW_AS_rep_2,GCA_022707605.1,JAKJAH010000007.1,oppA,79,3.86e-17,0.231
FW_AS_rep_2,GCA_022707605.1,JAKJAH010000012.1,thl,419,1.276e-131,0.603
FW_AS_rep_2,GCA_022707605.1,JAKJAH010000001.1,hbd,300,1.771e-92,0.519
FW_AS_rep_2,GCA_022707605.1,JAKJAH010000018.1,pepN,90,1.361e-20,0.274
FW_AS_rep_2,GCA_022707605.1,JAKJAH010000001.1,oppA,176,6.728e-47,0.303
FW_AS_rep_2,GCA_022707605.1,JAKJAH010000025.1,cazy_GH13,188,3.018e-51,0.384
FW_AS_rep_2,GCA_022707605.1,JAKJAH010000008.1,cdhD,326,8.513e-101,0.553
FW_AS_rep_2,GCA_022707605.1,JAKJAH010000017.1,cazy_GH5,43,4.457e-6,0.409
FW_AS_rep_2,GCA_022707605.1,JAKJAH010000002.1,cazy_GH13,149,1.237e-39,0.326
FW_AS_rep_2,GCA_022707605.1,JAKJAH010000046.1,acs,196,1.992e-54,0.301
FW_AS_rep_2,GCA_022707605.1,JAKJAH010000006.1,oppB,141,6.036e-36,0.335
FW_AS_rep_2,GCA_022707605.1,JAKJAH010000004.1,thl,317,1.432e-97,0.478
FW_AS_rep_2,GCA_022707605.1,JAKJAH010000013.1,fadE,301,6.495e-92,0.471
FW_AS_rep_2,GCA_022707605.1,JAKJAH010000024.1,frhG,61,4.964e-12,0.265
FW_AS_rep_2,GCA_022707605.1,JAKJAH010000003.1,pepQ,110,1.268e-27,0.336
FW_AS_rep_2,GCA_022707605.1,JAKJAH010000013.1,crt,203,3.83e-60,0.41
FW_AS_rep_2,GCA_022707605.1,JAKJAH010000024.1,rnfB,43,1.409e-6,0.269
FW_AS_rep_2,GCA_022707605.1,JAKJAH010000002.1,dppB,302,6.057e-94,0.5
FW_AS_rep_2,GCA_022707605.1,JAKJAH010000016.1,rnfB,46,2.027e-7,0.357
FW_AS_rep_2,GCA_022707605.1,JAKJAH010000015.1,extracellular_protease,69,1.768e-13,0.283
FW_AS_rep_2,GCA_022707605.1,JAKJAH010000058.1,extracellular_protease,41,6.3e-6,0.323
FW_AS_rep_2,GCA_022707605.1,JAKJAH010000038.1,lctC,45,7.767e-7,0.337
FW_AS_rep_2,GCA_022707605.1,JAKJAH010000004.1,rnfB,43,1.241e-6,0.365
FW_AS_rep_2,GCA_022707605.1,JAKJAH010000013.1,frhG,55,5.323e-10,0.481
FW_AS_rep_2,GCA_022707605.1,JAKJAH010000056.1,fadD,115,2.36e-28,0.283
FW_AS_rep_2,GCA_022707605.1,JAKJAH010000017.1,ackA,109,1.762e-27,0.301
FW_AS_rep_2,GCA_022707605.1,JAKJAH010000003.1,frhB,51,7.059e-11,0.382
FW_AS_rep_2,GCA_022707605.1,JAKJAH010000004.1,sucD,45,1.035e-6,0.282
FW_AS_rep_2,GCA_022707605.1,JAKJAH010000013.1,etfA,248,1.662e-73,0.45
FW_AS_rep_2,GCA_022707605.1,JAKJAH010000024.1,frhB,43,1.062e-6,0.284
FW_AS_rep_2,GCA_022707605.1,JAKJAH010000012.1,mmcG,116,9.659e-31,0.453
FW_AS_rep_2,GCA_022707605.1,JAKJAH010000017.1,crt,44,4.217e-7,0.392
FW_AS_rep_2,GCA_022707605.1,JAKJAH010000014.1,bgl,358,1.005e-110,0.411
FW_AS_rep_2,GCA_022707605.1,JAKJAH010000002.1,dppC,239,3.274e-71,0.401
FW_AS_rep_2,GCA_022707605.1,JAKJAH010000005.1,hydA,121,2.086e-31,0.322
FW_AS_rep_2,GCA_022707605.1,JAKJAH010000008.1,bcd,200,2.679e-57,0.346
FW_AS_rep_2,GCA_022707605.1,JAKJAH010000048.1,pepT,241,1.315e-71,0.415
FW_AS_rep_2,GCA_022707605.1,JAKJAH010000057.1,pfor,56,2.919e-10,0.266
FW_AS_rep_2,GCA_022707605.1,JAKJAH010000004.1,fadA,401,1.069e-126,0.561
FW_AS_rep_2,GCA_022707605.1,JAKJAH010000013.1,ilvE,85,6.392e-20,0.295
FW_AS_rep_2,GCA_022707605.1,JAKJAH010000001.1,dppC,287,3.695e-88,0.522
FW_AS_rep_2,GCA_022707605.1,JAKJAH010000002.1,dppA,295,4.08e-87,0.359
FW_AS_rep_2,GCA_022707605.1,JAKJAH010000032.1,frhB,42,3.576e-7,0.411
FW_AS_rep_2,GCA_022707605.1,JAKJAH010000008.1,fadE,200,3.643e-57,0.378
FW_AS_rep_2,GCA_022707605.1,JAKJAH010000007.1,extracellular_protease,44,9.437e-6,0.371
FW_AS_rep_2,GCA_022707605.1,JAKJAH010000016.1,acs,104,1.612e-24,0.273
FW_AS_rep_2,GCA_022707605.1,JAKJAH010000023.1,cazy_GH13,191,1.727e-52,0.384
FW_AS_rep_2,GCA_022707605.1,JAKJAH010000007.1,pepT,44,1.106e-6,0.221
FW_AS_rep_2,GCA_022707605.1,JAKJAH010000013.1,fadD,287,1.271e-85,0.393
FW_AS_rep_2,GCA_022707605.1,JAKJAH010000013.1,hbd,283,1.701e-85,0.409
FW_AS_rep_2,GCA_022707605.1,JAKJAH010000032.1,frhG,43,2.641e-7,0.339
FW_AS_rep_2,GCA_022707605.1,JAKJAH010000008.1,hydA,68,1.629e-14,0.268
FW_AS_rep_2,GCA_022707605.1,JAKJAH010000006.1,dppC,162,1.631e-42,0.37
FW_AS_rep_2,GCA_022707605.1,JAKJAH010000056.1,acs,91,6.665e-21,0.269
FW_AS_rep_2,GCA_022707605.1,JAKJAH010000046.1,fumB,116,1.254e-31,0.384
FW_AS_rep_2,GCA_022707605.1,JAKJAH010000004.1,agl,84,5.451e-19,0.345
FW_AS_rep_2,GCA_022707605.1,JAKJAH010000013.1,hydA,58,5.648e-11,0.444
FW_AS_rep_2,GCA_022707605.1,JAKJAH010000012.1,pfor,153,1.36e-41,0.301
FW_AS_rep_2,GCA_022707605.1,JAKJAH010000008.1,mvhD,113,1.28e-27,0.449
FW_AS_rep_2,GCA_022707605.1,JAKJAH010000008.1,frhB,44,1.472e-6,0.487
FW_AS_rep_2,GCA_022707605.1,JAKJAH010000019.1,oppA,148,2.182e-38,0.285
FW_AS_rep_2,GCA_022707605.1,JAKJAH010000001.1,etfA,171,1.695e-49,0.467
FW_AS_rep_2,GCA_022707605.1,JAKJAH010000045.1,lctB,49,6.302e-8,0.298
FW_AS_rep_2,GCA_022707605.1,JAKJAH010000010.1,xylB,99,1.331e-23,0.262
FW_AS_rep_2,GCA_022707605.1,JAKJAH010000014.1,extracellular_protease,197,3.891e-52,0.415
FW_AS_rep_2,GCA_022707605.1,JAKJAH010000002.1,adhE,309,3.733e-95,0.424
FW_AS_rep_2,GCA_022707605.1,JAKJAH010000032.1,hydA,49,1.476e-9,0.338
FW_AS_rep_2,GCA_022707605.1,JAKJAH010000016.1,frhG,48,6.59e-8,0.333
FW_AS_rep_2,GCA_022707605.1,JAKJAH010000003.1,extracellular_protease,228,2.31e-66,0.405
FW_AS_rep_2,GCA_022707605.1,JAKJAH010000012.1,mmcF,186,1.98e-55,0.689
FW_AS_rep_2,GCA_022707605.1,JAKJAH010000012.1,lysophospholipase,68,1.566e-14,0.376
FW_AS_rep_2,GCA_022707605.1,JAKJAH010000001.1,sucD,98,7.209e-23,0.3
FW_AS_rep_2,GCA_022707605.1,JAKJAH010000003.1,pfor,183,1.38e-51,0.333
FW_AS_rep_2,GCA_022707605.1,JAKJAH010000001.1,crt,258,1.003e-79,0.574
FW_AS_rep_2,GCA_022707605.1,JAKJAH010000007.1,acylglycerol_lipase,76,3.105e-17,0.312
FW_AS_rep_2,GCA_022707605.1,JAKJAH010000012.1,fadA,291,1.486e-87,0.469
FW_AS_rep_2,GCA_022707605.1,JAKJAH010000004.1,adhE,382,1.797e-118,0.478
FW_AS_rep_2,GCA_022707605.1,JAKJAH010000050.1,fumB,94,2.361e-22,0.358
FW_AS_rep_2,GCA_022707605.1,JAKJAH010000002.1,pepA,461,1.522e-145,0.552
FW_AS_rep_2,GCA_022707605.1,JAKJAH010000008.1,frhG,40,6.881e-6,0.307
FW_AS_rep_2,GCA_022707605.1,JAKJAH010000013.1,etfB,176,8.105e-51,0.437
FW_AS_rep_2,GCA_022707605.1,JAKJAH010000044.1,pfkA,235,1.297e-69,0.424
FW_AS_rep_2,GCA_022707605.1,JAKJAH010000012.1,mmcE,734,1.572e-238,0.666
FW_AS_rep_2,GCA_022707605.1,JAKJAH010000024.1,mvhG,315,7.364e-98,0.492
FW_AS_rep_2,GCA_022707605.1,JAKJAH010000013.1,frhB,59,3.05e-11,0.414
FW_AS_rep_2,GCA_022707605.1,JAKJAH010000023.1,agl,150,2.307e-39,0.314
FW_AS_rep_2,GCA_022707605.1,JAKJAH010000005.1,fdhA,588,1.584e-188,0.561
FW_AS_rep_2,GCA_022707605.1,JAKJAH010000002.1,oppA,372,2.059e-113,0.427
FW_AS_rep_2,GCA_022707605.1,JAKJAH010000006.1,cazy_GH13,199,3.281e-55,0.384
FW_AS_rep_2,GCA_022707605.1,JAKJAH010000019.1,dppA,160,4.02e-42,0.278
FW_AS_rep_2,GCA_022707605.1,JAKJAH010000032.1,fadE,222,3.157e-63,0.416
FW_AS_rep_2,GCA_022707605.1,JAKJAH010000013.1,thl,319,2.557e-97,0.493
FW_AS_rep_2,GCA_044224235.1,JBGAKV010000028.1,hbd,312,1.232e-97,0.545
FW_AS_rep_2,GCA_044224235.1,JBGAKV010000029.1,bcd,368,2.744e-115,0.498
FW_AS_rep_2,GCA_044224235.1,JBGAKV010000078.1,fadD,120,8.413e-30,0.264
FW_AS_rep_2,GCA_044224235.1,JBGAKV010000051.1,pepA,312,1.962e-94,0.471
FW_AS_rep_2,GCA_044224235.1,JBGAKV010000049.1,dppC,189,6.651e-54,0.447
FW_AS_rep_2,GCA_044224235.1,JBGAKV010000008.1,adh,52,1.295e-9,0.3
FW_AS_rep_2,GCA_044224235.1,JBGAKV010000002.1,pyk,370,6.597e-114,0.441
FW_AS_rep_2,GCA_044224235.1,JBGAKV010000028.1,sucD,101,1.366e-24,0.452
FW_AS_rep_2,GCA_044224235.1,JBGAKV010000089.1,gdh,89,1.927e-20,0.259
FW_AS_rep_2,GCA_044224235.1,JBGAKV010000021.1,gdh,450,7.118e-143,0.539
FW_AS_rep_2,GCA_044224235.1,JBGAKV010000050.1,cat,267,1.311e-83,0.625
FW_AS_rep_2,GCA_044224235.1,JBGAKV010000011.1,susC,66,3.589e-13,0.354
FW_AS_rep_2,GCA_044224235.1,JBGAKV010000015.1,extracellular_protease,59,5.847e-11,0.32
FW_AS_rep_2,GCA_044224235.1,JBGAKV010000049.1,oppB,198,7.592e-57,0.461
FW_AS_rep_2,GCA_044224235.1,JBGAKV010000008.1,dppC,102,1.223e-24,0.288
FW_AS_rep_2,GCA_044224235.1,JBGAKV010000013.1,fadE,235,5.367e-67,0.375
FW_AS_rep_2,GCA_044224235.1,JBGAKV010000079.1,frhB,42,1.187e-6,0.288
FW_AS_rep_2,GCA_044224235.1,JBGAKV010000013.1,bcd,276,5.045e-81,0.386
FW_AS_rep_2,GCA_044224235.1,JBGAKV010000063.1,frhG,44,2.994e-7,0.252
FW_AS_rep_2,GCA_044224235.1,JBGAKV010000005.1,pepO,662,8.438e-212,0.494
FW_AS_rep_2,GCA_044224235.1,JBGAKV010000006.1,lctB,230,2.619e-69,0.447
FW_AS_rep_2,GCA_044224235.1,JBGAKV010000063.1,hydA,66,1.044e-13,0.252
FW_AS_rep_2,GCA_044224235.1,JBGAKV010000010.1,gapA,200,1.498e-56,0.387
FW_AS_rep_2,GCA_044224235.1,JBGAKV010000013.1,fadD,341,7.028e-103,0.406
FW_AS_rep_2,GCA_044224235.1,JBGAKV010000029.1,fadE,258,2.122e-77,0.415
FW_AS_rep_2,GCA_044224235.1,JBGAKV010000010.1,dtpT,425,2.459e-132,0.458
FW_AS_rep_2,GCA_044224235.1,JBGAKV010000063.1,mvhG,40,5.658e-6,0.5
FW_AS_rep_2,GCA_044224235.1,JBGAKV010000018.1,adh,61,3.175e-12,0.252
FW_AS_rep_2,GCA_044224235.1,JBGAKV010000001.1,thl,423,2.924e-134,0.593
FW_AS_rep_2,GCA_044224235.1,JBGAKV010000009.1,etfA,195,6.169e-57,0.425
FW_AS_rep_2,GCA_044224235.1,JBGAKV010000008.1,dppB,125,1.405e-32,0.282
FW_AS_rep_2,GCA_044224235.1,JBGAKV010000007.1,gdh,460,7.33e-145,0.51
FW_AS_rep_2,GCA_044224235.1,JBGAKV010000028.1,fadB,195,2.412e-57,0.407
FW_AS_rep_2,GCA_044224235.1,JBGAKV010000002.1,fadB,135,1.086e-35,0.387
FW_AS_rep_2,GCA_044224235.1,JBGAKV010000034.1,fwdA,50,1.704e-8,0.305
FW_AS_rep_2,GCA_044224235.1,JBGAKV010000009.1,hbd,273,1.97e-82,0.435
FW_AS_rep_2,GCA_044224235.1,JBGAKV010000009.1,etfB,144,3.792e-40,0.35
FW_AS_rep_2,GCA_044224235.1,JBGAKV010000013.1,fhs,580,1.881e-185,0.544
FW_AS_rep_2,GCA_044224235.1,JBGAKV010000008.1,oppA,122,1.579e-30,0.261
FW_AS_rep_2,GCA_044224235.1,JBGAKV010000007.1,bcd,243,4.338e-72,0.371
FW_AS_rep_2,GCA_044224235.1,JBGAKV010000002.1,crt,222,4.195e-65,0.463
FW_AS_rep_2,GCA_044224235.1,JBGAKV010000060.1,pepN,145,1.044e-37,0.27
FW_AS_rep_2,GCA_044224235.1,JBGAKV010000045.1,fdhA,203,2.876e-55,0.276
FW_AS_rep_2,GCA_044224235.1,JBGAKV010000028.1,susC,383,7.589e-112,0.294
FW_AS_rep_2,GCA_044224235.1,JBGAKV010000033.1,susC,53,3.894e-9,0.277
FW_AS_rep_2,GCA_044224235.1,JBGAKV010000009.1,fadA,328,2.813e-100,0.48
FW_AS_rep_2,GCA_044224235.1,JBGAKV010000015.1,mmcE,304,8.755e-86,0.377
FW_AS_rep_2,GCA_044224235.1,JBGAKV010000013.1,fadA,346,2.322e-107,0.494
FW_AS_rep_2,GCA_044224235.1,JBGAKV010000078.1,aldh,54,1.414e-9,0.256
FW_AS_rep_2,GCA_044224235.1,JBGAKV010000068.1,fadB,90,5.195e-22,0.305
FW_AS_rep_2,GCA_044224235.1,JBGAKV010000062.1,extracellular_protease,53,4.776e-9,0.329
FW_AS_rep_2,GCA_044224235.1,JBGAKV010000035.1,mdh,282,3.7e-87,0.487
FW_AS_rep_2,GCA_044224235.1,JBGAKV010000013.1,hbd,137,9.6e-35,0.268
FW_AS_rep_2,GCA_044224235.1,JBGAKV010000021.1,dtpT,313,8.565e-94,0.383
FW_AS_rep_2,GCA_044224235.1,JBGAKV010000057.1,gdh,115,1.537e-29,0.303
FW_AS_rep_2,GCA_044224235.1,JBGAKV010000030.1,gdh,65,3.819e-13,0.545
FW_AS_rep_2,GCA_044224235.1,JBGAKV010000052.1,pepN,149,2.155e-39,0.379
FW_AS_rep_2,GCA_044224235.1,JBGAKV010000002.1,pepQ,160,5.168e-43,0.331
FW_AS_rep_2,GCA_044224235.1,JBGAKV010000013.1,acs,50,1.921e-8,0.255
FW_AS_rep_2,GCA_044224235.1,JBGAKV010000034.1,mvhG,47,1.766e-8,0.318
FW_AS_rep_2,GCA_044224235.1,JBGAKV010000018.1,sucD,338,5.997e-106,0.583
FW_AS_rep_2,GCA_044224235.1,JBGAKV010000001.1,pepQ,167,1.186e-45,0.343
FW_AS_rep_2,GCA_044224235.1,JBGAKV010000008.1,dppA,77,1.619e-16,0.223
FW_AS_rep_2,GCA_044224235.1,JBGAKV010000019.1,mmcG,112,7.551e-31,0.438
FW_AS_rep_2,GCA_044224235.1,JBGAKV010000036.1,oppB,175,1.492e-49,0.345
FW_AS_rep_2,GCA_044224235.1,JBGAKV010000016.1,acylglycerol_lipase,54,3.678e-10,0.302
FW_AS_rep_2,GCA_044224235.1,JBGAKV010000051.1,pepN,218,5.095e-61,0.335
FW_AS_rep_2,GCA_044224235.1,JBGAKV010000007.1,fadE,196,4.221e-56,0.362
FW_AS_rep_2,GCA_044224235.1,JBGAKV010000009.1,fadB,181,4.075e-51,0.328
FW_AS_rep_2,GCA_044224235.1,JBGAKV010000002.1,etfA,173,1.25e-48,0.436
FW_AS_rep_2,GCA_044224235.1,JBGAKV010000001.1,susC,81,1.604e-17,0.229
FW_AS_rep_2,GCA_044224235.1,JBGAKV010000091.1,extracellular_protease,88,7.12e-20,0.297
FW_AS_rep_2,GCA_044224235.1,JBGAKV010000079.1,frhG,41,1.594e-6,0.328
FW_AS_rep_2,GCA_044224235.1,JBGAKV010000080.1,pfkA,256,2.001e-77,0.436
FW_AS_rep_2,GCA_044224235.1,JBGAKV010000013.1,thl,276,1.748e-83,0.411
FW_AS_rep_2,GCA_044224235.1,JBGAKV010000017.1,pta,179,6.117e-48,0.334
FW_AS_rep_2,GCA_044224235.1,JBGAKV010000013.1,susC,63,5.044e-12,0.271
FW_AS_rep_2,GCA_044224235.1,JBGAKV010000007.1,pepN,117,1.022e-28,0.3
FW_AS_rep_2,GCA_044224235.1,JBGAKV010000001.1,pepO,583,4.086e-184,0.465
FW_AS_rep_2,GCA_044224235.1,JBGAKV010000077.1,endopeptidase,51,2.315e-9,0.317
FW_AS_rep_2,GCA_044224235.1,JBGAKV010000018.1,susC,58,1.737e-10,0.273
FW_AS_rep_2,GCA_044224235.1,JBGAKV010000079.1,hydA,68,2.723e-14,0.252
FW_AS_rep_2,GCA_044224235.1,JBGAKV010000002.1,lctC,390,1.121e-121,0.449
FW_AS_rep_2,GCA_044224235.1,JBGAKV010000013.1,fadB,128,7.705e-32,0.303
FW_AS_rep_2,GCA_044224235.1,JBGAKV010000021.1,lctD,85,5.047e-21,0.322
FW_AS_rep_2,GCA_044224235.1,JBGAKV010000021.1,lctC,49,4.612e-9,0.257
FW_AS_rep_2,GCA_044224235.1,JBGAKV010000006.1,gapA,304,4.824e-94,0.483
FW_AS_rep_2,GCA_044224235.1,JBGAKV010000001.1,fadA,263,3.343e-79,0.419
FW_AS_rep_2,GCA_044224235.1,JBGAKV010000078.1,acs,741,1.468e-239,0.57
FW_AS_rep_2,GCA_044224235.1,JBGAKV010000036.1,dppB,207,2.665e-60,0.392
FW_AS_rep_2,GCA_044224235.1,JBGAKV010000002.1,endopeptidase,46,2.337e-7,0.311
FW_AS_rep_2,GCA_044224235.1,JBGAKV010000047.1,dtpT,319,1.073e-96,0.408
FW_AS_rep_2,GCA_044224235.1,JBGAKV010000092.1,extracellular_protease,130,1.536e-32,0.35
FW_AS_rep_2,GCA_044224235.1,JBGAKV010000068.1,crt,176,2.955e-51,0.395
FW_AS_rep_2,GCA_044224235.1,JBGAKV010000028.1,sucC,367,1.383e-114,0.489
FW_AS_rep_2,GCA_044224235.1,JBGAKV010000001.1,oppA,208,1.873e-58,0.294
FW_AS_rep_2,GCA_044224235.1,JBGAKV010000097.1,fadE,284,1.152e-86,0.43
FW_AS_rep_2,GCA_044224235.1,JBGAKV010000097.1,bcd,396,3.556e-125,0.539
FW_AS_rep_2,GCA_044224235.1,JBGAKV010000018.1,folD,287,1.617e-88,0.541
FW_AS_rep_2,GCA_044224235.1,JBGAKV010000009.1,thl,313,3.903e-95,0.458
FW_AS_rep_2,GCA_044224235.1,JBGAKV010000002.1,mmcF,172,3.121e-52,0.597
FW_AS_rep_2,GCA_044224235.1,JBGAKV010000001.1,dppA,184,9.311e-51,0.264
FW_AS_rep_2,GCA_044224235.1,JBGAKV010000008.1,oppB,117,5.486e-30,0.276
FW_AS_rep_2,GCA_044224235.1,JBGAKV010000061.1,extracellular_protease,50,1.746e-7,0.38
FW_AS_rep_2,GCA_963748985.1,CAVVKQ010000010.1,dppB,290,9.149e-90,0.508
FW_AS_rep_2,GCA_963748985.1,CAVVKQ010000004.1,pepO,768,1.58e-246,0.559
FW_AS_rep_2,GCA_963748985.1,CAVVKQ010000015.1,glcP,191,6.304e-54,0.346
FW_AS_rep_2,GCA_963748985.1,CAVVKQ010000026.1,pepD,51,6.129e-9,0.26
FW_AS_rep_2,GCA_963748985.1,CAVVKQ010000001.1,mmcE,341,2.044e-103,0.385
FW_AS_rep_2,GCA_963748985.1,CAVVKQ010000019.1,mvhG,128,1.115e-35,0.425
FW_AS_rep_2,GCA_963748985.1,CAVVKQ010000010.1,crt,118,5.255e-29,0.396
FW_AS_rep_2,GCA_963748985.1,CAVVKQ010000001.1,pyk,140,6.147e-36,0.42
FW_AS_rep_2,GCA_963748985.1,CAVVKQ010000010.1,fadB,374,8.227e-112,0.363
FW_AS_rep_2,GCA_963748985.1,CAVVKQ010000023.1,pfor,42,8.324e-6,0.329
FW_AS_rep_2,GCA_963748985.1,CAVVKQ010000013.1,fadD,74,1.037e-15,0.252
FW_AS_rep_2,GCA_963748985.1,CAVVKQ010000010.1,frhG,47,1.39e-8,0.333
FW_AS_rep_2,GCA_963748985.1,CAVVKQ010000013.1,thl,374,1.036e-116,0.563
FW_AS_rep_2,GCA_963748985.1,CAVVKQ010000013.1,bcd,107,1.323e-25,0.268
FW_AS_rep_2,GCA_963748985.1,CAVVKQ010000002.1,pepD,51,6.129e-9,0.264
FW_AS_rep_2,GCA_963748985.1,CAVVKQ010000027.1,pepA,282,2.331e-84,0.425
FW_AS_rep_2,GCA_963748985.1,CAVVKQ010000003.1,sucD,397,3.628e-126,0.67
FW_AS_rep_2,GCA_963748985.1,CAVVKQ010000008.1,thl,214,6.394e-62,0.376
FW_AS_rep_2,GCA_963748985.1,CAVVKQ010000019.1,hydA,71,3.572e-15,0.241
FW_AS_rep_2,GCA_963748985.1,CAVVKQ010000002.1,bcd,258,2.025e-73,0.403
FW_AS_rep_2,GCA_963748985.1,CAVVKQ010000001.1,mvhD,49,8.119e-8,0.282
FW_AS_rep_2,GCA_963748985.1,CAVVKQ010000001.1,fadE,335,6.089e-104,0.454
FW_AS_rep_2,GCA_963748985.1,CAVVKQ010000019.1,fdhA,48,4.906e-8,0.433
FW_AS_rep_2,GCA_963748985.1,CAVVKQ010000001.1,fadD,218,1.665e-61,0.332
FW_AS_rep_2,GCA_963748985.1,CAVVKQ010000001.1,lysophospholipase,78,6.171e-18,0.285
FW_AS_rep_2,GCA_963748985.1,CAVVKQ010000013.1,fadE,134,6.929e-34,0.32
FW_AS_rep_2,GCA_963748985.1,CAVVKQ010000020.1,bcd,242,6.219e-72,0.374
FW_AS_rep_2,GCA_963748985.1,CAVVKQ010000003.1,hbd,215,1.982e-59,0.435
FW_AS_rep_2,GCA_963748985.1,CAVVKQ010000021.1,etfA,73,6.109e-16,0.404
FW_AS_rep_2,GCA_963748985.1,CAVVKQ010000010.1,dppC,241,5.095e-73,0.459
FW_AS_rep_2,GCA_963748985.1,CAVVKQ010000016.1,sucD,396,9.474e-126,0.666
FW_AS_rep_2,GCA_963748985.1,CAVVKQ010000012.1,mvhA,109,2.305e-26,0.231
FW_AS_rep_2,GCA_963748985.1,CAVVKQ010000012.1,adhE,198,8.382e-57,0.39
FW_AS_rep_2,GCA_963748985.1,CAVVKQ010000012.1,frhG,47,9.4e-8,0.292
FW_AS_rep_2,GCA_963748985.1,CAVVKQ010000023.1,pepA,229,9.547e-66,0.367
FW_AS_rep_2,GCA_963748985.1,CAVVKQ010000016.1,sucC,366,7.558e-115,0.522
FW_AS_rep_2,GCA_963748985.1,CAVVKQ010000020.1,pyk,354,2.587e-108,0.436
FW_AS_rep_2,GCA_963748985.1,CAVVKQ010000012.1,hydA,93,1.134e-21,0.297
FW_AS_rep_2,GCA_963748985.1,CAVVKQ010000014.1,cazy_GH13,74,1.935e-15,0.269
FW_AS_rep_2,GCA_963748985.1,CAVVKQ010000002.1,rnfB,49,3.151e-8,0.409
FW_AS_rep_2,GCA_963748985.1,CAVVKQ010000001.1,frhG,42,8.886e-6,0.363
FW_AS_rep_2,GCA_963748985.1,CAVVKQ010000020.1,crt,121,1.322e-32,0.324
FW_AS_rep_2,GCA_963748985.1,CAVVKQ010000001.1,hbd,202,4.603e-55,0.409
FW_AS_rep_2,GCA_963748985.1,CAVVKQ010000007.1,oppA,375,1.677e-114,0.395
FW_AS_rep_2,GCA_963748985.1,CAVVKQ010000015.1,eda,193,4.436e-58,0.549
FW_AS_rep_2,GCA_963748985.1,CAVVKQ010000022.1,fadD,130,6.706e-33,0.281
FW_AS_rep_2,GCA_963748985.1,CAVVKQ010000012.1,pfor,66,9.514e-14,0.303
FW_AS_rep_2,GCA_963748985.1,CAVVKQ010000012.1,acs,168,1.419e-45,0.28
FW_AS_rep_2,GCA_963748985.1,CAVVKQ010000011.1,aldh,55,5.688e-10,0.241
FW_AS_rep_2,GCA_963748985.1,CAVVKQ010000012.1,bcd,233,5.65e-68,0.359
FW_AS_rep_2,GCA_963748985.1,CAVVKQ010000003.1,sucC,366,7.558e-115,0.525
FW_AS_rep_2,GCA_963748985.1,CAVVKQ010000011.1,fadE,93,1.763e-21,0.276
FW_AS_rep_2,GCA_963748985.1,CAVVKQ010000012.1,frhA,101,4.805e-24,0.229
FW_AS_rep_2,GCA_963748985.1,CAVVKQ010000020.1,gapA,444,1.387e-142,0.648
FW_AS_rep_2,GCA_963748985.1,CAVVKQ010000008.1,adhE,56,3.24e-10,0.231
FW_AS_rep_2,GCA_963748985.1,CAVVKQ010000003.1,fadB,442,1.76e-135,0.392
FW_AS_rep_2,GCA_963748985.1,CAVVKQ010000001.1,mmcF,96,1.264e-25,0.479
FW_AS_rep_2,GCA_963748985.1,CAVVKQ010000015.1,fadD,133,6.627e-35,0.456
FW_AS_rep_2,GCA_963748985.1,CAVVKQ010000024.1,fdhA,191,2.038e-51,0.254
FW_AS_rep_2,GCA_963748985.1,CAVVKQ010000015.1,acs,83,8.236e-19,0.279
FW_AS_rep_2,GCA_963748985.1,CAVVKQ010000001.1,tdcB,69,1.03e-14,0.27
FW_AS_rep_2,GCA_963748985.1,CAVVKQ010000010.1,acs,155,3.656e-41,0.3
FW_AS_rep_2,GCA_963748985.1,CAVVKQ010000019.1,frhA,141,4.734e-37,0.283
FW_AS_rep_2,GCA_963748985.1,CAVVKQ010000021.1,crt,125,4.869e-33,0.37
FW_AS_rep_2,GCA_963748985.1,CAVVKQ010000015.1,mdh,182,4.009e-52,0.43
FW_AS_rep_2,GCA_963748985.1,CAVVKQ010000013.1,acs,262,2.507e-75,0.305
FW_AS_rep_2,GCA_963748985.1,CAVVKQ010000022.1,bcd,145,1.265e-37,0.327
FW_AS_rep_2,GCA_963748985.1,CAVVKQ010000001.1,etfA,138,3.796e-38,0.426
FW_AS_rep_2,GCA_963748985.1,CAVVKQ010000015.1,pfkA,46,1.554e-7,0.271
FW_AS_rep_2,GCA_963748985.1,CAVVKQ010000008.1,fadA,218,5.45e-63,0.374
FW_AS_rep_2,GCA_963748985.1,CAVVKQ010000012.1,fdhA,46,2.493e-7,0.305
FW_AS_rep_2,GCA_963748985.1,CAVVKQ010000015.1,edd,794,2.498e-258,0.671
FW_AS_rep_2,GCA_963748985.1,CAVVKQ010000011.1,pta,235,8.524e-67,0.494
FW_AS_rep_2,GCA_963748985.1,CAVVKQ010000005.1,pgi,559,2.311e-178,0.549
FW_AS_rep_2,GCA_963748985.1,CAVVKQ010000021.1,fadB,82,5.542e-19,0.381
FW_AS_rep_2,GCA_963748985.1,CAVVKQ010000014.1,agl,76,1.372e-16,0.239
FW_AS_rep_2,GCA_963748985.1,CAVVKQ010000010.1,etfA,105,5.103e-25,0.413
FW_AS_rep_2,GCA_963748985.1,CAVVKQ010000013.1,adh,58,1.971e-11,0.293
FW_AS_rep_2,GCA_963748985.1,CAVVKQ010000007.1,dppA,290,1.226e-85,0.332
FW_AS_rep_2,GCA_963748985.1,CAVVKQ010000023.1,rnfB,182,1.19e-51,0.592
FW_AS_rep_2,GCA_963748985.1,CAVVKQ010000023.1,frhB,49,1.694e-8,0.367
FW_AS_rep_2,GCA_963748985.1,CAVVKQ010000020.1,fadB,87,1.041e-19,0.302
FW_AS_rep_2,GCA_963748985.1,CAVVKQ010000026.1,crt,50,5.049e-9,0.417
FW_AS_rep_2,GCA_963748985.1,CAVVKQ010000001.1,dtpT,322,1.133e-97,0.419
FW_AS_rep_2,GCA_963748985.1,CAVVKQ010000001.1,acylglycerol_lipase,226,2.468e-68,0.442
FW_AS_rep_2,GCA_963748985.1,CAVVKQ010000020.1,fadE,264,1.661e-79,0.456
FW_AS_rep_2,GCA_963748985.1,CAVVKQ010000001.1,fadB,856,3.329e-277,0.605
FW_AS_rep_2,GCA_963748985.1,CAVVKQ010000011.1,pepQ,169,2.659e-46,0.327
FW_AS_rep_2,GCA_963748985.1,CAVVKQ010000020.1,hbd,119,5.644e-30,0.367
FW_AS_rep_2,GCA_963748985.1,CAVVKQ010000001.1,fadA,353,1.867e-108,0.524
FW_AS_rep_2,GCA_963748985.1,CAVVKQ010000003.1,acs,110,1.147e-26,0.261
FW_AS_rep_2,GCA_963748985.1,CAVVKQ010000024.1,frhG,42,3.604e-6,0.258
FW_AS_rep_2,GCA_963748985.1,CAVVKQ010000002.1,etfA,101,5.561e-25,0.33
FW_AS_rep_2,GCA_963748985.1,CAVVKQ010000012.1,fadD,204,1.842e-57,0.318
FW_AS_rep_2,GCA_963748985.1,CAVVKQ010000015.1,cazy_GH13,136,6.672e-35,0.335
FW_AS_rep_2,GCA_963748985.1,CAVVKQ010000011.1,fumB,258,9.886e-76,0.373
FW_AS_rep_2,GCA_963748985.1,CAVVKQ010000013.1,mmcE,298,9.172e-84,0.363
FW_AS_rep_2,GCA_963748985.1,CAVVKQ010000013.1,gdh,1536,0.0,0.527
FW_AS_rep_2,GCA_963748985.1,CAVVKQ010000002.1,frhB,42,3.59e-6,0.423
FW_AS_rep_2,GCA_963748985.1,CAVVKQ010000026.1,fadE,175,4.309e-49,0.336
FW_AS_rep_2,GCA_963748985.1,CAVVKQ010000004.1,acs,834,1.439e-270,0.617
FW_AS_rep_2,GCA_963748985.1,CAVVKQ010000002.1,fadE,252,2.409e-71,0.457
FW_AS_rep_2,GCA_963748985.1,CAVVKQ010000003.1,fadD,198,1.342e-54,0.336
FW_AS_rep_2,GCA_963748985.1,CAVVKQ010000026.1,extracellular_protease,69,9.615e-14,0.321
FW_AS_rep_2,GCA_963748985.1,CAVVKQ010000005.1,pepQ,55,1.26e-10,0.268
FW_AS_rep_2,GCA_963748985.1,CAVVKQ010000012.1,fadE,385,3.656e-120,0.524
FW_AS_rep_2,GCA_963748985.1,CAVVKQ010000006.1,rnfB,46,1.025e-7,0.367
FW_AS_rep_2,GCA_963748985.1,CAVVKQ010000024.1,hydA,84,1.564e-18,0.286
FW_AS_rep_2,GCA_963748985.1,CAVVKQ010000003.1,thl,234,5.118e-69,0.431
FW_AS_rep_2,GCA_963748985.1,CAVVKQ010000023.1,cdhC,41,6.113e-6,0.446
FW_AS_rep_2,GCA_963748985.1,CAVVKQ010000002.1,hydA,45,6.753e-7,0.364
FW_AS_rep_2,GCA_963748985.1,CAVVKQ010000019.1,frhG,88,8.64e-22,0.327
FW_AS_rep_2,GCA_963748985.1,CAVVKQ010000011.1,ilvE,82,7.717e-19,0.311
FW_AS_rep_2,GCA_963748985.1,CAVVKQ010000013.1,fadA,327,1.734e-99,0.508
FW_AS_rep_2,GCA_963748985.1,CAVVKQ010000015.1,fadE,112,4.262e-27,0.294
FW_AS_rep_2,GCA_963748985.1,CAVVKQ010000001.1,bcd,235,1.712e-69,0.364
FW_AS_rep_2,GCA_963748985.1,CAVVKQ010000001.1,crt,163,6.165e-47,0.409
FW_AS_rep_2,GCA_963748985.1,CAVVKQ010000026.1,tdcB,78,6.072e-17,0.314
FW_AS_rep_2,GCA_963748985.1,CAVVKQ010000004.1,fadD,136,1.123e-34,0.284
FW_AS_rep_2,GCA_963748985.1,CAVVKQ010000015.1,bcd,135,4.29e-34,0.305
FW_AS_rep_2,GCA_963748985.1,CAVVKQ010000003.1,fadA,276,1.798e-83,0.47
FW_AS_rep_2,GCA_963748985.1,CAVVKQ010000010.1,hbd,191,1.045e-51,0.429
FW_AS_rep_2,GCA_963748985.1,CAVVKQ010000008.1,dtpT,47,3.918e-7,0.294
FW_AS_rep_2,GCA_963748985.1,CAVVKQ010000011.1,adhE,54,1.311e-9,0.247
FW_AS_rep_2,GCA_963748985.1,CAVVKQ010000003.1,crt,171,1.577e-49,0.411
FW_AS_rep_2,GCA_963748985.1,CAVVKQ010000026.1,bcd,212,1.586e-61,0.343
FW_AS_rep_2,GCA_963748985.1,CAVVKQ010000027.1,edd,220,2.195e-62,0.335
FW_AS_rep_2,GCA_963748985.1,CAVVKQ010000010.1,fadD,224,1.03e-63,0.333
FW_AS_rep_2,GCA_963748985.1,CAVVKQ010000015.1,agl,105,3.265e-25,0.272
FW_AS_rep_2,GCA_963748985.1,CAVVKQ010000010.1,oppB,309,2.609e-96,0.545
FW_AS_rep_2,GCA_963748985.1,CAVVKQ010000019.1,mvhA,420,2.64e-131,0.431
FW_AS_rep_2,GCA_963748985.1,CAVVKQ010000002.1,fadB,97,8.136e-24,0.314
FW_AS_rep_2,GCA_963748985.1,CAVVKQ010000020.1,pfkA,61,8.97e-12,0.25
FW_AS_rep_2,GCA_963748985.1,CAVVKQ010000012.1,frhB,41,2.028e-6,0.295
FW_AS_rep_2,GCA_963748985.1,CAVVKQ010000025.1,dtpT,421,2.006e-131,0.483
FW_AS_rep_2,GCA_963748985.1,CAVVKQ010000002.1,crt,156,2.458e-43,0.379
FW_AS_rep_2,GCA_963748985.1,CAVVKQ010000022.1,mer,55,4.261e-10,0.245
FW_AS_rep_2,GCA_963748985.1,CAVVKQ010000020.1,etfA,64,2.259e-13,0.271
FW_AS_rep_2,GCA_963748985.1,CAVVKQ010000003.1,etfA,82,1.738e-19,0.285
FW_AS_rep_2,GCA_963748985.1,CAVVKQ010000022.1,fadE,236,1.597e-67,0.419
FW_AS_rep_2,GCA_963748985.1,CAVVKQ010000001.1,lctB,66,1.144e-12,0.254
FW_AS_rep_2,GCA_963748985.1,CAVVKQ010000022.1,acs,130,3.788e-33,0.267
FW_AS_rep_2,GCA_963748985.1,CAVVKQ010000001.1,thl,269,1.307e-79,0.443
FW_AS_rep_2,GCA_963748985.1,CAVVKQ010000001.1,acs,156,3.138e-41,0.295
FW_AS_rep_2,GCA_963748985.1,CAVVKQ010000001.1,adhE,128,2.122e-33,0.277
FW_AS_rep_2,GCA_937898325.1,CALDKN010000116.1,cazy_GH43,156,7.835e-42,0.375
FW_AS_rep_2,GCA_937898325.1,CALDKN010000039.1,dppA,59,4.669e-11,0.218
FW_AS_rep_2,GCA_937898325.1,CALDKN010000208.1,dppA,74,3.698e-16,0.255
FW_AS_rep_2,GCA_937898325.1,CALDKN010000012.1,oppB,53,4.263e-12,0.433
FW_AS_rep_2,GCA_937898325.1,CALDKN010000114.1,pfor,42,2.286e-6,0.27
FW_AS_rep_2,GCA_937898325.1,CALDKN010000089.1,dppC,172,6.515e-49,0.396
FW_AS_rep_2,GCA_937898325.1,CALDKN010000114.1,xylB,124,1.647e-31,0.263
FW_AS_rep_2,GCA_937898325.1,CALDKN010000029.1,bgl,381,1.046e-118,0.452
FW_AS_rep_2,GCA_937898325.1,CALDKN010000002.1,dppC,262,4.645e-80,0.494
FW_AS_rep_2,GCA_937898325.1,CALDKN010000117.1,cazy_GH43,116,7.271e-29,0.32
FW_AS_rep_2,GCA_937898325.1,CALDKN010000244.1,frhG,49,3.811e-8,0.5
FW_AS_rep_2,GCA_937898325.1,CALDKN010000212.1,dppA,181,5.797e-50,0.277
FW_AS_rep_2,GCA_937898325.1,CALDKN010000089.1,oppA,93,2.608e-21,0.245
FW_AS_rep_2,GCA_937898325.1,CALDKN010000212.1,dppB,198,1.219e-57,0.377
FW_AS_rep_2,GCA_937898325.1,CALDKN010000040.1,pepQ,195,3.739e-56,0.367
FW_AS_rep_2,GCA_937898325.1,CALDKN010000081.1,adh,81,3.64e-19,0.308
FW_AS_rep_2,GCA_937898325.1,CALDKN010000212.1,oppA,219,6.733e-63,0.323
FW_AS_rep_2,GCA_937898325.1,CALDKN010000178.1,agl,213,1.201e-60,0.357
FW_AS_rep_2,GCA_937898325.1,CALDKN010000219.1,pfkA,70,6.132e-15,0.382
FW_AS_rep_2,GCA_937898325.1,CALDKN010000073.1,cazy_GH13,207,6.231e-58,0.411
FW_AS_rep_2,GCA_937898325.1,CALDKN010000072.1,dppC,94,2.301e-22,0.319
FW_AS_rep_2,GCA_937898325.1,CALDKN010000130.1,dppC,90,1.801e-21,0.27
FW_AS_rep_2,GCA_937898325.1,CALDKN010000175.1,oppB,191,1.413e-56,0.468
FW_AS_rep_2,GCA_937898325.1,CALDKN010000212.1,dppC,195,8.667e-58,0.443
FW_AS_rep_2,GCA_937898325.1,CALDKN010000155.1,fadB,187,1.027e-54,0.41
FW_AS_rep_2,GCA_937898325.1,CALDKN010000107.1,pgi,49,6.591e-10,0.317
FW_AS_rep_2,GCA_937898325.1,CALDKN010000008.1,dppB,214,3.826e-63,0.37
FW_AS_rep_2,GCA_937898325.1,CALDKN010000202.1,fdhA,598,3.771e-192,0.563
FW_AS_rep_2,GCA_937898325.1,CALDKN010000015.1,frhG,46,2.409e-7,0.418
FW_AS_rep_2,GCA_937898325.1,CALDKN010000062.1,xylF,245,3.919e-73,0.443
FW_AS_rep_2,GCA_937898325.1,CALDKN010000015.1,endopeptidase,355,1.732e-110,0.553
FW_AS_rep_2,GCA_937898325.1,CALDKN010000155.1,fadA,319,1.659e-97,0.475
FW_AS_rep_2,GCA_937898325.1,CALDKN010000029.1,xylB,63,2.795e-12,0.244
FW_AS_rep_2,GCA_937898325.1,CALDKN010000175.1,dppA,72,2.931e-15,0.271
FW_AS_rep_2,GCA_937898325.1,CALDKN010000029.1,gapA,374,1.588e-118,0.571
FW_AS_rep_2,GCA_937898325.1,CALDKN010000014.1,dppC,295,1.011e-91,0.51
FW_AS_rep_2,GCA_937898325.1,CALDKN010000002.1,dppB,250,9.452e-76,0.401
FW_AS_rep_2,GCA_937898325.1,CALDKN010000073.1,gdh,58,4.153e-11,0.472
FW_AS_rep_2,GCA_937898325.1,CALDKN010000031.1,dppA,116,8.166e-29,0.258
FW_AS_rep_2,GCA_937898325.1,CALDKN010000155.1,hbd,323,1.023e-101,0.599
FW_AS_rep_2,GCA_937898325.1,CALDKN010000231.1,crt,48,2.847e-8,0.392
FW_AS_rep_2,GCA_937898325.1,CALDKN010000164.1,folD,391,3.171e-125,0.701
FW_AS_rep_2,GCA_937898325.1,CALDKN010000002.1,oppB,274,2.794e-84,0.512
FW_AS_rep_2,GCA_937898325.1,CALDKN010000116.1,oppB,213,1.011e-62,0.404
FW_AS_rep_2,GCA_937898325.1,CALDKN010000008.1,dppC,198,3.049e-57,0.345
FW_AS_rep_2,GCA_937898325.1,CALDKN010000016.1,xylB,145,5.311e-38,0.3
FW_AS_rep_2,GCA_937898325.1,CALDKN010000082.1,hydA,43,8.686e-8,0.312
FW_AS_rep_2,GCA_937898325.1,CALDKN010000237.1,dppC,80,4.462e-20,0.347
FW_AS_rep_2,GCA_937898325.1,CALDKN010000117.1,cazy_GH10,294,1.212e-83,0.486
FW_AS_rep_2,GCA_937898325.1,CALDKN010000040.1,fumB,125,1.273e-33,0.353
FW_AS_rep_2,GCA_937898325.1,CALDKN010000045.1,adh,56,8.344e-11,0.266
FW_AS_rep_2,GCA_937898325.1,CALDKN010000120.1,grdA,150,3.443e-45,0.728
FW_AS_rep_2,GCA_937898325.1,CALDKN010000155.1,cat,291,1.06e-91,0.663
FW_AS_rep_2,GCA_937898325.1,CALDKN010000031.1,oppA,93,1.434e-21,0.242
FW_AS_rep_2,GCA_937898325.1,CALDKN010000031.1,dppB,144,2.705e-39,0.281
FW_AS_rep_2,GCA_937898325.1,CALDKN010000231.1,susC,43,3.559e-6,0.287
FW_AS_rep_2,GCA_937898325.1,CALDKN010000008.1,oppB,233,2.233e-69,0.388
FW_AS_rep_2,GCA_937898325.1,CALDKN010000002.1,oppA,165,4.839e-44,0.255
FW_AS_rep_2,GCA_937898325.1,CALDKN010000178.1,cazy_GH13,224,4.354e-64,0.442
FW_AS_rep_2,GCA_937898325.1,CALDKN010000159.1,xylF,156,7.867e-43,0.336
FW_AS_rep_2,GCA_937898325.1,CALDKN010000039.1,oppB,136,1.641e-36,0.291
FW_AS_rep_2,GCA_937898325.1,CALDKN010000039.1,oppA,78,7.581e-17,0.24
FW_AS_rep_2,GCA_937898325.1,CALDKN010000114.1,hydA,49,1.438e-8,0.345
FW_AS_rep_2,GCA_937898325.1,CALDKN010000212.1,pepD,76,1.187e-16,0.313
FW_AS_rep_2,GCA_937898325.1,CALDKN010000151.1,pfkA,81,1.072e-18,0.303
FW_AS_rep_2,GCA_937898325.1,CALDKN010000014.1,dppB,321,2.198e-100,0.521
FW_AS_rep_2,GCA_937898325.1,CALDKN010000089.1,dppA,80,1.936e-17,0.222
FW_AS_rep_2,GCA_937898325.1,CALDKN010000190.1,xylF,189,1.83e-54,0.358
FW_AS_rep_2,GCA_937898325.1,CALDKN010000082.1,ackA,94,1.22e-22,0.281
FW_AS_rep_2,GCA_937898325.1,CALDKN010000020.1,pfkA,156,6.72e-44,0.348
FW_AS_rep_2,GCA_937898325.1,CALDKN010000037.1,acylglycerol_lipase,44,1.44e-6,0.423
FW_AS_rep_2,GCA_937898325.1,CALDKN010000072.1,dppB,115,1.779e-29,0.308
FW_AS_rep_2,GCA_937898325.1,CALDKN010000027.1,fumB,118,1.389e-32,0.403
FW_AS_rep_2,GCA_937898325.1,CALDKN010000116.1,dppC,188,4.679e-55,0.358
FW_AS_rep_2,GCA_937898325.1,CALDKN010000114.1,frhB,48,3.351e-8,0.299
FW_AS_rep_2,GCA_937898325.1,CALDKN010000119.1,oppA,162,4.413e-43,0.258
FW_AS_rep_2,GCA_937898325.1,CALDKN010000219.1,pepT,53,8.115e-10,0.216
FW_AS_rep_2,GCA_937898325.1,CALDKN010000116.1,dppB,227,1.363e-67,0.415
FW_AS_rep_2,GCA_937898325.1,CALDKN010000120.1,pfor,1455,0.0,0.618
FW_AS_rep_2,GCA_937898325.1,CALDKN010000030.1,extracellular_protease,40,1.642e-6,0.333
FW_AS_rep_2,GCA_937898325.1,CALDKN010000012.1,dppC,65,2.184e-16,0.516
FW_AS_rep_2,GCA_937898325.1,CALDKN010000039.1,dppC,101,1.707e-25,0.336
FW_AS_rep_2,GCA_937898325.1,CALDKN010000114.1,rnfB,42,3.028e-6,0.346
FW_AS_rep_2,GCA_937898325.1,CALDKN010000072.1,pepT,151,1.004e-42,0.425
FW_AS_rep_2,GCA_937898325.1,CALDKN010000073.1,agl,245,7.817e-71,0.373
FW_AS_rep_2,GCA_937898325.1,CALDKN010000008.1,oppA,123,7.873e-31,0.254
FW_AS_rep_2,GCA_937898325.1,CALDKN010000125.1,lysophospholipase,61,1.156e-12,0.324
FW_AS_rep_2,GCA_937898325.1,CALDKN010000202.1,eda,172,1.214e-50,0.472
FW_AS_rep_2,GCA_937898325.1,CALDKN010000034.1,dppC,91,1.121e-23,0.402
FW_AS_rep_2,GCA_937898325.1,CALDKN010000212.1,pepT,269,6.944e-81,0.43
FW_AS_rep_2,GCA_937898325.1,CALDKN010000130.1,dppB,137,7.142e-37,0.307
FW_AS_rep_2,GCA_937898325.1,CALDKN010000119.1,dppC,258,8.426e-79,0.496
FW_AS_rep_2,GCA_937898325.1,CALDKN010000212.1,frhB,47,6.667e-8,0.441
FW_AS_rep_2,GCA_937898325.1,CALDKN010000181.1,pfor,1498,0.0,0.638
FW_AS_rep_2,GCA_937898325.1,CALDKN010000207.1,dppC,90,3.429e-24,0.392
FW_AS_rep_2,GCA_937898325.1,CALDKN010000095.1,pepT,84,3.041e-19,0.264
FW_AS_rep_2,GCA_937898325.1,CALDKN010000237.1,oppB,95,2.136e-25,0.424
FW_AS_rep_2,GCA_937898325.1,CALDKN010000119.1,dppA,217,6.04e-61,0.28
FW_AS_rep_2,GCA_937898325.1,CALDKN010000073.1,extracellular_protease,200,5.978e-55,0.413
FW_AS_rep_2,GCA_937898325.1,CALDKN010000073.1,acylglycerol_lipase,129,1.538e-34,0.328
FW_AS_rep_2,GCA_937898325.1,CALDKN010000212.1,frhG,44,3.701e-7,0.437
FW_AS_rep_2,GCA_937898325.1,CALDKN010000155.1,thl,427,7.07e-135,0.59
FW_AS_rep_2,GCA_937898325.1,CALDKN010000042.1,oppB,158,4.344e-44,0.326
FW_AS_rep_2,GCA_937898325.1,CALDKN010000011.1,extracellular_protease,154,8.584e-39,0.322
FW_AS_rep_2,GCA_937898325.1,CALDKN010000016.1,xylA,550,3.252e-177,0.604
FW_AS_rep_2,GCA_937898325.1,CALDKN010000068.1,extracellular_protease,57,1.138e-11,0.404
FW_AS_rep_2,GCA_937898325.1,CALDKN010000155.1,crt,178,5.681e-52,0.445
FW_AS_rep_2,GCA_937898325.1,CALDKN010000072.1,oppB,108,9.355e-27,0.351
FW_AS_rep_2,GCA_937898325.1,CALDKN010000089.1,dppB,169,8.766e-48,0.322
FW_AS_rep_2,GCA_937898325.1,CALDKN010000119.1,dppB,247,1.358e-74,0.391
FW_AS_rep_2,GCA_937898325.1,CALDKN010000014.1,oppB,258,1.403e-78,0.478
FW_AS_rep_2,GCA_937898325.1,CALDKN010000014.1,oppA,227,2.233e-65,0.334
FW_AS_rep_2,GCA_937898325.1,CALDKN010000120.1,grdB,590,3.683e-191,0.665
FW_AS_rep_2,GCA_937898325.1,CALDKN010000212.1,cdhC,41,4.8e-6,0.377
FW_AS_rep_2,GCA_937898325.1,CALDKN010000193.1,extracellular_protease,134,3.384e-34,0.363
FW_AS_rep_2,GCA_937898325.1,CALDKN010000164.1,fhs,736,1.97e-239,0.649
FW_AS_rep_2,GCA_937898325.1,CALDKN010000073.1,pfkA,127,2.626e-33,0.311
FW_AS_rep_2,GCA_937898325.1,CALDKN010000212.1,pyk,470,3.685e-149,0.539
FW_AS_rep_2,GCA_937898325.1,CALDKN010000034.1,oppB,149,5.131e-41,0.312
FW_AS_rep_2,GCA_937898325.1,CALDKN010000144.1,cazy_GH10,280,6.892e-85,0.462
FW_AS_rep_2,GCA_937898325.1,CALDKN010000208.1,oppA,63,1.091e-12,0.272
FW_AS_rep_2,GCA_937898325.1,CALDKN010000117.1,esterase,188,2.944e-52,0.308
FW_AS_rep_2,GCA_937898325.1,CALDKN010000008.1,dppA,145,6.155e-38,0.284
FW_AS_rep_2,GCA_937898325.1,CALDKN010000204.1,cazy_GH13,67,3.515e-13,0.245
FW_AS_rep_2,GCA_937898325.1,CALDKN010000137.1,cazy_GH13,180,7.84e-49,0.371
FW_AS_rep_2,GCA_937898325.1,CALDKN010000201.1,pepA,379,2.029e-117,0.488
FW_AS_rep_2,GCA_937898325.1,CALDKN010000089.1,oppB,198,1.293e-57,0.355
FW_AS_rep_2,GCA_937898325.1,CALDKN010000034.1,dppA,89,1.801e-20,0.243
FW_AS_rep_2,GCA_937898325.1,CALDKN010000187.1,oppA,121,6.127e-32,0.297
FW_AS_rep_2,GCA_937898325.1,CALDKN010000015.1,frhB,46,1.818e-7,0.382
FW_AS_rep_2,GCA_937898325.1,CALDKN010000212.1,oppB,209,3.692e-61,0.475
FW_AS_rep_2,GCA_937898325.1,CALDKN010000244.1,fdhA,63,2.567e-12,0.457
FW_AS_rep_2,GCA_937898325.1,CALDKN010000020.1,xylB,113,4.417e-28,0.243
FW_AS_rep_2,GCA_937898325.1,CALDKN010000116.1,dppA,132,2.03e-33,0.242
FW_AS_rep_2,GCA_937898325.1,CALDKN010000212.1,pfkA,263,5.177e-80,0.468
FW_AS_rep_2,GCA_937898325.1,CALDKN010000152.1,gdh,460,1.231e-146,0.567
FW_AS_rep_2,GCA_937898325.1,CALDKN010000039.1,dppB,135,4.09e-36,0.315
FW_AS_rep_2,GCA_937898325.1,CALDKN010000036.1,xylF,196,1.035e-56,0.37
FW_AS_rep_2,GCA_937898325.1,CALDKN010000081.1,acylglycerol_lipase,53,1.266e-9,0.256
FW_AS_rep_2,GCA_937898325.1,CALDKN010000042.1,dppA,80,1.958e-17,0.229
FW_AS_rep_2,GCA_937898325.1,CALDKN010000219.1,pgi,101,5.289e-24,0.297
FW_AS_rep_2,GCA_937898325.1,CALDKN010000184.1,cazy_GH13,49,3.457e-8,0.359
FW_AS_rep_2,GCA_937898325.1,CALDKN010000175.1,dppC,186,1.131e-54,0.434
FW_AS_rep_2,GCA_937898325.1,CALDKN010000120.1,prdA,93,7.488e-22,0.282
FW_AS_rep_2,GCA_937898325.1,CALDKN010000064.1,ilvE,338,1.621e-105,0.518
FW_AS_rep_2,GCA_937898325.1,CALDKN010000119.1,oppB,278,1.799e-85,0.505
FW_AS_rep_2,GCA_937898325.1,CALDKN010000202.1,hydA,137,5.817e-37,0.358
FW_AS_rep_2,GCA_937898325.1,CALDKN010000217.1,cazy_GH43,126,2.21e-32,0.334
FW_AS_rep_2,GCA_937898325.1,CALDKN010000031.1,dppC,134,3.128e-36,0.323
FW_AS_rep_2,GCA_937898325.1,CALDKN010000093.1,hbd,205,1.032e-60,0.4
FW_AS_rep_2,GCA_937898325.1,CALDKN010000155.1,etfA,162,2.074e-46,0.457
FW_AS_rep_2,GCA_937898325.1,CALDKN010000203.1,extracellular_protease,178,1.923e-49,0.364
FW_AS_rep_2,GCA_937898325.1,CALDKN010000093.1,ackA,432,1.883e-137,0.57
FW_AS_rep_2,GCA_937898325.1,CALDKN010000244.1,hydA,494,1.043e-155,0.455
FW_AS_rep_2,GCA_937898325.1,CALDKN010000082.1,rnfB,44,3.397e-8,0.343
FW_AS_rep_2,GCA_937898325.1,CALDKN010000187.1,dppA,119,1.535e-31,0.286
FW_AS_rep_2,GCA_937898325.1,CALDKN010000014.1,dppA,287,5.443e-86,0.361
FW_AS_rep_2,GCA_937898325.1,CALDKN010000082.1,pta,152,3.179e-42,0.38
FW_AS_rep_2,GCA_937898325.1,CALDKN010000212.1,rnfB,105,7.207e-27,0.367
FW_AS_rep_2,GCA_937898325.1,CALDKN010000031.1,oppB,156,1.433e-43,0.371
FW_AS_rep_2,GCA_937898325.1,CALDKN010000034.1,dppB,181,5.072e-52,0.354
FW_AS_rep_2,GCA_937898325.1,CALDKN010000207.1,oppB,83,5.412e-22,0.364
FW_AS_rep_2,GCA_937898325.1,CALDKN010000212.1,adhE,145,2.195e-39,0.322
FW_AS_rep_2,GCA_937898325.1,CALDKN010000230.1,acylglycerol_lipase,68,3.558e-14,0.317
FW_AS_rep_2,GCA_937898325.1,CALDKN010000042.1,dppB,137,6.792e-37,0.308
FW_AS_rep_2,GCA_937898325.1,CALDKN010000002.1,dppA,214,8.064e-60,0.287
FW_AS_rep_2,GCA_937898325.1,CALDKN010000036.1,pfkA,40,3.835e-6,0.392
FW_AS_rep_2,GCA_937898325.1,CALDKN010000137.1,agl,111,6.544e-27,0.282
FW_AS_rep_2,GCA_937898325.1,CALDKN010000026.1,endopeptidase,331,3.515e-98,0.608
FW_AS_rep_2,GCA_937898325.1,CALDKN010000081.1,fadA,92,1.299e-21,0.287
FW_AS_rep_2,GCA_937898325.1,CALDKN010000092.1,cazy_GH43,108,5.51e-27,0.347
FW_AS_rep_2,GCA_937898325.1,CALDKN010000232.1,extracellular_protease,54,5.998e-10,0.261
FW_AS_rep_2,GCA_937898325.1,CALDKN010000175.1,dppB,248,5.175e-75,0.443
FW_AS_rep_2,GCA_937898325.1,CALDKN010000216.1,ackA,80,2.707e-19,0.358
FW_AS_rep_2,GCA_937898325.1,CALDKN010000175.1,oppA,71,8.947e-15,0.28
FW_AS_rep_2,GCA_937898325.1,CALDKN010000130.1,oppB,132,3.761e-35,0.301
FW_AS_rep_2,GCA_937869105.1,CALMKZ010000020.1,etfA,141,1.539e-39,0.405
FW_AS_rep_2,GCA_937869105.1,CALMKZ010000084.1,fadD,235,3.61e-67,0.331
FW_AS_rep_2,GCA_937869105.1,CALMKZ010000051.1,fadB,201,4.064e-59,0.418
FW_AS_rep_2,GCA_937869105.1,CALMKZ010000020.1,ilvE,265,2.034e-80,0.403
FW_AS_rep_2,GCA_937869105.1,CALMKZ010000051.1,adhE,96,2.273e-23,0.281
FW_AS_rep_2,GCA_937869105.1,CALMKZ010000113.1,gapA,487,1.671e-157,0.695
FW_AS_rep_2,GCA_937869105.1,CALMKZ010000125.1,thl,291,1.257e-88,0.459
FW_AS_rep_2,GCA_937869105.1,CALMKZ010000097.1,cazy_GH13,51,1.573e-8,0.318
FW_AS_rep_2,GCA_937869105.1,CALMKZ010000097.1,acs,55,9.461e-10,0.208
FW_AS_rep_2,GCA_937869105.1,CALMKZ010000125.1,etfA,44,3.198e-6,0.423
FW_AS_rep_2,GCA_937869105.1,CALMKZ010000097.1,susC,166,1.98e-48,0.458
FW_AS_rep_2,GCA_937869105.1,CALMKZ010000075.1,adh,55,1.305e-10,0.32
FW_AS_rep_2,GCA_937869105.1,CALMKZ010000125.1,mvhG,42,4.768e-6,0.229
FW_AS_rep_2,GCA_937869105.1,CALMKZ010000075.1,fadE,190,7.6e-54,0.366
FW_AS_rep_2,GCA_937869105.1,CALMKZ010000124.1,pta,149,1.331e-38,0.311
FW_AS_rep_2,GCA_937869105.1,CALMKZ010000098.1,pepD,49,2.836e-8,0.221
FW_AS_rep_2,GCA_937869105.1,CALMKZ010000020.1,crt,289,1.887e-90,0.586
FW_AS_rep_2,GCA_937869105.1,CALMKZ010000115.1,fadE,278,6.209e-84,0.441
FW_AS_rep_2,GCA_937869105.1,CALMKZ010000051.1,susC,573,1.636e-176,0.378
FW_AS_rep_2,GCA_937869105.1,CALMKZ010000051.1,susD,112,1.184e-27,0.272
FW_AS_rep_2,GCA_937869105.1,CALMKZ010000084.1,acs,138,1.082e-35,0.26
FW_AS_rep_2,GCA_937869105.1,CALMKZ010000086.1,pta,222,4.566e-62,0.411
FW_AS_rep_2,GCA_937869105.1,CALMKZ010000125.1,mvhA,142,5.614e-37,0.261
FW_AS_rep_2,GCA_937869105.1,CALMKZ010000112.1,pepN,63,3.995e-12,0.264
FW_AS_rep_2,GCA_937869105.1,CALMKZ010000097.1,endopeptidase,222,9.449e-65,0.407
FW_AS_rep_2,GCA_937869105.1,CALMKZ010000112.1,adh,57,2.697e-11,0.254
FW_AS_rep_2,GCA_937869105.1,CALMKZ010000020.1,cazy_GH13,102,1.149e-24,0.3
FW_AS_rep_2,GCA_937869105.1,CALMKZ010000126.1,adhE,61,6.643e-12,0.223
FW_AS_rep_2,GCA_937869105.1,CALMKZ010000115.1,hbd,84,1.823e-20,0.401
FW_AS_rep_2,GCA_937869105.1,CALMKZ010000075.1,pepQ,87,4.592e-20,0.331
FW_AS_rep_2,GCA_937869105.1,CALMKZ010000058.1,dtpT,48,6.621e-8,0.311
FW_AS_rep_2,GCA_937869105.1,CALMKZ010000080.1,acylglycerol_lipase,42,1.944e-6,0.275
FW_AS_rep_2,GCA_937869105.1,CALMKZ010000121.1,pepQ,157,2.7e-42,0.309
FW_AS_rep_2,GCA_937869105.1,CALMKZ010000032.1,fadD,217,1.546e-61,0.322
FW_AS_rep_2,GCA_937869105.1,CALMKZ010000084.1,rnfB,90,1.396e-21,0.287
FW_AS_rep_2,GCA_937869105.1,CALMKZ010000098.1,pepT,72,2.064e-15,0.275
FW_AS_rep_2,GCA_937869105.1,CALMKZ010000020.1,agl,78,3.019e-17,0.273
FW_AS_rep_2,GCA_937869105.1,CALMKZ010000075.1,frhG,43,3.745e-7,0.252
FW_AS_rep_2,GCA_937869105.1,CALMKZ010000097.1,pfkA,184,1.351e-52,0.371
FW_AS_rep_2,GCA_937869105.1,CALMKZ010000126.1,susD,129,8.741e-33,0.289
FW_AS_rep_2,GCA_937869105.1,CALMKZ010000126.1,susC,573,1.636e-176,0.373
FW_AS_rep_2,GCA_937869105.1,CALMKZ010000080.1,fadA,353,4.982e-110,0.517
FW_AS_rep_2,GCA_937869105.1,CALMKZ010000007.1,hbd,162,9.789e-48,0.5
FW_AS_rep_2,GCA_937869105.1,CALMKZ010000018.1,pepQ,123,3.481e-31,0.304
FW_AS_rep_2,GCA_937869105.1,CALMKZ010000125.1,fadE,216,9.764e-61,0.359
FW_AS_rep_2,GCA_937869105.1,CALMKZ010000058.1,pyk,149,2.131e-39,0.336
FW_AS_rep_2,GCA_937869105.1,CALMKZ010000115.1,bcd,382,1.228e-119,0.535
FW_AS_rep_2,GCA_937869105.1,CALMKZ010000020.1,adh,74,1.156e-16,0.331
FW_AS_rep_2,GCA_937869105.1,CALMKZ010000125.1,crt,62,9.75e-12,0.258
FW_AS_rep_2,GCA_937869105.1,CALMKZ010000002.1,fwdA,44,1.835e-6,0.435
FW_AS_rep_2,GCA_937869105.1,CALMKZ010000042.1,susC,543,4.312e-168,0.396
FW_AS_rep_2,GCA_937869105.1,CALMKZ010000077.1,ilvE,254,3.346e-76,0.384
FW_AS_rep_2,GCA_937869105.1,CALMKZ010000110.1,cat,236,6.042e-72,0.538
FW_AS_rep_2,GCA_937869105.1,CALMKZ010000032.1,etfB,144,4.014e-40,0.372
FW_AS_rep_2,GCA_937869105.1,CALMKZ010000032.1,cazy_GH13,226,8.533e-65,0.395
FW_AS_rep_2,GCA_937869105.1,CALMKZ010000032.1,agl,178,6.17e-47,0.303
FW_AS_rep_2,GCA_937869105.1,CALMKZ010000125.1,fadD,237,2.911e-68,0.34
FW_AS_rep_2,GCA_937869105.1,CALMKZ010000125.1,frhA,128,2.373e-32,0.263
FW_AS_rep_2,GCA_937869105.1,CALMKZ010000061.1,susC,127,8.188e-32,0.239
FW_AS_rep_2,GCA_937869105.1,CALMKZ010000098.1,fadD,195,6.377e-54,0.324
FW_AS_rep_2,GCA_937869105.1,CALMKZ010000125.1,fadB,122,5.071e-30,0.306
FW_AS_rep_2,GCA_937869105.1,CALMKZ010000131.1,mmcE,495,3.262e-153,0.503
FW_AS_rep_2,GCA_937869105.1,CALMKZ010000058.1,eda,135,1.656e-37,0.376
FW_AS_rep_2,GCA_937869105.1,CALMKZ010000130.1,frhG,80,5.714e-18,0.347
FW_AS_rep_2,GCA_937869105.1,CALMKZ010000069.1,pepN,144,1.455e-37,0.258
FW_AS_rep_2,GCA_937869105.1,CALMKZ010000051.1,bgl,147,7.921e-40,0.288
FW_AS_rep_2,GCA_937869105.1,CALMKZ010000098.1,thl,41,7.035e-6,0.28
FW_AS_rep_2,GCA_937869105.1,CALMKZ010000018.1,frhG,47,6.205e-8,0.274
FW_AS_rep_2,GCA_937869105.1,CALMKZ010000007.1,fadB,111,5.124e-30,0.359
FW_AS_rep_2,GCA_937869105.1,CALMKZ010000089.1,lipase,44,1.064e-6,0.336
FW_AS_rep_2,GCA_937869105.1,CALMKZ010000125.1,acs,128,2.201e-32,0.276
FW_AS_rep_2,GCA_937869105.1,CALMKZ010000028.1,lysophospholipase,69,4.536e-15,0.271
FW_AS_rep_2,GCA_937869105.1,CALMKZ010000032.1,adh,52,1.022e-9,0.292
FW_AS_rep_2,GCA_937869105.1,CALMKZ010000131.1,mmcF,132,2.945e-33,0.51
FW_AS_rep_2,GCA_937869105.1,CALMKZ010000044.1,edd,213,7.648e-60,0.346
FW_AS_rep_2,GCA_937869105.1,CALMKZ010000130.1,fdhA,42,3.088e-6,0.265
FW_AS_rep_2,GCA_937869105.1,CALMKZ010000110.1,susC,93,3.099e-21,0.341
FW_AS_rep_2,GCA_937869105.1,CALMKZ010000130.1,mvhA,443,1.075e-139,0.47
FW_AS_rep_2,GCA_937869105.1,CALMKZ010000044.1,ilvE,137,1.469e-37,0.377
FW_AS_rep_2,GCA_937869105.1,CALMKZ010000051.1,hbd,307,1.021e-95,0.544
FW_AS_rep_2,GCA_937869105.1,CALMKZ010000018.1,mvhG,43,1.056e-6,0.273
FW_AS_rep_2,GCA_937869105.1,CALMKZ010000119.1,extracellular_protease,148,4.987e-39,0.411
FW_AS_rep_2,GCA_937869105.1,CALMKZ010000108.1,susC,169,1.427e-49,0.459
FW_AS_rep_2,GCA_937869105.1,CALMKZ010000125.1,fadA,360,2.065e-112,0.527
FW_AS_rep_2,GCA_937869105.1,CALMKZ010000074.1,crt,137,7.807e-38,0.37
FW_AS_rep_2,GCA_937869105.1,CALMKZ010000125.1,frhG,53,1.058e-9,0.289
FW_AS_rep_2,GCA_937869105.1,CALMKZ010000130.1,mvhG,113,2.844e-28,0.362
FW_AS_rep_2,GCA_937869105.1,CALMKZ010000130.1,etfA,87,5.974e-21,0.288
FW_AS_rep_2,GCA_937869105.1,CALMKZ010000130.1,fadE,117,8.928e-29,0.317
FW_AS_rep_2,GCA_937869105.1,CALMKZ010000059.1,gdh,441,7.283e-140,0.538
FW_AS_rep_2,GCA_937869105.1,CALMKZ010000106.1,lctB,64,1.632e-13,0.246
FW_AS_rep_2,GCA_937869105.1,CALMKZ010000126.1,pepO,643,3.747e-205,0.481
FW_AS_rep_2,GCA_937869105.1,CALMKZ010000113.1,fadA,254,7.748e-76,0.416
FW_AS_rep_2,GCA_937869105.1,CALMKZ010000032.1,etfA,195,4.381e-57,0.415
FW_AS_rep_2,GCA_937869105.1,CALMKZ010000097.1,fadD,262,4.241e-76,0.33
FW_AS_rep_2,GCA_937869105.1,CALMKZ010000115.1,acylglycerol_lipase,56,5.111e-11,0.32
FW_AS_rep_2,GCA_937869105.1,CALMKZ010000008.1,susC,87,1.732e-19,0.432
FW_AS_rep_2,GCA_937869105.1,CALMKZ010000078.1,fwdA,44,1.867e-7,0.437
FW_AS_rep_2,GCA_937869105.1,CALMKZ010000032.1,acs,136,6.974e-35,0.283
FW_AS_rep_2,GCA_937869105.1,CALMKZ010000045.1,fadD,123,8.073e-31,0.26
FW_AS_rep_2,GCA_937869105.1,CALMKZ010000051.1,dtpT,391,2.806e-121,0.444
FW_AS_rep_2,GCA_937869105.1,CALMKZ010000002.1,susC,48,1.102e-7,0.246
FW_AS_rep_2,GCA_937869105.1,CALMKZ010000051.1,xylA,518,4.083e-166,0.563
FW_AS_rep_2,GCA_937869105.1,CALMKZ010000084.1,susC,153,9.249e-39,0.42
FW_AS_rep_2,GCA_937869105.1,CALMKZ010000097.1,crt,136,1.628e-37,0.342
FW_AS_rep_2,GCA_937869105.1,CALMKZ010000130.1,crt,174,8.804e-51,0.41
FW_AS_rep_2,GCA_937869105.1,CALMKZ010000130.1,adh,78,5.29e-18,0.306
FW_AS_rep_2,GCA_937869105.1,CALMKZ010000080.1,thl,339,3.93e-105,0.492
FW_AS_rep_2,GCA_937869105.1,CALMKZ010000086.1,ackA,364,1.565e-113,0.48
FW_AS_rep_2,GCA_937869105.1,CALMKZ010000122.1,extracellular_protease,141,1.66e-36,0.377
FW_AS_rep_2,GCA_937869105.1,CALMKZ010000097.1,pepT,96,1.239e-22,0.282
FW_AS_rep_2,GCA_937869105.1,CALMKZ010000051.1,cazy_GH13,194,1.545e-53,0.366
FW_AS_rep_2,GCA_937869105.1,CALMKZ010000032.1,pgi,671,3.373e-217,0.625
FW_AS_rep_2,GCA_937869105.1,CALMKZ010000110.1,fadE,194,1.446e-55,0.356
FW_AS_rep_2,GCA_937869105.1,CALMKZ010000112.1,tdcB,224,4.261e-67,0.401
FW_AS_rep_2,GCA_937869105.1,CALMKZ010000019.1,adhE,191,9.492e-55,0.339
FW_AS_rep_2,GCA_937869105.1,CALMKZ010000130.1,fadB,96,2.96e-24,0.343
FW_AS_rep_2,GCA_937869105.1,CALMKZ010000074.1,etfA,100,3.803e-25,0.319
FW_AS_rep_2,GCA_937869105.1,CALMKZ010000069.1,pepQ,134,5.464e-35,0.308
FW_AS_rep_2,GCA_937869105.1,CALMKZ010000071.1,susC,220,9.053e-60,0.25
FW_AS_rep_2,GCA_937869105.1,CALMKZ010000099.1,susC,303,9.29e-86,0.281
FW_AS_rep_2,GCA_937869105.1,CALMKZ010000075.1,bcd,153,2.017e-41,0.292
FW_AS_rep_2,GCA_937869105.1,CALMKZ010000125.1,hbd,128,7.819e-32,0.295
FW_AS_rep_2,GCA_937869105.1,CALMKZ010000113.1,tdcB,70,1.041e-14,0.291
FW_AS_rep_2,GCA_937869105.1,CALMKZ010000097.1,pepN,101,3.556e-24,0.22
FW_AS_rep_2,GCA_937869105.1,CALMKZ010000098.1,pyk,392,3.172e-122,0.478
FW_AS_rep_2,GCA_937869105.1,CALMKZ010000110.1,bcd,268,9.82e-81,0.4
FW_AS_rep_2,GCA_937869105.1,CALMKZ010000084.1,pfor,1135,0.0,0.515
FW_AS_rep_2,GCA_937869105.1,CALMKZ010000098.1,acs,153,1.849e-40,0.286
FW_AS_rep_2,GCA_937869105.1,CALMKZ010000125.1,pepD,46,2.043e-7,0.263
FW_AS_rep_2,GCA_937869105.1,CALMKZ010000044.1,tdcB,294,2.568e-89,0.435
FW_AS_rep_2,GCA_937869105.1,CALMKZ010000125.1,bcd,255,1.314e-73,0.385
FW_AS_rep_2,GCA_937869105.1,CALMKZ010000045.1,acs,789,2.249e-256,0.61
FW_AS_rep_2,GCA_937869105.1,CALMKZ010000113.1,thl,407,1.494e-128,0.549
FW_AS_rep_2,GCA_937869105.1,CALMKZ010000032.1,acylglycerol_lipase,47,9.505e-8,0.256
FW_AS_rep_2,GCA_937869105.1,CALMKZ010000129.1,mmcE,299,2.793e-84,0.364
FW_AS_rep_2,GCA_937869105.1,CALMKZ010000129.1,mdh,288,3.211e-89,0.505
FW_AS_rep_2,GCA_937869105.1,CALMKZ010000099.1,sucD,351,3.009e-111,0.595
FW_AS_rep_2,GCA_937869105.1,CALMKZ010000069.1,mmcG,111,8.124e-31,0.436
FW_AS_rep_2,GCA_937869105.1,CALMKZ010000051.1,agl,241,3.248e-69,0.353
FW_AS_rep_2,GCA_937869105.1,CALMKZ010000130.1,hydA,87,4.444e-20,0.25
FW_AS_rep_2,GCA_937869105.1,CALMKZ010000032.1,pepN,55,5.586e-10,0.231
FW_AS_rep_2,GCA_937869105.1,CALMKZ010000130.1,bcd,117,5.078e-29,0.267
FW_AS_rep_2,GCA_937869105.1,CALMKZ010000032.1,pfkA,271,1.437e-82,0.495
FW_AS_rep_2,GCA_937869105.1,CALMKZ010000113.1,susC,70,2.435e-14,0.386
FW_AS_rep_2,GCA_937869105.1,CALMKZ010000018.1,pepN,161,4.591e-43,0.291
FW_AS_rep_2,GCA_937869105.1,CALMKZ010000082.1,aldh,52,4.848e-9,0.267
FW_AS_rep_2,GCA_937869105.1,CALMKZ010000075.1,mvhG,40,5.314e-6,0.464
FW_AS_rep_2,GCA_937869105.1,CALMKZ010000131.1,glcP,195,5.342e-55,0.312
FW_AS_rep_2,GCA_937869105.1,CALMKZ010000022.1,cazy_GH43,119,4.649e-31,0.346
FW_AS_rep_2,GCA_937869105.1,CALMKZ010000069.1,folD,265,1.466e-81,0.494
FW_AS_rep_2,GCA_937869105.1,CALMKZ010000115.1,mer,48,4.074e-8,0.232
FW_AS_rep_2,GCA_937869105.1,CALMKZ010000130.1,frhA,139,1.503e-36,0.257
FW_AS_rep_2,GCA_937869105.1,CALMKZ010000020.1,fadB,109,1.621e-28,0.348
FW_AS_rep_2,GCA_963751515.1,CAVVUR010000006.1,lctC,49,3.681e-8,0.266
FW_AS_rep_2,GCA_963751515.1,CAVVUR010000014.1,extracellular_protease,217,3.529e-63,0.457
FW_AS_rep_2,GCA_963751515.1,CAVVUR010000003.1,fdhA,255,2.046e-72,0.309
FW_AS_rep_2,GCA_963751515.1,CAVVUR010000010.1,acylglycerol_lipase,52,7.813e-10,0.35
FW_AS_rep_2,GCA_963751515.1,CAVVUR010000016.1,frhG,50,1.632e-9,0.365
FW_AS_rep_2,GCA_963751515.1,CAVVUR010000002.1,frhG,47,6.903e-9,0.393
FW_AS_rep_2,GCA_963751515.1,CAVVUR010000011.1,frhB,147,2.113e-39,0.31
FW_AS_rep_2,GCA_963751515.1,CAVVUR010000016.1,hydA,90,2.174e-21,0.285
FW_AS_rep_2,GCA_963751515.1,CAVVUR010000003.1,pepN,122,4.682e-30,0.277
FW_AS_rep_2,GCA_963751515.1,CAVVUR010000016.1,fdhA,394,1.514e-119,0.357
FW_AS_rep_2,GCA_963751515.1,CAVVUR010000003.1,mmcG,55,3.252e-11,0.271
FW_AS_rep_2,GCA_963751515.1,CAVVUR010000001.1,frhG,52,4.293e-9,0.405
FW_AS_rep_2,GCA_963751515.1,CAVVUR010000011.1,frhG,52,4.217e-9,0.433
FW_AS_rep_2,GCA_963751515.1,CAVVUR010000017.1,frhB,53,3.747e-12,0.489
FW_AS_rep_2,GCA_963751515.1,CAVVUR010000001.1,fdhA,284,2.56e-88,0.583
FW_AS_rep_2,GCA_963751515.1,CAVVUR010000006.1,frhG,81,4.925e-19,0.295
FW_AS_rep_2,GCA_963751515.1,CAVVUR010000002.1,fhs,334,3.758e-103,0.473
FW_AS_rep_2,GCA_963751515.1,CAVVUR010000002.1,fdhA,483,1.519e-147,0.366
FW_AS_rep_2,GCA_963751515.1,CAVVUR010000007.1,aldh,302,3.94e-91,0.399
FW_AS_rep_2,GCA_963751515.1,CAVVUR010000010.1,frhG,48,3.359e-9,0.314
FW_AS_rep_2,GCA_963751515.1,CAVVUR010000001.1,frhB,51,5.675e-9,0.461
FW_AS_rep_2,GCA_963751515.1,CAVVUR010000008.1,pfor,162,3.151e-45,0.376
FW_AS_rep_2,GCA_963751515.1,CAVVUR010000017.1,hydA,48,2.582e-10,0.41
FW_AS_rep_2,GCA_963751515.1,CAVVUR010000017.1,pepD,41,7.375e-6,0.21
FW_AS_rep_2,GCA_963751515.1,CAVVUR010000008.1,frhB,125,7.382e-32,0.285
FW_AS_rep_2,GCA_963751515.1,CAVVUR010000008.1,hydA,46,1.763e-9,0.37
FW_AS_rep_2,GCA_963751515.1,CAVVUR010000013.1,hydA,42,3.198e-6,0.358
FW_AS_rep_2,GCA_963751515.1,CAVVUR010000017.1,fdhA,59,9.63e-12,0.48
FW_AS_rep_2,GCA_963751515.1,CAVVUR010000006.1,etfA,201,1.111e-58,0.401
FW_AS_rep_2,GCA_963751515.1,CAVVUR010000006.1,thl,372,6.034e-116,0.48
FW_AS_rep_2,GCA_963751515.1,CAVVUR010000007.1,acylglycerol_lipase,48,2.55e-8,0.271
FW_AS_rep_2,GCA_963751515.1,CAVVUR010000006.1,mvhG,112,1.583e-29,0.3
FW_AS_rep_2,GCA_963751515.1,CAVVUR010000014.1,pfor,42,7.987e-6,0.304
FW_AS_rep_2,GCA_963751515.1,CAVVUR010000006.1,fadA,297,3.72e-90,0.433
FW_AS_rep_2,GCA_963751515.1,CAVVUR010000013.1,fadB,81,7.108e-19,0.295
FW_AS_rep_2,GCA_963751515.1,CAVVUR010000013.1,ilvE,139,3.763e-38,0.337
FW_AS_rep_2,GCA_963751515.1,CAVVUR010000013.1,gdh,478,6.069e-152,0.566
FW_AS_rep_2,GCA_963751515.1,CAVVUR010000013.1,etfA,219,8.84e-65,0.402
FW_AS_rep_2,GCA_963751515.1,CAVVUR010000016.1,extracellular_protease,145,8.394e-40,0.374
FW_AS_rep_2,GCA_963751515.1,CAVVUR010000010.1,bgl,352,1.09e-108,0.414
FW_AS_rep_2,GCA_963751515.1,CAVVUR010000015.1,frhB,51,5.822e-9,0.388
FW_AS_rep_2,GCA_963751515.1,CAVVUR010000014.1,mvhA,53,1.421e-9,0.257
FW_AS_rep_2,GCA_963751515.1,CAVVUR010000016.1,bcd,224,8.619e-66,0.383
FW_AS_rep_2,GCA_963751515.1,CAVVUR010000007.1,adhE,303,1.552e-91,0.4
FW_AS_rep_2,GCA_963751515.1,CAVVUR010000015.1,mvhA,131,1.006e-33,0.269
FW_AS_rep_2,GCA_963751515.1,CAVVUR010000015.1,hydA,89,3.985e-21,0.284
FW_AS_rep_2,GCA_963751515.1,CAVVUR010000008.1,frhG,56,2.9e-10,0.468
FW_AS_rep_2,GCA_963751515.1,CAVVUR010000016.1,etfB,220,2.617e-66,0.481
FW_AS_rep_2,GCA_963751515.1,CAVVUR010000013.1,bcd,165,4.879e-44,0.341
FW_AS_rep_2,GCA_963751515.1,CAVVUR010000004.1,hydA,53,1.44e-10,0.402
FW_AS_rep_2,GCA_963751515.1,CAVVUR010000002.1,cdhC,513,4.288e-164,0.569
FW_AS_rep_2,GCA_963751515.1,CAVVUR010000006.1,mvhA,211,1.018e-60,0.319
FW_AS_rep_2,GCA_963751515.1,CAVVUR010000013.1,fadE,152,7.245e-40,0.311
FW_AS_rep_2,GCA_963751515.1,CAVVUR010000010.1,rnfB,45,5.282e-8,0.312
FW_AS_rep_2,GCA_963751515.1,CAVVUR010000015.1,frhA,111,1.515e-27,0.265
FW_AS_rep_2,GCA_963751515.1,CAVVUR010000014.1,mvhG,41,1.13e-6,0.234
FW_AS_rep_2,GCA_963751515.1,CAVVUR010000015.1,acs,160,4.747e-43,0.299
FW_AS_rep_2,GCA_963751515.1,CAVVUR010000010.1,frhB,40,2.03e-6,0.315
FW_AS_rep_2,GCA_963751515.1,CAVVUR010000002.1,fadD,92,8.699e-22,0.347
FW_AS_rep_2,GCA_963751515.1,CAVVUR010000014.1,gapA,363,5.657e-114,0.537
FW_AS_rep_2,GCA_963751515.1,CAVVUR010000014.1,endopeptidase,100,8.613e-25,0.314
FW_AS_rep_2,GCA_963751515.1,CAVVUR010000015.1,fdhA,147,1.63e-43,0.629
FW_AS_rep_2,GCA_963751515.1,CAVVUR010000006.1,etfB,162,1.192e-46,0.437
FW_AS_rep_2,GCA_963751515.1,CAVVUR010000016.1,ilvE,97,4.566e-24,0.327
FW_AS_rep_2,GCA_963751515.1,CAVVUR010000014.1,pgi,159,3.857e-47,0.672
FW_AS_rep_2,GCA_963751515.1,CAVVUR010000014.1,esterase,55,1.313e-9,0.299
FW_AS_rep_2,GCA_963751515.1,CAVVUR010000001.1,hydA,54,7.545e-12,0.428
FW_AS_rep_2,GCA_963751515.1,CAVVUR010000002.1,mvhG,41,2.053e-6,0.483
FW_AS_rep_2,GCA_963751515.1,CAVVUR010000016.1,lctB,67,8.35e-14,0.255
FW_AS_rep_2,GCA_963751515.1,CAVVUR010000001.1,etfA,235,9.709e-69,0.436
FW_AS_rep_2,GCA_963751515.1,CAVVUR010000001.1,rnfB,44,1.136e-6,0.333
FW_AS_rep_2,GCA_963751515.1,CAVVUR010000016.1,frhB,49,1.863e-10,0.366
FW_AS_rep_2,GCA_963751515.1,CAVVUR010000006.1,lctB,155,3.516e-42,0.346
FW_AS_rep_2,GCA_963751515.1,CAVVUR010000017.1,fadD,248,1.424e-71,0.347
FW_AS_rep_2,GCA_963751515.1,CAVVUR010000016.1,fadA,71,3.121e-15,0.244
FW_AS_rep_2,GCA_963751515.1,CAVVUR010000016.1,rnfB,43,4.676e-7,0.29
FW_AS_rep_2,GCA_963751515.1,CAVVUR010000006.1,pfor,40,1.756e-7,0.283
FW_AS_rep_2,GCA_963751515.1,CAVVUR010000001.1,etfB,142,2.081e-39,0.36
FW_AS_rep_2,GCA_963751515.1,CAVVUR010000017.1,frhG,48,3.261e-10,0.439
FW_AS_rep_2,GCA_963751515.1,CAVVUR010000015.1,fadD,207,2.779e-58,0.32
FW_AS_rep_2,GCA_963751515.1,CAVVUR010000001.1,mvhD,201,4.846e-62,0.649
FW_AS_rep_2,GCA_963751515.1,CAVVUR010000013.1,mvhD,87,2.61e-22,0.404
FW_AS_rep_2,GCA_963751515.1,CAVVUR010000004.1,rnfB,47,2.673e-8,0.344
FW_AS_rep_2,GCA_963751515.1,CAVVUR010000002.1,acs,457,7.121e-146,0.658
FW_AS_rep_2,GCA_963751515.1,CAVVUR010000017.1,adh,45,1.888e-7,0.311
FW_AS_rep_2,GCA_963751515.1,CAVVUR010000002.1,rnfB,45,6.671e-7,0.444
FW_AS_rep_2,GCA_963751515.1,CAVVUR010000014.1,pfkA,141,1.879e-37,0.322
FW_AS_rep_2,GCA_963751515.1,CAVVUR010000006.1,fdhA,124,1.783e-33,0.397
FW_AS_rep_2,GCA_963751515.1,CAVVUR010000001.1,mvhG,114,8.76e-32,0.428
FW_AS_rep_2,GCA_963751515.1,CAVVUR010000016.1,etfA,255,2.605e-77,0.464
FW_AS_rep_2,GCA_963751515.1,CAVVUR010000003.1,adhE,78,4.778e-17,0.245
FW_AS_rep_2,GCA_963751515.1,CAVVUR010000003.1,fadD,215,2.706e-61,0.346
FW_AS_rep_2,GCA_963751515.1,CAVVUR010000002.1,pepQ,160,4.092e-44,0.328
FW_AS_rep_2,GCA_963751515.1,CAVVUR010000013.1,frhB,45,2.5e-7,0.333
FW_AS_rep_2,GCA_963751515.1,CAVVUR010000002.1,hydA,121,1.338e-29,0.32
FW_AS_rep_2,GCA_963751515.1,CAVVUR010000013.1,mmcF,120,7.714e-34,0.434
FW_AS_rep_2,GCA_963751515.1,CAVVUR010000010.1,hydA,47,9.233e-10,0.392
FW_AS_rep_2,GCA_963751515.1,CAVVUR010000006.1,frhA,151,1.709e-40,0.276
FW_AS_rep_2,GCA_963751515.1,CAVVUR010000003.1,lctB,61,3.628e-14,0.336
FW_AS_rep_2,GCA_963751515.1,CAVVUR010000008.1,mvhA,46,2.205e-7,0.265
FW_AS_rep_2,GCA_963751515.1,CAVVUR010000014.1,frhG,53,4.989e-10,0.438
FW_AS_rep_2,GCA_963751515.1,CAVVUR010000017.1,acs,191,8.241e-53,0.303
FW_AS_rep_2,GCA_963751515.1,CAVVUR010000014.1,pyk,340,4.329e-104,0.448
FW_AS_rep_2,GCA_963751515.1,CAVVUR010000014.1,adh,81,2.633e-19,0.294
FW_AS_rep_2,GCA_963751515.1,CAVVUR010000008.1,rnfB,42,4.295e-8,0.437
FW_AS_rep_2,GCA_963751515.1,CAVVUR010000010.1,fdhA,60,2.978e-12,0.471
FW_AS_rep_2,GCA_963751515.1,CAVVUR010000015.1,pfor,46,1.103e-8,0.287
FW_AS_rep_2,GCA_963751515.1,CAVVUR010000013.1,pfkA,255,4.175e-77,0.418
FW_AS_rep_2,GCA_963751515.1,CAVVUR010000016.1,acs,49,7.604e-9,0.232
FW_AS_rep_2,GCA_963751515.1,CAVVUR010000016.1,fadE,258,2.897e-77,0.417
FW_AS_rep_2,GCA_963751515.1,CAVVUR010000003.1,extracellular_protease,186,6.246e-52,0.361
FW_AS_rep_2,GCA_963751515.1,CAVVUR010000017.1,tdcB,49,1.417e-8,0.33
FW_AS_rep_2,GCA_963751515.1,CAVVUR010000008.1,fdhA,90,8.616e-22,0.293
FW_AS_rep_2,GCA_963751515.1,CAVVUR010000014.1,rnfB,48,2.924e-8,0.416
FW_AS_rep_2,GCA_963751515.1,CAVVUR010000016.1,adh,73,1.994e-16,0.308
FW_AS_rep_2,GCA_963751515.1,CAVVUR010000003.1,aldh,73,1.832e-15,0.25
FW_AS_rep_2,GCA_963751515.1,CAVVUR010000002.1,folD,129,5.486e-37,0.59
FW_AS_rep_2,GCA_963751515.1,CAVVUR010000016.1,pfor,46,3.302e-9,0.279
FW_AS_rep_2,GCA_963751515.1,CAVVUR010000014.1,hydA,42,1.241e-6,0.315
FW_AS_rep_2,GCA_963751515.1,CAVVUR010000016.1,edd,241,1.416e-69,0.336
FW_AS_rep_2,GCA_963751515.1,CAVVUR010000014.1,frhA,100,3.009e-24,0.261
FW_AS_rep_2,GCA_963751515.1,CAVVUR010000003.1,acs,215,1.995e-61,0.328
FW_AS_rep_2,GCA_963751515.1,CAVVUR010000002.1,frhB,53,2.308e-9,0.366
FW_AS_rep_2,GCA_963751515.1,CAVVUR010000006.1,hydA,49,1.573e-10,0.375
FW_AS_rep_2,GCA_963751515.1,CAVVUR010000003.1,fadA,71,5.415e-15,0.246
FW_AS_rep_2,GCA_963751515.1,CAVVUR010000008.1,adhE,60,2.113e-11,0.24
FW_AS_rep_2,GCA_963751515.1,CAVVUR010000005.1,frhG,44,8.708e-9,0.415
FW_AS_rep_2,GCA_963751515.1,CAVVUR010000002.1,cdhD,301,8.287e-90,0.503
FW_AS_rep_2,GCA_963751515.1,CAVVUR010000006.1,frhB,49,1.143e-10,0.369
FW_AS_rep_2,GCA_963751515.1,CAVVUR010000007.1,lysophospholipase,47,6.041e-8,0.254
FW_AS_rep_2,GCA_963751515.1,CAVVUR010000008.1,aldh,65,5.654e-13,0.223
FW_AS_rep_2,GCA_963751515.1,CAVVUR010000016.1,fadD,98,3.366e-25,0.389
FW_AS_rep_2,GCA_963751515.1,CAVVUR010000016.1,endopeptidase,108,5.14e-27,0.291
FW_AS_rep_2,GCA_963751515.1,CAVVUR010000014.1,frhB,42,1.241e-6,0.428
FW_AS_rep_2,GCA_963751515.1,CAVVUR010000013.1,mvhG,53,1.056e-10,0.312
FW_AS_rep_2,GCA_963751515.1,CAVVUR010000013.1,mmcE,354,4.197e-108,0.408
FW_AS_rep_2,GCA_048474495.1,DBFZEQ010000102.1,folD,56,8.234e-14,0.675
FW_AS_rep_2,GCA_048474495.1,DBFZEQ010000200.1,frhG,44,6.171e-7,0.333
FW_AS_rep_2,GCA_048474495.1,DBFZEQ010000209.1,lysophospholipase,132,1.815e-35,0.332
FW_AS_rep_2,GCA_048474495.1,DBFZEQ010000137.1,cazy_GH13,118,1.851e-28,0.297
FW_AS_rep_2,GCA_048474495.1,DBFZEQ010000214.1,endopeptidase,296,3.278e-86,0.431
FW_AS_rep_2,GCA_048474495.1,DBFZEQ010000073.1,fadE,254,4.764e-76,0.389
FW_AS_rep_2,GCA_048474495.1,DBFZEQ010000146.1,frhG,48,1.537e-8,0.4
FW_AS_rep_2,GCA_048474495.1,DBFZEQ010000279.1,agl,252,3.13e-73,0.353
FW_AS_rep_2,GCA_048474495.1,DBFZEQ010000175.1,hydA,41,5.47e-6,0.26
FW_AS_rep_2,GCA_048474495.1,DBFZEQ010000098.1,fumB,93,1.568e-23,0.285
FW_AS_rep_2,GCA_048474495.1,DBFZEQ010000026.1,edd,286,1.517e-84,0.353
FW_AS_rep_2,GCA_048474495.1,DBFZEQ010000027.1,pfor,1261,0.0,0.553
FW_AS_rep_2,GCA_048474495.1,DBFZEQ010000259.1,eda,198,1.475e-59,0.492
FW_AS_rep_2,GCA_048474495.1,DBFZEQ010000262.1,cazy_GH13,110,2.261e-27,0.305
FW_AS_rep_2,GCA_048474495.1,DBFZEQ010000153.1,cazy_GH13,70,3.307e-14,0.267
FW_AS_rep_2,GCA_048474495.1,DBFZEQ010000009.1,cazy_GH13,175,2.216e-47,0.374
FW_AS_rep_2,GCA_048474495.1,DBFZEQ010000209.1,acylglycerol_lipase,81,1.267e-18,0.358
FW_AS_rep_2,GCA_048474495.1,DBFZEQ010000073.1,etfB,153,2.19e-43,0.392
FW_AS_rep_2,GCA_048474495.1,DBFZEQ010000036.1,pgi,335,1.022e-101,0.393
FW_AS_rep_2,GCA_048474495.1,DBFZEQ010000292.1,adhE,197,8.203e-57,0.321
FW_AS_rep_2,GCA_048474495.1,DBFZEQ010000034.1,frhG,43,9.533e-9,0.326
FW_AS_rep_2,GCA_048474495.1,DBFZEQ010000133.1,hydA,165,1.519e-44,0.31
FW_AS_rep_2,GCA_048474495.1,DBFZEQ010000146.1,frhB,52,1.115e-9,0.51
FW_AS_rep_2,GCA_048474495.1,DBFZEQ010000133.1,frhG,46,2.715e-7,0.311
FW_AS_rep_2,GCA_048474495.1,DBFZEQ010000257.1,tdcB,69,8.352e-15,0.257
FW_AS_rep_2,GCA_048474495.1,DBFZEQ010000051.1,fadD,230,1.807e-66,0.343
FW_AS_rep_2,GCA_048474495.1,DBFZEQ010000051.1,fadB,133,3.026e-36,0.434
FW_AS_rep_2,GCA_048474495.1,DBFZEQ010000210.1,pta,241,2.34e-72,0.455
FW_AS_rep_2,GCA_048474495.1,DBFZEQ010000104.1,ilvE,236,2.703e-70,0.412
FW_AS_rep_2,GCA_048474495.1,DBFZEQ010000034.1,adhE,204,8.512e-59,0.356
FW_AS_rep_2,GCA_048474495.1,DBFZEQ010000200.1,hydA,42,1.453e-6,0.375
FW_AS_rep_2,GCA_048474495.1,DBFZEQ010000014.1,extracellular_protease,63,2.068e-12,0.475
FW_AS_rep_2,GCA_048474495.1,DBFZEQ010000078.1,dppC,250,3.432e-75,0.444
FW_AS_rep_2,GCA_048474495.1,DBFZEQ010000237.1,pfkA,252,1.409e-76,0.478
FW_AS_rep_2,GCA_048474495.1,DBFZEQ010000078.1,dppB,265,1.774e-80,0.455
FW_AS_rep_2,GCA_048474495.1,DBFZEQ010000175.1,frhG,47,5.845e-8,0.337
FW_AS_rep_2,GCA_048474495.1,DBFZEQ010000051.1,crt,213,2.152e-63,0.473
FW_AS_rep_2,GCA_048474495.1,DBFZEQ010000025.1,xylB,157,3.104e-42,0.311
FW_AS_rep_2,GCA_048474495.1,DBFZEQ010000097.1,pepT,220,6.202e-64,0.386
FW_AS_rep_2,GCA_048474495.1,DBFZEQ010000111.1,tdcB,63,1.316e-12,0.261
FW_AS_rep_2,GCA_048474495.1,DBFZEQ010000073.1,bcd,379,2.136e-119,0.521
FW_AS_rep_2,GCA_048474495.1,DBFZEQ010000087.1,dppA,289,1.006e-85,0.395
FW_AS_rep_2,GCA_048474495.1,DBFZEQ010000072.1,thl,378,1.615e-118,0.563
FW_AS_rep_2,GCA_048474495.1,DBFZEQ010000013.1,fhs,770,2.603e-251,0.681
FW_AS_rep_2,GCA_048474495.1,DBFZEQ010000200.1,rnfB,87,3.88e-21,0.328
FW_AS_rep_2,GCA_048474495.1,DBFZEQ010000200.1,frhB,50,4.698e-9,0.452
FW_AS_rep_2,GCA_048474495.1,DBFZEQ010000064.1,endopeptidase,342,1.065e-105,0.481
FW_AS_rep_2,GCA_048474495.1,DBFZEQ010000034.1,hydA,44,3.653e-9,0.359
FW_AS_rep_2,GCA_048474495.1,DBFZEQ010000279.1,cazy_GH13,196,1.73e-54,0.356
FW_AS_rep_2,GCA_048474495.1,DBFZEQ010000126.1,tdcB,319,8.902e-98,0.438
FW_AS_rep_2,GCA_048474495.1,DBFZEQ010000175.1,pfor,43,1e-6,0.312
FW_AS_rep_2,GCA_048474495.1,DBFZEQ010000026.1,cazy_GH13,154,4.468e-41,0.363
FW_AS_rep_2,GCA_048474495.1,DBFZEQ010000223.1,gdh,567,4.925e-183,0.66
FW_AS_rep_2,GCA_048474495.1,DBFZEQ010000163.1,pfkA,239,2.483e-71,0.404
FW_AS_rep_2,GCA_048474495.1,DBFZEQ010000114.1,acs,93,1.71e-21,0.26
FW_AS_rep_2,GCA_048474495.1,DBFZEQ010000235.1,ackA,428,6.754e-136,0.567
FW_AS_rep_2,GCA_048474495.1,DBFZEQ010000009.1,agl,128,1.383e-32,0.302
FW_AS_rep_2,GCA_048474495.1,DBFZEQ010000034.1,frhB,40,8.947e-8,0.414
FW_AS_rep_2,GCA_048474495.1,DBFZEQ010000085.1,cazy_GH13,156,2.036e-41,0.348
FW_AS_rep_2,GCA_048474495.1,DBFZEQ010000188.1,cazy_GH13,84,8.879e-19,0.271
FW_AS_rep_2,GCA_048474495.1,DBFZEQ010000051.1,acs,78,5.058e-17,0.238
FW_AS_rep_2,GCA_048474495.1,DBFZEQ010000146.1,hydA,58,1.359e-11,0.412
FW_AS_rep_2,GCA_048474495.1,DBFZEQ010000026.1,agl,94,3.94e-22,0.285
FW_AS_rep_2,GCA_048474495.1,DBFZEQ010000013.1,folD,309,1.491e-97,0.605
FW_AS_rep_2,GCA_048474495.1,DBFZEQ010000081.1,cazy_GH43,90,1.028e-20,0.288
FW_AS_rep_2,GCA_048474495.1,DBFZEQ010000165.1,adhE,134,2.273e-35,0.283
FW_AS_rep_2,GCA_048474495.1,DBFZEQ010000039.1,adhE,365,1.141e-113,0.466
FW_AS_rep_2,GCA_048474495.1,DBFZEQ010000156.1,pepQ,161,3.869e-44,0.346
FW_AS_rep_2,GCA_048474495.1,DBFZEQ010000137.1,adhE,234,2.363e-69,0.359
FW_AS_rep_2,GCA_048474495.1,DBFZEQ010000075.1,pfkA,145,4.284e-40,0.337
FW_AS_rep_2,GCA_048474495.1,DBFZEQ010000072.1,hbd,286,1.056e-88,0.518
FW_AS_rep_2,GCA_048474495.1,DBFZEQ010000072.1,fadB,180,2.934e-52,0.392
FW_AS_rep_2,GCA_048474495.1,DBFZEQ010000087.1,oppA,331,5.98e-100,0.421
FW_AS_rep_2,GCA_048474495.1,DBFZEQ010000085.1,agl,124,4.043e-31,0.324
FW_AS_rep_2,GCA_048474495.1,DBFZEQ010000104.1,hydA,148,3.063e-39,0.302
FW_AS_rep_2,GCA_048474495.1,DBFZEQ010000072.1,fadA,348,3.556e-108,0.501
FW_AS_rep_2,GCA_048474495.1,DBFZEQ010000273.1,cazy_GH5,89,5.824e-21,0.287
FW_AS_rep_2,GCA_048474495.1,DBFZEQ010000045.1,pepQ,157,1.348e-41,0.284
FW_AS_rep_2,GCA_048474495.1,DBFZEQ010000244.1,extracellular_protease,149,7.325e-42,0.379
FW_AS_rep_2,GCA_048474495.1,DBFZEQ010000095.1,pfkA,73,1.304e-15,0.262
FW_AS_rep_2,GCA_048474495.1,DBFZEQ010000006.1,fwdA,45,4.64e-7,0.357
FW_AS_rep_2,GCA_048474495.1,DBFZEQ010000095.1,mdh,166,1.206e-46,0.344
FW_AS_rep_2,GCA_048474495.1,DBFZEQ010000193.1,pyk,403,6.806e-126,0.474
FW_AS_rep_2,GCA_048474495.1,DBFZEQ010000114.1,fadD,96,1.02e-22,0.25
FW_AS_rep_2,GCA_048474495.1,DBFZEQ010000137.1,agl,79,1.226e-16,0.269
FW_AS_rep_2,GCA_048474495.1,DBFZEQ010000175.1,frhB,42,2.34e-6,0.414
FW_AS_rep_2,GCA_048474495.1,DBFZEQ010000024.1,adh,50,4.917e-9,0.304
FW_AS_rep_2,GCA_048474495.1,DBFZEQ010000073.1,etfA,236,2.799e-70,0.413
FW_AS_rep_2,GCA_048474495.1,DBFZEQ010000279.1,pepD,418,6.833e-131,0.467
FW_AS_rep_2,GCA_048474495.1,DBFZEQ010000219.1,extracellular_protease,42,4.252e-6,0.258
FW_AS_rep_2,GCA_048474495.1,DBFZEQ010000051.1,etfA,178,1.346e-51,0.476
FW_AS_rep_2,GCA_048474495.1,DBFZEQ010000285.1,ptsG,298,2.095e-89,0.387
FW_AS_rep_2,GCA_048474495.1,DBFZEQ010000231.1,pepQ,72,3.326e-16,0.278
FW_AS_rep_2,GCA_048474495.1,DBFZEQ010000160.1,ptsG,414,7.779e-126,0.437
FW_AS_rep_2,GCA_048474495.1,DBFZEQ010000140.1,cazy_GH43,149,2.225e-39,0.352
FW_AS_rep_2,GCA_048474495.1,DBFZEQ010000262.1,agl,99,1.001e-23,0.247
FW_AS_rep_2,GCA_048474495.1,DBFZEQ010000078.1,oppB,284,3.877e-87,0.483
FW_AS_rep_2,GCA_041907565.1,JAYRHA010000008.1,gapA,241,1.912e-72,0.413
FW_AS_rep_2,GCA_041907565.1,JAYRHA010000003.1,fadD,228,2.338e-65,0.342
FW_AS_rep_2,GCA_041907565.1,JAYRHA010000014.1,pepQ,140,4.487e-37,0.311
FW_AS_rep_2,GCA_041907565.1,JAYRHA010000008.1,pepA,359,2.844e-110,0.449
FW_AS_rep_2,GCA_041907565.1,JAYRHA010000012.1,bgl,160,3.347e-43,0.279
FW_AS_rep_2,GCA_041907565.1,JAYRHA010000011.1,hbd,43,1.977e-6,0.285
FW_AS_rep_2,GCA_041907565.1,JAYRHA010000003.1,acylglycerol_lipase,44,4.271e-7,0.223
FW_AS_rep_2,GCA_041907565.1,JAYRHA010000008.1,bgl,184,4.441e-51,0.3
FW_AS_rep_2,GCA_041907565.1,JAYRHA010000003.1,acs,112,1.149e-27,0.243
FW_AS_rep_2,GCA_041907565.1,JAYRHA010000011.1,pgi,74,4.53e-16,0.256
FW_AS_rep_2,GCA_041907565.1,JAYRHA010000007.1,bgl,186,2.336e-52,0.304
FW_AS_rep_2,GCA_041907565.1,JAYRHA010000003.1,pepQ,145,2.525e-38,0.308
FW_AS_rep_2,GCA_041907565.1,JAYRHA010000008.1,pepQ,58,1.242e-11,0.289
FW_AS_rep_2,GCA_048240105.1,DBFAUK010000015.1,gapA,273,5.69e-83,0.45
FW_AS_rep_2,GCA_048240105.1,DBFAUK010000129.1,oppB,246,1.482e-74,0.427
FW_AS_rep_2,GCA_048240105.1,DBFAUK010000170.1,dppC,201,2.043e-59,0.385
FW_AS_rep_2,GCA_048240105.1,DBFAUK010000380.1,rnfB,45,9.174e-7,0.317
FW_AS_rep_2,GCA_048240105.1,DBFAUK010000416.1,agl,301,1.982e-89,0.399
FW_AS_rep_2,GCA_048240105.1,DBFAUK010000194.1,frhG,46,1.399e-7,0.415
FW_AS_rep_2,GCA_048240105.1,DBFAUK010000380.1,hydA,118,5.404e-30,0.297
FW_AS_rep_2,GCA_048240105.1,DBFAUK010000133.1,mvhG,102,6.849e-28,0.428
FW_AS_rep_2,GCA_048240105.1,DBFAUK010000380.1,frhG,44,7.943e-7,0.341
FW_AS_rep_2,GCA_048240105.1,DBFAUK010000128.1,oppA,295,6.629e-88,0.391
FW_AS_rep_2,GCA_048240105.1,DBFAUK010000271.1,hydA,41,4.896e-6,0.38
FW_AS_rep_2,GCA_048240105.1,DBFAUK010000342.1,hydA,42,1.421e-6,0.23
FW_AS_rep_2,GCA_048240105.1,DBFAUK010000129.1,oppA,244,1.249e-70,0.322
FW_AS_rep_2,GCA_048240105.1,DBFAUK010000164.1,agl,93,1.789e-21,0.281
FW_AS_rep_2,GCA_048240105.1,DBFAUK010000097.1,acylglycerol_lipase,134,4.796e-36,0.295
FW_AS_rep_2,GCA_048240105.1,DBFAUK010000446.1,rnfB,43,2.644e-6,0.347
FW_AS_rep_2,GCA_048240105.1,DBFAUK010000429.1,frhG,42,6.582e-6,0.327
FW_AS_rep_2,GCA_048240105.1,DBFAUK010000367.1,frhB,46,6.358e-8,0.446
FW_AS_rep_2,GCA_048240105.1,DBFAUK010000194.1,frhB,43,1.759e-6,0.439
FW_AS_rep_2,GCA_048240105.1,DBFAUK010000027.1,frhB,46,1.808e-7,0.396
FW_AS_rep_2,GCA_048240105.1,DBFAUK010000327.1,dppA,100,3.087e-24,0.252
FW_AS_rep_2,GCA_048240105.1,DBFAUK010000168.1,dppC,243,1.071e-73,0.459
FW_AS_rep_2,GCA_048240105.1,DBFAUK010000403.1,pfor,1447,0.0,0.62
FW_AS_rep_2,GCA_048240105.1,DBFAUK010000115.1,cazy_GH5,71,5.775e-15,0.309
FW_AS_rep_2,GCA_048240105.1,DBFAUK010000065.1,cazy_GH10,76,5.286e-17,0.268
FW_AS_rep_2,GCA_048240105.1,DBFAUK010000180.1,bgl,312,6.985e-95,0.388
FW_AS_rep_2,GCA_048240105.1,DBFAUK010000372.1,folD,357,2.068e-113,0.644
FW_AS_rep_2,GCA_048240105.1,DBFAUK010000035.1,pta,229,2.868e-68,0.421
FW_AS_rep_2,GCA_048240105.1,DBFAUK010000129.1,dppA,248,3.17e-72,0.31
FW_AS_rep_2,GCA_048240105.1,DBFAUK010000206.1,fadD,111,2.037e-26,0.269
FW_AS_rep_2,GCA_048240105.1,DBFAUK010000046.1,cazy_GH5,91,3.275e-21,0.291
FW_AS_rep_2,GCA_048240105.1,DBFAUK010000253.1,fhs,683,2.163e-220,0.617
FW_AS_rep_2,GCA_048240105.1,DBFAUK010000367.1,frhG,40,8.575e-6,0.345
FW_AS_rep_2,GCA_048240105.1,DBFAUK010000206.1,pfkA,205,4.557e-60,0.376
FW_AS_rep_2,GCA_048240105.1,DBFAUK010000128.1,oppB,293,4.789e-90,0.496
FW_AS_rep_2,GCA_048240105.1,DBFAUK010000256.1,cazy_GH10,57,1.643e-10,0.33
FW_AS_rep_2,GCA_048240105.1,DBFAUK010000261.1,pyk,458,7.808e-145,0.523
FW_AS_rep_2,GCA_048240105.1,DBFAUK010000458.1,oppB,178,5.294e-48,0.4
FW_AS_rep_2,GCA_048240105.1,DBFAUK010000462.1,cazy_GH13,141,7.685e-37,0.336
FW_AS_rep_2,GCA_048240105.1,DBFAUK010000133.1,hydA,44,1.461e-6,0.333
FW_AS_rep_2,GCA_048240105.1,DBFAUK010000098.1,etfB,124,2.904e-34,0.372
FW_AS_rep_2,GCA_048240105.1,DBFAUK010000170.1,oppA,181,4.621e-50,0.284
FW_AS_rep_2,GCA_048240105.1,DBFAUK010000458.1,dppA,44,2.85e-6,0.245
FW_AS_rep_2,GCA_048240105.1,DBFAUK010000185.1,agl,68,3.86e-14,0.276
FW_AS_rep_2,GCA_048240105.1,DBFAUK010000012.1,fadD,72,2.146e-15,0.25
FW_AS_rep_2,GCA_048240105.1,DBFAUK010000353.1,cazy_GH13,158,9.086e-42,0.357
FW_AS_rep_2,GCA_048240105.1,DBFAUK010000398.1,cazy_GH13,80,3.177e-18,0.287
FW_AS_rep_2,GCA_048240105.1,DBFAUK010000133.1,lctC,48,3.79e-9,0.341
FW_AS_rep_2,GCA_048240105.1,DBFAUK010000458.1,dppC,165,7.536e-44,0.368
FW_AS_rep_2,GCA_048240105.1,DBFAUK010000020.1,edd,220,3.886e-62,0.307
FW_AS_rep_2,GCA_048240105.1,DBFAUK010000177.1,cazy_GH43,70,1.373e-14,0.27
FW_AS_rep_2,GCA_048240105.1,DBFAUK010000429.1,hydA,319,4.997e-99,0.459
FW_AS_rep_2,GCA_048240105.1,DBFAUK010000194.1,pfor,44,5.713e-7,0.234
FW_AS_rep_2,GCA_048240105.1,DBFAUK010000406.1,cazy_GH13,156,2.027e-41,0.327
FW_AS_rep_2,GCA_048240105.1,DBFAUK010000402.1,hydA,45,3.79e-7,0.312
FW_AS_rep_2,GCA_048240105.1,DBFAUK010000462.1,agl,121,1.903e-30,0.288
FW_AS_rep_2,GCA_048240105.1,DBFAUK010000338.1,pepQ,73,2.303e-16,0.288
FW_AS_rep_2,GCA_048240105.1,DBFAUK010000128.1,dppA,249,3.674e-72,0.345
FW_AS_rep_2,GCA_048240105.1,DBFAUK010000062.1,pfkA,207,1.771e-60,0.384
FW_AS_rep_2,GCA_048240105.1,DBFAUK010000170.1,dppA,200,2.345e-56,0.291
FW_AS_rep_2,GCA_048240105.1,DBFAUK010000145.1,pepQ,87,7.538e-23,0.388
FW_AS_rep_2,GCA_048240105.1,DBFAUK010000185.1,cazy_GH13,94,2.658e-22,0.267
FW_AS_rep_2,GCA_048240105.1,DBFAUK010000458.1,oppA,54,1.638e-9,0.25
FW_AS_rep_2,GCA_048240105.1,DBFAUK010000416.1,cazy_GH13,198,8.324e-55,0.366
FW_AS_rep_2,GCA_048240105.1,DBFAUK010000222.1,frhG,46,1.554e-7,0.4
FW_AS_rep_2,GCA_048240105.1,DBFAUK010000035.1,ackA,437,6.329e-139,0.552
FW_AS_rep_2,GCA_048240105.1,DBFAUK010000097.1,lysophospholipase,57,8.882e-11,0.265
FW_AS_rep_2,GCA_048240105.1,DBFAUK010000380.1,pfor,44,1.388e-6,0.329
FW_AS_rep_2,GCA_048240105.1,DBFAUK010000087.1,etfB,136,5.666e-37,0.353
FW_AS_rep_2,GCA_048240105.1,DBFAUK010000271.1,frhG,56,6.862e-11,0.476
FW_AS_rep_2,GCA_048240105.1,DBFAUK010000136.1,mdh,117,3.372e-30,0.291
FW_AS_rep_2,GCA_048240105.1,DBFAUK010000099.1,adhE,234,2.066e-69,0.37
FW_AS_rep_2,GCA_048240105.1,DBFAUK010000087.1,frhB,53,1.96e-9,0.488
FW_AS_rep_2,GCA_048240105.1,DBFAUK010000402.1,rnfB,42,2.692e-6,0.283
FW_AS_rep_2,GCA_048240105.1,DBFAUK010000129.1,dppB,235,9.404e-71,0.414
FW_AS_rep_2,GCA_048240105.1,DBFAUK010000077.1,pfkA,188,1.417e-54,0.378
FW_AS_rep_2,GCA_048240105.1,DBFAUK010000164.1,cazy_GH13,126,7.28e-32,0.289
FW_AS_rep_2,GCA_048240105.1,DBFAUK010000133.1,mvhD,192,7.497e-59,0.625
FW_AS_rep_2,GCA_048240105.1,DBFAUK010000087.1,frhG,51,6.022e-9,0.469
FW_AS_rep_2,GCA_048240105.1,DBFAUK010000087.1,hydA,47,1.314e-7,0.406
FW_AS_rep_2,GCA_048240105.1,DBFAUK010000253.1,agl,125,2.078e-31,0.306
FW_AS_rep_2,GCA_048240105.1,DBFAUK010000429.1,fdhA,54,5.242e-10,0.314
FW_AS_rep_2,GCA_048240105.1,DBFAUK010000027.1,frhG,49,2.514e-8,0.444
FW_AS_rep_2,GCA_048240105.1,DBFAUK010000222.1,frhB,51,5.174e-9,0.373
FW_AS_rep_2,GCA_048240105.1,DBFAUK010000136.1,ilvE,305,6.32e-94,0.482
FW_AS_rep_2,GCA_048240105.1,DBFAUK010000036.1,etfA,160,1.104e-43,0.368
FW_AS_rep_2,GCA_048240105.1,DBFAUK010000128.1,dppC,262,2.816e-79,0.456
FW_AS_rep_2,GCA_048240105.1,DBFAUK010000170.1,oppB,204,1.382e-59,0.385
FW_AS_rep_2,GCA_048240105.1,DBFAUK010000458.1,dppB,141,3.633e-38,0.339
FW_AS_rep_2,GCA_048240105.1,DBFAUK010000340.1,agl,86,2.838e-20,0.347
FW_AS_rep_2,GCA_048240105.1,DBFAUK010000195.1,endopeptidase,278,1.319e-79,0.53
FW_AS_rep_2,GCA_048240105.1,DBFAUK010000087.1,etfA,196,3.247e-56,0.363
FW_AS_rep_2,GCA_048240105.1,DBFAUK010000194.1,rnfB,96,3.236e-23,0.349
FW_AS_rep_2,GCA_048240105.1,DBFAUK010000160.1,pepT,148,2.56e-38,0.374
FW_AS_rep_2,GCA_048240105.1,DBFAUK010000260.1,fwdA,44,1.483e-6,0.415
FW_AS_rep_2,GCA_048240105.1,DBFAUK010000129.1,dppC,231,3.658e-67,0.455
FW_AS_rep_2,GCA_048240105.1,DBFAUK010000174.1,eda,237,2.552e-71,0.402
FW_AS_rep_2,GCA_048240105.1,DBFAUK010000168.1,oppB,233,2.69e-70,0.43
FW_AS_rep_2,GCA_048240105.1,DBFAUK010000327.1,oppA,104,1.252e-25,0.266
FW_AS_rep_2,GCA_048240105.1,DBFAUK010000133.1,mdh,172,3.926e-49,0.338
FW_AS_rep_2,GCA_048240105.1,DBFAUK010000353.1,agl,117,8.168e-29,0.283
FW_AS_rep_2,GCA_048240105.1,DBFAUK010000406.1,agl,220,4.771e-62,0.339
FW_AS_rep_2,GCA_048240105.1,DBFAUK010000367.1,hydA,55,1.026e-10,0.392
FW_AS_rep_2,GCA_048240105.1,DBFAUK010000172.1,frhB,44,3.267e-9,0.463
FW_AS_rep_2,GCA_048240105.1,DBFAUK010000226.1,pgi,126,7.226e-35,0.378
FW_AS_rep_2,GCA_048240105.1,DBFAUK010000340.1,cazy_GH13,90,1.982e-21,0.359
FW_AS_rep_2,GCA_048240105.1,DBFAUK010000446.1,hydA,111,1.095e-27,0.257
FW_AS_rep_2,GCA_048240105.1,DBFAUK010000087.1,xylB,146,1.915e-38,0.3
FW_AS_rep_2,GCA_048240105.1,DBFAUK010000253.1,cazy_GH13,143,5.296e-37,0.321
FW_AS_rep_2,GCA_048240105.1,DBFAUK010000128.1,dppB,275,4.6e-84,0.481
FW_AS_rep_2,GCA_048240105.1,DBFAUK010000344.1,hydA,389,1.536e-123,0.565
FW_AS_rep_2,GCA_048240105.1,DBFAUK010000027.1,rnfB,41,7.002e-6,0.361
FW_AS_rep_2,GCA_048240105.1,DBFAUK010000168.1,dppB,174,7.164e-51,0.408
FW_AS_rep_2,GCA_048240105.1,DBFAUK010000271.1,frhB,49,9.197e-9,0.434
FW_AS_rep_2,GCA_048240105.1,DBFAUK010000098.1,etfA,80,3.537e-19,0.337
FW_AS_rep_2,GCA_048240105.1,DBFAUK010000453.1,gdh,608,5.694e-196,0.665
FW_AS_rep_2,GCA_048240105.1,DBFAUK010000218.1,endopeptidase,265,4.786e-81,0.538
FW_AS_rep_2,GCA_048240105.1,DBFAUK010000133.1,frhG,40,3.026e-6,0.281
FW_AS_rep_2,GCA_048240105.1,DBFAUK010000170.1,dppB,200,2.264e-58,0.354
FW_AS_rep_2,GCA_048240105.1,DBFAUK010000102.1,pgi,139,3.673e-36,0.313
FW_AS_rep_2,GCA_048240105.1,DBFAUK010000194.1,hydA,56,1.595e-10,0.383
FW_AS_rep_2,GCA_029554755.1,JAKPVV010000241.1,acs,79,6.158e-17,0.241
FW_AS_rep_2,GCA_029554755.1,JAKPVV010000231.1,edd,180,2.451e-49,0.308
FW_AS_rep_2,GCA_029554755.1,JAKPVV010000101.1,cazy_GH10,132,2.764e-33,0.336
FW_AS_rep_2,GCA_029554755.1,JAKPVV010000306.1,adh,64,1.38e-13,0.275
FW_AS_rep_2,GCA_029554755.1,JAKPVV010000132.1,frhG,44,3.642e-7,0.286
FW_AS_rep_2,GCA_029554755.1,JAKPVV010000009.1,agl,66,1.505e-13,0.235
FW_AS_rep_2,GCA_029554755.1,JAKPVV010000101.1,cazy_CBM6,78,8.659e-17,0.359
FW_AS_rep_2,GCA_029554755.1,JAKPVV010000120.1,fadD,161,2.38e-42,0.321
FW_AS_rep_2,GCA_029554755.1,JAKPVV010000101.1,lysophospholipase,42,4.786e-6,0.333
FW_AS_rep_2,GCA_029554755.1,JAKPVV010000086.1,pta,119,3.161e-29,0.28
FW_AS_rep_2,GCA_029554755.1,JAKPVV010000120.1,acs,95,6.565e-22,0.25
FW_AS_rep_2,GCA_029554755.1,JAKPVV010000233.1,pfkA,41,1.706e-7,0.346
FW_AS_rep_2,GCA_029554755.1,JAKPVV010000268.1,dppC,123,4.62e-33,0.309
FW_AS_rep_2,GCA_029554755.1,JAKPVV010000310.1,thl,42,3.088e-6,0.3
FW_AS_rep_2,GCA_029554755.1,JAKPVV010000140.1,cazy_GH5,49,2.671e-8,0.25
FW_AS_rep_2,GCA_029554755.1,JAKPVV010000268.1,oppA,58,1.12e-10,0.224
FW_AS_rep_2,GCA_029554755.1,JAKPVV010000063.1,cazy_GH10,141,9.399e-37,0.298
FW_AS_rep_2,GCA_029554755.1,JAKPVV010000038.1,oppB,184,6.434e-53,0.37
FW_AS_rep_2,GCA_029554755.1,JAKPVV010000106.1,endopeptidase,298,9.269e-93,0.518
FW_AS_rep_2,GCA_029554755.1,JAKPVV010000022.1,frhG,43,1.252e-8,0.32
FW_AS_rep_2,GCA_029554755.1,JAKPVV010000101.1,cazy_GH43,124,7.759e-31,0.361
FW_AS_rep_2,GCA_029554755.1,JAKPVV010000038.1,dppC,146,5.957e-40,0.364
FW_AS_rep_2,GCA_029554755.1,JAKPVV010000152.1,agl,55,4.306e-10,0.25
FW_AS_rep_2,GCA_029554755.1,JAKPVV010000007.1,fadD,245,1.486e-70,0.33
FW_AS_rep_2,GCA_029554755.1,JAKPVV010000009.1,cazy_GH13,116,4.193e-29,0.325
FW_AS_rep_2,GCA_029554755.1,JAKPVV010000008.1,pta,223,7.793e-64,0.443
FW_AS_rep_2,GCA_029554755.1,JAKPVV010000263.1,pgi,511,5.638e-165,0.688
FW_AS_rep_2,GCA_029554755.1,JAKPVV010000008.1,cazy_GH9,204,4.547e-57,0.346
FW_AS_rep_2,GCA_029554755.1,JAKPVV010000252.1,cazy_GH5,49,4.192e-8,0.22
FW_AS_rep_2,GCA_029554755.1,JAKPVV010000268.1,oppB,134,1.114e-36,0.324
FW_AS_rep_2,GCA_029554755.1,JAKPVV010000152.1,cazy_GH13,70,5.134e-15,0.269
FW_AS_rep_2,GCA_029554755.1,JAKPVV010000007.1,acs,58,9.961e-11,0.214
FW_AS_rep_2,GCA_029554755.1,JAKPVV010000087.1,cazy_PL1,49,8.428e-8,0.286
FW_AS_rep_2,GCA_029554755.1,JAKPVV010000145.1,fumB,686,2.433e-222,0.624
FW_AS_rep_2,GCA_029554755.1,JAKPVV010000143.1,cazy_GH13,162,3.698e-44,0.342
FW_AS_rep_2,GCA_029554755.1,JAKPVV010000050.1,cazy_CBM6,49,1.19e-8,0.391
FW_AS_rep_2,GCA_029554755.1,JAKPVV010000008.1,pfkA,143,5.195e-38,0.325
FW_AS_rep_2,GCA_029554755.1,JAKPVV010000019.1,pfor,45,8.776e-8,0.293
FW_AS_rep_2,GCA_029554755.1,JAKPVV010000019.1,frhB,46,2.639e-8,0.355
FW_AS_rep_2,GCA_029554755.1,JAKPVV010000121.1,cazy_CBM6,63,2.885e-12,0.342
FW_AS_rep_2,GCA_029554755.1,JAKPVV010000102.1,ackA,366,3.539e-114,0.515
FW_AS_rep_2,GCA_029554755.1,JAKPVV010000019.1,frhG,40,4.248e-6,0.307
FW_AS_rep_2,GCA_029554755.1,JAKPVV010000313.1,cazy_GH11,157,1.374e-41,0.437
FW_AS_rep_2,GCA_029554755.1,JAKPVV010000288.1,pepA,348,7.984e-107,0.514
FW_AS_rep_2,GCA_029554755.1,JAKPVV010000047.1,endopeptidase,216,2.013e-62,0.407
FW_AS_rep_2,GCA_029554755.1,JAKPVV010000098.1,gapA,427,3.967e-136,0.645
FW_AS_rep_2,GCA_029554755.1,JAKPVV010000268.1,dppA,47,1.983e-7,0.2
FW_AS_rep_2,GCA_029554755.1,JAKPVV010000012.1,oppA,127,5.26e-32,0.245
FW_AS_rep_2,GCA_029554755.1,JAKPVV010000065.1,cazy_CBM6,78,8.623e-17,0.373
FW_AS_rep_2,GCA_029554755.1,JAKPVV010000145.1,cazy_GH9,126,3.774e-31,0.268
FW_AS_rep_2,GCA_029554755.1,JAKPVV010000193.1,gdh,590,1.308e-190,0.671
FW_AS_rep_2,GCA_029554755.1,JAKPVV010000294.1,pepQ,128,4.232e-33,0.296
FW_AS_rep_2,GCA_029554755.1,JAKPVV010000241.1,fadD,161,1.255e-41,0.365
FW_AS_rep_2,GCA_029554755.1,JAKPVV010000225.1,cazy_CBM6,45,3.892e-8,0.41
FW_AS_rep_2,GCA_029554755.1,JAKPVV010000098.1,cazy_GH5,80,6.408e-18,0.277
FW_AS_rep_2,GCA_029554755.1,JAKPVV010000257.1,endopeptidase,300,1.114e-86,0.536
FW_AS_rep_2,GCA_029554755.1,JAKPVV010000042.1,pgi,306,3.861e-96,0.66
FW_AS_rep_2,GCA_029554755.1,JAKPVV010000170.1,oppA,84,1.056e-18,0.234
FW_AS_rep_2,GCA_029554755.1,JAKPVV010000121.1,cazy_GH43,86,4.037e-19,0.292
FW_AS_rep_2,GCA_029554755.1,JAKPVV010000012.1,dppA,108,4.127e-26,0.25
FW_AS_rep_2,GCA_029554755.1,JAKPVV010000079.1,acs,236,7.439e-68,0.32
FW_AS_rep_2,GCA_029554755.1,JAKPVV010000194.1,phospholipase,55,3.595e-11,0.288
FW_AS_rep_2,GCA_029554755.1,JAKPVV010000268.1,dppB,141,2.746e-37,0.336
FW_AS_rep_2,GCA_029554755.1,JAKPVV010000277.1,lysophospholipase,154,1.703e-44,0.362
FW_AS_rep_2,GCA_029554755.1,JAKPVV010000030.1,ilvE,257,5.599e-78,0.417
FW_AS_rep_2,GCA_029554755.1,JAKPVV010000143.1,agl,116,3.336e-29,0.277
FW_AS_rep_2,GCA_029554755.1,JAKPVV010000004.1,cazy_GH5,72,3.051e-15,0.247
FW_AS_rep_2,GCA_029554755.1,JAKPVV010000050.1,cazy_PL1,98,5.09e-23,0.339
FW_AS_rep_2,GCA_029554755.1,JAKPVV010000132.1,fdhA,49,2.888e-8,0.381
FW_AS_rep_2,GCA_029554755.1,JAKPVV010000079.1,fadD,127,2.956e-32,0.269
FW_AS_rep_2,GCA_029554755.1,JAKPVV010000038.1,dppB,190,8.385e-55,0.366
FW_AS_rep_2,GCA_022840635.1,JALHDW010000014.1,fdhA,275,2.792e-78,0.332
FW_AS_rep_2,GCA_022840635.1,JALHDW010000011.1,acs,68,6.285e-14,0.233
FW_AS_rep_2,GCA_022840635.1,JALHDW010000027.1,dppC,216,2.374e-64,0.409
FW_AS_rep_2,GCA_022840635.1,JALHDW010000020.1,dppB,110,5.358e-27,0.285
FW_AS_rep_2,GCA_022840635.1,JALHDW010000027.1,dppA,156,9.407e-42,0.314
FW_AS_rep_2,GCA_022840635.1,JALHDW010000032.1,edd,297,2.627e-88,0.362
FW_AS_rep_2,GCA_022840635.1,JALHDW010000039.1,acs,74,1.33e-15,0.239
FW_AS_rep_2,GCA_022840635.1,JALHDW010000004.1,frhG,44,6.384e-8,0.389
FW_AS_rep_2,GCA_022840635.1,JALHDW010000005.1,oppB,237,1.355e-71,0.453
FW_AS_rep_2,GCA_022840635.1,JALHDW010000021.1,ackA,407,3.754e-127,0.514
FW_AS_rep_2,GCA_022840635.1,JALHDW010000020.1,eda,191,4.758e-57,0.497
FW_AS_rep_2,GCA_022840635.1,JALHDW010000027.1,oppA,116,7.07e-29,0.264
FW_AS_rep_2,GCA_022840635.1,JALHDW010000016.1,adhE,145,2.488e-39,0.334
FW_AS_rep_2,GCA_022840635.1,JALHDW010000001.1,fadB,151,4.395e-42,0.317
FW_AS_rep_2,GCA_022840635.1,JALHDW010000067.1,frhB,44,8.892e-8,0.346
FW_AS_rep_2,GCA_022840635.1,JALHDW010000020.1,ackA,93,3.644e-22,0.265
FW_AS_rep_2,GCA_022840635.1,JALHDW010000038.1,fhs,625,2.429e-200,0.572
FW_AS_rep_2,GCA_022840635.1,JALHDW010000028.1,pta,147,1.232e-39,0.399
FW_AS_rep_2,GCA_022840635.1,JALHDW010000148.1,frhG,42,2.354e-6,0.333
FW_AS_rep_2,GCA_022840635.1,JALHDW010000044.1,dppA,79,1.792e-17,0.254
FW_AS_rep_2,GCA_022840635.1,JALHDW010000034.1,hydA,41,8.249e-6,0.322
FW_AS_rep_2,GCA_022840635.1,JALHDW010000020.1,dppC,172,3.673e-48,0.326
FW_AS_rep_2,GCA_022840635.1,JALHDW010000028.1,hydA,43,1.694e-8,0.412
FW_AS_rep_2,GCA_022840635.1,JALHDW010000005.1,oppA,124,5.174e-31,0.241
FW_AS_rep_2,GCA_022840635.1,JALHDW010000004.1,oppA,413,9.207e-129,0.457
FW_AS_rep_2,GCA_022840635.1,JALHDW010000020.1,aldh,281,5.907e-84,0.363
FW_AS_rep_2,GCA_022840635.1,JALHDW010000116.1,aldh,319,3.056e-97,0.419
FW_AS_rep_2,GCA_022840635.1,JALHDW010000020.1,pta,141,1.099e-38,0.365
FW_AS_rep_2,GCA_022840635.1,JALHDW010000004.1,dppB,284,2.335e-87,0.475
FW_AS_rep_2,GCA_022840635.1,JALHDW010000073.1,gapA,406,3.577e-130,0.661
FW_AS_rep_2,GCA_022840635.1,JALHDW010000014.1,frhB,40,4.508e-6,0.448
FW_AS_rep_2,GCA_022840635.1,JALHDW010000043.1,oppA,226,4.72e-64,0.312
FW_AS_rep_2,GCA_022840635.1,JALHDW010000038.1,ackA,70,4.767e-16,0.385
FW_AS_rep_2,GCA_022840635.1,JALHDW010000034.1,frhB,53,7.046e-10,0.51
FW_AS_rep_2,GCA_022840635.1,JALHDW010000021.1,rnfB,41,6.356e-6,0.321
FW_AS_rep_2,GCA_022840635.1,JALHDW010000003.1,aldh,230,1.235e-66,0.353
FW_AS_rep_2,GCA_022840635.1,JALHDW010000013.1,xylF,123,7.962e-32,0.377
FW_AS_rep_2,GCA_022840635.1,JALHDW010000004.1,dppA,315,3.332e-95,0.375
FW_AS_rep_2,GCA_022840635.1,JALHDW010000017.1,rnfB,41,8.917e-6,0.285
FW_AS_rep_2,GCA_022840635.1,JALHDW010000013.1,aldh,53,2.742e-9,0.241
FW_AS_rep_2,GCA_022840635.1,JALHDW010000013.1,oppA,210,1.452e-58,0.316
FW_AS_rep_2,GCA_022840635.1,JALHDW010000001.1,agl,86,9.851e-20,0.271
FW_AS_rep_2,GCA_022840635.1,JALHDW010000013.1,dppA,246,2.65e-70,0.337
FW_AS_rep_2,GCA_022840635.1,JALHDW010000067.1,pfor,56,2.091e-10,0.237
FW_AS_rep_2,GCA_022840635.1,JALHDW010000029.1,acs,52,8.093e-9,0.22
FW_AS_rep_2,GCA_022840635.1,JALHDW010000003.1,hydA,479,2.866e-149,0.442
FW_AS_rep_2,GCA_022840635.1,JALHDW010000013.1,oppB,220,1.745e-65,0.406
FW_AS_rep_2,GCA_022840635.1,JALHDW010000119.1,lctC,46,1.063e-8,0.316
FW_AS_rep_2,GCA_022840635.1,JALHDW010000016.1,esterase,184,3.534e-50,0.346
FW_AS_rep_2,GCA_022840635.1,JALHDW010000020.1,oppB,162,7.609e-45,0.317
FW_AS_rep_2,GCA_022840635.1,JALHDW010000022.1,adh,60,2.594e-12,0.287
FW_AS_rep_2,GCA_022840635.1,JALHDW010000029.1,frhG,61,8.083e-12,0.468
FW_AS_rep_2,GCA_022840635.1,JALHDW010000067.1,hydA,46,2.642e-8,0.383
FW_AS_rep_2,GCA_022840635.1,JALHDW010000012.1,endopeptidase,279,6.62e-80,0.51
FW_AS_rep_2,GCA_022840635.1,JALHDW010000068.1,cazy_GH13,47,1.522e-9,0.633
FW_AS_rep_2,GCA_022840635.1,JALHDW010000029.1,hydA,106,8.936e-26,0.287
FW_AS_rep_2,GCA_022840635.1,JALHDW010000013.1,dppB,238,7.25e-72,0.393
FW_AS_rep_2,GCA_022840635.1,JALHDW010000002.1,gdh,556,2.874e-179,0.618
FW_AS_rep_2,GCA_022840635.1,JALHDW010000017.1,fumB,372,6.286e-114,0.408
FW_AS_rep_2,GCA_022840635.1,JALHDW010000001.1,hbd,266,8.147e-82,0.505
FW_AS_rep_2,GCA_022840635.1,JALHDW010000039.1,fadD,267,3.114e-78,0.381
FW_AS_rep_2,GCA_022840635.1,JALHDW010000001.1,ilvE,244,3.208e-73,0.422
FW_AS_rep_2,GCA_022840635.1,JALHDW010000045.1,pepT,70,1.485e-14,0.242
FW_AS_rep_2,GCA_022840635.1,JALHDW010000025.1,dppC,258,1.901e-78,0.478
FW_AS_rep_2,GCA_022840635.1,JALHDW010000029.1,frhB,57,1.315e-10,0.323
FW_AS_rep_2,GCA_022840635.1,JALHDW010000011.1,fadD,251,5.142e-72,0.355
FW_AS_rep_2,GCA_022840635.1,JALHDW010000053.1,fumB,143,9.447e-41,0.444
FW_AS_rep_2,GCA_022840635.1,JALHDW010000001.1,oppA,113,7.657e-28,0.234
FW_AS_rep_2,GCA_022840635.1,JALHDW010000017.1,hydA,53,6.615e-10,0.353
FW_AS_rep_2,GCA_022840635.1,JALHDW010000068.1,agl,87,1.845e-23,0.55
FW_AS_rep_2,GCA_022840635.1,JALHDW010000014.1,hydA,40,2.493e-6,0.375
FW_AS_rep_2,GCA_022840635.1,JALHDW010000004.1,oppB,312,3.647e-97,0.527
FW_AS_rep_2,GCA_022840635.1,JALHDW010000017.1,frhG,41,4.389e-6,0.375
FW_AS_rep_2,GCA_022840635.1,JALHDW010000001.1,dppA,77,1.199e-16,0.195
FW_AS_rep_2,GCA_022840635.1,JALHDW010000025.1,oppA,129,8.116e-33,0.279
FW_AS_rep_2,GCA_022840635.1,JALHDW010000067.1,rnfB,44,8.892e-8,0.298
FW_AS_rep_2,GCA_022840635.1,JALHDW010000009.1,frhB,42,3.928e-8,0.372
FW_AS_rep_2,GCA_022840635.1,JALHDW010000001.1,cazy_GH13,96,5.87e-23,0.293
FW_AS_rep_2,GCA_022840635.1,JALHDW010000001.1,crt,201,4.786e-60,0.429
FW_AS_rep_2,GCA_022840635.1,JALHDW010000001.1,fadA,304,2.945e-93,0.464
FW_AS_rep_2,GCA_022840635.1,JALHDW010000025.1,dppB,265,4.978e-81,0.437
FW_AS_rep_2,GCA_022840635.1,JALHDW010000009.1,frhG,48,3.261e-10,0.39
FW_AS_rep_2,GCA_022840635.1,JALHDW010000029.1,rnfB,47,1.835e-7,0.538
FW_AS_rep_2,GCA_022840635.1,JALHDW010000035.1,frhB,40,4.379e-6,0.414
FW_AS_rep_2,GCA_022840635.1,JALHDW010000025.1,oppB,244,1.083e-73,0.467
FW_AS_rep_2,GCA_022840635.1,JALHDW010000011.1,lysophospholipase,44,4.326e-7,0.242
FW_AS_rep_2,GCA_022840635.1,JALHDW010000005.1,dppC,270,9.517e-83,0.496
FW_AS_rep_2,GCA_022840635.1,JALHDW010000050.1,tdcB,83,6.158e-19,0.289
FW_AS_rep_2,GCA_022840635.1,JALHDW010000013.1,dppC,210,7.134e-63,0.44
FW_AS_rep_2,GCA_022840635.1,JALHDW010000002.1,cat,254,9.952e-79,0.575
FW_AS_rep_2,GCA_022840635.1,JALHDW010000009.1,fdhA,137,2.07e-34,0.266
FW_AS_rep_2,GCA_022840635.1,JALHDW010000011.1,pepQ,95,3.569e-22,0.264
FW_AS_rep_2,GCA_022840635.1,JALHDW010000043.1,dppA,201,5.967e-56,0.304
FW_AS_rep_2,GCA_022840635.1,JALHDW010000022.1,cazy_GH13,61,1.213e-11,0.28
FW_AS_rep_2,GCA_022840635.1,JALHDW010000028.1,cazy_GH13,171,1.517e-46,0.358
FW_AS_rep_2,GCA_022840635.1,JALHDW010000020.1,xylF,58,4.483e-11,0.267
FW_AS_rep_2,GCA_022840635.1,JALHDW010000050.1,gapA,378,2.217e-119,0.56
FW_AS_rep_2,GCA_022840635.1,JALHDW010000015.1,pgi,349,1.425e-106,0.433
FW_AS_rep_2,GCA_022840635.1,JALHDW010000034.1,rnfB,85,2.283e-20,0.322
FW_AS_rep_2,GCA_022840635.1,JALHDW010000001.1,pepQ,91,1.289e-21,0.319
FW_AS_rep_2,GCA_022840635.1,JALHDW010000003.1,frhG,46,1.942e-7,0.416
FW_AS_rep_2,GCA_022840635.1,JALHDW010000034.1,frhG,49,1.245e-8,0.437
FW_AS_rep_2,GCA_022840635.1,JALHDW010000004.1,adhE,205,8.939e-56,0.35
FW_AS_rep_2,GCA_022840635.1,JALHDW010000005.1,dppA,116,1.121e-28,0.258
FW_AS_rep_2,GCA_022840635.1,JALHDW010000007.1,folD,349,2.015e-110,0.608
FW_AS_rep_2,GCA_022840635.1,JALHDW010000004.1,dppC,235,6.198e-70,0.399
FW_AS_rep_2,GCA_022840635.1,JALHDW010000027.1,dppB,247,1.388e-74,0.401
FW_AS_rep_2,GCA_022840635.1,JALHDW010000003.1,sucC,286,1.5e-85,0.431
FW_AS_rep_2,GCA_022840635.1,JALHDW010000067.1,frhG,45,6.567e-8,0.387
FW_AS_rep_2,GCA_022840635.1,JALHDW010000040.1,gdh,582,1.984e-188,0.647
FW_AS_rep_2,GCA_022840635.1,JALHDW010000044.1,oppA,124,1.096e-31,0.314
FW_AS_rep_2,GCA_022840635.1,JALHDW010000037.1,xylB,151,1.021e-39,0.294
FW_AS_rep_2,GCA_022840635.1,JALHDW010000027.1,pepD,59,1.846e-11,0.291
FW_AS_rep_2,GCA_022840635.1,JALHDW010000025.1,dppA,128,1.083e-32,0.26
FW_AS_rep_2,GCA_022840635.1,JALHDW010000075.1,acs,93,1.572e-21,0.248
FW_AS_rep_2,GCA_022840635.1,JALHDW010000028.1,frhB,40,1.576e-7,0.338
FW_AS_rep_2,GCA_022840635.1,JALHDW010000003.1,rnfB,44,8.002e-7,0.377
FW_AS_rep_2,GCA_022840635.1,JALHDW010000027.1,oppB,229,4.172e-69,0.445
FW_AS_rep_2,GCA_022840635.1,JALHDW010000029.1,fadD,217,2.422e-60,0.304
FW_AS_rep_2,GCA_022840635.1,JALHDW010000067.1,mmcG,123,3.676e-33,0.426
FW_AS_rep_2,GCA_022840635.1,JALHDW010000025.1,acylglycerol_lipase,124,1.093e-32,0.321
FW_AS_rep_2,GCA_022840635.1,JALHDW010000003.1,xylF,110,1.171e-27,0.322
FW_AS_rep_2,GCA_022840635.1,JALHDW010000001.1,dppC,274,6.098e-84,0.45
FW_AS_rep_2,GCA_022840635.1,JALHDW010000116.1,adhE,329,6.749e-101,0.436
FW_AS_rep_2,GCA_022840635.1,JALHDW010000018.1,cazy_GH13,44,2.295e-6,0.255
FW_AS_rep_2,GCA_022840635.1,JALHDW010000003.1,sucD,293,4.564e-89,0.52
FW_AS_rep_2,GCA_022840635.1,JALHDW010000002.1,adh,63,5.837e-13,0.298
FW_AS_rep_2,GCA_022840635.1,JALHDW010000028.1,ackA,93,2.356e-22,0.29
FW_AS_rep_2,GCA_022840635.1,JALHDW010000001.1,etfA,157,7.619e-45,0.412
FW_AS_rep_2,GCA_022840635.1,JALHDW010000067.1,mmcE,780,9.601e-255,0.734
FW_AS_rep_2,GCA_022840635.1,JALHDW010000067.1,mmcF,194,1.417e-59,0.748
FW_AS_rep_2,GCA_022840635.1,JALHDW010000003.1,frhB,48,4.398e-8,0.333
FW_AS_rep_2,GCA_022840635.1,JALHDW010000004.1,frhB,46,1.378e-8,0.423
FW_AS_rep_2,GCA_022840635.1,JALHDW010000075.1,fadD,263,1.292e-76,0.367
FW_AS_rep_2,GCA_022840635.1,JALHDW010000027.1,pepT,181,7.405e-51,0.33
FW_AS_rep_2,GCA_022840635.1,JALHDW010000005.1,tdcB,258,1.346e-78,0.463
FW_AS_rep_2,GCA_022840635.1,JALHDW010000001.1,pfor,48,6.019e-8,0.252
FW_AS_rep_2,GCA_022840635.1,JALHDW010000001.1,hydA,482,3.743e-151,0.418
FW_AS_rep_2,GCA_022840635.1,JALHDW010000028.1,frhG,43,2.33e-8,0.379
FW_AS_rep_2,GCA_022840635.1,JALHDW010000017.1,frhB,54,3.736e-10,0.423
FW_AS_rep_2,GCA_022840635.1,JALHDW010000001.1,dppB,274,1.353e-83,0.472
FW_AS_rep_2,GCA_022840635.1,JALHDW010000020.1,adhE,287,4.138e-86,0.367
FW_AS_rep_2,GCA_022840635.1,JALHDW010000001.1,thl,357,1.78e-111,0.516
FW_AS_rep_2,GCA_022840635.1,JALHDW010000028.1,agl,195,1.626e-54,0.374
FW_AS_rep_2,GCA_022840635.1,JALHDW010000003.1,adhE,233,1.441e-67,0.359
FW_AS_rep_2,GCA_022840635.1,JALHDW010000005.1,dppB,250,6.33e-75,0.419
FW_AS_rep_2,GCA_022840635.1,JALHDW010000001.1,frhG,53,3.725e-9,0.424
FW_AS_rep_2,GCA_022840635.1,JALHDW010000001.1,oppB,243,6.117e-73,0.44
FW_AS_rep_2,GCA_022840635.1,JALHDW010000014.1,pfor,1452,0.0,0.628
FW_AS_rep_2,GCA_022704625.1,JAKJFZ010000037.1,pta,143,3.116e-39,0.369
FW_AS_rep_2,GCA_022704625.1,JAKJFZ010000042.1,fdhA,53,2.822e-9,0.298
FW_AS_rep_2,GCA_022704625.1,JAKJFZ010000029.1,ilvE,198,3.347e-57,0.39
FW_AS_rep_2,GCA_022704625.1,JAKJFZ010000039.1,pfor,56,1.431e-10,0.243
FW_AS_rep_2,GCA_022704625.1,JAKJFZ010000047.1,pepQ,71,6.844e-16,0.296
FW_AS_rep_2,GCA_022704625.1,JAKJFZ010000005.1,pfor,1464,0.0,0.624
FW_AS_rep_2,GCA_022704625.1,JAKJFZ010000018.1,dppA,199,1.333e-55,0.3
FW_AS_rep_2,GCA_022704625.1,JAKJFZ010000013.1,cazy_GH13,57,3.31e-10,0.263
FW_AS_rep_2,GCA_022704625.1,JAKJFZ010000079.1,oppB,241,2.975e-73,0.432
FW_AS_rep_2,GCA_022704625.1,JAKJFZ010000101.1,dppB,248,2.43e-74,0.422
FW_AS_rep_2,GCA_022704625.1,JAKJFZ010000018.1,oppA,221,5.929e-63,0.313
FW_AS_rep_2,GCA_022704625.1,JAKJFZ010000036.1,pgi,44,1.434e-7,0.325
FW_AS_rep_2,GCA_022704625.1,JAKJFZ010000042.1,hydA,491,4.337e-154,0.433
FW_AS_rep_2,GCA_022704625.1,JAKJFZ010000039.1,rnfB,46,6.207e-9,0.35
FW_AS_rep_2,GCA_022704625.1,JAKJFZ010000101.1,dppC,274,2.393e-84,0.493
FW_AS_rep_2,GCA_022704625.1,JAKJFZ010000101.1,oppB,233,3.335e-70,0.449
FW_AS_rep_2,GCA_022704625.1,JAKJFZ010000039.1,hydA,44,3.005e-8,0.287
FW_AS_rep_2,GCA_022704625.1,JAKJFZ010000014.1,fdhA,57,1.351e-10,0.4
FW_AS_rep_2,GCA_022704625.1,JAKJFZ010000003.1,pgi,332,2.175e-100,0.417
FW_AS_rep_2,GCA_022704625.1,JAKJFZ010000015.1,dppB,280,1.988e-86,0.467
FW_AS_rep_2,GCA_022704625.1,JAKJFZ010000019.1,oppB,149,1.248e-39,0.373
FW_AS_rep_2,GCA_022704625.1,JAKJFZ010000038.1,agl,84,5.552e-19,0.276
FW_AS_rep_2,GCA_022704625.1,JAKJFZ010000028.1,fhs,631,2.698e-202,0.571
FW_AS_rep_2,GCA_022704625.1,JAKJFZ010000048.1,acs,78,5.297e-17,0.232
FW_AS_rep_2,GCA_022704625.1,JAKJFZ010000013.1,hydA,41,8.686e-6,0.281
FW_AS_rep_2,GCA_022704625.1,JAKJFZ010000038.1,cazy_GH13,100,5.131e-24,0.288
FW_AS_rep_2,GCA_022704625.1,JAKJFZ010000015.1,dppC,218,4.245e-63,0.455
FW_AS_rep_2,GCA_022704625.1,JAKJFZ010000007.1,pepT,192,2.621e-54,0.367
FW_AS_rep_2,GCA_022704625.1,JAKJFZ010000019.1,cazy_GH5,46,6.323e-7,0.289
FW_AS_rep_2,GCA_022704625.1,JAKJFZ010000010.1,xylF,277,1.035e-83,0.437
FW_AS_rep_2,GCA_022704625.1,JAKJFZ010000024.1,acs,84,9.664e-19,0.252
FW_AS_rep_2,GCA_022704625.1,JAKJFZ010000066.1,folD,347,7.199e-110,0.614
FW_AS_rep_2,GCA_022704625.1,JAKJFZ010000009.1,endopeptidase,269,2.719e-77,0.513
FW_AS_rep_2,GCA_022704625.1,JAKJFZ010000039.1,mmcF,196,2.027e-60,0.721
FW_AS_rep_2,GCA_022704625.1,JAKJFZ010000013.1,frhG,48,2.755e-8,0.377
FW_AS_rep_2,GCA_022704625.1,JAKJFZ010000039.1,frhB,40,7.013e-7,0.312
FW_AS_rep_2,GCA_022704625.1,JAKJFZ010000019.1,dppB,144,3.313e-39,0.345
FW_AS_rep_2,GCA_022704625.1,JAKJFZ010000052.1,gapA,368,1.111e-115,0.535
FW_AS_rep_2,GCA_022704625.1,JAKJFZ010000026.1,ackA,46,3.43e-8,0.327
FW_AS_rep_2,GCA_022704625.1,JAKJFZ010000053.1,frhG,42,3.857e-6,0.296
FW_AS_rep_2,GCA_022704625.1,JAKJFZ010000048.1,fadD,248,1.439e-71,0.349
FW_AS_rep_2,GCA_022704625.1,JAKJFZ010000015.1,dppA,300,9.316e-90,0.349
FW_AS_rep_2,GCA_022704625.1,JAKJFZ010000079.1,dppC,217,5.927e-65,0.402
FW_AS_rep_2,GCA_022704625.1,JAKJFZ010000037.1,ackA,100,2.346e-24,0.289
FW_AS_rep_2,GCA_022704625.1,JAKJFZ010000030.1,adh,49,9.504e-9,0.224
FW_AS_rep_2,GCA_022704625.1,JAKJFZ010000039.1,frhG,41,1.991e-7,0.28
FW_AS_rep_2,GCA_022704625.1,JAKJFZ010000001.1,frhG,44,6.609e-9,0.414
FW_AS_rep_2,GCA_022704625.1,JAKJFZ010000042.1,frhG,55,5.484e-10,0.424
FW_AS_rep_2,GCA_022704625.1,JAKJFZ010000039.1,mmcG,112,1.87e-31,0.403
FW_AS_rep_2,GCA_022704625.1,JAKJFZ010000082.1,dppA,103,8.379e-25,0.244
FW_AS_rep_2,GCA_022704625.1,JAKJFZ010000028.1,acylglycerol_lipase,101,2.077e-25,0.286
FW_AS_rep_2,GCA_022704625.1,JAKJFZ010000015.1,adhE,173,1.61e-48,0.342
FW_AS_rep_2,GCA_022704625.1,JAKJFZ010000014.1,hydA,501,1.551e-157,0.444
FW_AS_rep_2,GCA_022704625.1,JAKJFZ010000019.1,dppC,138,6.374e-36,0.35
FW_AS_rep_2,GCA_022704625.1,JAKJFZ010000020.1,frhB,51,6.09e-9,0.318
FW_AS_rep_2,GCA_022704625.1,JAKJFZ010000020.1,hydA,107,3.158e-26,0.27
FW_AS_rep_2,GCA_022704625.1,JAKJFZ010000007.1,pepD,57,1.384e-10,0.289
FW_AS_rep_2,GCA_022704625.1,JAKJFZ010000015.1,oppB,295,1.798e-91,0.491
FW_AS_rep_2,GCA_022704625.1,JAKJFZ010000095.1,fadD,277,1.331e-81,0.397
FW_AS_rep_2,GCA_022704625.1,JAKJFZ010000053.1,fumB,362,6.549e-111,0.392
FW_AS_rep_2,GCA_022704625.1,JAKJFZ010000026.1,xylB,72,4.142e-15,0.237
FW_AS_rep_2,GCA_022704625.1,JAKJFZ010000037.1,frhG,41,1.063e-7,0.363
FW_AS_rep_2,GCA_022704625.1,JAKJFZ010000058.1,oppA,63,6.603e-14,0.309
FW_AS_rep_2,GCA_022704625.1,JAKJFZ010000046.1,pepQ,90,2.812e-21,0.278
FW_AS_rep_2,GCA_022704625.1,JAKJFZ010000028.1,dppB,247,5.451e-75,0.393
FW_AS_rep_2,GCA_022704625.1,JAKJFZ010000021.1,fadA,70,7.999e-15,0.223
FW_AS_rep_2,GCA_022704625.1,JAKJFZ010000037.1,hydA,50,9.768e-11,0.415
FW_AS_rep_2,GCA_022704625.1,JAKJFZ010000010.1,bgl,353,4.114e-109,0.4
FW_AS_rep_2,GCA_022704625.1,JAKJFZ010000028.1,dppA,244,4.162e-71,0.324
FW_AS_rep_2,GCA_022704625.1,JAKJFZ010000017.1,gdh,574,2.382e-185,0.631
FW_AS_rep_2,GCA_022704625.1,JAKJFZ010000039.1,mmcE,799,2.324e-261,0.751
FW_AS_rep_2,GCA_022704625.1,JAKJFZ010000028.1,oppB,218,6.208e-65,0.393
FW_AS_rep_2,GCA_022704625.1,JAKJFZ010000101.1,oppA,114,2.035e-28,0.246
FW_AS_rep_2,GCA_022704625.1,JAKJFZ010000024.1,pepQ,85,3.495e-19,0.258
FW_AS_rep_2,GCA_022704625.1,JAKJFZ010000082.1,oppA,124,1.675e-31,0.29
FW_AS_rep_2,GCA_022704625.1,JAKJFZ010000013.1,rnfB,90,5.195e-22,0.307
FW_AS_rep_2,GCA_022704625.1,JAKJFZ010000041.1,xylF,66,9.825e-14,0.254
FW_AS_rep_2,GCA_022704625.1,JAKJFZ010000027.1,etfB,123,1.731e-30,0.319
FW_AS_rep_2,GCA_022704625.1,JAKJFZ010000013.1,pfor,43,2.162e-6,0.223
FW_AS_rep_2,GCA_022704625.1,JAKJFZ010000055.1,pfkA,44,1.125e-6,0.396
FW_AS_rep_2,GCA_022704625.1,JAKJFZ010000027.1,etfA,242,3.163e-68,0.306
FW_AS_rep_2,GCA_022704625.1,JAKJFZ010000079.1,dppB,82,7.223e-22,0.453
FW_AS_rep_2,GCA_022704625.1,JAKJFZ010000101.1,dppA,112,8.598e-28,0.256
FW_AS_rep_2,GCA_022704625.1,JAKJFZ010000031.1,pepT,73,1.034e-15,0.267
FW_AS_rep_2,GCA_022704625.1,JAKJFZ010000020.1,eda,158,1.475e-44,0.403
FW_AS_rep_2,GCA_022704625.1,JAKJFZ010000025.1,fdhA,154,3.847e-40,0.264
FW_AS_rep_2,GCA_022704625.1,JAKJFZ010000024.1,fadD,266,6.662e-77,0.355
FW_AS_rep_2,GCA_022704625.1,JAKJFZ010000095.1,acs,105,3.342e-25,0.258
FW_AS_rep_2,GCA_022704625.1,JAKJFZ010000015.1,oppA,426,5.181e-133,0.463
FW_AS_rep_2,GCA_022704625.1,JAKJFZ010000058.1,dppA,67,3.017e-15,0.337
FW_AS_rep_2,GCA_022704625.1,JAKJFZ010000020.1,frhG,58,5.303e-11,0.425
FW_AS_rep_2,GCA_022704625.1,JAKJFZ010000020.1,rnfB,42,6.43e-6,0.435
FW_AS_rep_2,GCA_022704625.1,JAKJFZ010000013.1,adh,64,1.51e-13,0.25
FW_AS_rep_2,GCA_022704625.1,JAKJFZ010000032.1,ackA,405,1.472e-126,0.51
FW_AS_rep_2,GCA_022704625.1,JAKJFZ010000013.1,frhB,53,6.535e-10,0.51
FW_AS_rep_2,GCA_022704625.1,JAKJFZ010000008.1,pfkA,83,1.246e-18,0.285
FW_AS_rep_2,GCA_022704625.1,JAKJFZ010000028.1,dppC,220,1.912e-66,0.429
FW_AS_rep_2,GCA_022704625.1,JAKJFZ010000028.1,oppA,198,9.961e-56,0.3
FW_AS_rep_2,GCA_022704625.1,JAKJFZ010000037.1,frhB,46,2.345e-9,0.381
FW_AS_rep_2,GCA_964580065.1,CAZOJE010000012.1,pyk,284,3.713e-87,0.467
FW_AS_rep_2,GCA_964580065.1,CAZOJE010000003.1,folD,157,5.575e-45,0.35
FW_AS_rep_2,GCA_964580065.1,CAZOJE010000016.1,pepD,55,5.194e-11,0.343
FW_AS_rep_2,GCA_964580065.1,CAZOJE010000002.1,pepQ,46,1.046e-7,0.292
FW_AS_rep_2,GCA_964580065.1,CAZOJE010000009.1,gdh,357,4.919e-111,0.461
FW_AS_rep_2,GCA_964580065.1,CAZOJE010000007.1,cazy_GH13,78,9.026e-17,0.258
FW_AS_rep_2,GCA_964580065.1,CAZOJE010000002.1,gapA,305,2.578e-94,0.465
