sample,genome_id,genome_abundance,cod_group,score,credible,configured,panel_id,confidence,matched_markers,missing_requirements,markers_detected,markers_in_panel,weighted_completeness,requirement_coverage,marker_coverage
FW_AS_rep_2,GCA_035410845.1,0.20378609686286736,X_ch,1.0,true,true,pectin_utilization,high,cazy_CE8;cazy_GH43;cazy_PL1;susC;susD,"",5,5,1.0,1.0,1.0
FW_AS_rep_2,GCA_035410845.1,0.20378609686286736,X_pr,0.6363636363636364,true,true,proteolysis_and_peptide_import,low,dtpT;endopeptidase;extracellular_protease;pepN,"",4,7,0.6363636363636364,1.0,1.0
FW_AS_rep_2,GCA_035410845.1,0.20378609686286736,X_li,0.4166666666666667,true,true,lipolysis,low,acylglycerol_lipase;esterase;fadD,"",3,6,0.4166666666666667,1.0,1.0
FW_AS_rep_2,GCA_035410845.1,0.20378609686286736,X_su,0.7692307692307693,true,true,entner_doudoroff,medium,adhE;eda;edd;gapA;glcP;pfor,"",6,9,0.7692307692307693,1.0,1.0
FW_AS_rep_2,GCA_035410845.1,0.20378609686286736,X_aa,0.8,true,true,general_amino_acid_catabolism,medium,dtpT;gdh;ilvE;pfor;tdcB,"",5,7,0.8,1.0,1.0
FW_AS_rep_2,GCA_035410845.1,0.20378609686286736,X_fa,0.38628,false,true,lcfa_beta_oxidation,partial,etfA;etfB;fadD;fadE,fadB;fadA,4,6,0.6,0.6,0.8
FW_AS_rep_2,GCA_035410845.1,0.20378609686286736,X_ac_et,0.0,false,true,ethanol_acetate_chain_initiation,none,ackA;acs;adh;adhE;bcd;etfA;etfB;hbd;pta,thl,9,12,0.7333333333333333,0.8571428571428571,1.0
FW_AS_rep_2,GCA_035410845.1,0.20378609686286736,X_ac_lac,0.0,false,true,lactate_acetate_chain_initiation,none,ackA;acs;bcd;etfA;etfB;hbd;lctB;lctC;pfor;pta,thl;lctD,10,13,0.6875,0.75,1.0
FW_AS_rep_2,GCA_035410845.1,0.20378609686286736,X_chain_et,0.0,false,true,ethanol_reverse_beta_oxidation,none,adh;adhE;bcd;etfA;etfB;hbd,cat;one_of(thl);one_of(crt),6,10,0.6153846153846154,0.6666666666666666,0.75
FW_AS_rep_2,GCA_035410845.1,0.20378609686286736,X_chain_lac,0.0,false,true,lactate_reverse_beta_oxidation,none,bcd;etfA;etfB;hbd;lctB;lctC;pfor,cat;lctD;one_of(thl);one_of(crt),7,11,0.5714285714285714,0.6,0.7777777777777778
FW_AS_rep_2,GCA_035410845.1,0.20378609686286736,X_VFA_deg,1.0,true,true,syntrophic_propionate_mmc,high,fdhA;fumB;hydA;mdh;mmcE;mmcF;mmcG;pfor;sucC;sucD,"",10,10,1.0,1.0,1.0
FW_AS_rep_2,GCA_035410845.1,0.20378609686286736,X_Me_ac,0.0,false,true,acetoclastic_ack_pta,none,ackA;pta,mcrA;one_of(cdhC|cdhD|cdhE),2,8,0.2222222222222222,0.5,0.4
FW_AS_rep_2,GCA_035410845.1,0.20378609686286736,X_Me_CO2,0.0,false,true,hydrogenotrophic_core,none,"",mcrA;one_of(fwdA);one_of(ftr);one_of(mch);one_of(mtd|mer),0,8,0.0,0.0,0.0
FW_AS_rep_2,GCA_035410845.1,0.20378609686286736,X_et,0.8,true,true,ethanol_to_acetyl_coa,medium,ackA;acs;adh;adhE;pta,"",5,6,0.8,1.0,1.0
FW_AS_rep_2,GCA_035410845.1,0.20378609686286736,X_lac,0.4895833333333333,false,true,lactate_to_pyruvate,partial,lctB;lctC;pfor;rnfB,lctD,4,5,0.625,0.6666666666666666,1.0
FW_AS_rep_2,GCA_035351355.1,0.07098931617876272,X_ch,1.0,true,true,starch_utilization,high,agl;cazy_GH13;susC;susD,"",4,4,1.0,1.0,1.0
FW_AS_rep_2,GCA_035351355.1,0.07098931617876272,X_pr,0.4117647058823529,true,true,peptide_scavenging,low,dtpT;endopeptidase;pepD;pepQ;pepT,"",5,13,0.4117647058823529,1.0,1.0
FW_AS_rep_2,GCA_035351355.1,0.07098931617876272,X_li,0.16875,false,true,lipolysis,partial,esterase;fadD,one_of(lipase|lysophospholipase|acylglycerol_lipase|phospholipase),2,6,0.25,0.5,1.0
FW_AS_rep_2,GCA_035351355.1,0.07098931617876272,X_su,0.4336742424242424,false,true,hexose_fermentation,partial,gapA;glcP;pfkA;pfor;pgi,pyk,5,9,0.5454545454545454,0.8333333333333334,0.8333333333333334
FW_AS_rep_2,GCA_035351355.1,0.07098931617876272,X_aa,0.6,true,true,general_amino_acid_catabolism,low,dtpT;gdh;pfor;tdcB,"",4,7,0.6,1.0,1.0
FW_AS_rep_2,GCA_035351355.1,0.07098931617876272,X_fa,0.14884,false,true,lcfa_beta_oxidation,partial,fadA;fadD,fadE;fadB;one_of(etfA|etfB),2,6,0.4,0.4,0.4
FW_AS_rep_2,GCA_035351355.1,0.07098931617876272,X_ac_et,0.0,false,true,ethanol_acetate_chain_initiation,none,ackA;acs;pta;thl,bcd;etfA;etfB;one_of(adhE|adh);one_of(adhE|aldh),4,12,0.3333333333333333,0.2857142857142857,0.5
FW_AS_rep_2,GCA_035351355.1,0.07098931617876272,X_ac_lac,0.0,false,true,lactate_acetate_chain_initiation,none,ackA;acs;pfor;pta;thl,bcd;etfA;etfB;lctD;one_of(lctB|lctC),5,13,0.375,0.375,0.5555555555555556
FW_AS_rep_2,GCA_035351355.1,0.07098931617876272,X_chain_et,0.0,false,true,ethanol_reverse_beta_oxidation,none,cat;thl,bcd;etfA;etfB;one_of(hbd);one_of(crt);one_of(adhE|adh);one_of(adhE|aldh),2,10,0.23076923076923078,0.2222222222222222,0.25
FW_AS_rep_2,GCA_035351355.1,0.07098931617876272,X_chain_lac,0.0,false,true,lactate_reverse_beta_oxidation,none,cat;pfor;thl,bcd;etfA;etfB;lctD;one_of(hbd);one_of(crt);one_of(lctB|lctC),3,11,0.2857142857142857,0.3,0.3333333333333333
FW_AS_rep_2,GCA_035351355.1,0.07098931617876272,X_VFA_deg,0.4037946428571429,false,true,syntrophic_propionate_mmc,partial,fdhA;hydA;mmcE;mmcF;mmcG;pfor,sucC;sucD;one_of(fumB);one_of(mdh),6,10,0.7142857142857143,0.5,0.75
FW_AS_rep_2,GCA_035351355.1,0.07098931617876272,X_Me_ac,0.0,false,true,acetoclastic_ack_pta,none,ackA;pta,mcrA;one_of(cdhC|cdhD|cdhE),2,8,0.2222222222222222,0.5,0.4
FW_AS_rep_2,GCA_035351355.1,0.07098931617876272,X_Me_CO2,0.0,false,true,hydrogenotrophic_core,none,"",mcrA;one_of(fwdA);one_of(ftr);one_of(mch);one_of(mtd|mer),0,8,0.0,0.0,0.0
FW_AS_rep_2,GCA_035351355.1,0.07098931617876272,X_et,0.16999999999999998,false,true,ethanol_to_acetyl_coa,partial,ackA;acs;pta,one_of(adhE|adh);one_of(adhE|aldh),3,6,0.3,0.3333333333333333,1.0
FW_AS_rep_2,GCA_035351355.1,0.07098931617876272,X_lac,0.23010416666666667,false,true,lactate_to_pyruvate,partial,pfor;rnfB,lctD,2,5,0.375,0.6666666666666666,0.6666666666666666
FW_AS_rep_2,GCA_035417985.1,0.024711650182786864,X_ch,0.7142857142857143,true,true,starch_utilization,medium,agl;cazy_GH13,"",2,4,0.7142857142857143,1.0,1.0
FW_AS_rep_2,GCA_035417985.1,0.024711650182786864,X_pr,0.5294117647058824,true,true,peptide_scavenging,low,dppA;dppB;dppC;oppA;oppB;pepD;pepQ,"",7,13,0.5294117647058824,1.0,1.0
FW_AS_rep_2,GCA_035417985.1,0.024711650182786864,X_li,0.225,false,true,lipolysis,partial,acylglycerol_lipase;lysophospholipase,one_of(fadD|esterase),2,6,0.3333333333333333,0.5,1.0
FW_AS_rep_2,GCA_035417985.1,0.024711650182786864,X_su,0.6484848484848486,false,true,pentose_fermentation,partial,adhE;gapA;pfor;pyk;xylA;xylB,one_of(xylF),6,8,0.7272727272727273,0.8333333333333334,1.0
FW_AS_rep_2,GCA_035417985.1,0.024711650182786864,X_aa,0.9,true,true,general_amino_acid_catabolism,high,dppA;gdh;ilvE;oppA;pfor;tdcB,"",6,7,0.9,1.0,1.0
FW_AS_rep_2,GCA_035417985.1,0.024711650182786864,X_fa,0.18056,false,true,lcfa_beta_oxidation,partial,etfA;etfB;fadA,fadD;fadE;fadB,3,6,0.4,0.4,0.6
FW_AS_rep_2,GCA_035417985.1,0.024711650182786864,X_ac_et,0.0,false,true,ethanol_acetate_chain_initiation,none,ackA;adh;adhE;etfA;etfB;pta;thl,bcd,7,12,0.6,0.8571428571428571,0.875
FW_AS_rep_2,GCA_035417985.1,0.024711650182786864,X_ac_lac,0.0,false,true,lactate_acetate_chain_initiation,none,ackA;etfA;etfB;pfor;pta;thl,bcd;lctD;one_of(lctB|lctC),6,13,0.4375,0.625,0.6666666666666666
FW_AS_rep_2,GCA_035417985.1,0.024711650182786864,X_chain_et,0.0,false,true,ethanol_reverse_beta_oxidation,none,adh;adhE;cat;etfA;etfB;thl,bcd;one_of(hbd);one_of(crt),6,10,0.6153846153846154,0.6666666666666666,0.75
FW_AS_rep_2,GCA_035417985.1,0.024711650182786864,X_chain_lac,0.0,false,true,lactate_reverse_beta_oxidation,none,cat;etfA;etfB;pfor;thl,bcd;lctD;one_of(hbd);one_of(crt);one_of(lctB|lctC),5,11,0.42857142857142855,0.5,0.5555555555555556
FW_AS_rep_2,GCA_035417985.1,0.024711650182786864,X_VFA_deg,0.5459179687499999,false,true,syntrophic_propionate_mmc,partial,fdhA;fumB;hydA;mmcE;mmcF;mmcG;pfor,sucC;sucD;one_of(mdh),7,10,0.7857142857142857,0.625,0.875
FW_AS_rep_2,GCA_035417985.1,0.024711650182786864,X_Me_ac,0.0,false,true,acetoclastic_ack_pta,none,ackA;pta,mcrA;one_of(cdhC|cdhD|cdhE),2,8,0.2222222222222222,0.5,0.4
FW_AS_rep_2,GCA_035417985.1,0.024711650182786864,X_Me_CO2,0.0,false,true,hydrogenotrophic_core,none,"",mcrA;one_of(fwdA);one_of(ftr);one_of(mch);one_of(mtd|mer),0,8,0.0,0.0,0.0
FW_AS_rep_2,GCA_035417985.1,0.024711650182786864,X_et,0.7,true,true,ethanol_to_acetyl_coa,medium,ackA;adh;adhE;pta,"",4,6,0.7,1.0,1.0
FW_AS_rep_2,GCA_035417985.1,0.024711650182786864,X_lac,0.23010416666666667,false,true,lactate_to_pyruvate,partial,pfor;rnfB,lctD,2,5,0.375,0.6666666666666666,0.6666666666666666
FW_AS_rep_2,GCA_040766305.1,0.021934423442060817,X_ch,0.7142857142857143,true,true,starch_utilization,medium,agl;cazy_GH13,"",2,4,0.7142857142857143,1.0,1.0
FW_AS_rep_2,GCA_040766305.1,0.021934423442060817,X_pr,0.7058823529411765,true,true,peptide_scavenging,medium,dppA;dppB;dppC;endopeptidase;oppA;oppB;pepD;pepQ;pepT,"",9,13,0.7058823529411765,1.0,1.0
FW_AS_rep_2,GCA_040766305.1,0.021934423442060817,X_li,0.0759375,false,true,lipolysis,partial,fadD,one_of(lipase|lysophospholipase|acylglycerol_lipase|phospholipase),1,6,0.16666666666666666,0.5,0.5
FW_AS_rep_2,GCA_040766305.1,0.021934423442060817,X_su,0.17361538461538462,false,true,entner_doudoroff,partial,adhE;edd;pfor,eda;one_of(ptsG|glcP);one_of(gapA|pyk),3,9,0.38461538461538464,0.4,0.6
FW_AS_rep_2,GCA_040766305.1,0.021934423442060817,X_aa,0.7,true,true,general_amino_acid_catabolism,medium,dppA;gdh;oppA;pfor;tdcB,"",5,7,0.7,1.0,1.0
FW_AS_rep_2,GCA_040766305.1,0.021934423442060817,X_fa,0.046079999999999996,false,true,lcfa_beta_oxidation,partial,fadD,fadE;fadB;fadA;one_of(etfA|etfB),1,6,0.2,0.2,0.2
FW_AS_rep_2,GCA_040766305.1,0.021934423442060817,X_ac_et,0.0,false,true,ethanol_acetate_chain_initiation,none,acs;adhE,thl;bcd;etfA;etfB,2,12,0.2,0.42857142857142855,0.25
FW_AS_rep_2,GCA_040766305.1,0.021934423442060817,X_ac_lac,0.0,false,true,lactate_acetate_chain_initiation,none,acs;lctB;lctC;pfor,thl;bcd;etfA;etfB;lctD,4,13,0.25,0.375,0.4444444444444444
FW_AS_rep_2,GCA_040766305.1,0.021934423442060817,X_chain_et,0.0,false,true,ethanol_reverse_beta_oxidation,none,adhE,bcd;etfA;etfB;cat;one_of(thl);one_of(hbd);one_of(crt),1,10,0.15384615384615385,0.2222222222222222,0.125
FW_AS_rep_2,GCA_040766305.1,0.021934423442060817,X_chain_lac,0.0,false,true,lactate_reverse_beta_oxidation,none,lctB;lctC;pfor,bcd;etfA;etfB;cat;lctD;one_of(thl);one_of(hbd);one_of(crt),3,11,0.21428571428571427,0.2,0.3333333333333333
FW_AS_rep_2,GCA_040766305.1,0.021934423442060817,X_VFA_deg,0.14825892857142856,false,true,syntrophic_propionate_mmc,partial,fdhA;fumB;hydA;pfor,mmcE;mmcF;mmcG;sucC;sucD;one_of(mdh),4,10,0.42857142857142855,0.25,0.5
FW_AS_rep_2,GCA_040766305.1,0.021934423442060817,X_Me_ac,0.0,false,true,acetoclastic_acs,none,acs;cdhC;mcrA;mcrB;mtrA,forbidden(mvhD);forbidden(mvhG),5,7,0.7777777777777778,1.0,1.0
FW_AS_rep_2,GCA_040766305.1,0.021934423442060817,X_Me_CO2,0.0,false,true,hydrogenotrophic_core,none,fwdA;mch;mcrA;mcrB;mer;mtd;mtrA,one_of(ftr),7,8,0.8888888888888888,0.8,1.0
FW_AS_rep_2,GCA_040766305.1,0.021934423442060817,X_et,0.31333333333333335,false,true,ethanol_to_acetyl_coa,partial,acs;adhE,"",2,6,0.4,1.0,0.6666666666666666
FW_AS_rep_2,GCA_040766305.1,0.021934423442060817,X_lac,0.4895833333333333,false,true,lactate_to_pyruvate,partial,lctB;lctC;pfor;rnfB,lctD,4,5,0.625,0.6666666666666666,1.0
FW_AS_rep_2,GCA_035451445.1,0.0185620766854649,X_ch,1.0,true,true,starch_utilization,high,agl;cazy_GH13;susC;susD,"",4,4,1.0,1.0,1.0
FW_AS_rep_2,GCA_035451445.1,0.0185620766854649,X_pr,0.5294117647058824,true,true,peptide_scavenging,low,dtpT;endopeptidase;pepA;pepD;pepN;pepQ;pepT,"",7,13,0.5294117647058824,1.0,1.0
FW_AS_rep_2,GCA_035451445.1,0.0185620766854649,X_li,0.5,true,true,lipolysis,low,acylglycerol_lipase;fadD;lysophospholipase,"",3,6,0.5,1.0,1.0
FW_AS_rep_2,GCA_035451445.1,0.0185620766854649,X_su,0.5674242424242425,false,true,hexose_fermentation,partial,adhE;gapA;lctD;pfkA;pfor;pgi;pyk,one_of(ptsG|glcP),7,9,0.6363636363636364,0.8333333333333334,1.0
FW_AS_rep_2,GCA_035451445.1,0.0185620766854649,X_aa,0.8,true,true,general_amino_acid_catabolism,medium,dtpT;gdh;ilvE;pfor;tdcB,"",5,7,0.8,1.0,1.0
FW_AS_rep_2,GCA_035451445.1,0.0185620766854649,X_fa,1.0,true,true,lcfa_beta_oxidation,high,etfA;etfB;fadA;fadB;fadD;fadE,"",6,6,1.0,1.0,1.0
FW_AS_rep_2,GCA_035451445.1,0.0185620766854649,X_ac_et,0.8666666666666667,true,true,ethanol_acetate_chain_initiation,medium,ackA;acs;adh;adhE;bcd;etfA;etfB;hbd;pta;thl,"",10,12,0.8666666666666667,1.0,1.0
FW_AS_rep_2,GCA_035451445.1,0.0185620766854649,X_ac_lac,0.9375,true,true,lactate_acetate_chain_initiation,high,ackA;acs;bcd;etfA;etfB;hbd;lctB;lctC;lctD;pfor;pta;thl,"",12,13,0.9375,1.0,1.0
FW_AS_rep_2,GCA_035451445.1,0.0185620766854649,X_chain_et,0.0,false,true,ethanol_reverse_beta_oxidation,none,adh;adhE;bcd;cat;etfA;etfB;hbd;thl,one_of(crt),8,10,0.8461538461538461,0.8888888888888888,1.0
FW_AS_rep_2,GCA_035451445.1,0.0185620766854649,X_chain_lac,0.0,false,true,lactate_reverse_beta_oxidation,none,bcd;cat;etfA;etfB;hbd;lctB;lctC;lctD;pfor;thl,one_of(crt),10,11,0.9285714285714286,0.9,1.0
FW_AS_rep_2,GCA_035451445.1,0.0185620766854649,X_VFA_deg,0.853125,false,true,syntrophic_propionate_mmc,partial,fdhA;hydA;mdh;mmcE;mmcF;mmcG;pfor;sucC;sucD,one_of(fumB),9,10,0.9285714285714286,0.875,1.0
FW_AS_rep_2,GCA_035451445.1,0.0185620766854649,X_Me_ac,0.0,false,true,acetoclastic_ack_pta,none,ackA;cdhC;pta,mcrA,3,8,0.3333333333333333,0.75,0.6
FW_AS_rep_2,GCA_035451445.1,0.0185620766854649,X_Me_CO2,0.0,false,true,hydrogenotrophic_core,none,"",mcrA;one_of(fwdA);one_of(ftr);one_of(mch);one_of(mtd|mer),0,8,0.0,0.0,0.0
FW_AS_rep_2,GCA_035451445.1,0.0185620766854649,X_et,0.8,true,true,ethanol_to_acetyl_coa,medium,ackA;acs;adh;adhE;pta,"",5,6,0.8,1.0,1.0
FW_AS_rep_2,GCA_035451445.1,0.0185620766854649,X_lac,1.0,true,true,lactate_to_pyruvate,high,lctB;lctC;lctD;pfor;rnfB,"",5,5,1.0,1.0,1.0
FW_AS_rep_2,GCA_937873755.1,0.01646498710573299,X_ch,1.0,true,true,starch_utilization,high,agl;cazy_GH13;susC;susD,"",4,4,1.0,1.0,1.0
FW_AS_rep_2,GCA_937873755.1,0.01646498710573299,X_pr,0.6363636363636364,true,true,proteolysis_and_peptide_import,low,dtpT;endopeptidase;extracellular_protease;pepN,"",4,7,0.6363636363636364,1.0,1.0
FW_AS_rep_2,GCA_937873755.1,0.01646498710573299,X_li,0.5833333333333334,true,true,lipolysis,low,acylglycerol_lipase;esterase;fadD;lysophospholipase,"",4,6,0.5833333333333334,1.0,1.0
FW_AS_rep_2,GCA_937873755.1,0.01646498710573299,X_su,0.6484848484848486,false,true,pentose_fermentation,partial,adhE;gapA;pfor;pyk;xylA;xylB,one_of(xylF),6,8,0.7272727272727273,0.8333333333333334,1.0
FW_AS_rep_2,GCA_937873755.1,0.01646498710573299,X_aa,0.8,true,true,general_amino_acid_catabolism,medium,dtpT;gdh;ilvE;pfor;tdcB,"",5,7,0.8,1.0,1.0
FW_AS_rep_2,GCA_937873755.1,0.01646498710573299,X_fa,0.38628,false,true,lcfa_beta_oxidation,partial,etfA;etfB;fadD;fadE,fadB;fadA,4,6,0.6,0.6,0.8
FW_AS_rep_2,GCA_937873755.1,0.01646498710573299,X_ac_et,0.0,false,true,ethanol_acetate_chain_initiation,none,ackA;acs;adh;adhE;bcd;etfA;etfB;pta,thl,8,12,0.6666666666666666,0.8571428571428571,1.0
FW_AS_rep_2,GCA_937873755.1,0.01646498710573299,X_ac_lac,0.0,false,true,lactate_acetate_chain_initiation,none,ackA;acs;bcd;etfA;etfB;lctB;lctC;pfor;pta,thl;lctD,9,13,0.625,0.75,1.0
FW_AS_rep_2,GCA_937873755.1,0.01646498710573299,X_chain_et,0.0,false,true,ethanol_reverse_beta_oxidation,none,adh;adhE;bcd;etfA;etfB,cat;one_of(thl);one_of(hbd);one_of(crt),5,10,0.5384615384615384,0.5555555555555556,0.625
FW_AS_rep_2,GCA_937873755.1,0.01646498710573299,X_chain_lac,0.0,false,true,lactate_reverse_beta_oxidation,none,bcd;etfA;etfB;lctB;lctC;pfor,cat;lctD;one_of(thl);one_of(hbd);one_of(crt),6,11,0.5,0.5,0.6666666666666666
FW_AS_rep_2,GCA_937873755.1,0.01646498710573299,X_VFA_deg,0.5459179687499999,false,true,syntrophic_propionate_mmc,partial,fdhA;fumB;hydA;mmcE;mmcF;mmcG;pfor,sucC;sucD;one_of(mdh),7,10,0.7857142857142857,0.625,0.875
FW_AS_rep_2,GCA_937873755.1,0.01646498710573299,X_Me_ac,0.0,false,true,acetoclastic_ack_pta,none,ackA;pta,mcrA;one_of(cdhC|cdhD|cdhE),2,8,0.2222222222222222,0.5,0.4
FW_AS_rep_2,GCA_937873755.1,0.01646498710573299,X_Me_CO2,0.0,false,true,hydrogenotrophic_core,none,"",mcrA;one_of(fwdA);one_of(ftr);one_of(mch);one_of(mtd|mer),0,8,0.0,0.0,0.0
FW_AS_rep_2,GCA_937873755.1,0.01646498710573299,X_et,0.8,true,true,ethanol_to_acetyl_coa,medium,ackA;acs;adh;adhE;pta,"",5,6,0.8,1.0,1.0
FW_AS_rep_2,GCA_937873755.1,0.01646498710573299,X_lac,0.4895833333333333,false,true,lactate_to_pyruvate,partial,lctB;lctC;pfor;rnfB,lctD,4,5,0.625,0.6666666666666666,1.0
FW_AS_rep_2,GCA_035374025.1,0.01210077365602063,X_ch,0.7142857142857143,true,true,starch_utilization,medium,agl;cazy_GH13,"",2,4,0.7142857142857143,1.0,1.0
FW_AS_rep_2,GCA_035374025.1,0.01210077365602063,X_pr,0.1922727272727273,false,true,proteolysis_and_peptide_import,partial,extracellular_protease;pepN,one_of(oppA|oppB|dtpT),2,7,0.36363636363636365,0.6666666666666666,0.5
FW_AS_rep_2,GCA_035374025.1,0.01210077365602063,X_li,0.0,false,true,lipolysis,none,"",one_of(lipase|lysophospholipase|acylglycerol_lipase|phospholipase);one_of(fadD|esterase),0,6,0.0,0.0,0.0
FW_AS_rep_2,GCA_035374025.1,0.01210077365602063,X_su,0.31748737373737373,false,true,hexose_fermentation,partial,adhE;gapA;pfkA;pfor;pgi,pyk;one_of(ptsG|glcP),5,9,0.45454545454545453,0.6666666666666666,0.8333333333333334
FW_AS_rep_2,GCA_035374025.1,0.01210077365602063,X_aa,0.18408333333333332,false,true,general_amino_acid_catabolism,partial,gdh;pfor,one_of(oppA|dppA|dtpT),2,7,0.3,0.6666666666666666,0.6666666666666666
FW_AS_rep_2,GCA_035374025.1,0.01210077365602063,X_fa,0.38628,false,true,lcfa_beta_oxidation,partial,etfA;etfB;fadA;fadE,fadD;fadB,4,6,0.6,0.6,0.8
FW_AS_rep_2,GCA_035374025.1,0.01210077365602063,X_ac_et,0.0,false,true,ethanol_acetate_chain_initiation,none,ackA;adhE;bcd;etfA;etfB;pta;thl,"",7,12,0.6666666666666666,1.0,0.875
FW_AS_rep_2,GCA_035374025.1,0.01210077365602063,X_ac_lac,0.0,false,true,lactate_acetate_chain_initiation,none,ackA;bcd;etfA;etfB;pfor;pta;thl,lctD;one_of(lctB|lctC),7,13,0.5625,0.75,0.7777777777777778
FW_AS_rep_2,GCA_035374025.1,0.01210077365602063,X_chain_et,0.0,false,true,ethanol_reverse_beta_oxidation,none,adhE;bcd;cat;etfA;etfB;thl,one_of(hbd);one_of(crt),6,10,0.6923076923076923,0.7777777777777778,0.75
FW_AS_rep_2,GCA_035374025.1,0.01210077365602063,X_chain_lac,0.0,false,true,lactate_reverse_beta_oxidation,none,bcd;cat;etfA;etfB;pfor;thl,lctD;one_of(hbd);one_of(crt);one_of(lctB|lctC),6,11,0.5714285714285714,0.6,0.6666666666666666
FW_AS_rep_2,GCA_035374025.1,0.01210077365602063,X_VFA_deg,0.7178571428571429,false,true,syntrophic_propionate_mmc,partial,fdhA;fumB;hydA;mmcE;mmcF;mmcG;pfor;sucD,sucC;one_of(mdh),8,10,0.8571428571428571,0.75,1.0
FW_AS_rep_2,GCA_035374025.1,0.01210077365602063,X_Me_ac,0.0,false,true,acetoclastic_ack_pta,none,ackA;pta,mcrA;one_of(cdhC|cdhD|cdhE),2,8,0.2222222222222222,0.5,0.4
FW_AS_rep_2,GCA_035374025.1,0.01210077365602063,X_Me_CO2,0.0,false,true,hydrogenotrophic_core,none,fwdA,mcrA;one_of(ftr);one_of(mch);one_of(mtd|mer),1,8,0.1111111111111111,0.2,0.16666666666666666
FW_AS_rep_2,GCA_035374025.1,0.01210077365602063,X_et,0.5,true,true,ethanol_to_acetyl_coa,low,ackA;adhE;pta,"",3,6,0.5,1.0,1.0
FW_AS_rep_2,GCA_035374025.1,0.01210077365602063,X_lac,0.23010416666666667,false,true,lactate_to_pyruvate,partial,pfor;rnfB,lctD,2,5,0.375,0.6666666666666666,0.6666666666666666
FW_AS_rep_2,GCA_035352255.1,0.01108056791452943,X_ch,0.7142857142857143,true,true,starch_utilization,medium,agl;cazy_GH13,"",2,4,0.7142857142857143,1.0,1.0
FW_AS_rep_2,GCA_035352255.1,0.01108056791452943,X_pr,0.7647058823529411,true,true,peptide_scavenging,medium,dppA;dppB;dppC;dtpT;oppA;oppB;pepA;pepN;pepQ;pepT,"",10,13,0.7647058823529411,1.0,1.0
FW_AS_rep_2,GCA_035352255.1,0.01108056791452943,X_li,0.03796875,false,true,lipolysis,partial,esterase,one_of(lipase|lysophospholipase|acylglycerol_lipase|phospholipase),1,6,0.08333333333333333,0.5,0.5
FW_AS_rep_2,GCA_035352255.1,0.01108056791452943,X_su,0.7295454545454546,false,true,pentose_fermentation,partial,adhE;gapA;pfor;xylA;xylB;xylF,pyk,6,8,0.8181818181818182,0.8333333333333334,1.0
FW_AS_rep_2,GCA_035352255.1,0.01108056791452943,X_aa,1.0,true,true,general_amino_acid_catabolism,high,dppA;dtpT;gdh;ilvE;oppA;pfor;tdcB,"",7,7,1.0,1.0,1.0
FW_AS_rep_2,GCA_035352255.1,0.01108056791452943,X_fa,0.05856,false,true,lcfa_beta_oxidation,partial,etfA;etfB,fadD;fadE;fadB;fadA,2,6,0.2,0.2,0.4
FW_AS_rep_2,GCA_035352255.1,0.01108056791452943,X_ac_et,0.0,false,true,ethanol_acetate_chain_initiation,none,ackA;acs;adhE;etfA;etfB;thl,bcd,6,12,0.5333333333333333,0.8571428571428571,0.75
FW_AS_rep_2,GCA_035352255.1,0.01108056791452943,X_ac_lac,0.0,false,true,lactate_acetate_chain_initiation,none,ackA;acs;etfA;etfB;pfor;thl,bcd;lctD;one_of(lctB|lctC),6,13,0.4375,0.625,0.6666666666666666
FW_AS_rep_2,GCA_035352255.1,0.01108056791452943,X_chain_et,0.0,false,true,ethanol_reverse_beta_oxidation,none,adhE;etfA;etfB;thl,bcd;cat;one_of(hbd);one_of(crt),4,10,0.38461538461538464,0.5555555555555556,0.5
FW_AS_rep_2,GCA_035352255.1,0.01108056791452943,X_chain_lac,0.0,false,true,lactate_reverse_beta_oxidation,none,etfA;etfB;pfor;thl,bcd;cat;lctD;one_of(hbd);one_of(crt);one_of(lctB|lctC),4,11,0.2857142857142857,0.4,0.4444444444444444
FW_AS_rep_2,GCA_035352255.1,0.01108056791452943,X_VFA_deg,0.45735119047619044,false,true,syntrophic_butyrate_oxidation,partial,etfA;etfB;fdhA;hydA;rnfB;thl,bcd;one_of(hbd);one_of(crt),6,9,0.6666666666666666,0.625,0.8571428571428571
FW_AS_rep_2,GCA_035352255.1,0.01108056791452943,X_Me_ac,0.0,false,true,acetoclastic_ack_pta,none,ackA,mcrA;pta;one_of(cdhC|cdhD|cdhE),1,8,0.1111111111111111,0.25,0.2
FW_AS_rep_2,GCA_035352255.1,0.01108056791452943,X_Me_CO2,0.0,false,true,hydrogenotrophic_core,none,fwdA,mcrA;one_of(ftr);one_of(mch);one_of(mtd|mer),1,8,0.1111111111111111,0.2,0.16666666666666666
FW_AS_rep_2,GCA_035352255.1,0.01108056791452943,X_et,0.5,true,true,ethanol_to_acetyl_coa,low,ackA;acs;adhE,"",3,6,0.5,1.0,1.0
FW_AS_rep_2,GCA_035352255.1,0.01108056791452943,X_lac,0.23010416666666667,false,true,lactate_to_pyruvate,partial,pfor;rnfB,lctD,2,5,0.375,0.6666666666666666,0.6666666666666666
FW_AS_rep_2,GCA_044230255.1,0.010230396463286762,X_ch,1.0,true,true,starch_utilization,high,agl;cazy_GH13;susC;susD,"",4,4,1.0,1.0,1.0
FW_AS_rep_2,GCA_044230255.1,0.010230396463286762,X_pr,0.9090909090909091,true,true,proteolysis_and_peptide_import,high,dtpT;endopeptidase;extracellular_protease;oppA;oppB;pepN,"",6,7,0.9090909090909091,1.0,1.0
FW_AS_rep_2,GCA_044230255.1,0.010230396463286762,X_li,0.3333333333333333,false,true,lipolysis,partial,fadD;lysophospholipase,"",2,6,0.3333333333333333,1.0,1.0
FW_AS_rep_2,GCA_044230255.1,0.010230396463286762,X_su,0.48636363636363633,false,true,hexose_fermentation,partial,gapA;lctD;pfkA;pfor;pgi;pyk,one_of(ptsG|glcP),6,9,0.5454545454545454,0.8333333333333334,1.0
FW_AS_rep_2,GCA_044230255.1,0.010230396463286762,X_aa,0.8,true,true,general_amino_acid_catabolism,medium,dppA;dtpT;gdh;ilvE;oppA;pfor,"",6,7,0.8,1.0,1.0
FW_AS_rep_2,GCA_044230255.1,0.010230396463286762,X_fa,1.0,true,true,lcfa_beta_oxidation,high,etfA;etfB;fadA;fadB;fadD;fadE,"",6,6,1.0,1.0,1.0
FW_AS_rep_2,GCA_044230255.1,0.010230396463286762,X_ac_et,0.0,false,true,ethanol_acetate_chain_initiation,none,acs;adh;bcd;crt;etfA;etfB;hbd;pta;thl,one_of(adhE|aldh),9,12,0.7333333333333333,0.8571428571428571,1.0
FW_AS_rep_2,GCA_044230255.1,0.010230396463286762,X_ac_lac,0.9375,true,true,lactate_acetate_chain_initiation,high,acs;bcd;crt;etfA;etfB;hbd;lctB;lctC;lctD;pfor;pta;thl,"",12,13,0.9375,1.0,1.0
FW_AS_rep_2,GCA_044230255.1,0.010230396463286762,X_chain_et,0.0,false,true,ethanol_reverse_beta_oxidation,none,adh;bcd;cat;crt;etfA;etfB;hbd;thl,one_of(adhE|aldh),8,10,0.7692307692307693,0.8888888888888888,1.0
FW_AS_rep_2,GCA_044230255.1,0.010230396463286762,X_chain_lac,1.0,true,true,lactate_reverse_beta_oxidation,high,bcd;cat;crt;etfA;etfB;hbd;lctB;lctC;lctD;pfor;thl,"",11,11,1.0,1.0,1.0
FW_AS_rep_2,GCA_044230255.1,0.010230396463286762,X_VFA_deg,1.0,true,true,syntrophic_butyrate_oxidation,high,bcd;crt;etfA;etfB;fdhA;hbd;hydA;rnfB;thl,"",9,9,1.0,1.0,1.0
FW_AS_rep_2,GCA_044230255.1,0.010230396463286762,X_Me_ac,0.0,false,true,acetoclastic_ack_pta,none,pta,mcrA;ackA;one_of(cdhC|cdhD|cdhE),1,8,0.1111111111111111,0.25,0.2
FW_AS_rep_2,GCA_044230255.1,0.010230396463286762,X_Me_CO2,0.0,false,true,hydrogenotrophic_core,none,fwdA,mcrA;one_of(ftr);one_of(mch);one_of(mtd|mer),1,8,0.1111111111111111,0.2,0.16666666666666666
FW_AS_rep_2,GCA_044230255.1,0.010230396463286762,X_et,0.31333333333333335,false,true,ethanol_to_acetyl_coa,partial,acs;adh;pta,one_of(adhE|aldh),3,6,0.4,0.6666666666666666,1.0
FW_AS_rep_2,GCA_044230255.1,0.010230396463286762,X_lac,1.0,true,true,lactate_to_pyruvate,high,lctB;lctC;lctD;pfor;rnfB,"",5,5,1.0,1.0,1.0
FW_AS_rep_2,GCA_004138365.1,0.009323546915294585,X_ch,1.0,true,true,pectin_utilization,high,cazy_CE8;cazy_GH43;cazy_PL1;susC;susD,"",5,5,1.0,1.0,1.0
FW_AS_rep_2,GCA_004138365.1,0.009323546915294585,X_pr,0.6363636363636364,true,true,proteolysis_and_peptide_import,low,dtpT;endopeptidase;extracellular_protease;pepO,"",4,7,0.6363636363636364,1.0,1.0
FW_AS_rep_2,GCA_004138365.1,0.009323546915294585,X_li,0.75,true,true,lipolysis,medium,acylglycerol_lipase;esterase;fadD;lysophospholipase;phospholipase,"",5,6,0.75,1.0,1.0
FW_AS_rep_2,GCA_004138365.1,0.009323546915294585,X_su,0.7692307692307693,true,true,entner_doudoroff,medium,eda;edd;gapA;glcP;pfor;pyk,"",6,9,0.7692307692307693,1.0,1.0
FW_AS_rep_2,GCA_004138365.1,0.009323546915294585,X_aa,0.8,true,true,general_amino_acid_catabolism,medium,dtpT;gdh;ilvE;pfor;tdcB,"",5,7,0.8,1.0,1.0
FW_AS_rep_2,GCA_004138365.1,0.009323546915294585,X_fa,0.6960000000000001,false,true,lcfa_beta_oxidation,partial,etfA;etfB;fadB;fadD;fadE,fadA,5,6,0.8,0.8,1.0
FW_AS_rep_2,GCA_004138365.1,0.009323546915294585,X_ac_et,0.0,false,true,ethanol_acetate_chain_initiation,none,ackA;acs;adh;bcd;etfA;etfB;hbd;pta,thl;one_of(adhE|aldh),8,12,0.6,0.7142857142857143,1.0
FW_AS_rep_2,GCA_004138365.1,0.009323546915294585,X_ac_lac,0.0,false,true,lactate_acetate_chain_initiation,none,ackA;acs;bcd;etfA;etfB;hbd;pfor;pta,thl;lctD;one_of(lctB|lctC),8,13,0.5625,0.625,0.8888888888888888
FW_AS_rep_2,GCA_004138365.1,0.009323546915294585,X_chain_et,0.0,false,true,ethanol_reverse_beta_oxidation,none,adh;bcd;etfA;etfB;hbd,cat;one_of(thl);one_of(crt);one_of(adhE|aldh),5,10,0.46153846153846156,0.5555555555555556,0.625
FW_AS_rep_2,GCA_004138365.1,0.009323546915294585,X_chain_lac,0.0,false,true,lactate_reverse_beta_oxidation,none,bcd;etfA;etfB;hbd;pfor,cat;lctD;one_of(thl);one_of(crt);one_of(lctB|lctC),5,11,0.42857142857142855,0.5,0.5555555555555556
FW_AS_rep_2,GCA_004138365.1,0.009323546915294585,X_VFA_deg,1.0,true,true,syntrophic_propionate_mmc,high,fdhA;fumB;hydA;mdh;mmcE;mmcF;mmcG;pfor;sucC;sucD,"",10,10,1.0,1.0,1.0
FW_AS_rep_2,GCA_004138365.1,0.009323546915294585,X_Me_ac,0.0,false,true,acetoclastic_ack_pta,none,ackA;pta,mcrA;one_of(cdhC|cdhD|cdhE),2,8,0.2222222222222222,0.5,0.4
FW_AS_rep_2,GCA_004138365.1,0.009323546915294585,X_Me_CO2,0.0,false,true,hydrogenotrophic_core,none,"",mcrA;one_of(fwdA);one_of(ftr);one_of(mch);one_of(mtd|mer),0,8,0.0,0.0,0.0
FW_AS_rep_2,GCA_004138365.1,0.009323546915294585,X_et,0.39166666666666666,false,true,ethanol_to_acetyl_coa,partial,ackA;acs;adh;pta,one_of(adhE|aldh),4,6,0.5,0.6666666666666666,1.0
FW_AS_rep_2,GCA_004138365.1,0.009323546915294585,X_lac,0.23010416666666667,false,true,lactate_to_pyruvate,partial,pfor;rnfB,lctD,2,5,0.375,0.6666666666666666,0.6666666666666666
FW_AS_rep_2,GCF_049943315.1,0.014424575622750587,X_ch,0.8571428571428571,true,true,starch_utilization,medium,agl;cazy_GH13;susC,"",3,4,0.8571428571428571,1.0,1.0
FW_AS_rep_2,GCF_049943315.1,0.014424575622750587,X_pr,0.9411764705882353,true,true,peptide_scavenging,high,dppA;dppB;dppC;dtpT;endopeptidase;oppA;oppB;pepA;pepD;pepN;pepQ;pepT,"",12,13,0.9411764705882353,1.0,1.0
FW_AS_rep_2,GCF_049943315.1,0.014424575622750587,X_li,0.75,true,true,lipolysis,medium,acylglycerol_lipase;esterase;fadD;lysophospholipase;phospholipase,"",5,6,0.75,1.0,1.0
FW_AS_rep_2,GCF_049943315.1,0.014424575622750587,X_su,0.9230769230769231,true,true,entner_doudoroff,high,adhE;eda;edd;gapA;glcP;pfor;ptsG;pyk,"",8,9,0.9230769230769231,1.0,1.0
FW_AS_rep_2,GCF_049943315.1,0.014424575622750587,X_aa,1.0,true,true,general_amino_acid_catabolism,high,dppA;dtpT;gdh;ilvE;oppA;pfor;tdcB,"",7,7,1.0,1.0,1.0
FW_AS_rep_2,GCF_049943315.1,0.014424575622750587,X_fa,0.9,true,true,lcfa_beta_oxidation,high,etfA;fadA;fadB;fadD;fadE,"",5,6,0.9,1.0,1.0
FW_AS_rep_2,GCF_049943315.1,0.014424575622750587,X_ac_et,0.0,false,true,ethanol_acetate_chain_initiation,none,ackA;acs;adh;adhE;aldh;bcd;crt;etfA;hbd;pta;thl,etfB,11,12,0.9333333333333333,0.8571428571428571,1.0
FW_AS_rep_2,GCF_049943315.1,0.014424575622750587,X_ac_lac,0.0,false,true,lactate_acetate_chain_initiation,none,ackA;acs;bcd;crt;etfA;hbd;pfor;pta;thl,etfB;lctD;one_of(lctB|lctC),9,13,0.6875,0.625,1.0
FW_AS_rep_2,GCF_049943315.1,0.014424575622750587,X_chain_et,0.0,false,true,ethanol_reverse_beta_oxidation,none,adh;adhE;aldh;bcd;cat;crt;etfA;hbd;thl,etfB,9,10,0.9230769230769231,0.8888888888888888,1.0
FW_AS_rep_2,GCF_049943315.1,0.014424575622750587,X_chain_lac,0.0,false,true,lactate_reverse_beta_oxidation,none,bcd;cat;crt;etfA;hbd;pfor;thl,etfB;lctD;one_of(lctB|lctC),7,11,0.6428571428571429,0.7,0.7777777777777778
FW_AS_rep_2,GCF_049943315.1,0.014424575622750587,X_VFA_deg,0.8421875,false,true,syntrophic_butyrate_oxidation,partial,bcd;crt;etfA;fdhA;hbd;hydA;rnfB;thl,etfB,8,9,0.9166666666666666,0.875,1.0
FW_AS_rep_2,GCF_049943315.1,0.014424575622750587,X_Me_ac,0.0,false,true,acetoclastic_ack_pta,none,ackA;pta,mcrA;one_of(cdhC|cdhD|cdhE),2,8,0.2222222222222222,0.5,0.4
FW_AS_rep_2,GCF_049943315.1,0.014424575622750587,X_Me_CO2,0.0,false,true,hydrogenotrophic_core,none,mer,mcrA;one_of(fwdA);one_of(ftr);one_of(mch),1,8,0.1111111111111111,0.2,0.16666666666666666
FW_AS_rep_2,GCF_049943315.1,0.014424575622750587,X_et,1.0,true,true,ethanol_to_acetyl_coa,high,ackA;acs;adh;adhE;aldh;pta,"",6,6,1.0,1.0,1.0
FW_AS_rep_2,GCF_049943315.1,0.014424575622750587,X_lac,0.23010416666666667,false,true,lactate_to_pyruvate,partial,pfor;rnfB,lctD,2,5,0.375,0.6666666666666666,0.6666666666666666
FW_AS_rep_2,GCA_937871025.1,0.008926800238048007,X_ch,0.7142857142857143,true,true,starch_utilization,medium,agl;cazy_GH13,"",2,4,0.7142857142857143,1.0,1.0
FW_AS_rep_2,GCA_937871025.1,0.008926800238048007,X_pr,0.5294117647058824,true,true,peptide_scavenging,low,dppA;dppB;dppC;oppA;oppB;pepQ;pepT,"",7,13,0.5294117647058824,1.0,1.0
FW_AS_rep_2,GCA_937871025.1,0.008926800238048007,X_li,0.5,true,true,lipolysis,low,acylglycerol_lipase;fadD;lysophospholipase,"",3,6,0.5,1.0,1.0
FW_AS_rep_2,GCA_937871025.1,0.008926800238048007,X_su,0.48636363636363633,false,true,hexose_fermentation,partial,adhE;gapA;pfkA;pfor;pgi;pyk,one_of(ptsG|glcP),6,9,0.5454545454545454,0.8333333333333334,1.0
FW_AS_rep_2,GCA_937871025.1,0.008926800238048007,X_aa,0.7,true,true,general_amino_acid_catabolism,medium,dppA;gdh;oppA;pfor;tdcB,"",5,7,0.7,1.0,1.0
FW_AS_rep_2,GCA_937871025.1,0.008926800238048007,X_fa,0.14884,false,true,lcfa_beta_oxidation,partial,fadA;fadD,fadE;fadB;one_of(etfA|etfB),2,6,0.4,0.4,0.4
FW_AS_rep_2,GCA_937871025.1,0.008926800238048007,X_ac_et,0.0,false,true,ethanol_acetate_chain_initiation,none,acs;adhE;aldh;crt;thl,bcd;etfA;etfB,5,12,0.4666666666666667,0.5714285714285714,0.625
FW_AS_rep_2,GCA_937871025.1,0.008926800238048007,X_ac_lac,0.0,false,true,lactate_acetate_chain_initiation,none,acs;crt;pfor;thl,bcd;etfA;etfB;lctD;one_of(lctB|lctC),4,13,0.3125,0.375,0.4444444444444444
FW_AS_rep_2,GCA_937871025.1,0.008926800238048007,X_chain_et,0.0,false,true,ethanol_reverse_beta_oxidation,none,adhE;aldh;cat;crt;thl,bcd;etfA;etfB;one_of(hbd),5,10,0.5384615384615384,0.5555555555555556,0.625
FW_AS_rep_2,GCA_937871025.1,0.008926800238048007,X_chain_lac,0.0,false,true,lactate_reverse_beta_oxidation,none,cat;crt;pfor;thl,bcd;etfA;etfB;lctD;one_of(hbd);one_of(lctB|lctC),4,11,0.35714285714285715,0.4,0.4444444444444444
FW_AS_rep_2,GCA_937871025.1,0.008926800238048007,X_VFA_deg,0.7178571428571429,false,true,syntrophic_propionate_mmc,partial,fdhA;hydA;mmcE;mmcF;mmcG;pfor;sucC;sucD,one_of(fumB);one_of(mdh),8,10,0.8571428571428571,0.75,1.0
FW_AS_rep_2,GCA_937871025.1,0.008926800238048007,X_Me_ac,0.0,false,true,acetoclastic_acs,none,acs,forbidden(mvhA);forbidden(mvhG);mcrA;one_of(cdhC|cdhD|cdhE),1,7,0.2222222222222222,0.3333333333333333,0.25
FW_AS_rep_2,GCA_937871025.1,0.008926800238048007,X_Me_CO2,0.0,false,true,hydrogenotrophic_core,none,mer,mcrA;one_of(fwdA);one_of(ftr);one_of(mch),1,8,0.1111111111111111,0.2,0.16666666666666666
FW_AS_rep_2,GCA_937871025.1,0.008926800238048007,X_et,0.6,true,true,ethanol_to_acetyl_coa,low,acs;adhE;aldh,"",3,6,0.6,1.0,1.0
FW_AS_rep_2,GCA_937871025.1,0.008926800238048007,X_lac,0.08027777777777777,false,true,lactate_to_pyruvate,partial,pfor,lctD;one_of(lctB|lctC|rnfB),1,5,0.25,0.3333333333333333,0.3333333333333333
FW_AS_rep_2,GCA_040772985.1,0.008643409754300451,X_ch,0.7142857142857143,true,true,starch_utilization,medium,agl;cazy_GH13,"",2,4,0.7142857142857143,1.0,1.0
FW_AS_rep_2,GCA_040772985.1,0.008643409754300451,X_pr,0.3578409090909091,false,true,proteolysis_and_peptide_import,partial,endopeptidase;extracellular_protease;pepN,one_of(oppA|oppB|dtpT),3,7,0.5454545454545454,0.6666666666666666,0.75
FW_AS_rep_2,GCA_040772985.1,0.008643409754300451,X_li,0.0759375,false,true,lipolysis,partial,fadD,one_of(lipase|lysophospholipase|acylglycerol_lipase|phospholipase),1,6,0.16666666666666666,0.5,0.5
FW_AS_rep_2,GCA_040772985.1,0.008643409754300451,X_su,0.31748737373737373,false,true,hexose_fermentation,partial,adhE;gapA;pfkA;pfor;pgi,pyk;one_of(ptsG|glcP),5,9,0.45454545454545453,0.6666666666666666,0.8333333333333334
FW_AS_rep_2,GCA_040772985.1,0.008643409754300451,X_aa,0.18408333333333332,false,true,general_amino_acid_catabolism,partial,gdh;pfor,one_of(oppA|dppA|dtpT),2,7,0.3,0.6666666666666666,0.6666666666666666
FW_AS_rep_2,GCA_040772985.1,0.008643409754300451,X_fa,0.6960000000000001,false,true,lcfa_beta_oxidation,partial,etfA;etfB;fadA;fadD;fadE,fadB,5,6,0.8,0.8,1.0
FW_AS_rep_2,GCA_040772985.1,0.008643409754300451,X_ac_et,0.7333333333333333,true,true,ethanol_acetate_chain_initiation,medium,ackA;acs;adhE;bcd;etfA;etfB;pta;thl,"",8,12,0.7333333333333333,1.0,1.0
FW_AS_rep_2,GCA_040772985.1,0.008643409754300451,X_ac_lac,0.0,false,true,lactate_acetate_chain_initiation,none,ackA;acs;bcd;etfA;etfB;pfor;pta;thl,lctD;one_of(lctB|lctC),8,13,0.625,0.75,0.8888888888888888
FW_AS_rep_2,GCA_040772985.1,0.008643409754300451,X_chain_et,0.0,false,true,ethanol_reverse_beta_oxidation,none,adhE;bcd;cat;etfA;etfB;thl,one_of(hbd);one_of(crt),6,10,0.6923076923076923,0.7777777777777778,0.75
FW_AS_rep_2,GCA_040772985.1,0.008643409754300451,X_chain_lac,0.0,false,true,lactate_reverse_beta_oxidation,none,bcd;cat;etfA;etfB;pfor;thl,lctD;one_of(hbd);one_of(crt);one_of(lctB|lctC),6,11,0.5714285714285714,0.6,0.6666666666666666
FW_AS_rep_2,GCA_040772985.1,0.008643409754300451,X_VFA_deg,0.6979166666666667,false,true,syntrophic_butyrate_oxidation,partial,bcd;etfA;etfB;fdhA;hydA;rnfB;thl,one_of(hbd);one_of(crt),7,9,0.8333333333333334,0.75,1.0
FW_AS_rep_2,GCA_040772985.1,0.008643409754300451,X_Me_ac,0.0,false,true,acetoclastic_ack_pta,none,ackA;pta,mcrA;one_of(cdhC|cdhD|cdhE),2,8,0.2222222222222222,0.5,0.4
FW_AS_rep_2,GCA_040772985.1,0.008643409754300451,X_Me_CO2,0.0,false,true,hydrogenotrophic_core,none,"",mcrA;one_of(fwdA);one_of(ftr);one_of(mch);one_of(mtd|mer),0,8,0.0,0.0,0.0
FW_AS_rep_2,GCA_040772985.1,0.008643409754300451,X_et,0.6,true,true,ethanol_to_acetyl_coa,low,ackA;acs;adhE;pta,"",4,6,0.6,1.0,1.0
FW_AS_rep_2,GCA_040772985.1,0.008643409754300451,X_lac,0.23010416666666667,false,true,lactate_to_pyruvate,partial,pfor;rnfB,lctD,2,5,0.375,0.6666666666666666,0.6666666666666666
FW_AS_rep_2,GCA_035358495.1,0.007906594496556806,X_ch,0.0,false,true,xylan_utilization,none,"",xylA;xylB;one_of(cazy_GH10|cazy_GH11);one_of(cazy_GH43|cazy_CBM6),0,6,0.0,0.0,0.0
FW_AS_rep_2,GCA_035358495.1,0.007906594496556806,X_pr,0.6363636363636364,true,true,proteolysis_and_peptide_import,low,extracellular_protease;oppA;oppB;pepN,"",4,7,0.6363636363636364,1.0,1.0
FW_AS_rep_2,GCA_035358495.1,0.007906594496556806,X_li,0.0,false,true,lipolysis,none,"",one_of(lipase|lysophospholipase|acylglycerol_lipase|phospholipase);one_of(fadD|esterase),0,6,0.0,0.0,0.0
FW_AS_rep_2,GCA_035358495.1,0.007906594496556806,X_su,0.31748737373737373,false,true,hexose_fermentation,partial,adhE;gapA;pfkA;pfor;pgi,pyk;one_of(ptsG|glcP),5,9,0.45454545454545453,0.6666666666666666,0.8333333333333334
FW_AS_rep_2,GCA_035358495.1,0.007906594496556806,X_aa,0.7,true,true,general_amino_acid_catabolism,medium,dppA;gdh;oppA;pfor;tdcB,"",5,7,0.7,1.0,1.0
FW_AS_rep_2,GCA_035358495.1,0.007906594496556806,X_fa,0.6960000000000001,false,true,lcfa_beta_oxidation,partial,etfA;etfB;fadA;fadB;fadE,fadD,5,6,0.8,0.8,1.0
FW_AS_rep_2,GCA_035358495.1,0.007906594496556806,X_ac_et,0.8666666666666667,true,true,ethanol_acetate_chain_initiation,medium,ackA;adh;adhE;bcd;crt;etfA;etfB;hbd;pta;thl,"",10,12,0.8666666666666667,1.0,1.0
FW_AS_rep_2,GCA_035358495.1,0.007906594496556806,X_ac_lac,0.0,false,true,lactate_acetate_chain_initiation,none,ackA;bcd;crt;etfA;etfB;hbd;lctB;pfor;pta;thl,lctD,10,13,0.75,0.875,1.0
FW_AS_rep_2,GCA_035358495.1,0.007906594496556806,X_chain_et,0.0,false,true,ethanol_reverse_beta_oxidation,none,adh;adhE;bcd;crt;etfA;etfB;hbd;thl,cat,8,10,0.7692307692307693,0.8888888888888888,1.0
FW_AS_rep_2,GCA_035358495.1,0.007906594496556806,X_chain_lac,0.0,false,true,lactate_reverse_beta_oxidation,none,bcd;crt;etfA;etfB;hbd;lctB;pfor;thl,cat;lctD,8,11,0.6428571428571429,0.8,0.8888888888888888
FW_AS_rep_2,GCA_035358495.1,0.007906594496556806,X_VFA_deg,1.0,true,true,syntrophic_butyrate_oxidation,high,bcd;crt;etfA;etfB;fdhA;hbd;hydA;rnfB;thl,"",9,9,1.0,1.0,1.0
FW_AS_rep_2,GCA_035358495.1,0.007906594496556806,X_Me_ac,0.0,false,true,acetoclastic_ack_pta,none,ackA;pta,mcrA;one_of(cdhC|cdhD|cdhE),2,8,0.2222222222222222,0.5,0.4
FW_AS_rep_2,GCA_035358495.1,0.007906594496556806,X_Me_CO2,0.0,false,true,hydrogenotrophic_core,none,"",mcrA;one_of(fwdA);one_of(ftr);one_of(mch);one_of(mtd|mer),0,8,0.0,0.0,0.0
FW_AS_rep_2,GCA_035358495.1,0.007906594496556806,X_et,0.7,true,true,ethanol_to_acetyl_coa,medium,ackA;adh;adhE;pta,"",4,6,0.7,1.0,1.0
FW_AS_rep_2,GCA_035358495.1,0.007906594496556806,X_lac,0.39166666666666666,false,true,lactate_to_pyruvate,partial,lctB;pfor;rnfB,lctD,3,5,0.5,0.6666666666666666,1.0
FW_AS_rep_2,GCA_023622505.1,0.007849916399807295,X_ch,0.13017857142857145,false,true,starch_utilization,partial,agl,cazy_GH13,1,4,0.2857142857142857,0.5,0.5
FW_AS_rep_2,GCA_023622505.1,0.007849916399807295,X_pr,0.6470588235294118,true,true,peptide_scavenging,low,dppA;dppB;dppC;endopeptidase;oppA;oppB;pepQ;pepT,"",8,13,0.6470588235294118,1.0,1.0
FW_AS_rep_2,GCA_023622505.1,0.007849916399807295,X_li,0.5,true,true,lipolysis,low,acylglycerol_lipase;fadD;lysophospholipase,"",3,6,0.5,1.0,1.0
FW_AS_rep_2,GCA_023622505.1,0.007849916399807295,X_su,0.6484848484848486,false,true,pentose_fermentation,partial,adhE;gapA;pfor;pyk;xylB;xylF,xylA,6,8,0.7272727272727273,0.8333333333333334,1.0
FW_AS_rep_2,GCA_023622505.1,0.007849916399807295,X_aa,0.7,true,true,general_amino_acid_catabolism,medium,dppA;gdh;oppA;pfor;tdcB,"",5,7,0.7,1.0,1.0
FW_AS_rep_2,GCA_023622505.1,0.007849916399807295,X_fa,0.6960000000000001,false,true,lcfa_beta_oxidation,partial,etfA;etfB;fadA;fadD;fadE,fadB,5,6,0.8,0.8,1.0
FW_AS_rep_2,GCA_023622505.1,0.007849916399807295,X_ac_et,0.8,true,true,ethanol_acetate_chain_initiation,medium,ackA;acs;adh;adhE;bcd;etfA;etfB;pta;thl,"",9,12,0.8,1.0,1.0
FW_AS_rep_2,GCA_023622505.1,0.007849916399807295,X_ac_lac,0.0,false,true,lactate_acetate_chain_initiation,none,ackA;acs;bcd;etfA;etfB;pfor;pta;thl,lctD;one_of(lctB|lctC),8,13,0.625,0.75,0.8888888888888888
FW_AS_rep_2,GCA_023622505.1,0.007849916399807295,X_chain_et,0.0,false,true,ethanol_reverse_beta_oxidation,none,adh;adhE;bcd;cat;etfA;etfB;thl,one_of(hbd);one_of(crt),7,10,0.7692307692307693,0.7777777777777778,0.875
FW_AS_rep_2,GCA_023622505.1,0.007849916399807295,X_chain_lac,0.0,false,true,lactate_reverse_beta_oxidation,none,bcd;cat;etfA;etfB;pfor;thl,lctD;one_of(hbd);one_of(crt);one_of(lctB|lctC),6,11,0.5714285714285714,0.6,0.6666666666666666
FW_AS_rep_2,GCA_023622505.1,0.007849916399807295,X_VFA_deg,0.6979166666666667,false,true,syntrophic_butyrate_oxidation,partial,bcd;etfA;etfB;fdhA;hydA;rnfB;thl,one_of(hbd);one_of(crt),7,9,0.8333333333333334,0.75,1.0
FW_AS_rep_2,GCA_023622505.1,0.007849916399807295,X_Me_ac,0.0,false,true,acetoclastic_ack_pta,none,ackA;mcrA;pta,one_of(cdhC|cdhD|cdhE),3,8,0.4444444444444444,0.75,0.6
FW_AS_rep_2,GCA_023622505.1,0.007849916399807295,X_Me_CO2,0.0,false,true,hydrogenotrophic_core,none,mcrA,one_of(fwdA);one_of(ftr);one_of(mch);one_of(mtd|mer),1,8,0.2222222222222222,0.2,0.16666666666666666
FW_AS_rep_2,GCA_023622505.1,0.007849916399807295,X_et,0.8,true,true,ethanol_to_acetyl_coa,medium,ackA;acs;adh;adhE;pta,"",5,6,0.8,1.0,1.0
FW_AS_rep_2,GCA_023622505.1,0.007849916399807295,X_lac,0.23010416666666667,false,true,lactate_to_pyruvate,partial,pfor;rnfB,lctD,2,5,0.375,0.6666666666666666,0.6666666666666666
FW_AS_rep_2,GCA_009877105.1,0.0071697792388131605,X_ch,1.0,true,true,starch_utilization,high,agl;cazy_GH13;susC;susD,"",4,4,1.0,1.0,1.0
FW_AS_rep_2,GCA_009877105.1,0.0071697792388131605,X_pr,0.47058823529411764,true,true,peptide_scavenging,low,dtpT;endopeptidase;pepA;pepD;pepQ;pepT,"",6,13,0.47058823529411764,1.0,1.0
FW_AS_rep_2,GCA_009877105.1,0.0071697792388131605,X_li,0.5,true,true,lipolysis,low,acylglycerol_lipase;fadD;lysophospholipase,"",3,6,0.5,1.0,1.0
FW_AS_rep_2,GCA_009877105.1,0.0071697792388131605,X_su,0.8461538461538461,true,true,entner_doudoroff,medium,adhE;eda;edd;gapA;glcP;pfor;pyk,"",7,9,0.8461538461538461,1.0,1.0
FW_AS_rep_2,GCA_009877105.1,0.0071697792388131605,X_aa,0.8,true,true,general_amino_acid_catabolism,medium,dtpT;gdh;ilvE;pfor;tdcB,"",5,7,0.8,1.0,1.0
FW_AS_rep_2,GCA_009877105.1,0.0071697792388131605,X_fa,0.6960000000000001,false,true,lcfa_beta_oxidation,partial,etfA;etfB;fadB;fadD;fadE,fadA,5,6,0.8,0.8,1.0
FW_AS_rep_2,GCA_009877105.1,0.0071697792388131605,X_ac_et,0.0,false,true,ethanol_acetate_chain_initiation,none,ackA;acs;adh;adhE;bcd;crt;etfA;etfB;pta,thl,9,12,0.7333333333333333,0.8571428571428571,1.0
FW_AS_rep_2,GCA_009877105.1,0.0071697792388131605,X_ac_lac,0.0,false,true,lactate_acetate_chain_initiation,none,ackA;acs;bcd;crt;etfA;etfB;lctB;pfor;pta,thl;lctD,9,13,0.625,0.75,1.0
FW_AS_rep_2,GCA_009877105.1,0.0071697792388131605,X_chain_et,0.0,false,true,ethanol_reverse_beta_oxidation,none,adh;adhE;bcd;crt;etfA;etfB,cat;one_of(thl);one_of(hbd),6,10,0.6153846153846154,0.6666666666666666,0.75
FW_AS_rep_2,GCA_009877105.1,0.0071697792388131605,X_chain_lac,0.0,false,true,lactate_reverse_beta_oxidation,none,bcd;crt;etfA;etfB;lctB;pfor,cat;lctD;one_of(thl);one_of(hbd),6,11,0.5,0.6,0.6666666666666666
FW_AS_rep_2,GCA_009877105.1,0.0071697792388131605,X_VFA_deg,1.0,true,true,syntrophic_propionate_mmc,high,fdhA;fumB;hydA;mdh;mmcE;mmcF;mmcG;pfor;sucC;sucD,"",10,10,1.0,1.0,1.0
FW_AS_rep_2,GCA_009877105.1,0.0071697792388131605,X_Me_ac,0.0,false,true,acetoclastic_ack_pta,none,ackA;pta,mcrA;one_of(cdhC|cdhD|cdhE),2,8,0.2222222222222222,0.5,0.4
FW_AS_rep_2,GCA_009877105.1,0.0071697792388131605,X_Me_CO2,0.0,false,true,hydrogenotrophic_core,none,fwdA,mcrA;one_of(ftr);one_of(mch);one_of(mtd|mer),1,8,0.1111111111111111,0.2,0.16666666666666666
FW_AS_rep_2,GCA_009877105.1,0.0071697792388131605,X_et,0.8,true,true,ethanol_to_acetyl_coa,medium,ackA;acs;adh;adhE;pta,"",5,6,0.8,1.0,1.0
FW_AS_rep_2,GCA_009877105.1,0.0071697792388131605,X_lac,0.39166666666666666,false,true,lactate_to_pyruvate,partial,lctB;pfor;rnfB,lctD,3,5,0.5,0.6666666666666666,1.0
FW_AS_rep_2,GCA_018437055.1,0.009720293592541162,X_ch,1.0,true,true,pectin_utilization,high,cazy_CE8;cazy_GH43;cazy_PL1;susC;susD,"",5,5,1.0,1.0,1.0
FW_AS_rep_2,GCA_018437055.1,0.009720293592541162,X_pr,0.6363636363636364,true,true,proteolysis_and_peptide_import,low,dtpT;endopeptidase;extracellular_protease;pepN,"",4,7,0.6363636363636364,1.0,1.0
FW_AS_rep_2,GCA_018437055.1,0.009720293592541162,X_li,0.4166666666666667,true,true,lipolysis,low,acylglycerol_lipase;esterase;fadD,"",3,6,0.4166666666666667,1.0,1.0
FW_AS_rep_2,GCA_018437055.1,0.009720293592541162,X_su,0.7692307692307693,true,true,entner_doudoroff,medium,adhE;eda;edd;gapA;glcP;pfor,"",6,9,0.7692307692307693,1.0,1.0
FW_AS_rep_2,GCA_018437055.1,0.009720293592541162,X_aa,0.8,true,true,general_amino_acid_catabolism,medium,dtpT;gdh;ilvE;pfor;tdcB,"",5,7,0.8,1.0,1.0
FW_AS_rep_2,GCA_018437055.1,0.009720293592541162,X_fa,0.38628,false,true,lcfa_beta_oxidation,partial,etfA;etfB;fadD;fadE,fadB;fadA,4,6,0.6,0.6,0.8
FW_AS_rep_2,GCA_018437055.1,0.009720293592541162,X_ac_et,0.0,false,true,ethanol_acetate_chain_initiation,none,ackA;acs;adh;adhE;bcd;etfA;etfB;hbd;pta,thl,9,12,0.7333333333333333,0.8571428571428571,1.0
FW_AS_rep_2,GCA_018437055.1,0.009720293592541162,X_ac_lac,0.0,false,true,lactate_acetate_chain_initiation,none,ackA;acs;bcd;etfA;etfB;hbd;lctC;pfor;pta,thl;lctD,9,13,0.625,0.75,1.0
FW_AS_rep_2,GCA_018437055.1,0.009720293592541162,X_chain_et,0.0,false,true,ethanol_reverse_beta_oxidation,none,adh;adhE;bcd;etfA;etfB;hbd,cat;one_of(thl);one_of(crt),6,10,0.6153846153846154,0.6666666666666666,0.75
FW_AS_rep_2,GCA_018437055.1,0.009720293592541162,X_chain_lac,0.0,false,true,lactate_reverse_beta_oxidation,none,bcd;etfA;etfB;hbd;lctC;pfor,cat;lctD;one_of(thl);one_of(crt),6,11,0.5,0.6,0.6666666666666666
FW_AS_rep_2,GCA_018437055.1,0.009720293592541162,X_VFA_deg,1.0,true,true,syntrophic_propionate_mmc,high,fdhA;fumB;hydA;mdh;mmcE;mmcF;mmcG;pfor;sucC;sucD,"",10,10,1.0,1.0,1.0
FW_AS_rep_2,GCA_018437055.1,0.009720293592541162,X_Me_ac,0.0,false,true,acetoclastic_ack_pta,none,ackA;pta,mcrA;one_of(cdhC|cdhD|cdhE),2,8,0.2222222222222222,0.5,0.4
FW_AS_rep_2,GCA_018437055.1,0.009720293592541162,X_Me_CO2,0.0,false,true,hydrogenotrophic_core,none,"",mcrA;one_of(fwdA);one_of(ftr);one_of(mch);one_of(mtd|mer),0,8,0.0,0.0,0.0
FW_AS_rep_2,GCA_018437055.1,0.009720293592541162,X_et,0.8,true,true,ethanol_to_acetyl_coa,medium,ackA;acs;adh;adhE;pta,"",5,6,0.8,1.0,1.0
FW_AS_rep_2,GCA_018437055.1,0.009720293592541162,X_lac,0.39166666666666666,false,true,lactate_to_pyruvate,partial,lctC;pfor;rnfB,lctD,3,5,0.5,0.6666666666666666,1.0
FW_AS_rep_2,GCA_033811395.1,0.005271062997704537,X_ch,0.7142857142857143,true,true,starch_utilization,medium,agl;cazy_GH13,"",2,4,0.7142857142857143,1.0,1.0
FW_AS_rep_2,GCA_033811395.1,0.005271062997704537,X_pr,0.47058823529411764,true,true,peptide_scavenging,low,dppA;dppB;dppC;oppA;oppB;pepQ,"",6,13,0.47058823529411764,1.0,1.0
FW_AS_rep_2,GCA_033811395.1,0.005271062997704537,X_li,0.6666666666666666,true,true,lipolysis,low,acylglycerol_lipase;fadD;lysophospholipase;phospholipase,"",4,6,0.6666666666666666,1.0,1.0
FW_AS_rep_2,GCA_033811395.1,0.005271062997704537,X_su,0.2971384615384616,false,true,entner_doudoroff,partial,adhE;edd;gapA;pfor,eda;one_of(ptsG|glcP),4,9,0.46153846153846156,0.6,0.8
FW_AS_rep_2,GCA_033811395.1,0.005271062997704537,X_aa,0.7,true,true,general_amino_acid_catabolism,medium,dppA;gdh;ilvE;oppA;pfor,"",5,7,0.7,1.0,1.0
FW_AS_rep_2,GCA_033811395.1,0.005271062997704537,X_fa,1.0,true,true,lcfa_beta_oxidation,high,etfA;etfB;fadA;fadB;fadD;fadE,"",6,6,1.0,1.0,1.0
FW_AS_rep_2,GCA_033811395.1,0.005271062997704537,X_ac_et,0.8666666666666667,true,true,ethanol_acetate_chain_initiation,medium,ackA;acs;adhE;bcd;crt;etfA;etfB;hbd;pta;thl,"",10,12,0.8666666666666667,1.0,1.0
FW_AS_rep_2,GCA_033811395.1,0.005271062997704537,X_ac_lac,0.0,false,true,lactate_acetate_chain_initiation,none,ackA;acs;bcd;crt;etfA;etfB;hbd;lctB;lctC;pfor;pta;thl,lctD,12,13,0.875,0.875,1.0
FW_AS_rep_2,GCA_033811395.1,0.005271062997704537,X_chain_et,0.8461538461538461,true,true,ethanol_reverse_beta_oxidation,medium,adhE;bcd;cat;crt;etfA;etfB;hbd;thl,"",8,10,0.8461538461538461,1.0,1.0
FW_AS_rep_2,GCA_033811395.1,0.005271062997704537,X_chain_lac,0.0,false,true,lactate_reverse_beta_oxidation,none,bcd;cat;crt;etfA;etfB;hbd;lctB;lctC;pfor;thl,lctD,10,11,0.8571428571428571,0.9,1.0
FW_AS_rep_2,GCA_033811395.1,0.005271062997704537,X_VFA_deg,1.0,true,true,syntrophic_butyrate_oxidation,high,bcd;crt;etfA;etfB;fdhA;hbd;hydA;rnfB;thl,"",9,9,1.0,1.0,1.0
FW_AS_rep_2,GCA_033811395.1,0.005271062997704537,X_Me_ac,0.0,false,true,acetoclastic_ack_pta,none,ackA;pta,mcrA;one_of(cdhC|cdhD|cdhE),2,8,0.2222222222222222,0.5,0.4
FW_AS_rep_2,GCA_033811395.1,0.005271062997704537,X_Me_CO2,0.0,false,true,hydrogenotrophic_core,none,fwdA,mcrA;one_of(ftr);one_of(mch);one_of(mtd|mer),1,8,0.1111111111111111,0.2,0.16666666666666666
FW_AS_rep_2,GCA_033811395.1,0.005271062997704537,X_et,0.6,true,true,ethanol_to_acetyl_coa,low,ackA;acs;adhE;pta,"",4,6,0.6,1.0,1.0
FW_AS_rep_2,GCA_033811395.1,0.005271062997704537,X_lac,0.4895833333333333,false,true,lactate_to_pyruvate,partial,lctB;lctC;pfor;rnfB,lctD,4,5,0.625,0.6666666666666666,1.0
FW_AS_rep_2,GCA_022840265.1,0.005072689659081248,X_ch,0.1952678571428572,false,true,starch_utilization,partial,cazy_GH13,one_of(susC|susD|agl),1,4,0.42857142857142855,0.5,0.5
FW_AS_rep_2,GCA_022840265.1,0.005072689659081248,X_pr,0.7058823529411765,true,true,peptide_scavenging,medium,dppA;dppB;dppC;endopeptidase;oppA;oppB;pepD;pepQ;pepT,"",9,13,0.7058823529411765,1.0,1.0
FW_AS_rep_2,GCA_022840265.1,0.005072689659081248,X_li,0.3333333333333333,false,true,lipolysis,partial,acylglycerol_lipase;fadD,"",2,6,0.3333333333333333,1.0,1.0
FW_AS_rep_2,GCA_022840265.1,0.005072689659081248,X_su,0.44448232323232323,false,true,pentose_fermentation,partial,adhE;gapA;pfor;xylB;xylF,xylA;pyk,5,8,0.6363636363636364,0.6666666666666666,0.8333333333333334
FW_AS_rep_2,GCA_022840265.1,0.005072689659081248,X_aa,0.9,true,true,general_amino_acid_catabolism,high,dppA;gdh;ilvE;oppA;pfor;tdcB,"",6,7,0.9,1.0,1.0
FW_AS_rep_2,GCA_022840265.1,0.005072689659081248,X_fa,0.38628,false,true,lcfa_beta_oxidation,partial,etfA;etfB;fadA;fadD,fadE;fadB,4,6,0.6,0.6,0.8
FW_AS_rep_2,GCA_022840265.1,0.005072689659081248,X_ac_et,0.0,false,true,ethanol_acetate_chain_initiation,none,ackA;acs;adh;adhE;etfA;etfB;pta,thl;bcd,7,12,0.5333333333333333,0.7142857142857143,0.875
FW_AS_rep_2,GCA_022840265.1,0.005072689659081248,X_ac_lac,0.0,false,true,lactate_acetate_chain_initiation,none,ackA;acs;etfA;etfB;pfor;pta,thl;bcd;lctD;one_of(lctB|lctC),6,13,0.375,0.5,0.6666666666666666
FW_AS_rep_2,GCA_022840265.1,0.005072689659081248,X_chain_et,0.0,false,true,ethanol_reverse_beta_oxidation,none,adh;adhE;etfA;etfB,bcd;cat;one_of(thl);one_of(hbd);one_of(crt),4,10,0.38461538461538464,0.4444444444444444,0.5
FW_AS_rep_2,GCA_022840265.1,0.005072689659081248,X_chain_lac,0.0,false,true,lactate_reverse_beta_oxidation,none,etfA;etfB;pfor,bcd;cat;lctD;one_of(thl);one_of(hbd);one_of(crt);one_of(lctB|lctC),3,11,0.21428571428571427,0.3,0.3333333333333333
FW_AS_rep_2,GCA_022840265.1,0.005072689659081248,X_VFA_deg,0.36341517857142863,false,true,syntrophic_propionate_mmc,partial,fdhA;fumB;hydA;mmcE;mmcG;pfor,mmcF;sucC;sucD;one_of(mdh),6,10,0.6428571428571429,0.5,0.75
FW_AS_rep_2,GCA_022840265.1,0.005072689659081248,X_Me_ac,0.0,false,true,acetoclastic_ack_pta,none,ackA;pta,mcrA;one_of(cdhC|cdhD|cdhE),2,8,0.2222222222222222,0.5,0.4
FW_AS_rep_2,GCA_022840265.1,0.005072689659081248,X_Me_CO2,0.0,false,true,hydrogenotrophic_core,none,"",mcrA;one_of(fwdA);one_of(ftr);one_of(mch);one_of(mtd|mer),0,8,0.0,0.0,0.0
FW_AS_rep_2,GCA_022840265.1,0.005072689659081248,X_et,0.8,true,true,ethanol_to_acetyl_coa,medium,ackA;acs;adh;adhE;pta,"",5,6,0.8,1.0,1.0
FW_AS_rep_2,GCA_022840265.1,0.005072689659081248,X_lac,0.23010416666666667,false,true,lactate_to_pyruvate,partial,pfor;rnfB,lctD,2,5,0.375,0.6666666666666666,0.6666666666666666
FW_AS_rep_2,GCA_035361655.1,0.005044350610706493,X_ch,0.8571428571428571,true,true,starch_utilization,medium,agl;cazy_GH13;susC,"",3,4,0.8571428571428571,1.0,1.0
FW_AS_rep_2,GCA_035361655.1,0.005044350610706493,X_pr,0.1922727272727273,false,true,proteolysis_and_peptide_import,partial,extracellular_protease;pepN,one_of(oppA|oppB|dtpT),2,7,0.36363636363636365,0.6666666666666666,0.5
FW_AS_rep_2,GCA_035361655.1,0.005044350610706493,X_li,0.0,false,true,lipolysis,none,"",one_of(lipase|lysophospholipase|acylglycerol_lipase|phospholipase);one_of(fadD|esterase),0,6,0.0,0.0,0.0
FW_AS_rep_2,GCA_035361655.1,0.005044350610706493,X_su,0.31748737373737373,false,true,hexose_fermentation,partial,adhE;gapA;pfkA;pfor;pgi,pyk;one_of(ptsG|glcP),5,9,0.45454545454545453,0.6666666666666666,0.8333333333333334
FW_AS_rep_2,GCA_035361655.1,0.005044350610706493,X_aa,0.18408333333333332,false,true,general_amino_acid_catabolism,partial,gdh;pfor,one_of(oppA|dppA|dtpT),2,7,0.3,0.6666666666666666,0.6666666666666666
FW_AS_rep_2,GCA_035361655.1,0.005044350610706493,X_fa,0.38628,false,true,lcfa_beta_oxidation,partial,etfA;etfB;fadA;fadE,fadD;fadB,4,6,0.6,0.6,0.8
FW_AS_rep_2,GCA_035361655.1,0.005044350610706493,X_ac_et,0.7333333333333333,true,true,ethanol_acetate_chain_initiation,medium,ackA;adh;adhE;bcd;etfA;etfB;pta;thl,"",8,12,0.7333333333333333,1.0,1.0
FW_AS_rep_2,GCA_035361655.1,0.005044350610706493,X_ac_lac,0.0,false,true,lactate_acetate_chain_initiation,none,ackA;bcd;etfA;etfB;pfor;pta;thl,lctD;one_of(lctB|lctC),7,13,0.5625,0.75,0.7777777777777778
FW_AS_rep_2,GCA_035361655.1,0.005044350610706493,X_chain_et,0.0,false,true,ethanol_reverse_beta_oxidation,none,adh;adhE;bcd;cat;etfA;etfB;thl,one_of(hbd);one_of(crt),7,10,0.7692307692307693,0.7777777777777778,0.875
FW_AS_rep_2,GCA_035361655.1,0.005044350610706493,X_chain_lac,0.0,false,true,lactate_reverse_beta_oxidation,none,bcd;cat;etfA;etfB;pfor;thl,lctD;one_of(hbd);one_of(crt);one_of(lctB|lctC),6,11,0.5714285714285714,0.6,0.6666666666666666
FW_AS_rep_2,GCA_035361655.1,0.005044350610706493,X_VFA_deg,0.6979166666666667,false,true,syntrophic_butyrate_oxidation,partial,bcd;etfA;etfB;fdhA;hydA;rnfB;thl,one_of(hbd);one_of(crt),7,9,0.8333333333333334,0.75,1.0
FW_AS_rep_2,GCA_035361655.1,0.005044350610706493,X_Me_ac,0.0,false,true,acetoclastic_ack_pta,none,ackA;pta,mcrA;one_of(cdhC|cdhD|cdhE),2,8,0.2222222222222222,0.5,0.4
FW_AS_rep_2,GCA_035361655.1,0.005044350610706493,X_Me_CO2,0.0,false,true,hydrogenotrophic_core,none,fwdA,mcrA;one_of(ftr);one_of(mch);one_of(mtd|mer),1,8,0.1111111111111111,0.2,0.16666666666666666
FW_AS_rep_2,GCA_035361655.1,0.005044350610706493,X_et,0.7,true,true,ethanol_to_acetyl_coa,medium,ackA;adh;adhE;pta,"",4,6,0.7,1.0,1.0
FW_AS_rep_2,GCA_035361655.1,0.005044350610706493,X_lac,0.23010416666666667,false,true,lactate_to_pyruvate,partial,pfor;rnfB,lctD,2,5,0.375,0.6666666666666666,0.6666666666666666
FW_AS_rep_2,GCA_022840855.1,0.004760960126958937,X_ch,1.0,true,true,starch_utilization,high,agl;cazy_GH13;susC;susD,"",4,4,1.0,1.0,1.0
FW_AS_rep_2,GCA_022840855.1,0.004760960126958937,X_pr,0.6363636363636364,true,true,proteolysis_and_peptide_import,low,dtpT;endopeptidase;extracellular_protease;pepN,"",4,7,0.6363636363636364,1.0,1.0
FW_AS_rep_2,GCA_022840855.1,0.004760960126958937,X_li,0.5833333333333334,true,true,lipolysis,low,acylglycerol_lipase;esterase;fadD;lysophospholipase,"",4,6,0.5833333333333334,1.0,1.0
FW_AS_rep_2,GCA_022840855.1,0.004760960126958937,X_su,0.6484848484848486,false,true,pentose_fermentation,partial,adhE;gapA;pfor;pyk;xylA;xylB,one_of(xylF),6,8,0.7272727272727273,0.8333333333333334,1.0
FW_AS_rep_2,GCA_022840855.1,0.004760960126958937,X_aa,0.8,true,true,general_amino_acid_catabolism,medium,dtpT;gdh;ilvE;pfor;tdcB,"",5,7,0.8,1.0,1.0
FW_AS_rep_2,GCA_022840855.1,0.004760960126958937,X_fa,0.38628,false,true,lcfa_beta_oxidation,partial,etfA;etfB;fadD;fadE,fadB;fadA,4,6,0.6,0.6,0.8
FW_AS_rep_2,GCA_022840855.1,0.004760960126958937,X_ac_et,0.0,false,true,ethanol_acetate_chain_initiation,none,ackA;acs;adh;adhE;bcd;etfA;etfB;pta,thl,8,12,0.6666666666666666,0.8571428571428571,1.0
FW_AS_rep_2,GCA_022840855.1,0.004760960126958937,X_ac_lac,0.0,false,true,lactate_acetate_chain_initiation,none,ackA;acs;bcd;etfA;etfB;lctB;lctC;pfor;pta,thl;lctD,9,13,0.625,0.75,1.0
FW_AS_rep_2,GCA_022840855.1,0.004760960126958937,X_chain_et,0.0,false,true,ethanol_reverse_beta_oxidation,none,adh;adhE;bcd;etfA;etfB,cat;one_of(thl);one_of(hbd);one_of(crt),5,10,0.5384615384615384,0.5555555555555556,0.625
FW_AS_rep_2,GCA_022840855.1,0.004760960126958937,X_chain_lac,0.0,false,true,lactate_reverse_beta_oxidation,none,bcd;etfA;etfB;lctB;lctC;pfor,cat;lctD;one_of(thl);one_of(hbd);one_of(crt),6,11,0.5,0.5,0.6666666666666666
FW_AS_rep_2,GCA_022840855.1,0.004760960126958937,X_VFA_deg,0.5459179687499999,false,true,syntrophic_propionate_mmc,partial,fdhA;fumB;hydA;mmcE;mmcF;mmcG;pfor,sucC;sucD;one_of(mdh),7,10,0.7857142857142857,0.625,0.875
FW_AS_rep_2,GCA_022840855.1,0.004760960126958937,X_Me_ac,0.0,false,true,acetoclastic_ack_pta,none,ackA;pta,mcrA;one_of(cdhC|cdhD|cdhE),2,8,0.2222222222222222,0.5,0.4
FW_AS_rep_2,GCA_022840855.1,0.004760960126958937,X_Me_CO2,0.0,false,true,hydrogenotrophic_core,none,"",mcrA;one_of(fwdA);one_of(ftr);one_of(mch);one_of(mtd|mer),0,8,0.0,0.0,0.0
FW_AS_rep_2,GCA_022840855.1,0.004760960126958937,X_et,0.8,true,true,ethanol_to_acetyl_coa,medium,ackA;acs;adh;adhE;pta,"",5,6,0.8,1.0,1.0
FW_AS_rep_2,GCA_022840855.1,0.004760960126958937,X_lac,0.4895833333333333,false,true,lactate_to_pyruvate,partial,lctB;lctC;pfor;rnfB,lctD,4,5,0.625,0.6666666666666666,1.0
FW_AS_rep_2,GCA_029565215.1,0.004477569643211381,X_ch,0.06508928571428572,false,true,starch_utilization,partial,susC,cazy_GH13,1,4,0.14285714285714285,0.5,0.5
FW_AS_rep_2,GCA_029565215.1,0.004477569643211381,X_pr,0.9411764705882353,true,true,peptide_scavenging,high,dppA;dppB;dppC;dtpT;endopeptidase;oppA;oppB;pepA;pepD;pepN;pepQ;pepT,"",12,13,0.9411764705882353,1.0,1.0
FW_AS_rep_2,GCA_029565215.1,0.004477569643211381,X_li,0.0759375,false,true,lipolysis,partial,fadD,one_of(lipase|lysophospholipase|acylglycerol_lipase|phospholipase),1,6,0.16666666666666666,0.5,0.5
FW_AS_rep_2,GCA_029565215.1,0.004477569643211381,X_su,0.7272727272727273,true,true,hexose_fermentation,medium,adhE;gapA;glcP;pfkA;pfor;pgi;pyk,"",7,9,0.7272727272727273,1.0,1.0
FW_AS_rep_2,GCA_029565215.1,0.004477569643211381,X_aa,0.8,true,true,general_amino_acid_catabolism,medium,dppA;dtpT;gdh;ilvE;oppA;pfor,"",6,7,0.8,1.0,1.0
FW_AS_rep_2,GCA_029565215.1,0.004477569643211381,X_fa,0.38628,false,true,lcfa_beta_oxidation,partial,etfA;etfB;fadD;fadE,fadB;fadA,4,6,0.6,0.6,0.8
FW_AS_rep_2,GCA_029565215.1,0.004477569643211381,X_ac_et,0.0,false,true,ethanol_acetate_chain_initiation,none,ackA;acs;adh;adhE;bcd;etfA;etfB,thl,7,12,0.6,0.8571428571428571,0.875
FW_AS_rep_2,GCA_029565215.1,0.004477569643211381,X_ac_lac,0.0,false,true,lactate_acetate_chain_initiation,none,ackA;acs;bcd;etfA;etfB;lctC;pfor,thl;lctD,7,13,0.5,0.75,0.7777777777777778
FW_AS_rep_2,GCA_029565215.1,0.004477569643211381,X_chain_et,0.0,false,true,ethanol_reverse_beta_oxidation,none,adh;adhE;bcd;cat;etfA;etfB,one_of(thl);one_of(hbd);one_of(crt),6,10,0.6923076923076923,0.6666666666666666,0.75
FW_AS_rep_2,GCA_029565215.1,0.004477569643211381,X_chain_lac,0.0,false,true,lactate_reverse_beta_oxidation,none,bcd;cat;etfA;etfB;lctC;pfor,lctD;one_of(thl);one_of(hbd);one_of(crt),6,11,0.5714285714285714,0.6,0.6666666666666666
FW_AS_rep_2,GCA_029565215.1,0.004477569643211381,X_VFA_deg,0.853125,false,true,syntrophic_propionate_mmc,partial,fdhA;fumB;hydA;mmcE;mmcF;mmcG;pfor;sucC;sucD,one_of(mdh),9,10,0.9285714285714286,0.875,1.0
FW_AS_rep_2,GCA_029565215.1,0.004477569643211381,X_Me_ac,0.0,false,true,acetoclastic_ack_pta,none,ackA,mcrA;pta;one_of(cdhC|cdhD|cdhE),1,8,0.1111111111111111,0.25,0.2
FW_AS_rep_2,GCA_029565215.1,0.004477569643211381,X_Me_CO2,0.0,false,true,hydrogenotrophic_core,none,"",mcrA;one_of(fwdA);one_of(ftr);one_of(mch);one_of(mtd|mer),0,8,0.0,0.0,0.0
FW_AS_rep_2,GCA_029565215.1,0.004477569643211381,X_et,0.7,true,true,ethanol_to_acetyl_coa,medium,ackA;acs;adh;adhE,"",4,6,0.7,1.0,1.0
FW_AS_rep_2,GCA_029565215.1,0.004477569643211381,X_lac,0.39166666666666666,false,true,lactate_to_pyruvate,partial,lctC;pfor;rnfB,lctD,3,5,0.5,0.6666666666666666,1.0
FW_AS_rep_2,GCA_002316295.1,0.004279196304588092,X_ch,0.1952678571428572,false,true,starch_utilization,partial,cazy_GH13,one_of(susC|susD|agl),1,4,0.42857142857142855,0.5,0.5
FW_AS_rep_2,GCA_002316295.1,0.004279196304588092,X_pr,0.4174810606060606,false,true,proteolysis_and_peptide_import,partial,endopeptidase;extracellular_protease;oppA,one_of(pepN|pepO),3,7,0.6363636363636364,0.6666666666666666,0.75
FW_AS_rep_2,GCA_002316295.1,0.004279196304588092,X_li,0.5,true,true,lipolysis,low,acylglycerol_lipase;fadD;lysophospholipase,"",3,6,0.5,1.0,1.0
FW_AS_rep_2,GCA_002316295.1,0.004279196304588092,X_su,0.3984615384615384,false,true,entner_doudoroff,partial,adhE;edd;gapA;pfor;pyk,eda;one_of(ptsG|glcP),5,9,0.5384615384615384,0.6,1.0
FW_AS_rep_2,GCA_002316295.1,0.004279196304588092,X_aa,0.9,true,true,general_amino_acid_catabolism,high,dppA;gdh;ilvE;oppA;pfor;tdcB,"",6,7,0.9,1.0,1.0
FW_AS_rep_2,GCA_002316295.1,0.004279196304588092,X_fa,1.0,true,true,lcfa_beta_oxidation,high,etfA;etfB;fadA;fadB;fadD;fadE,"",6,6,1.0,1.0,1.0
FW_AS_rep_2,GCA_002316295.1,0.004279196304588092,X_ac_et,0.8,true,true,ethanol_acetate_chain_initiation,medium,acs;adh;adhE;bcd;crt;etfA;etfB;hbd;thl,"",9,12,0.8,1.0,1.0
FW_AS_rep_2,GCA_002316295.1,0.004279196304588092,X_ac_lac,0.0,false,true,lactate_acetate_chain_initiation,none,acs;bcd;crt;etfA;etfB;hbd;lctB;lctC;pfor;thl,lctD,10,13,0.75,0.875,1.0
FW_AS_rep_2,GCA_002316295.1,0.004279196304588092,X_chain_et,0.9230769230769231,true,true,ethanol_reverse_beta_oxidation,high,adh;adhE;bcd;cat;crt;etfA;etfB;hbd;thl,"",9,10,0.9230769230769231,1.0,1.0
FW_AS_rep_2,GCA_002316295.1,0.004279196304588092,X_chain_lac,0.0,false,true,lactate_reverse_beta_oxidation,none,bcd;cat;crt;etfA;etfB;hbd;lctB;lctC;pfor;thl,lctD,10,11,0.8571428571428571,0.9,1.0
FW_AS_rep_2,GCA_002316295.1,0.004279196304588092,X_VFA_deg,1.0,true,true,syntrophic_butyrate_oxidation,high,bcd;crt;etfA;etfB;fdhA;hbd;hydA;rnfB;thl,"",9,9,1.0,1.0,1.0
FW_AS_rep_2,GCA_002316295.1,0.004279196304588092,X_Me_ac,0.0,false,true,acetoclastic_acs,none,acs,mcrA;one_of(cdhC|cdhD|cdhE),1,7,0.2222222222222222,0.3333333333333333,0.25
FW_AS_rep_2,GCA_002316295.1,0.004279196304588092,X_Me_CO2,0.0,false,true,hydrogenotrophic_core,none,fwdA,mcrA;one_of(ftr);one_of(mch);one_of(mtd|mer),1,8,0.1111111111111111,0.2,0.16666666666666666
FW_AS_rep_2,GCA_002316295.1,0.004279196304588092,X_et,0.6,true,true,ethanol_to_acetyl_coa,low,acs;adh;adhE,"",3,6,0.6,1.0,1.0
FW_AS_rep_2,GCA_002316295.1,0.004279196304588092,X_lac,0.4895833333333333,false,true,lactate_to_pyruvate,partial,lctB;lctC;pfor;rnfB,lctD,4,5,0.625,0.6666666666666666,1.0
FW_AS_rep_2,GCA_033810415.1,0.004222518207838581,X_ch,0.0,false,true,xylan_utilization,none,"",xylA;xylB;one_of(cazy_GH10|cazy_GH11);one_of(cazy_GH43|cazy_CBM6),0,6,0.0,0.0,0.0
FW_AS_rep_2,GCA_033810415.1,0.004222518207838581,X_pr,0.5882352941176471,true,true,peptide_scavenging,low,dppA;dppB;dppC;oppA;oppB;pepN;pepQ;pepT,"",8,13,0.5882352941176471,1.0,1.0
FW_AS_rep_2,GCA_033810415.1,0.004222518207838581,X_li,0.0759375,false,true,lipolysis,partial,fadD,one_of(lipase|lysophospholipase|acylglycerol_lipase|phospholipase),1,6,0.16666666666666666,0.5,0.5
FW_AS_rep_2,GCA_033810415.1,0.004222518207838581,X_su,0.2971384615384616,false,true,entner_doudoroff,partial,edd;lctD;pfor;pyk,eda;one_of(ptsG|glcP),4,9,0.46153846153846156,0.6,0.8
FW_AS_rep_2,GCA_033810415.1,0.004222518207838581,X_aa,0.5,true,true,general_amino_acid_catabolism,low,dppA;gdh;oppA;pfor,"",4,7,0.5,1.0,1.0
FW_AS_rep_2,GCA_033810415.1,0.004222518207838581,X_fa,0.046079999999999996,false,true,lcfa_beta_oxidation,partial,fadD,fadE;fadB;fadA;one_of(etfA|etfB),1,6,0.2,0.2,0.2
FW_AS_rep_2,GCA_033810415.1,0.004222518207838581,X_ac_et,0.0,false,true,ethanol_acetate_chain_initiation,none,acs,thl;bcd;etfA;etfB;one_of(adhE|adh);one_of(adhE|aldh),1,12,0.06666666666666667,0.14285714285714285,0.125
FW_AS_rep_2,GCA_033810415.1,0.004222518207838581,X_ac_lac,0.0,false,true,lactate_acetate_chain_initiation,none,acs;lctB;lctC;lctD;pfor,thl;bcd;etfA;etfB,5,13,0.375,0.5,0.5555555555555556
FW_AS_rep_2,GCA_033810415.1,0.004222518207838581,X_chain_et,0.0,false,true,ethanol_reverse_beta_oxidation,none,"",bcd;etfA;etfB;cat;one_of(thl);one_of(hbd);one_of(crt);one_of(adhE|adh);one_of(adhE|aldh),0,10,0.0,0.0,0.0
FW_AS_rep_2,GCA_033810415.1,0.004222518207838581,X_chain_lac,0.0,false,true,lactate_reverse_beta_oxidation,none,lctB;lctC;lctD;pfor,bcd;etfA;etfB;cat;one_of(thl);one_of(hbd);one_of(crt),4,11,0.35714285714285715,0.3,0.4444444444444444
FW_AS_rep_2,GCA_033810415.1,0.004222518207838581,X_VFA_deg,0.40715959821428577,false,true,syntrophic_propionate_mmc,partial,fumB;hydA;mmcE;mmcF;mmcG;pfor,sucC;sucD;one_of(mdh),6,10,0.6428571428571429,0.625,0.75
FW_AS_rep_2,GCA_033810415.1,0.004222518207838581,X_Me_ac,0.0,false,true,acetoclastic_acs,none,acs;mcrA;mcrB,forbidden(mvhA);forbidden(mvhD);forbidden(mvhG);one_of(cdhC|cdhD|cdhE),3,7,0.5555555555555556,0.6666666666666666,0.75
FW_AS_rep_2,GCA_033810415.1,0.004222518207838581,X_Me_CO2,0.0,false,true,hydrogenotrophic_core,none,mcrA;mcrB,one_of(fwdA);one_of(ftr);one_of(mch);one_of(mtd|mer),2,8,0.3333333333333333,0.2,0.3333333333333333
FW_AS_rep_2,GCA_033810415.1,0.004222518207838581,X_et,0.03211111111111111,false,true,ethanol_to_acetyl_coa,partial,acs,one_of(adhE|adh);one_of(adhE|aldh),1,6,0.1,0.3333333333333333,0.3333333333333333
FW_AS_rep_2,GCA_033810415.1,0.004222518207838581,X_lac,1.0,true,true,lactate_to_pyruvate,high,lctB;lctC;lctD;pfor;rnfB,"",5,5,1.0,1.0,1.0
FW_AS_rep_2,GCA_022837705.1,0.004024144869215292,X_ch,1.0,true,true,pectin_utilization,high,cazy_CE8;cazy_GH43;cazy_PL1;susC;susD,"",5,5,1.0,1.0,1.0
FW_AS_rep_2,GCA_022837705.1,0.004024144869215292,X_pr,0.47058823529411764,true,true,peptide_scavenging,low,dtpT;endopeptidase;pepD;pepO;pepQ;pepT,"",6,13,0.47058823529411764,1.0,1.0
FW_AS_rep_2,GCA_022837705.1,0.004024144869215292,X_li,0.4166666666666667,true,true,lipolysis,low,esterase;fadD;lysophospholipase,"",3,6,0.4166666666666667,1.0,1.0
FW_AS_rep_2,GCA_022837705.1,0.004024144869215292,X_su,0.8461538461538461,true,true,entner_doudoroff,medium,eda;edd;gapA;glcP;lctD;pfor;pyk,"",7,9,0.8461538461538461,1.0,1.0
FW_AS_rep_2,GCA_022837705.1,0.004024144869215292,X_aa,0.6,true,true,general_amino_acid_catabolism,low,dtpT;gdh;ilvE;pfor,"",4,7,0.6,1.0,1.0
FW_AS_rep_2,GCA_022837705.1,0.004024144869215292,X_fa,0.6960000000000001,false,true,lcfa_beta_oxidation,partial,etfA;etfB;fadB;fadD;fadE,fadA,5,6,0.8,0.8,1.0
FW_AS_rep_2,GCA_022837705.1,0.004024144869215292,X_ac_et,0.0,false,true,ethanol_acetate_chain_initiation,none,ackA;acs;adh;bcd;etfA;etfB;hbd;pta,thl;one_of(adhE|aldh),8,12,0.6,0.7142857142857143,1.0
FW_AS_rep_2,GCA_022837705.1,0.004024144869215292,X_ac_lac,0.0,false,true,lactate_acetate_chain_initiation,none,ackA;acs;bcd;etfA;etfB;hbd;lctB;lctC;lctD;pfor;pta,thl,11,13,0.8125,0.875,1.0
FW_AS_rep_2,GCA_022837705.1,0.004024144869215292,X_chain_et,0.0,false,true,ethanol_reverse_beta_oxidation,none,adh;bcd;etfA;etfB;hbd,cat;one_of(thl);one_of(crt);one_of(adhE|aldh),5,10,0.46153846153846156,0.5555555555555556,0.625
FW_AS_rep_2,GCA_022837705.1,0.004024144869215292,X_chain_lac,0.0,false,true,lactate_reverse_beta_oxidation,none,bcd;etfA;etfB;hbd;lctB;lctC;lctD;pfor,cat;one_of(thl);one_of(crt),8,11,0.7142857142857143,0.7,0.8888888888888888
FW_AS_rep_2,GCA_022837705.1,0.004024144869215292,X_VFA_deg,0.7178571428571429,false,true,syntrophic_propionate_mmc,partial,fdhA;fumB;hydA;mdh;mmcE;mmcF;mmcG;pfor,sucC;sucD,8,10,0.8571428571428571,0.75,1.0
FW_AS_rep_2,GCA_022837705.1,0.004024144869215292,X_Me_ac,0.0,false,true,acetoclastic_ack_pta,none,ackA;pta,mcrA;one_of(cdhC|cdhD|cdhE),2,8,0.2222222222222222,0.5,0.4
FW_AS_rep_2,GCA_022837705.1,0.004024144869215292,X_Me_CO2,0.0,false,true,hydrogenotrophic_core,none,"",mcrA;one_of(fwdA);one_of(ftr);one_of(mch);one_of(mtd|mer),0,8,0.0,0.0,0.0
FW_AS_rep_2,GCA_022837705.1,0.004024144869215292,X_et,0.39166666666666666,false,true,ethanol_to_acetyl_coa,partial,ackA;acs;adh;pta,one_of(adhE|aldh),4,6,0.5,0.6666666666666666,1.0
FW_AS_rep_2,GCA_022837705.1,0.004024144869215292,X_lac,1.0,true,true,lactate_to_pyruvate,high,lctB;lctC;lctD;pfor;rnfB,"",5,5,1.0,1.0,1.0
FW_AS_rep_2,GCA_963709485.1,0.0035140419984696913,X_ch,0.06508928571428572,false,true,starch_utilization,partial,susC,cazy_GH13,1,4,0.14285714285714285,0.5,0.5
FW_AS_rep_2,GCA_963709485.1,0.0035140419984696913,X_pr,0.6363636363636364,true,true,proteolysis_and_peptide_import,low,extracellular_protease;oppA;oppB;pepO,"",4,7,0.6363636363636364,1.0,1.0
FW_AS_rep_2,GCA_963709485.1,0.0035140419984696913,X_li,0.5,true,true,lipolysis,low,acylglycerol_lipase;fadD;lysophospholipase,"",3,6,0.5,1.0,1.0
FW_AS_rep_2,GCA_963709485.1,0.0035140419984696913,X_su,0.31748737373737373,false,true,hexose_fermentation,partial,adhE;gapA;pfkA;pfor;pgi,pyk;one_of(ptsG|glcP),5,9,0.45454545454545453,0.6666666666666666,0.8333333333333334
FW_AS_rep_2,GCA_963709485.1,0.0035140419984696913,X_aa,0.9,true,true,general_amino_acid_catabolism,high,dppA;gdh;ilvE;oppA;pfor;tdcB,"",6,7,0.9,1.0,1.0
FW_AS_rep_2,GCA_963709485.1,0.0035140419984696913,X_fa,1.0,true,true,lcfa_beta_oxidation,high,etfA;etfB;fadA;fadB;fadD;fadE,"",6,6,1.0,1.0,1.0
FW_AS_rep_2,GCA_963709485.1,0.0035140419984696913,X_ac_et,0.9333333333333333,true,true,ethanol_acetate_chain_initiation,high,ackA;acs;adh;adhE;bcd;crt;etfA;etfB;hbd;pta;thl,"",11,12,0.9333333333333333,1.0,1.0
FW_AS_rep_2,GCA_963709485.1,0.0035140419984696913,X_ac_lac,0.0,false,true,lactate_acetate_chain_initiation,none,ackA;acs;bcd;crt;etfA;etfB;hbd;pfor;pta;thl,lctD;one_of(lctB|lctC),10,13,0.75,0.75,1.0
FW_AS_rep_2,GCA_963709485.1,0.0035140419984696913,X_chain_et,0.9230769230769231,true,true,ethanol_reverse_beta_oxidation,high,adh;adhE;bcd;cat;crt;etfA;etfB;hbd;thl,"",9,10,0.9230769230769231,1.0,1.0
FW_AS_rep_2,GCA_963709485.1,0.0035140419984696913,X_chain_lac,0.0,false,true,lactate_reverse_beta_oxidation,none,bcd;cat;crt;etfA;etfB;hbd;pfor;thl,lctD;one_of(lctB|lctC),8,11,0.7142857142857143,0.8,0.8888888888888888
FW_AS_rep_2,GCA_963709485.1,0.0035140419984696913,X_VFA_deg,1.0,true,true,syntrophic_butyrate_oxidation,high,bcd;crt;etfA;etfB;fdhA;hbd;hydA;rnfB;thl,"",9,9,1.0,1.0,1.0
FW_AS_rep_2,GCA_963709485.1,0.0035140419984696913,X_Me_ac,0.0,false,true,acetoclastic_ack_pta,none,ackA;pta,mcrA;one_of(cdhC|cdhD|cdhE),2,8,0.2222222222222222,0.5,0.4
FW_AS_rep_2,GCA_963709485.1,0.0035140419984696913,X_Me_CO2,0.0,false,true,hydrogenotrophic_core,none,fwdA,mcrA;one_of(ftr);one_of(mch);one_of(mtd|mer),1,8,0.1111111111111111,0.2,0.16666666666666666
FW_AS_rep_2,GCA_963709485.1,0.0035140419984696913,X_et,0.8,true,true,ethanol_to_acetyl_coa,medium,ackA;acs;adh;adhE;pta,"",5,6,0.8,1.0,1.0
FW_AS_rep_2,GCA_963709485.1,0.0035140419984696913,X_lac,0.23010416666666667,false,true,lactate_to_pyruvate,partial,pfor;rnfB,lctD,2,5,0.375,0.6666666666666666,0.6666666666666666
FW_AS_rep_2,GCA_022708185.1,0.0030606172244736023,X_ch,1.0,true,true,starch_utilization,high,agl;cazy_GH13;susC;susD,"",4,4,1.0,1.0,1.0
FW_AS_rep_2,GCA_022708185.1,0.0030606172244736023,X_pr,0.4117647058823529,true,true,peptide_scavenging,low,dtpT;endopeptidase;pepA;pepD;pepQ,"",5,13,0.4117647058823529,1.0,1.0
FW_AS_rep_2,GCA_022708185.1,0.0030606172244736023,X_li,0.5833333333333334,true,true,lipolysis,low,acylglycerol_lipase;esterase;fadD;lysophospholipase,"",4,6,0.5833333333333334,1.0,1.0
FW_AS_rep_2,GCA_022708185.1,0.0030606172244736023,X_su,0.8461538461538461,true,true,entner_doudoroff,medium,adhE;eda;edd;gapA;glcP;pfor;pyk,"",7,9,0.8461538461538461,1.0,1.0
FW_AS_rep_2,GCA_022708185.1,0.0030606172244736023,X_aa,0.8,true,true,general_amino_acid_catabolism,medium,dtpT;gdh;ilvE;pfor;tdcB,"",5,7,0.8,1.0,1.0
FW_AS_rep_2,GCA_022708185.1,0.0030606172244736023,X_fa,0.38628,false,true,lcfa_beta_oxidation,partial,etfA;etfB;fadD;fadE,fadB;fadA,4,6,0.6,0.6,0.8
FW_AS_rep_2,GCA_022708185.1,0.0030606172244736023,X_ac_et,0.0,false,true,ethanol_acetate_chain_initiation,none,ackA;acs;adh;adhE;bcd;etfA;etfB;pta,thl,8,12,0.6666666666666666,0.8571428571428571,1.0
FW_AS_rep_2,GCA_022708185.1,0.0030606172244736023,X_ac_lac,0.0,false,true,lactate_acetate_chain_initiation,none,ackA;acs;bcd;etfA;etfB;pfor;pta,thl;lctD;one_of(lctB|lctC),7,13,0.5,0.625,0.7777777777777778
FW_AS_rep_2,GCA_022708185.1,0.0030606172244736023,X_chain_et,0.0,false,true,ethanol_reverse_beta_oxidation,none,adh;adhE;bcd;etfA;etfB,cat;one_of(thl);one_of(hbd);one_of(crt),5,10,0.5384615384615384,0.5555555555555556,0.625
FW_AS_rep_2,GCA_022708185.1,0.0030606172244736023,X_chain_lac,0.0,false,true,lactate_reverse_beta_oxidation,none,bcd;etfA;etfB;pfor,cat;lctD;one_of(thl);one_of(hbd);one_of(crt);one_of(lctB|lctC),4,11,0.35714285714285715,0.4,0.4444444444444444
FW_AS_rep_2,GCA_022708185.1,0.0030606172244736023,X_VFA_deg,1.0,true,true,syntrophic_propionate_mmc,high,fdhA;fumB;hydA;mdh;mmcE;mmcF;mmcG;pfor;sucC;sucD,"",10,10,1.0,1.0,1.0
FW_AS_rep_2,GCA_022708185.1,0.0030606172244736023,X_Me_ac,0.0,false,true,acetoclastic_ack_pta,none,ackA;pta,mcrA;one_of(cdhC|cdhD|cdhE),2,8,0.2222222222222222,0.5,0.4
FW_AS_rep_2,GCA_022708185.1,0.0030606172244736023,X_Me_CO2,0.0,false,true,hydrogenotrophic_core,none,"",mcrA;one_of(fwdA);one_of(ftr);one_of(mch);one_of(mtd|mer),0,8,0.0,0.0,0.0
FW_AS_rep_2,GCA_022708185.1,0.0030606172244736023,X_et,0.8,true,true,ethanol_to_acetyl_coa,medium,ackA;acs;adh;adhE;pta,"",5,6,0.8,1.0,1.0
FW_AS_rep_2,GCA_022708185.1,0.0030606172244736023,X_lac,0.23010416666666667,false,true,lactate_to_pyruvate,partial,pfor;rnfB,lctD,2,5,0.375,0.6666666666666666,0.6666666666666666
FW_AS_rep_2,GCA_044223705.1,0.0027488876923512907,X_ch,0.7142857142857143,true,true,starch_utilization,medium,agl;cazy_GH13,"",2,4,0.7142857142857143,1.0,1.0
FW_AS_rep_2,GCA_044223705.1,0.0027488876923512907,X_pr,0.8235294117647058,true,true,peptide_scavenging,medium,dppA;dppB;dppC;dtpT;oppA;oppB;pepA;pepN;pepO;pepQ;pepT,"",11,13,0.8235294117647058,1.0,1.0
FW_AS_rep_2,GCA_044223705.1,0.0027488876923512907,X_li,0.5,true,true,lipolysis,low,esterase;fadD;lipase,"",3,6,0.5,1.0,1.0
FW_AS_rep_2,GCA_044223705.1,0.0027488876923512907,X_su,0.6692307692307693,false,true,entner_doudoroff,partial,adhE;eda;edd;gapA;pfor;pyk,one_of(ptsG|glcP),6,9,0.7692307692307693,0.8,1.0
FW_AS_rep_2,GCA_044223705.1,0.0027488876923512907,X_aa,1.0,true,true,general_amino_acid_catabolism,high,dppA;dtpT;gdh;ilvE;oppA;pfor;tdcB,"",7,7,1.0,1.0,1.0
FW_AS_rep_2,GCA_044223705.1,0.0027488876923512907,X_fa,1.0,true,true,lcfa_beta_oxidation,high,etfA;etfB;fadA;fadB;fadD;fadE,"",6,6,1.0,1.0,1.0
FW_AS_rep_2,GCA_044223705.1,0.0027488876923512907,X_ac_et,0.9333333333333333,true,true,ethanol_acetate_chain_initiation,high,acs;adh;adhE;aldh;bcd;crt;etfA;etfB;hbd;pta;thl,"",11,12,0.9333333333333333,1.0,1.0
FW_AS_rep_2,GCA_044223705.1,0.0027488876923512907,X_ac_lac,0.0,false,true,lactate_acetate_chain_initiation,none,acs;bcd;crt;etfA;etfB;hbd;lctC;pfor;pta;thl,lctD,10,13,0.75,0.875,1.0
FW_AS_rep_2,GCA_044223705.1,0.0027488876923512907,X_chain_et,0.0,false,true,ethanol_reverse_beta_oxidation,none,adh;adhE;aldh;bcd;crt;etfA;etfB;hbd;thl,cat,9,10,0.8461538461538461,0.8888888888888888,1.0
FW_AS_rep_2,GCA_044223705.1,0.0027488876923512907,X_chain_lac,0.0,false,true,lactate_reverse_beta_oxidation,none,bcd;crt;etfA;etfB;hbd;lctC;pfor;thl,cat;lctD,8,11,0.6428571428571429,0.8,0.8888888888888888
FW_AS_rep_2,GCA_044223705.1,0.0027488876923512907,X_VFA_deg,0.853125,false,true,syntrophic_propionate_mmc,partial,fdhA;hydA;mdh;mmcE;mmcF;mmcG;pfor;sucC;sucD,one_of(fumB),9,10,0.9285714285714286,0.875,1.0
FW_AS_rep_2,GCA_044223705.1,0.0027488876923512907,X_Me_ac,0.0,false,true,acetoclastic_ack_pta,none,pta,mcrA;ackA;one_of(cdhC|cdhD|cdhE),1,8,0.1111111111111111,0.25,0.2
FW_AS_rep_2,GCA_044223705.1,0.0027488876923512907,X_Me_CO2,0.0,false,true,hydrogenotrophic_core,none,fwdA,mcrA;one_of(ftr);one_of(mch);one_of(mtd|mer),1,8,0.1111111111111111,0.2,0.16666666666666666
FW_AS_rep_2,GCA_044223705.1,0.0027488876923512907,X_et,0.9,true,true,ethanol_to_acetyl_coa,high,acs;adh;adhE;aldh;pta,"",5,6,0.9,1.0,1.0
FW_AS_rep_2,GCA_044223705.1,0.0027488876923512907,X_lac,0.23010416666666667,false,true,lactate_to_pyruvate,partial,lctC;pfor,lctD,2,5,0.375,0.6666666666666666,0.6666666666666666
FW_AS_rep_2,GCA_022708655.1,0.002607192450477513,X_ch,1.0,true,true,starch_utilization,high,agl;cazy_GH13;susC;susD,"",4,4,1.0,1.0,1.0
FW_AS_rep_2,GCA_022708655.1,0.002607192450477513,X_pr,0.6363636363636364,true,true,proteolysis_and_peptide_import,low,endopeptidase;extracellular_protease;oppB;pepO,"",4,7,0.6363636363636364,1.0,1.0
FW_AS_rep_2,GCA_022708655.1,0.002607192450477513,X_li,0.16875,false,true,lipolysis,partial,esterase;fadD,one_of(lipase|lysophospholipase|acylglycerol_lipase|phospholipase),2,6,0.25,0.5,1.0
FW_AS_rep_2,GCA_022708655.1,0.002607192450477513,X_su,0.7692307692307693,true,true,entner_doudoroff,medium,adhE;eda;edd;gapA;glcP;pfor,"",6,9,0.7692307692307693,1.0,1.0
FW_AS_rep_2,GCA_022708655.1,0.002607192450477513,X_aa,0.39166666666666666,false,true,general_amino_acid_catabolism,partial,gdh;ilvE;pfor,one_of(oppA|dppA|dtpT),3,7,0.5,0.6666666666666666,1.0
FW_AS_rep_2,GCA_022708655.1,0.002607192450477513,X_fa,0.9,true,true,lcfa_beta_oxidation,high,etfA;fadA;fadB;fadD;fadE,"",5,6,0.9,1.0,1.0
FW_AS_rep_2,GCA_022708655.1,0.002607192450477513,X_ac_et,0.0,false,true,ethanol_acetate_chain_initiation,none,ackA;acs;adh;adhE;bcd;crt;etfA;hbd;pta;thl,etfB,10,12,0.8666666666666667,0.8571428571428571,1.0
FW_AS_rep_2,GCA_022708655.1,0.002607192450477513,X_ac_lac,0.0,false,true,lactate_acetate_chain_initiation,none,ackA;acs;bcd;crt;etfA;hbd;lctB;pfor;pta;thl,etfB;lctD,10,13,0.75,0.75,1.0
FW_AS_rep_2,GCA_022708655.1,0.002607192450477513,X_chain_et,0.0,false,true,ethanol_reverse_beta_oxidation,none,adh;adhE;bcd;crt;etfA;hbd;thl,etfB;cat,7,10,0.6923076923076923,0.7777777777777778,0.875
FW_AS_rep_2,GCA_022708655.1,0.002607192450477513,X_chain_lac,0.0,false,true,lactate_reverse_beta_oxidation,none,bcd;crt;etfA;hbd;lctB;pfor;thl,etfB;cat;lctD,7,11,0.5714285714285714,0.7,0.7777777777777778
FW_AS_rep_2,GCA_022708655.1,0.002607192450477513,X_VFA_deg,0.6890624999999999,false,true,syntrophic_butyrate_oxidation,partial,bcd;crt;etfA;hbd;hydA;rnfB;thl,etfB,7,9,0.75,0.875,1.0
FW_AS_rep_2,GCA_022708655.1,0.002607192450477513,X_Me_ac,0.0,false,true,acetoclastic_ack_pta,none,ackA;pta,mcrA;one_of(cdhC|cdhD|cdhE),2,8,0.2222222222222222,0.5,0.4
FW_AS_rep_2,GCA_022708655.1,0.002607192450477513,X_Me_CO2,0.0,false,true,hydrogenotrophic_core,none,"",mcrA;one_of(fwdA);one_of(ftr);one_of(mch);one_of(mtd|mer),0,8,0.0,0.0,0.0
FW_AS_rep_2,GCA_022708655.1,0.002607192450477513,X_et,0.8,true,true,ethanol_to_acetyl_coa,medium,ackA;acs;adh;adhE;pta,"",5,6,0.8,1.0,1.0
FW_AS_rep_2,GCA_022708655.1,0.002607192450477513,X_lac,0.39166666666666666,false,true,lactate_to_pyruvate,partial,lctB;pfor;rnfB,lctD,3,5,0.5,0.6666666666666666,1.0
FW_AS_rep_2,GCA_040766455.1,0.002550514353728002,X_ch,0.7142857142857143,true,true,starch_utilization,medium,agl;cazy_GH13,"",2,4,0.7142857142857143,1.0,1.0
FW_AS_rep_2,GCA_040766455.1,0.002550514353728002,X_pr,0.1922727272727273,false,true,proteolysis_and_peptide_import,partial,extracellular_protease;pepN,one_of(oppA|oppB|dtpT),2,7,0.36363636363636365,0.6666666666666666,0.5
FW_AS_rep_2,GCA_040766455.1,0.002550514353728002,X_li,0.0,false,true,lipolysis,none,"",one_of(lipase|lysophospholipase|acylglycerol_lipase|phospholipase);one_of(fadD|esterase),0,6,0.0,0.0,0.0
FW_AS_rep_2,GCA_040766455.1,0.002550514353728002,X_su,0.31748737373737373,false,true,hexose_fermentation,partial,adhE;gapA;pfkA;pfor;pgi,pyk;one_of(ptsG|glcP),5,9,0.45454545454545453,0.6666666666666666,0.8333333333333334
FW_AS_rep_2,GCA_040766455.1,0.002550514353728002,X_aa,0.18408333333333332,false,true,general_amino_acid_catabolism,partial,gdh;pfor,one_of(oppA|dppA|dtpT),2,7,0.3,0.6666666666666666,0.6666666666666666
FW_AS_rep_2,GCA_040766455.1,0.002550514353728002,X_fa,0.18056,false,true,lcfa_beta_oxidation,partial,etfA;etfB;fadA,fadD;fadE;fadB,3,6,0.4,0.4,0.6
FW_AS_rep_2,GCA_040766455.1,0.002550514353728002,X_ac_et,0.0,false,true,ethanol_acetate_chain_initiation,none,ackA;adh;adhE;etfA;etfB;pta;thl,bcd,7,12,0.6,0.8571428571428571,0.875
FW_AS_rep_2,GCA_040766455.1,0.002550514353728002,X_ac_lac,0.0,false,true,lactate_acetate_chain_initiation,none,ackA;etfA;etfB;pfor;pta;thl,bcd;lctD;one_of(lctB|lctC),6,13,0.4375,0.625,0.6666666666666666
FW_AS_rep_2,GCA_040766455.1,0.002550514353728002,X_chain_et,0.0,false,true,ethanol_reverse_beta_oxidation,none,adh;adhE;cat;etfA;etfB;thl,bcd;one_of(hbd);one_of(crt),6,10,0.6153846153846154,0.6666666666666666,0.75
FW_AS_rep_2,GCA_040766455.1,0.002550514353728002,X_chain_lac,0.0,false,true,lactate_reverse_beta_oxidation,none,cat;etfA;etfB;pfor;thl,bcd;lctD;one_of(hbd);one_of(crt);one_of(lctB|lctC),5,11,0.42857142857142855,0.5,0.5555555555555556
FW_AS_rep_2,GCA_040766455.1,0.002550514353728002,X_VFA_deg,0.49628906249999993,false,true,syntrophic_propionate_mmc,partial,fdhA;fumB;hydA;mmcE;mmcG;pfor;sucD,mmcF;sucC;one_of(mdh),7,10,0.7142857142857143,0.625,0.875
FW_AS_rep_2,GCA_040766455.1,0.002550514353728002,X_Me_ac,0.0,false,true,acetoclastic_ack_pta,none,ackA;pta,mcrA;one_of(cdhC|cdhD|cdhE),2,8,0.2222222222222222,0.5,0.4
FW_AS_rep_2,GCA_040766455.1,0.002550514353728002,X_Me_CO2,0.0,false,true,hydrogenotrophic_core,none,"",mcrA;one_of(fwdA);one_of(ftr);one_of(mch);one_of(mtd|mer),0,8,0.0,0.0,0.0
FW_AS_rep_2,GCA_040766455.1,0.002550514353728002,X_et,0.7,true,true,ethanol_to_acetyl_coa,medium,ackA;adh;adhE;pta,"",4,6,0.7,1.0,1.0
FW_AS_rep_2,GCA_040766455.1,0.002550514353728002,X_lac,0.23010416666666667,false,true,lactate_to_pyruvate,partial,pfor;rnfB,lctD,2,5,0.375,0.6666666666666666,0.6666666666666666
FW_AS_rep_2,GCA_963746195.1,0.002352141015104713,X_ch,1.0,true,true,starch_utilization,high,agl;cazy_GH13;susC;susD,"",4,4,1.0,1.0,1.0
FW_AS_rep_2,GCA_963746195.1,0.002352141015104713,X_pr,1.0,true,true,proteolysis_and_peptide_import,high,dtpT;endopeptidase;extracellular_protease;oppA;oppB;pepN;pepO,"",7,7,1.0,1.0,1.0
FW_AS_rep_2,GCA_963746195.1,0.002352141015104713,X_li,0.5833333333333334,true,true,lipolysis,low,acylglycerol_lipase;fadD;lipase,"",3,6,0.5833333333333334,1.0,1.0
FW_AS_rep_2,GCA_963746195.1,0.002352141015104713,X_su,0.4336742424242424,false,true,hexose_fermentation,partial,gapA;glcP;pfkA;pfor;pyk,pgi,5,9,0.5454545454545454,0.8333333333333334,0.8333333333333334
FW_AS_rep_2,GCA_963746195.1,0.002352141015104713,X_aa,1.0,true,true,general_amino_acid_catabolism,high,dppA;dtpT;gdh;ilvE;oppA;pfor;tdcB,"",7,7,1.0,1.0,1.0
FW_AS_rep_2,GCA_963746195.1,0.002352141015104713,X_fa,1.0,true,true,lcfa_beta_oxidation,high,etfA;etfB;fadA;fadB;fadD;fadE,"",6,6,1.0,1.0,1.0
FW_AS_rep_2,GCA_963746195.1,0.002352141015104713,X_ac_et,0.7333333333333333,true,true,ethanol_acetate_chain_initiation,medium,acs;adh;aldh;bcd;crt;etfA;etfB;hbd;thl,"",9,12,0.7333333333333333,1.0,1.0
FW_AS_rep_2,GCA_963746195.1,0.002352141015104713,X_ac_lac,0.0,false,true,lactate_acetate_chain_initiation,none,acs;bcd;crt;etfA;etfB;hbd;pfor;thl,lctD;one_of(lctB|lctC),8,13,0.625,0.75,0.8888888888888888
FW_AS_rep_2,GCA_963746195.1,0.002352141015104713,X_chain_et,0.0,false,true,ethanol_reverse_beta_oxidation,none,adh;aldh;bcd;crt;etfA;etfB;hbd;thl,cat,8,10,0.6923076923076923,0.8888888888888888,1.0
FW_AS_rep_2,GCA_963746195.1,0.002352141015104713,X_chain_lac,0.0,false,true,lactate_reverse_beta_oxidation,none,bcd;crt;etfA;etfB;hbd;pfor;thl,cat;lctD;one_of(lctB|lctC),7,11,0.5714285714285714,0.7,0.7777777777777778
FW_AS_rep_2,GCA_963746195.1,0.002352141015104713,X_VFA_deg,0.6890624999999999,false,true,syntrophic_butyrate_oxidation,partial,bcd;crt;etfA;etfB;hbd;hydA;thl,one_of(rnfB),7,9,0.75,0.875,1.0
FW_AS_rep_2,GCA_963746195.1,0.002352141015104713,X_Me_ac,0.0,false,true,acetoclastic_acs,none,acs,forbidden(mvhG);mcrA;one_of(cdhC|cdhD|cdhE),1,7,0.2222222222222222,0.3333333333333333,0.25
FW_AS_rep_2,GCA_963746195.1,0.002352141015104713,X_Me_CO2,0.0,false,true,hydrogenotrophic_core,none,"",mcrA;one_of(fwdA);one_of(ftr);one_of(mch);one_of(mtd|mer),0,8,0.0,0.0,0.0
FW_AS_rep_2,GCA_963746195.1,0.002352141015104713,X_et,0.5,true,true,ethanol_to_acetyl_coa,low,acs;adh;aldh,"",3,6,0.5,1.0,1.0
FW_AS_rep_2,GCA_963746195.1,0.002352141015104713,X_lac,0.08027777777777777,false,true,lactate_to_pyruvate,partial,pfor,lctD;one_of(lctB|lctC|rnfB),1,5,0.25,0.3333333333333333,0.3333333333333333
FW_AS_rep_2,GCA_001896575.1,0.002267123869980446,X_ch,1.0,true,true,starch_utilization,high,agl;cazy_GH13;susC;susD,"",4,4,1.0,1.0,1.0
FW_AS_rep_2,GCA_001896575.1,0.002267123869980446,X_pr,0.47058823529411764,true,true,peptide_scavenging,low,dtpT;endopeptidase;pepD;pepO;pepQ;pepT,"",6,13,0.47058823529411764,1.0,1.0
FW_AS_rep_2,GCA_001896575.1,0.002267123869980446,X_li,0.16875,false,true,lipolysis,partial,esterase;fadD,one_of(lipase|lysophospholipase|acylglycerol_lipase|phospholipase),2,6,0.25,0.5,1.0
FW_AS_rep_2,GCA_001896575.1,0.002267123869980446,X_su,0.7692307692307693,true,true,entner_doudoroff,medium,eda;edd;gapA;glcP;pfor;pyk,"",6,9,0.7692307692307693,1.0,1.0
FW_AS_rep_2,GCA_001896575.1,0.002267123869980446,X_aa,0.8,true,true,general_amino_acid_catabolism,medium,dtpT;gdh;ilvE;pfor;tdcB,"",5,7,0.8,1.0,1.0
FW_AS_rep_2,GCA_001896575.1,0.002267123869980446,X_fa,0.6960000000000001,false,true,lcfa_beta_oxidation,partial,etfA;etfB;fadB;fadD;fadE,fadA,5,6,0.8,0.8,1.0
FW_AS_rep_2,GCA_001896575.1,0.002267123869980446,X_ac_et,0.0,false,true,ethanol_acetate_chain_initiation,none,ackA;acs;adh;bcd;etfA;etfB;hbd;pta,thl;one_of(adhE|aldh),8,12,0.6,0.7142857142857143,1.0
FW_AS_rep_2,GCA_001896575.1,0.002267123869980446,X_ac_lac,0.0,false,true,lactate_acetate_chain_initiation,none,ackA;acs;bcd;etfA;etfB;hbd;pfor;pta,thl;lctD;one_of(lctB|lctC),8,13,0.5625,0.625,0.8888888888888888
FW_AS_rep_2,GCA_001896575.1,0.002267123869980446,X_chain_et,0.0,false,true,ethanol_reverse_beta_oxidation,none,adh;bcd;etfA;etfB;hbd,cat;one_of(thl);one_of(crt);one_of(adhE|aldh),5,10,0.46153846153846156,0.5555555555555556,0.625
FW_AS_rep_2,GCA_001896575.1,0.002267123869980446,X_chain_lac,0.0,false,true,lactate_reverse_beta_oxidation,none,bcd;etfA;etfB;hbd;pfor,cat;lctD;one_of(thl);one_of(crt);one_of(lctB|lctC),5,11,0.42857142857142855,0.5,0.5555555555555556
FW_AS_rep_2,GCA_001896575.1,0.002267123869980446,X_VFA_deg,0.7178571428571429,false,true,syntrophic_propionate_mmc,partial,fdhA;fumB;hydA;mdh;mmcE;mmcF;mmcG;pfor,sucC;sucD,8,10,0.8571428571428571,0.75,1.0
FW_AS_rep_2,GCA_001896575.1,0.002267123869980446,X_Me_ac,0.0,false,true,acetoclastic_ack_pta,none,ackA;pta,mcrA;one_of(cdhC|cdhD|cdhE),2,8,0.2222222222222222,0.5,0.4
FW_AS_rep_2,GCA_001896575.1,0.002267123869980446,X_Me_CO2,0.0,false,true,hydrogenotrophic_core,none,"",mcrA;one_of(fwdA);one_of(ftr);one_of(mch);one_of(mtd|mer),0,8,0.0,0.0,0.0
FW_AS_rep_2,GCA_001896575.1,0.002267123869980446,X_et,0.39166666666666666,false,true,ethanol_to_acetyl_coa,partial,ackA;acs;adh;pta,one_of(adhE|aldh),4,6,0.5,0.6666666666666666,1.0
FW_AS_rep_2,GCA_001896575.1,0.002267123869980446,X_lac,0.23010416666666667,false,true,lactate_to_pyruvate,partial,pfor;rnfB,lctD,2,5,0.375,0.6666666666666666,0.6666666666666666
FW_AS_rep_2,GCA_029554505.1,0.0022387848216056903,X_ch,0.7142857142857143,true,true,starch_utilization,medium,agl;cazy_GH13,"",2,4,0.7142857142857143,1.0,1.0
FW_AS_rep_2,GCA_029554505.1,0.0022387848216056903,X_pr,0.7058823529411765,true,true,peptide_scavenging,medium,dppA;dppB;dppC;endopeptidase;oppA;oppB;pepD;pepQ;pepT,"",9,13,0.7058823529411765,1.0,1.0
FW_AS_rep_2,GCA_029554505.1,0.0022387848216056903,X_li,0.5833333333333334,true,true,lipolysis,low,acylglycerol_lipase;esterase;fadD;lysophospholipase,"",4,6,0.5833333333333334,1.0,1.0
FW_AS_rep_2,GCA_029554505.1,0.0022387848216056903,X_su,0.5782323232323233,false,true,pentose_fermentation,partial,gapA;pfor;xylA;xylB;xylF,pyk,5,8,0.7272727272727273,0.8333333333333334,0.8333333333333334
FW_AS_rep_2,GCA_029554505.1,0.0022387848216056903,X_aa,0.9,true,true,general_amino_acid_catabolism,high,dppA;gdh;ilvE;oppA;pfor;tdcB,"",6,7,0.9,1.0,1.0
FW_AS_rep_2,GCA_029554505.1,0.0022387848216056903,X_fa,0.11163,false,true,lcfa_beta_oxidation,partial,etfA;fadD,fadE;fadB;fadA,2,6,0.3,0.4,0.4
FW_AS_rep_2,GCA_029554505.1,0.0022387848216056903,X_ac_et,0.0,false,true,ethanol_acetate_chain_initiation,none,ackA;acs;adh;etfA;pta;thl,bcd;etfB;one_of(adhE|aldh),6,12,0.4666666666666667,0.5714285714285714,0.75
FW_AS_rep_2,GCA_029554505.1,0.0022387848216056903,X_ac_lac,0.0,false,true,lactate_acetate_chain_initiation,none,ackA;acs;etfA;lctB;pfor;pta;thl,bcd;etfB;lctD,7,13,0.5,0.625,0.7777777777777778
FW_AS_rep_2,GCA_029554505.1,0.0022387848216056903,X_chain_et,0.0,false,true,ethanol_reverse_beta_oxidation,none,adh;etfA;thl,bcd;etfB;cat;one_of(hbd);one_of(crt);one_of(adhE|aldh),3,10,0.23076923076923078,0.3333333333333333,0.375
FW_AS_rep_2,GCA_029554505.1,0.0022387848216056903,X_chain_lac,0.0,false,true,lactate_reverse_beta_oxidation,none,etfA;lctB;pfor;thl,bcd;etfB;cat;lctD;one_of(hbd);one_of(crt),4,11,0.2857142857142857,0.4,0.4444444444444444
FW_AS_rep_2,GCA_029554505.1,0.0022387848216056903,X_VFA_deg,0.32062500000000005,false,true,syntrophic_butyrate_oxidation,partial,etfA;fdhA;hydA;rnfB;thl,bcd;etfB;one_of(hbd);one_of(crt),5,9,0.5833333333333334,0.5,0.7142857142857143
FW_AS_rep_2,GCA_029554505.1,0.0022387848216056903,X_Me_ac,0.0,false,true,acetoclastic_ack_pta,none,ackA;pta,mcrA;one_of(cdhC|cdhD|cdhE),2,8,0.2222222222222222,0.5,0.4
FW_AS_rep_2,GCA_029554505.1,0.0022387848216056903,X_Me_CO2,0.0,false,true,hydrogenotrophic_core,none,fwdA,mcrA;one_of(ftr);one_of(mch);one_of(mtd|mer),1,8,0.1111111111111111,0.2,0.16666666666666666
FW_AS_rep_2,GCA_029554505.1,0.0022387848216056903,X_et,0.39166666666666666,false,true,ethanol_to_acetyl_coa,partial,ackA;acs;adh;pta,one_of(adhE|aldh),4,6,0.5,0.6666666666666666,1.0
FW_AS_rep_2,GCA_029554505.1,0.0022387848216056903,X_lac,0.39166666666666666,false,true,lactate_to_pyruvate,partial,lctB;pfor;rnfB,lctD,3,5,0.5,0.6666666666666666,1.0
FW_AS_rep_2,GCA_050949945.1,0.0022387848216056903,X_ch,0.0,false,true,xylan_utilization,none,"",xylA;xylB;one_of(cazy_GH10|cazy_GH11);one_of(cazy_GH43|cazy_CBM6),0,6,0.0,0.0,0.0
FW_AS_rep_2,GCA_050949945.1,0.0022387848216056903,X_pr,0.5294117647058824,true,true,peptide_scavenging,low,dppA;dppB;dppC;oppA;oppB;pepA;pepQ,"",7,13,0.5294117647058824,1.0,1.0
FW_AS_rep_2,GCA_050949945.1,0.0022387848216056903,X_li,0.16875,false,true,lipolysis,partial,esterase;fadD,one_of(lipase|lysophospholipase|acylglycerol_lipase|phospholipase),2,6,0.25,0.5,1.0
FW_AS_rep_2,GCA_050949945.1,0.0022387848216056903,X_su,0.2971384615384616,false,true,entner_doudoroff,partial,adhE;edd;gapA;pfor,eda;one_of(ptsG|glcP),4,9,0.46153846153846156,0.6,0.8
FW_AS_rep_2,GCA_050949945.1,0.0022387848216056903,X_aa,1.0,true,true,glycine_stickland,high,grdA;grdB;oppA;oppB;pfor,"",5,5,1.0,1.0,1.0
FW_AS_rep_2,GCA_050949945.1,0.0022387848216056903,X_fa,0.18056,false,true,lcfa_beta_oxidation,partial,etfA;etfB;fadD,fadE;fadB;fadA,3,6,0.4,0.4,0.6
FW_AS_rep_2,GCA_050949945.1,0.0022387848216056903,X_ac_et,0.0,false,true,ethanol_acetate_chain_initiation,none,ackA;acs;adhE;aldh;etfA;etfB;pta,thl;bcd,7,12,0.5333333333333333,0.7142857142857143,0.875
FW_AS_rep_2,GCA_050949945.1,0.0022387848216056903,X_ac_lac,0.0,false,true,lactate_acetate_chain_initiation,none,ackA;acs;etfA;etfB;pfor;pta,thl;bcd;lctD;one_of(lctB|lctC),6,13,0.375,0.5,0.6666666666666666
FW_AS_rep_2,GCA_050949945.1,0.0022387848216056903,X_chain_et,0.0,false,true,ethanol_reverse_beta_oxidation,none,adhE;aldh;etfA;etfB,bcd;cat;one_of(thl);one_of(hbd);one_of(crt),4,10,0.38461538461538464,0.4444444444444444,0.5
FW_AS_rep_2,GCA_050949945.1,0.0022387848216056903,X_chain_lac,0.0,false,true,lactate_reverse_beta_oxidation,none,etfA;etfB;pfor,bcd;cat;lctD;one_of(thl);one_of(hbd);one_of(crt);one_of(lctB|lctC),3,11,0.21428571428571427,0.3,0.3333333333333333
FW_AS_rep_2,GCA_050949945.1,0.0022387848216056903,X_VFA_deg,0.32062500000000005,false,true,syntrophic_butyrate_oxidation,partial,etfA;etfB;fdhA;hydA;rnfB,bcd;one_of(thl);one_of(hbd);one_of(crt),5,9,0.5833333333333334,0.5,0.7142857142857143
FW_AS_rep_2,GCA_050949945.1,0.0022387848216056903,X_Me_ac,0.0,false,true,acetoclastic_ack_pta,none,ackA;cdhC;pta,mcrA,3,8,0.3333333333333333,0.75,0.6
FW_AS_rep_2,GCA_050949945.1,0.0022387848216056903,X_Me_CO2,0.0,false,true,hydrogenotrophic_core,none,"",mcrA;one_of(fwdA);one_of(ftr);one_of(mch);one_of(mtd|mer),0,8,0.0,0.0,0.0
FW_AS_rep_2,GCA_050949945.1,0.0022387848216056903,X_et,0.8,true,true,ethanol_to_acetyl_coa,medium,ackA;acs;adhE;aldh;pta,"",5,6,0.8,1.0,1.0
FW_AS_rep_2,GCA_050949945.1,0.0022387848216056903,X_lac,0.23010416666666667,false,true,lactate_to_pyruvate,partial,pfor;rnfB,lctD,2,5,0.375,0.6666666666666666,0.6666666666666666
FW_AS_rep_2,GCA_024710025.1,0.002012072434607646,X_ch,0.7142857142857143,true,true,starch_utilization,medium,agl;cazy_GH13,"",2,4,0.7142857142857143,1.0,1.0
FW_AS_rep_2,GCA_024710025.1,0.002012072434607646,X_pr,0.7058823529411765,true,true,peptide_scavenging,medium,dppA;dppB;dppC;endopeptidase;oppA;oppB;pepD;pepQ;pepT,"",9,13,0.7058823529411765,1.0,1.0
FW_AS_rep_2,GCA_024710025.1,0.002012072434607646,X_li,0.4166666666666667,true,true,lipolysis,low,fadD;lipase,"",2,6,0.4166666666666667,1.0,1.0
FW_AS_rep_2,GCA_024710025.1,0.002012072434607646,X_su,0.7272727272727273,true,true,hexose_fermentation,medium,adhE;gapA;pfkA;pfor;pgi;ptsG;pyk,"",7,9,0.7272727272727273,1.0,1.0
FW_AS_rep_2,GCA_024710025.1,0.002012072434607646,X_aa,0.9,true,true,general_amino_acid_catabolism,high,dppA;gdh;ilvE;oppA;pfor;tdcB,"",6,7,0.9,1.0,1.0
FW_AS_rep_2,GCA_024710025.1,0.002012072434607646,X_fa,1.0,true,true,lcfa_beta_oxidation,high,etfA;etfB;fadA;fadB;fadD;fadE,"",6,6,1.0,1.0,1.0
FW_AS_rep_2,GCA_024710025.1,0.002012072434607646,X_ac_et,0.9333333333333333,true,true,ethanol_acetate_chain_initiation,high,ackA;acs;adh;adhE;aldh;bcd;etfA;etfB;hbd;pta;thl,"",11,12,0.9333333333333333,1.0,1.0
FW_AS_rep_2,GCA_024710025.1,0.002012072434607646,X_ac_lac,0.0,false,true,lactate_acetate_chain_initiation,none,ackA;acs;bcd;etfA;etfB;hbd;pfor;pta;thl,lctD;one_of(lctB|lctC),9,13,0.6875,0.75,1.0
FW_AS_rep_2,GCA_024710025.1,0.002012072434607646,X_chain_et,0.0,false,true,ethanol_reverse_beta_oxidation,none,adh;adhE;aldh;bcd;cat;etfA;etfB;hbd;thl,one_of(crt),9,10,0.9230769230769231,0.8888888888888888,1.0
FW_AS_rep_2,GCA_024710025.1,0.002012072434607646,X_chain_lac,0.0,false,true,lactate_reverse_beta_oxidation,none,bcd;cat;etfA;etfB;hbd;pfor;thl,lctD;one_of(crt);one_of(lctB|lctC),7,11,0.6428571428571429,0.7,0.7777777777777778
FW_AS_rep_2,GCA_024710025.1,0.002012072434607646,X_VFA_deg,0.8421875,false,true,syntrophic_butyrate_oxidation,partial,bcd;etfA;etfB;fdhA;hbd;hydA;rnfB;thl,one_of(crt),8,9,0.9166666666666666,0.875,1.0
FW_AS_rep_2,GCA_024710025.1,0.002012072434607646,X_Me_ac,0.0,false,true,acetoclastic_ack_pta,none,ackA;pta,mcrA;one_of(cdhC|cdhD|cdhE),2,8,0.2222222222222222,0.5,0.4
FW_AS_rep_2,GCA_024710025.1,0.002012072434607646,X_Me_CO2,0.0,false,true,hydrogenotrophic_core,none,"",mcrA;one_of(fwdA);one_of(ftr);one_of(mch);one_of(mtd|mer),0,8,0.0,0.0,0.0
FW_AS_rep_2,GCA_024710025.1,0.002012072434607646,X_et,1.0,true,true,ethanol_to_acetyl_coa,high,ackA;acs;adh;adhE;aldh;pta,"",6,6,1.0,1.0,1.0
FW_AS_rep_2,GCA_024710025.1,0.002012072434607646,X_lac,0.23010416666666667,false,true,lactate_to_pyruvate,partial,pfor;rnfB,lctD,2,5,0.375,0.6666666666666666,0.6666666666666666
FW_AS_rep_2,GCA_029569365.1,0.0018987162411086237,X_ch,0.7142857142857143,true,true,starch_utilization,medium,agl;cazy_GH13,"",2,4,0.7142857142857143,1.0,1.0
FW_AS_rep_2,GCA_029569365.1,0.0018987162411086237,X_pr,0.1922727272727273,false,true,proteolysis_and_peptide_import,partial,extracellular_protease;pepN,one_of(oppA|oppB|dtpT),2,7,0.36363636363636365,0.6666666666666666,0.5
FW_AS_rep_2,GCA_029569365.1,0.0018987162411086237,X_li,0.3333333333333333,false,true,lipolysis,partial,acylglycerol_lipase;fadD,"",2,6,0.3333333333333333,1.0,1.0
FW_AS_rep_2,GCA_029569365.1,0.0018987162411086237,X_su,0.48636363636363633,false,true,hexose_fermentation,partial,adhE;gapA;pfkA;pfor;pgi;pyk,one_of(ptsG|glcP),6,9,0.5454545454545454,0.8333333333333334,1.0
FW_AS_rep_2,GCA_029569365.1,0.0018987162411086237,X_aa,0.18408333333333332,false,true,general_amino_acid_catabolism,partial,gdh;pfor,one_of(oppA|dppA|dtpT),2,7,0.3,0.6666666666666666,0.6666666666666666
FW_AS_rep_2,GCA_029569365.1,0.0018987162411086237,X_fa,0.6960000000000001,false,true,lcfa_beta_oxidation,partial,etfA;etfB;fadA;fadD;fadE,fadB,5,6,0.8,0.8,1.0
FW_AS_rep_2,GCA_029569365.1,0.0018987162411086237,X_ac_et,0.7333333333333333,true,true,ethanol_acetate_chain_initiation,medium,ackA;acs;adhE;bcd;etfA;etfB;pta;thl,"",8,12,0.7333333333333333,1.0,1.0
FW_AS_rep_2,GCA_029569365.1,0.0018987162411086237,X_ac_lac,0.0,false,true,lactate_acetate_chain_initiation,none,ackA;acs;bcd;etfA;etfB;pfor;pta;thl,lctD;one_of(lctB|lctC),8,13,0.625,0.75,0.8888888888888888
FW_AS_rep_2,GCA_029569365.1,0.0018987162411086237,X_chain_et,0.0,false,true,ethanol_reverse_beta_oxidation,none,adhE;bcd;etfA;etfB;thl,cat;one_of(hbd);one_of(crt),5,10,0.5384615384615384,0.6666666666666666,0.625
FW_AS_rep_2,GCA_029569365.1,0.0018987162411086237,X_chain_lac,0.0,false,true,lactate_reverse_beta_oxidation,none,bcd;etfA;etfB;pfor;thl,cat;lctD;one_of(hbd);one_of(crt);one_of(lctB|lctC),5,11,0.42857142857142855,0.5,0.5555555555555556
FW_AS_rep_2,GCA_029569365.1,0.0018987162411086237,X_VFA_deg,0.6979166666666667,false,true,syntrophic_butyrate_oxidation,partial,bcd;etfA;etfB;fdhA;hydA;rnfB;thl,one_of(hbd);one_of(crt),7,9,0.8333333333333334,0.75,1.0
FW_AS_rep_2,GCA_029569365.1,0.0018987162411086237,X_Me_ac,0.0,false,true,acetoclastic_ack_pta,none,ackA;pta,mcrA;one_of(cdhC|cdhD|cdhE),2,8,0.2222222222222222,0.5,0.4
FW_AS_rep_2,GCA_029569365.1,0.0018987162411086237,X_Me_CO2,0.0,false,true,hydrogenotrophic_core,none,fwdA,mcrA;one_of(ftr);one_of(mch);one_of(mtd|mer),1,8,0.1111111111111111,0.2,0.16666666666666666
FW_AS_rep_2,GCA_029569365.1,0.0018987162411086237,X_et,0.6,true,true,ethanol_to_acetyl_coa,low,ackA;acs;adhE;pta,"",4,6,0.6,1.0,1.0
FW_AS_rep_2,GCA_029569365.1,0.0018987162411086237,X_lac,0.23010416666666667,false,true,lactate_to_pyruvate,partial,pfor;rnfB,lctD,2,5,0.375,0.6666666666666666,0.6666666666666666
FW_AS_rep_2,GCF_030238425.1,0.0017570209992348457,X_ch,0.8571428571428571,true,true,starch_utilization,medium,agl;cazy_GH13;susC,"",3,4,0.8571428571428571,1.0,1.0
FW_AS_rep_2,GCF_030238425.1,0.0017570209992348457,X_pr,0.9411764705882353,true,true,peptide_scavenging,high,dppA;dppB;dppC;dtpT;endopeptidase;oppA;oppB;pepA;pepD;pepN;pepQ;pepT,"",12,13,0.9411764705882353,1.0,1.0
FW_AS_rep_2,GCF_030238425.1,0.0017570209992348457,X_li,0.6666666666666666,true,true,lipolysis,low,acylglycerol_lipase;fadD;lysophospholipase;phospholipase,"",4,6,0.6666666666666666,1.0,1.0
FW_AS_rep_2,GCF_030238425.1,0.0017570209992348457,X_su,1.0,true,true,hexose_fermentation,high,adhE;gapA;glcP;lctD;pfkA;pfor;pgi;ptsG;pyk,"",9,9,1.0,1.0,1.0
FW_AS_rep_2,GCF_030238425.1,0.0017570209992348457,X_aa,1.0,true,true,general_amino_acid_catabolism,high,dppA;dtpT;gdh;ilvE;oppA;pfor;tdcB,"",7,7,1.0,1.0,1.0
FW_AS_rep_2,GCF_030238425.1,0.0017570209992348457,X_fa,0.9,true,true,lcfa_beta_oxidation,high,etfA;fadA;fadB;fadD;fadE,"",5,6,0.9,1.0,1.0
FW_AS_rep_2,GCF_030238425.1,0.0017570209992348457,X_ac_et,0.0,false,true,ethanol_acetate_chain_initiation,none,ackA;acs;adh;adhE;aldh;bcd;crt;etfA;hbd;pta;thl,etfB,11,12,0.9333333333333333,0.8571428571428571,1.0
FW_AS_rep_2,GCF_030238425.1,0.0017570209992348457,X_ac_lac,0.0,false,true,lactate_acetate_chain_initiation,none,ackA;acs;bcd;crt;etfA;hbd;lctB;lctC;lctD;pfor;pta;thl,etfB,12,13,0.9375,0.875,1.0
FW_AS_rep_2,GCF_030238425.1,0.0017570209992348457,X_chain_et,0.0,false,true,ethanol_reverse_beta_oxidation,none,adh;adhE;aldh;bcd;cat;crt;etfA;hbd;thl,etfB,9,10,0.9230769230769231,0.8888888888888888,1.0
FW_AS_rep_2,GCF_030238425.1,0.0017570209992348457,X_chain_lac,0.0,false,true,lactate_reverse_beta_oxidation,none,bcd;cat;crt;etfA;hbd;lctB;lctC;lctD;pfor;thl,etfB,10,11,0.9285714285714286,0.9,1.0
FW_AS_rep_2,GCF_030238425.1,0.0017570209992348457,X_VFA_deg,0.8421875,false,true,syntrophic_butyrate_oxidation,partial,bcd;crt;etfA;fdhA;hbd;hydA;rnfB;thl,etfB,8,9,0.9166666666666666,0.875,1.0
FW_AS_rep_2,GCF_030238425.1,0.0017570209992348457,X_Me_ac,0.0,false,true,acetoclastic_ack_pta,none,ackA;pta,mcrA;one_of(cdhC|cdhD|cdhE),2,8,0.2222222222222222,0.5,0.4
FW_AS_rep_2,GCF_030238425.1,0.0017570209992348457,X_Me_CO2,0.0,false,true,hydrogenotrophic_core,none,mer,mcrA;one_of(fwdA);one_of(ftr);one_of(mch),1,8,0.1111111111111111,0.2,0.16666666666666666
FW_AS_rep_2,GCF_030238425.1,0.0017570209992348457,X_et,1.0,true,true,ethanol_to_acetyl_coa,high,ackA;acs;adh;adhE;aldh;pta,"",6,6,1.0,1.0,1.0
FW_AS_rep_2,GCF_030238425.1,0.0017570209992348457,X_lac,1.0,true,true,lactate_to_pyruvate,high,lctB;lctC;lctD;pfor;rnfB,"",5,5,1.0,1.0,1.0
FW_AS_rep_2,GCA_044224105.1,0.0016436648057358233,X_ch,0.08027777777777777,false,true,cellulose_utilization,partial,cazy_GH5,bgl;one_of(cazy_CBM3|cazy_GH48),1,5,0.25,0.3333333333333333,0.3333333333333333
FW_AS_rep_2,GCA_044224105.1,0.0016436648057358233,X_pr,1.0,true,true,proteolysis_and_peptide_import,high,dtpT;endopeptidase;extracellular_protease;oppA;oppB;pepN;pepO,"",7,7,1.0,1.0,1.0
FW_AS_rep_2,GCA_044224105.1,0.0016436648057358233,X_li,0.4166666666666667,true,true,lipolysis,low,esterase;fadD;lysophospholipase,"",3,6,0.4166666666666667,1.0,1.0
FW_AS_rep_2,GCA_044224105.1,0.0016436648057358233,X_su,0.7692307692307693,true,true,entner_doudoroff,medium,adhE;eda;edd;gapA;glcP;pyk,"",6,9,0.7692307692307693,1.0,1.0
FW_AS_rep_2,GCA_044224105.1,0.0016436648057358233,X_aa,0.705,false,true,general_amino_acid_catabolism,partial,dppA;dtpT;gdh;ilvE;oppA;tdcB,one_of(pfor),6,7,0.9,0.6666666666666666,1.0
FW_AS_rep_2,GCA_044224105.1,0.0016436648057358233,X_fa,1.0,true,true,lcfa_beta_oxidation,high,etfA;etfB;fadA;fadB;fadD;fadE,"",6,6,1.0,1.0,1.0
FW_AS_rep_2,GCA_044224105.1,0.0016436648057358233,X_ac_et,0.9333333333333333,true,true,ethanol_acetate_chain_initiation,high,ackA;acs;adh;adhE;bcd;crt;etfA;etfB;hbd;pta;thl,"",11,12,0.9333333333333333,1.0,1.0
FW_AS_rep_2,GCA_044224105.1,0.0016436648057358233,X_ac_lac,0.0,false,true,lactate_acetate_chain_initiation,none,ackA;acs;bcd;crt;etfA;etfB;hbd;pta;thl,lctD;one_of(lctB|lctC);one_of(pfor),9,13,0.6875,0.625,1.0
FW_AS_rep_2,GCA_044224105.1,0.0016436648057358233,X_chain_et,0.0,false,true,ethanol_reverse_beta_oxidation,none,adh;adhE;bcd;crt;etfA;etfB;hbd;thl,cat,8,10,0.7692307692307693,0.8888888888888888,1.0
FW_AS_rep_2,GCA_044224105.1,0.0016436648057358233,X_chain_lac,0.0,false,true,lactate_reverse_beta_oxidation,none,bcd;crt;etfA;etfB;hbd;thl,cat;lctD;one_of(lctB|lctC);one_of(pfor),6,11,0.5,0.6,0.6666666666666666
FW_AS_rep_2,GCA_044224105.1,0.0016436648057358233,X_VFA_deg,1.0,true,true,syntrophic_butyrate_oxidation,high,bcd;crt;etfA;etfB;fdhA;hbd;hydA;rnfB;thl,"",9,9,1.0,1.0,1.0
FW_AS_rep_2,GCA_044224105.1,0.0016436648057358233,X_Me_ac,0.0,false,true,acetoclastic_ack_pta,none,ackA;cdhC;pta,mcrA,3,8,0.3333333333333333,0.75,0.6
FW_AS_rep_2,GCA_044224105.1,0.0016436648057358233,X_Me_CO2,0.0,false,true,hydrogenotrophic_core,none,mer,mcrA;one_of(fwdA);one_of(ftr);one_of(mch),1,8,0.1111111111111111,0.2,0.16666666666666666
FW_AS_rep_2,GCA_044224105.1,0.0016436648057358233,X_et,0.8,true,true,ethanol_to_acetyl_coa,medium,ackA;acs;adh;adhE;pta,"",5,6,0.8,1.0,1.0
FW_AS_rep_2,GCA_044224105.1,0.0016436648057358233,X_lac,0.040138888888888884,false,true,lactate_to_pyruvate,partial,rnfB,lctD;pfor,1,5,0.125,0.3333333333333333,0.3333333333333333
FW_AS_rep_2,GCF_002978625.1,0.0016153257573610679,X_ch,0.7142857142857143,true,true,starch_utilization,medium,agl;cazy_GH13,"",2,4,0.7142857142857143,1.0,1.0
FW_AS_rep_2,GCF_002978625.1,0.0016153257573610679,X_pr,0.9411764705882353,true,true,peptide_scavenging,high,dppA;dppB;dppC;dtpT;endopeptidase;oppA;oppB;pepA;pepD;pepN;pepQ;pepT,"",12,13,0.9411764705882353,1.0,1.0
FW_AS_rep_2,GCF_002978625.1,0.0016153257573610679,X_li,0.75,true,true,lipolysis,medium,acylglycerol_lipase;esterase;fadD;lysophospholipase;phospholipase,"",5,6,0.75,1.0,1.0
FW_AS_rep_2,GCF_002978625.1,0.0016153257573610679,X_su,0.9230769230769231,true,true,entner_doudoroff,high,adhE;eda;edd;gapA;glcP;pfor;ptsG;pyk,"",8,9,0.9230769230769231,1.0,1.0
FW_AS_rep_2,GCF_002978625.1,0.0016153257573610679,X_aa,0.8,true,true,general_amino_acid_catabolism,medium,dppA;dtpT;ilvE;oppA;pfor;tdcB,"",6,7,0.8,1.0,1.0
FW_AS_rep_2,GCF_002978625.1,0.0016153257573610679,X_fa,0.9,true,true,lcfa_beta_oxidation,high,etfA;fadA;fadB;fadD;fadE,"",5,6,0.9,1.0,1.0
FW_AS_rep_2,GCF_002978625.1,0.0016153257573610679,X_ac_et,0.0,false,true,ethanol_acetate_chain_initiation,none,ackA;acs;adh;adhE;aldh;bcd;crt;etfA;hbd;pta;thl,etfB,11,12,0.9333333333333333,0.8571428571428571,1.0
FW_AS_rep_2,GCF_002978625.1,0.0016153257573610679,X_ac_lac,0.0,false,true,lactate_acetate_chain_initiation,none,ackA;acs;bcd;crt;etfA;hbd;pfor;pta;thl,etfB;lctD;one_of(lctB|lctC),9,13,0.6875,0.625,1.0
FW_AS_rep_2,GCF_002978625.1,0.0016153257573610679,X_chain_et,0.0,false,true,ethanol_reverse_beta_oxidation,none,adh;adhE;aldh;bcd;crt;etfA;hbd;thl,etfB;cat,8,10,0.7692307692307693,0.7777777777777778,1.0
FW_AS_rep_2,GCF_002978625.1,0.0016153257573610679,X_chain_lac,0.0,false,true,lactate_reverse_beta_oxidation,none,bcd;crt;etfA;hbd;pfor;thl,etfB;cat;lctD;one_of(lctB|lctC),6,11,0.5,0.6,0.6666666666666666
FW_AS_rep_2,GCF_002978625.1,0.0016153257573610679,X_VFA_deg,0.8421875,false,true,syntrophic_butyrate_oxidation,partial,bcd;crt;etfA;fdhA;hbd;hydA;rnfB;thl,etfB,8,9,0.9166666666666666,0.875,1.0
FW_AS_rep_2,GCF_002978625.1,0.0016153257573610679,X_Me_ac,0.0,false,true,acetoclastic_ack_pta,none,ackA;pta,mcrA;one_of(cdhC|cdhD|cdhE),2,8,0.2222222222222222,0.5,0.4
FW_AS_rep_2,GCF_002978625.1,0.0016153257573610679,X_Me_CO2,0.0,false,true,hydrogenotrophic_core,none,mer,mcrA;one_of(fwdA);one_of(ftr);one_of(mch),1,8,0.1111111111111111,0.2,0.16666666666666666
FW_AS_rep_2,GCF_002978625.1,0.0016153257573610679,X_et,1.0,true,true,ethanol_to_acetyl_coa,high,ackA;acs;adh;adhE;aldh;pta,"",6,6,1.0,1.0,1.0
FW_AS_rep_2,GCF_002978625.1,0.0016153257573610679,X_lac,0.23010416666666667,false,true,lactate_to_pyruvate,partial,pfor;rnfB,lctD,2,5,0.375,0.6666666666666666,0.6666666666666666
FW_AS_rep_2,GCA_963765065.1,0.0016153257573610679,X_ch,0.7142857142857143,true,true,starch_utilization,medium,agl;cazy_GH13,"",2,4,0.7142857142857143,1.0,1.0
FW_AS_rep_2,GCA_963765065.1,0.0016153257573610679,X_pr,0.9090909090909091,true,true,proteolysis_and_peptide_import,high,endopeptidase;extracellular_protease;oppA;oppB;pepN;pepO,"",6,7,0.9090909090909091,1.0,1.0
FW_AS_rep_2,GCA_963765065.1,0.0016153257573610679,X_li,0.75,true,true,lipolysis,medium,acylglycerol_lipase;fadD;lipase;lysophospholipase,"",4,6,0.75,1.0,1.0
FW_AS_rep_2,GCA_963765065.1,0.0016153257573610679,X_su,0.7361538461538462,false,true,entner_doudoroff,partial,adhE;eda;edd;gapA;lctD;pfor;pyk,one_of(ptsG|glcP),7,9,0.8461538461538461,0.8,1.0
FW_AS_rep_2,GCA_963765065.1,0.0016153257573610679,X_aa,0.9,true,true,general_amino_acid_catabolism,high,dppA;gdh;ilvE;oppA;pfor;tdcB,"",6,7,0.9,1.0,1.0
FW_AS_rep_2,GCA_963765065.1,0.0016153257573610679,X_fa,1.0,true,true,lcfa_beta_oxidation,high,etfA;etfB;fadA;fadB;fadD;fadE,"",6,6,1.0,1.0,1.0
FW_AS_rep_2,GCA_963765065.1,0.0016153257573610679,X_ac_et,1.0,true,true,ethanol_acetate_chain_initiation,high,ackA;acs;adh;adhE;aldh;bcd;crt;etfA;etfB;hbd;pta;thl,"",12,12,1.0,1.0,1.0
FW_AS_rep_2,GCA_963765065.1,0.0016153257573610679,X_ac_lac,1.0,true,true,lactate_acetate_chain_initiation,high,ackA;acs;bcd;crt;etfA;etfB;hbd;lctB;lctC;lctD;pfor;pta;thl,"",13,13,1.0,1.0,1.0
FW_AS_rep_2,GCA_963765065.1,0.0016153257573610679,X_chain_et,1.0,true,true,ethanol_reverse_beta_oxidation,high,adh;adhE;aldh;bcd;cat;crt;etfA;etfB;hbd;thl,"",10,10,1.0,1.0,1.0
FW_AS_rep_2,GCA_963765065.1,0.0016153257573610679,X_chain_lac,1.0,true,true,lactate_reverse_beta_oxidation,high,bcd;cat;crt;etfA;etfB;hbd;lctB;lctC;lctD;pfor;thl,"",11,11,1.0,1.0,1.0
FW_AS_rep_2,GCA_963765065.1,0.0016153257573610679,X_VFA_deg,1.0,true,true,syntrophic_butyrate_oxidation,high,bcd;crt;etfA;etfB;fdhA;hbd;hydA;rnfB;thl,"",9,9,1.0,1.0,1.0
FW_AS_rep_2,GCA_963765065.1,0.0016153257573610679,X_Me_ac,0.0,false,true,acetoclastic_ack_pta,none,ackA;pta,mcrA;one_of(cdhC|cdhD|cdhE),2,8,0.2222222222222222,0.5,0.4
FW_AS_rep_2,GCA_963765065.1,0.0016153257573610679,X_Me_CO2,0.0,false,true,hydrogenotrophic_core,none,fwdA,mcrA;one_of(ftr);one_of(mch);one_of(mtd|mer),1,8,0.1111111111111111,0.2,0.16666666666666666
FW_AS_rep_2,GCA_963765065.1,0.0016153257573610679,X_et,1.0,true,true,ethanol_to_acetyl_coa,high,ackA;acs;adh;adhE;aldh;pta,"",6,6,1.0,1.0,1.0
FW_AS_rep_2,GCA_963765065.1,0.0016153257573610679,X_lac,1.0,true,true,lactate_to_pyruvate,high,lctB;lctC;lctD;pfor;rnfB,"",5,5,1.0,1.0,1.0
FW_AS_rep_2,GCA_027492415.1,0.0014736305154872899,X_ch,0.06508928571428572,false,true,starch_utilization,partial,susC,cazy_GH13,1,4,0.14285714285714285,0.5,0.5
FW_AS_rep_2,GCA_027492415.1,0.0014736305154872899,X_pr,0.6470588235294118,true,true,peptide_scavenging,low,dppA;dppB;dppC;oppA;oppB;pepA;pepN;pepQ;pepT,"",9,13,0.6470588235294118,1.0,1.0
FW_AS_rep_2,GCA_027492415.1,0.0014736305154872899,X_li,0.3333333333333333,false,true,lipolysis,partial,acylglycerol_lipase;fadD,"",2,6,0.3333333333333333,1.0,1.0
FW_AS_rep_2,GCA_027492415.1,0.0014736305154872899,X_su,0.48636363636363633,false,true,hexose_fermentation,partial,adhE;gapA;pfkA;pfor;pgi;pyk,one_of(ptsG|glcP),6,9,0.5454545454545454,0.8333333333333334,1.0
FW_AS_rep_2,GCA_027492415.1,0.0014736305154872899,X_aa,0.7,true,true,general_amino_acid_catabolism,medium,dppA;gdh;oppA;pfor;tdcB,"",5,7,0.7,1.0,1.0
FW_AS_rep_2,GCA_027492415.1,0.0014736305154872899,X_fa,1.0,true,true,lcfa_beta_oxidation,high,etfA;etfB;fadA;fadB;fadD;fadE,"",6,6,1.0,1.0,1.0
FW_AS_rep_2,GCA_027492415.1,0.0014736305154872899,X_ac_et,0.9333333333333333,true,true,ethanol_acetate_chain_initiation,high,acs;adh;adhE;aldh;bcd;crt;etfA;etfB;hbd;pta;thl,"",11,12,0.9333333333333333,1.0,1.0
FW_AS_rep_2,GCA_027492415.1,0.0014736305154872899,X_ac_lac,0.0,false,true,lactate_acetate_chain_initiation,none,acs;bcd;crt;etfA;etfB;hbd;pfor;pta;thl,lctD;one_of(lctB|lctC),9,13,0.6875,0.75,1.0
FW_AS_rep_2,GCA_027492415.1,0.0014736305154872899,X_chain_et,0.0,false,true,ethanol_reverse_beta_oxidation,none,adh;adhE;aldh;bcd;crt;etfA;etfB;hbd;thl,cat,9,10,0.8461538461538461,0.8888888888888888,1.0
FW_AS_rep_2,GCA_027492415.1,0.0014736305154872899,X_chain_lac,0.0,false,true,lactate_reverse_beta_oxidation,none,bcd;crt;etfA;etfB;hbd;pfor;thl,cat;lctD;one_of(lctB|lctC),7,11,0.5714285714285714,0.7,0.7777777777777778
FW_AS_rep_2,GCA_027492415.1,0.0014736305154872899,X_VFA_deg,1.0,true,true,syntrophic_butyrate_oxidation,high,bcd;crt;etfA;etfB;fdhA;hbd;hydA;rnfB;thl,"",9,9,1.0,1.0,1.0
FW_AS_rep_2,GCA_027492415.1,0.0014736305154872899,X_Me_ac,0.0,false,true,acetoclastic_ack_pta,none,pta,mcrA;ackA;one_of(cdhC|cdhD|cdhE),1,8,0.1111111111111111,0.25,0.2
FW_AS_rep_2,GCA_027492415.1,0.0014736305154872899,X_Me_CO2,0.0,false,true,hydrogenotrophic_core,none,"",mcrA;one_of(fwdA);one_of(ftr);one_of(mch);one_of(mtd|mer),0,8,0.0,0.0,0.0
FW_AS_rep_2,GCA_027492415.1,0.0014736305154872899,X_et,0.9,true,true,ethanol_to_acetyl_coa,high,acs;adh;adhE;aldh;pta,"",5,6,0.9,1.0,1.0
FW_AS_rep_2,GCA_027492415.1,0.0014736305154872899,X_lac,0.23010416666666667,false,true,lactate_to_pyruvate,partial,pfor;rnfB,lctD,2,5,0.375,0.6666666666666666,0.6666666666666666
FW_AS_rep_2,GCA_029974415.1,0.0014736305154872899,X_ch,1.0,true,true,starch_utilization,high,agl;cazy_GH13;susC;susD,"",4,4,1.0,1.0,1.0
FW_AS_rep_2,GCA_029974415.1,0.0014736305154872899,X_pr,0.6363636363636364,true,true,proteolysis_and_peptide_import,low,dtpT;endopeptidase;extracellular_protease;pepN,"",4,7,0.6363636363636364,1.0,1.0
FW_AS_rep_2,GCA_029974415.1,0.0014736305154872899,X_li,0.16875,false,true,lipolysis,partial,esterase;fadD,one_of(lipase|lysophospholipase|acylglycerol_lipase|phospholipase),2,6,0.25,0.5,1.0
FW_AS_rep_2,GCA_029974415.1,0.0014736305154872899,X_su,0.4336742424242424,false,true,hexose_fermentation,partial,gapA;glcP;pfkA;pfor;pgi,pyk,5,9,0.5454545454545454,0.8333333333333334,0.8333333333333334
FW_AS_rep_2,GCA_029974415.1,0.0014736305154872899,X_aa,0.8,true,true,general_amino_acid_catabolism,medium,dtpT;gdh;ilvE;pfor;tdcB,"",5,7,0.8,1.0,1.0
FW_AS_rep_2,GCA_029974415.1,0.0014736305154872899,X_fa,0.9,true,true,lcfa_beta_oxidation,high,etfA;fadA;fadB;fadD;fadE,"",5,6,0.9,1.0,1.0
FW_AS_rep_2,GCA_029974415.1,0.0014736305154872899,X_ac_et,0.0,false,true,ethanol_acetate_chain_initiation,none,ackA;acs;bcd;crt;etfA;pta;thl,etfB;one_of(adhE|adh);one_of(adhE|aldh),7,12,0.6,0.5714285714285714,0.875
FW_AS_rep_2,GCA_029974415.1,0.0014736305154872899,X_ac_lac,0.0,false,true,lactate_acetate_chain_initiation,none,ackA;acs;bcd;crt;etfA;pfor;pta;thl,etfB;lctD;one_of(lctB|lctC),8,13,0.625,0.625,0.8888888888888888
FW_AS_rep_2,GCA_029974415.1,0.0014736305154872899,X_chain_et,0.0,false,true,ethanol_reverse_beta_oxidation,none,bcd;cat;crt;etfA;thl,etfB;one_of(hbd);one_of(adhE|adh);one_of(adhE|aldh),5,10,0.5384615384615384,0.5555555555555556,0.625
FW_AS_rep_2,GCA_029974415.1,0.0014736305154872899,X_chain_lac,0.0,false,true,lactate_reverse_beta_oxidation,none,bcd;cat;crt;etfA;pfor;thl,etfB;lctD;one_of(hbd);one_of(lctB|lctC),6,11,0.5714285714285714,0.6,0.6666666666666666
FW_AS_rep_2,GCA_029974415.1,0.0014736305154872899,X_VFA_deg,0.6979166666666667,false,true,syntrophic_butyrate_oxidation,partial,bcd;crt;etfA;fdhA;hydA;rnfB;thl,etfB;one_of(hbd),7,9,0.8333333333333334,0.75,1.0
FW_AS_rep_2,GCA_029974415.1,0.0014736305154872899,X_Me_ac,0.0,false,true,acetoclastic_ack_pta,none,ackA;pta,mcrA;one_of(cdhC|cdhD|cdhE),2,8,0.2222222222222222,0.5,0.4
FW_AS_rep_2,GCA_029974415.1,0.0014736305154872899,X_Me_CO2,0.0,false,true,hydrogenotrophic_core,none,"",mcrA;one_of(fwdA);one_of(ftr);one_of(mch);one_of(mtd|mer),0,8,0.0,0.0,0.0
FW_AS_rep_2,GCA_029974415.1,0.0014736305154872899,X_et,0.16999999999999998,false,true,ethanol_to_acetyl_coa,partial,ackA;acs;pta,one_of(adhE|adh);one_of(adhE|aldh),3,6,0.3,0.3333333333333333,1.0
FW_AS_rep_2,GCA_029974415.1,0.0014736305154872899,X_lac,0.23010416666666667,false,true,lactate_to_pyruvate,partial,pfor;rnfB,lctD,2,5,0.375,0.6666666666666666,0.6666666666666666
FW_AS_rep_2,GCA_036847425.1,0.003542381046844447,X_ch,0.1952678571428572,false,true,starch_utilization,partial,cazy_GH13,one_of(susC|susD|agl),1,4,0.42857142857142855,0.5,0.5
FW_AS_rep_2,GCA_036847425.1,0.003542381046844447,X_pr,0.7058823529411765,true,true,peptide_scavenging,medium,dppA;dppB;dppC;endopeptidase;oppA;oppB;pepD;pepQ;pepT,"",9,13,0.7058823529411765,1.0,1.0
FW_AS_rep_2,GCA_036847425.1,0.003542381046844447,X_li,0.5,true,true,lipolysis,low,acylglycerol_lipase;fadD;lysophospholipase,"",3,6,0.5,1.0,1.0
FW_AS_rep_2,GCA_036847425.1,0.003542381046844447,X_su,0.7272727272727273,true,true,hexose_fermentation,medium,adhE;gapA;glcP;pfkA;pfor;pgi;pyk,"",7,9,0.7272727272727273,1.0,1.0
FW_AS_rep_2,GCA_036847425.1,0.003542381046844447,X_aa,0.7,true,true,general_amino_acid_catabolism,medium,dppA;gdh;oppA;pfor;tdcB,"",5,7,0.7,1.0,1.0
FW_AS_rep_2,GCA_036847425.1,0.003542381046844447,X_fa,1.0,true,true,lcfa_beta_oxidation,high,etfA;etfB;fadA;fadB;fadD;fadE,"",6,6,1.0,1.0,1.0
FW_AS_rep_2,GCA_036847425.1,0.003542381046844447,X_ac_et,0.8666666666666667,true,true,ethanol_acetate_chain_initiation,medium,acs;adh;adhE;aldh;bcd;crt;etfA;etfB;hbd;thl,"",10,12,0.8666666666666667,1.0,1.0
FW_AS_rep_2,GCA_036847425.1,0.003542381046844447,X_ac_lac,0.0,false,true,lactate_acetate_chain_initiation,none,acs;bcd;crt;etfA;etfB;hbd;lctB;lctC;pfor;thl,lctD,10,13,0.75,0.875,1.0
FW_AS_rep_2,GCA_036847425.1,0.003542381046844447,X_chain_et,1.0,true,true,ethanol_reverse_beta_oxidation,high,adh;adhE;aldh;bcd;cat;crt;etfA;etfB;hbd;thl,"",10,10,1.0,1.0,1.0
FW_AS_rep_2,GCA_036847425.1,0.003542381046844447,X_chain_lac,0.0,false,true,lactate_reverse_beta_oxidation,none,bcd;cat;crt;etfA;etfB;hbd;lctB;lctC;pfor;thl,lctD,10,11,0.8571428571428571,0.9,1.0
FW_AS_rep_2,GCA_036847425.1,0.003542381046844447,X_VFA_deg,1.0,true,true,syntrophic_butyrate_oxidation,high,bcd;crt;etfA;etfB;fdhA;hbd;hydA;rnfB;thl,"",9,9,1.0,1.0,1.0
FW_AS_rep_2,GCA_036847425.1,0.003542381046844447,X_Me_ac,0.0,false,true,acetoclastic_acs,none,acs,mcrA;one_of(cdhC|cdhD|cdhE),1,7,0.2222222222222222,0.3333333333333333,0.25
FW_AS_rep_2,GCA_036847425.1,0.003542381046844447,X_Me_CO2,0.0,false,true,hydrogenotrophic_core,none,"",mcrA;one_of(fwdA);one_of(ftr);one_of(mch);one_of(mtd|mer),0,8,0.0,0.0,0.0
FW_AS_rep_2,GCA_036847425.1,0.003542381046844447,X_et,0.8,true,true,ethanol_to_acetyl_coa,medium,acs;adh;adhE;aldh,"",4,6,0.8,1.0,1.0
FW_AS_rep_2,GCA_036847425.1,0.003542381046844447,X_lac,0.4895833333333333,false,true,lactate_to_pyruvate,partial,lctB;lctC;pfor;rnfB,lctD,4,5,0.625,0.6666666666666666,1.0
FW_AS_rep_2,GCA_937872315.1,0.0014169524187377788,X_ch,0.5714285714285714,false,true,starch_utilization,partial,cazy_GH13;susC,"",2,4,0.5714285714285714,1.0,1.0
FW_AS_rep_2,GCA_937872315.1,0.0014169524187377788,X_pr,0.9411764705882353,true,true,peptide_scavenging,high,dppA;dppB;dppC;dtpT;endopeptidase;oppA;oppB;pepA;pepD;pepN;pepQ;pepT,"",12,13,0.9411764705882353,1.0,1.0
FW_AS_rep_2,GCA_937872315.1,0.0014169524187377788,X_li,0.4166666666666667,true,true,lipolysis,low,fadD;lipase,"",2,6,0.4166666666666667,1.0,1.0
FW_AS_rep_2,GCA_937872315.1,0.0014169524187377788,X_su,0.31748737373737373,false,true,hexose_fermentation,partial,adhE;gapA;pfkA;pfor;pyk,pgi;one_of(ptsG|glcP),5,9,0.45454545454545453,0.6666666666666666,0.8333333333333334
FW_AS_rep_2,GCA_937872315.1,0.0014169524187377788,X_aa,1.0,true,true,general_amino_acid_catabolism,high,dppA;dtpT;gdh;ilvE;oppA;pfor;tdcB,"",7,7,1.0,1.0,1.0
FW_AS_rep_2,GCA_937872315.1,0.0014169524187377788,X_fa,1.0,true,true,lcfa_beta_oxidation,high,etfA;etfB;fadA;fadB;fadD;fadE,"",6,6,1.0,1.0,1.0
FW_AS_rep_2,GCA_937872315.1,0.0014169524187377788,X_ac_et,0.9333333333333333,true,true,ethanol_acetate_chain_initiation,high,acs;adh;adhE;aldh;bcd;crt;etfA;etfB;hbd;pta;thl,"",11,12,0.9333333333333333,1.0,1.0
FW_AS_rep_2,GCA_937872315.1,0.0014169524187377788,X_ac_lac,0.0,false,true,lactate_acetate_chain_initiation,none,acs;bcd;crt;etfA;etfB;hbd;pfor;pta;thl,lctD;one_of(lctB|lctC),9,13,0.6875,0.75,1.0
FW_AS_rep_2,GCA_937872315.1,0.0014169524187377788,X_chain_et,0.0,false,true,ethanol_reverse_beta_oxidation,none,adh;adhE;aldh;bcd;crt;etfA;etfB;hbd;thl,cat,9,10,0.8461538461538461,0.8888888888888888,1.0
FW_AS_rep_2,GCA_937872315.1,0.0014169524187377788,X_chain_lac,0.0,false,true,lactate_reverse_beta_oxidation,none,bcd;crt;etfA;etfB;hbd;pfor;thl,cat;lctD;one_of(lctB|lctC),7,11,0.5714285714285714,0.7,0.7777777777777778
FW_AS_rep_2,GCA_937872315.1,0.0014169524187377788,X_VFA_deg,1.0,true,true,syntrophic_butyrate_oxidation,high,bcd;crt;etfA;etfB;fdhA;hbd;hydA;rnfB;thl,"",9,9,1.0,1.0,1.0
FW_AS_rep_2,GCA_937872315.1,0.0014169524187377788,X_Me_ac,0.0,false,true,acetoclastic_ack_pta,none,pta,mcrA;ackA;one_of(cdhC|cdhD|cdhE),1,8,0.1111111111111111,0.25,0.2
FW_AS_rep_2,GCA_937872315.1,0.0014169524187377788,X_Me_CO2,0.0,false,true,hydrogenotrophic_core,none,fwdA;mer,mcrA;one_of(ftr);one_of(mch),2,8,0.2222222222222222,0.4,0.3333333333333333
FW_AS_rep_2,GCA_937872315.1,0.0014169524187377788,X_et,0.9,true,true,ethanol_to_acetyl_coa,high,acs;adh;adhE;aldh;pta,"",5,6,0.9,1.0,1.0
FW_AS_rep_2,GCA_937872315.1,0.0014169524187377788,X_lac,0.23010416666666667,false,true,lactate_to_pyruvate,partial,pfor;rnfB,lctD,2,5,0.375,0.6666666666666666,0.6666666666666666
FW_AS_rep_2,GCA_022838865.1,0.0013886133703630231,X_ch,1.0,true,true,starch_utilization,high,agl;cazy_GH13;susC;susD,"",4,4,1.0,1.0,1.0
FW_AS_rep_2,GCA_022838865.1,0.0013886133703630231,X_pr,0.6363636363636364,true,true,proteolysis_and_peptide_import,low,dtpT;endopeptidase;extracellular_protease;pepN,"",4,7,0.6363636363636364,1.0,1.0
FW_AS_rep_2,GCA_022838865.1,0.0013886133703630231,X_li,0.4166666666666667,true,true,lipolysis,low,acylglycerol_lipase;esterase;fadD,"",3,6,0.4166666666666667,1.0,1.0
FW_AS_rep_2,GCA_022838865.1,0.0013886133703630231,X_su,0.6484848484848486,false,true,hexose_fermentation,partial,adhE;gapA;glcP;lctD;pfkA;pfor;pgi,pyk,7,9,0.7272727272727273,0.8333333333333334,1.0
FW_AS_rep_2,GCA_022838865.1,0.0013886133703630231,X_aa,0.8,true,true,general_amino_acid_catabolism,medium,dtpT;gdh;ilvE;pfor;tdcB,"",5,7,0.8,1.0,1.0
FW_AS_rep_2,GCA_022838865.1,0.0013886133703630231,X_fa,1.0,true,true,lcfa_beta_oxidation,high,etfA;etfB;fadA;fadB;fadD;fadE,"",6,6,1.0,1.0,1.0
FW_AS_rep_2,GCA_022838865.1,0.0013886133703630231,X_ac_et,0.9333333333333333,true,true,ethanol_acetate_chain_initiation,high,ackA;acs;adh;adhE;bcd;crt;etfA;etfB;hbd;pta;thl,"",11,12,0.9333333333333333,1.0,1.0
FW_AS_rep_2,GCA_022838865.1,0.0013886133703630231,X_ac_lac,1.0,true,true,lactate_acetate_chain_initiation,high,ackA;acs;bcd;crt;etfA;etfB;hbd;lctB;lctC;lctD;pfor;pta;thl,"",13,13,1.0,1.0,1.0
FW_AS_rep_2,GCA_022838865.1,0.0013886133703630231,X_chain_et,0.0,false,true,ethanol_reverse_beta_oxidation,none,adh;adhE;bcd;crt;etfA;etfB;hbd;thl,cat,8,10,0.7692307692307693,0.8888888888888888,1.0
FW_AS_rep_2,GCA_022838865.1,0.0013886133703630231,X_chain_lac,0.0,false,true,lactate_reverse_beta_oxidation,none,bcd;crt;etfA;etfB;hbd;lctB;lctC;lctD;pfor;thl,cat,10,11,0.8571428571428571,0.9,1.0
FW_AS_rep_2,GCA_022838865.1,0.0013886133703630231,X_VFA_deg,1.0,true,true,syntrophic_propionate_mmc,high,fdhA;fumB;hydA;mdh;mmcE;mmcF;mmcG;pfor;sucC;sucD,"",10,10,1.0,1.0,1.0
FW_AS_rep_2,GCA_022838865.1,0.0013886133703630231,X_Me_ac,0.0,false,true,acetoclastic_ack_pta,none,ackA;cdhC;pta,mcrA,3,8,0.3333333333333333,0.75,0.6
FW_AS_rep_2,GCA_022838865.1,0.0013886133703630231,X_Me_CO2,0.0,false,true,hydrogenotrophic_core,none,"",mcrA;one_of(fwdA);one_of(ftr);one_of(mch);one_of(mtd|mer),0,8,0.0,0.0,0.0
FW_AS_rep_2,GCA_022838865.1,0.0013886133703630231,X_et,0.8,true,true,ethanol_to_acetyl_coa,medium,ackA;acs;adh;adhE;pta,"",5,6,0.8,1.0,1.0
FW_AS_rep_2,GCA_022838865.1,0.0013886133703630231,X_lac,1.0,true,true,lactate_to_pyruvate,high,lctB;lctC;lctD;pfor;rnfB,"",5,5,1.0,1.0,1.0
FW_AS_rep_2,GCA_033811615.1,0.0013886133703630231,X_ch,1.0,true,true,starch_utilization,high,agl;cazy_GH13;susC;susD,"",4,4,1.0,1.0,1.0
FW_AS_rep_2,GCA_033811615.1,0.0013886133703630231,X_pr,0.7058823529411765,true,true,peptide_scavenging,medium,dppA;dppB;dtpT;endopeptidase;oppA;pepD;pepQ;pepT,"",8,13,0.7058823529411765,1.0,1.0
FW_AS_rep_2,GCA_033811615.1,0.0013886133703630231,X_li,0.3333333333333333,false,true,lipolysis,partial,acylglycerol_lipase;fadD,"",2,6,0.3333333333333333,1.0,1.0
FW_AS_rep_2,GCA_033811615.1,0.0013886133703630231,X_su,0.31748737373737373,false,true,hexose_fermentation,partial,adhE;gapA;pfkA;pfor;pgi,pyk;one_of(ptsG|glcP),5,9,0.45454545454545453,0.6666666666666666,0.8333333333333334
FW_AS_rep_2,GCA_033811615.1,0.0013886133703630231,X_aa,0.6,true,true,general_amino_acid_catabolism,low,dppA;dtpT;gdh;oppA;pfor,"",5,7,0.6,1.0,1.0
FW_AS_rep_2,GCA_033811615.1,0.0013886133703630231,X_fa,0.046079999999999996,false,true,lcfa_beta_oxidation,partial,fadD,fadE;fadB;fadA;one_of(etfA|etfB),1,6,0.2,0.2,0.2
FW_AS_rep_2,GCA_033811615.1,0.0013886133703630231,X_ac_et,0.0,false,true,ethanol_acetate_chain_initiation,none,ackA;acs;adh;adhE;pta,thl;bcd;etfA;etfB,5,12,0.4,0.42857142857142855,0.625
FW_AS_rep_2,GCA_033811615.1,0.0013886133703630231,X_ac_lac,0.0,false,true,lactate_acetate_chain_initiation,none,ackA;acs;lctB;pfor;pta,thl;bcd;etfA;etfB;lctD,5,13,0.3125,0.375,0.5555555555555556
FW_AS_rep_2,GCA_033811615.1,0.0013886133703630231,X_chain_et,0.0,false,true,ethanol_reverse_beta_oxidation,none,adh;adhE;cat,bcd;etfA;etfB;one_of(thl);one_of(hbd);one_of(crt),3,10,0.38461538461538464,0.3333333333333333,0.375
FW_AS_rep_2,GCA_033811615.1,0.0013886133703630231,X_chain_lac,0.0,false,true,lactate_reverse_beta_oxidation,none,cat;lctB;pfor,bcd;etfA;etfB;lctD;one_of(thl);one_of(hbd);one_of(crt),3,11,0.2857142857142857,0.3,0.3333333333333333
FW_AS_rep_2,GCA_033811615.1,0.0013886133703630231,X_VFA_deg,0.2916964285714286,false,true,syntrophic_propionate_mmc,partial,hydA;mmcE;mmcF;mmcG;pfor,sucC;sucD;one_of(fumB);one_of(mdh),5,10,0.5714285714285714,0.5,0.625
FW_AS_rep_2,GCA_033811615.1,0.0013886133703630231,X_Me_ac,0.0,false,true,acetoclastic_ack_pta,none,ackA;pta,mcrA;one_of(cdhC|cdhD|cdhE),2,8,0.2222222222222222,0.5,0.4
FW_AS_rep_2,GCA_033811615.1,0.0013886133703630231,X_Me_CO2,0.0,false,true,hydrogenotrophic_core,none,fwdA,mcrA;one_of(ftr);one_of(mch);one_of(mtd|mer),1,8,0.1111111111111111,0.2,0.16666666666666666
FW_AS_rep_2,GCA_033811615.1,0.0013886133703630231,X_et,0.8,true,true,ethanol_to_acetyl_coa,medium,ackA;acs;adh;adhE;pta,"",5,6,0.8,1.0,1.0
FW_AS_rep_2,GCA_033811615.1,0.0013886133703630231,X_lac,0.39166666666666666,false,true,lactate_to_pyruvate,partial,lctB;pfor;rnfB,lctD,3,5,0.5,0.6666666666666666,1.0
FW_AS_rep_2,GCA_033810375.1,0.0013886133703630231,X_ch,1.0,true,true,starch_utilization,high,agl;cazy_GH13;susC;susD,"",4,4,1.0,1.0,1.0
FW_AS_rep_2,GCA_033810375.1,0.0013886133703630231,X_pr,0.47058823529411764,true,true,peptide_scavenging,low,dtpT;endopeptidase;pepD;pepO;pepQ;pepT,"",6,13,0.47058823529411764,1.0,1.0
FW_AS_rep_2,GCA_033810375.1,0.0013886133703630231,X_li,0.16875,false,true,lipolysis,partial,esterase;fadD,one_of(lipase|lysophospholipase|acylglycerol_lipase|phospholipase),2,6,0.25,0.5,1.0
FW_AS_rep_2,GCA_033810375.1,0.0013886133703630231,X_su,0.7692307692307693,true,true,entner_doudoroff,medium,adhE;eda;edd;gapA;glcP;pfor,"",6,9,0.7692307692307693,1.0,1.0
FW_AS_rep_2,GCA_033810375.1,0.0013886133703630231,X_aa,0.6,true,true,general_amino_acid_catabolism,low,dtpT;gdh;ilvE;pfor,"",4,7,0.6,1.0,1.0
FW_AS_rep_2,GCA_033810375.1,0.0013886133703630231,X_fa,0.6960000000000001,false,true,lcfa_beta_oxidation,partial,etfA;etfB;fadA;fadD;fadE,fadB,5,6,0.8,0.8,1.0
FW_AS_rep_2,GCA_033810375.1,0.0013886133703630231,X_ac_et,0.8,true,true,ethanol_acetate_chain_initiation,medium,ackA;acs;adh;adhE;bcd;etfA;etfB;pta;thl,"",9,12,0.8,1.0,1.0
FW_AS_rep_2,GCA_033810375.1,0.0013886133703630231,X_ac_lac,0.0,false,true,lactate_acetate_chain_initiation,none,ackA;acs;bcd;etfA;etfB;lctB;pfor;pta;thl,lctD,9,13,0.6875,0.875,1.0
FW_AS_rep_2,GCA_033810375.1,0.0013886133703630231,X_chain_et,0.0,false,true,ethanol_reverse_beta_oxidation,none,adh;adhE;bcd;cat;etfA;etfB;thl,one_of(hbd);one_of(crt),7,10,0.7692307692307693,0.7777777777777778,0.875
FW_AS_rep_2,GCA_033810375.1,0.0013886133703630231,X_chain_lac,0.0,false,true,lactate_reverse_beta_oxidation,none,bcd;cat;etfA;etfB;lctB;pfor;thl,lctD;one_of(hbd);one_of(crt),7,11,0.6428571428571429,0.7,0.7777777777777778
FW_AS_rep_2,GCA_033810375.1,0.0013886133703630231,X_VFA_deg,0.5064880952380952,false,true,syntrophic_butyrate_oxidation,partial,bcd;etfA;etfB;hydA;rnfB;thl,one_of(hbd);one_of(crt),6,9,0.6666666666666666,0.75,0.8571428571428571
FW_AS_rep_2,GCA_033810375.1,0.0013886133703630231,X_Me_ac,0.0,false,true,acetoclastic_ack_pta,none,ackA;pta,mcrA;one_of(cdhC|cdhD|cdhE),2,8,0.2222222222222222,0.5,0.4
FW_AS_rep_2,GCA_033810375.1,0.0013886133703630231,X_Me_CO2,0.0,false,true,hydrogenotrophic_core,none,"",mcrA;one_of(fwdA);one_of(ftr);one_of(mch);one_of(mtd|mer),0,8,0.0,0.0,0.0
FW_AS_rep_2,GCA_033810375.1,0.0013886133703630231,X_et,0.8,true,true,ethanol_to_acetyl_coa,medium,ackA;acs;adh;adhE;pta,"",5,6,0.8,1.0,1.0
FW_AS_rep_2,GCA_033810375.1,0.0013886133703630231,X_lac,0.39166666666666666,false,true,lactate_to_pyruvate,partial,lctB;pfor;rnfB,lctD,3,5,0.5,0.6666666666666666,1.0
FW_AS_rep_2,GCA_022708005.1,0.0012469181284892454,X_ch,0.06508928571428572,false,true,starch_utilization,partial,susC,cazy_GH13,1,4,0.14285714285714285,0.5,0.5
FW_AS_rep_2,GCA_022708005.1,0.0012469181284892454,X_pr,0.7272727272727273,true,true,proteolysis_and_peptide_import,medium,dtpT;endopeptidase;extracellular_protease;pepN;pepO,"",5,7,0.7272727272727273,1.0,1.0
FW_AS_rep_2,GCA_022708005.1,0.0012469181284892454,X_li,0.0759375,false,true,lipolysis,partial,fadD,one_of(lipase|lysophospholipase|acylglycerol_lipase|phospholipase),1,6,0.16666666666666666,0.5,0.5
FW_AS_rep_2,GCA_022708005.1,0.0012469181284892454,X_su,0.3613952020202021,false,true,hexose_fermentation,partial,gapA;pfkA;pfor;pgi;pyk,one_of(ptsG|glcP),5,9,0.45454545454545453,0.8333333333333334,0.8333333333333334
FW_AS_rep_2,GCA_022708005.1,0.0012469181284892454,X_aa,0.8,true,true,general_amino_acid_catabolism,medium,dtpT;gdh;ilvE;pfor;tdcB,"",5,7,0.8,1.0,1.0
FW_AS_rep_2,GCA_022708005.1,0.0012469181284892454,X_fa,1.0,true,true,lcfa_beta_oxidation,high,etfA;etfB;fadA;fadB;fadD;fadE,"",6,6,1.0,1.0,1.0
FW_AS_rep_2,GCA_022708005.1,0.0012469181284892454,X_ac_et,0.0,false,true,ethanol_acetate_chain_initiation,none,ackA;acs;adh;bcd;crt;etfA;etfB;pta;thl,one_of(adhE|aldh),9,12,0.7333333333333333,0.8571428571428571,1.0
FW_AS_rep_2,GCA_022708005.1,0.0012469181284892454,X_ac_lac,0.0,false,true,lactate_acetate_chain_initiation,none,ackA;acs;bcd;crt;etfA;etfB;pfor;pta;thl,lctD;one_of(lctB|lctC),9,13,0.6875,0.75,1.0
FW_AS_rep_2,GCA_022708005.1,0.0012469181284892454,X_chain_et,0.0,false,true,ethanol_reverse_beta_oxidation,none,adh;bcd;crt;etfA;etfB;thl,cat;one_of(hbd);one_of(adhE|aldh),6,10,0.5384615384615384,0.6666666666666666,0.75
FW_AS_rep_2,GCA_022708005.1,0.0012469181284892454,X_chain_lac,0.0,false,true,lactate_reverse_beta_oxidation,none,bcd;crt;etfA;etfB;pfor;thl,cat;lctD;one_of(hbd);one_of(lctB|lctC),6,11,0.5,0.6,0.6666666666666666
FW_AS_rep_2,GCA_022708005.1,0.0012469181284892454,X_VFA_deg,0.853125,false,true,syntrophic_propionate_mmc,partial,fdhA;hydA;mdh;mmcE;mmcF;mmcG;pfor;sucC;sucD,one_of(fumB),9,10,0.9285714285714286,0.875,1.0
FW_AS_rep_2,GCA_022708005.1,0.0012469181284892454,X_Me_ac,0.0,false,true,acetoclastic_ack_pta,none,ackA;pta,mcrA;one_of(cdhC|cdhD|cdhE),2,8,0.2222222222222222,0.5,0.4
FW_AS_rep_2,GCA_022708005.1,0.0012469181284892454,X_Me_CO2,0.0,false,true,hydrogenotrophic_core,none,"",mcrA;one_of(fwdA);one_of(ftr);one_of(mch);one_of(mtd|mer),0,8,0.0,0.0,0.0
FW_AS_rep_2,GCA_022708005.1,0.0012469181284892454,X_et,0.39166666666666666,false,true,ethanol_to_acetyl_coa,partial,ackA;acs;adh;pta,one_of(adhE|aldh),4,6,0.5,0.6666666666666666,1.0
FW_AS_rep_2,GCA_022708005.1,0.0012469181284892454,X_lac,0.23010416666666667,false,true,lactate_to_pyruvate,partial,pfor;rnfB,lctD,2,5,0.375,0.6666666666666666,0.6666666666666666
FW_AS_rep_2,GCA_035353335.1,0.0012185790801144897,X_ch,0.7142857142857143,true,true,starch_utilization,medium,agl;cazy_GH13,"",2,4,0.7142857142857143,1.0,1.0
FW_AS_rep_2,GCA_035353335.1,0.0012185790801144897,X_pr,0.5882352941176471,true,true,peptide_scavenging,low,dppA;dppB;dppC;oppA;oppB;pepD;pepQ;pepT,"",8,13,0.5882352941176471,1.0,1.0
FW_AS_rep_2,GCA_035353335.1,0.0012185790801144897,X_li,0.3333333333333333,false,true,lipolysis,partial,acylglycerol_lipase;fadD,"",2,6,0.3333333333333333,1.0,1.0
FW_AS_rep_2,GCA_035353335.1,0.0012185790801144897,X_su,0.6023076923076923,false,true,entner_doudoroff,partial,adhE;eda;edd;gapA;pfor,one_of(ptsG|glcP),5,9,0.6923076923076923,0.8,1.0
FW_AS_rep_2,GCA_035353335.1,0.0012185790801144897,X_aa,0.9,true,true,general_amino_acid_catabolism,high,dppA;gdh;ilvE;oppA;pfor;tdcB,"",6,7,0.9,1.0,1.0
FW_AS_rep_2,GCA_035353335.1,0.0012185790801144897,X_fa,0.046079999999999996,false,true,lcfa_beta_oxidation,partial,fadD,fadE;fadB;fadA;one_of(etfA|etfB),1,6,0.2,0.2,0.2
FW_AS_rep_2,GCA_035353335.1,0.0012185790801144897,X_ac_et,0.0,false,true,ethanol_acetate_chain_initiation,none,ackA;acs;adh;adhE;aldh,thl;bcd;etfA;etfB,5,12,0.4,0.42857142857142855,0.625
FW_AS_rep_2,GCA_035353335.1,0.0012185790801144897,X_ac_lac,0.0,false,true,lactate_acetate_chain_initiation,none,ackA;acs;pfor,thl;bcd;etfA;etfB;lctD;one_of(lctB|lctC),3,13,0.1875,0.25,0.3333333333333333
FW_AS_rep_2,GCA_035353335.1,0.0012185790801144897,X_chain_et,0.0,false,true,ethanol_reverse_beta_oxidation,none,adh;adhE;aldh,bcd;etfA;etfB;cat;one_of(thl);one_of(hbd);one_of(crt),3,10,0.3076923076923077,0.2222222222222222,0.375
FW_AS_rep_2,GCA_035353335.1,0.0012185790801144897,X_chain_lac,0.0,false,true,lactate_reverse_beta_oxidation,none,pfor,bcd;etfA;etfB;cat;lctD;one_of(thl);one_of(hbd);one_of(crt);one_of(lctB|lctC),1,11,0.07142857142857142,0.1,0.1111111111111111
FW_AS_rep_2,GCA_035353335.1,0.0012185790801144897,X_VFA_deg,0.3230357142857143,false,true,syntrophic_propionate_mmc,partial,fdhA;fumB;hydA;mdh;mmcG;pfor,mmcE;mmcF;sucC;sucD,6,10,0.5714285714285714,0.5,0.75
FW_AS_rep_2,GCA_035353335.1,0.0012185790801144897,X_Me_ac,0.0,false,true,acetoclastic_ack_pta,none,ackA;cdhC;cdhD,mcrA;pta,3,8,0.3333333333333333,0.5,0.6
FW_AS_rep_2,GCA_035353335.1,0.0012185790801144897,X_Me_CO2,0.0,false,true,hydrogenotrophic_core,none,"",mcrA;one_of(fwdA);one_of(ftr);one_of(mch);one_of(mtd|mer),0,8,0.0,0.0,0.0
FW_AS_rep_2,GCA_035353335.1,0.0012185790801144897,X_et,0.9,true,true,ethanol_to_acetyl_coa,high,ackA;acs;adh;adhE;aldh,"",5,6,0.9,1.0,1.0
FW_AS_rep_2,GCA_035353335.1,0.0012185790801144897,X_lac,0.23010416666666667,false,true,lactate_to_pyruvate,partial,pfor;rnfB,lctD,2,5,0.375,0.6666666666666666,0.6666666666666666
FW_AS_rep_2,GCA_022709225.1,0.0011902400317397343,X_ch,0.03283203125,false,true,xylan_utilization,partial,xylA,xylB;one_of(cazy_GH10|cazy_GH11);one_of(cazy_GH43|cazy_CBM6),1,6,0.125,0.25,0.25
FW_AS_rep_2,GCA_022709225.1,0.0011902400317397343,X_pr,0.3578409090909091,false,true,proteolysis_and_peptide_import,partial,endopeptidase;extracellular_protease;pepN,one_of(oppA|oppB|dtpT),3,7,0.5454545454545454,0.6666666666666666,0.75
FW_AS_rep_2,GCA_022709225.1,0.0011902400317397343,X_li,0.4166666666666667,true,true,lipolysis,low,fadD;lipase,"",2,6,0.4166666666666667,1.0,1.0
FW_AS_rep_2,GCA_022709225.1,0.0011902400317397343,X_su,0.24493846153846158,false,true,entner_doudoroff,partial,adhE;edd;lctD;pfor,eda;one_of(ptsG|glcP);one_of(gapA|pyk),4,9,0.46153846153846156,0.4,0.8
FW_AS_rep_2,GCA_022709225.1,0.0011902400317397343,X_aa,0.5483333333333333,false,true,general_amino_acid_catabolism,partial,gdh;ilvE;pfor;tdcB,one_of(oppA|dppA|dtpT),4,7,0.7,0.6666666666666666,1.0
FW_AS_rep_2,GCA_022709225.1,0.0011902400317397343,X_fa,0.046079999999999996,false,true,lcfa_beta_oxidation,partial,fadD,fadE;fadB;fadA;one_of(etfA|etfB),1,6,0.2,0.2,0.2
FW_AS_rep_2,GCA_022709225.1,0.0011902400317397343,X_ac_et,0.0,false,true,ethanol_acetate_chain_initiation,none,acs;adhE;aldh,thl;bcd;etfA;etfB,3,12,0.26666666666666666,0.42857142857142855,0.375
FW_AS_rep_2,GCA_022709225.1,0.0011902400317397343,X_ac_lac,0.0,false,true,lactate_acetate_chain_initiation,none,acs;lctB;lctC;lctD;pfor,thl;bcd;etfA;etfB,5,13,0.375,0.5,0.5555555555555556
FW_AS_rep_2,GCA_022709225.1,0.0011902400317397343,X_chain_et,0.0,false,true,ethanol_reverse_beta_oxidation,none,adhE;aldh,bcd;etfA;etfB;cat;one_of(thl);one_of(hbd);one_of(crt),2,10,0.23076923076923078,0.2222222222222222,0.25
FW_AS_rep_2,GCA_022709225.1,0.0011902400317397343,X_chain_lac,0.0,false,true,lactate_reverse_beta_oxidation,none,lctB;lctC;lctD;pfor,bcd;etfA;etfB;cat;one_of(thl);one_of(hbd);one_of(crt),4,11,0.35714285714285715,0.3,0.4444444444444444
FW_AS_rep_2,GCA_022709225.1,0.0011902400317397343,X_VFA_deg,0.44666015625000005,false,true,syntrophic_propionate_mmc,partial,fdhA;fumB;hydA;mdh;pfor;sucC;sucD,mmcE;mmcF;mmcG,7,10,0.6428571428571429,0.625,0.875
FW_AS_rep_2,GCA_022709225.1,0.0011902400317397343,X_Me_ac,0.0,false,true,acetoclastic_acs,none,acs;cdhC;cdhD;mcrA;mcrB;mtrA,forbidden(mvhA);forbidden(mvhD);forbidden(mvhG),6,7,0.8888888888888888,1.0,1.0
FW_AS_rep_2,GCA_022709225.1,0.0011902400317397343,X_Me_CO2,1.0,true,true,hydrogenotrophic_core,high,ftr;fwdA;mch;mcrA;mcrB;mer;mtd;mtrA,"",8,8,1.0,1.0,1.0
FW_AS_rep_2,GCA_022709225.1,0.0011902400317397343,X_et,0.6,true,true,ethanol_to_acetyl_coa,low,acs;adhE;aldh,"",3,6,0.6,1.0,1.0
FW_AS_rep_2,GCA_022709225.1,0.0011902400317397343,X_lac,1.0,true,true,lactate_to_pyruvate,high,lctB;lctC;lctD;pfor;rnfB,"",5,5,1.0,1.0,1.0
FW_AS_rep_2,GCA_031972215.1,0.0011619009833649786,X_ch,0.040138888888888884,false,true,cellulose_utilization,partial,bgl,one_of(cazy_GH5|cazy_GH9|cazy_GH48);one_of(cazy_CBM3|cazy_GH48),1,5,0.125,0.3333333333333333,0.3333333333333333
FW_AS_rep_2,GCA_031972215.1,0.0011619009833649786,X_pr,0.27647058823529413,false,true,peptide_scavenging,partial,dppA;oppA;pepN;pepQ,one_of(oppB|dppB|dppC|dtpT),4,13,0.35294117647058826,0.6666666666666666,1.0
FW_AS_rep_2,GCA_031972215.1,0.0011619009833649786,X_li,0.0759375,false,true,lipolysis,partial,acylglycerol_lipase,one_of(fadD|esterase),1,6,0.16666666666666666,0.5,0.5
FW_AS_rep_2,GCA_031972215.1,0.0011619009833649786,X_su,0.05838383838383838,false,true,hexose_fermentation,partial,gapA;pyk,pgi;pfkA;one_of(ptsG|glcP);one_of(pfor|adhE|lctD),2,9,0.18181818181818182,0.3333333333333333,0.3333333333333333
FW_AS_rep_2,GCA_031972215.1,0.0011619009833649786,X_aa,0.31333333333333335,false,true,general_amino_acid_catabolism,partial,dppA;oppA;tdcB,one_of(pfor),3,7,0.4,0.6666666666666666,1.0
FW_AS_rep_2,GCA_031972215.1,0.0011619009833649786,X_fa,0.0,false,true,lcfa_beta_oxidation,none,"",fadD;fadE;fadB;fadA;one_of(etfA|etfB),0,6,0.0,0.0,0.0
FW_AS_rep_2,GCA_031972215.1,0.0011619009833649786,X_ac_et,0.0,false,true,ethanol_acetate_chain_initiation,none,ackA;crt,thl;bcd;etfA;etfB;one_of(adhE|adh);one_of(adhE|aldh),2,12,0.13333333333333333,0.14285714285714285,0.25
FW_AS_rep_2,GCA_031972215.1,0.0011619009833649786,X_ac_lac,0.0,false,true,lactate_acetate_chain_initiation,none,ackA;crt,thl;bcd;etfA;etfB;lctD;one_of(lctB|lctC);one_of(pfor),2,13,0.125,0.125,0.2222222222222222
FW_AS_rep_2,GCA_031972215.1,0.0011619009833649786,X_chain_et,0.0,false,true,ethanol_reverse_beta_oxidation,none,crt,bcd;etfA;etfB;cat;one_of(thl);one_of(hbd);one_of(adhE|adh);one_of(adhE|aldh),1,10,0.07692307692307693,0.1111111111111111,0.125
FW_AS_rep_2,GCA_031972215.1,0.0011619009833649786,X_chain_lac,0.0,false,true,lactate_reverse_beta_oxidation,none,crt,bcd;etfA;etfB;cat;lctD;one_of(thl);one_of(hbd);one_of(lctB|lctC);one_of(pfor),1,11,0.07142857142857142,0.1,0.1111111111111111
FW_AS_rep_2,GCA_031972215.1,0.0011619009833649786,X_VFA_deg,0.01591517857142857,false,true,syntrophic_butyrate_oxidation,partial,crt,bcd;etfA;etfB;one_of(thl);one_of(hbd);one_of(hydA|fdhA);one_of(rnfB),1,9,0.08333333333333333,0.125,0.14285714285714285
FW_AS_rep_2,GCA_031972215.1,0.0011619009833649786,X_Me_ac,0.0,false,true,acetoclastic_ack_pta,none,ackA,mcrA;pta;one_of(cdhC|cdhD|cdhE),1,8,0.1111111111111111,0.25,0.2
FW_AS_rep_2,GCA_031972215.1,0.0011619009833649786,X_Me_CO2,0.0,false,true,hydrogenotrophic_core,none,"",mcrA;one_of(fwdA);one_of(ftr);one_of(mch);one_of(mtd|mer),0,8,0.0,0.0,0.0
FW_AS_rep_2,GCA_031972215.1,0.0011619009833649786,X_et,0.03211111111111111,false,true,ethanol_to_acetyl_coa,partial,ackA,one_of(adhE|adh);one_of(adhE|aldh),1,6,0.1,0.3333333333333333,0.3333333333333333
FW_AS_rep_2,GCA_031972215.1,0.0011619009833649786,X_lac,0.0,false,true,lactate_to_pyruvate,none,"",lctD;pfor;one_of(lctB|lctC|rnfB),0,5,0.0,0.0,0.0
FW_AS_rep_2,GCA_029554905.1,0.001133561934990223,X_ch,0.2892857142857143,false,true,starch_utilization,partial,agl;susC,cazy_GH13,2,4,0.42857142857142855,0.5,1.0
FW_AS_rep_2,GCA_029554905.1,0.001133561934990223,X_pr,0.6470588235294118,true,true,peptide_scavenging,low,dppA;dtpT;endopeptidase;oppA;pepD;pepQ;pepT,"",7,13,0.6470588235294118,1.0,1.0
FW_AS_rep_2,GCA_029554905.1,0.001133561934990223,X_li,0.0759375,false,true,lipolysis,partial,fadD,one_of(lipase|lysophospholipase|acylglycerol_lipase|phospholipase),1,6,0.16666666666666666,0.5,0.5
FW_AS_rep_2,GCA_029554905.1,0.001133561934990223,X_su,0.31748737373737373,false,true,hexose_fermentation,partial,gapA;lctD;pfkA;pfor;pgi,pyk;one_of(ptsG|glcP),5,9,0.45454545454545453,0.6666666666666666,0.8333333333333334
FW_AS_rep_2,GCA_029554905.1,0.001133561934990223,X_aa,0.8,true,true,general_amino_acid_catabolism,medium,dppA;dtpT;gdh;ilvE;oppA;pfor,"",6,7,0.8,1.0,1.0
FW_AS_rep_2,GCA_029554905.1,0.001133561934990223,X_fa,0.046079999999999996,false,true,lcfa_beta_oxidation,partial,fadD,fadE;fadB;fadA;one_of(etfA|etfB),1,6,0.2,0.2,0.2
FW_AS_rep_2,GCA_029554905.1,0.001133561934990223,X_ac_et,0.0,false,true,ethanol_acetate_chain_initiation,none,ackA;acs;adh;aldh;pta,thl;bcd;etfA;etfB,5,12,0.3333333333333333,0.42857142857142855,0.625
FW_AS_rep_2,GCA_029554905.1,0.001133561934990223,X_ac_lac,0.0,false,true,lactate_acetate_chain_initiation,none,ackA;acs;lctB;lctC;lctD;pfor;pta,thl;bcd;etfA;etfB,7,13,0.5,0.5,0.7777777777777778
FW_AS_rep_2,GCA_029554905.1,0.001133561934990223,X_chain_et,0.0,false,true,ethanol_reverse_beta_oxidation,none,adh;aldh,bcd;etfA;etfB;cat;one_of(thl);one_of(hbd);one_of(crt),2,10,0.15384615384615385,0.2222222222222222,0.25
FW_AS_rep_2,GCA_029554905.1,0.001133561934990223,X_chain_lac,0.0,false,true,lactate_reverse_beta_oxidation,none,lctB;lctC;lctD;pfor,bcd;etfA;etfB;cat;one_of(thl);one_of(hbd);one_of(crt),4,11,0.35714285714285715,0.3,0.4444444444444444
FW_AS_rep_2,GCA_029554905.1,0.001133561934990223,X_VFA_deg,0.549609375,false,true,syntrophic_propionate_mmc,partial,fumB;hydA;mdh;mmcE;mmcF;mmcG;pfor,sucC;sucD,7,10,0.7142857142857143,0.75,0.875
FW_AS_rep_2,GCA_029554905.1,0.001133561934990223,X_Me_ac,0.0,false,true,acetoclastic_ack_pta,none,ackA;pta,mcrA;one_of(cdhC|cdhD|cdhE),2,8,0.2222222222222222,0.5,0.4
FW_AS_rep_2,GCA_029554905.1,0.001133561934990223,X_Me_CO2,0.0,false,true,hydrogenotrophic_core,none,"",mcrA;one_of(fwdA);one_of(ftr);one_of(mch);one_of(mtd|mer),0,8,0.0,0.0,0.0
FW_AS_rep_2,GCA_029554905.1,0.001133561934990223,X_et,0.7,true,true,ethanol_to_acetyl_coa,medium,ackA;acs;adh;aldh;pta,"",5,6,0.7,1.0,1.0
FW_AS_rep_2,GCA_029554905.1,0.001133561934990223,X_lac,1.0,true,true,lactate_to_pyruvate,high,lctB;lctC;lctD;pfor;rnfB,"",5,5,1.0,1.0,1.0
FW_AS_rep_2,GCA_020723125.1,0.0011052228866154673,X_ch,0.13017857142857145,false,true,starch_utilization,partial,agl,cazy_GH13,1,4,0.2857142857142857,0.5,0.5
FW_AS_rep_2,GCA_020723125.1,0.0011052228866154673,X_pr,0.6470588235294118,true,true,peptide_scavenging,low,dppA;dppB;dppC;oppA;oppB;pepA;pepD;pepN;pepQ,"",9,13,0.6470588235294118,1.0,1.0
FW_AS_rep_2,GCA_020723125.1,0.0011052228866154673,X_li,0.3333333333333333,false,true,lipolysis,partial,fadD;lysophospholipase,"",2,6,0.3333333333333333,1.0,1.0
FW_AS_rep_2,GCA_020723125.1,0.0011052228866154673,X_su,0.2971384615384616,false,true,entner_doudoroff,partial,edd;gapA;glcP;pyk,eda;one_of(pfor|adhE|lctD),4,9,0.46153846153846156,0.6,0.8
FW_AS_rep_2,GCA_020723125.1,0.0011052228866154673,X_aa,0.31333333333333335,false,true,general_amino_acid_catabolism,partial,dppA;oppA;tdcB,one_of(pfor),3,7,0.4,0.6666666666666666,1.0
FW_AS_rep_2,GCA_020723125.1,0.0011052228866154673,X_fa,0.046079999999999996,false,true,lcfa_beta_oxidation,partial,fadD,fadE;fadB;fadA;one_of(etfA|etfB),1,6,0.2,0.2,0.2
FW_AS_rep_2,GCA_020723125.1,0.0011052228866154673,X_ac_et,0.0,false,true,ethanol_acetate_chain_initiation,none,ackA;acs;pta,thl;bcd;etfA;etfB;one_of(adhE|adh);one_of(adhE|aldh),3,12,0.2,0.14285714285714285,0.375
FW_AS_rep_2,GCA_020723125.1,0.0011052228866154673,X_ac_lac,0.0,false,true,lactate_acetate_chain_initiation,none,ackA;acs;pta,thl;bcd;etfA;etfB;lctD;one_of(lctB|lctC);one_of(pfor),3,13,0.1875,0.125,0.3333333333333333
FW_AS_rep_2,GCA_020723125.1,0.0011052228866154673,X_chain_et,0.0,false,true,ethanol_reverse_beta_oxidation,none,"",bcd;etfA;etfB;cat;one_of(thl);one_of(hbd);one_of(crt);one_of(adhE|adh);one_of(adhE|aldh),0,10,0.0,0.0,0.0
FW_AS_rep_2,GCA_020723125.1,0.0011052228866154673,X_chain_lac,0.0,false,true,lactate_reverse_beta_oxidation,none,"",bcd;etfA;etfB;cat;lctD;one_of(thl);one_of(hbd);one_of(crt);one_of(lctB|lctC);one_of(pfor),0,11,0.0,0.0,0.0
FW_AS_rep_2,GCA_020723125.1,0.0011052228866154673,X_VFA_deg,0.17176339285714287,false,true,syntrophic_propionate_mmc,partial,fdhA;hydA;sucC;sucD,mmcE;mmcF;mmcG;one_of(fumB);one_of(mdh),4,10,0.42857142857142855,0.375,0.5
FW_AS_rep_2,GCA_020723125.1,0.0011052228866154673,X_Me_ac,0.0,false,true,acetoclastic_ack_pta,none,ackA;pta,mcrA;one_of(cdhC|cdhD|cdhE),2,8,0.2222222222222222,0.5,0.4
FW_AS_rep_2,GCA_020723125.1,0.0011052228866154673,X_Me_CO2,0.0,false,true,hydrogenotrophic_core,none,"",mcrA;one_of(fwdA);one_of(ftr);one_of(mch);one_of(mtd|mer),0,8,0.0,0.0,0.0
FW_AS_rep_2,GCA_020723125.1,0.0011052228866154673,X_et,0.16999999999999998,false,true,ethanol_to_acetyl_coa,partial,ackA;acs;pta,one_of(adhE|adh);one_of(adhE|aldh),3,6,0.3,0.3333333333333333,1.0
FW_AS_rep_2,GCA_020723125.1,0.0011052228866154673,X_lac,0.040138888888888884,false,true,lactate_to_pyruvate,partial,rnfB,lctD;pfor,1,5,0.125,0.3333333333333333,0.3333333333333333
FW_AS_rep_2,GCA_029547385.1,0.001076883838240712,X_ch,0.26302734375000003,false,true,xylan_utilization,partial,cazy_CBM6;xylA;xylB,one_of(cazy_GH10|cazy_GH11),3,6,0.375,0.75,0.75
FW_AS_rep_2,GCA_029547385.1,0.001076883838240712,X_pr,0.07920454545454544,false,true,proteolysis_and_peptide_import,partial,extracellular_protease,one_of(oppA|oppB|dtpT);one_of(pepN|pepO),1,7,0.2727272727272727,0.3333333333333333,0.25
FW_AS_rep_2,GCA_029547385.1,0.001076883838240712,X_li,0.3333333333333333,false,true,lipolysis,partial,acylglycerol_lipase;fadD,"",2,6,0.3333333333333333,1.0,1.0
FW_AS_rep_2,GCA_029547385.1,0.001076883838240712,X_su,0.7361538461538462,false,true,entner_doudoroff,partial,adhE;eda;edd;gapA;lctD;pfor;pyk,one_of(ptsG|glcP),7,9,0.8461538461538461,0.8,1.0
FW_AS_rep_2,GCA_029547385.1,0.001076883838240712,X_aa,0.5483333333333333,false,true,general_amino_acid_catabolism,partial,gdh;ilvE;pfor;tdcB,one_of(oppA|dppA|dtpT),4,7,0.7,0.6666666666666666,1.0
FW_AS_rep_2,GCA_029547385.1,0.001076883838240712,X_fa,0.6960000000000001,false,true,lcfa_beta_oxidation,partial,etfA;etfB;fadB;fadD;fadE,fadA,5,6,0.8,0.8,1.0
FW_AS_rep_2,GCA_029547385.1,0.001076883838240712,X_ac_et,0.0,false,true,ethanol_acetate_chain_initiation,none,ackA;acs;adhE;aldh;bcd;crt;etfA;etfB;hbd;pta,thl,10,12,0.8,0.8571428571428571,1.0
FW_AS_rep_2,GCA_029547385.1,0.001076883838240712,X_ac_lac,0.0,false,true,lactate_acetate_chain_initiation,none,ackA;acs;bcd;crt;etfA;etfB;hbd;lctB;lctC;lctD;pfor;pta,thl,12,13,0.875,0.875,1.0
FW_AS_rep_2,GCA_029547385.1,0.001076883838240712,X_chain_et,0.0,false,true,ethanol_reverse_beta_oxidation,none,adhE;aldh;bcd;crt;etfA;etfB;hbd,cat;one_of(thl),7,10,0.6923076923076923,0.7777777777777778,0.875
FW_AS_rep_2,GCA_029547385.1,0.001076883838240712,X_chain_lac,0.0,false,true,lactate_reverse_beta_oxidation,none,bcd;crt;etfA;etfB;hbd;lctB;lctC;lctD;pfor,cat;one_of(thl),9,11,0.7857142857142857,0.8,1.0
FW_AS_rep_2,GCA_029547385.1,0.001076883838240712,X_VFA_deg,0.8421875,false,true,syntrophic_butyrate_oxidation,partial,bcd;crt;etfA;etfB;fdhA;hbd;hydA;rnfB,one_of(thl),8,9,0.9166666666666666,0.875,1.0
FW_AS_rep_2,GCA_029547385.1,0.001076883838240712,X_Me_ac,0.0,false,true,acetoclastic_ack_pta,none,ackA;pta,mcrA;one_of(cdhC|cdhD|cdhE),2,8,0.2222222222222222,0.5,0.4
FW_AS_rep_2,GCA_029547385.1,0.001076883838240712,X_Me_CO2,0.0,false,true,hydrogenotrophic_core,none,"",mcrA;one_of(fwdA);one_of(ftr);one_of(mch);one_of(mtd|mer),0,8,0.0,0.0,0.0
FW_AS_rep_2,GCA_029547385.1,0.001076883838240712,X_et,0.8,true,true,ethanol_to_acetyl_coa,medium,ackA;acs;adhE;aldh;pta,"",5,6,0.8,1.0,1.0
FW_AS_rep_2,GCA_029547385.1,0.001076883838240712,X_lac,1.0,true,true,lactate_to_pyruvate,high,lctB;lctC;lctD;pfor;rnfB,"",5,5,1.0,1.0,1.0
FW_AS_rep_2,GCA_019136455.1,0.0009918666931164452,X_ch,1.0,true,true,starch_utilization,high,agl;cazy_GH13;susC;susD,"",4,4,1.0,1.0,1.0
FW_AS_rep_2,GCA_019136455.1,0.0009918666931164452,X_pr,0.6363636363636364,true,true,proteolysis_and_peptide_import,low,dtpT;endopeptidase;extracellular_protease;pepN,"",4,7,0.6363636363636364,1.0,1.0
FW_AS_rep_2,GCA_019136455.1,0.0009918666931164452,X_li,0.16875,false,true,lipolysis,partial,esterase;fadD,one_of(lipase|lysophospholipase|acylglycerol_lipase|phospholipase),2,6,0.25,0.5,1.0
FW_AS_rep_2,GCA_019136455.1,0.0009918666931164452,X_su,0.22313131313131312,false,true,hexose_fermentation,partial,gapA;pfkA;pfor;pgi,pyk;one_of(ptsG|glcP),4,9,0.36363636363636365,0.6666666666666666,0.6666666666666666
FW_AS_rep_2,GCA_019136455.1,0.0009918666931164452,X_aa,0.6,true,true,general_amino_acid_catabolism,low,dtpT;gdh;pfor;tdcB,"",4,7,0.6,1.0,1.0
FW_AS_rep_2,GCA_019136455.1,0.0009918666931164452,X_fa,0.14884,false,true,lcfa_beta_oxidation,partial,fadA;fadD,fadE;fadB;one_of(etfA|etfB),2,6,0.4,0.4,0.4
FW_AS_rep_2,GCA_019136455.1,0.0009918666931164452,X_ac_et,0.0,false,true,ethanol_acetate_chain_initiation,none,ackA;acs;adh;pta;thl,bcd;etfA;etfB;one_of(adhE|aldh),5,12,0.4,0.42857142857142855,0.625
FW_AS_rep_2,GCA_019136455.1,0.0009918666931164452,X_ac_lac,0.0,false,true,lactate_acetate_chain_initiation,none,ackA;acs;pfor;pta;thl,bcd;etfA;etfB;lctD;one_of(lctB|lctC),5,13,0.375,0.375,0.5555555555555556
FW_AS_rep_2,GCA_019136455.1,0.0009918666931164452,X_chain_et,0.0,false,true,ethanol_reverse_beta_oxidation,none,adh;cat;thl,bcd;etfA;etfB;one_of(hbd);one_of(crt);one_of(adhE|aldh),3,10,0.3076923076923077,0.3333333333333333,0.375
FW_AS_rep_2,GCA_019136455.1,0.0009918666931164452,X_chain_lac,0.0,false,true,lactate_reverse_beta_oxidation,none,cat;pfor;thl,bcd;etfA;etfB;lctD;one_of(hbd);one_of(crt);one_of(lctB|lctC),3,11,0.2857142857142857,0.3,0.3333333333333333
FW_AS_rep_2,GCA_019136455.1,0.0009918666931164452,X_VFA_deg,0.4037946428571429,false,true,syntrophic_propionate_mmc,partial,fdhA;hydA;mmcE;mmcF;mmcG;pfor,sucC;sucD;one_of(fumB);one_of(mdh),6,10,0.7142857142857143,0.5,0.75
FW_AS_rep_2,GCA_019136455.1,0.0009918666931164452,X_Me_ac,0.0,false,true,acetoclastic_ack_pta,none,ackA;pta,mcrA;one_of(cdhC|cdhD|cdhE),2,8,0.2222222222222222,0.5,0.4
FW_AS_rep_2,GCA_019136455.1,0.0009918666931164452,X_Me_CO2,0.0,false,true,hydrogenotrophic_core,none,"",mcrA;one_of(fwdA);one_of(ftr);one_of(mch);one_of(mtd|mer),0,8,0.0,0.0,0.0
FW_AS_rep_2,GCA_019136455.1,0.0009918666931164452,X_et,0.39166666666666666,false,true,ethanol_to_acetyl_coa,partial,ackA;acs;adh;pta,one_of(adhE|aldh),4,6,0.5,0.6666666666666666,1.0
FW_AS_rep_2,GCA_019136455.1,0.0009918666931164452,X_lac,0.23010416666666667,false,true,lactate_to_pyruvate,partial,pfor;rnfB,lctD,2,5,0.375,0.6666666666666666,0.6666666666666666
FW_AS_rep_2,GCA_023415205.1,0.0009918666931164452,X_ch,0.7142857142857143,true,true,starch_utilization,medium,agl;cazy_GH13,"",2,4,0.7142857142857143,1.0,1.0
FW_AS_rep_2,GCA_023415205.1,0.0009918666931164452,X_pr,0.8181818181818182,true,true,proteolysis_and_peptide_import,medium,endopeptidase;extracellular_protease;oppA;oppB;pepO,"",5,7,0.8181818181818182,1.0,1.0
FW_AS_rep_2,GCA_023415205.1,0.0009918666931164452,X_li,0.5,true,true,lipolysis,low,acylglycerol_lipase;fadD;lysophospholipase,"",3,6,0.5,1.0,1.0
FW_AS_rep_2,GCA_023415205.1,0.0009918666931164452,X_su,0.9090909090909091,true,true,pentose_fermentation,high,adhE;gapA;pfor;pyk;xylA;xylB;xylF,"",7,8,0.9090909090909091,1.0,1.0
FW_AS_rep_2,GCA_023415205.1,0.0009918666931164452,X_aa,0.9,true,true,general_amino_acid_catabolism,high,dppA;gdh;ilvE;oppA;pfor;tdcB,"",6,7,0.9,1.0,1.0
FW_AS_rep_2,GCA_023415205.1,0.0009918666931164452,X_fa,0.046079999999999996,false,true,lcfa_beta_oxidation,partial,fadD,fadE;fadB;fadA;one_of(etfA|etfB),1,6,0.2,0.2,0.2
FW_AS_rep_2,GCA_023415205.1,0.0009918666931164452,X_ac_et,0.0,false,true,ethanol_acetate_chain_initiation,none,ackA;acs;adh;adhE;aldh;pta,thl;bcd;etfA;etfB,6,12,0.4666666666666667,0.42857142857142855,0.75
FW_AS_rep_2,GCA_023415205.1,0.0009918666931164452,X_ac_lac,0.0,false,true,lactate_acetate_chain_initiation,none,ackA;acs;pfor;pta,thl;bcd;etfA;etfB;lctD;one_of(lctB|lctC),4,13,0.25,0.25,0.4444444444444444
FW_AS_rep_2,GCA_023415205.1,0.0009918666931164452,X_chain_et,0.0,false,true,ethanol_reverse_beta_oxidation,none,adh;adhE;aldh,bcd;etfA;etfB;cat;one_of(thl);one_of(hbd);one_of(crt),3,10,0.3076923076923077,0.2222222222222222,0.375
FW_AS_rep_2,GCA_023415205.1,0.0009918666931164452,X_chain_lac,0.0,false,true,lactate_reverse_beta_oxidation,none,pfor,bcd;etfA;etfB;cat;lctD;one_of(thl);one_of(hbd);one_of(crt);one_of(lctB|lctC),1,11,0.07142857142857142,0.1,0.1111111111111111
FW_AS_rep_2,GCA_023415205.1,0.0009918666931164452,X_VFA_deg,0.22451171875,false,true,syntrophic_propionate_mmc,partial,fdhA;fumB;hydA;mdh;pfor,mmcE;mmcF;mmcG;sucC;sucD,5,10,0.5,0.375,0.625
FW_AS_rep_2,GCA_023415205.1,0.0009918666931164452,X_Me_ac,0.0,false,true,acetoclastic_ack_pta,none,ackA;cdhC;pta,mcrA,3,8,0.3333333333333333,0.75,0.6
FW_AS_rep_2,GCA_023415205.1,0.0009918666931164452,X_Me_CO2,0.0,false,true,hydrogenotrophic_core,none,fwdA,mcrA;one_of(ftr);one_of(mch);one_of(mtd|mer),1,8,0.1111111111111111,0.2,0.16666666666666666
FW_AS_rep_2,GCA_023415205.1,0.0009918666931164452,X_et,1.0,true,true,ethanol_to_acetyl_coa,high,ackA;acs;adh;adhE;aldh;pta,"",6,6,1.0,1.0,1.0
FW_AS_rep_2,GCA_023415205.1,0.0009918666931164452,X_lac,0.23010416666666667,false,true,lactate_to_pyruvate,partial,pfor;rnfB,lctD,2,5,0.375,0.6666666666666666,0.6666666666666666
FW_AS_rep_2,GCA_963695105.1,0.0009635276447416896,X_ch,0.7142857142857143,true,true,starch_utilization,medium,agl;cazy_GH13,"",2,4,0.7142857142857143,1.0,1.0
FW_AS_rep_2,GCA_963695105.1,0.0009635276447416896,X_pr,0.6470588235294118,true,true,peptide_scavenging,low,dppA;dppB;dppC;endopeptidase;oppA;oppB;pepA;pepQ,"",8,13,0.6470588235294118,1.0,1.0
FW_AS_rep_2,GCA_963695105.1,0.0009635276447416896,X_li,0.75,true,true,lipolysis,medium,acylglycerol_lipase;fadD;lipase;lysophospholipase,"",4,6,0.75,1.0,1.0
FW_AS_rep_2,GCA_963695105.1,0.0009635276447416896,X_su,0.6484848484848486,false,true,hexose_fermentation,partial,adhE;lctD;pfkA;pfor;pgi;ptsG;pyk,gapA,7,9,0.7272727272727273,0.8333333333333334,1.0
FW_AS_rep_2,GCA_963695105.1,0.0009635276447416896,X_aa,0.7,true,true,general_amino_acid_catabolism,medium,dppA;gdh;oppA;pfor;tdcB,"",5,7,0.7,1.0,1.0
FW_AS_rep_2,GCA_963695105.1,0.0009635276447416896,X_fa,1.0,true,true,lcfa_beta_oxidation,high,etfA;etfB;fadA;fadB;fadD;fadE,"",6,6,1.0,1.0,1.0
FW_AS_rep_2,GCA_963695105.1,0.0009635276447416896,X_ac_et,0.9333333333333333,true,true,ethanol_acetate_chain_initiation,high,ackA;acs;adh;adhE;bcd;crt;etfA;etfB;hbd;pta;thl,"",11,12,0.9333333333333333,1.0,1.0
FW_AS_rep_2,GCA_963695105.1,0.0009635276447416896,X_ac_lac,1.0,true,true,lactate_acetate_chain_initiation,high,ackA;acs;bcd;crt;etfA;etfB;hbd;lctB;lctC;lctD;pfor;pta;thl,"",13,13,1.0,1.0,1.0
FW_AS_rep_2,GCA_963695105.1,0.0009635276447416896,X_chain_et,0.9230769230769231,true,true,ethanol_reverse_beta_oxidation,high,adh;adhE;bcd;cat;crt;etfA;etfB;hbd;thl,"",9,10,0.9230769230769231,1.0,1.0
FW_AS_rep_2,GCA_963695105.1,0.0009635276447416896,X_chain_lac,1.0,true,true,lactate_reverse_beta_oxidation,high,bcd;cat;crt;etfA;etfB;hbd;lctB;lctC;lctD;pfor;thl,"",11,11,1.0,1.0,1.0
FW_AS_rep_2,GCA_963695105.1,0.0009635276447416896,X_VFA_deg,1.0,true,true,syntrophic_propionate_mmc,high,fdhA;fumB;hydA;mdh;mmcE;mmcF;mmcG;pfor;sucC;sucD,"",10,10,1.0,1.0,1.0
FW_AS_rep_2,GCA_963695105.1,0.0009635276447416896,X_Me_ac,0.0,false,true,acetoclastic_ack_pta,none,ackA;cdhC;pta,mcrA,3,8,0.3333333333333333,0.75,0.6
FW_AS_rep_2,GCA_963695105.1,0.0009635276447416896,X_Me_CO2,0.0,false,true,hydrogenotrophic_core,none,fwdA,mcrA;one_of(ftr);one_of(mch);one_of(mtd|mer),1,8,0.1111111111111111,0.2,0.16666666666666666
FW_AS_rep_2,GCA_963695105.1,0.0009635276447416896,X_et,0.8,true,true,ethanol_to_acetyl_coa,medium,ackA;acs;adh;adhE;pta,"",5,6,0.8,1.0,1.0
FW_AS_rep_2,GCA_963695105.1,0.0009635276447416896,X_lac,1.0,true,true,lactate_to_pyruvate,high,lctB;lctC;lctD;pfor;rnfB,"",5,5,1.0,1.0,1.0
FW_AS_rep_2,GCA_029547845.1,0.000935188596366934,X_ch,0.8571428571428571,true,true,starch_utilization,medium,agl;cazy_GH13;susC,"",3,4,0.8571428571428571,1.0,1.0
FW_AS_rep_2,GCA_029547845.1,0.000935188596366934,X_pr,0.6363636363636364,true,true,proteolysis_and_peptide_import,low,dtpT;endopeptidase;extracellular_protease;pepN,"",4,7,0.6363636363636364,1.0,1.0
FW_AS_rep_2,GCA_029547845.1,0.000935188596366934,X_li,0.4166666666666667,true,true,lipolysis,low,acylglycerol_lipase;esterase;fadD,"",3,6,0.4166666666666667,1.0,1.0
FW_AS_rep_2,GCA_029547845.1,0.000935188596366934,X_su,0.6484848484848486,false,true,hexose_fermentation,partial,adhE;gapA;glcP;lctD;pfkA;pfor;pyk,pgi,7,9,0.7272727272727273,0.8333333333333334,1.0
FW_AS_rep_2,GCA_029547845.1,0.000935188596366934,X_aa,0.6,true,true,general_amino_acid_catabolism,low,dtpT;ilvE;pfor;tdcB,"",4,7,0.6,1.0,1.0
FW_AS_rep_2,GCA_029547845.1,0.000935188596366934,X_fa,1.0,true,true,lcfa_beta_oxidation,high,etfA;etfB;fadA;fadB;fadD;fadE,"",6,6,1.0,1.0,1.0
FW_AS_rep_2,GCA_029547845.1,0.000935188596366934,X_ac_et,0.0,false,true,ethanol_acetate_chain_initiation,none,ackA;acs;adh;adhE;crt;etfA;etfB;pta;thl,bcd,9,12,0.7333333333333333,0.8571428571428571,1.0
FW_AS_rep_2,GCA_029547845.1,0.000935188596366934,X_ac_lac,0.0,false,true,lactate_acetate_chain_initiation,none,ackA;acs;crt;etfA;etfB;lctB;lctC;lctD;pfor;pta;thl,bcd,11,13,0.8125,0.875,1.0
FW_AS_rep_2,GCA_029547845.1,0.000935188596366934,X_chain_et,0.0,false,true,ethanol_reverse_beta_oxidation,none,adh;adhE;crt;etfA;etfB;thl,bcd;cat;one_of(hbd),6,10,0.5384615384615384,0.6666666666666666,0.75
FW_AS_rep_2,GCA_029547845.1,0.000935188596366934,X_chain_lac,0.0,false,true,lactate_reverse_beta_oxidation,none,crt;etfA;etfB;lctB;lctC;lctD;pfor;thl,bcd;cat;one_of(hbd),8,11,0.6428571428571429,0.7,0.8888888888888888
FW_AS_rep_2,GCA_029547845.1,0.000935188596366934,X_VFA_deg,0.628125,false,true,syntrophic_butyrate_oxidation,partial,crt;etfA;etfB;fdhA;hydA;rnfB;thl,bcd;one_of(hbd),7,9,0.75,0.75,1.0
FW_AS_rep_2,GCA_029547845.1,0.000935188596366934,X_Me_ac,0.0,false,true,acetoclastic_ack_pta,none,ackA;pta,mcrA;one_of(cdhC|cdhD|cdhE),2,8,0.2222222222222222,0.5,0.4
FW_AS_rep_2,GCA_029547845.1,0.000935188596366934,X_Me_CO2,0.0,false,true,hydrogenotrophic_core,none,"",mcrA;one_of(fwdA);one_of(ftr);one_of(mch);one_of(mtd|mer),0,8,0.0,0.0,0.0
FW_AS_rep_2,GCA_029547845.1,0.000935188596366934,X_et,0.8,true,true,ethanol_to_acetyl_coa,medium,ackA;acs;adh;adhE;pta,"",5,6,0.8,1.0,1.0
FW_AS_rep_2,GCA_029547845.1,0.000935188596366934,X_lac,1.0,true,true,lactate_to_pyruvate,high,lctB;lctC;lctD;pfor;rnfB,"",5,5,1.0,1.0,1.0
FW_AS_rep_2,GCA_040771935.1,0.0009068495479921784,X_ch,0.5714285714285714,false,true,starch_utilization,partial,cazy_GH13;susC,"",2,4,0.5714285714285714,1.0,1.0
FW_AS_rep_2,GCA_040771935.1,0.0009068495479921784,X_pr,0.5294117647058824,true,true,peptide_scavenging,low,dppA;dppB;dppC;oppA;oppB;pepA;pepQ,"",7,13,0.5294117647058824,1.0,1.0
FW_AS_rep_2,GCA_040771935.1,0.0009068495479921784,X_li,0.0759375,false,true,lipolysis,partial,fadD,one_of(lipase|lysophospholipase|acylglycerol_lipase|phospholipase),1,6,0.16666666666666666,0.5,0.5
FW_AS_rep_2,GCA_040771935.1,0.0009068495479921784,X_su,0.48636363636363633,false,true,hexose_fermentation,partial,adhE;gapA;pfkA;pfor;pgi;pyk,one_of(ptsG|glcP),6,9,0.5454545454545454,0.8333333333333334,1.0
FW_AS_rep_2,GCA_040771935.1,0.0009068495479921784,X_aa,1.0,true,true,glycine_stickland,high,grdA;grdB;oppA;oppB;pfor,"",5,5,1.0,1.0,1.0
FW_AS_rep_2,GCA_040771935.1,0.0009068495479921784,X_fa,0.38628,false,true,lcfa_beta_oxidation,partial,etfA;etfB;fadA;fadD,fadE;fadB,4,6,0.6,0.6,0.8
FW_AS_rep_2,GCA_040771935.1,0.0009068495479921784,X_ac_et,0.0,false,true,ethanol_acetate_chain_initiation,none,ackA;acs;adhE;crt;etfA;etfB;pta;thl,bcd,8,12,0.6666666666666666,0.8571428571428571,1.0
FW_AS_rep_2,GCA_040771935.1,0.0009068495479921784,X_ac_lac,0.0,false,true,lactate_acetate_chain_initiation,none,ackA;acs;crt;etfA;etfB;pfor;pta;thl,bcd;lctD;one_of(lctB|lctC),8,13,0.5625,0.625,0.8888888888888888
FW_AS_rep_2,GCA_040771935.1,0.0009068495479921784,X_chain_et,0.0,false,true,ethanol_reverse_beta_oxidation,none,adhE;cat;crt;etfA;etfB;thl,bcd;one_of(hbd),6,10,0.6153846153846154,0.7777777777777778,0.75
FW_AS_rep_2,GCA_040771935.1,0.0009068495479921784,X_chain_lac,0.0,false,true,lactate_reverse_beta_oxidation,none,cat;crt;etfA;etfB;pfor;thl,bcd;lctD;one_of(hbd);one_of(lctB|lctC),6,11,0.5,0.6,0.6666666666666666
FW_AS_rep_2,GCA_040771935.1,0.0009068495479921784,X_VFA_deg,0.628125,false,true,syntrophic_butyrate_oxidation,partial,crt;etfA;etfB;fdhA;hydA;rnfB;thl,bcd;one_of(hbd),7,9,0.75,0.75,1.0
FW_AS_rep_2,GCA_040771935.1,0.0009068495479921784,X_Me_ac,0.0,false,true,acetoclastic_ack_pta,none,ackA;cdhC;pta,mcrA,3,8,0.3333333333333333,0.75,0.6
FW_AS_rep_2,GCA_040771935.1,0.0009068495479921784,X_Me_CO2,0.0,false,true,hydrogenotrophic_core,none,fwdA,mcrA;one_of(ftr);one_of(mch);one_of(mtd|mer),1,8,0.1111111111111111,0.2,0.16666666666666666
FW_AS_rep_2,GCA_040771935.1,0.0009068495479921784,X_et,0.6,true,true,ethanol_to_acetyl_coa,low,ackA;acs;adhE;pta,"",4,6,0.6,1.0,1.0
FW_AS_rep_2,GCA_040771935.1,0.0009068495479921784,X_lac,0.23010416666666667,false,true,lactate_to_pyruvate,partial,pfor;rnfB,lctD,2,5,0.375,0.6666666666666666,0.6666666666666666
FW_AS_rep_2,GCA_963733465.1,0.0008785104996174228,X_ch,0.7142857142857143,true,true,starch_utilization,medium,agl;cazy_GH13,"",2,4,0.7142857142857143,1.0,1.0
FW_AS_rep_2,GCA_963733465.1,0.0008785104996174228,X_pr,0.5454545454545454,true,true,proteolysis_and_peptide_import,low,endopeptidase;oppA;pepN;pepO,"",4,7,0.5454545454545454,1.0,1.0
FW_AS_rep_2,GCA_963733465.1,0.0008785104996174228,X_li,0.8333333333333334,true,true,lipolysis,medium,acylglycerol_lipase;esterase;fadD;lipase;lysophospholipase,"",5,6,0.8333333333333334,1.0,1.0
FW_AS_rep_2,GCA_963733465.1,0.0008785104996174228,X_su,0.6692307692307693,false,true,entner_doudoroff,partial,adhE;eda;edd;gapA;lctD;pfor,one_of(ptsG|glcP),6,9,0.7692307692307693,0.8,1.0
FW_AS_rep_2,GCA_963733465.1,0.0008785104996174228,X_aa,0.9,true,true,general_amino_acid_catabolism,high,dppA;gdh;ilvE;oppA;pfor;tdcB,"",6,7,0.9,1.0,1.0
FW_AS_rep_2,GCA_963733465.1,0.0008785104996174228,X_fa,1.0,true,true,lcfa_beta_oxidation,high,etfA;etfB;fadA;fadB;fadD;fadE,"",6,6,1.0,1.0,1.0
FW_AS_rep_2,GCA_963733465.1,0.0008785104996174228,X_ac_et,0.9333333333333333,true,true,ethanol_acetate_chain_initiation,high,ackA;acs;adh;adhE;bcd;crt;etfA;etfB;hbd;pta;thl,"",11,12,0.9333333333333333,1.0,1.0
FW_AS_rep_2,GCA_963733465.1,0.0008785104996174228,X_ac_lac,1.0,true,true,lactate_acetate_chain_initiation,high,ackA;acs;bcd;crt;etfA;etfB;hbd;lctB;lctC;lctD;pfor;pta;thl,"",13,13,1.0,1.0,1.0
FW_AS_rep_2,GCA_963733465.1,0.0008785104996174228,X_chain_et,0.0,false,true,ethanol_reverse_beta_oxidation,none,adh;adhE;bcd;crt;etfA;etfB;hbd;thl,cat,8,10,0.7692307692307693,0.8888888888888888,1.0
FW_AS_rep_2,GCA_963733465.1,0.0008785104996174228,X_chain_lac,0.0,false,true,lactate_reverse_beta_oxidation,none,bcd;crt;etfA;etfB;hbd;lctB;lctC;lctD;pfor;thl,cat,10,11,0.8571428571428571,0.9,1.0
FW_AS_rep_2,GCA_963733465.1,0.0008785104996174228,X_VFA_deg,1.0,true,true,syntrophic_butyrate_oxidation,high,bcd;crt;etfA;etfB;fdhA;hbd;hydA;rnfB;thl,"",9,9,1.0,1.0,1.0
FW_AS_rep_2,GCA_963733465.1,0.0008785104996174228,X_Me_ac,0.0,false,true,acetoclastic_ack_pta,none,ackA;cdhC;pta,mcrA,3,8,0.3333333333333333,0.75,0.6
FW_AS_rep_2,GCA_963733465.1,0.0008785104996174228,X_Me_CO2,0.0,false,true,hydrogenotrophic_core,none,fwdA,mcrA;one_of(ftr);one_of(mch);one_of(mtd|mer),1,8,0.1111111111111111,0.2,0.16666666666666666
FW_AS_rep_2,GCA_963733465.1,0.0008785104996174228,X_et,0.8,true,true,ethanol_to_acetyl_coa,medium,ackA;acs;adh;adhE;pta,"",5,6,0.8,1.0,1.0
FW_AS_rep_2,GCA_963733465.1,0.0008785104996174228,X_lac,1.0,true,true,lactate_to_pyruvate,high,lctB;lctC;lctD;pfor;rnfB,"",5,5,1.0,1.0,1.0
FW_AS_rep_2,GCA_041910895.1,0.0008501714512426673,X_ch,0.06508928571428572,false,true,starch_utilization,partial,susC,cazy_GH13,1,4,0.14285714285714285,0.5,0.5
FW_AS_rep_2,GCA_041910895.1,0.0008501714512426673,X_pr,0.6470588235294118,true,true,peptide_scavenging,low,dppA;dtpT;endopeptidase;oppA;pepA;pepN;pepQ,"",7,13,0.6470588235294118,1.0,1.0
FW_AS_rep_2,GCA_041910895.1,0.0008501714512426673,X_li,0.75,true,true,lipolysis,medium,acylglycerol_lipase;fadD;lipase;lysophospholipase,"",4,6,0.75,1.0,1.0
FW_AS_rep_2,GCA_041910895.1,0.0008501714512426673,X_su,0.7692307692307693,true,true,entner_doudoroff,medium,adhE;eda;edd;gapA;glcP;pyk,"",6,9,0.7692307692307693,1.0,1.0
FW_AS_rep_2,GCA_041910895.1,0.0008501714512426673,X_aa,0.705,false,true,general_amino_acid_catabolism,partial,dppA;dtpT;gdh;ilvE;oppA;tdcB,one_of(pfor),6,7,0.9,0.6666666666666666,1.0
FW_AS_rep_2,GCA_041910895.1,0.0008501714512426673,X_fa,1.0,true,true,lcfa_beta_oxidation,high,etfA;etfB;fadA;fadB;fadD;fadE,"",6,6,1.0,1.0,1.0
FW_AS_rep_2,GCA_041910895.1,0.0008501714512426673,X_ac_et,0.9333333333333333,true,true,ethanol_acetate_chain_initiation,high,ackA;acs;adh;adhE;aldh;bcd;crt;etfA;etfB;hbd;thl,"",11,12,0.9333333333333333,1.0,1.0
FW_AS_rep_2,GCA_041910895.1,0.0008501714512426673,X_ac_lac,0.0,false,true,lactate_acetate_chain_initiation,none,ackA;acs;bcd;crt;etfA;etfB;hbd;thl,lctD;one_of(lctB|lctC);one_of(pfor),8,13,0.625,0.625,0.8888888888888888
FW_AS_rep_2,GCA_041910895.1,0.0008501714512426673,X_chain_et,1.0,true,true,ethanol_reverse_beta_oxidation,high,adh;adhE;aldh;bcd;cat;crt;etfA;etfB;hbd;thl,"",10,10,1.0,1.0,1.0
FW_AS_rep_2,GCA_041910895.1,0.0008501714512426673,X_chain_lac,0.0,false,true,lactate_reverse_beta_oxidation,none,bcd;cat;crt;etfA;etfB;hbd;thl,lctD;one_of(lctB|lctC);one_of(pfor),7,11,0.6428571428571429,0.7,0.7777777777777778
FW_AS_rep_2,GCA_041910895.1,0.0008501714512426673,X_VFA_deg,1.0,true,true,syntrophic_butyrate_oxidation,high,bcd;crt;etfA;etfB;fdhA;hbd;hydA;rnfB;thl,"",9,9,1.0,1.0,1.0
FW_AS_rep_2,GCA_041910895.1,0.0008501714512426673,X_Me_ac,0.0,false,true,acetoclastic_ack_pta,none,ackA,mcrA;pta;one_of(cdhC|cdhD|cdhE),1,8,0.1111111111111111,0.25,0.2
FW_AS_rep_2,GCA_041910895.1,0.0008501714512426673,X_Me_CO2,0.0,false,true,hydrogenotrophic_core,none,mer,mcrA;one_of(fwdA);one_of(ftr);one_of(mch),1,8,0.1111111111111111,0.2,0.16666666666666666
FW_AS_rep_2,GCA_041910895.1,0.0008501714512426673,X_et,0.9,true,true,ethanol_to_acetyl_coa,high,ackA;acs;adh;adhE;aldh,"",5,6,0.9,1.0,1.0
FW_AS_rep_2,GCA_041910895.1,0.0008501714512426673,X_lac,0.040138888888888884,false,true,lactate_to_pyruvate,partial,rnfB,lctD;pfor,1,5,0.125,0.3333333333333333,0.3333333333333333
FW_AS_rep_2,GCA_040776045.1,0.0008501714512426673,X_ch,1.0,true,true,pectin_utilization,high,cazy_CE8;cazy_GH43;cazy_PL1;susC;susD,"",5,5,1.0,1.0,1.0
FW_AS_rep_2,GCA_040776045.1,0.0008501714512426673,X_pr,0.6363636363636364,true,true,proteolysis_and_peptide_import,low,dtpT;endopeptidase;extracellular_protease;pepO,"",4,7,0.6363636363636364,1.0,1.0
FW_AS_rep_2,GCA_040776045.1,0.0008501714512426673,X_li,0.4166666666666667,true,true,lipolysis,low,esterase;fadD;lysophospholipase,"",3,6,0.4166666666666667,1.0,1.0
FW_AS_rep_2,GCA_040776045.1,0.0008501714512426673,X_su,0.8461538461538461,true,true,entner_doudoroff,medium,adhE;eda;edd;gapA;glcP;pfor;ptsG,"",7,9,0.8461538461538461,1.0,1.0
FW_AS_rep_2,GCA_040776045.1,0.0008501714512426673,X_aa,0.8,true,true,general_amino_acid_catabolism,medium,dtpT;gdh;ilvE;pfor;tdcB,"",5,7,0.8,1.0,1.0
FW_AS_rep_2,GCA_040776045.1,0.0008501714512426673,X_fa,0.38628,false,true,lcfa_beta_oxidation,partial,etfA;etfB;fadD;fadE,fadB;fadA,4,6,0.6,0.6,0.8
FW_AS_rep_2,GCA_040776045.1,0.0008501714512426673,X_ac_et,0.0,false,true,ethanol_acetate_chain_initiation,none,ackA;acs;adh;adhE;bcd;etfA;etfB;pta,thl,8,12,0.6666666666666666,0.8571428571428571,1.0
FW_AS_rep_2,GCA_040776045.1,0.0008501714512426673,X_ac_lac,0.0,false,true,lactate_acetate_chain_initiation,none,ackA;acs;bcd;etfA;etfB;lctB;lctC;pfor;pta,thl;lctD,9,13,0.625,0.75,1.0
FW_AS_rep_2,GCA_040776045.1,0.0008501714512426673,X_chain_et,0.0,false,true,ethanol_reverse_beta_oxidation,none,adh;adhE;bcd;etfA;etfB,cat;one_of(thl);one_of(hbd);one_of(crt),5,10,0.5384615384615384,0.5555555555555556,0.625
FW_AS_rep_2,GCA_040776045.1,0.0008501714512426673,X_chain_lac,0.0,false,true,lactate_reverse_beta_oxidation,none,bcd;etfA;etfB;lctB;lctC;pfor,cat;lctD;one_of(thl);one_of(hbd);one_of(crt),6,11,0.5,0.5,0.6666666666666666
FW_AS_rep_2,GCA_040776045.1,0.0008501714512426673,X_VFA_deg,0.5459179687499999,false,true,syntrophic_propionate_mmc,partial,fdhA;fumB;hydA;mdh;mmcE;mmcF;pfor,mmcG;sucC;sucD,7,10,0.7857142857142857,0.625,0.875
FW_AS_rep_2,GCA_040776045.1,0.0008501714512426673,X_Me_ac,0.0,false,true,acetoclastic_ack_pta,none,ackA;pta,mcrA;one_of(cdhC|cdhD|cdhE),2,8,0.2222222222222222,0.5,0.4
FW_AS_rep_2,GCA_040776045.1,0.0008501714512426673,X_Me_CO2,0.0,false,true,hydrogenotrophic_core,none,"",mcrA;one_of(fwdA);one_of(ftr);one_of(mch);one_of(mtd|mer),0,8,0.0,0.0,0.0
FW_AS_rep_2,GCA_040776045.1,0.0008501714512426673,X_et,0.8,true,true,ethanol_to_acetyl_coa,medium,ackA;acs;adh;adhE;pta,"",5,6,0.8,1.0,1.0
FW_AS_rep_2,GCA_040776045.1,0.0008501714512426673,X_lac,0.4895833333333333,false,true,lactate_to_pyruvate,partial,lctB;lctC;pfor;rnfB,lctD,4,5,0.625,0.6666666666666666,1.0
FW_AS_rep_2,GCA_943367845.1,0.0008501714512426673,X_ch,0.8571428571428571,true,true,starch_utilization,medium,agl;cazy_GH13;susC,"",3,4,0.8571428571428571,1.0,1.0
FW_AS_rep_2,GCA_943367845.1,0.0008501714512426673,X_pr,0.6363636363636364,true,true,proteolysis_and_peptide_import,low,extracellular_protease;oppA;oppB;pepN,"",4,7,0.6363636363636364,1.0,1.0
FW_AS_rep_2,GCA_943367845.1,0.0008501714512426673,X_li,0.75,true,true,lipolysis,medium,acylglycerol_lipase;esterase;fadD;lysophospholipase;phospholipase,"",5,6,0.75,1.0,1.0
FW_AS_rep_2,GCA_943367845.1,0.0008501714512426673,X_su,0.9090909090909091,true,true,pentose_fermentation,high,adhE;gapA;pfor;pyk;xylA;xylB;xylF,"",7,8,0.9090909090909091,1.0,1.0
FW_AS_rep_2,GCA_943367845.1,0.0008501714512426673,X_aa,0.9,true,true,general_amino_acid_catabolism,high,dppA;gdh;ilvE;oppA;pfor;tdcB,"",6,7,0.9,1.0,1.0
FW_AS_rep_2,GCA_943367845.1,0.0008501714512426673,X_fa,1.0,true,true,lcfa_beta_oxidation,high,etfA;etfB;fadA;fadB;fadD;fadE,"",6,6,1.0,1.0,1.0
FW_AS_rep_2,GCA_943367845.1,0.0008501714512426673,X_ac_et,0.9333333333333333,true,true,ethanol_acetate_chain_initiation,high,acs;adh;adhE;aldh;bcd;crt;etfA;etfB;hbd;pta;thl,"",11,12,0.9333333333333333,1.0,1.0
FW_AS_rep_2,GCA_943367845.1,0.0008501714512426673,X_ac_lac,0.0,false,true,lactate_acetate_chain_initiation,none,acs;bcd;crt;etfA;etfB;hbd;lctB;lctC;pfor;pta;thl,lctD,11,13,0.8125,0.875,1.0
FW_AS_rep_2,GCA_943367845.1,0.0008501714512426673,X_chain_et,1.0,true,true,ethanol_reverse_beta_oxidation,high,adh;adhE;aldh;bcd;cat;crt;etfA;etfB;hbd;thl,"",10,10,1.0,1.0,1.0
FW_AS_rep_2,GCA_943367845.1,0.0008501714512426673,X_chain_lac,0.0,false,true,lactate_reverse_beta_oxidation,none,bcd;cat;crt;etfA;etfB;hbd;lctB;lctC;pfor;thl,lctD,10,11,0.8571428571428571,0.9,1.0
FW_AS_rep_2,GCA_943367845.1,0.0008501714512426673,X_VFA_deg,1.0,true,true,syntrophic_propionate_mmc,high,fdhA;fumB;hydA;mdh;mmcE;mmcF;mmcG;pfor;sucC;sucD,"",10,10,1.0,1.0,1.0
FW_AS_rep_2,GCA_943367845.1,0.0008501714512426673,X_Me_ac,0.0,false,true,acetoclastic_ack_pta,none,cdhC;pta,mcrA;ackA,2,8,0.2222222222222222,0.5,0.4
FW_AS_rep_2,GCA_943367845.1,0.0008501714512426673,X_Me_CO2,0.0,false,true,hydrogenotrophic_core,none,ftr;fwdA;mch,mcrA;one_of(mtd|mer),3,8,0.3333333333333333,0.6,0.5
FW_AS_rep_2,GCA_943367845.1,0.0008501714512426673,X_et,0.9,true,true,ethanol_to_acetyl_coa,high,acs;adh;adhE;aldh;pta,"",5,6,0.9,1.0,1.0
FW_AS_rep_2,GCA_943367845.1,0.0008501714512426673,X_lac,0.4895833333333333,false,true,lactate_to_pyruvate,partial,lctB;lctC;pfor;rnfB,lctD,4,5,0.625,0.6666666666666666,1.0
FW_AS_rep_2,GCA_022708305.1,0.0008218324028679117,X_ch,1.0,true,true,starch_utilization,high,agl;cazy_GH13;susC;susD,"",4,4,1.0,1.0,1.0
FW_AS_rep_2,GCA_022708305.1,0.0008218324028679117,X_pr,0.47058823529411764,true,true,peptide_scavenging,low,dtpT;endopeptidase;pepD;pepN;pepQ;pepT,"",6,13,0.47058823529411764,1.0,1.0
FW_AS_rep_2,GCA_022708305.1,0.0008218324028679117,X_li,0.3333333333333333,false,true,lipolysis,partial,acylglycerol_lipase;fadD,"",2,6,0.3333333333333333,1.0,1.0
FW_AS_rep_2,GCA_022708305.1,0.0008218324028679117,X_su,0.31748737373737373,false,true,hexose_fermentation,partial,adhE;gapA;pfkA;pfor;pgi,pyk;one_of(ptsG|glcP),5,9,0.45454545454545453,0.6666666666666666,0.8333333333333334
FW_AS_rep_2,GCA_022708305.1,0.0008218324028679117,X_aa,0.6,true,true,general_amino_acid_catabolism,low,dtpT;gdh;pfor;tdcB,"",4,7,0.6,1.0,1.0
FW_AS_rep_2,GCA_022708305.1,0.0008218324028679117,X_fa,0.6960000000000001,false,true,lcfa_beta_oxidation,partial,etfA;etfB;fadA;fadD;fadE,fadB,5,6,0.8,0.8,1.0
FW_AS_rep_2,GCA_022708305.1,0.0008218324028679117,X_ac_et,0.8,true,true,ethanol_acetate_chain_initiation,medium,ackA;acs;adh;adhE;bcd;etfA;etfB;pta;thl,"",9,12,0.8,1.0,1.0
FW_AS_rep_2,GCA_022708305.1,0.0008218324028679117,X_ac_lac,0.0,false,true,lactate_acetate_chain_initiation,none,ackA;acs;bcd;etfA;etfB;lctB;pfor;pta;thl,lctD,9,13,0.6875,0.875,1.0
FW_AS_rep_2,GCA_022708305.1,0.0008218324028679117,X_chain_et,0.0,false,true,ethanol_reverse_beta_oxidation,none,adh;adhE;bcd;cat;etfA;etfB;thl,one_of(hbd);one_of(crt),7,10,0.7692307692307693,0.7777777777777778,0.875
FW_AS_rep_2,GCA_022708305.1,0.0008218324028679117,X_chain_lac,0.0,false,true,lactate_reverse_beta_oxidation,none,bcd;cat;etfA;etfB;lctB;pfor;thl,lctD;one_of(hbd);one_of(crt),7,11,0.6428571428571429,0.7,0.7777777777777778
FW_AS_rep_2,GCA_022708305.1,0.0008218324028679117,X_VFA_deg,0.6979166666666667,false,true,syntrophic_butyrate_oxidation,partial,bcd;etfA;etfB;fdhA;hydA;rnfB;thl,one_of(hbd);one_of(crt),7,9,0.8333333333333334,0.75,1.0
FW_AS_rep_2,GCA_022708305.1,0.0008218324028679117,X_Me_ac,0.0,false,true,acetoclastic_ack_pta,none,ackA;pta,mcrA;one_of(cdhC|cdhD|cdhE),2,8,0.2222222222222222,0.5,0.4
FW_AS_rep_2,GCA_022708305.1,0.0008218324028679117,X_Me_CO2,0.0,false,true,hydrogenotrophic_core,none,fwdA,mcrA;one_of(ftr);one_of(mch);one_of(mtd|mer),1,8,0.1111111111111111,0.2,0.16666666666666666
FW_AS_rep_2,GCA_022708305.1,0.0008218324028679117,X_et,0.8,true,true,ethanol_to_acetyl_coa,medium,ackA;acs;adh;adhE;pta,"",5,6,0.8,1.0,1.0
FW_AS_rep_2,GCA_022708305.1,0.0008218324028679117,X_lac,0.39166666666666666,false,true,lactate_to_pyruvate,partial,lctB;pfor;rnfB,lctD,3,5,0.5,0.6666666666666666,1.0
FW_AS_rep_2,GCA_044351045.1,0.0007934933544931561,X_ch,0.5714285714285714,false,true,starch_utilization,partial,cazy_GH13;susC,"",2,4,0.5714285714285714,1.0,1.0
FW_AS_rep_2,GCA_044351045.1,0.0007934933544931561,X_pr,0.8181818181818182,true,true,proteolysis_and_peptide_import,medium,endopeptidase;extracellular_protease;oppA;oppB;pepN,"",5,7,0.8181818181818182,1.0,1.0
FW_AS_rep_2,GCA_044351045.1,0.0007934933544931561,X_li,0.5,true,true,lipolysis,low,acylglycerol_lipase;fadD;lysophospholipase,"",3,6,0.5,1.0,1.0
FW_AS_rep_2,GCA_044351045.1,0.0007934933544931561,X_su,0.3613952020202021,false,true,hexose_fermentation,partial,adhE;gapA;pfkA;pgi;pyk,one_of(ptsG|glcP),5,9,0.45454545454545453,0.8333333333333334,0.8333333333333334
FW_AS_rep_2,GCA_044351045.1,0.0007934933544931561,X_aa,0.47,false,true,general_amino_acid_catabolism,partial,dppA;ilvE;oppA;tdcB,one_of(pfor),4,7,0.6,0.6666666666666666,1.0
FW_AS_rep_2,GCA_044351045.1,0.0007934933544931561,X_fa,0.046079999999999996,false,true,lcfa_beta_oxidation,partial,fadD,fadE;fadB;fadA;one_of(etfA|etfB),1,6,0.2,0.2,0.2
FW_AS_rep_2,GCA_044351045.1,0.0007934933544931561,X_ac_et,0.0,false,true,ethanol_acetate_chain_initiation,none,ackA;acs;adh;adhE;aldh;crt;pta,thl;bcd;etfA;etfB,7,12,0.5333333333333333,0.42857142857142855,0.875
FW_AS_rep_2,GCA_044351045.1,0.0007934933544931561,X_ac_lac,0.0,false,true,lactate_acetate_chain_initiation,none,ackA;acs;crt;lctB;lctC;pta,thl;bcd;etfA;etfB;lctD;one_of(pfor),6,13,0.375,0.25,0.6666666666666666
FW_AS_rep_2,GCA_044351045.1,0.0007934933544931561,X_chain_et,0.0,false,true,ethanol_reverse_beta_oxidation,none,adh;adhE;aldh;crt,bcd;etfA;etfB;cat;one_of(thl);one_of(hbd),4,10,0.38461538461538464,0.3333333333333333,0.5
FW_AS_rep_2,GCA_044351045.1,0.0007934933544931561,X_chain_lac,0.0,false,true,lactate_reverse_beta_oxidation,none,crt;lctB;lctC,bcd;etfA;etfB;cat;lctD;one_of(thl);one_of(hbd);one_of(pfor),3,11,0.21428571428571427,0.2,0.3333333333333333
FW_AS_rep_2,GCA_044351045.1,0.0007934933544931561,X_VFA_deg,0.255234375,false,true,syntrophic_propionate_mmc,partial,fdhA;hydA;mdh;sucC;sucD,mmcE;mmcF;mmcG;one_of(fumB),5,10,0.5,0.5,0.625
FW_AS_rep_2,GCA_044351045.1,0.0007934933544931561,X_Me_ac,0.0,false,true,acetoclastic_ack_pta,none,ackA;cdhC;pta,mcrA,3,8,0.3333333333333333,0.75,0.6
FW_AS_rep_2,GCA_044351045.1,0.0007934933544931561,X_Me_CO2,0.0,false,true,hydrogenotrophic_core,none,ftr;fwdA;mch,mcrA;one_of(mtd|mer),3,8,0.3333333333333333,0.6,0.5
FW_AS_rep_2,GCA_044351045.1,0.0007934933544931561,X_et,1.0,true,true,ethanol_to_acetyl_coa,high,ackA;acs;adh;adhE;aldh;pta,"",6,6,1.0,1.0,1.0
FW_AS_rep_2,GCA_044351045.1,0.0007934933544931561,X_lac,0.2125,false,true,lactate_to_pyruvate,partial,lctB;lctC;rnfB,lctD;pfor,3,5,0.375,0.3333333333333333,1.0
FW_AS_rep_2,GCA_033809735.1,0.0007651543061184006,X_ch,0.23010416666666667,false,true,cellulose_utilization,partial,bgl;cazy_GH9,one_of(cazy_CBM3|cazy_GH48),2,5,0.375,0.6666666666666666,0.6666666666666666
FW_AS_rep_2,GCA_033809735.1,0.0007651543061184006,X_pr,0.6470588235294118,true,true,peptide_scavenging,low,dppA;dppB;dppC;endopeptidase;oppA;oppB;pepQ;pepT,"",8,13,0.6470588235294118,1.0,1.0
FW_AS_rep_2,GCA_033809735.1,0.0007651543061184006,X_li,0.3333333333333333,false,true,lipolysis,partial,acylglycerol_lipase;fadD,"",2,6,0.3333333333333333,1.0,1.0
FW_AS_rep_2,GCA_033809735.1,0.0007651543061184006,X_su,0.6692307692307693,false,true,entner_doudoroff,partial,adhE;eda;edd;gapA;pfor;pyk,one_of(ptsG|glcP),6,9,0.7692307692307693,0.8,1.0
FW_AS_rep_2,GCA_033809735.1,0.0007651543061184006,X_aa,0.5,true,true,general_amino_acid_catabolism,low,dppA;ilvE;oppA;pfor,"",4,7,0.5,1.0,1.0
FW_AS_rep_2,GCA_033809735.1,0.0007651543061184006,X_fa,0.046079999999999996,false,true,lcfa_beta_oxidation,partial,fadD,fadE;fadB;fadA;one_of(etfA|etfB),1,6,0.2,0.2,0.2
FW_AS_rep_2,GCA_033809735.1,0.0007651543061184006,X_ac_et,0.0,false,true,ethanol_acetate_chain_initiation,none,ackA;acs;adhE;pta,thl;bcd;etfA;etfB,4,12,0.3333333333333333,0.42857142857142855,0.5
FW_AS_rep_2,GCA_033809735.1,0.0007651543061184006,X_ac_lac,0.0,false,true,lactate_acetate_chain_initiation,none,ackA;acs;pfor;pta,thl;bcd;etfA;etfB;lctD;one_of(lctB|lctC),4,13,0.25,0.25,0.4444444444444444
FW_AS_rep_2,GCA_033809735.1,0.0007651543061184006,X_chain_et,0.0,false,true,ethanol_reverse_beta_oxidation,none,adhE,bcd;etfA;etfB;cat;one_of(thl);one_of(hbd);one_of(crt),1,10,0.15384615384615385,0.2222222222222222,0.125
FW_AS_rep_2,GCA_033809735.1,0.0007651543061184006,X_chain_lac,0.0,false,true,lactate_reverse_beta_oxidation,none,pfor,bcd;etfA;etfB;cat;lctD;one_of(thl);one_of(hbd);one_of(crt);one_of(lctB|lctC),1,11,0.07142857142857142,0.1,0.1111111111111111
FW_AS_rep_2,GCA_033809735.1,0.0007651543061184006,X_VFA_deg,0.13422619047619047,false,true,syntrophic_butyrate_oxidation,partial,fdhA;hydA;rnfB,bcd;etfA;etfB;one_of(thl);one_of(hbd);one_of(crt),3,9,0.4166666666666667,0.25,0.42857142857142855
FW_AS_rep_2,GCA_033809735.1,0.0007651543061184006,X_Me_ac,0.0,false,true,acetoclastic_ack_pta,none,ackA;pta,mcrA;one_of(cdhC|cdhD|cdhE),2,8,0.2222222222222222,0.5,0.4
FW_AS_rep_2,GCA_033809735.1,0.0007651543061184006,X_Me_CO2,0.0,false,true,hydrogenotrophic_core,none,"",mcrA;one_of(fwdA);one_of(ftr);one_of(mch);one_of(mtd|mer),0,8,0.0,0.0,0.0
FW_AS_rep_2,GCA_033809735.1,0.0007651543061184006,X_et,0.6,true,true,ethanol_to_acetyl_coa,low,ackA;acs;adhE;pta,"",4,6,0.6,1.0,1.0
FW_AS_rep_2,GCA_033809735.1,0.0007651543061184006,X_lac,0.23010416666666667,false,true,lactate_to_pyruvate,partial,pfor;rnfB,lctD,2,5,0.375,0.6666666666666666,0.6666666666666666
FW_AS_rep_2,GCA_022707605.1,0.0007651543061184006,X_ch,0.7142857142857143,true,true,starch_utilization,medium,agl;cazy_GH13,"",2,4,0.7142857142857143,1.0,1.0
FW_AS_rep_2,GCA_022707605.1,0.0007651543061184006,X_pr,0.7058823529411765,true,true,peptide_scavenging,medium,dppA;dppB;dppC;oppA;oppB;pepA;pepD;pepN;pepQ;pepT,"",10,13,0.7058823529411765,1.0,1.0
FW_AS_rep_2,GCA_022707605.1,0.0007651543061184006,X_li,0.5,true,true,lipolysis,low,acylglycerol_lipase;fadD;lysophospholipase,"",3,6,0.5,1.0,1.0
FW_AS_rep_2,GCA_022707605.1,0.0007651543061184006,X_su,0.48636363636363633,false,true,hexose_fermentation,partial,adhE;gapA;pfkA;pfor;pgi;pyk,one_of(ptsG|glcP),6,9,0.5454545454545454,0.8333333333333334,1.0
FW_AS_rep_2,GCA_022707605.1,0.0007651543061184006,X_aa,0.7,true,true,general_amino_acid_catabolism,medium,dppA;gdh;ilvE;oppA;pfor,"",5,7,0.7,1.0,1.0
FW_AS_rep_2,GCA_022707605.1,0.0007651543061184006,X_fa,1.0,true,true,lcfa_beta_oxidation,high,etfA;etfB;fadA;fadB;fadD;fadE,"",6,6,1.0,1.0,1.0
FW_AS_rep_2,GCA_022707605.1,0.0007651543061184006,X_ac_et,0.9333333333333333,true,true,ethanol_acetate_chain_initiation,high,ackA;acs;adhE;aldh;bcd;crt;etfA;etfB;hbd;pta;thl,"",11,12,0.9333333333333333,1.0,1.0
FW_AS_rep_2,GCA_022707605.1,0.0007651543061184006,X_ac_lac,0.0,false,true,lactate_acetate_chain_initiation,none,ackA;acs;bcd;crt;etfA;etfB;hbd;lctB;lctC;pfor;pta;thl,lctD,12,13,0.875,0.875,1.0
FW_AS_rep_2,GCA_022707605.1,0.0007651543061184006,X_chain_et,0.0,false,true,ethanol_reverse_beta_oxidation,none,adhE;aldh;bcd;crt;etfA;etfB;hbd;thl,cat,8,10,0.7692307692307693,0.8888888888888888,1.0
FW_AS_rep_2,GCA_022707605.1,0.0007651543061184006,X_chain_lac,0.0,false,true,lactate_reverse_beta_oxidation,none,bcd;crt;etfA;etfB;hbd;lctB;lctC;pfor;thl,cat;lctD,9,11,0.7142857142857143,0.8,1.0
FW_AS_rep_2,GCA_022707605.1,0.0007651543061184006,X_VFA_deg,1.0,true,true,syntrophic_butyrate_oxidation,high,bcd;crt;etfA;etfB;fdhA;hbd;hydA;rnfB;thl,"",9,9,1.0,1.0,1.0
FW_AS_rep_2,GCA_022707605.1,0.0007651543061184006,X_Me_ac,0.0,false,true,acetoclastic_ack_pta,none,ackA;cdhC;cdhD;pta,mcrA,4,8,0.4444444444444444,0.75,0.8
FW_AS_rep_2,GCA_022707605.1,0.0007651543061184006,X_Me_CO2,0.0,false,true,hydrogenotrophic_core,none,"",mcrA;one_of(fwdA);one_of(ftr);one_of(mch);one_of(mtd|mer),0,8,0.0,0.0,0.0
FW_AS_rep_2,GCA_022707605.1,0.0007651543061184006,X_et,0.8,true,true,ethanol_to_acetyl_coa,medium,ackA;acs;adhE;aldh;pta,"",5,6,0.8,1.0,1.0
FW_AS_rep_2,GCA_022707605.1,0.0007651543061184006,X_lac,0.4895833333333333,false,true,lactate_to_pyruvate,partial,lctB;lctC;pfor;rnfB,lctD,4,5,0.625,0.6666666666666666,1.0
FW_AS_rep_2,GCA_044224235.1,0.0007368152577436449,X_ch,0.06508928571428572,false,true,starch_utilization,partial,susC,cazy_GH13,1,4,0.14285714285714285,0.5,0.5
FW_AS_rep_2,GCA_044224235.1,0.0007368152577436449,X_pr,1.0,true,true,proteolysis_and_peptide_import,high,dtpT;endopeptidase;extracellular_protease;oppA;oppB;pepN;pepO,"",7,7,1.0,1.0,1.0
FW_AS_rep_2,GCA_044224235.1,0.0007368152577436449,X_li,0.3333333333333333,false,true,lipolysis,partial,acylglycerol_lipase;fadD,"",2,6,0.3333333333333333,1.0,1.0
FW_AS_rep_2,GCA_044224235.1,0.0007368152577436449,X_su,0.22313131313131312,false,true,hexose_fermentation,partial,gapA;lctD;pfkA;pyk,pgi;one_of(ptsG|glcP),4,9,0.36363636363636365,0.6666666666666666,0.6666666666666666
FW_AS_rep_2,GCA_044224235.1,0.0007368152577436449,X_aa,0.39166666666666666,false,true,general_amino_acid_catabolism,partial,dppA;dtpT;gdh;oppA,one_of(pfor),4,7,0.5,0.6666666666666666,1.0
FW_AS_rep_2,GCA_044224235.1,0.0007368152577436449,X_fa,1.0,true,true,lcfa_beta_oxidation,high,etfA;etfB;fadA;fadB;fadD;fadE,"",6,6,1.0,1.0,1.0
FW_AS_rep_2,GCA_044224235.1,0.0007368152577436449,X_ac_et,0.8,true,true,ethanol_acetate_chain_initiation,medium,acs;adh;aldh;bcd;crt;etfA;etfB;hbd;pta;thl,"",10,12,0.8,1.0,1.0
FW_AS_rep_2,GCA_044224235.1,0.0007368152577436449,X_ac_lac,0.0,false,true,lactate_acetate_chain_initiation,none,acs;bcd;crt;etfA;etfB;hbd;lctB;lctC;lctD;pta;thl,one_of(pfor),11,13,0.875,0.875,1.0
FW_AS_rep_2,GCA_044224235.1,0.0007368152577436449,X_chain_et,0.8461538461538461,true,true,ethanol_reverse_beta_oxidation,medium,adh;aldh;bcd;cat;crt;etfA;etfB;hbd;thl,"",9,10,0.8461538461538461,1.0,1.0
FW_AS_rep_2,GCA_044224235.1,0.0007368152577436449,X_chain_lac,0.0,false,true,lactate_reverse_beta_oxidation,none,bcd;cat;crt;etfA;etfB;hbd;lctB;lctC;lctD;thl,one_of(pfor),10,11,0.9285714285714286,0.9,1.0
FW_AS_rep_2,GCA_044224235.1,0.0007368152577436449,X_VFA_deg,0.8421875,false,true,syntrophic_butyrate_oxidation,partial,bcd;crt;etfA;etfB;fdhA;hbd;hydA;thl,one_of(rnfB),8,9,0.9166666666666666,0.875,1.0
FW_AS_rep_2,GCA_044224235.1,0.0007368152577436449,X_Me_ac,0.0,false,true,acetoclastic_ack_pta,none,pta,mcrA;ackA;one_of(cdhC|cdhD|cdhE),1,8,0.1111111111111111,0.25,0.2
FW_AS_rep_2,GCA_044224235.1,0.0007368152577436449,X_Me_CO2,0.0,false,true,hydrogenotrophic_core,none,fwdA,mcrA;one_of(ftr);one_of(mch);one_of(mtd|mer),1,8,0.1111111111111111,0.2,0.16666666666666666
FW_AS_rep_2,GCA_044224235.1,0.0007368152577436449,X_et,0.6,true,true,ethanol_to_acetyl_coa,low,acs;adh;aldh;pta,"",4,6,0.6,1.0,1.0
FW_AS_rep_2,GCA_044224235.1,0.0007368152577436449,X_lac,0.4895833333333333,false,true,lactate_to_pyruvate,partial,lctB;lctC;lctD,pfor,3,5,0.625,0.6666666666666666,1.0
FW_AS_rep_2,GCA_963748985.1,0.0006801371609941339,X_ch,0.7142857142857143,true,true,starch_utilization,medium,agl;cazy_GH13,"",2,4,0.7142857142857143,1.0,1.0
FW_AS_rep_2,GCA_963748985.1,0.0006801371609941339,X_pr,0.7647058823529411,true,true,peptide_scavenging,medium,dppA;dppB;dppC;dtpT;oppA;oppB;pepA;pepD;pepO;pepQ,"",10,13,0.7647058823529411,1.0,1.0
FW_AS_rep_2,GCA_963748985.1,0.0006801371609941339,X_li,0.5,true,true,lipolysis,low,acylglycerol_lipase;fadD;lysophospholipase,"",3,6,0.5,1.0,1.0
FW_AS_rep_2,GCA_963748985.1,0.0006801371609941339,X_su,0.8461538461538461,true,true,entner_doudoroff,medium,adhE;eda;edd;gapA;glcP;pfor;pyk,"",7,9,0.8461538461538461,1.0,1.0
FW_AS_rep_2,GCA_963748985.1,0.0006801371609941339,X_aa,1.0,true,true,general_amino_acid_catabolism,high,dppA;dtpT;gdh;ilvE;oppA;pfor;tdcB,"",7,7,1.0,1.0,1.0
FW_AS_rep_2,GCA_963748985.1,0.0006801371609941339,X_fa,0.9,true,true,lcfa_beta_oxidation,high,etfA;fadA;fadB;fadD;fadE,"",5,6,0.9,1.0,1.0
FW_AS_rep_2,GCA_963748985.1,0.0006801371609941339,X_ac_et,0.0,false,true,ethanol_acetate_chain_initiation,none,acs;adh;adhE;aldh;bcd;crt;etfA;hbd;pta;thl,etfB,10,12,0.8666666666666667,0.8571428571428571,1.0
FW_AS_rep_2,GCA_963748985.1,0.0006801371609941339,X_ac_lac,0.0,false,true,lactate_acetate_chain_initiation,none,acs;bcd;crt;etfA;hbd;lctB;pfor;pta;thl,etfB;lctD,9,13,0.6875,0.75,1.0
FW_AS_rep_2,GCA_963748985.1,0.0006801371609941339,X_chain_et,0.0,false,true,ethanol_reverse_beta_oxidation,none,adh;adhE;aldh;bcd;crt;etfA;hbd;thl,etfB;cat,8,10,0.7692307692307693,0.7777777777777778,1.0
FW_AS_rep_2,GCA_963748985.1,0.0006801371609941339,X_chain_lac,0.0,false,true,lactate_reverse_beta_oxidation,none,bcd;crt;etfA;hbd;lctB;pfor;thl,etfB;cat;lctD,7,11,0.5714285714285714,0.7,0.7777777777777778
FW_AS_rep_2,GCA_963748985.1,0.0006801371609941339,X_VFA_deg,0.853125,false,true,syntrophic_propionate_mmc,partial,fdhA;fumB;hydA;mdh;mmcE;mmcF;pfor;sucC;sucD,mmcG,9,10,0.9285714285714286,0.875,1.0
FW_AS_rep_2,GCA_963748985.1,0.0006801371609941339,X_Me_ac,0.0,false,true,acetoclastic_ack_pta,none,cdhC;pta,mcrA;ackA,2,8,0.2222222222222222,0.5,0.4
FW_AS_rep_2,GCA_963748985.1,0.0006801371609941339,X_Me_CO2,0.0,false,true,hydrogenotrophic_core,none,mer,mcrA;one_of(fwdA);one_of(ftr);one_of(mch),1,8,0.1111111111111111,0.2,0.16666666666666666
FW_AS_rep_2,GCA_963748985.1,0.0006801371609941339,X_et,0.9,true,true,ethanol_to_acetyl_coa,high,acs;adh;adhE;aldh;pta,"",5,6,0.9,1.0,1.0
FW_AS_rep_2,GCA_963748985.1,0.0006801371609941339,X_lac,0.39166666666666666,false,true,lactate_to_pyruvate,partial,lctB;pfor;rnfB,lctD,3,5,0.5,0.6666666666666666,1.0
FW_AS_rep_2,GCA_937898325.1,0.0006517981126193782,X_ch,0.8571428571428571,true,true,starch_utilization,medium,agl;cazy_GH13;susC,"",3,4,0.8571428571428571,1.0,1.0
FW_AS_rep_2,GCA_937898325.1,0.0006517981126193782,X_pr,0.7647058823529411,true,true,peptide_scavenging,medium,dppA;dppB;dppC;endopeptidase;oppA;oppB;pepA;pepD;pepQ;pepT,"",10,13,0.7647058823529411,1.0,1.0
FW_AS_rep_2,GCA_937898325.1,0.0006517981126193782,X_li,0.4166666666666667,true,true,lipolysis,low,acylglycerol_lipase;esterase;lysophospholipase,"",3,6,0.4166666666666667,1.0,1.0
FW_AS_rep_2,GCA_937898325.1,0.0006517981126193782,X_su,0.9090909090909091,true,true,pentose_fermentation,high,adhE;gapA;pfor;pyk;xylA;xylB;xylF,"",7,8,0.9090909090909091,1.0,1.0
FW_AS_rep_2,GCA_937898325.1,0.0006517981126193782,X_aa,1.0,true,true,glycine_stickland,high,grdA;grdB;oppA;oppB;pfor,"",5,5,1.0,1.0,1.0
FW_AS_rep_2,GCA_937898325.1,0.0006517981126193782,X_fa,0.2738,false,true,lcfa_beta_oxidation,partial,etfA;fadA;fadB,fadD;fadE,3,6,0.5,0.6,0.6
FW_AS_rep_2,GCA_937898325.1,0.0006517981126193782,X_ac_et,0.0,false,true,ethanol_acetate_chain_initiation,none,ackA;adh;adhE;crt;etfA;hbd;pta;thl,bcd;etfB,8,12,0.6666666666666666,0.7142857142857143,1.0
FW_AS_rep_2,GCA_937898325.1,0.0006517981126193782,X_ac_lac,0.0,false,true,lactate_acetate_chain_initiation,none,ackA;crt;etfA;hbd;pfor;pta;thl,bcd;etfB;lctD;one_of(lctB|lctC),7,13,0.5,0.5,0.7777777777777778
FW_AS_rep_2,GCA_937898325.1,0.0006517981126193782,X_chain_et,0.0,false,true,ethanol_reverse_beta_oxidation,none,adh;adhE;cat;crt;etfA;hbd;thl,bcd;etfB,7,10,0.6923076923076923,0.7777777777777778,0.875
FW_AS_rep_2,GCA_937898325.1,0.0006517981126193782,X_chain_lac,0.0,false,true,lactate_reverse_beta_oxidation,none,cat;crt;etfA;hbd;pfor;thl,bcd;etfB;lctD;one_of(lctB|lctC),6,11,0.5,0.6,0.6666666666666666
FW_AS_rep_2,GCA_937898325.1,0.0006517981126193782,X_VFA_deg,0.628125,false,true,syntrophic_butyrate_oxidation,partial,crt;etfA;fdhA;hbd;hydA;rnfB;thl,bcd;etfB,7,9,0.75,0.75,1.0
FW_AS_rep_2,GCA_937898325.1,0.0006517981126193782,X_Me_ac,0.0,false,true,acetoclastic_ack_pta,none,ackA;cdhC;pta,mcrA,3,8,0.3333333333333333,0.75,0.6
FW_AS_rep_2,GCA_937898325.1,0.0006517981126193782,X_Me_CO2,0.0,false,true,hydrogenotrophic_core,none,"",mcrA;one_of(fwdA);one_of(ftr);one_of(mch);one_of(mtd|mer),0,8,0.0,0.0,0.0
FW_AS_rep_2,GCA_937898325.1,0.0006517981126193782,X_et,0.7,true,true,ethanol_to_acetyl_coa,medium,ackA;adh;adhE;pta,"",4,6,0.7,1.0,1.0
FW_AS_rep_2,GCA_937898325.1,0.0006517981126193782,X_lac,0.23010416666666667,false,true,lactate_to_pyruvate,partial,pfor;rnfB,lctD,2,5,0.375,0.6666666666666666,0.6666666666666666
FW_AS_rep_2,GCA_937869105.1,0.0006234590642446227,X_ch,1.0,true,true,starch_utilization,high,agl;cazy_GH13;susC;susD,"",4,4,1.0,1.0,1.0
FW_AS_rep_2,GCA_937869105.1,0.0006234590642446227,X_pr,0.7272727272727273,true,true,proteolysis_and_peptide_import,medium,dtpT;endopeptidase;extracellular_protease;pepN;pepO,"",5,7,0.7272727272727273,1.0,1.0
FW_AS_rep_2,GCA_937869105.1,0.0006234590642446227,X_li,0.75,true,true,lipolysis,medium,acylglycerol_lipase;fadD;lipase;lysophospholipase,"",4,6,0.75,1.0,1.0
FW_AS_rep_2,GCA_937869105.1,0.0006234590642446227,X_su,0.8461538461538461,true,true,entner_doudoroff,medium,adhE;eda;edd;gapA;glcP;pfor;pyk,"",7,9,0.8461538461538461,1.0,1.0
FW_AS_rep_2,GCA_937869105.1,0.0006234590642446227,X_aa,0.8,true,true,general_amino_acid_catabolism,medium,dtpT;gdh;ilvE;pfor;tdcB,"",5,7,0.8,1.0,1.0
FW_AS_rep_2,GCA_937869105.1,0.0006234590642446227,X_fa,1.0,true,true,lcfa_beta_oxidation,high,etfA;etfB;fadA;fadB;fadD;fadE,"",6,6,1.0,1.0,1.0
FW_AS_rep_2,GCA_937869105.1,0.0006234590642446227,X_ac_et,1.0,true,true,ethanol_acetate_chain_initiation,high,ackA;acs;adh;adhE;aldh;bcd;crt;etfA;etfB;hbd;pta;thl,"",12,12,1.0,1.0,1.0
FW_AS_rep_2,GCA_937869105.1,0.0006234590642446227,X_ac_lac,0.0,false,true,lactate_acetate_chain_initiation,none,ackA;acs;bcd;crt;etfA;etfB;hbd;lctB;pfor;pta;thl,lctD,11,13,0.8125,0.875,1.0
FW_AS_rep_2,GCA_937869105.1,0.0006234590642446227,X_chain_et,1.0,true,true,ethanol_reverse_beta_oxidation,high,adh;adhE;aldh;bcd;cat;crt;etfA;etfB;hbd;thl,"",10,10,1.0,1.0,1.0
FW_AS_rep_2,GCA_937869105.1,0.0006234590642446227,X_chain_lac,0.0,false,true,lactate_reverse_beta_oxidation,none,bcd;cat;crt;etfA;etfB;hbd;lctB;pfor;thl,lctD,9,11,0.7857142857142857,0.9,1.0
FW_AS_rep_2,GCA_937869105.1,0.0006234590642446227,X_VFA_deg,1.0,true,true,syntrophic_butyrate_oxidation,high,bcd;crt;etfA;etfB;fdhA;hbd;hydA;rnfB;thl,"",9,9,1.0,1.0,1.0
FW_AS_rep_2,GCA_937869105.1,0.0006234590642446227,X_Me_ac,0.0,false,true,acetoclastic_ack_pta,none,ackA;pta,mcrA;one_of(cdhC|cdhD|cdhE),2,8,0.2222222222222222,0.5,0.4
FW_AS_rep_2,GCA_937869105.1,0.0006234590642446227,X_Me_CO2,0.0,false,true,hydrogenotrophic_core,none,fwdA;mer,mcrA;one_of(ftr);one_of(mch),2,8,0.2222222222222222,0.4,0.3333333333333333
FW_AS_rep_2,GCA_937869105.1,0.0006234590642446227,X_et,1.0,true,true,ethanol_to_acetyl_coa,high,ackA;acs;adh;adhE;aldh;pta,"",6,6,1.0,1.0,1.0
FW_AS_rep_2,GCA_937869105.1,0.0006234590642446227,X_lac,0.39166666666666666,false,true,lactate_to_pyruvate,partial,lctB;pfor;rnfB,lctD,3,5,0.5,0.6666666666666666,1.0
FW_AS_rep_2,GCA_963751515.1,0.0004534247739960892,X_ch,0.040138888888888884,false,true,cellulose_utilization,partial,bgl,one_of(cazy_GH5|cazy_GH9|cazy_GH48);one_of(cazy_CBM3|cazy_GH48),1,5,0.125,0.3333333333333333,0.3333333333333333
FW_AS_rep_2,GCA_963751515.1,0.0004534247739960892,X_pr,0.3578409090909091,false,true,proteolysis_and_peptide_import,partial,endopeptidase;extracellular_protease;pepN,one_of(oppA|oppB|dtpT),3,7,0.5454545454545454,0.6666666666666666,0.75
FW_AS_rep_2,GCA_963751515.1,0.0004534247739960892,X_li,0.5833333333333334,true,true,lipolysis,low,acylglycerol_lipase;esterase;fadD;lysophospholipase,"",4,6,0.5833333333333334,1.0,1.0
FW_AS_rep_2,GCA_963751515.1,0.0004534247739960892,X_su,0.48636363636363633,false,true,hexose_fermentation,partial,adhE;gapA;pfkA;pfor;pgi;pyk,one_of(ptsG|glcP),6,9,0.5454545454545454,0.8333333333333334,1.0
FW_AS_rep_2,GCA_963751515.1,0.0004534247739960892,X_aa,0.5483333333333333,false,true,general_amino_acid_catabolism,partial,gdh;ilvE;pfor;tdcB,one_of(oppA|dppA|dtpT),4,7,0.7,0.6666666666666666,1.0
FW_AS_rep_2,GCA_963751515.1,0.0004534247739960892,X_fa,1.0,true,true,lcfa_beta_oxidation,high,etfA;etfB;fadA;fadB;fadD;fadE,"",6,6,1.0,1.0,1.0
FW_AS_rep_2,GCA_963751515.1,0.0004534247739960892,X_ac_et,0.7333333333333333,true,true,ethanol_acetate_chain_initiation,medium,acs;adh;adhE;aldh;bcd;etfA;etfB;thl,"",8,12,0.7333333333333333,1.0,1.0
FW_AS_rep_2,GCA_963751515.1,0.0004534247739960892,X_ac_lac,0.0,false,true,lactate_acetate_chain_initiation,none,acs;bcd;etfA;etfB;lctB;lctC;pfor;thl,lctD,8,13,0.625,0.875,0.8888888888888888
FW_AS_rep_2,GCA_963751515.1,0.0004534247739960892,X_chain_et,0.0,false,true,ethanol_reverse_beta_oxidation,none,adh;adhE;aldh;bcd;etfA;etfB;thl,cat;one_of(hbd);one_of(crt),7,10,0.6923076923076923,0.6666666666666666,0.875
FW_AS_rep_2,GCA_963751515.1,0.0004534247739960892,X_chain_lac,0.0,false,true,lactate_reverse_beta_oxidation,none,bcd;etfA;etfB;lctB;lctC;pfor;thl,cat;lctD;one_of(hbd);one_of(crt),7,11,0.5714285714285714,0.6,0.7777777777777778
FW_AS_rep_2,GCA_963751515.1,0.0004534247739960892,X_VFA_deg,0.6979166666666667,false,true,syntrophic_butyrate_oxidation,partial,bcd;etfA;etfB;fdhA;hydA;rnfB;thl,one_of(hbd);one_of(crt),7,9,0.8333333333333334,0.75,1.0
FW_AS_rep_2,GCA_963751515.1,0.0004534247739960892,X_Me_ac,0.0,false,true,acetoclastic_acs,none,acs;cdhC;cdhD,forbidden(mvhA);forbidden(mvhD);forbidden(mvhG);mcrA,3,7,0.4444444444444444,0.6666666666666666,0.75
FW_AS_rep_2,GCA_963751515.1,0.0004534247739960892,X_Me_CO2,0.0,false,true,hydrogenotrophic_core,none,"",mcrA;one_of(fwdA);one_of(ftr);one_of(mch);one_of(mtd|mer),0,8,0.0,0.0,0.0
FW_AS_rep_2,GCA_963751515.1,0.0004534247739960892,X_et,0.8,true,true,ethanol_to_acetyl_coa,medium,acs;adh;adhE;aldh,"",4,6,0.8,1.0,1.0
FW_AS_rep_2,GCA_963751515.1,0.0004534247739960892,X_lac,0.4895833333333333,false,true,lactate_to_pyruvate,partial,lctB;lctC;pfor;rnfB,lctD,4,5,0.625,0.6666666666666666,1.0
FW_AS_rep_2,GCA_048474495.1,0.0004534247739960892,X_ch,0.7142857142857143,true,true,starch_utilization,medium,agl;cazy_GH13,"",2,4,0.7142857142857143,1.0,1.0
FW_AS_rep_2,GCA_048474495.1,0.0004534247739960892,X_pr,0.7058823529411765,true,true,peptide_scavenging,medium,dppA;dppB;dppC;endopeptidase;oppA;oppB;pepD;pepQ;pepT,"",9,13,0.7058823529411765,1.0,1.0
FW_AS_rep_2,GCA_048474495.1,0.0004534247739960892,X_li,0.5,true,true,lipolysis,low,acylglycerol_lipase;fadD;lysophospholipase,"",3,6,0.5,1.0,1.0
FW_AS_rep_2,GCA_048474495.1,0.0004534247739960892,X_su,0.7692307692307693,true,true,entner_doudoroff,medium,adhE;eda;edd;pfor;ptsG;pyk,"",6,9,0.7692307692307693,1.0,1.0
FW_AS_rep_2,GCA_048474495.1,0.0004534247739960892,X_aa,0.9,true,true,general_amino_acid_catabolism,high,dppA;gdh;ilvE;oppA;pfor;tdcB,"",6,7,0.9,1.0,1.0
FW_AS_rep_2,GCA_048474495.1,0.0004534247739960892,X_fa,1.0,true,true,lcfa_beta_oxidation,high,etfA;etfB;fadA;fadB;fadD;fadE,"",6,6,1.0,1.0,1.0
FW_AS_rep_2,GCA_048474495.1,0.0004534247739960892,X_ac_et,0.9333333333333333,true,true,ethanol_acetate_chain_initiation,high,ackA;acs;adh;adhE;bcd;crt;etfA;etfB;hbd;pta;thl,"",11,12,0.9333333333333333,1.0,1.0
FW_AS_rep_2,GCA_048474495.1,0.0004534247739960892,X_ac_lac,0.0,false,true,lactate_acetate_chain_initiation,none,ackA;acs;bcd;crt;etfA;etfB;hbd;pfor;pta;thl,lctD;one_of(lctB|lctC),10,13,0.75,0.75,1.0
FW_AS_rep_2,GCA_048474495.1,0.0004534247739960892,X_chain_et,0.0,false,true,ethanol_reverse_beta_oxidation,none,adh;adhE;bcd;crt;etfA;etfB;hbd;thl,cat,8,10,0.7692307692307693,0.8888888888888888,1.0
FW_AS_rep_2,GCA_048474495.1,0.0004534247739960892,X_chain_lac,0.0,false,true,lactate_reverse_beta_oxidation,none,bcd;crt;etfA;etfB;hbd;pfor;thl,cat;lctD;one_of(lctB|lctC),7,11,0.5714285714285714,0.7,0.7777777777777778
FW_AS_rep_2,GCA_048474495.1,0.0004534247739960892,X_VFA_deg,0.8333333333333334,true,true,syntrophic_butyrate_oxidation,medium,bcd;crt;etfA;etfB;hbd;hydA;rnfB;thl,"",8,9,0.8333333333333334,1.0,1.0
FW_AS_rep_2,GCA_048474495.1,0.0004534247739960892,X_Me_ac,0.0,false,true,acetoclastic_ack_pta,none,ackA;pta,mcrA;one_of(cdhC|cdhD|cdhE),2,8,0.2222222222222222,0.5,0.4
FW_AS_rep_2,GCA_048474495.1,0.0004534247739960892,X_Me_CO2,0.0,false,true,hydrogenotrophic_core,none,fwdA,mcrA;one_of(ftr);one_of(mch);one_of(mtd|mer),1,8,0.1111111111111111,0.2,0.16666666666666666
FW_AS_rep_2,GCA_048474495.1,0.0004534247739960892,X_et,0.8,true,true,ethanol_to_acetyl_coa,medium,ackA;acs;adh;adhE;pta,"",5,6,0.8,1.0,1.0
FW_AS_rep_2,GCA_048474495.1,0.0004534247739960892,X_lac,0.23010416666666667,false,true,lactate_to_pyruvate,partial,pfor;rnfB,lctD,2,5,0.375,0.6666666666666666,0.6666666666666666
FW_AS_rep_2,GCA_041907565.1,0.00042508572562133365,X_ch,0.040138888888888884,false,true,cellulose_utilization,partial,bgl,one_of(cazy_GH5|cazy_GH9|cazy_GH48);one_of(cazy_CBM3|cazy_GH48),1,5,0.125,0.3333333333333333,0.3333333333333333
FW_AS_rep_2,GCA_041907565.1,0.00042508572562133365,X_pr,0.045000000000000005,false,true,peptide_scavenging,partial,pepA;pepQ,one_of(oppA|dppA|dtpT);one_of(oppB|dppB|dppC|dtpT),2,13,0.11764705882352941,0.3333333333333333,0.5
FW_AS_rep_2,GCA_041907565.1,0.00042508572562133365,X_li,0.3333333333333333,false,true,lipolysis,partial,acylglycerol_lipase;fadD,"",2,6,0.3333333333333333,1.0,1.0
FW_AS_rep_2,GCA_041907565.1,0.00042508572562133365,X_su,0.05838383838383838,false,true,hexose_fermentation,partial,gapA;pgi,pfkA;pyk;one_of(ptsG|glcP);one_of(pfor|adhE|lctD),2,9,0.18181818181818182,0.3333333333333333,0.3333333333333333
FW_AS_rep_2,GCA_041907565.1,0.00042508572562133365,X_aa,0.0,false,true,general_amino_acid_catabolism,none,"",one_of(gdh|ilvE|tdcB);one_of(pfor);one_of(oppA|dppA|dtpT),0,7,0.0,0.0,0.0
FW_AS_rep_2,GCA_041907565.1,0.00042508572562133365,X_fa,0.046079999999999996,false,true,lcfa_beta_oxidation,partial,fadD,fadE;fadB;fadA;one_of(etfA|etfB),1,6,0.2,0.2,0.2
FW_AS_rep_2,GCA_041907565.1,0.00042508572562133365,X_ac_et,0.0,false,true,ethanol_acetate_chain_initiation,none,acs;hbd,thl;bcd;etfA;etfB;one_of(adhE|adh);one_of(adhE|aldh),2,12,0.13333333333333333,0.14285714285714285,0.25
FW_AS_rep_2,GCA_041907565.1,0.00042508572562133365,X_ac_lac,0.0,false,true,lactate_acetate_chain_initiation,none,acs;hbd,thl;bcd;etfA;etfB;lctD;one_of(lctB|lctC);one_of(pfor),2,13,0.125,0.125,0.2222222222222222
FW_AS_rep_2,GCA_041907565.1,0.00042508572562133365,X_chain_et,0.0,false,true,ethanol_reverse_beta_oxidation,none,hbd,bcd;etfA;etfB;cat;one_of(thl);one_of(crt);one_of(adhE|adh);one_of(adhE|aldh),1,10,0.07692307692307693,0.1111111111111111,0.125
FW_AS_rep_2,GCA_041907565.1,0.00042508572562133365,X_chain_lac,0.0,false,true,lactate_reverse_beta_oxidation,none,hbd,bcd;etfA;etfB;cat;lctD;one_of(thl);one_of(crt);one_of(lctB|lctC);one_of(pfor),1,11,0.07142857142857142,0.1,0.1111111111111111
FW_AS_rep_2,GCA_041907565.1,0.00042508572562133365,X_VFA_deg,0.01591517857142857,false,true,syntrophic_butyrate_oxidation,partial,hbd,bcd;etfA;etfB;one_of(thl);one_of(crt);one_of(hydA|fdhA);one_of(rnfB),1,9,0.08333333333333333,0.125,0.14285714285714285
FW_AS_rep_2,GCA_041907565.1,0.00042508572562133365,X_Me_ac,0.0,false,true,acetoclastic_acs,none,acs,mcrA;one_of(cdhC|cdhD|cdhE),1,7,0.2222222222222222,0.3333333333333333,0.25
FW_AS_rep_2,GCA_041907565.1,0.00042508572562133365,X_Me_CO2,0.0,false,true,hydrogenotrophic_core,none,"",mcrA;one_of(fwdA);one_of(ftr);one_of(mch);one_of(mtd|mer),0,8,0.0,0.0,0.0
FW_AS_rep_2,GCA_041907565.1,0.00042508572562133365,X_et,0.03211111111111111,false,true,ethanol_to_acetyl_coa,partial,acs,one_of(adhE|adh);one_of(adhE|aldh),1,6,0.1,0.3333333333333333,0.3333333333333333
FW_AS_rep_2,GCA_041907565.1,0.00042508572562133365,X_lac,0.0,false,true,lactate_to_pyruvate,none,"",lctD;pfor;one_of(lctB|lctC|rnfB),0,5,0.0,0.0,0.0
FW_AS_rep_2,GCA_048240105.1,0.00042508572562133365,X_ch,0.7142857142857143,true,true,starch_utilization,medium,agl;cazy_GH13,"",2,4,0.7142857142857143,1.0,1.0
FW_AS_rep_2,GCA_048240105.1,0.00042508572562133365,X_pr,0.6470588235294118,true,true,peptide_scavenging,low,dppA;dppB;dppC;endopeptidase;oppA;oppB;pepQ;pepT,"",8,13,0.6470588235294118,1.0,1.0
FW_AS_rep_2,GCA_048240105.1,0.00042508572562133365,X_li,0.5,true,true,lipolysis,low,acylglycerol_lipase;fadD;lysophospholipase,"",3,6,0.5,1.0,1.0
FW_AS_rep_2,GCA_048240105.1,0.00042508572562133365,X_su,0.6692307692307693,false,true,entner_doudoroff,partial,adhE;eda;edd;gapA;pfor;pyk,one_of(ptsG|glcP),6,9,0.7692307692307693,0.8,1.0
FW_AS_rep_2,GCA_048240105.1,0.00042508572562133365,X_aa,0.7,true,true,general_amino_acid_catabolism,medium,dppA;gdh;ilvE;oppA;pfor,"",5,7,0.7,1.0,1.0
FW_AS_rep_2,GCA_048240105.1,0.00042508572562133365,X_fa,0.18056,false,true,lcfa_beta_oxidation,partial,etfA;etfB;fadD,fadE;fadB;fadA,3,6,0.4,0.4,0.6
FW_AS_rep_2,GCA_048240105.1,0.00042508572562133365,X_ac_et,0.0,false,true,ethanol_acetate_chain_initiation,none,ackA;adhE;etfA;etfB;pta,thl;bcd,5,12,0.4,0.7142857142857143,0.625
FW_AS_rep_2,GCA_048240105.1,0.00042508572562133365,X_ac_lac,0.0,false,true,lactate_acetate_chain_initiation,none,ackA;etfA;etfB;lctC;pfor;pta,thl;bcd;lctD,6,13,0.375,0.625,0.6666666666666666
FW_AS_rep_2,GCA_048240105.1,0.00042508572562133365,X_chain_et,0.0,false,true,ethanol_reverse_beta_oxidation,none,adhE;etfA;etfB,bcd;cat;one_of(thl);one_of(hbd);one_of(crt),3,10,0.3076923076923077,0.4444444444444444,0.375
FW_AS_rep_2,GCA_048240105.1,0.00042508572562133365,X_chain_lac,0.0,false,true,lactate_reverse_beta_oxidation,none,etfA;etfB;lctC;pfor,bcd;cat;lctD;one_of(thl);one_of(hbd);one_of(crt),4,11,0.2857142857142857,0.4,0.4444444444444444
FW_AS_rep_2,GCA_048240105.1,0.00042508572562133365,X_VFA_deg,0.32062500000000005,false,true,syntrophic_butyrate_oxidation,partial,etfA;etfB;fdhA;hydA;rnfB,bcd;one_of(thl);one_of(hbd);one_of(crt),5,9,0.5833333333333334,0.5,0.7142857142857143
FW_AS_rep_2,GCA_048240105.1,0.00042508572562133365,X_Me_ac,0.0,false,true,acetoclastic_ack_pta,none,ackA;pta,mcrA;one_of(cdhC|cdhD|cdhE),2,8,0.2222222222222222,0.5,0.4
FW_AS_rep_2,GCA_048240105.1,0.00042508572562133365,X_Me_CO2,0.0,false,true,hydrogenotrophic_core,none,fwdA,mcrA;one_of(ftr);one_of(mch);one_of(mtd|mer),1,8,0.1111111111111111,0.2,0.16666666666666666
FW_AS_rep_2,GCA_048240105.1,0.00042508572562133365,X_et,0.5,true,true,ethanol_to_acetyl_coa,low,ackA;adhE;pta,"",3,6,0.5,1.0,1.0
FW_AS_rep_2,GCA_048240105.1,0.00042508572562133365,X_lac,0.39166666666666666,false,true,lactate_to_pyruvate,partial,lctC;pfor;rnfB,lctD,3,5,0.5,0.6666666666666666,1.0
FW_AS_rep_2,GCA_029554755.1,0.00034006858049706693,X_ch,0.7142857142857143,true,true,starch_utilization,medium,agl;cazy_GH13,"",2,4,0.7142857142857143,1.0,1.0
FW_AS_rep_2,GCA_029554755.1,0.00034006858049706693,X_pr,0.6470588235294118,true,true,peptide_scavenging,low,dppA;dppB;dppC;endopeptidase;oppA;oppB;pepA;pepQ,"",8,13,0.6470588235294118,1.0,1.0
FW_AS_rep_2,GCA_029554755.1,0.00034006858049706693,X_li,0.5,true,true,lipolysis,low,fadD;lysophospholipase;phospholipase,"",3,6,0.5,1.0,1.0
FW_AS_rep_2,GCA_029554755.1,0.00034006858049706693,X_su,0.22313131313131312,false,true,hexose_fermentation,partial,gapA;pfkA;pfor;pgi,pyk;one_of(ptsG|glcP),4,9,0.36363636363636365,0.6666666666666666,0.6666666666666666
FW_AS_rep_2,GCA_029554755.1,0.00034006858049706693,X_aa,0.7,true,true,general_amino_acid_catabolism,medium,dppA;gdh;ilvE;oppA;pfor,"",5,7,0.7,1.0,1.0
FW_AS_rep_2,GCA_029554755.1,0.00034006858049706693,X_fa,0.046079999999999996,false,true,lcfa_beta_oxidation,partial,fadD,fadE;fadB;fadA;one_of(etfA|etfB),1,6,0.2,0.2,0.2
FW_AS_rep_2,GCA_029554755.1,0.00034006858049706693,X_ac_et,0.0,false,true,ethanol_acetate_chain_initiation,none,ackA;acs;adh;pta;thl,bcd;etfA;etfB;one_of(adhE|aldh),5,12,0.4,0.42857142857142855,0.625
FW_AS_rep_2,GCA_029554755.1,0.00034006858049706693,X_ac_lac,0.0,false,true,lactate_acetate_chain_initiation,none,ackA;acs;pfor;pta;thl,bcd;etfA;etfB;lctD;one_of(lctB|lctC),5,13,0.375,0.375,0.5555555555555556
FW_AS_rep_2,GCA_029554755.1,0.00034006858049706693,X_chain_et,0.0,false,true,ethanol_reverse_beta_oxidation,none,adh;thl,bcd;etfA;etfB;cat;one_of(hbd);one_of(crt);one_of(adhE|aldh),2,10,0.15384615384615385,0.2222222222222222,0.25
FW_AS_rep_2,GCA_029554755.1,0.00034006858049706693,X_chain_lac,0.0,false,true,lactate_reverse_beta_oxidation,none,pfor;thl,bcd;etfA;etfB;cat;lctD;one_of(hbd);one_of(crt);one_of(lctB|lctC),2,11,0.14285714285714285,0.2,0.2222222222222222
FW_AS_rep_2,GCA_029554755.1,0.00034006858049706693,X_VFA_deg,0.08694196428571427,false,true,syntrophic_propionate_mmc,partial,fdhA;fumB;pfor,mmcE;mmcF;mmcG;sucC;sucD;one_of(mdh),3,10,0.2857142857142857,0.25,0.375
FW_AS_rep_2,GCA_029554755.1,0.00034006858049706693,X_Me_ac,0.0,false,true,acetoclastic_ack_pta,none,ackA;pta,mcrA;one_of(cdhC|cdhD|cdhE),2,8,0.2222222222222222,0.5,0.4
FW_AS_rep_2,GCA_029554755.1,0.00034006858049706693,X_Me_CO2,0.0,false,true,hydrogenotrophic_core,none,"",mcrA;one_of(fwdA);one_of(ftr);one_of(mch);one_of(mtd|mer),0,8,0.0,0.0,0.0
FW_AS_rep_2,GCA_029554755.1,0.00034006858049706693,X_et,0.39166666666666666,false,true,ethanol_to_acetyl_coa,partial,ackA;acs;adh;pta,one_of(adhE|aldh),4,6,0.5,0.6666666666666666,1.0
FW_AS_rep_2,GCA_029554755.1,0.00034006858049706693,X_lac,0.08027777777777777,false,true,lactate_to_pyruvate,partial,pfor,lctD;one_of(lctB|lctC|rnfB),1,5,0.25,0.3333333333333333,0.3333333333333333
FW_AS_rep_2,GCA_022840635.1,0.00017003429024853347,X_ch,0.7142857142857143,true,true,starch_utilization,medium,agl;cazy_GH13,"",2,4,0.7142857142857143,1.0,1.0
FW_AS_rep_2,GCA_022840635.1,0.00017003429024853347,X_pr,0.7058823529411765,true,true,peptide_scavenging,medium,dppA;dppB;dppC;endopeptidase;oppA;oppB;pepD;pepQ;pepT,"",9,13,0.7058823529411765,1.0,1.0
FW_AS_rep_2,GCA_022840635.1,0.00017003429024853347,X_li,0.5833333333333334,true,true,lipolysis,low,acylglycerol_lipase;esterase;fadD;lysophospholipase,"",4,6,0.5833333333333334,1.0,1.0
FW_AS_rep_2,GCA_022840635.1,0.00017003429024853347,X_su,0.6023076923076923,false,true,entner_doudoroff,partial,adhE;eda;edd;gapA;pfor,one_of(ptsG|glcP),5,9,0.6923076923076923,0.8,1.0
FW_AS_rep_2,GCA_022840635.1,0.00017003429024853347,X_aa,0.9,true,true,general_amino_acid_catabolism,high,dppA;gdh;ilvE;oppA;pfor;tdcB,"",6,7,0.9,1.0,1.0
FW_AS_rep_2,GCA_022840635.1,0.00017003429024853347,X_fa,0.52983,false,true,lcfa_beta_oxidation,partial,etfA;fadA;fadB;fadD,fadE,4,6,0.7,0.8,0.8
FW_AS_rep_2,GCA_022840635.1,0.00017003429024853347,X_ac_et,0.0,false,true,ethanol_acetate_chain_initiation,none,ackA;acs;adh;adhE;aldh;crt;etfA;hbd;pta;thl,bcd;etfB,10,12,0.8,0.7142857142857143,1.0
FW_AS_rep_2,GCA_022840635.1,0.00017003429024853347,X_ac_lac,0.0,false,true,lactate_acetate_chain_initiation,none,ackA;acs;crt;etfA;hbd;lctC;pfor;pta;thl,bcd;etfB;lctD,9,13,0.625,0.625,1.0
FW_AS_rep_2,GCA_022840635.1,0.00017003429024853347,X_chain_et,0.0,false,true,ethanol_reverse_beta_oxidation,none,adh;adhE;aldh;cat;crt;etfA;hbd;thl,bcd;etfB,8,10,0.7692307692307693,0.7777777777777778,1.0
FW_AS_rep_2,GCA_022840635.1,0.00017003429024853347,X_chain_lac,0.0,false,true,lactate_reverse_beta_oxidation,none,cat;crt;etfA;hbd;lctC;pfor;thl,bcd;etfB;lctD,7,11,0.5714285714285714,0.7,0.7777777777777778
FW_AS_rep_2,GCA_022840635.1,0.00017003429024853347,X_VFA_deg,0.853125,false,true,syntrophic_propionate_mmc,partial,fdhA;fumB;hydA;mmcE;mmcF;mmcG;pfor;sucC;sucD,one_of(mdh),9,10,0.9285714285714286,0.875,1.0
FW_AS_rep_2,GCA_022840635.1,0.00017003429024853347,X_Me_ac,0.0,false,true,acetoclastic_ack_pta,none,ackA;pta,mcrA;one_of(cdhC|cdhD|cdhE),2,8,0.2222222222222222,0.5,0.4
FW_AS_rep_2,GCA_022840635.1,0.00017003429024853347,X_Me_CO2,0.0,false,true,hydrogenotrophic_core,none,"",mcrA;one_of(fwdA);one_of(ftr);one_of(mch);one_of(mtd|mer),0,8,0.0,0.0,0.0
FW_AS_rep_2,GCA_022840635.1,0.00017003429024853347,X_et,1.0,true,true,ethanol_to_acetyl_coa,high,ackA;acs;adh;adhE;aldh;pta,"",6,6,1.0,1.0,1.0
FW_AS_rep_2,GCA_022840635.1,0.00017003429024853347,X_lac,0.39166666666666666,false,true,lactate_to_pyruvate,partial,lctC;pfor;rnfB,lctD,3,5,0.5,0.6666666666666666,1.0
FW_AS_rep_2,GCA_022704625.1,0.00008501714512426673,X_ch,0.7142857142857143,true,true,starch_utilization,medium,agl;cazy_GH13,"",2,4,0.7142857142857143,1.0,1.0
FW_AS_rep_2,GCA_022704625.1,0.00008501714512426673,X_pr,0.7058823529411765,true,true,peptide_scavenging,medium,dppA;dppB;dppC;endopeptidase;oppA;oppB;pepD;pepQ;pepT,"",9,13,0.7058823529411765,1.0,1.0
FW_AS_rep_2,GCA_022704625.1,0.00008501714512426673,X_li,0.3333333333333333,false,true,lipolysis,partial,acylglycerol_lipase;fadD,"",2,6,0.3333333333333333,1.0,1.0
FW_AS_rep_2,GCA_022704625.1,0.00008501714512426673,X_su,0.44448232323232323,false,true,pentose_fermentation,partial,adhE;gapA;pfor;xylB;xylF,xylA;pyk,5,8,0.6363636363636364,0.6666666666666666,0.8333333333333334
FW_AS_rep_2,GCA_022704625.1,0.00008501714512426673,X_aa,0.7,true,true,general_amino_acid_catabolism,medium,dppA;gdh;ilvE;oppA;pfor,"",5,7,0.7,1.0,1.0
FW_AS_rep_2,GCA_022704625.1,0.00008501714512426673,X_fa,0.38628,false,true,lcfa_beta_oxidation,partial,etfA;etfB;fadA;fadD,fadE;fadB,4,6,0.6,0.6,0.8
FW_AS_rep_2,GCA_022704625.1,0.00008501714512426673,X_ac_et,0.0,false,true,ethanol_acetate_chain_initiation,none,ackA;acs;adh;adhE;etfA;etfB;pta,thl;bcd,7,12,0.5333333333333333,0.7142857142857143,0.875
FW_AS_rep_2,GCA_022704625.1,0.00008501714512426673,X_ac_lac,0.0,false,true,lactate_acetate_chain_initiation,none,ackA;acs;etfA;etfB;pfor;pta,thl;bcd;lctD;one_of(lctB|lctC),6,13,0.375,0.5,0.6666666666666666
FW_AS_rep_2,GCA_022704625.1,0.00008501714512426673,X_chain_et,0.0,false,true,ethanol_reverse_beta_oxidation,none,adh;adhE;etfA;etfB,bcd;cat;one_of(thl);one_of(hbd);one_of(crt),4,10,0.38461538461538464,0.4444444444444444,0.5
FW_AS_rep_2,GCA_022704625.1,0.00008501714512426673,X_chain_lac,0.0,false,true,lactate_reverse_beta_oxidation,none,etfA;etfB;pfor,bcd;cat;lctD;one_of(thl);one_of(hbd);one_of(crt);one_of(lctB|lctC),3,11,0.21428571428571427,0.3,0.3333333333333333
FW_AS_rep_2,GCA_022704625.1,0.00008501714512426673,X_VFA_deg,0.5459179687499999,false,true,syntrophic_propionate_mmc,partial,fdhA;fumB;hydA;mmcE;mmcF;mmcG;pfor,sucC;sucD;one_of(mdh),7,10,0.7857142857142857,0.625,0.875
FW_AS_rep_2,GCA_022704625.1,0.00008501714512426673,X_Me_ac,0.0,false,true,acetoclastic_ack_pta,none,ackA;pta,mcrA;one_of(cdhC|cdhD|cdhE),2,8,0.2222222222222222,0.5,0.4
FW_AS_rep_2,GCA_022704625.1,0.00008501714512426673,X_Me_CO2,0.0,false,true,hydrogenotrophic_core,none,"",mcrA;one_of(fwdA);one_of(ftr);one_of(mch);one_of(mtd|mer),0,8,0.0,0.0,0.0
FW_AS_rep_2,GCA_022704625.1,0.00008501714512426673,X_et,0.8,true,true,ethanol_to_acetyl_coa,medium,ackA;acs;adh;adhE;pta,"",5,6,0.8,1.0,1.0
FW_AS_rep_2,GCA_022704625.1,0.00008501714512426673,X_lac,0.23010416666666667,false,true,lactate_to_pyruvate,partial,pfor;rnfB,lctD,2,5,0.375,0.6666666666666666,0.6666666666666666
FW_AS_rep_2,GCA_964580065.1,0.00005667809674951115,X_ch,0.1952678571428572,false,true,starch_utilization,partial,cazy_GH13,one_of(susC|susD|agl),1,4,0.42857142857142855,0.5,0.5
FW_AS_rep_2,GCA_964580065.1,0.00005667809674951115,X_pr,0.045000000000000005,false,true,peptide_scavenging,partial,pepD;pepQ,one_of(oppA|dppA|dtpT);one_of(oppB|dppB|dppC|dtpT),2,13,0.11764705882352941,0.3333333333333333,0.5
FW_AS_rep_2,GCA_964580065.1,0.00005667809674951115,X_li,0.0,false,true,lipolysis,none,"",one_of(lipase|lysophospholipase|acylglycerol_lipase|phospholipase);one_of(fadD|esterase),0,6,0.0,0.0,0.0
FW_AS_rep_2,GCA_964580065.1,0.00005667809674951115,X_su,0.05838383838383838,false,true,hexose_fermentation,partial,gapA;pyk,pgi;pfkA;one_of(ptsG|glcP);one_of(pfor|adhE|lctD),2,9,0.18181818181818182,0.3333333333333333,0.3333333333333333
FW_AS_rep_2,GCA_964580065.1,0.00005667809674951115,X_aa,0.06422222222222222,false,true,general_amino_acid_catabolism,partial,gdh,one_of(pfor);one_of(oppA|dppA|dtpT),1,7,0.2,0.3333333333333333,0.3333333333333333
FW_AS_rep_2,GCA_964580065.1,0.00005667809674951115,X_fa,0.0,false,true,lcfa_beta_oxidation,none,"",fadD;fadE;fadB;fadA;one_of(etfA|etfB),0,6,0.0,0.0,0.0
FW_AS_rep_2,GCA_964580065.1,0.00005667809674951115,X_ac_et,0.0,false,true,ethanol_acetate_chain_initiation,none,"",thl;bcd;etfA;etfB;one_of(acs|ackA|pta);one_of(adhE|adh);one_of(adhE|aldh),0,12,0.0,0.0,0.0
FW_AS_rep_2,GCA_964580065.1,0.00005667809674951115,X_ac_lac,0.0,false,true,lactate_acetate_chain_initiation,none,"",thl;bcd;etfA;etfB;lctD;one_of(acs|ackA|pta);one_of(lctB|lctC);one_of(pfor),0,13,0.0,0.0,0.0
FW_AS_rep_2,GCA_964580065.1,0.00005667809674951115,X_chain_et,0.0,false,true,ethanol_reverse_beta_oxidation,none,"",bcd;etfA;etfB;cat;one_of(thl);one_of(hbd);one_of(crt);one_of(adhE|adh);one_of(adhE|aldh),0,10,0.0,0.0,0.0
FW_AS_rep_2,GCA_964580065.1,0.00005667809674951115,X_chain_lac,0.0,false,true,lactate_reverse_beta_oxidation,none,"",bcd;etfA;etfB;cat;lctD;one_of(thl);one_of(hbd);one_of(crt);one_of(lctB|lctC);one_of(pfor),0,11,0.0,0.0,0.0
FW_AS_rep_2,GCA_964580065.1,0.00005667809674951115,X_VFA_deg,0.0,false,true,syntrophic_propionate_mmc,none,"",mmcE;mmcF;mmcG;sucC;sucD;one_of(fumB);one_of(mdh);one_of(hydA|fdhA),0,10,0.0,0.0,0.0
FW_AS_rep_2,GCA_964580065.1,0.00005667809674951115,X_Me_ac,0.0,false,true,acetoclastic_ack_pta,none,"",mcrA;ackA;pta;one_of(cdhC|cdhD|cdhE),0,8,0.0,0.0,0.0
FW_AS_rep_2,GCA_964580065.1,0.00005667809674951115,X_Me_CO2,0.0,false,true,hydrogenotrophic_core,none,"",mcrA;one_of(fwdA);one_of(ftr);one_of(mch);one_of(mtd|mer),0,8,0.0,0.0,0.0
FW_AS_rep_2,GCA_964580065.1,0.00005667809674951115,X_et,0.0,false,true,ethanol_to_acetyl_coa,none,"",one_of(adhE|adh);one_of(adhE|aldh);one_of(acs|pta|ackA),0,6,0.0,0.0,0.0
FW_AS_rep_2,GCA_964580065.1,0.00005667809674951115,X_lac,0.0,false,true,lactate_to_pyruvate,none,"",lctD;pfor;one_of(lctB|lctC|rnfB),0,5,0.0,0.0,0.0
