sample,genome_id,gene_id,marker_id,bits,evalue,fident
FW_TWAS_rep_2,GCA_044230255.1,JBGARK010000004.1,fadA,332,6.897e-103,0.47
FW_TWAS_rep_2,GCA_044230255.1,JBGARK010000010.1,crt,57,1.96e-10,0.285
FW_TWAS_rep_2,GCA_044230255.1,JBGARK010000004.1,fadB,139,9.196e-36,0.328
FW_TWAS_rep_2,GCA_044230255.1,JBGARK010000006.1,lctD,85,4.911e-21,0.316
FW_TWAS_rep_2,GCA_044230255.1,JBGARK010000006.1,crt,160,4.928e-46,0.376
FW_TWAS_rep_2,GCA_044230255.1,JBGARK010000001.1,frhG,41,7.375e-6,0.358
FW_TWAS_rep_2,GCA_044230255.1,JBGARK010000004.1,mmcG,104,9.061e-29,0.412
FW_TWAS_rep_2,GCA_044230255.1,JBGARK010000001.1,pepN,49,7.883e-8,0.242
FW_TWAS_rep_2,GCA_044230255.1,JBGARK010000006.1,fadD,113,1.015e-27,0.25
FW_TWAS_rep_2,GCA_044230255.1,JBGARK010000004.1,lctB,73,1.769e-16,0.261
FW_TWAS_rep_2,GCA_044230255.1,JBGARK010000002.1,oppA,189,2.538e-52,0.304
FW_TWAS_rep_2,GCA_044230255.1,JBGARK010000004.1,mmcF,75,1.292e-15,0.283
FW_TWAS_rep_2,GCA_044230255.1,JBGARK010000010.1,susC,703,2.033e-220,0.43
FW_TWAS_rep_2,GCA_044230255.1,JBGARK010000014.1,gapA,290,2.905e-89,0.48
FW_TWAS_rep_2,GCA_044230255.1,JBGARK010000014.1,mdh,241,7.238e-73,0.443
FW_TWAS_rep_2,GCA_044230255.1,JBGARK010000013.1,lctB,231,1.014e-70,0.445
FW_TWAS_rep_2,GCA_044230255.1,JBGARK010000007.1,pfkA,286,6.932e-88,0.49
FW_TWAS_rep_2,GCA_044230255.1,JBGARK010000002.1,agl,79,2.302e-17,0.268
FW_TWAS_rep_2,GCA_044230255.1,JBGARK010000007.1,gdh,58,4.322e-11,0.542
FW_TWAS_rep_2,GCA_044230255.1,JBGARK010000007.1,acs,52,4.881e-9,0.216
FW_TWAS_rep_2,GCA_044230255.1,JBGARK010000007.1,etfB,132,2.058e-36,0.358
FW_TWAS_rep_2,GCA_044230255.1,JBGARK010000007.1,fadD,330,3.695e-99,0.385
FW_TWAS_rep_2,GCA_044230255.1,JBGARK010000004.1,acs,76,3.532e-16,0.232
FW_TWAS_rep_2,GCA_044230255.1,JBGARK010000002.1,fadE,199,1.794e-57,0.361
FW_TWAS_rep_2,GCA_044230255.1,JBGARK010000008.1,susC,327,1.288e-93,0.296
FW_TWAS_rep_2,GCA_044230255.1,JBGARK010000008.1,acs,61,5.751e-12,0.227
FW_TWAS_rep_2,GCA_044230255.1,JBGARK010000008.1,fadD,49,1.965e-8,0.254
FW_TWAS_rep_2,GCA_044230255.1,JBGARK010000001.1,cazy_GH13,128,2.562e-32,0.316
FW_TWAS_rep_2,GCA_044230255.1,JBGARK010000001.1,cat,259,1.03e-80,0.604
FW_TWAS_rep_2,GCA_044230255.1,JBGARK010000004.1,etfA,93,6.657e-23,0.296
FW_TWAS_rep_2,GCA_044230255.1,JBGARK010000003.1,fadA,349,3.013e-108,0.503
FW_TWAS_rep_2,GCA_044230255.1,JBGARK010000007.1,pyk,363,6.671e-112,0.437
FW_TWAS_rep_2,GCA_044230255.1,JBGARK010000010.1,susD,172,1.313e-47,0.347
FW_TWAS_rep_2,GCA_044230255.1,JBGARK010000004.1,fadD,224,1.415e-63,0.326
FW_TWAS_rep_2,GCA_044230255.1,JBGARK010000011.1,extracellular_protease,126,6.523e-31,0.339
FW_TWAS_rep_2,GCA_044230255.1,JBGARK010000001.1,gdh,509,6.242e-162,0.56
FW_TWAS_rep_2,GCA_044230255.1,JBGARK010000003.1,mmcF,168,1.204e-50,0.606
FW_TWAS_rep_2,GCA_044230255.1,JBGARK010000009.1,pta,162,1.363e-42,0.328
FW_TWAS_rep_2,GCA_044230255.1,JBGARK010000003.1,fadB,133,2.351e-36,0.395
FW_TWAS_rep_2,GCA_044230255.1,JBGARK010000002.1,dppB,217,3.529e-64,0.4
FW_TWAS_rep_2,GCA_044230255.1,JBGARK010000002.1,dppA,158,4.185e-42,0.274
FW_TWAS_rep_2,GCA_044230255.1,JBGARK010000004.1,crt,127,2.424e-34,0.332
FW_TWAS_rep_2,GCA_044230255.1,JBGARK010000004.1,hbd,181,7.233e-49,0.31
FW_TWAS_rep_2,GCA_044230255.1,JBGARK010000001.1,sucD,102,1.026e-24,0.446
FW_TWAS_rep_2,GCA_044230255.1,JBGARK010000009.1,extracellular_protease,122,1.598e-30,0.411
FW_TWAS_rep_2,GCA_044230255.1,JBGARK010000005.1,fadE,240,5.375e-71,0.398
FW_TWAS_rep_2,GCA_044230255.1,JBGARK010000002.1,fadB,192,8.002e-56,0.407
FW_TWAS_rep_2,GCA_044230255.1,JBGARK010000004.1,mmcE,285,9.052e-80,0.362
FW_TWAS_rep_2,GCA_044230255.1,JBGARK010000001.1,fadB,166,9.519e-48,0.348
FW_TWAS_rep_2,GCA_044230255.1,JBGARK010000006.1,lctC,384,1.92e-119,0.462
FW_TWAS_rep_2,GCA_044230255.1,JBGARK010000002.1,pepN,68,8.463e-14,0.297
FW_TWAS_rep_2,GCA_044230255.1,JBGARK010000007.1,pfor,45,9.836e-7,0.225
FW_TWAS_rep_2,GCA_044230255.1,JBGARK010000003.1,lysophospholipase,53,4.466e-10,0.277
FW_TWAS_rep_2,GCA_044230255.1,JBGARK010000004.1,thl,271,1.026e-81,0.432
FW_TWAS_rep_2,GCA_044230255.1,JBGARK010000010.1,fadB,125,3.879e-31,0.3
FW_TWAS_rep_2,GCA_044230255.1,JBGARK010000007.1,folD,310,7.16e-97,0.563
FW_TWAS_rep_2,GCA_044230255.1,JBGARK010000007.1,mvhG,51,1.186e-9,0.327
FW_TWAS_rep_2,GCA_044230255.1,JBGARK010000002.1,ilvE,66,4.795e-14,0.282
FW_TWAS_rep_2,GCA_044230255.1,JBGARK010000003.1,cazy_GH43,60,2.498e-11,0.264
FW_TWAS_rep_2,GCA_044230255.1,JBGARK010000007.1,frhB,43,2.033e-7,0.383
FW_TWAS_rep_2,GCA_044230255.1,JBGARK010000001.1,pfor,42,3.194e-6,0.279
FW_TWAS_rep_2,GCA_044230255.1,JBGARK010000004.1,dtpT,324,1.792e-97,0.37
FW_TWAS_rep_2,GCA_044230255.1,JBGARK010000003.1,fdhA,48,5.068e-8,0.432
FW_TWAS_rep_2,GCA_044230255.1,JBGARK010000002.1,bcd,262,9.09e-79,0.389
FW_TWAS_rep_2,GCA_044230255.1,JBGARK010000005.1,oppB,201,2.643e-58,0.486
FW_TWAS_rep_2,GCA_044230255.1,JBGARK010000001.1,hbd,240,5.136e-73,0.482
FW_TWAS_rep_2,GCA_044230255.1,JBGARK010000002.1,pepT,234,8.302e-69,0.389
FW_TWAS_rep_2,GCA_044230255.1,JBGARK010000003.1,etfA,163,1.323e-46,0.426
FW_TWAS_rep_2,GCA_044230255.1,JBGARK010000001.1,extracellular_protease,69,3.222e-14,0.285
FW_TWAS_rep_2,GCA_044230255.1,JBGARK010000005.1,susC,484,3.418e-146,0.336
FW_TWAS_rep_2,GCA_044230255.1,JBGARK010000010.1,pepQ,138,2.575e-36,0.358
FW_TWAS_rep_2,GCA_044230255.1,JBGARK010000001.1,sucC,363,9.327e-113,0.478
FW_TWAS_rep_2,GCA_044230255.1,JBGARK010000003.1,hbd,85,1.055e-20,0.435
FW_TWAS_rep_2,GCA_044230255.1,JBGARK010000008.1,ilvE,248,1.17e-74,0.406
FW_TWAS_rep_2,GCA_044230255.1,JBGARK010000001.1,susC,644,4.88e-200,0.405
FW_TWAS_rep_2,GCA_044230255.1,JBGARK010000002.1,hbd,302,5.282e-94,0.538
FW_TWAS_rep_2,GCA_044230255.1,JBGARK010000007.1,susC,689,5.436e-214,0.403
FW_TWAS_rep_2,GCA_044230255.1,JBGARK010000002.1,sucD,348,3.136e-110,0.615
FW_TWAS_rep_2,GCA_044230255.1,JBGARK010000007.1,susD,205,5.082e-58,0.37
FW_TWAS_rep_2,GCA_044230255.1,JBGARK010000001.1,rnfB,42,4.222e-6,0.365
FW_TWAS_rep_2,GCA_044230255.1,JBGARK010000011.1,fdhA,44,2.9e-6,0.197
FW_TWAS_rep_2,GCA_044230255.1,JBGARK010000003.1,mmcE,675,4.193e-219,0.636
FW_TWAS_rep_2,GCA_044230255.1,JBGARK010000003.1,hydA,82,1.209e-18,0.278
FW_TWAS_rep_2,GCA_044230255.1,JBGARK010000001.1,susD,129,5.463e-33,0.278
FW_TWAS_rep_2,GCA_044230255.1,JBGARK010000003.1,frhG,45,8.244e-8,0.328
FW_TWAS_rep_2,GCA_044230255.1,JBGARK010000002.1,oppB,169,1.295e-47,0.355
FW_TWAS_rep_2,GCA_044230255.1,JBGARK010000006.1,adh,61,1.793e-12,0.278
FW_TWAS_rep_2,GCA_044230255.1,JBGARK010000001.1,agl,83,2.648e-18,0.329
FW_TWAS_rep_2,GCA_044230255.1,JBGARK010000005.1,susD,139,2.479e-36,0.3
FW_TWAS_rep_2,GCA_044230255.1,JBGARK010000007.1,etfA,197,1.216e-57,0.403
FW_TWAS_rep_2,GCA_044230255.1,JBGARK010000008.1,adh,48,1.878e-8,0.272
FW_TWAS_rep_2,GCA_044230255.1,JBGARK010000003.1,thl,416,1.791e-131,0.56
FW_TWAS_rep_2,GCA_044230255.1,JBGARK010000007.1,frhG,48,9.703e-9,0.274
FW_TWAS_rep_2,GCA_044230255.1,JBGARK010000005.1,dppC,184,1.152e-52,0.434
FW_TWAS_rep_2,GCA_044230255.1,JBGARK010000007.1,pepN,169,1.043e-44,0.289
FW_TWAS_rep_2,GCA_044230255.1,JBGARK010000001.1,fwdA,46,3.785e-7,0.415
FW_TWAS_rep_2,GCA_044230255.1,JBGARK010000006.1,pepN,99,4.06e-23,0.256
FW_TWAS_rep_2,GCA_044230255.1,JBGARK010000006.1,fadB,88,2.404e-21,0.308
FW_TWAS_rep_2,GCA_044230255.1,JBGARK010000002.1,cazy_GH13,98,2.746e-23,0.294
FW_TWAS_rep_2,GCA_044230255.1,JBGARK010000004.1,susC,86,2.454e-19,0.232
FW_TWAS_rep_2,GCA_044230255.1,JBGARK010000009.1,bcd,365,1.016e-113,0.518
FW_TWAS_rep_2,GCA_044230255.1,JBGARK010000006.1,acs,738,1.562e-238,0.553
FW_TWAS_rep_2,GCA_044230255.1,JBGARK010000005.1,bcd,345,3.578e-107,0.466
FW_TWAS_rep_2,GCA_044230255.1,JBGARK010000010.1,etfA,44,1.779e-6,0.361
FW_TWAS_rep_2,GCA_044230255.1,JBGARK010000002.1,susC,84,5.255e-19,0.298
FW_TWAS_rep_2,GCA_044230255.1,JBGARK010000010.1,hbd,136,2.756e-34,0.312
FW_TWAS_rep_2,GCA_044230255.1,JBGARK010000002.1,adh,72,7.096e-16,0.259
FW_TWAS_rep_2,GCA_044230255.1,JBGARK010000011.1,endopeptidase,219,1.307e-63,0.401
FW_TWAS_rep_2,GCA_044230255.1,JBGARK010000009.1,fadE,268,2.245e-80,0.425
FW_TWAS_rep_2,GCA_044230255.1,JBGARK010000003.1,pgi,661,3.862e-214,0.614
FW_TWAS_rep_2,GCA_044230255.1,JBGARK010000003.1,crt,200,1.722e-59,0.426
FW_TWAS_rep_2,GCA_963746195.1,CAVVAS010000001.1,hydA,72,1.308e-15,0.276
FW_TWAS_rep_2,GCA_963746195.1,CAVVAS010000005.1,sucD,328,4.088e-103,0.586
FW_TWAS_rep_2,GCA_963746195.1,CAVVAS010000006.1,gapA,287,4.678e-88,0.468
FW_TWAS_rep_2,GCA_963746195.1,CAVVAS010000007.1,oppB,141,8.314e-38,0.307
FW_TWAS_rep_2,GCA_963746195.1,CAVVAS010000005.1,bcd,378,1.749e-118,0.529
FW_TWAS_rep_2,GCA_963746195.1,CAVVAS010000005.1,extracellular_protease,101,3.432e-24,0.269
FW_TWAS_rep_2,GCA_963746195.1,CAVVAS010000006.1,fadE,259,6.071e-78,0.418
FW_TWAS_rep_2,GCA_963746195.1,CAVVAS010000001.1,bcd,231,6.963e-68,0.368
FW_TWAS_rep_2,GCA_963746195.1,CAVVAS010000007.1,dppB,122,5.546e-31,0.344
FW_TWAS_rep_2,GCA_963746195.1,CAVVAS010000001.1,frhG,43,3.369e-7,0.328
FW_TWAS_rep_2,GCA_963746195.1,CAVVAS010000003.1,susC,44,3.602e-6,0.262
FW_TWAS_rep_2,GCA_963746195.1,CAVVAS010000005.1,susD,122,3.745e-33,0.376
FW_TWAS_rep_2,GCA_963746195.1,CAVVAS010000007.1,acs,136,5.071e-35,0.274
FW_TWAS_rep_2,GCA_963746195.1,CAVVAS010000007.1,dppA,110,9.601e-27,0.221
FW_TWAS_rep_2,GCA_963746195.1,CAVVAS010000005.1,pepN,48,9.01e-8,0.233
FW_TWAS_rep_2,GCA_963746195.1,CAVVAS010000005.1,fadD,266,2.727e-77,0.35
FW_TWAS_rep_2,GCA_963746195.1,CAVVAS010000007.1,pepO,561,2.922e-177,0.447
FW_TWAS_rep_2,GCA_963746195.1,CAVVAS010000007.1,pepQ,101,2.226e-24,0.279
FW_TWAS_rep_2,GCA_963746195.1,CAVVAS010000005.1,pfor,42,6.821e-6,0.33
FW_TWAS_rep_2,GCA_963746195.1,CAVVAS010000001.1,pepA,297,1.203e-90,0.442
FW_TWAS_rep_2,GCA_963746195.1,CAVVAS010000005.1,mmcE,300,1.083e-84,0.371
FW_TWAS_rep_2,GCA_963746195.1,CAVVAS010000006.1,endopeptidase,53,1.904e-9,0.217
FW_TWAS_rep_2,GCA_963746195.1,CAVVAS010000001.1,extracellular_protease,143,8.501e-37,0.347
FW_TWAS_rep_2,GCA_963746195.1,CAVVAS010000005.1,cazy_GH9,71,1.661e-14,0.328
FW_TWAS_rep_2,GCA_963746195.1,CAVVAS010000007.1,susD,139,3.634e-38,0.337
FW_TWAS_rep_2,GCA_963746195.1,CAVVAS010000008.1,fadE,232,6.244e-68,0.43
FW_TWAS_rep_2,GCA_963746195.1,CAVVAS010000008.1,pepN,67,2.599e-13,0.243
FW_TWAS_rep_2,GCA_963746195.1,CAVVAS010000001.1,susC,562,1.084e-172,0.37
FW_TWAS_rep_2,GCA_963746195.1,CAVVAS010000005.1,hbd,244,5.935e-73,0.413
FW_TWAS_rep_2,GCA_963746195.1,CAVVAS010000007.1,pepN,209,6.168e-57,0.3
FW_TWAS_rep_2,GCA_963746195.1,CAVVAS010000001.1,fadE,236,2.317e-67,0.384
FW_TWAS_rep_2,GCA_963746195.1,CAVVAS010000005.1,fadB,169,1.993e-47,0.312
FW_TWAS_rep_2,GCA_963746195.1,CAVVAS010000001.1,frhB,40,4.84e-6,0.27
FW_TWAS_rep_2,GCA_963746195.1,CAVVAS010000007.1,oppA,113,1.004e-27,0.25
FW_TWAS_rep_2,GCA_963746195.1,CAVVAS010000001.1,endopeptidase,44,4.379e-6,0.279
FW_TWAS_rep_2,GCA_963746195.1,CAVVAS010000006.1,bcd,359,2.593e-112,0.481
FW_TWAS_rep_2,GCA_963746195.1,CAVVAS010000005.1,pyk,149,2.391e-42,0.4
FW_TWAS_rep_2,GCA_963746195.1,CAVVAS010000005.1,etfA,191,1.651e-55,0.381
FW_TWAS_rep_2,GCA_963746195.1,CAVVAS010000006.1,tdcB,226,1.863e-67,0.412
FW_TWAS_rep_2,GCA_963746195.1,CAVVAS010000004.1,adh,94,1.517e-23,0.302
FW_TWAS_rep_2,GCA_963746195.1,CAVVAS010000007.1,susC,716,3.736e-224,0.417
FW_TWAS_rep_2,GCA_963746195.1,CAVVAS010000004.1,susD,77,1.702e-16,0.331
FW_TWAS_rep_2,GCA_963746195.1,CAVVAS010000001.1,mvhG,41,1.398e-6,0.454
FW_TWAS_rep_2,GCA_963746195.1,CAVVAS010000005.1,glcP,206,4.18e-59,0.324
FW_TWAS_rep_2,GCA_963746195.1,CAVVAS010000005.1,crt,164,2.594e-47,0.379
FW_TWAS_rep_2,GCA_963746195.1,CAVVAS010000005.1,mmcG,102,1.235e-27,0.433
FW_TWAS_rep_2,GCA_963746195.1,CAVVAS010000006.1,fadD,117,5.687e-29,0.257
FW_TWAS_rep_2,GCA_963746195.1,CAVVAS010000004.1,aldh,44,1.656e-6,0.219
FW_TWAS_rep_2,GCA_963746195.1,CAVVAS010000007.1,fadD,247,1.314e-71,0.34
FW_TWAS_rep_2,GCA_963746195.1,CAVVAS010000005.1,pepQ,126,1.11e-32,0.285
FW_TWAS_rep_2,GCA_963746195.1,CAVVAS010000008.1,bcd,154,1.28e-41,0.33
FW_TWAS_rep_2,GCA_963746195.1,CAVVAS010000005.1,thl,410,1.164e-129,0.573
FW_TWAS_rep_2,GCA_963746195.1,CAVVAS010000005.1,agl,170,2.641e-46,0.294
FW_TWAS_rep_2,GCA_963746195.1,CAVVAS010000005.1,pepT,68,3.398e-14,0.254
FW_TWAS_rep_2,GCA_963746195.1,CAVVAS010000001.1,susD,93,7.915e-22,0.271
FW_TWAS_rep_2,GCA_963746195.1,CAVVAS010000007.1,dppC,116,2.254e-29,0.293
FW_TWAS_rep_2,GCA_963746195.1,CAVVAS010000005.1,acylglycerol_lipase,48,1.826e-8,0.275
FW_TWAS_rep_2,GCA_963746195.1,CAVVAS010000005.1,pfkA,308,4.503e-96,0.516
FW_TWAS_rep_2,GCA_963746195.1,CAVVAS010000005.1,fadE,274,6.717e-83,0.417
FW_TWAS_rep_2,GCA_963746195.1,CAVVAS010000008.1,mmcE,478,2.451e-148,0.525
FW_TWAS_rep_2,GCA_963746195.1,CAVVAS010000005.1,etfB,145,6.857e-41,0.368
FW_TWAS_rep_2,GCA_963746195.1,CAVVAS010000005.1,ilvE,83,3.111e-20,0.34
FW_TWAS_rep_2,GCA_963746195.1,CAVVAS010000006.1,gdh,465,4.446e-147,0.524
FW_TWAS_rep_2,GCA_963746195.1,CAVVAS010000008.1,mmcF,121,4.25e-30,0.461
FW_TWAS_rep_2,GCA_963746195.1,CAVVAS010000004.1,cazy_GH13,74,2.887e-15,0.267
FW_TWAS_rep_2,GCA_963746195.1,CAVVAS010000007.1,lipase,50,4.578e-8,0.442
FW_TWAS_rep_2,GCA_963746195.1,CAVVAS010000005.1,susC,449,4.012e-138,0.387
FW_TWAS_rep_2,GCA_963746195.1,CAVVAS010000006.1,acs,753,7.199e-244,0.587
FW_TWAS_rep_2,GCA_963746195.1,CAVVAS010000004.1,susC,646,8.226e-201,0.406
FW_TWAS_rep_2,GCA_963746195.1,CAVVAS010000005.1,fadA,325,2.83e-100,0.482
FW_TWAS_rep_2,GCA_963746195.1,CAVVAS010000005.1,dtpT,422,2.187e-132,0.484
FW_TWAS_rep_2,GCA_963746195.1,CAVVAS010000003.1,ilvE,267,7.976e-81,0.42
FW_TWAS_rep_2,GCA_963746195.1,CAVVAS010000005.1,cazy_GH13,233,4.764e-67,0.407
FW_TWAS_rep_2,GCA_034676565.1,JAUCCD010000035.1,mer,112,9.326e-28,0.305
FW_TWAS_rep_2,GCA_034676565.1,JAUCCD010000035.1,hbd,234,2.036e-65,0.408
FW_TWAS_rep_2,GCA_034676565.1,JAUCCD010000002.1,etfA,317,2.202e-98,0.646
FW_TWAS_rep_2,GCA_034676565.1,JAUCCD010000002.1,ilvE,48,1.61e-7,0.307
FW_TWAS_rep_2,GCA_034676565.1,JAUCCD010000035.1,etfB,308,1.755e-96,0.682
FW_TWAS_rep_2,GCA_034676565.1,JAUCCD010000023.1,gapA,175,7.703e-50,0.363
FW_TWAS_rep_2,GCA_034676565.1,JAUCCD010000031.1,fadB,116,2.445e-30,0.37
FW_TWAS_rep_2,GCA_034676565.1,JAUCCD010000028.1,fadB,188,6.58e-55,0.401
FW_TWAS_rep_2,GCA_034676565.1,JAUCCD010000001.1,etfA,63,3.734e-13,0.284
FW_TWAS_rep_2,GCA_034676565.1,JAUCCD010000028.1,tdcB,70,6.287e-15,0.284
FW_TWAS_rep_2,GCA_034676565.1,JAUCCD010000012.1,pepN,401,7.413e-119,0.409
FW_TWAS_rep_2,GCA_034676565.1,JAUCCD010000003.1,gdh,1170,0.0,0.554
FW_TWAS_rep_2,GCA_034676565.1,JAUCCD010000028.1,adh,77,6.868e-18,0.278
FW_TWAS_rep_2,GCA_034676565.1,JAUCCD010000003.1,lctD,86,4.363e-21,0.313
FW_TWAS_rep_2,GCA_034676565.1,JAUCCD010000028.1,frhB,45,7.105e-7,0.343
FW_TWAS_rep_2,GCA_034676565.1,JAUCCD010000032.1,fadB,74,1.316e-16,0.312
FW_TWAS_rep_2,GCA_034676565.1,JAUCCD010000044.1,fadE,104,2.067e-24,0.282
FW_TWAS_rep_2,GCA_034676565.1,JAUCCD010000018.1,ackA,341,1.109e-103,0.495
FW_TWAS_rep_2,GCA_034676565.1,JAUCCD010000035.1,fadB,398,9.222e-120,0.355
FW_TWAS_rep_2,GCA_034676565.1,JAUCCD010000026.1,etfA,74,1.044e-16,0.29
FW_TWAS_rep_2,GCA_034676565.1,JAUCCD010000001.1,crt,136,2.304e-37,0.388
FW_TWAS_rep_2,GCA_034676565.1,JAUCCD010000032.1,acs,68,8.615e-14,0.242
FW_TWAS_rep_2,GCA_034676565.1,JAUCCD010000035.1,crt,229,4.539e-69,0.488
FW_TWAS_rep_2,GCA_034676565.1,JAUCCD010000003.1,fadD,66,3.464e-13,0.241
FW_TWAS_rep_2,GCA_034676565.1,JAUCCD010000010.1,fdhA,126,1.832e-31,0.268
FW_TWAS_rep_2,GCA_034676565.1,JAUCCD010000032.1,fadD,212,9.755e-60,0.349
FW_TWAS_rep_2,GCA_034676565.1,JAUCCD010000045.1,tdcB,325,2e-98,0.447
FW_TWAS_rep_2,GCA_034676565.1,JAUCCD010000020.1,oppA,115,3.714e-28,0.257
FW_TWAS_rep_2,GCA_034676565.1,JAUCCD010000012.1,rnfB,221,1.067e-67,0.666
FW_TWAS_rep_2,GCA_034676565.1,JAUCCD010000044.1,bcd,98,7.544e-23,0.275
FW_TWAS_rep_2,GCA_034676565.1,JAUCCD010000031.1,etfA,126,1.605e-33,0.383
FW_TWAS_rep_2,GCA_034676565.1,JAUCCD010000003.1,frhG,43,2.033e-7,0.247
FW_TWAS_rep_2,GCA_034676565.1,JAUCCD010000003.1,hydA,86,4.662e-19,0.301
FW_TWAS_rep_2,GCA_034676565.1,JAUCCD010000030.1,susC,65,7.094e-13,0.214
FW_TWAS_rep_2,GCA_034676565.1,JAUCCD010000029.1,lysophospholipase,53,1.344e-9,0.369
FW_TWAS_rep_2,GCA_034676565.1,JAUCCD010000002.1,crt,158,2.696e-45,0.394
FW_TWAS_rep_2,GCA_034676565.1,JAUCCD010000012.1,cdhC,50,3.236e-9,0.343
FW_TWAS_rep_2,GCA_034676565.1,JAUCCD010000018.1,crt,139,1.207e-38,0.357
FW_TWAS_rep_2,GCA_034676565.1,JAUCCD010000032.1,edd,223,8.807e-63,0.323
FW_TWAS_rep_2,GCA_034676565.1,JAUCCD010000035.1,thl,274,4.55e-81,0.422
FW_TWAS_rep_2,GCA_034676565.1,JAUCCD010000032.1,mmcE,523,7.396e-163,0.517
FW_TWAS_rep_2,GCA_034676565.1,JAUCCD010000034.1,fadE,48,6.743e-8,0.405
FW_TWAS_rep_2,GCA_034676565.1,JAUCCD010000018.1,pta,221,9.493e-64,0.495
FW_TWAS_rep_2,GCA_034676565.1,JAUCCD010000041.1,adh,56,9.165e-11,0.303
FW_TWAS_rep_2,GCA_034676565.1,JAUCCD010000043.1,endopeptidase,94,6.578e-22,0.328
FW_TWAS_rep_2,GCA_034676565.1,JAUCCD010000002.1,etfB,300,1.051e-93,0.661
FW_TWAS_rep_2,GCA_034676565.1,JAUCCD010000012.1,hydA,50,2.406e-9,0.355
FW_TWAS_rep_2,GCA_034676565.1,JAUCCD010000043.1,aldh,42,5.781e-6,0.232
FW_TWAS_rep_2,GCA_034676565.1,JAUCCD010000044.1,thl,157,9.82e-46,0.487
FW_TWAS_rep_2,GCA_034676565.1,JAUCCD010000035.1,fadE,153,3.228e-41,0.35
FW_TWAS_rep_2,GCA_034676565.1,JAUCCD010000012.1,gapA,291,2.478e-89,0.489
FW_TWAS_rep_2,GCA_034676565.1,JAUCCD010000044.1,fadA,159,1.492e-46,0.474
FW_TWAS_rep_2,GCA_034676565.1,JAUCCD010000030.1,fwdA,44,1.773e-6,0.355
FW_TWAS_rep_2,GCA_034676565.1,JAUCCD010000001.1,fadA,251,9.285e-75,0.418
FW_TWAS_rep_2,GCA_034676565.1,JAUCCD010000035.1,fadD,232,1.322e-66,0.336
FW_TWAS_rep_2,GCA_034676565.1,JAUCCD010000015.1,mdh,175,3.918e-49,0.436
FW_TWAS_rep_2,GCA_034676565.1,JAUCCD010000018.1,hbd,178,2.732e-51,0.404
FW_TWAS_rep_2,GCA_034676565.1,JAUCCD010000020.1,oppB,136,3.37e-35,0.35
FW_TWAS_rep_2,GCA_034676565.1,JAUCCD010000020.1,dppB,128,3.207e-34,0.286
FW_TWAS_rep_2,GCA_034676565.1,JAUCCD010000005.1,lysophospholipase,166,6.692e-48,0.409
FW_TWAS_rep_2,GCA_034676565.1,JAUCCD010000020.1,dppC,118,1.228e-29,0.307
FW_TWAS_rep_2,GCA_034676565.1,JAUCCD010000036.1,adh,64,1.565e-13,0.298
FW_TWAS_rep_2,GCA_034676565.1,JAUCCD010000001.1,fadE,312,5.497e-96,0.476
FW_TWAS_rep_2,GCA_034676565.1,JAUCCD010000004.1,pta,116,2.423e-28,0.263
FW_TWAS_rep_2,GCA_034676565.1,JAUCCD010000045.1,endopeptidase,87,1.306e-20,0.296
FW_TWAS_rep_2,GCA_034676565.1,JAUCCD010000002.1,fadE,145,1.418e-37,0.338
FW_TWAS_rep_2,GCA_034676565.1,JAUCCD010000026.1,crt,143,4.094e-40,0.373
FW_TWAS_rep_2,GCA_034676565.1,JAUCCD010000033.1,acs,51,3.095e-9,0.325
FW_TWAS_rep_2,GCA_034676565.1,JAUCCD010000035.1,etfA,292,2.428e-90,0.577
FW_TWAS_rep_2,GCA_034676565.1,JAUCCD010000001.1,acs,138,2.751e-35,0.26
FW_TWAS_rep_2,GCA_034676565.1,JAUCCD010000012.1,pepQ,163,1.318e-44,0.372
FW_TWAS_rep_2,GCA_034676565.1,JAUCCD010000041.1,crt,190,2.191e-54,0.388
FW_TWAS_rep_2,GCA_034676565.1,JAUCCD010000001.1,fadD,216,9.542e-61,0.322
FW_TWAS_rep_2,GCA_034676565.1,JAUCCD010000002.1,acs,115,3.71e-29,0.313
FW_TWAS_rep_2,GCA_034676565.1,JAUCCD010000012.1,pfkA,74,5.035e-16,0.302
FW_TWAS_rep_2,GCA_034676565.1,JAUCCD010000035.1,fdhA,353,6.757e-104,0.336
FW_TWAS_rep_2,GCA_034676565.1,JAUCCD010000012.1,pfor,46,2.504e-7,0.257
FW_TWAS_rep_2,GCA_034676565.1,JAUCCD010000028.1,acylglycerol_lipase,41,3.031e-6,0.379
FW_TWAS_rep_2,GCA_034676565.1,JAUCCD010000028.1,edd,235,4.344e-67,0.323
FW_TWAS_rep_2,GCA_034676565.1,JAUCCD010000021.1,acylglycerol_lipase,54,5.731e-10,0.26
FW_TWAS_rep_2,GCA_034676565.1,JAUCCD010000041.1,etfB,109,1.259e-28,0.374
FW_TWAS_rep_2,GCA_034676565.1,JAUCCD010000026.1,fadB,141,1.222e-36,0.328
FW_TWAS_rep_2,GCA_034676565.1,JAUCCD010000032.1,mmcF,123,1.356e-30,0.507
FW_TWAS_rep_2,GCA_034676565.1,JAUCCD010000032.1,etfA,58,1.645e-11,0.293
FW_TWAS_rep_2,GCA_034676565.1,JAUCCD010000035.1,acylglycerol_lipase,54,4.034e-10,0.276
FW_TWAS_rep_2,GCA_034676565.1,JAUCCD010000012.1,pyk,364,3.325e-112,0.455
FW_TWAS_rep_2,GCA_034676565.1,JAUCCD010000003.1,fdhA,123,1.691e-30,0.233
FW_TWAS_rep_2,GCA_034676565.1,JAUCCD010000018.1,etfA,79,1.549e-18,0.32
FW_TWAS_rep_2,GCA_034676565.1,JAUCCD010000018.1,bcd,98,8.091e-23,0.258
FW_TWAS_rep_2,GCA_034676565.1,JAUCCD010000021.1,fdhA,349,1.398e-104,0.367
FW_TWAS_rep_2,GCA_034676565.1,JAUCCD010000020.1,pgi,599,8.539e-192,0.581
FW_TWAS_rep_2,GCA_034676565.1,JAUCCD010000017.1,pepQ,65,8.866e-14,0.272
FW_TWAS_rep_2,GCA_034676565.1,JAUCCD010000020.1,dppA,101,1.089e-23,0.234
FW_TWAS_rep_2,GCA_034676565.1,JAUCCD010000041.1,acylglycerol_lipase,46,1.617e-7,0.35
FW_TWAS_rep_2,GCA_034676565.1,JAUCCD010000018.1,fadE,104,1.664e-24,0.275
FW_TWAS_rep_2,GCA_034676565.1,JAUCCD010000028.1,fadD,219,3.812e-62,0.338
FW_TWAS_rep_2,GCA_034676565.1,JAUCCD010000018.1,fadB,162,6.682e-46,0.35
FW_TWAS_rep_2,GCA_034676565.1,JAUCCD010000002.1,bcd,122,2.189e-30,0.312
FW_TWAS_rep_2,GCA_034676565.1,JAUCCD010000041.1,fadB,106,2.531e-26,0.321
FW_TWAS_rep_2,GCA_034676565.1,JAUCCD010000041.1,etfA,144,1.776e-39,0.397
FW_TWAS_rep_2,GCA_034676565.1,JAUCCD010000020.1,cazy_GH13,54,1.688e-9,0.245
FW_TWAS_rep_2,GCA_034676565.1,JAUCCD010000021.1,hydA,109,1.834e-26,0.313
FW_TWAS_rep_2,GCA_034676565.1,JAUCCD010000031.1,crt,287,7.592e-89,0.63
FW_TWAS_rep_2,GCA_034676565.1,JAUCCD010000001.1,bcd,400,1.743e-126,0.525
FW_TWAS_rep_2,GCA_034676565.1,JAUCCD010000041.1,bcd,141,5.281e-38,0.293
FW_TWAS_rep_2,GCA_034676565.1,JAUCCD010000031.1,sucC,385,1.005e-120,0.503
FW_TWAS_rep_2,GCA_034676565.1,JAUCCD010000003.1,lctC,441,1.539e-138,0.514
FW_TWAS_rep_2,GCA_034676565.1,JAUCCD010000021.1,tdcB,89,4.087e-21,0.298
FW_TWAS_rep_2,GCA_034676565.1,JAUCCD010000034.1,endopeptidase,174,2.553e-50,0.474
FW_TWAS_rep_2,GCA_034676565.1,JAUCCD010000028.1,ilvE,154,4.506e-43,0.345
FW_TWAS_rep_2,GCA_034676565.1,JAUCCD010000022.1,gdh,397,2.272e-125,0.663
FW_TWAS_rep_2,GCA_034676565.1,JAUCCD010000035.1,bcd,130,2.228e-33,0.317
FW_TWAS_rep_2,GCA_034676565.1,JAUCCD010000001.1,thl,400,6.121e-126,0.588
FW_TWAS_rep_2,GCA_034676565.1,JAUCCD010000029.1,acylglycerol_lipase,50,7.367e-9,0.341
FW_TWAS_rep_2,GCA_034676565.1,JAUCCD010000035.1,acs,144,1.291e-37,0.272
FW_TWAS_rep_2,GCA_034676565.1,JAUCCD010000035.1,aldh,46,4.312e-7,0.266
FW_TWAS_rep_2,GCA_034676565.1,JAUCCD010000018.1,fadA,356,1.365e-110,0.528
FW_TWAS_rep_2,GCA_034676565.1,JAUCCD010000018.1,thl,278,7.142e-84,0.439
FW_TWAS_rep_2,GCA_034676565.1,JAUCCD010000022.1,endopeptidase,273,2.127e-81,0.401
FW_TWAS_rep_2,GCA_034676565.1,JAUCCD010000003.1,acs,242,7.752e-69,0.279
FW_TWAS_rep_2,GCA_034676565.1,JAUCCD010000028.1,pyk,332,2.924e-101,0.426
FW_TWAS_rep_2,GCA_034676565.1,JAUCCD010000012.1,acylglycerol_lipase,43,1.247e-6,0.239
FW_TWAS_rep_2,GCA_034676565.1,JAUCCD010000008.1,tdcB,333,1.307e-97,0.465
FW_TWAS_rep_2,GCA_034676565.1,JAUCCD010000028.1,hbd,323,9.249e-102,0.587
FW_TWAS_rep_2,GCA_034676565.1,JAUCCD010000028.1,rnfB,46,5.015e-9,0.333
FW_TWAS_rep_2,GCA_034676565.1,JAUCCD010000041.1,fadD,134,1.346e-34,0.287
FW_TWAS_rep_2,GCA_034676565.1,JAUCCD010000036.1,fadA,213,1.982e-62,0.438
FW_TWAS_rep_2,GCA_034676565.1,JAUCCD010000028.1,acs,460,1.195e-143,0.45
FW_TWAS_rep_2,GCA_034676565.1,JAUCCD010000003.1,lctB,229,5.233e-69,0.508
FW_TWAS_rep_2,GCA_034676565.1,JAUCCD010000003.1,pepN,79,2.585e-17,0.28
FW_TWAS_rep_2,GCA_034676565.1,JAUCCD010000012.1,frhG,48,1.419e-8,0.285
FW_TWAS_rep_2,GCA_034676565.1,JAUCCD010000031.1,sucD,318,6.813e-100,0.554
FW_TWAS_rep_2,GCA_034676565.1,JAUCCD010000036.1,thl,244,3.052e-73,0.442
FW_TWAS_rep_2,GCA_034676565.1,JAUCCD010000012.1,acs,226,3.147e-64,0.343
FW_TWAS_rep_2,GCA_034676565.1,JAUCCD010000037.1,folD,335,1.658e-105,0.58
FW_TWAS_rep_2,GCA_034676565.1,JAUCCD010000024.1,lctB,63,5.832e-12,0.25
FW_TWAS_rep_2,GCA_034676565.1,JAUCCD010000032.1,crt,137,1.241e-37,0.37
FW_TWAS_rep_2,GCA_034676565.1,JAUCCD010000035.1,fadA,336,3.962e-104,0.497
FW_TWAS_rep_2,GCA_034676565.1,JAUCCD010000020.1,acs,200,3.463e-60,0.577
FW_TWAS_rep_2,GCA_034676565.1,JAUCCD010000031.1,gdh,111,5.75e-28,0.328
FW_TWAS_rep_2,GCA_034676565.1,JAUCCD010000002.1,fadD,123,7.231e-32,0.31
FW_TWAS_rep_2,GCA_034676565.1,JAUCCD010000012.1,fadD,170,7.747e-46,0.31
FW_TWAS_rep_2,GCA_034676565.1,JAUCCD010000012.1,frhB,47,3.436e-8,0.411
FW_TWAS_rep_2,GCA_034676565.1,JAUCCD010000026.1,hbd,251,4.645e-73,0.488
FW_TWAS_rep_2,GCA_034676565.1,JAUCCD010000026.1,fadA,341,1.203e-105,0.513
FW_TWAS_rep_2,GCA_034676565.1,JAUCCD010000032.1,cazy_GH5,91,1.158e-21,0.285
FW_TWAS_rep_2,GCA_034676565.1,JAUCCD010000012.1,pepA,386,6.496e-119,0.485
FW_TWAS_rep_2,GCA_034676565.1,JAUCCD010000041.1,fadE,177,6.175e-50,0.341
FW_TWAS_rep_2,GCA_034676565.1,JAUCCD010000036.1,fumB,108,8.868e-29,0.338
FW_TWAS_rep_2,GCA_034676565.1,JAUCCD010000004.1,phospholipase,94,1.992e-22,0.307
FW_TWAS_rep_2,GCA_034676565.1,JAUCCD010000035.1,adh,54,2.285e-10,0.349
FW_TWAS_rep_2,GCA_034676565.1,JAUCCD010000026.1,thl,322,3.972e-99,0.485
FW_TWAS_rep_2,GCA_032654705.1,JAULAZ010000003.1,pfkA,287,2.505e-88,0.487
FW_TWAS_rep_2,GCA_032654705.1,JAULAZ010000003.1,dppB,214,8.434e-63,0.406
FW_TWAS_rep_2,GCA_032654705.1,JAULAZ010000003.1,cat,267,3.027e-83,0.6
FW_TWAS_rep_2,GCA_032654705.1,JAULAZ010000003.1,hbd,294,4.361e-90,0.551
FW_TWAS_rep_2,GCA_032654705.1,JAULAZ010000003.1,pepQ,137,3.472e-36,0.304
FW_TWAS_rep_2,GCA_032654705.1,JAULAZ010000003.1,crt,214,1.604e-64,0.453
FW_TWAS_rep_2,GCA_032654705.1,JAULAZ010000003.1,sucD,334,3.912e-105,0.576
FW_TWAS_rep_2,GCA_032654705.1,JAULAZ010000003.1,etfB,154,1.488e-43,0.389
FW_TWAS_rep_2,GCA_032654705.1,JAULAZ010000003.1,fdhA,584,5.757e-181,0.424
FW_TWAS_rep_2,GCA_032654705.1,JAULAZ010000003.1,mdh,250,6.573e-76,0.453
FW_TWAS_rep_2,GCA_032654705.1,JAULAZ010000003.1,fadA,362,4.87e-113,0.513
FW_TWAS_rep_2,GCA_032654705.1,JAULAZ010000003.1,thl,406,2.473e-128,0.57
FW_TWAS_rep_2,GCA_032654705.1,JAULAZ010000003.1,oppA,205,1.302e-57,0.303
FW_TWAS_rep_2,GCA_032654705.1,JAULAZ010000003.1,fadD,330,5.023e-99,0.395
FW_TWAS_rep_2,GCA_032654705.1,JAULAZ010000003.1,fwdA,48,8.661e-8,0.375
FW_TWAS_rep_2,GCA_032654705.1,JAULAZ010000003.1,acylglycerol_lipase,45,2.659e-7,0.254
FW_TWAS_rep_2,GCA_032654705.1,JAULAZ010000003.1,agl,83,1.55e-18,0.327
FW_TWAS_rep_2,GCA_032654705.1,JAULAZ010000003.1,dppA,194,6.003e-54,0.281
FW_TWAS_rep_2,GCA_032654705.1,JAULAZ010000003.1,oppB,203,1.209e-58,0.369
FW_TWAS_rep_2,GCA_032654705.1,JAULAZ010000003.1,tdcB,91,3.385e-21,0.294
FW_TWAS_rep_2,GCA_032654705.1,JAULAZ010000003.1,mvhG,48,8.863e-9,0.3
FW_TWAS_rep_2,GCA_032654705.1,JAULAZ010000003.1,ilvE,262,1.683e-79,0.418
FW_TWAS_rep_2,GCA_032654705.1,JAULAZ010000003.1,acs,733,1.288e-236,0.558
FW_TWAS_rep_2,GCA_032654705.1,JAULAZ010000003.1,pepO,551,2.022e-173,0.447
FW_TWAS_rep_2,GCA_032654705.1,JAULAZ010000003.1,pepN,190,3.744e-51,0.32
FW_TWAS_rep_2,GCA_032654705.1,JAULAZ010000003.1,adh,44,5.208e-7,0.236
FW_TWAS_rep_2,GCA_032654705.1,JAULAZ010000003.1,gapA,296,3.182e-90,0.482
FW_TWAS_rep_2,GCA_032654705.1,JAULAZ010000003.1,frhB,45,6.402e-7,0.437
FW_TWAS_rep_2,GCA_032654705.1,JAULAZ010000003.1,mmcG,89,6.938e-23,0.396
FW_TWAS_rep_2,GCA_032654705.1,JAULAZ010000003.1,hydA,97,1.902e-22,0.301
FW_TWAS_rep_2,GCA_032654705.1,JAULAZ010000003.1,dppC,194,2.676e-55,0.357
FW_TWAS_rep_2,GCA_032654705.1,JAULAZ010000003.1,frhG,45,7.226e-8,0.23
FW_TWAS_rep_2,GCA_032654705.1,JAULAZ010000003.1,endopeptidase,229,4.795e-67,0.413
FW_TWAS_rep_2,GCA_032654705.1,JAULAZ010000003.1,mmcE,698,8.056e-227,0.67
FW_TWAS_rep_2,GCA_032654705.1,JAULAZ010000003.1,extracellular_protease,131,2.293e-33,0.394
FW_TWAS_rep_2,GCA_032654705.1,JAULAZ010000003.1,rnfB,87,1.298e-20,0.317
FW_TWAS_rep_2,GCA_032654705.1,JAULAZ010000003.1,susD,177,1.698e-48,0.316
FW_TWAS_rep_2,GCA_032654705.1,JAULAZ010000003.1,fhs,673,4.685e-217,0.6
FW_TWAS_rep_2,GCA_032654705.1,JAULAZ010000003.1,susC,695,3.143e-217,0.411
FW_TWAS_rep_2,GCA_032654705.1,JAULAZ010000003.1,pyk,387,4.735e-120,0.461
FW_TWAS_rep_2,GCA_032654705.1,JAULAZ010000003.1,gdh,593,2.256e-191,0.629
FW_TWAS_rep_2,GCA_032654705.1,JAULAZ010000003.1,lctC,382,6.083e-119,0.484
FW_TWAS_rep_2,GCA_032654705.1,JAULAZ010000003.1,xylB,63,2.214e-12,0.232
FW_TWAS_rep_2,GCA_032654705.1,JAULAZ010000003.1,lctB,235,3.928e-72,0.462
FW_TWAS_rep_2,GCA_032654705.1,JAULAZ010000003.1,sucC,370,2.283e-115,0.487
FW_TWAS_rep_2,GCA_032654705.1,JAULAZ010000003.1,fadB,173,9.012e-49,0.385
FW_TWAS_rep_2,GCA_032654705.1,JAULAZ010000003.1,lctD,86,2.44e-21,0.327
FW_TWAS_rep_2,GCA_032654705.1,JAULAZ010000004.1,tdcB,55,5.013e-10,0.289
FW_TWAS_rep_2,GCA_032654705.1,JAULAZ010000003.1,pta,164,3.321e-43,0.328
FW_TWAS_rep_2,GCA_032654705.1,JAULAZ010000003.1,mmcF,182,1.918e-55,0.631
FW_TWAS_rep_2,GCA_032654705.1,JAULAZ010000003.1,pgi,673,1.271e-217,0.628
FW_TWAS_rep_2,GCA_032654705.1,JAULAZ010000003.1,pfor,1421,0.0,0.601
FW_TWAS_rep_2,GCA_032654705.1,JAULAZ010000003.1,dtpT,392,5.704e-121,0.434
FW_TWAS_rep_2,GCA_032654705.1,JAULAZ010000003.1,pepT,228,2.175e-66,0.394
FW_TWAS_rep_2,GCA_032654705.1,JAULAZ010000003.1,folD,307,1.037e-95,0.574
FW_TWAS_rep_2,GCA_032654705.1,JAULAZ010000003.1,etfA,192,4.755e-56,0.391
FW_TWAS_rep_2,GCA_032654705.1,JAULAZ010000003.1,bcd,368,1.008e-114,0.514
FW_TWAS_rep_2,GCA_032654705.1,JAULAZ010000003.1,cazy_GH13,122,2.47e-30,0.324
FW_TWAS_rep_2,GCA_032654705.1,JAULAZ010000003.1,fadE,274,2.51e-82,0.424
FW_TWAS_rep_2,GCA_044224235.1,JBGAKV010000008.1,oppA,122,1.579e-30,0.261
FW_TWAS_rep_2,GCA_044224235.1,JBGAKV010000001.1,pepQ,167,1.186e-45,0.343
FW_TWAS_rep_2,GCA_044224235.1,JBGAKV010000002.1,pyk,370,6.597e-114,0.441
FW_TWAS_rep_2,GCA_044224235.1,JBGAKV010000013.1,thl,276,1.748e-83,0.411
FW_TWAS_rep_2,GCA_044224235.1,JBGAKV010000078.1,aldh,54,1.414e-9,0.256
FW_TWAS_rep_2,GCA_044224235.1,JBGAKV010000019.1,mmcG,112,7.551e-31,0.438
FW_TWAS_rep_2,GCA_044224235.1,JBGAKV010000063.1,frhG,44,2.994e-7,0.252
FW_TWAS_rep_2,GCA_044224235.1,JBGAKV010000006.1,lctB,230,2.619e-69,0.447
FW_TWAS_rep_2,GCA_044224235.1,JBGAKV010000001.1,pepO,583,4.086e-184,0.465
FW_TWAS_rep_2,GCA_044224235.1,JBGAKV010000013.1,susC,63,5.044e-12,0.271
FW_TWAS_rep_2,GCA_044224235.1,JBGAKV010000030.1,gdh,65,3.819e-13,0.545
FW_TWAS_rep_2,GCA_044224235.1,JBGAKV010000049.1,oppB,198,7.592e-57,0.461
FW_TWAS_rep_2,GCA_044224235.1,JBGAKV010000028.1,fadB,195,2.412e-57,0.407
FW_TWAS_rep_2,GCA_044224235.1,JBGAKV010000047.1,dtpT,319,1.073e-96,0.408
FW_TWAS_rep_2,GCA_044224235.1,JBGAKV010000036.1,dppB,207,2.665e-60,0.392
FW_TWAS_rep_2,GCA_044224235.1,JBGAKV010000013.1,fadA,346,2.322e-107,0.494
FW_TWAS_rep_2,GCA_044224235.1,JBGAKV010000010.1,gapA,200,1.498e-56,0.387
FW_TWAS_rep_2,GCA_044224235.1,JBGAKV010000001.1,dppA,184,9.311e-51,0.264
FW_TWAS_rep_2,GCA_044224235.1,JBGAKV010000051.1,pepA,312,1.962e-94,0.471
FW_TWAS_rep_2,GCA_044224235.1,JBGAKV010000078.1,fadD,120,8.413e-30,0.264
FW_TWAS_rep_2,GCA_044224235.1,JBGAKV010000028.1,sucC,367,1.383e-114,0.489
FW_TWAS_rep_2,GCA_044224235.1,JBGAKV010000028.1,sucD,101,1.366e-24,0.452
FW_TWAS_rep_2,GCA_044224235.1,JBGAKV010000061.1,extracellular_protease,50,1.746e-7,0.38
FW_TWAS_rep_2,GCA_044224235.1,JBGAKV010000068.1,crt,176,2.955e-51,0.395
FW_TWAS_rep_2,GCA_044224235.1,JBGAKV010000034.1,mvhG,47,1.766e-8,0.318
FW_TWAS_rep_2,GCA_044224235.1,JBGAKV010000045.1,fdhA,203,2.876e-55,0.276
FW_TWAS_rep_2,GCA_044224235.1,JBGAKV010000007.1,fadE,196,4.221e-56,0.362
FW_TWAS_rep_2,GCA_044224235.1,JBGAKV010000008.1,oppB,117,5.486e-30,0.276
FW_TWAS_rep_2,GCA_044224235.1,JBGAKV010000097.1,fadE,284,1.152e-86,0.43
FW_TWAS_rep_2,GCA_044224235.1,JBGAKV010000013.1,fadB,128,7.705e-32,0.303
FW_TWAS_rep_2,GCA_044224235.1,JBGAKV010000092.1,extracellular_protease,130,1.536e-32,0.35
FW_TWAS_rep_2,GCA_044224235.1,JBGAKV010000008.1,dppB,125,1.405e-32,0.282
FW_TWAS_rep_2,GCA_044224235.1,JBGAKV010000002.1,etfA,173,1.25e-48,0.436
FW_TWAS_rep_2,GCA_044224235.1,JBGAKV010000005.1,pepO,662,8.438e-212,0.494
FW_TWAS_rep_2,GCA_044224235.1,JBGAKV010000002.1,pepQ,160,5.168e-43,0.331
FW_TWAS_rep_2,GCA_044224235.1,JBGAKV010000035.1,mdh,282,3.7e-87,0.487
FW_TWAS_rep_2,GCA_044224235.1,JBGAKV010000060.1,pepN,145,1.044e-37,0.27
FW_TWAS_rep_2,GCA_044224235.1,JBGAKV010000002.1,endopeptidase,46,2.337e-7,0.311
FW_TWAS_rep_2,GCA_044224235.1,JBGAKV010000007.1,bcd,243,4.338e-72,0.371
FW_TWAS_rep_2,GCA_044224235.1,JBGAKV010000013.1,fhs,580,1.881e-185,0.544
FW_TWAS_rep_2,GCA_044224235.1,JBGAKV010000001.1,susC,81,1.604e-17,0.229
FW_TWAS_rep_2,GCA_044224235.1,JBGAKV010000049.1,dppC,189,6.651e-54,0.447
FW_TWAS_rep_2,GCA_044224235.1,JBGAKV010000009.1,hbd,273,1.97e-82,0.435
FW_TWAS_rep_2,GCA_044224235.1,JBGAKV010000078.1,acs,741,1.468e-239,0.57
FW_TWAS_rep_2,GCA_044224235.1,JBGAKV010000033.1,susC,53,3.894e-9,0.277
FW_TWAS_rep_2,GCA_044224235.1,JBGAKV010000009.1,etfB,144,3.792e-40,0.35
FW_TWAS_rep_2,GCA_044224235.1,JBGAKV010000034.1,fwdA,50,1.704e-8,0.305
FW_TWAS_rep_2,GCA_044224235.1,JBGAKV010000009.1,thl,313,3.903e-95,0.458
FW_TWAS_rep_2,GCA_044224235.1,JBGAKV010000002.1,mmcF,172,3.121e-52,0.597
FW_TWAS_rep_2,GCA_044224235.1,JBGAKV010000079.1,hydA,68,2.723e-14,0.252
FW_TWAS_rep_2,GCA_044224235.1,JBGAKV010000010.1,dtpT,425,2.459e-132,0.458
FW_TWAS_rep_2,GCA_044224235.1,JBGAKV010000021.1,lctC,49,4.612e-9,0.257
FW_TWAS_rep_2,GCA_044224235.1,JBGAKV010000008.1,adh,52,1.295e-9,0.3
FW_TWAS_rep_2,GCA_044224235.1,JBGAKV010000050.1,cat,267,1.311e-83,0.625
FW_TWAS_rep_2,GCA_044224235.1,JBGAKV010000057.1,gdh,115,1.537e-29,0.303
FW_TWAS_rep_2,GCA_044224235.1,JBGAKV010000001.1,thl,423,2.924e-134,0.593
FW_TWAS_rep_2,GCA_044224235.1,JBGAKV010000013.1,hbd,137,9.6e-35,0.268
FW_TWAS_rep_2,GCA_044224235.1,JBGAKV010000002.1,crt,222,4.195e-65,0.463
FW_TWAS_rep_2,GCA_044224235.1,JBGAKV010000063.1,mvhG,40,5.658e-6,0.5
FW_TWAS_rep_2,GCA_044224235.1,JBGAKV010000011.1,susC,66,3.589e-13,0.354
FW_TWAS_rep_2,GCA_044224235.1,JBGAKV010000015.1,mmcE,304,8.755e-86,0.377
FW_TWAS_rep_2,GCA_044224235.1,JBGAKV010000021.1,gdh,450,7.118e-143,0.539
FW_TWAS_rep_2,GCA_044224235.1,JBGAKV010000052.1,pepN,149,2.155e-39,0.379
FW_TWAS_rep_2,GCA_044224235.1,JBGAKV010000089.1,gdh,89,1.927e-20,0.259
FW_TWAS_rep_2,GCA_044224235.1,JBGAKV010000013.1,acs,50,1.921e-8,0.255
FW_TWAS_rep_2,GCA_044224235.1,JBGAKV010000028.1,hbd,312,1.232e-97,0.545
FW_TWAS_rep_2,GCA_044224235.1,JBGAKV010000079.1,frhB,42,1.187e-6,0.288
FW_TWAS_rep_2,GCA_044224235.1,JBGAKV010000077.1,endopeptidase,51,2.315e-9,0.317
FW_TWAS_rep_2,GCA_044224235.1,JBGAKV010000029.1,bcd,368,2.744e-115,0.498
FW_TWAS_rep_2,GCA_044224235.1,JBGAKV010000016.1,acylglycerol_lipase,54,3.678e-10,0.302
FW_TWAS_rep_2,GCA_044224235.1,JBGAKV010000008.1,dppA,77,1.619e-16,0.223
FW_TWAS_rep_2,GCA_044224235.1,JBGAKV010000063.1,hydA,66,1.044e-13,0.252
FW_TWAS_rep_2,GCA_044224235.1,JBGAKV010000021.1,lctD,85,5.047e-21,0.322
FW_TWAS_rep_2,GCA_044224235.1,JBGAKV010000028.1,susC,383,7.589e-112,0.294
FW_TWAS_rep_2,GCA_044224235.1,JBGAKV010000091.1,extracellular_protease,88,7.12e-20,0.297
FW_TWAS_rep_2,GCA_044224235.1,JBGAKV010000018.1,adh,61,3.175e-12,0.252
FW_TWAS_rep_2,GCA_044224235.1,JBGAKV010000007.1,pepN,117,1.022e-28,0.3
FW_TWAS_rep_2,GCA_044224235.1,JBGAKV010000013.1,fadE,235,5.367e-67,0.375
FW_TWAS_rep_2,GCA_044224235.1,JBGAKV010000009.1,fadB,181,4.075e-51,0.328
FW_TWAS_rep_2,GCA_044224235.1,JBGAKV010000017.1,pta,179,6.117e-48,0.334
FW_TWAS_rep_2,GCA_044224235.1,JBGAKV010000015.1,extracellular_protease,59,5.847e-11,0.32
FW_TWAS_rep_2,GCA_044224235.1,JBGAKV010000018.1,sucD,338,5.997e-106,0.583
FW_TWAS_rep_2,GCA_044224235.1,JBGAKV010000002.1,lctC,390,1.121e-121,0.449
FW_TWAS_rep_2,GCA_044224235.1,JBGAKV010000009.1,etfA,195,6.169e-57,0.425
FW_TWAS_rep_2,GCA_044224235.1,JBGAKV010000068.1,fadB,90,5.195e-22,0.305
FW_TWAS_rep_2,GCA_044224235.1,JBGAKV010000018.1,susC,58,1.737e-10,0.273
FW_TWAS_rep_2,GCA_044224235.1,JBGAKV010000013.1,bcd,276,5.045e-81,0.386
FW_TWAS_rep_2,GCA_044224235.1,JBGAKV010000029.1,fadE,258,2.122e-77,0.415
FW_TWAS_rep_2,GCA_044224235.1,JBGAKV010000001.1,fadA,263,3.343e-79,0.419
FW_TWAS_rep_2,GCA_044224235.1,JBGAKV010000006.1,gapA,304,4.824e-94,0.483
FW_TWAS_rep_2,GCA_044224235.1,JBGAKV010000007.1,gdh,460,7.33e-145,0.51
FW_TWAS_rep_2,GCA_044224235.1,JBGAKV010000008.1,dppC,102,1.223e-24,0.288
FW_TWAS_rep_2,GCA_044224235.1,JBGAKV010000018.1,folD,287,1.617e-88,0.541
FW_TWAS_rep_2,GCA_044224235.1,JBGAKV010000036.1,oppB,175,1.492e-49,0.345
FW_TWAS_rep_2,GCA_044224235.1,JBGAKV010000079.1,frhG,41,1.594e-6,0.328
FW_TWAS_rep_2,GCA_044224235.1,JBGAKV010000013.1,fadD,341,7.028e-103,0.406
FW_TWAS_rep_2,GCA_044224235.1,JBGAKV010000021.1,dtpT,313,8.565e-94,0.383
FW_TWAS_rep_2,GCA_044224235.1,JBGAKV010000001.1,oppA,208,1.873e-58,0.294
FW_TWAS_rep_2,GCA_044224235.1,JBGAKV010000051.1,pepN,218,5.095e-61,0.335
FW_TWAS_rep_2,GCA_044224235.1,JBGAKV010000097.1,bcd,396,3.556e-125,0.539
FW_TWAS_rep_2,GCA_044224235.1,JBGAKV010000062.1,extracellular_protease,53,4.776e-9,0.329
FW_TWAS_rep_2,GCA_044224235.1,JBGAKV010000080.1,pfkA,256,2.001e-77,0.436
FW_TWAS_rep_2,GCA_044224235.1,JBGAKV010000009.1,fadA,328,2.813e-100,0.48
FW_TWAS_rep_2,GCA_044224235.1,JBGAKV010000002.1,fadB,135,1.086e-35,0.387
FW_TWAS_rep_2,GCA_044223705.1,JBGALS010000008.1,pepT,154,1.074e-41,0.328
FW_TWAS_rep_2,GCA_044223705.1,JBGALS010000026.1,tdcB,317,5.487e-97,0.456
FW_TWAS_rep_2,GCA_044223705.1,JBGALS010000011.1,acs,63,3.901e-12,0.226
FW_TWAS_rep_2,GCA_044223705.1,JBGALS010000005.1,gdh,459,9.677e-146,0.526
FW_TWAS_rep_2,GCA_044223705.1,JBGALS010000001.1,adhE,64,1.28e-12,0.231
FW_TWAS_rep_2,GCA_044223705.1,JBGALS010000012.1,cazy_CE8,270,2.573e-77,0.484
FW_TWAS_rep_2,GCA_044223705.1,JBGALS010000001.1,frhG,49,8.322e-9,0.258
FW_TWAS_rep_2,GCA_044223705.1,JBGALS010000019.1,etfB,145,6.631e-41,0.402
FW_TWAS_rep_2,GCA_044223705.1,JBGALS010000008.1,aldh,62,5.589e-12,0.232
FW_TWAS_rep_2,GCA_044223705.1,JBGALS010000001.1,thl,330,4.018e-102,0.492
FW_TWAS_rep_2,GCA_044223705.1,JBGALS010000005.1,xylF,284,6.825e-87,0.474
FW_TWAS_rep_2,GCA_044223705.1,JBGALS010000006.1,dppB,231,3.148e-69,0.405
FW_TWAS_rep_2,GCA_044223705.1,JBGALS010000001.1,mdh,311,5.427e-97,0.537
FW_TWAS_rep_2,GCA_044223705.1,JBGALS010000005.1,pepN,187,4.156e-50,0.324
FW_TWAS_rep_2,GCA_044223705.1,JBGALS010000001.1,folD,328,1.029e-102,0.559
FW_TWAS_rep_2,GCA_044223705.1,JBGALS010000002.1,acs,346,4.545e-100,0.295
FW_TWAS_rep_2,GCA_044223705.1,JBGALS010000004.1,cazy_GH13,141,2.805e-36,0.318
FW_TWAS_rep_2,GCA_044223705.1,JBGALS010000002.1,etfA,100,3.54e-25,0.337
FW_TWAS_rep_2,GCA_044223705.1,JBGALS010000005.1,fadD,271,2.785e-76,0.346
FW_TWAS_rep_2,GCA_044223705.1,JBGALS010000006.1,oppB,250,8.093e-77,0.479
FW_TWAS_rep_2,GCA_044223705.1,JBGALS010000007.1,pta,233,1.371e-69,0.435
FW_TWAS_rep_2,GCA_044223705.1,JBGALS010000016.1,aldh,442,1.679e-137,0.477
FW_TWAS_rep_2,GCA_044223705.1,JBGALS010000012.1,cazy_GH43,152,3.739e-40,0.332
FW_TWAS_rep_2,GCA_044223705.1,JBGALS010000001.1,adh,69,5.306e-15,0.266
FW_TWAS_rep_2,GCA_044223705.1,JBGALS010000016.1,adhE,404,2.252e-124,0.493
FW_TWAS_rep_2,GCA_044223705.1,JBGALS010000015.1,pfkA,221,4.689e-65,0.417
FW_TWAS_rep_2,GCA_044223705.1,JBGALS010000009.1,thl,405,6.175e-128,0.56
FW_TWAS_rep_2,GCA_044223705.1,JBGALS010000002.1,pepT,105,2.491e-26,0.311
FW_TWAS_rep_2,GCA_044223705.1,JBGALS010000004.1,fadE,258,1.449e-77,0.412
FW_TWAS_rep_2,GCA_044223705.1,JBGALS010000006.1,tdcB,68,4.509e-14,0.267
FW_TWAS_rep_2,GCA_044223705.1,JBGALS010000016.1,mmcF,189,1.9e-57,0.706
FW_TWAS_rep_2,GCA_044223705.1,JBGALS010000014.1,adh,72,3.736e-16,0.285
FW_TWAS_rep_2,GCA_044223705.1,JBGALS010000010.1,pepQ,65,1.002e-13,0.294
FW_TWAS_rep_2,GCA_044223705.1,JBGALS010000001.1,acs,172,6.859e-47,0.276
FW_TWAS_rep_2,GCA_044223705.1,JBGALS010000003.1,adh,65,8.28e-14,0.276
FW_TWAS_rep_2,GCA_044223705.1,JBGALS010000001.1,mmcE,703,2.044e-228,0.667
FW_TWAS_rep_2,GCA_044223705.1,JBGALS010000009.1,lipase,64,1.355e-12,0.279
FW_TWAS_rep_2,GCA_044223705.1,JBGALS010000004.1,bcd,347,3.038e-108,0.468
FW_TWAS_rep_2,GCA_044223705.1,JBGALS010000001.1,hbd,143,2.011e-36,0.349
FW_TWAS_rep_2,GCA_044223705.1,JBGALS010000012.1,pfkA,44,8.318e-7,0.263
FW_TWAS_rep_2,GCA_044223705.1,JBGALS010000001.1,fadE,271,3.32e-82,0.454
FW_TWAS_rep_2,GCA_044223705.1,JBGALS010000004.1,agl,109,5.824e-27,0.288
FW_TWAS_rep_2,GCA_044223705.1,JBGALS010000001.1,fhs,689,1.304e-222,0.614
FW_TWAS_rep_2,GCA_044223705.1,JBGALS010000012.1,adh,79,3.158e-18,0.323
FW_TWAS_rep_2,GCA_044223705.1,JBGALS010000004.1,pepT,54,1.307e-9,0.252
FW_TWAS_rep_2,GCA_044223705.1,JBGALS010000001.1,dppA,160,3.548e-42,0.292
FW_TWAS_rep_2,GCA_044223705.1,JBGALS010000019.1,frhG,40,3.304e-6,0.343
FW_TWAS_rep_2,GCA_044223705.1,JBGALS010000002.1,fadD,256,5.966e-75,0.354
FW_TWAS_rep_2,GCA_044223705.1,JBGALS010000006.1,dppA,196,1.037e-54,0.302
FW_TWAS_rep_2,GCA_044223705.1,JBGALS010000005.1,mmcE,711,7.188e-231,0.656
FW_TWAS_rep_2,GCA_044223705.1,JBGALS010000009.1,gapA,336,1.76e-105,0.519
FW_TWAS_rep_2,GCA_044223705.1,JBGALS010000001.1,dtpT,270,2.818e-79,0.351
FW_TWAS_rep_2,GCA_044223705.1,JBGALS010000005.1,pepA,413,3.533e-129,0.492
FW_TWAS_rep_2,GCA_044223705.1,JBGALS010000001.1,crt,66,4.723e-13,0.314
FW_TWAS_rep_2,GCA_044223705.1,JBGALS010000008.1,gdh,44,9.749e-7,0.285
FW_TWAS_rep_2,GCA_044223705.1,JBGALS010000001.1,ilvE,142,1.088e-38,0.342
FW_TWAS_rep_2,GCA_044223705.1,JBGALS010000013.1,fdhA,47,4.022e-7,0.207
FW_TWAS_rep_2,GCA_044223705.1,JBGALS010000002.1,cazy_GH9,168,2.836e-44,0.295
FW_TWAS_rep_2,GCA_044223705.1,JBGALS010000005.1,ilvE,137,6.293e-37,0.308
FW_TWAS_rep_2,GCA_044223705.1,JBGALS010000014.1,bcd,273,2.673e-82,0.403
FW_TWAS_rep_2,GCA_044223705.1,JBGALS010000004.1,extracellular_protease,44,4.811e-6,0.29
FW_TWAS_rep_2,GCA_044223705.1,JBGALS010000009.1,hbd,326,6.959e-103,0.577
FW_TWAS_rep_2,GCA_044223705.1,JBGALS010000001.1,pepN,188,3.055e-50,0.309
FW_TWAS_rep_2,GCA_044223705.1,JBGALS010000005.1,acs,93,3.973e-21,0.229
FW_TWAS_rep_2,GCA_044223705.1,JBGALS010000019.1,sucD,371,4.826e-118,0.67
FW_TWAS_rep_2,GCA_044223705.1,JBGALS010000006.1,extracellular_protease,157,1.114e-44,0.398
FW_TWAS_rep_2,GCA_044223705.1,JBGALS010000003.1,pepO,606,2.246e-192,0.469
FW_TWAS_rep_2,GCA_044223705.1,JBGALS010000012.1,eda,183,2.527e-54,0.412
FW_TWAS_rep_2,GCA_044223705.1,JBGALS010000004.1,etfA,170,5.015e-49,0.423
FW_TWAS_rep_2,GCA_044223705.1,JBGALS010000004.1,crt,242,1.305e-73,0.515
FW_TWAS_rep_2,GCA_044223705.1,JBGALS010000002.1,crt,185,2.238e-54,0.45
FW_TWAS_rep_2,GCA_044223705.1,JBGALS010000011.1,fadD,347,2.451e-104,0.371
FW_TWAS_rep_2,GCA_044223705.1,JBGALS010000007.1,pepN,87,1.156e-19,0.225
FW_TWAS_rep_2,GCA_044223705.1,JBGALS010000002.1,bcd,152,2.431e-41,0.307
FW_TWAS_rep_2,GCA_044223705.1,JBGALS010000004.1,pepN,124,4.075e-31,0.269
FW_TWAS_rep_2,GCA_044223705.1,JBGALS010000016.1,tdcB,168,8.353e-48,0.347
FW_TWAS_rep_2,GCA_044223705.1,JBGALS010000007.1,dppC,115,1.174e-29,0.35
FW_TWAS_rep_2,GCA_044223705.1,JBGALS010000001.1,bcd,355,3.714e-111,0.498
FW_TWAS_rep_2,GCA_044223705.1,JBGALS010000004.1,fadB,133,3.171e-36,0.32
FW_TWAS_rep_2,GCA_044223705.1,JBGALS010000008.1,fadD,124,3.857e-31,0.272
FW_TWAS_rep_2,GCA_044223705.1,JBGALS010000006.1,dppC,235,1.678e-71,0.458
FW_TWAS_rep_2,GCA_044223705.1,JBGALS010000001.1,fadA,403,2.584e-127,0.558
FW_TWAS_rep_2,GCA_044223705.1,JBGALS010000002.1,pyk,363,6.916e-112,0.437
FW_TWAS_rep_2,GCA_044223705.1,JBGALS010000003.1,extracellular_protease,174,4.716e-48,0.406
FW_TWAS_rep_2,GCA_044223705.1,JBGALS010000001.1,oppA,201,2.188e-55,0.291
FW_TWAS_rep_2,GCA_044223705.1,JBGALS010000016.1,crt,131,4.356e-36,0.334
FW_TWAS_rep_2,GCA_044223705.1,JBGALS010000018.1,frhB,49,2.981e-8,0.382
FW_TWAS_rep_2,GCA_044223705.1,JBGALS010000014.1,fadE,243,3.671e-72,0.396
FW_TWAS_rep_2,GCA_044223705.1,JBGALS010000015.1,extracellular_protease,154,1.542e-40,0.383
FW_TWAS_rep_2,GCA_044223705.1,JBGALS010000005.1,sucC,419,5.964e-133,0.553
FW_TWAS_rep_2,GCA_044223705.1,JBGALS010000001.1,pepQ,171,1.957e-47,0.336
FW_TWAS_rep_2,GCA_044223705.1,JBGALS010000001.1,lctC,42,2.326e-6,0.281
FW_TWAS_rep_2,GCA_044223705.1,JBGALS010000001.1,prdB,139,1.207e-38,0.342
FW_TWAS_rep_2,GCA_044223705.1,JBGALS010000009.1,fadB,201,8.434e-60,0.425
FW_TWAS_rep_2,GCA_044223705.1,JBGALS010000016.1,etfA,93,2.677e-23,0.382
FW_TWAS_rep_2,GCA_044223705.1,JBGALS010000001.1,tdcB,265,2.359e-80,0.478
FW_TWAS_rep_2,GCA_044223705.1,JBGALS010000014.1,esterase,47,9.136e-8,0.295
FW_TWAS_rep_2,GCA_044223705.1,JBGALS010000002.1,tdcB,224,7.349e-67,0.447
FW_TWAS_rep_2,GCA_044223705.1,JBGALS010000009.1,fadA,316,3.49e-97,0.447
FW_TWAS_rep_2,GCA_044223705.1,JBGALS010000019.1,etfA,205,1.279e-59,0.414
FW_TWAS_rep_2,GCA_044223705.1,JBGALS010000002.1,aldh,55,4.46e-10,0.226
FW_TWAS_rep_2,GCA_044223705.1,JBGALS010000007.1,dppB,119,4.225e-31,0.295
FW_TWAS_rep_2,GCA_044223705.1,JBGALS010000001.1,fadD,354,4.293e-107,0.411
FW_TWAS_rep_2,GCA_044223705.1,JBGALS010000001.1,hydA,121,7.16e-30,0.326
FW_TWAS_rep_2,GCA_044223705.1,JBGALS010000005.1,sucD,117,7.895e-30,0.486
FW_TWAS_rep_2,GCA_044223705.1,JBGALS010000008.1,acs,767,2.286e-248,0.574
FW_TWAS_rep_2,GCA_044223705.1,JBGALS010000002.1,fadE,231,3.746e-68,0.396
FW_TWAS_rep_2,GCA_044223705.1,JBGALS010000001.1,extracellular_protease,147,1.34e-37,0.32
FW_TWAS_rep_2,GCA_044223705.1,JBGALS010000001.1,mvhG,44,3.775e-7,0.545
FW_TWAS_rep_2,GCA_044223705.1,JBGALS010000001.1,fadB,138,4.327e-35,0.344
FW_TWAS_rep_2,GCA_044223705.1,JBGALS010000006.1,oppA,171,1.281e-46,0.277
FW_TWAS_rep_2,GCA_044223705.1,JBGALS010000007.1,oppA,144,1.822e-37,0.265
FW_TWAS_rep_2,GCA_044223705.1,JBGALS010000005.1,pepQ,148,7.601e-39,0.299
FW_TWAS_rep_2,GCA_044223705.1,JBGALS010000001.1,mmcG,117,4.704e-33,0.445
FW_TWAS_rep_2,GCA_044223705.1,JBGALS010000007.1,oppB,142,1.779e-38,0.379
FW_TWAS_rep_2,GCA_044223705.1,JBGALS010000016.1,fadB,93,2.677e-23,0.343
FW_TWAS_rep_2,GCA_044223705.1,JBGALS010000001.1,fdhA,136,1.316e-34,0.277
FW_TWAS_rep_2,GCA_044223705.1,JBGALS010000007.1,dppA,128,2.272e-32,0.265
FW_TWAS_rep_2,GCA_044223705.1,JBGALS010000002.1,fwdA,56,2.705e-10,0.222
FW_TWAS_rep_2,GCA_044223705.1,JBGALS010000018.1,pfor,1425,0.0,0.612
FW_TWAS_rep_2,GCA_044223705.1,JBGALS010000001.1,edd,239,2.149e-68,0.324
FW_TWAS_rep_2,GCA_044223705.1,JBGALS010000001.1,pepT,210,5.229e-60,0.353
FW_TWAS_rep_2,GCA_044223705.1,JBGALS010000003.1,fdhA,591,3.599e-184,0.437
FW_TWAS_rep_2,GCA_044230475.1,JBGARA010000064.1,pepO,587,1.364e-185,0.458
FW_TWAS_rep_2,GCA_044230475.1,JBGARA010000028.1,fadA,302,3.114e-92,0.437
FW_TWAS_rep_2,GCA_044230475.1,JBGARA010000098.1,crt,66,5.997e-13,0.286
FW_TWAS_rep_2,GCA_044230475.1,JBGARA010000004.1,fdhA,561,7.353e-173,0.383
FW_TWAS_rep_2,GCA_044230475.1,JBGARA010000031.1,tdcB,173,1.191e-49,0.37
FW_TWAS_rep_2,GCA_044230475.1,JBGARA010000073.1,frhG,42,5.691e-6,0.35
FW_TWAS_rep_2,GCA_044230475.1,JBGARA010000053.1,adh,59,7.462e-12,0.264
FW_TWAS_rep_2,GCA_044230475.1,JBGARA010000046.1,oppB,253,9.623e-78,0.49
FW_TWAS_rep_2,GCA_044230475.1,JBGARA010000032.1,aldh,50,1.567e-8,0.266
FW_TWAS_rep_2,GCA_044230475.1,JBGARA010000002.1,fadB,117,2.733e-31,0.375
FW_TWAS_rep_2,GCA_044230475.1,JBGARA010000081.1,fwdA,53,2.517e-9,0.227
FW_TWAS_rep_2,GCA_044230475.1,JBGARA010000115.1,pta,241,1.121e-72,0.449
FW_TWAS_rep_2,GCA_044230475.1,JBGARA010000022.1,gdh,456,4.14e-145,0.519
FW_TWAS_rep_2,GCA_044230475.1,JBGARA010000002.1,fadD,130,4.943e-32,0.279
FW_TWAS_rep_2,GCA_044230475.1,JBGARA010000017.1,bcd,340,2.015e-105,0.458
FW_TWAS_rep_2,GCA_044230475.1,JBGARA010000013.1,hydA,111,7.905e-27,0.323
FW_TWAS_rep_2,GCA_044230475.1,JBGARA010000065.1,fadB,112,3.588e-30,0.383
FW_TWAS_rep_2,GCA_044230475.1,JBGARA010000098.1,hbd,149,1.593e-38,0.356
FW_TWAS_rep_2,GCA_044230475.1,JBGARA010000073.1,pfor,42,5.691e-6,0.316
FW_TWAS_rep_2,GCA_044230475.1,JBGARA010000026.1,oppB,342,1.725e-107,0.582
FW_TWAS_rep_2,GCA_044230475.1,JBGARA010000037.1,acs,106,1.378e-25,0.248
FW_TWAS_rep_2,GCA_044230475.1,JBGARA010000014.1,bcd,259,4.051e-75,0.38
FW_TWAS_rep_2,GCA_044230475.1,JBGARA010000031.1,aldh,447,2.511e-139,0.47
FW_TWAS_rep_2,GCA_044230475.1,JBGARA010000040.1,extracellular_protease,139,1.138e-35,0.301
FW_TWAS_rep_2,GCA_044230475.1,JBGARA010000028.1,thl,400,4.295e-126,0.571
FW_TWAS_rep_2,GCA_044230475.1,JBGARA010000032.1,fadB,91,4.55e-22,0.313
FW_TWAS_rep_2,GCA_044230475.1,JBGARA010000040.1,acs,100,3.497e-23,0.24
FW_TWAS_rep_2,GCA_044230475.1,JBGARA010000003.1,fdhA,181,2.935e-48,0.284
FW_TWAS_rep_2,GCA_044230475.1,JBGARA010000098.1,fadB,141,5.681e-36,0.322
FW_TWAS_rep_2,GCA_044230475.1,JBGARA010000031.1,adhE,388,3.645e-119,0.478
FW_TWAS_rep_2,GCA_044230475.1,JBGARA010000014.1,thl,321,4.764e-99,0.476
FW_TWAS_rep_2,GCA_044230475.1,JBGARA010000107.1,fdhA,487,1.395e-151,0.409
FW_TWAS_rep_2,GCA_044230475.1,JBGARA010000073.1,frhB,43,1.865e-6,0.411
FW_TWAS_rep_2,GCA_044230475.1,JBGARA010000036.1,extracellular_protease,84,5.696e-19,0.257
FW_TWAS_rep_2,GCA_044230475.1,JBGARA010000107.1,hydA,42,1.212e-6,0.289
FW_TWAS_rep_2,GCA_044230475.1,JBGARA010000014.1,fadA,404,1.238e-127,0.558
FW_TWAS_rep_2,GCA_044230475.1,JBGARA010000046.1,dppB,243,4.713e-73,0.409
FW_TWAS_rep_2,GCA_044230475.1,JBGARA010000026.1,folD,319,4.777e-99,0.492
FW_TWAS_rep_2,GCA_044230475.1,JBGARA010000008.1,pepN,74,1.202e-15,0.225
FW_TWAS_rep_2,GCA_044230475.1,JBGARA010000067.1,fadE,239,1.14e-70,0.389
FW_TWAS_rep_2,GCA_044230475.1,JBGARA010000013.1,frhG,48,1.18e-8,0.234
FW_TWAS_rep_2,GCA_044230475.1,JBGARA010000103.1,prdB,153,2.266e-43,0.352
FW_TWAS_rep_2,GCA_044230475.1,JBGARA010000001.1,mmcG,44,7.389e-7,0.344
FW_TWAS_rep_2,GCA_044230475.1,JBGARA010000005.1,sucC,413,8.193e-131,0.543
FW_TWAS_rep_2,GCA_044230475.1,JBGARA010000046.1,dppC,242,4.636e-74,0.489
FW_TWAS_rep_2,GCA_044230475.1,JBGARA010000003.1,adh,66,2.734e-14,0.307
FW_TWAS_rep_2,GCA_044230475.1,JBGARA010000013.1,fdhA,147,7.16e-38,0.271
FW_TWAS_rep_2,GCA_044230475.1,JBGARA010000055.1,pepN,74,7.362e-16,0.249
FW_TWAS_rep_2,GCA_044230475.1,JBGARA010000037.1,extracellular_protease,167,9.488e-46,0.369
FW_TWAS_rep_2,GCA_044230475.1,JBGARA010000011.1,sucD,361,6.784e-114,0.598
FW_TWAS_rep_2,GCA_044230475.1,JBGARA010000032.1,etfA,106,4.43e-27,0.325
FW_TWAS_rep_2,GCA_044230475.1,JBGARA010000028.1,fadB,209,1.092e-61,0.429
FW_TWAS_rep_2,GCA_044230475.1,JBGARA010000010.1,tdcB,335,1.044e-103,0.501
FW_TWAS_rep_2,GCA_044230475.1,JBGARA010000098.1,fadA,380,9.949e-120,0.558
FW_TWAS_rep_2,GCA_044230475.1,JBGARA010000040.1,fadD,289,2.912e-82,0.357
FW_TWAS_rep_2,GCA_044230475.1,JBGARA010000079.1,bcd,354,1.871e-110,0.496
FW_TWAS_rep_2,GCA_044230475.1,JBGARA010000026.1,dppC,274,4.847e-84,0.464
FW_TWAS_rep_2,GCA_044230475.1,JBGARA010000041.1,pepT,211,2.944e-60,0.369
FW_TWAS_rep_2,GCA_044230475.1,JBGARA010000098.1,thl,316,1.149e-97,0.496
FW_TWAS_rep_2,GCA_044230475.1,JBGARA010000041.1,acs,180,1.995e-49,0.304
FW_TWAS_rep_2,GCA_044230475.1,JBGARA010000054.1,etfB,124,2.053e-33,0.408
FW_TWAS_rep_2,GCA_044230475.1,JBGARA010000001.1,mtrA,161,2.924e-44,0.484
FW_TWAS_rep_2,GCA_044230475.1,JBGARA010000007.1,acs,486,2.767e-151,0.424
FW_TWAS_rep_2,GCA_044230475.1,JBGARA010000017.1,fadE,257,5.99e-77,0.401
FW_TWAS_rep_2,GCA_044230475.1,JBGARA010000014.1,fadE,231,9.002e-66,0.358
FW_TWAS_rep_2,GCA_044230475.1,JBGARA010000054.1,etfA,204,7.258e-60,0.395
FW_TWAS_rep_2,GCA_044230475.1,JBGARA010000002.1,crt,246,2.239e-75,0.52
FW_TWAS_rep_2,GCA_044230475.1,JBGARA010000100.1,pepN,81,2.698e-18,0.248
FW_TWAS_rep_2,GCA_044230475.1,JBGARA010000005.1,pepA,404,1.328e-125,0.463
FW_TWAS_rep_2,GCA_044230475.1,JBGARA010000075.1,acs,783,1.513e-253,0.584
FW_TWAS_rep_2,GCA_044230475.1,JBGARA010000016.1,mmcE,689,1.86e-223,0.64
FW_TWAS_rep_2,GCA_044230475.1,JBGARA010000041.1,fadD,262,1.018e-76,0.362
FW_TWAS_rep_2,GCA_044230475.1,JBGARA010000038.1,lctC,43,1.076e-6,0.292
FW_TWAS_rep_2,GCA_044230475.1,JBGARA010000019.1,pfkA,217,1.102e-63,0.397
FW_TWAS_rep_2,GCA_044230475.1,JBGARA010000065.1,mmcF,197,5.177e-61,0.717
FW_TWAS_rep_2,GCA_044230475.1,JBGARA010000106.1,pepN,162,1.898e-42,0.26
FW_TWAS_rep_2,GCA_044230475.1,JBGARA010000067.1,bcd,276,2.304e-83,0.406
FW_TWAS_rep_2,GCA_044230475.1,JBGARA010000013.1,mvhG,42,1.266e-6,0.516
FW_TWAS_rep_2,GCA_044230475.1,JBGARA010000005.1,sucD,114,5.351e-29,0.469
FW_TWAS_rep_2,GCA_044230475.1,JBGARA010000010.1,extracellular_protease,104,1.245e-24,0.337
FW_TWAS_rep_2,GCA_044230475.1,JBGARA010000004.1,acs,94,1.118e-21,0.258
FW_TWAS_rep_2,GCA_044230475.1,JBGARA010000004.1,fadD,358,3.152e-108,0.406
FW_TWAS_rep_2,GCA_044230475.1,JBGARA010000079.1,fadE,271,6.121e-82,0.46
FW_TWAS_rep_2,GCA_044230475.1,JBGARA010000017.1,pepN,126,2.877e-32,0.273
FW_TWAS_rep_2,GCA_044230475.1,JBGARA010000065.1,etfA,120,7.053e-33,0.368
FW_TWAS_rep_2,GCA_044230475.1,JBGARA010000040.1,pepN,167,1.027e-43,0.29
FW_TWAS_rep_2,GCA_044230475.1,JBGARA010000011.1,pepQ,61,2.494e-12,0.274
FW_TWAS_rep_2,GCA_044230475.1,JBGARA010000024.1,extracellular_protease,151,4.649e-39,0.353
FW_TWAS_rep_2,GCA_044230475.1,JBGARA010000042.1,dppA,203,4.747e-57,0.31
FW_TWAS_rep_2,GCA_044230475.1,JBGARA010000007.1,fadD,263,1.364e-72,0.314
FW_TWAS_rep_2,GCA_044230475.1,JBGARA010000012.1,dtpT,277,8.176e-82,0.357
FW_TWAS_rep_2,GCA_044230475.1,JBGARA010000044.1,xylB,49,2.407e-8,0.227
FW_TWAS_rep_2,GCA_044230475.1,JBGARA010000005.1,xylF,275,3.658e-84,0.472
FW_TWAS_rep_2,GCA_044230475.1,JBGARA010000055.1,fhs,684,2.484e-221,0.612
FW_TWAS_rep_2,GCA_044230475.1,JBGARA010000011.1,frhG,40,3.992e-6,0.343
FW_TWAS_rep_2,GCA_044230475.1,JBGARA010000002.1,acs,119,1.082e-28,0.279
FW_TWAS_rep_2,GCA_044230475.1,JBGARA010000002.1,etfA,168,1.456e-48,0.419
FW_TWAS_rep_2,GCA_044230475.1,JBGARA010000037.1,fadD,353,1.166e-106,0.399
FW_TWAS_rep_2,GCA_044230475.1,JBGARA010000043.1,lysophospholipase,51,1.631e-9,0.252
FW_TWAS_rep_2,GCA_044230475.1,JBGARA010000004.1,hydA,93,5.263e-21,0.3
FW_TWAS_rep_2,GCA_044230475.1,JBGARA010000007.1,pepT,76,8.747e-18,0.318
FW_TWAS_rep_2,GCA_044230475.1,JBGARA010000027.1,pyk,354,1.633e-108,0.441
FW_TWAS_rep_2,GCA_044230475.1,JBGARA010000004.1,pepN,63,3.181e-12,0.233
FW_TWAS_rep_2,GCA_044230475.1,JBGARA010000130.1,ilvE,137,7.324e-37,0.32
FW_TWAS_rep_2,GCA_044230475.1,JBGARA010000054.1,fwdA,41,7.303e-6,0.363
FW_TWAS_rep_2,GCA_044230475.1,JBGARA010000075.1,fadD,139,1.321e-35,0.275
FW_TWAS_rep_2,GCA_044230475.1,JBGARA010000060.1,extracellular_protease,147,6.758e-39,0.37
FW_TWAS_rep_2,GCA_044230475.1,JBGARA010000026.1,oppA,311,1.755e-91,0.328
FW_TWAS_rep_2,GCA_044230475.1,JBGARA010000079.1,mmcG,124,2.567e-35,0.453
FW_TWAS_rep_2,GCA_044230475.1,JBGARA010000026.1,dppA,232,2.82e-65,0.283
FW_TWAS_rep_2,GCA_044230475.1,JBGARA010000088.1,gapA,344,6.703e-108,0.523
FW_TWAS_rep_2,GCA_044230475.1,JBGARA010000006.1,fdhA,520,1.218e-161,0.408
FW_TWAS_rep_2,GCA_044230475.1,JBGARA010000028.1,hbd,324,1.473e-101,0.577
FW_TWAS_rep_2,GCA_044230475.1,JBGARA010000026.1,extracellular_protease,125,4.72e-31,0.335
FW_TWAS_rep_2,GCA_044230475.1,JBGARA010000078.1,mmcE,702,1.91e-227,0.639
FW_TWAS_rep_2,GCA_044230475.1,JBGARA010000042.1,oppA,156,1.617e-41,0.263
FW_TWAS_rep_2,GCA_044230475.1,JBGARA010000026.1,dppB,249,6.851e-76,0.422
FW_TWAS_rep_2,GCA_044230475.1,JBGARA010000065.1,crt,141,2.171e-39,0.363
FW_TWAS_rep_2,GCA_044230475.1,JBGARA010000104.1,acylglycerol_lipase,56,1.253e-10,0.239
FW_TWAS_rep_2,GCA_044230475.1,JBGARA010000064.1,pepQ,191,7.514e-54,0.358
FW_TWAS_rep_2,GCA_044230475.1,JBGARA010000006.1,hydA,41,4.535e-6,0.289
FW_TWAS_rep_2,GCA_044230475.1,JBGARA010000005.1,tdcB,239,3.333e-72,0.437
FW_TWAS_rep_2,GCA_044230475.1,JBGARA010000026.1,mdh,315,1.786e-98,0.538
FW_TWAS_rep_2,GCA_044230475.1,JBGARA010000003.1,extracellular_protease,194,2.404e-54,0.433
FW_TWAS_rep_2,GCA_044230475.1,JBGARA010000032.1,crt,172,8.881e-50,0.412
FW_TWAS_rep_2,GCA_044230475.1,JBGARA010000013.1,lysophospholipase,55,3.564e-10,0.247
FW_TWAS_rep_2,GCF_002978245.1,NZ_NRMR01000012.1,fdhA,190,5.09e-51,0.277
FW_TWAS_rep_2,GCF_002978245.1,NZ_NRMR01000015.1,ptsG,339,3.498e-103,0.411
FW_TWAS_rep_2,GCF_002978245.1,NZ_NRMR01000019.1,dppC,134,8.402e-36,0.349
FW_TWAS_rep_2,GCF_002978245.1,NZ_NRMR01000014.1,crt,136,2.844e-37,0.373
FW_TWAS_rep_2,GCF_002978245.1,NZ_NRMR01000005.1,fadD,94,3.862e-21,0.241
FW_TWAS_rep_2,GCF_002978245.1,NZ_NRMR01000006.1,oppA,423,1.01e-131,0.448
FW_TWAS_rep_2,GCF_002978245.1,NZ_NRMR01000036.1,susC,46,7.161e-7,0.34
FW_TWAS_rep_2,GCF_002978245.1,NZ_NRMR01000014.1,hbd,210,1.06e-57,0.344
FW_TWAS_rep_2,GCF_002978245.1,NZ_NRMR01000015.1,frhB,48,8.391e-9,0.51
FW_TWAS_rep_2,GCF_002978245.1,NZ_NRMR01000023.1,crt,133,1.287e-33,0.35
FW_TWAS_rep_2,GCF_002978245.1,NZ_NRMR01000005.1,ptsG,319,1.403e-94,0.414
FW_TWAS_rep_2,GCF_002978245.1,NZ_NRMR01000005.1,cazy_GH13,196,2.688e-54,0.368
FW_TWAS_rep_2,GCF_002978245.1,NZ_NRMR01000010.1,crt,48,3.701e-8,0.417
FW_TWAS_rep_2,GCF_002978245.1,NZ_NRMR01000010.1,cazy_GH13,104,7.741e-25,0.291
FW_TWAS_rep_2,GCF_002978245.1,NZ_NRMR01000005.1,sucD,379,2.386e-120,0.662
FW_TWAS_rep_2,GCF_002978245.1,NZ_NRMR01000011.1,bgl,204,7.879e-58,0.316
FW_TWAS_rep_2,GCF_002978245.1,NZ_NRMR01000002.1,pfkA,48,2.348e-8,0.416
FW_TWAS_rep_2,GCF_002978245.1,NZ_NRMR01000031.1,ilvE,168,1.308e-47,0.355
FW_TWAS_rep_2,GCF_002978245.1,NZ_NRMR01000017.1,adh,63,3.581e-13,0.27
FW_TWAS_rep_2,GCF_002978245.1,NZ_NRMR01000004.1,glcP,195,1.149e-54,0.306
FW_TWAS_rep_2,GCF_002978245.1,NZ_NRMR01000023.1,phospholipase,214,9.605e-64,0.425
FW_TWAS_rep_2,GCF_002978245.1,NZ_NRMR01000009.1,cazy_GH43,113,2.475e-29,0.289
FW_TWAS_rep_2,GCF_002978245.1,NZ_NRMR01000012.1,dppA,278,1.192e-81,0.353
FW_TWAS_rep_2,GCF_002978245.1,NZ_NRMR01000041.1,dppA,789,1.226e-257,0.727
FW_TWAS_rep_2,GCF_002978245.1,NZ_NRMR01000023.1,fadA,378,7.495e-119,0.542
FW_TWAS_rep_2,GCF_002978245.1,NZ_NRMR01000005.1,sucC,381,7.167e-120,0.517
FW_TWAS_rep_2,GCF_002978245.1,NZ_NRMR01000019.1,oppB,185,9.531e-53,0.339
FW_TWAS_rep_2,GCF_002978245.1,NZ_NRMR01000041.1,oppA,199,2.59e-55,0.3
FW_TWAS_rep_2,GCF_002978245.1,NZ_NRMR01000022.1,fdhA,227,5.12e-63,0.284
FW_TWAS_rep_2,GCF_002978245.1,NZ_NRMR01000006.1,dppA,276,1.428e-81,0.328
FW_TWAS_rep_2,GCF_002978245.1,NZ_NRMR01000011.1,acs,104,8.071e-25,0.246
FW_TWAS_rep_2,GCF_002978245.1,NZ_NRMR01000001.1,pyk,371,7.899e-115,0.483
FW_TWAS_rep_2,GCF_002978245.1,NZ_NRMR01000013.1,pepQ,185,1.395e-51,0.357
FW_TWAS_rep_2,GCF_002978245.1,NZ_NRMR01000008.1,pfkA,57,7.539e-11,0.281
FW_TWAS_rep_2,GCF_002978245.1,NZ_NRMR01000014.1,thl,225,2.037e-65,0.354
FW_TWAS_rep_2,GCF_002978245.1,NZ_NRMR01000019.1,pfkA,144,3.313e-39,0.368
FW_TWAS_rep_2,GCF_002978245.1,NZ_NRMR01000011.1,fadD,138,2.931e-35,0.336
FW_TWAS_rep_2,GCF_002978245.1,NZ_NRMR01000014.1,frhB,43,6.766e-7,0.357
FW_TWAS_rep_2,GCF_002978245.1,NZ_NRMR01000015.1,dppC,198,1.142e-57,0.433
FW_TWAS_rep_2,GCF_002978245.1,NZ_NRMR01000011.1,fadA,323,2.906e-99,0.505
FW_TWAS_rep_2,GCF_002978245.1,NZ_NRMR01000001.1,dppB,263,1.814e-80,0.445
FW_TWAS_rep_2,GCF_002978245.1,NZ_NRMR01000023.1,lysophospholipase,207,8.427e-61,0.432
FW_TWAS_rep_2,GCF_002978245.1,NZ_NRMR01000006.1,ptsG,519,1.006e-165,0.573
FW_TWAS_rep_2,GCF_002978245.1,NZ_NRMR01000018.1,aldh,70,1.782e-14,0.25
FW_TWAS_rep_2,GCF_002978245.1,NZ_NRMR01000011.1,adh,63,3.376e-13,0.246
FW_TWAS_rep_2,GCF_002978245.1,NZ_NRMR01000002.1,adhE,224,1.725e-65,0.389
FW_TWAS_rep_2,GCF_002978245.1,NZ_NRMR01000021.1,bgl,232,1.848e-67,0.322
FW_TWAS_rep_2,GCF_002978245.1,NZ_NRMR01000055.1,gapA,351,1.48e-110,0.548
FW_TWAS_rep_2,GCF_002978245.1,NZ_NRMR01000006.1,fdhA,220,6.541e-61,0.291
FW_TWAS_rep_2,GCF_002978245.1,NZ_NRMR01000001.1,aldh,415,3.692e-124,0.509
FW_TWAS_rep_2,GCF_002978245.1,NZ_NRMR01000021.1,extracellular_protease,113,2.843e-27,0.306
FW_TWAS_rep_2,GCF_002978245.1,NZ_NRMR01000001.1,eda,225,7.165e-69,0.532
FW_TWAS_rep_2,GCF_002978245.1,NZ_NRMR01000022.1,oppA,216,1.479e-61,0.325
FW_TWAS_rep_2,GCF_002978245.1,NZ_NRMR01000014.1,fadB,445,3.066e-136,0.395
FW_TWAS_rep_2,GCF_002978245.1,NZ_NRMR01000013.1,gapA,246,8.462e-74,0.399
FW_TWAS_rep_2,GCF_002978245.1,NZ_NRMR01000034.1,pepD,521,3.731e-166,0.542
FW_TWAS_rep_2,GCF_002978245.1,NZ_NRMR01000001.1,adhE,1087,0.0,0.642
FW_TWAS_rep_2,GCF_002978245.1,NZ_NRMR01000014.1,fadA,246,2.179e-72,0.4
FW_TWAS_rep_2,GCF_002978245.1,NZ_NRMR01000012.1,endopeptidase,235,1.44e-66,0.368
FW_TWAS_rep_2,GCF_002978245.1,NZ_NRMR01000302.1,etfA,52,1.156e-10,0.378
FW_TWAS_rep_2,GCF_002978245.1,NZ_NRMR01000249.1,bcd,96,1.23e-25,0.404
FW_TWAS_rep_2,GCF_002978245.1,NZ_NRMR01000025.1,mdh,182,4.395e-52,0.355
FW_TWAS_rep_2,GCF_002978245.1,NZ_NRMR01000003.1,adhE,108,6.615e-27,0.257
FW_TWAS_rep_2,GCF_002978245.1,NZ_NRMR01000002.1,cazy_GH13,79,4.92e-17,0.288
FW_TWAS_rep_2,GCF_002978245.1,NZ_NRMR01000019.1,oppA,88,7.35e-20,0.247
FW_TWAS_rep_2,GCF_002978245.1,NZ_NRMR01000015.1,dppB,166,4.524e-47,0.386
FW_TWAS_rep_2,GCF_002978245.1,NZ_NRMR01000031.1,tdcB,303,4.169e-91,0.455
FW_TWAS_rep_2,GCF_002978245.1,NZ_NRMR01000027.1,dppB,289,2.163e-89,0.462
FW_TWAS_rep_2,GCF_002978245.1,NZ_NRMR01000011.1,thl,406,5.829e-128,0.576
FW_TWAS_rep_2,GCF_002978245.1,NZ_NRMR01000027.1,dppC,252,7.055e-77,0.48
FW_TWAS_rep_2,GCF_002978245.1,NZ_NRMR01000004.1,folD,330,4.028e-103,0.597
FW_TWAS_rep_2,GCF_002978245.1,NZ_NRMR01000002.1,fdhA,306,1.308e-88,0.321
FW_TWAS_rep_2,GCF_002978245.1,NZ_NRMR01000003.1,pgi,726,2.64e-235,0.682
FW_TWAS_rep_2,GCF_002978245.1,NZ_NRMR01000002.1,dppC,419,1.264e-134,0.706
FW_TWAS_rep_2,GCF_002978245.1,NZ_NRMR01000019.1,dppA,65,5.607e-13,0.197
FW_TWAS_rep_2,GCF_002978245.1,NZ_NRMR01000015.1,fumB,742,3.959e-241,0.652
FW_TWAS_rep_2,GCF_002978245.1,NZ_NRMR01000001.1,acs,154,1.008e-40,0.283
FW_TWAS_rep_2,GCF_002978245.1,NZ_NRMR01000001.1,adh,59,6.818e-12,0.274
FW_TWAS_rep_2,GCF_002978245.1,NZ_NRMR01000034.1,bcd,101,1.296e-23,0.277
FW_TWAS_rep_2,GCF_002978245.1,NZ_NRMR01000302.1,crt,57,1.995e-12,0.43
FW_TWAS_rep_2,GCF_002978245.1,NZ_NRMR01000019.1,dppB,174,3.899e-49,0.325
FW_TWAS_rep_2,GCF_002978245.1,NZ_NRMR01000018.1,frhB,44,1.611e-7,0.365
FW_TWAS_rep_2,GCF_002978245.1,NZ_NRMR01000012.1,oppA,415,1.822e-128,0.455
FW_TWAS_rep_2,GCF_002978245.1,NZ_NRMR01000014.1,ackA,367,9.331e-115,0.51
FW_TWAS_rep_2,GCF_002978245.1,NZ_NRMR01000003.1,acs,830,3.092e-270,0.606
FW_TWAS_rep_2,GCF_002978245.1,NZ_NRMR01000041.1,pepT,209,2.24e-58,0.369
FW_TWAS_rep_2,GCF_002978245.1,NZ_NRMR01000001.1,fdhA,372,3.698e-109,0.344
FW_TWAS_rep_2,GCF_002978245.1,NZ_NRMR01000022.1,adh,72,3.326e-16,0.269
FW_TWAS_rep_2,GCF_002978245.1,NZ_NRMR01000009.1,pepQ,69,4.835e-15,0.283
FW_TWAS_rep_2,GCF_002978245.1,NZ_NRMR01000027.1,dppA,218,5.824e-62,0.311
FW_TWAS_rep_2,GCF_002978245.1,NZ_NRMR01000014.1,etfA,108,9.233e-26,0.35
FW_TWAS_rep_2,GCF_002978245.1,NZ_NRMR01000001.1,edd,830,3.719e-271,0.668
FW_TWAS_rep_2,GCF_002978245.1,NZ_NRMR01000008.1,mer,60,8.528e-12,0.376
FW_TWAS_rep_2,GCF_002978245.1,NZ_NRMR01000013.1,glcP,228,8.248e-66,0.329
FW_TWAS_rep_2,GCF_002978245.1,NZ_NRMR01000022.1,cazy_GH13,173,6.177e-47,0.36
FW_TWAS_rep_2,GCF_002978245.1,NZ_NRMR01000021.1,ptsG,76,6.735e-19,0.479
FW_TWAS_rep_2,GCF_002978245.1,NZ_NRMR01000036.1,cazy_GH13,75,8.514e-16,0.261
FW_TWAS_rep_2,GCF_002978245.1,NZ_NRMR01000038.1,bgl,211,1.379e-60,0.325
FW_TWAS_rep_2,GCF_002978245.1,NZ_NRMR01000015.1,dppA,105,2.834e-25,0.245
FW_TWAS_rep_2,GCF_002978245.1,NZ_NRMR01000012.1,rnfB,40,4.698e-6,0.28
FW_TWAS_rep_2,GCF_002978245.1,NZ_NRMR01000014.1,mvhG,42,1.837e-6,0.323
FW_TWAS_rep_2,GCF_002978245.1,NZ_NRMR01000007.1,pepA,262,4.031e-78,0.459
FW_TWAS_rep_2,GCF_002978245.1,NZ_NRMR01000001.1,oppA,445,1.286e-138,0.468
FW_TWAS_rep_2,GCF_002978245.1,NZ_NRMR01000008.1,pepA,347,2.454e-106,0.44
FW_TWAS_rep_2,GCF_002978245.1,NZ_NRMR01000010.1,pfkA,254,5.385e-77,0.449
FW_TWAS_rep_2,GCF_002978245.1,NZ_NRMR01000023.1,acylglycerol_lipase,91,1.479e-21,0.278
FW_TWAS_rep_2,GCF_002978245.1,NZ_NRMR01000015.1,dtpT,289,3.07e-86,0.367
FW_TWAS_rep_2,GCF_002978245.1,NZ_NRMR01000002.1,oppA,222,3.705e-63,0.313
FW_TWAS_rep_2,GCF_002978245.1,NZ_NRMR01000024.1,endopeptidase,289,9.49e-87,0.411
FW_TWAS_rep_2,GCF_002978245.1,NZ_NRMR01000249.1,fadE,111,7.886e-31,0.503
FW_TWAS_rep_2,GCF_002978245.1,NZ_NRMR01000003.1,fadD,131,4.334e-33,0.276
FW_TWAS_rep_2,GCF_002978245.1,NZ_NRMR01000004.1,fdhA,649,1.966e-202,0.479
FW_TWAS_rep_2,GCF_002978245.1,NZ_NRMR01000038.1,ptsG,49,3.625e-8,0.33
FW_TWAS_rep_2,GCF_002978245.1,NZ_NRMR01000022.1,dppB,253,7.305e-77,0.456
FW_TWAS_rep_2,GCF_002978245.1,NZ_NRMR01000011.1,ptsG,446,1.092e-139,0.5
FW_TWAS_rep_2,GCF_002978245.1,NZ_NRMR01000014.1,pta,222,9.845e-62,0.44
FW_TWAS_rep_2,GCF_002978245.1,NZ_NRMR01000015.1,adhE,44,1.229e-6,0.23
FW_TWAS_rep_2,GCF_002978245.1,NZ_NRMR01000005.1,agl,258,4.216e-75,0.371
FW_TWAS_rep_2,GCF_002978245.1,NZ_NRMR01000005.1,acs,81,1.955e-17,0.247
FW_TWAS_rep_2,GCF_002978245.1,NZ_NRMR01000012.1,aldh,51,1.203e-8,0.226
FW_TWAS_rep_2,GCF_002978245.1,NZ_NRMR01000022.1,dppA,633,2.926e-204,0.591
FW_TWAS_rep_2,GCF_002978245.1,NZ_NRMR01000018.1,hydA,46,7.03e-8,0.333
FW_TWAS_rep_2,GCF_002978245.1,NZ_NRMR01000018.1,rnfB,44,2.91e-7,0.262
FW_TWAS_rep_2,GCF_002978245.1,NZ_NRMR01000002.1,dppB,444,3.179e-142,0.675
FW_TWAS_rep_2,GCF_002978245.1,NZ_NRMR01000013.1,bgl,218,7.671e-63,0.317
FW_TWAS_rep_2,GCF_002978245.1,NZ_NRMR01000016.1,eda,112,2.746e-30,0.357
FW_TWAS_rep_2,GCF_002978245.1,NZ_NRMR01000010.1,agl,89,3.005e-20,0.271
FW_TWAS_rep_2,GCF_002978245.1,NZ_NRMR01000013.1,pfkA,57,1.23e-10,0.261
FW_TWAS_rep_2,GCF_002978245.1,NZ_NRMR01000004.1,cazy_GH13,121,3.856e-30,0.311
FW_TWAS_rep_2,GCF_002978245.1,NZ_NRMR01000006.1,pepT,258,5.175e-77,0.406
FW_TWAS_rep_2,GCF_002978245.1,NZ_NRMR01000001.1,fadD,267,5.094e-78,0.366
FW_TWAS_rep_2,GCF_002978245.1,NZ_NRMR01000001.1,dppC,250,1.042e-75,0.464
FW_TWAS_rep_2,GCF_002978245.1,NZ_NRMR01000008.1,endopeptidase,188,2.744e-54,0.399
FW_TWAS_rep_2,GCF_002978245.1,NZ_NRMR01000017.1,gapA,494,4.034e-160,0.713
FW_TWAS_rep_2,GCF_002978245.1,NZ_NRMR01000018.1,frhA,100,9.767e-24,0.265
FW_TWAS_rep_2,GCF_002978245.1,NZ_NRMR01000018.1,adhE,68,4.123e-14,0.25
FW_TWAS_rep_2,GCF_002978245.1,NZ_NRMR01000084.1,adhE,160,8.619e-47,0.392
FW_TWAS_rep_2,GCF_002978245.1,NZ_NRMR01000007.1,pta,128,7.063e-32,0.309
FW_TWAS_rep_2,GCF_002978245.1,NZ_NRMR01000016.1,ptsG,260,5.586e-76,0.351
FW_TWAS_rep_2,GCF_002978245.1,NZ_NRMR01000015.1,rnfB,197,8.991e-60,0.581
FW_TWAS_rep_2,GCF_002978245.1,NZ_NRMR01000031.1,edd,225,1.191e-63,0.316
FW_TWAS_rep_2,GCF_002978245.1,NZ_NRMR01000022.1,rnfB,42,2.884e-6,0.368
FW_TWAS_rep_2,GCF_002978245.1,NZ_NRMR01000023.1,pepQ,79,2.054e-17,0.256
FW_TWAS_rep_2,GCF_002978245.1,NZ_NRMR01000001.1,tdcB,50,7.501e-9,0.257
FW_TWAS_rep_2,GCF_002978245.1,NZ_NRMR01000022.1,dppC,186,1.738e-54,0.411
FW_TWAS_rep_2,GCF_002978245.1,NZ_NRMR01000001.1,etfA,59,1.364e-11,0.33
FW_TWAS_rep_2,GCF_002978245.1,NZ_NRMR01000023.1,hbd,205,4.044e-56,0.341
FW_TWAS_rep_2,GCF_002978245.1,NZ_NRMR01000002.1,oppB,240,8.547e-73,0.464
FW_TWAS_rep_2,GCF_002978245.1,NZ_NRMR01000034.1,fadE,78,1.597e-16,0.25
FW_TWAS_rep_2,GCF_002978245.1,NZ_NRMR01000018.1,pyk,462,1.032e-145,0.553
FW_TWAS_rep_2,GCF_002978245.1,NZ_NRMR01000008.1,mdh,152,3.471e-42,0.372
FW_TWAS_rep_2,GCF_002978245.1,NZ_NRMR01000023.1,thl,287,1.445e-87,0.464
FW_TWAS_rep_2,GCF_002978245.1,NZ_NRMR01000007.1,fadD,152,3.464e-40,0.292
FW_TWAS_rep_2,GCF_002978245.1,NZ_NRMR01000027.1,oppB,261,1.017e-79,0.491
FW_TWAS_rep_2,GCF_002978245.1,NZ_NRMR01000012.1,esterase,214,3.582e-60,0.341
FW_TWAS_rep_2,GCF_002978245.1,NZ_NRMR01000023.1,etfA,113,1.944e-27,0.383
FW_TWAS_rep_2,GCF_002978245.1,NZ_NRMR01000023.1,fadB,1026,0.0,0.728
FW_TWAS_rep_2,GCF_002978245.1,NZ_NRMR01000002.1,glcP,42,4.405e-6,0.246
FW_TWAS_rep_2,GCF_002978245.1,NZ_NRMR01000302.1,fadB,53,3.321e-11,0.382
FW_TWAS_rep_2,GCF_002978245.1,NZ_NRMR01000022.1,frhG,41,5.087e-6,0.4
FW_TWAS_rep_2,GCF_002978245.1,NZ_NRMR01000001.1,oppB,312,3.145e-97,0.53
FW_TWAS_rep_2,GCF_002978245.1,NZ_NRMR01000015.1,bgl,268,1.726e-79,0.354
FW_TWAS_rep_2,GCF_002978245.1,NZ_NRMR01000005.1,cazy_CE8,84,6.047e-19,0.302
FW_TWAS_rep_2,GCF_002978245.1,NZ_NRMR01000004.1,ptsG,380,1.434e-117,0.45
FW_TWAS_rep_2,GCF_002978245.1,NZ_NRMR01000027.1,oppA,192,2.53e-53,0.318
FW_TWAS_rep_2,GCF_002978245.1,NZ_NRMR01000014.1,fdhA,66,4.161e-13,0.235
FW_TWAS_rep_2,GCF_002978245.1,NZ_NRMR01000014.1,frhG,45,1.172e-7,0.358
FW_TWAS_rep_2,GCF_002978245.1,NZ_NRMR01000003.1,agl,256,2.936e-74,0.364
FW_TWAS_rep_2,GCF_002978245.1,NZ_NRMR01000022.1,frhB,45,2.968e-7,0.431
FW_TWAS_rep_2,GCF_002978245.1,NZ_NRMR01000014.1,hydA,40,3.876e-6,0.327
FW_TWAS_rep_2,GCF_002978245.1,NZ_NRMR01000015.1,oppB,170,2.793e-48,0.387
FW_TWAS_rep_2,GCF_002978245.1,NZ_NRMR01000015.1,pfkA,59,1.326e-11,0.403
FW_TWAS_rep_2,GCF_002978245.1,NZ_NRMR01000017.1,pfkA,251,2.029e-76,0.487
FW_TWAS_rep_2,GCF_002978245.1,NZ_NRMR01000010.1,xylA,496,1.387e-158,0.541
FW_TWAS_rep_2,GCF_002978245.1,NZ_NRMR01000018.1,frhG,44,1.611e-7,0.377
FW_TWAS_rep_2,GCF_002978245.1,NZ_NRMR01000007.1,ptsG,330,3.073e-100,0.401
FW_TWAS_rep_2,GCF_002978245.1,NZ_NRMR01000028.1,glcP,224,4.566e-64,0.314
FW_TWAS_rep_2,GCF_002978245.1,NZ_NRMR01000002.1,dppA,771,1.075e-251,0.691
FW_TWAS_rep_2,GCF_002978245.1,NZ_NRMR01000022.1,agl,165,2.982e-44,0.307
FW_TWAS_rep_2,GCF_002978245.1,NZ_NRMR01000018.1,fdhA,542,7.173e-168,0.437
FW_TWAS_rep_2,GCF_002978245.1,NZ_NRMR01000010.1,xylF,336,3.348e-105,0.548
FW_TWAS_rep_2,GCF_002978245.1,NZ_NRMR01000004.1,hydA,87,2.057e-19,0.267
FW_TWAS_rep_2,GCF_002978245.1,NZ_NRMR01000006.1,pepN,423,3.618e-127,0.42
FW_TWAS_rep_2,GCF_002978245.1,NZ_NRMR01000003.1,cazy_GH13,166,1.378e-44,0.355
FW_TWAS_rep_2,GCF_002978245.1,NZ_NRMR01000004.1,agl,100,1.162e-23,0.284
FW_TWAS_rep_2,GCF_002978245.1,NZ_NRMR01000012.1,pfor,1385,0.0,0.6
FW_TWAS_rep_2,GCF_002978245.1,NZ_NRMR01000002.1,rnfB,42,2.424e-6,0.242
FW_TWAS_rep_2,GCF_002978245.1,NZ_NRMR01000001.1,dppA,434,4.794e-135,0.423
FW_TWAS_rep_2,GCF_002978245.1,NZ_NRMR01000015.1,mer,64,5.453e-13,0.292
FW_TWAS_rep_2,GCF_002978245.1,NZ_NRMR01000022.1,oppB,210,3.366e-62,0.444
FW_TWAS_rep_2,GCA_963736865.1,CAVTQQ010000009.1,fadA,185,6.442e-55,0.611
FW_TWAS_rep_2,GCA_963736865.1,CAVTQQ010000009.1,etfA,124,3.637e-32,0.802
FW_TWAS_rep_2,GCA_963736865.1,CAVTQQ010000007.1,thl,228,3.648e-66,0.468
FW_TWAS_rep_2,GCA_963736865.1,CAVTQQ010000009.1,etfB,193,5.573e-57,0.724
FW_TWAS_rep_2,GCA_963736865.1,CAVTQQ010000005.1,fadD,153,4.749e-41,0.342
FW_TWAS_rep_2,GCA_963736865.1,CAVTQQ010000004.1,cat,111,4.232e-27,0.331
FW_TWAS_rep_2,GCA_963736865.1,CAVTQQ010000003.1,fadA,361,1.456e-112,0.526
FW_TWAS_rep_2,GCA_963736865.1,CAVTQQ010000005.1,lctD,113,1.803e-29,0.4
FW_TWAS_rep_2,GCA_963736865.1,CAVTQQ010000009.1,cazy_GH13,79,2.227e-17,0.268
FW_TWAS_rep_2,GCA_963736865.1,CAVTQQ010000010.1,folD,342,1.09e-104,0.622
FW_TWAS_rep_2,GCA_963736865.1,CAVTQQ010000001.1,pepN,61,3.276e-12,0.42
FW_TWAS_rep_2,GCA_963736865.1,CAVTQQ010000003.1,crt,51,1.69e-8,0.347
FW_TWAS_rep_2,GCA_963736865.1,CAVTQQ010000005.1,cdhC,40,7.552e-6,0.341
FW_TWAS_rep_2,GCA_963736865.1,CAVTQQ010000001.1,phospholipase,267,2.208e-79,0.509
FW_TWAS_rep_2,GCA_963736865.1,CAVTQQ010000007.1,fadD,226,2.965e-63,0.336
FW_TWAS_rep_2,GCA_963736865.1,CAVTQQ010000002.1,pepQ,42,1.635e-6,0.275
FW_TWAS_rep_2,GCA_963736865.1,CAVTQQ010000003.1,acs,141,6.398e-38,0.33
FW_TWAS_rep_2,GCA_963736865.1,CAVTQQ010000001.1,endopeptidase,41,2.56e-6,0.566
FW_TWAS_rep_2,GCA_963736865.1,CAVTQQ010000009.1,thl,166,2.219e-48,0.555
FW_TWAS_rep_2,GCA_963736865.1,CAVTQQ010000010.1,fadE,162,1.544e-44,0.34
FW_TWAS_rep_2,GCA_963736865.1,CAVTQQ010000002.1,crt,278,1.046e-86,0.623
FW_TWAS_rep_2,GCA_963736865.1,CAVTQQ010000007.1,pta,226,5.448e-65,0.515
FW_TWAS_rep_2,GCA_963736865.1,CAVTQQ010000007.1,tdcB,80,4.545e-18,0.287
FW_TWAS_rep_2,GCA_963736865.1,CAVTQQ010000010.1,etfA,90,1.421e-21,0.331
FW_TWAS_rep_2,GCA_963736865.1,CAVTQQ010000001.1,edd,78,2.961e-17,0.322
FW_TWAS_rep_2,GCA_963736865.1,CAVTQQ010000007.1,frhG,82,1.904e-19,0.313
FW_TWAS_rep_2,GCA_963736865.1,CAVTQQ010000010.1,crt,138,1.523e-37,0.358
FW_TWAS_rep_2,GCA_963736865.1,CAVTQQ010000002.1,frhB,43,4.077e-7,0.403
FW_TWAS_rep_2,GCA_963736865.1,CAVTQQ010000001.1,mmcE,215,6.771e-65,0.497
FW_TWAS_rep_2,GCA_963736865.1,CAVTQQ010000005.1,pfor,227,4.258e-63,0.315
FW_TWAS_rep_2,GCA_963736865.1,CAVTQQ010000005.1,acs,66,8.146e-14,0.265
FW_TWAS_rep_2,GCA_963736865.1,CAVTQQ010000009.1,fadB,92,8.021e-22,0.351
FW_TWAS_rep_2,GCA_963736865.1,CAVTQQ010000007.1,etfA,77,7.827e-16,0.28
FW_TWAS_rep_2,GCA_963736865.1,CAVTQQ010000009.1,bcd,48,2.748e-8,0.433
FW_TWAS_rep_2,GCA_963736865.1,CAVTQQ010000004.1,rnfB,130,5.578e-36,0.429
FW_TWAS_rep_2,GCA_963736865.1,CAVTQQ010000007.1,mvhA,434,1.15e-135,0.456
FW_TWAS_rep_2,GCA_963736865.1,CAVTQQ010000005.1,mmcE,327,1.685e-93,0.398
FW_TWAS_rep_2,GCA_963736865.1,CAVTQQ010000010.1,pta,49,2.181e-10,0.436
FW_TWAS_rep_2,GCA_963736865.1,CAVTQQ010000010.1,hydA,94,1.23e-21,0.296
FW_TWAS_rep_2,GCA_963736865.1,CAVTQQ010000010.1,gapA,158,2.064e-42,0.542
FW_TWAS_rep_2,GCA_963736865.1,CAVTQQ010000005.1,mmcF,75,1.231e-15,0.345
FW_TWAS_rep_2,GCA_963736865.1,CAVTQQ010000005.1,pepA,383,2.286e-118,0.487
FW_TWAS_rep_2,GCA_963736865.1,CAVTQQ010000010.1,fdhA,277,1.51e-78,0.314
FW_TWAS_rep_2,GCA_963736865.1,CAVTQQ010000007.1,hbd,199,5.957e-53,0.401
FW_TWAS_rep_2,GCA_963736865.1,CAVTQQ010000010.1,endopeptidase,237,6.946e-67,0.326
FW_TWAS_rep_2,GCA_963736865.1,CAVTQQ010000001.1,fadA,253,1.395e-75,0.43
FW_TWAS_rep_2,GCA_963736865.1,CAVTQQ010000010.1,ilvE,111,1.342e-28,0.368
FW_TWAS_rep_2,GCA_963736865.1,CAVTQQ010000008.1,etfA,154,1.844e-46,0.693
FW_TWAS_rep_2,GCA_963736865.1,CAVTQQ010000004.1,frhB,46,7.366e-8,0.388
FW_TWAS_rep_2,GCA_963736865.1,CAVTQQ010000003.1,fadB,119,4.697e-29,0.341
FW_TWAS_rep_2,GCA_963736865.1,CAVTQQ010000001.1,crt,144,2.718e-40,0.383
FW_TWAS_rep_2,GCA_963736865.1,CAVTQQ010000005.1,frhG,47,1.461e-7,0.272
FW_TWAS_rep_2,GCA_963736865.1,CAVTQQ010000002.1,pepD,449,2.066e-141,0.492
FW_TWAS_rep_2,GCA_963736865.1,CAVTQQ010000010.1,pepQ,96,2.332e-24,0.425
FW_TWAS_rep_2,GCA_963736865.1,CAVTQQ010000003.1,fadD,83,1.297e-18,0.398
FW_TWAS_rep_2,GCA_963736865.1,CAVTQQ010000010.1,pepN,394,3.302e-117,0.398
FW_TWAS_rep_2,GCA_963736865.1,CAVTQQ010000004.1,oppB,146,2.823e-40,0.348
FW_TWAS_rep_2,GCA_963736865.1,CAVTQQ010000007.1,fdhA,146,1.391e-37,0.242
FW_TWAS_rep_2,GCA_963736865.1,CAVTQQ010000009.1,oppA,57,9.984e-11,0.315
FW_TWAS_rep_2,GCA_963736865.1,CAVTQQ010000005.1,sucD,315,6.266e-98,0.535
FW_TWAS_rep_2,GCA_963736865.1,CAVTQQ010000001.1,fadE,286,2.729e-86,0.459
FW_TWAS_rep_2,GCA_963736865.1,CAVTQQ010000009.1,crt,162,3.86e-46,0.382
FW_TWAS_rep_2,GCA_963736865.1,CAVTQQ010000001.1,ilvE,57,5.71e-11,0.297
FW_TWAS_rep_2,GCA_963736865.1,CAVTQQ010000004.1,acs,521,1.04e-167,0.609
FW_TWAS_rep_2,GCA_963736865.1,CAVTQQ010000001.1,lysophospholipase,45,2.327e-7,0.28
FW_TWAS_rep_2,GCA_963736865.1,CAVTQQ010000009.1,hbd,105,3.564e-26,0.368
FW_TWAS_rep_2,GCA_963736865.1,CAVTQQ010000002.1,fadB,116,6.895e-31,0.378
FW_TWAS_rep_2,GCA_963736865.1,CAVTQQ010000004.1,fadD,235,4.041e-66,0.35
FW_TWAS_rep_2,GCA_963736865.1,CAVTQQ010000004.1,dppC,113,1.959e-27,0.33
FW_TWAS_rep_2,GCA_963736865.1,CAVTQQ010000001.1,tdcB,309,1.613e-92,0.501
FW_TWAS_rep_2,GCA_963736865.1,CAVTQQ010000007.1,mvhG,124,1.021e-33,0.398
FW_TWAS_rep_2,GCA_963736865.1,CAVTQQ010000005.1,lctC,376,1.839e-118,0.548
FW_TWAS_rep_2,GCA_963736865.1,CAVTQQ010000004.1,hydA,41,8.516e-7,0.349
FW_TWAS_rep_2,GCA_963736865.1,CAVTQQ010000004.1,frhG,40,5.724e-6,0.416
FW_TWAS_rep_2,GCA_963736865.1,CAVTQQ010000009.1,adh,74,2.728e-16,0.312
FW_TWAS_rep_2,GCA_963736865.1,CAVTQQ010000007.1,frhA,151,4.776e-40,0.278
FW_TWAS_rep_2,GCA_963736865.1,CAVTQQ010000007.1,fadA,254,1.444e-69,0.42
FW_TWAS_rep_2,GCA_963736865.1,CAVTQQ010000003.1,bcd,116,6.569e-29,0.311
FW_TWAS_rep_2,GCA_963736865.1,CAVTQQ010000007.1,fadB,315,5.216e-88,0.346
FW_TWAS_rep_2,GCA_963736865.1,CAVTQQ010000003.1,thl,297,8.042e-91,0.437
FW_TWAS_rep_2,GCA_963736865.1,CAVTQQ010000010.1,bcd,203,1.174e-58,0.345
FW_TWAS_rep_2,GCA_963736865.1,CAVTQQ010000004.1,fumB,256,4.881e-75,0.363
FW_TWAS_rep_2,GCA_963736865.1,CAVTQQ010000001.1,mmcF,125,1.337e-35,0.504
FW_TWAS_rep_2,GCA_963736865.1,CAVTQQ010000007.1,crt,107,5.113e-25,0.355
FW_TWAS_rep_2,GCA_963736865.1,CAVTQQ010000010.1,adhE,113,1.193e-28,0.35
FW_TWAS_rep_2,GCA_963736865.1,CAVTQQ010000010.1,frhG,42,4.768e-7,0.274
FW_TWAS_rep_2,GCA_963736865.1,CAVTQQ010000004.1,endopeptidase,121,6.052e-33,0.454
FW_TWAS_rep_2,GCA_963736865.1,CAVTQQ010000010.1,pgi,571,1.421e-182,0.554
FW_TWAS_rep_2,GCA_963736865.1,CAVTQQ010000001.1,fdhA,260,4.035e-75,0.381
FW_TWAS_rep_2,GCA_963736865.1,CAVTQQ010000005.1,fdhA,272,6.951e-79,0.337
FW_TWAS_rep_2,GCA_963736865.1,CAVTQQ010000003.1,fadE,124,1.566e-31,0.324
FW_TWAS_rep_2,GCA_963736865.1,CAVTQQ010000005.1,hydA,43,6.009e-7,0.302
FW_TWAS_rep_2,GCA_963736865.1,CAVTQQ010000004.1,mdh,185,7.506e-53,0.425
FW_TWAS_rep_2,GCA_963736865.1,CAVTQQ010000005.1,ackA,325,6.09e-98,0.51
FW_TWAS_rep_2,GCA_963736865.1,CAVTQQ010000001.1,bcd,378,4.891e-118,0.521
FW_TWAS_rep_2,GCA_963736865.1,CAVTQQ010000005.1,mvhG,58,1.281e-10,0.286
FW_TWAS_rep_2,GCA_963736865.1,CAVTQQ010000005.1,pta,41,4.51e-6,0.25
FW_TWAS_rep_2,GCA_963736865.1,CAVTQQ010000010.1,pyk,64,4.802e-14,0.458
FW_TWAS_rep_2,GCA_963736865.1,CAVTQQ010000010.1,acs,343,2.315e-105,0.419
FW_TWAS_rep_2,GCA_963736865.1,CAVTQQ010000010.1,fadD,68,6.256e-14,0.248
FW_TWAS_rep_2,GCA_963736865.1,CAVTQQ010000001.1,thl,404,1.765e-127,0.581
FW_TWAS_rep_2,GCA_963736865.1,CAVTQQ010000005.1,extracellular_protease,57,2.772e-10,0.368
FW_TWAS_rep_2,GCA_963736865.1,CAVTQQ010000007.1,pfkA,69,1.656e-14,0.261
FW_TWAS_rep_2,GCA_963736865.1,CAVTQQ010000003.1,hbd,124,9.59e-31,0.318
FW_TWAS_rep_2,GCA_963736865.1,CAVTQQ010000007.1,hydA,84,1.307e-18,0.276
FW_TWAS_rep_2,GCA_963736865.1,CAVTQQ010000001.1,lctB,64,9.001e-13,0.259
FW_TWAS_rep_2,GCA_963736865.1,CAVTQQ010000007.1,rnfB,46,5.357e-9,0.361
FW_TWAS_rep_2,GCA_963736865.1,CAVTQQ010000005.1,mvhD,101,1.401e-23,0.357
FW_TWAS_rep_2,GCA_963736865.1,CAVTQQ010000005.1,rnfB,82,5.021e-19,0.29
FW_TWAS_rep_2,GCA_963736865.1,CAVTQQ010000007.1,fadE,89,8.226e-20,0.268
FW_TWAS_rep_2,GCA_963736865.1,CAVTQQ010000002.1,etfA,124,1.051e-33,0.366
FW_TWAS_rep_2,GCA_963736865.1,CAVTQQ010000002.1,fadD,216,2.652e-61,0.323
FW_TWAS_rep_2,GCA_963736865.1,CAVTQQ010000010.1,rnfB,135,9.659e-38,0.472
FW_TWAS_rep_2,GCA_963736865.1,CAVTQQ010000009.1,fadE,88,1.014e-19,0.325
FW_TWAS_rep_2,GCA_963736865.1,CAVTQQ010000002.1,lipase,44,8.473e-7,0.358
FW_TWAS_rep_2,GCA_963736865.1,CAVTQQ010000005.1,sucC,385,3.275e-121,0.525
FW_TWAS_rep_2,GCA_963736865.1,CAVTQQ010000002.1,fdhA,81,6.987e-18,0.285
FW_TWAS_rep_2,GCA_963736865.1,CAVTQQ010000002.1,rnfB,102,6.714e-27,0.633
FW_TWAS_rep_2,GCA_963736865.1,CAVTQQ010000005.1,lctB,227,2.299e-67,0.529
FW_TWAS_rep_2,GCA_963736865.1,CAVTQQ010000007.1,acs,132,2.507e-33,0.248
FW_TWAS_rep_2,GCA_963736865.1,CAVTQQ010000010.1,pfor,158,2.282e-43,0.311
FW_TWAS_rep_2,GCA_963736865.1,CAVTQQ010000002.1,gdh,48,1.459e-8,0.428
FW_TWAS_rep_2,GCA_963736865.1,CAVTQQ010000004.1,dppB,135,1.528e-36,0.314
FW_TWAS_rep_2,GCA_963736865.1,CAVTQQ010000007.1,ackA,351,5.27e-106,0.528
FW_TWAS_rep_2,GCA_963736865.1,CAVTQQ010000002.1,acs,246,2.244e-70,0.303
FW_TWAS_rep_2,GCA_963736865.1,CAVTQQ010000001.1,mmcG,45,6.298e-8,0.241
FW_TWAS_rep_2,GCA_963736865.1,CAVTQQ010000004.1,sucD,53,6.54e-9,0.28
FW_TWAS_rep_2,GCA_044238845.1,JBIICN010000023.1,pepQ,160,1.181e-43,0.321
FW_TWAS_rep_2,GCA_044238845.1,JBIICN010000010.1,pepO,636,1.227e-202,0.474
FW_TWAS_rep_2,GCA_044238845.1,JBIICN010000023.1,pyk,372,3.806e-115,0.444
FW_TWAS_rep_2,GCA_044238845.1,JBIICN010000090.1,cat,254,5.605e-79,0.604
FW_TWAS_rep_2,GCA_044238845.1,JBIICN010000023.1,pepT,67,8.533e-14,0.255
FW_TWAS_rep_2,GCA_044238845.1,JBIICN010000013.1,fadE,280,2.524e-85,0.437
FW_TWAS_rep_2,GCA_044238845.1,JBIICN010000026.1,oppA,201,3.299e-56,0.314
FW_TWAS_rep_2,GCA_044238845.1,JBIICN010000026.1,frhG,42,7.742e-7,0.333
FW_TWAS_rep_2,GCA_044238845.1,JBIICN010000001.1,sucC,372,1.109e-116,0.486
FW_TWAS_rep_2,GCA_044238845.1,JBIICN010000069.1,fadA,287,1.585e-87,0.447
FW_TWAS_rep_2,GCA_044238845.1,JBIICN010000010.1,adh,63,7.021e-13,0.271
FW_TWAS_rep_2,GCA_044238845.1,JBIICN010000005.1,dppA,214,3.807e-60,0.281
FW_TWAS_rep_2,GCA_044238845.1,JBIICN010000001.1,folD,326,1.402e-102,0.586
FW_TWAS_rep_2,GCA_044238845.1,JBIICN010000026.1,fdhA,44,5.114e-7,0.45
FW_TWAS_rep_2,GCA_044238845.1,JBIICN010000059.1,ilvE,57,5.296e-11,0.263
FW_TWAS_rep_2,GCA_044238845.1,JBIICN010000017.1,dtpT,336,9.186e-102,0.392
FW_TWAS_rep_2,GCA_044238845.1,JBIICN010000008.1,oppA,225,6.905e-64,0.33
FW_TWAS_rep_2,GCA_044238845.1,JBIICN010000053.1,dppC,192,2.552e-54,0.452
FW_TWAS_rep_2,GCA_044238845.1,JBIICN010000026.1,frhB,44,3.206e-7,0.291
FW_TWAS_rep_2,GCA_044238845.1,JBIICN010000050.1,acylglycerol_lipase,52,1.22e-9,0.257
FW_TWAS_rep_2,GCA_044238845.1,JBIICN010000071.1,mvhG,41,1.797e-6,0.457
FW_TWAS_rep_2,GCA_044238845.1,JBIICN010000027.1,fadB,183,7.066e-52,0.334
FW_TWAS_rep_2,GCA_044238845.1,JBIICN010000008.1,bcd,363,3.047e-113,0.471
FW_TWAS_rep_2,GCA_044238845.1,JBIICN010000005.1,ilvE,136,5.989e-37,0.364
FW_TWAS_rep_2,GCA_044238845.1,JBIICN010000021.1,susC,59,5.752e-12,0.26
FW_TWAS_rep_2,GCA_044238845.1,JBIICN010000008.1,pta,169,1.079e-44,0.344
FW_TWAS_rep_2,GCA_044238845.1,JBIICN010000023.1,acs,760,1.887e-245,0.576
FW_TWAS_rep_2,GCA_044238845.1,JBIICN010000012.1,pepN,180,7.948e-48,0.32
FW_TWAS_rep_2,GCA_044238845.1,JBIICN010000004.1,bcd,239,3.362e-70,0.363
FW_TWAS_rep_2,GCA_044238845.1,JBIICN010000001.1,adhE,91,1.386e-21,0.261
FW_TWAS_rep_2,GCA_044238845.1,JBIICN010000014.1,etfA,168,1.273e-47,0.367
FW_TWAS_rep_2,GCA_044238845.1,JBIICN010000003.1,susC,64,3.129e-12,0.226
FW_TWAS_rep_2,GCA_044238845.1,JBIICN010000001.1,sucD,319,4.123e-100,0.577
FW_TWAS_rep_2,GCA_044238845.1,JBIICN010000007.1,adh,62,7.035e-13,0.263
FW_TWAS_rep_2,GCA_044238845.1,JBIICN010000027.1,gdh,432,7.67e-137,0.507
FW_TWAS_rep_2,GCA_044238845.1,JBIICN010000006.1,thl,302,3.478e-92,0.452
FW_TWAS_rep_2,GCA_044238845.1,JBIICN010000007.1,pepN,63,4.44e-12,0.263
FW_TWAS_rep_2,GCA_044238845.1,JBIICN010000009.1,crt,205,1.931e-61,0.44
FW_TWAS_rep_2,GCA_044238845.1,JBIICN010000006.1,gdh,43,1.927e-6,0.418
FW_TWAS_rep_2,GCA_044238845.1,JBIICN010000010.1,endopeptidase,42,7.003e-6,0.358
FW_TWAS_rep_2,GCA_044238845.1,JBIICN010000011.1,gapA,191,1.438e-53,0.369
FW_TWAS_rep_2,GCA_044238845.1,JBIICN010000006.1,mmcE,508,5.344e-158,0.439
FW_TWAS_rep_2,GCA_044238845.1,JBIICN010000035.1,acs,62,4.706e-12,0.229
FW_TWAS_rep_2,GCA_044238845.1,JBIICN010000045.1,adh,75,4.338e-17,0.322
FW_TWAS_rep_2,GCA_044238845.1,JBIICN010000002.1,lysophospholipase,55,9.566e-11,0.336
FW_TWAS_rep_2,GCA_044238845.1,JBIICN010000016.1,endopeptidase,228,7.609e-67,0.392
FW_TWAS_rep_2,GCA_044238845.1,JBIICN010000006.1,mmcF,128,5.666e-32,0.51
FW_TWAS_rep_2,GCA_044238845.1,JBIICN010000019.1,pepN,78,8.028e-17,0.234
FW_TWAS_rep_2,GCA_044238845.1,JBIICN010000027.1,hbd,249,1.804e-74,0.387
FW_TWAS_rep_2,GCA_044238845.1,JBIICN010000007.1,fadD,310,1.499e-92,0.373
FW_TWAS_rep_2,GCA_044238845.1,JBIICN010000012.1,pepA,281,1.578e-83,0.451
FW_TWAS_rep_2,GCA_044238845.1,JBIICN010000026.1,dppA,158,4.965e-42,0.267
FW_TWAS_rep_2,GCA_044238845.1,JBIICN010000052.1,crt,175,4.886e-51,0.419
FW_TWAS_rep_2,GCA_044238845.1,JBIICN010000020.1,gapA,302,8.93e-94,0.472
FW_TWAS_rep_2,GCA_044238845.1,JBIICN010000025.1,fhs,666,3.332e-215,0.598
FW_TWAS_rep_2,GCA_044238845.1,JBIICN010000038.1,pepN,44,4.157e-6,0.227
FW_TWAS_rep_2,GCA_044238845.1,JBIICN010000005.1,oppA,212,2.306e-59,0.297
FW_TWAS_rep_2,GCA_044238845.1,JBIICN010000053.1,oppB,215,3.414e-62,0.528
FW_TWAS_rep_2,GCA_044238845.1,JBIICN010000043.1,dtpT,296,3.483e-88,0.368
FW_TWAS_rep_2,GCA_044238845.1,JBIICN010000071.1,frhG,48,1.596e-8,0.268
FW_TWAS_rep_2,GCA_044238845.1,JBIICN010000014.1,extracellular_protease,145,6.989e-37,0.363
FW_TWAS_rep_2,GCA_044238845.1,JBIICN010000011.1,fadB,192,4.156e-56,0.414
FW_TWAS_rep_2,GCA_044238845.1,JBIICN010000003.1,pepD,493,1.43e-156,0.514
FW_TWAS_rep_2,GCA_044238845.1,JBIICN010000002.1,susC,70,3.968e-14,0.423
FW_TWAS_rep_2,GCA_044238845.1,JBIICN010000032.1,pfkA,235,2.761e-70,0.432
FW_TWAS_rep_2,GCA_044238845.1,JBIICN010000034.1,dppB,143,2.226e-38,0.298
FW_TWAS_rep_2,GCA_044238845.1,JBIICN010000004.1,fadE,206,5.841e-59,0.357
FW_TWAS_rep_2,GCA_044238845.1,JBIICN010000008.1,dppA,202,1.999e-56,0.28
FW_TWAS_rep_2,GCA_044238845.1,JBIICN010000031.1,mmcG,102,1.335e-27,0.401
FW_TWAS_rep_2,GCA_044238845.1,JBIICN010000045.1,extracellular_protease,99,1.583e-23,0.293
FW_TWAS_rep_2,GCA_044238845.1,JBIICN010000069.1,thl,430,1.628e-136,0.576
FW_TWAS_rep_2,GCA_044238845.1,JBIICN010000001.1,endopeptidase,246,1.93e-70,0.452
FW_TWAS_rep_2,GCA_044238845.1,JBIICN010000005.1,edd,220,1.774e-62,0.316
FW_TWAS_rep_2,GCA_044238845.1,JBIICN010000009.1,adh,64,2.185e-13,0.293
FW_TWAS_rep_2,GCA_044238845.1,JBIICN010000008.1,fadE,259,1.979e-77,0.415
FW_TWAS_rep_2,GCA_044238845.1,JBIICN010000019.1,mdh,249,1.673e-75,0.441
FW_TWAS_rep_2,GCA_044238845.1,JBIICN010000024.1,endopeptidase,46,2.783e-7,0.408
FW_TWAS_rep_2,GCA_044238845.1,JBIICN010000046.1,extracellular_protease,167,2.141e-43,0.335
FW_TWAS_rep_2,GCA_044238845.1,JBIICN010000006.1,fadA,329,1.499e-101,0.491
FW_TWAS_rep_2,GCA_044238845.1,JBIICN010000013.1,oppB,181,1.181e-51,0.333
FW_TWAS_rep_2,GCA_044238845.1,JBIICN010000006.1,adh,76,2.834e-17,0.278
FW_TWAS_rep_2,GCA_044238845.1,JBIICN010000035.1,fadD,64,1.165e-12,0.254
FW_TWAS_rep_2,GCA_044238845.1,JBIICN010000008.1,extracellular_protease,130,5.054e-33,0.439
FW_TWAS_rep_2,GCA_044238845.1,JBIICN010000052.1,fadB,93,6.404e-23,0.304
FW_TWAS_rep_2,GCA_044238845.1,JBIICN010000026.1,hydA,76,7.712e-17,0.257
FW_TWAS_rep_2,GCA_044238845.1,JBIICN010000034.1,dppC,116,2.1e-29,0.302
FW_TWAS_rep_2,GCA_044238845.1,JBIICN010000013.1,dppB,221,2.139e-65,0.376
FW_TWAS_rep_2,GCA_044238845.1,JBIICN010000023.1,fadD,110,1.08e-26,0.249
FW_TWAS_rep_2,GCA_044238845.1,JBIICN010000034.1,oppB,130,4.707e-34,0.339
FW_TWAS_rep_2,GCA_044238845.1,JBIICN010000034.1,dppA,90,1.913e-20,0.225
FW_TWAS_rep_2,GCA_044238845.1,JBIICN010000045.1,pepN,56,8.547e-10,0.231
FW_TWAS_rep_2,GCA_044238845.1,JBIICN010000034.1,oppA,110,1.249e-26,0.25
FW_TWAS_rep_2,GCA_044238845.1,JBIICN010000011.1,hbd,306,2.845e-95,0.549
FW_TWAS_rep_2,GCA_044238845.1,JBIICN010000003.1,pepT,78,3.592e-17,0.349
FW_TWAS_rep_2,GCA_044238845.1,JBIICN010000013.1,bcd,390,3.786e-123,0.539
FW_TWAS_rep_2,GCA_044238845.1,JBIICN010000087.1,susC,90,2.059e-20,0.308
FW_TWAS_rep_2,GCA_044238845.1,JBIICN010000010.1,extracellular_protease,45,8.873e-7,0.281
FW_TWAS_rep_2,GCA_044238845.1,JBIICN010000077.1,endopeptidase,43,1.799e-6,0.304
FW_TWAS_rep_2,GCA_044238845.1,JBIICN010000001.1,gdh,94,1.878e-22,0.282
FW_TWAS_rep_2,GCA_044238845.1,JBIICN010000024.1,esterase,48,6.9e-8,0.291
FW_TWAS_rep_2,GCA_044238845.1,JBIICN010000052.1,adh,76,1.676e-17,0.304
FW_TWAS_rep_2,GCA_044238845.1,JBIICN010000014.1,mmcE,296,2.562e-83,0.371
FW_TWAS_rep_2,GCA_044238845.1,JBIICN010000053.1,acylglycerol_lipase,49,7.553e-9,0.272
FW_TWAS_rep_2,GCA_044238845.1,JBIICN010000012.1,pepT,220,5.362e-64,0.367
FW_TWAS_rep_2,GCA_044238845.1,JBIICN010000005.1,tdcB,292,7.744e-89,0.42
FW_TWAS_rep_2,GCA_044238845.1,JBIICN010000047.1,ilvE,252,6.801e-76,0.402
FW_TWAS_rep_2,GCA_044238845.1,JBIICN010000009.1,fadB,138,2.176e-38,0.412
FW_TWAS_rep_2,GCA_044238845.1,JBIICN010000002.1,aldh,55,3.973e-10,0.247
FW_TWAS_rep_2,GCA_044238845.1,JBIICN010000009.1,etfA,178,4.638e-52,0.476
FW_TWAS_rep_2,GCA_044238845.1,JBIICN010000049.1,susC,83,2.434e-18,0.256
FW_TWAS_rep_2,GCA_044238845.1,JBIICN010000001.1,acylglycerol_lipase,50,4.961e-9,0.312
FW_TWAS_rep_2,GCA_963779235.1,CAVZXI010000032.1,etfB,144,3.765e-40,0.388
FW_TWAS_rep_2,GCA_963779235.1,CAVZXI010000023.1,bcd,239,1.088e-73,0.54
FW_TWAS_rep_2,GCA_963779235.1,CAVZXI010000010.1,acs,471,2.178e-146,0.437
FW_TWAS_rep_2,GCA_963779235.1,CAVZXI010000021.1,tdcB,70,1.08e-14,0.271
FW_TWAS_rep_2,GCA_963779235.1,CAVZXI010000016.1,fadA,198,5.29e-58,0.452
FW_TWAS_rep_2,GCA_963779235.1,CAVZXI010000005.1,acs,44,1.741e-7,0.243
FW_TWAS_rep_2,GCA_963779235.1,CAVZXI010000007.1,prdB,125,3.258e-35,0.51
FW_TWAS_rep_2,GCA_963779235.1,CAVZXI010000016.1,xylF,94,7.136e-23,0.315
FW_TWAS_rep_2,GCA_963779235.1,CAVZXI010000010.1,fadA,168,6.945e-51,0.688
FW_TWAS_rep_2,GCA_963779235.1,CAVZXI010000032.1,fdhA,185,4.722e-54,0.407
FW_TWAS_rep_2,GCA_963779235.1,CAVZXI010000002.1,fadB,130,1.294e-35,0.414
FW_TWAS_rep_2,GCA_963779235.1,CAVZXI010000022.1,aldh,55,5.705e-10,0.24
FW_TWAS_rep_2,GCA_963779235.1,CAVZXI010000013.1,mmcE,692,3.164e-224,0.63
FW_TWAS_rep_2,GCA_963779235.1,CAVZXI010000002.1,acs,495,3.795e-159,0.619
FW_TWAS_rep_2,GCA_963779235.1,CAVZXI010000014.1,fadD,243,1.936e-70,0.369
FW_TWAS_rep_2,GCA_963779235.1,CAVZXI010000010.1,eda,186,9.67e-56,0.448
FW_TWAS_rep_2,GCA_963779235.1,CAVZXI010000013.1,sucC,268,1.545e-83,0.574
FW_TWAS_rep_2,GCA_963779235.1,CAVZXI010000007.1,pepN,123,7.049e-31,0.273
FW_TWAS_rep_2,GCA_963779235.1,CAVZXI010000023.1,adh,74,1.2e-16,0.316
FW_TWAS_rep_2,GCA_963779235.1,CAVZXI010000002.1,fdhA,204,2.148e-56,0.309
FW_TWAS_rep_2,GCA_963779235.1,CAVZXI010000006.1,xylF,344,1.421e-107,0.545
FW_TWAS_rep_2,GCA_963779235.1,CAVZXI010000002.1,crt,242,4.773e-74,0.507
FW_TWAS_rep_2,GCA_963779235.1,CAVZXI010000010.1,lctB,98,2.591e-23,0.334
FW_TWAS_rep_2,GCA_963779235.1,CAVZXI010000011.1,agl,66,6.455e-14,0.25
FW_TWAS_rep_2,GCA_963779235.1,CAVZXI010000014.1,cazy_GH13,109,8.338e-27,0.325
FW_TWAS_rep_2,GCA_963779235.1,CAVZXI010000023.1,acs,52,6.641e-10,0.292
FW_TWAS_rep_2,GCA_963779235.1,CAVZXI010000013.1,dppB,251,2.199e-76,0.432
FW_TWAS_rep_2,GCA_963779235.1,CAVZXI010000032.1,oppB,258,2.873e-79,0.505
FW_TWAS_rep_2,GCA_963779235.1,CAVZXI010000016.1,pepT,90,2.777e-21,0.296
FW_TWAS_rep_2,GCA_963779235.1,CAVZXI010000013.1,acylglycerol_lipase,55,1.444e-10,0.242
FW_TWAS_rep_2,GCA_963779235.1,CAVZXI010000007.1,pepQ,139,9.237e-36,0.344
FW_TWAS_rep_2,GCA_963779235.1,CAVZXI010000024.1,lctC,43,1.076e-6,0.275
FW_TWAS_rep_2,GCA_963779235.1,CAVZXI010000014.1,ackA,408,1.205e-127,0.495
FW_TWAS_rep_2,GCA_963779235.1,CAVZXI010000013.1,lysophospholipase,42,1.919e-6,0.303
FW_TWAS_rep_2,GCA_963779235.1,CAVZXI010000016.1,fadD,54,6.01e-11,0.381
FW_TWAS_rep_2,GCA_963779235.1,CAVZXI010000023.1,edd,251,8.46e-73,0.333
FW_TWAS_rep_2,GCA_963779235.1,CAVZXI010000013.1,dppA,213,2.191e-59,0.34
FW_TWAS_rep_2,GCA_963779235.1,CAVZXI010000030.1,tdcB,43,1.073e-7,0.523
FW_TWAS_rep_2,GCA_963779235.1,CAVZXI010000031.1,adh,72,4.041e-16,0.299
FW_TWAS_rep_2,GCA_963779235.1,CAVZXI010000031.1,fadD,193,1.57e-53,0.316
FW_TWAS_rep_2,GCA_963779235.1,CAVZXI010000014.1,agl,79,1.28e-17,0.3
FW_TWAS_rep_2,GCA_963779235.1,CAVZXI010000032.1,mvhG,42,8.444e-7,0.484
FW_TWAS_rep_2,GCA_963779235.1,CAVZXI010000010.1,crt,71,1.968e-15,0.322
FW_TWAS_rep_2,GCA_963779235.1,CAVZXI010000010.1,bcd,109,9.126e-29,0.388
FW_TWAS_rep_2,GCA_963779235.1,CAVZXI010000031.1,cazy_GH43,45,6.085e-9,0.428
FW_TWAS_rep_2,GCA_963779235.1,CAVZXI010000032.1,frhG,50,3.14e-9,0.268
FW_TWAS_rep_2,GCA_963779235.1,CAVZXI010000011.1,cazy_GH13,76,4.467e-17,0.324
FW_TWAS_rep_2,GCA_963779235.1,CAVZXI010000018.1,bgl,235,6.385e-68,0.335
FW_TWAS_rep_2,GCA_963779235.1,CAVZXI010000002.1,gdh,48,2.603e-8,0.48
FW_TWAS_rep_2,GCA_963779235.1,CAVZXI010000006.1,xylB,51,1.156e-10,0.32
FW_TWAS_rep_2,GCA_963779235.1,CAVZXI010000032.1,tdcB,220,8.91e-65,0.426
FW_TWAS_rep_2,GCA_963779235.1,CAVZXI010000022.1,mmcE,685,2.722e-222,0.643
FW_TWAS_rep_2,GCA_963779235.1,CAVZXI010000039.1,adh,74,8.019e-17,0.312
FW_TWAS_rep_2,GCA_963779235.1,CAVZXI010000006.1,cazy_GH10,250,8.427e-75,0.398
FW_TWAS_rep_2,GCA_963779235.1,CAVZXI010000019.1,adhE,137,4.375e-39,0.434
FW_TWAS_rep_2,GCA_963779235.1,CAVZXI010000032.1,pepT,121,6.92e-30,0.302
FW_TWAS_rep_2,GCA_963779235.1,CAVZXI010000018.1,pepN,85,3.659e-21,0.34
FW_TWAS_rep_2,GCA_963779235.1,CAVZXI010000016.1,etfA,58,1.778e-12,0.483
FW_TWAS_rep_2,GCA_963779235.1,CAVZXI010000030.1,acs,438,3.46e-136,0.449
FW_TWAS_rep_2,GCA_963779235.1,CAVZXI010000016.1,pepQ,64,2.047e-13,0.303
FW_TWAS_rep_2,GCA_963779235.1,CAVZXI010000008.1,bcd,149,2.522e-40,0.312
FW_TWAS_rep_2,GCA_963779235.1,CAVZXI010000005.1,pepT,48,9.148e-8,0.301
FW_TWAS_rep_2,GCA_963779235.1,CAVZXI010000010.1,pfkA,43,1.519e-6,0.337
FW_TWAS_rep_2,GCA_963779235.1,CAVZXI010000032.1,adh,68,4.646e-15,0.273
FW_TWAS_rep_2,GCA_963779235.1,CAVZXI010000014.1,acs,132,5.929e-34,0.269
FW_TWAS_rep_2,GCA_963779235.1,CAVZXI010000023.1,fadE,182,6.776e-54,0.441
FW_TWAS_rep_2,GCA_963779235.1,CAVZXI010000005.1,fadD,292,1.751e-88,0.425
FW_TWAS_rep_2,GCA_963779235.1,CAVZXI010000003.1,pfkA,176,4.494e-51,0.409
FW_TWAS_rep_2,GCA_963779235.1,CAVZXI010000013.1,pepA,396,5.023e-123,0.454
FW_TWAS_rep_2,GCA_963779235.1,CAVZXI010000013.1,ilvE,139,1.166e-37,0.322
FW_TWAS_rep_2,GCA_963779235.1,CAVZXI010000013.1,dppC,227,1.603e-68,0.491
FW_TWAS_rep_2,GCA_963779235.1,CAVZXI010000010.1,extracellular_protease,81,6.336e-18,0.264
FW_TWAS_rep_2,GCA_963779235.1,CAVZXI010000013.1,pepQ,116,4.423e-29,0.361
FW_TWAS_rep_2,GCA_963779235.1,CAVZXI010000026.1,extracellular_protease,98,1.241e-25,0.375
FW_TWAS_rep_2,GCA_963779235.1,CAVZXI010000002.1,dtpT,388,5.709e-119,0.413
FW_TWAS_rep_2,GCA_963779235.1,CAVZXI010000002.1,adh,68,6.843e-15,0.283
FW_TWAS_rep_2,GCA_963779235.1,CAVZXI010000013.1,oppB,274,2.031e-84,0.475
FW_TWAS_rep_2,GCA_963779235.1,CAVZXI010000009.1,tdcB,294,4.379e-89,0.443
FW_TWAS_rep_2,GCA_963779235.1,CAVZXI010000006.1,fwdA,54,6.265e-10,0.453
FW_TWAS_rep_2,GCA_963779235.1,CAVZXI010000032.1,etfA,213,4.694e-63,0.408
FW_TWAS_rep_2,GCA_963779235.1,CAVZXI010000031.1,cazy_CE8,137,4.92e-39,0.468
FW_TWAS_rep_2,GCA_963779235.1,CAVZXI010000039.1,esterase,48,5.189e-8,0.286
FW_TWAS_rep_2,GCA_963779235.1,CAVZXI010000010.1,lipase,56,5.528e-10,0.242
FW_TWAS_rep_2,GCA_963779235.1,CAVZXI010000002.1,pepN,65,1.159e-12,0.241
FW_TWAS_rep_2,GCA_963779235.1,CAVZXI010000010.1,esterase,164,8.632e-47,0.402
FW_TWAS_rep_2,GCA_963779235.1,CAVZXI010000032.1,crt,160,1.211e-45,0.369
FW_TWAS_rep_2,GCA_963779235.1,CAVZXI010000002.1,extracellular_protease,106,1.653e-28,0.442
FW_TWAS_rep_2,GCA_963779235.1,CAVZXI010000013.1,pepN,166,8.062e-45,0.296
FW_TWAS_rep_2,GCA_963779235.1,CAVZXI010000006.1,cazy_GH5,66,1.35e-14,0.375
FW_TWAS_rep_2,GCA_963779235.1,CAVZXI010000032.1,dppC,248,1.006e-75,0.496
FW_TWAS_rep_2,GCA_963779235.1,CAVZXI010000016.1,thl,198,2.835e-58,0.414
FW_TWAS_rep_2,GCA_963779235.1,CAVZXI010000002.1,prdB,141,3.755e-40,0.376
FW_TWAS_rep_2,GCA_963779235.1,CAVZXI010000032.1,fhs,530,2.972e-170,0.613
FW_TWAS_rep_2,GCA_963779235.1,CAVZXI010000010.1,thl,147,6.912e-44,0.579
FW_TWAS_rep_2,GCA_963779235.1,CAVZXI010000010.1,fadB,79,2.579e-19,0.327
FW_TWAS_rep_2,GCA_963779235.1,CAVZXI010000016.1,crt,79,1.677e-19,0.453
FW_TWAS_rep_2,GCA_963779235.1,CAVZXI010000003.1,prdB,115,1.849e-32,0.451
FW_TWAS_rep_2,GCA_963779235.1,CAVZXI010000032.1,fadB,102,4.613e-26,0.351
FW_TWAS_rep_2,GCA_963779235.1,CAVZXI010000008.1,fadE,237,3.787e-70,0.406
FW_TWAS_rep_2,GCA_963779235.1,CAVZXI010000010.1,etfA,50,1.001e-8,0.351
FW_TWAS_rep_2,GCA_963779235.1,CAVZXI010000010.1,adh,63,5.99e-13,0.264
FW_TWAS_rep_2,GCA_963779235.1,CAVZXI010000010.1,fadD,121,5.291e-30,0.291
FW_TWAS_rep_2,GCA_963779235.1,CAVZXI010000010.1,mmcG,127,1.502e-36,0.461
FW_TWAS_rep_2,GCA_963779235.1,CAVZXI010000002.1,fadD,266,2.024e-78,0.375
FW_TWAS_rep_2,GCA_963779235.1,CAVZXI010000032.1,dppB,245,3.933e-74,0.418
FW_TWAS_rep_2,GCA_963779235.1,CAVZXI010000032.1,hydA,108,9.075e-26,0.328
FW_TWAS_rep_2,GCA_963779235.1,CAVZXI010000010.1,fadE,104,3.718e-27,0.374
FW_TWAS_rep_2,GCA_963779235.1,CAVZXI010000010.1,hbd,71,1.264e-16,0.341
FW_TWAS_rep_2,GCA_963779235.1,CAVZXI010000002.1,etfA,172,5.957e-50,0.432
FW_TWAS_rep_2,GCA_963779235.1,CAVZXI010000032.1,pepN,70,1.206e-14,0.231
FW_TWAS_rep_2,GCA_963779235.1,CAVZXI010000023.1,fadD,112,5.345e-31,0.449
FW_TWAS_rep_2,GCA_963779235.1,CAVZXI010000016.1,fadB,49,2.53e-9,0.314
FW_TWAS_rep_2,GCA_963779235.1,CAVZXI010000032.1,pyk,176,8.721e-51,0.416
FW_TWAS_rep_2,GCA_963779235.1,CAVZXI010000010.1,fdhA,231,2.146e-64,0.282
FW_TWAS_rep_2,GCA_963779235.1,CAVZXI010000031.1,acs,169,6.969e-46,0.308
FW_TWAS_rep_2,GCA_963779235.1,CAVZXI010000033.1,pepQ,123,7.049e-31,0.274
FW_TWAS_rep_2,GCA_963779235.1,CAVZXI010000002.1,pta,226,1.489e-67,0.428
FW_TWAS_rep_2,GCA_963779235.1,CAVZXI010000030.1,fadD,178,2.755e-48,0.292
FW_TWAS_rep_2,GCA_963779235.1,CAVZXI010000002.1,hydA,40,7.013e-7,0.337
FW_TWAS_rep_2,GCA_963779235.1,CAVZXI010000003.1,xylF,259,2.652e-78,0.452
FW_TWAS_rep_2,GCA_963779235.1,CAVZXI010000012.1,fadD,111,1.268e-30,0.495
FW_TWAS_rep_2,GCA_963779235.1,CAVZXI010000014.1,extracellular_protease,156,1.583e-42,0.333
FW_TWAS_rep_2,GCA_963779235.1,CAVZXI010000013.1,sucD,114,1.905e-30,0.478
FW_TWAS_rep_2,GCA_963779235.1,CAVZXI010000013.1,oppA,289,1.187e-84,0.407
FW_TWAS_rep_2,GCA_963779235.1,CAVZXI010000019.1,aldh,156,1.224e-45,0.455
FW_TWAS_rep_2,GCA_943370345.1,CALRQQ020000035.1,susC,464,9.252e-138,0.325
FW_TWAS_rep_2,GCA_943370345.1,CALRQQ020000220.1,pepQ,64,2.906e-13,0.274
FW_TWAS_rep_2,GCA_943370345.1,CALRQQ020000327.1,etfB,151,4.868e-43,0.408
FW_TWAS_rep_2,GCA_943370345.1,CALRQQ020000242.1,susC,221,4.907e-66,0.402
FW_TWAS_rep_2,GCA_943370345.1,CALRQQ020000104.1,susD,66,2.925e-13,0.259
FW_TWAS_rep_2,GCA_943370345.1,CALRQQ020000041.1,susC,536,4.67e-163,0.379
FW_TWAS_rep_2,GCA_943370345.1,CALRQQ020000271.1,cazy_GH13,116,8.604e-29,0.309
FW_TWAS_rep_2,GCA_943370345.1,CALRQQ020000002.1,susD,114,2.361e-28,0.283
FW_TWAS_rep_2,GCA_943370345.1,CALRQQ020000509.1,susD,199,7.177e-56,0.308
FW_TWAS_rep_2,GCA_943370345.1,CALRQQ020000360.1,pepN,64,2.51e-13,0.242
FW_TWAS_rep_2,GCA_943370345.1,CALRQQ020000016.1,mmcF,73,6.701e-15,0.279
FW_TWAS_rep_2,GCA_943370345.1,CALRQQ020000213.1,susC,74,3.59e-19,0.454
FW_TWAS_rep_2,GCA_943370345.1,CALRQQ020000105.1,bcd,268,9.099e-81,0.385
FW_TWAS_rep_2,GCA_943370345.1,CALRQQ020000511.1,ilvE,123,1.083e-32,0.347
FW_TWAS_rep_2,GCA_943370345.1,CALRQQ020000016.1,mmcE,294,1.198e-82,0.358
FW_TWAS_rep_2,GCA_943370345.1,CALRQQ020000320.1,susC,216,1.706e-64,0.408
FW_TWAS_rep_2,GCA_943370345.1,CALRQQ020000042.1,fadD,111,4.652e-27,0.257
FW_TWAS_rep_2,GCA_943370345.1,CALRQQ020000248.1,cazy_GH43,63,7.042e-13,0.285
FW_TWAS_rep_2,GCA_943370345.1,CALRQQ020000521.1,fadB,138,3.675e-38,0.418
FW_TWAS_rep_2,GCA_943370345.1,CALRQQ020000017.1,susC,602,3.723e-184,0.374
FW_TWAS_rep_2,GCA_943370345.1,CALRQQ020000090.1,fadB,89,1.281e-21,0.307
FW_TWAS_rep_2,GCA_943370345.1,CALRQQ020000002.1,cazy_CE8,251,4.036e-76,0.44
FW_TWAS_rep_2,GCA_943370345.1,CALRQQ020000044.1,cazy_GH9,164,6.132e-43,0.281
FW_TWAS_rep_2,GCA_943370345.1,CALRQQ020000109.1,cazy_CE8,259,7.182e-75,0.47
FW_TWAS_rep_2,GCA_943370345.1,CALRQQ020000229.1,mmcE,299,3.554e-84,0.364
FW_TWAS_rep_2,GCA_943370345.1,CALRQQ020000521.1,etfA,158,2.515e-45,0.429
FW_TWAS_rep_2,GCA_943370345.1,CALRQQ020000497.1,pepN,100,1.145e-23,0.24
FW_TWAS_rep_2,GCA_943370345.1,CALRQQ020000129.1,susC,437,6.607e-135,0.422
FW_TWAS_rep_2,GCA_943370345.1,CALRQQ020000461.1,hydA,71,2.835e-15,0.269
FW_TWAS_rep_2,GCA_943370345.1,CALRQQ020000089.1,sucD,107,2.018e-26,0.475
FW_TWAS_rep_2,GCA_943370345.1,CALRQQ020000050.1,susC,532,6.215e-162,0.349
FW_TWAS_rep_2,GCA_943370345.1,CALRQQ020000411.1,bcd,158,3.132e-43,0.312
FW_TWAS_rep_2,GCA_943370345.1,CALRQQ020000132.1,acs,63,1.908e-13,0.287
FW_TWAS_rep_2,GCA_943370345.1,CALRQQ020000060.1,cazy_GH13,47,1.854e-7,0.313
FW_TWAS_rep_2,GCA_943370345.1,CALRQQ020000202.1,fhs,649,2.822e-209,0.578
FW_TWAS_rep_2,GCA_943370345.1,CALRQQ020000142.1,bcd,292,7.534e-91,0.496
FW_TWAS_rep_2,GCA_943370345.1,CALRQQ020000349.1,mvhA,51,5.139e-9,0.219
FW_TWAS_rep_2,GCA_943370345.1,CALRQQ020000173.1,frhB,46,3.966e-7,0.389
FW_TWAS_rep_2,GCA_943370345.1,CALRQQ020000039.1,pta,173,8.62e-46,0.345
FW_TWAS_rep_2,GCA_943370345.1,CALRQQ020000010.1,susC,144,2.135e-38,0.292
FW_TWAS_rep_2,GCA_943370345.1,CALRQQ020000365.1,fdhA,48,2.69e-8,0.354
FW_TWAS_rep_2,GCA_943370345.1,CALRQQ020000411.1,adh,58,1.751e-11,0.271
FW_TWAS_rep_2,GCA_943370345.1,CALRQQ020000136.1,fwdA,43,2.459e-6,0.375
FW_TWAS_rep_2,GCA_943370345.1,CALRQQ020000132.1,gdh,65,3.621e-13,0.507
FW_TWAS_rep_2,GCA_943370345.1,CALRQQ020000002.1,esterase,46,2.253e-7,0.25
FW_TWAS_rep_2,GCA_943370345.1,CALRQQ020000380.1,mvhG,48,6.439e-9,0.309
FW_TWAS_rep_2,GCA_943370345.1,CALRQQ020000045.1,adhE,99,3.981e-24,0.268
FW_TWAS_rep_2,GCA_943370345.1,CALRQQ020000032.1,endopeptidase,221,1.994e-64,0.399
FW_TWAS_rep_2,GCA_943370345.1,CALRQQ020000058.1,crt,56,4.534e-10,0.252
FW_TWAS_rep_2,GCA_943370345.1,CALRQQ020000155.1,susC,55,1.07e-9,0.289
FW_TWAS_rep_2,GCA_943370345.1,CALRQQ020000109.1,cazy_PL1,53,1.556e-9,0.277
FW_TWAS_rep_2,GCA_943370345.1,CALRQQ020000235.1,extracellular_protease,130,1.373e-35,0.409
FW_TWAS_rep_2,GCA_943370345.1,CALRQQ020000058.1,fadB,119,4.474e-29,0.295
FW_TWAS_rep_2,GCA_943370345.1,CALRQQ020000181.1,acs,371,2.355e-115,0.437
FW_TWAS_rep_2,GCA_943370345.1,CALRQQ020000010.1,folD,303,2.783e-94,0.543
FW_TWAS_rep_2,GCA_943370345.1,CALRQQ020000105.1,fadE,196,2.248e-56,0.353
FW_TWAS_rep_2,GCA_943370345.1,CALRQQ020000134.1,dtpT,304,2.098e-90,0.363
FW_TWAS_rep_2,GCA_943370345.1,CALRQQ020000099.1,agl,56,1.868e-10,0.304
FW_TWAS_rep_2,GCA_943370345.1,CALRQQ020000301.1,acs,147,1.21e-38,0.272
FW_TWAS_rep_2,GCA_943370345.1,CALRQQ020000466.1,frhG,56,2.121e-10,0.301
FW_TWAS_rep_2,GCA_943370345.1,CALRQQ020000349.1,hydA,50,3.942e-9,0.366
FW_TWAS_rep_2,GCA_943370345.1,CALRQQ020000365.1,hydA,123,2.416e-33,0.336
FW_TWAS_rep_2,GCA_943370345.1,CALRQQ020000130.1,fadB,171,3.739e-49,0.38
FW_TWAS_rep_2,GCA_943370345.1,CALRQQ020000027.1,susC,150,1.175e-43,0.489
FW_TWAS_rep_2,GCA_943370345.1,CALRQQ020000158.1,susC,603,9.539e-186,0.375
FW_TWAS_rep_2,GCA_943370345.1,CALRQQ020000307.1,mdh,254,2.979e-77,0.46
FW_TWAS_rep_2,GCA_943370345.1,CALRQQ020000013.1,susD,115,1.994e-28,0.279
FW_TWAS_rep_2,GCA_943370345.1,CALRQQ020000277.1,cazy_GH13,107,3.043e-26,0.312
FW_TWAS_rep_2,GCA_943370345.1,CALRQQ020000120.1,dppB,214,3.698e-63,0.409
FW_TWAS_rep_2,GCA_943370345.1,CALRQQ020000450.1,cazy_GH43,98,1.47e-23,0.317
FW_TWAS_rep_2,GCA_943370345.1,CALRQQ020000349.1,rnfB,40,5.724e-6,0.343
FW_TWAS_rep_2,GCA_943370345.1,CALRQQ020000321.1,susD,117,3.25e-30,0.303
FW_TWAS_rep_2,GCA_943370345.1,CALRQQ020000006.1,adh,59,9.007e-12,0.32
FW_TWAS_rep_2,GCA_943370345.1,CALRQQ020000415.1,susC,252,1.43e-71,0.285
FW_TWAS_rep_2,GCA_943370345.1,CALRQQ020000456.1,susC,250,4.513e-73,0.363
FW_TWAS_rep_2,GCA_943370345.1,CALRQQ020000112.1,susC,364,1.701e-109,0.346
FW_TWAS_rep_2,GCA_943370345.1,CALRQQ020000104.1,susC,177,2.508e-51,0.375
FW_TWAS_rep_2,GCA_943370345.1,CALRQQ020000462.1,bgl,311,1.016e-94,0.387
FW_TWAS_rep_2,GCA_943370345.1,CALRQQ020000125.1,cazy_GH43,46,4.925e-8,0.292
FW_TWAS_rep_2,GCA_943370345.1,CALRQQ020000399.1,lctB,227,3.088e-69,0.464
FW_TWAS_rep_2,GCA_943370345.1,CALRQQ020000301.1,fadD,159,1.28e-42,0.305
FW_TWAS_rep_2,GCA_943370345.1,CALRQQ020000494.1,lysophospholipase,51,9.683e-9,0.277
FW_TWAS_rep_2,GCA_943370345.1,CALRQQ020000119.1,susC,231,5.388e-66,0.309
FW_TWAS_rep_2,GCA_943370345.1,CALRQQ020000348.1,susC,57,2.685e-10,0.266
FW_TWAS_rep_2,GCA_943370345.1,CALRQQ020000115.1,susC,533,2.276e-161,0.34
FW_TWAS_rep_2,GCA_943370345.1,CALRQQ020000151.1,xylA,500,6.948e-160,0.555
FW_TWAS_rep_2,GCA_943370345.1,CALRQQ020000365.1,frhA,161,1.285e-43,0.307
FW_TWAS_rep_2,GCA_943370345.1,CALRQQ020000035.1,susD,119,2.057e-29,0.281
FW_TWAS_rep_2,GCA_943370345.1,CALRQQ020000018.1,extracellular_protease,70,6.168e-14,0.274
FW_TWAS_rep_2,GCA_943370345.1,CALRQQ020000181.1,fadD,86,1.283e-19,0.275
FW_TWAS_rep_2,GCA_943370345.1,CALRQQ020000121.1,mmcF,81,3.884e-22,0.812
FW_TWAS_rep_2,GCA_943370345.1,CALRQQ020000118.1,dppB,44,8.104e-7,0.317
FW_TWAS_rep_2,GCA_943370345.1,CALRQQ020000118.1,oppB,196,1.151e-56,0.365
FW_TWAS_rep_2,GCA_943370345.1,CALRQQ020000118.1,acylglycerol_lipase,49,7.306e-9,0.224
FW_TWAS_rep_2,GCA_943370345.1,CALRQQ020000509.1,susC,177,2.927e-52,0.424
FW_TWAS_rep_2,GCA_943370345.1,CALRQQ020000008.1,cazy_GH43,65,6.032e-13,0.302
FW_TWAS_rep_2,GCA_943370345.1,CALRQQ020000239.1,cazy_GH13,135,7.092e-35,0.337
FW_TWAS_rep_2,GCA_943370345.1,CALRQQ020000400.1,susC,91,1.885e-21,0.354
FW_TWAS_rep_2,GCA_943370345.1,CALRQQ020000454.1,mmcF,99,1.094e-27,0.505
FW_TWAS_rep_2,GCA_943370345.1,CALRQQ020000028.1,esterase,206,8.02e-60,0.377
FW_TWAS_rep_2,GCA_943370345.1,CALRQQ020000165.1,gdh,252,1.684e-77,0.476
FW_TWAS_rep_2,GCA_943370345.1,CALRQQ020000354.1,lctB,216,2.528e-65,0.451
FW_TWAS_rep_2,GCA_943370345.1,CALRQQ020000199.1,fwdA,45,4.404e-7,0.338
FW_TWAS_rep_2,GCA_943370345.1,CALRQQ020000116.1,rnfB,42,2.083e-6,0.355
FW_TWAS_rep_2,GCA_943370345.1,CALRQQ020000213.1,susD,168,7.147e-46,0.323
FW_TWAS_rep_2,GCA_943370345.1,CALRQQ020000054.1,cazy_CE8,83,5.134e-19,0.3
FW_TWAS_rep_2,GCA_943370345.1,CALRQQ020000265.1,dppA,177,2.774e-48,0.264
FW_TWAS_rep_2,GCA_943370345.1,CALRQQ020000120.1,oppB,179,4.905e-51,0.363
FW_TWAS_rep_2,GCA_943370345.1,CALRQQ020000521.1,crt,201,5.404e-60,0.444
FW_TWAS_rep_2,GCA_943370345.1,CALRQQ020000311.1,susC,246,1.342e-74,0.494
FW_TWAS_rep_2,GCA_943370345.1,CALRQQ020000239.1,agl,94,5.685e-22,0.267
FW_TWAS_rep_2,GCA_943370345.1,CALRQQ020000154.1,tdcB,305,3.566e-93,0.427
FW_TWAS_rep_2,GCA_943370345.1,CALRQQ020000173.1,pfor,1446,0.0,0.627
FW_TWAS_rep_2,GCA_943370345.1,CALRQQ020000141.1,pepQ,56,7.994e-11,0.252
FW_TWAS_rep_2,GCA_943370345.1,CALRQQ020000351.1,lctB,62,6.653e-13,0.25
FW_TWAS_rep_2,GCA_943370345.1,CALRQQ020000281.1,pepN,59,6.327e-11,0.282
FW_TWAS_rep_2,GCA_943370345.1,CALRQQ020000039.1,fwdA,45,1.452e-6,0.414
FW_TWAS_rep_2,GCA_943370345.1,CALRQQ020000014.1,hbd,88,7.889e-22,0.429
FW_TWAS_rep_2,GCA_943370345.1,CALRQQ020000022.1,bcd,263,1.386e-76,0.381
FW_TWAS_rep_2,GCA_943370345.1,CALRQQ020000131.1,gdh,290,1.02e-91,0.683
FW_TWAS_rep_2,GCA_943370345.1,CALRQQ020000089.1,sucC,367,3.139e-114,0.485
FW_TWAS_rep_2,GCA_943370345.1,CALRQQ020000074.1,acylglycerol_lipase,41,7.351e-6,0.345
FW_TWAS_rep_2,GCA_943370345.1,CALRQQ020000218.1,gdh,136,2.011e-40,0.642
FW_TWAS_rep_2,GCA_943370345.1,CALRQQ020000229.1,mmcF,69,7.92e-14,0.271
FW_TWAS_rep_2,GCA_943370345.1,CALRQQ020000349.1,frhG,55,4.351e-11,0.285
FW_TWAS_rep_2,GCA_943370345.1,CALRQQ020000411.1,fadE,207,2.071e-59,0.37
FW_TWAS_rep_2,GCA_943370345.1,CALRQQ020000365.1,mvhA,469,6.9e-149,0.487
FW_TWAS_rep_2,GCA_943370345.1,CALRQQ020000460.1,cat,259,6.533e-81,0.598
FW_TWAS_rep_2,GCA_943370345.1,CALRQQ020000241.1,lctC,48,1.072e-8,0.567
FW_TWAS_rep_2,GCA_943370345.1,CALRQQ020000040.1,agl,66,2.065e-13,0.255
FW_TWAS_rep_2,GCA_943370345.1,CALRQQ020000089.1,susC,62,5.136e-12,0.423
FW_TWAS_rep_2,GCA_943370345.1,CALRQQ020000212.1,susC,545,7.833e-170,0.437
FW_TWAS_rep_2,GCA_943370345.1,CALRQQ020000168.1,gdh,41,9.269e-6,0.246
FW_TWAS_rep_2,GCA_943370345.1,CALRQQ020000290.1,gdh,147,2.523e-43,0.601
FW_TWAS_rep_2,GCA_943370345.1,CALRQQ020000366.1,eda,110,1.395e-29,0.326
FW_TWAS_rep_2,GCA_943370345.1,CALRQQ020000013.1,xylF,100,6.834e-25,0.319
FW_TWAS_rep_2,GCA_943370345.1,CALRQQ020000466.1,mvhA,115,2.875e-28,0.244
FW_TWAS_rep_2,GCA_943370345.1,CALRQQ020000034.1,thl,282,3.912e-85,0.453
FW_TWAS_rep_2,GCA_943370345.1,CALRQQ020000109.1,cazy_GH43,137,1.475e-35,0.345
FW_TWAS_rep_2,GCA_943370345.1,CALRQQ020000112.1,susD,81,4.414e-18,0.292
FW_TWAS_rep_2,GCA_943370345.1,CALRQQ020000142.1,fadE,212,4.497e-63,0.431
FW_TWAS_rep_2,GCA_943370345.1,CALRQQ020000466.1,frhA,124,2.337e-31,0.257
FW_TWAS_rep_2,GCA_943370345.1,CALRQQ020000381.1,mvhG,41,2.259e-6,0.535
FW_TWAS_rep_2,GCA_943370345.1,CALRQQ020000001.1,susC,300,8.176e-85,0.277
FW_TWAS_rep_2,GCA_943370345.1,CALRQQ020000483.1,mvhG,49,3.733e-9,0.295
FW_TWAS_rep_2,GCA_943370345.1,CALRQQ020000295.1,susD,81,5.095e-21,0.449
FW_TWAS_rep_2,GCA_943370345.1,CALRQQ020000327.1,etfA,198,5.669e-58,0.397
FW_TWAS_rep_2,GCA_943370345.1,CALRQQ020000130.1,hbd,282,3.523e-87,0.523
FW_TWAS_rep_2,GCA_943370345.1,CALRQQ020000298.1,frhB,41,1.441e-6,0.306
FW_TWAS_rep_2,GCA_943370345.1,CALRQQ020000215.1,lctC,400,1.001e-125,0.485
FW_TWAS_rep_2,GCA_943370345.1,CALRQQ020000002.1,susC,709,6.094e-221,0.431
FW_TWAS_rep_2,GCA_943370345.1,CALRQQ020000408.1,susC,47,8.839e-10,0.384
FW_TWAS_rep_2,GCA_943370345.1,CALRQQ020000022.1,fadE,224,2.098e-63,0.353
FW_TWAS_rep_2,GCA_943370345.1,CALRQQ020000514.1,susC,82,4.593e-18,0.24
FW_TWAS_rep_2,GCA_943370345.1,CALRQQ020000365.1,mvhG,126,2.988e-35,0.39
FW_TWAS_rep_2,GCA_943370345.1,CALRQQ020000241.1,lctD,85,6.324e-21,0.32
FW_TWAS_rep_2,GCA_943370345.1,CALRQQ020000511.1,edd,198,2.983e-55,0.338
FW_TWAS_rep_2,GCA_943370345.1,CALRQQ020000302.1,cazy_GH13,96,2.227e-22,0.34
FW_TWAS_rep_2,GCA_943370345.1,CALRQQ020000420.1,susD,82,3.769e-18,0.262
FW_TWAS_rep_2,GCA_943370345.1,CALRQQ020000012.1,pepT,41,8.104e-6,0.242
FW_TWAS_rep_2,GCA_943370345.1,CALRQQ020000388.1,pepQ,144,1.305e-38,0.303
FW_TWAS_rep_2,GCA_943370345.1,CALRQQ020000132.1,fadD,122,1.643e-33,0.402
FW_TWAS_rep_2,GCA_943370345.1,CALRQQ020000365.1,frhG,99,3.845e-26,0.335
FW_TWAS_rep_2,GCA_943370345.1,CALRQQ020000029.1,adhE,191,1.182e-54,0.335
FW_TWAS_rep_2,GCA_943370345.1,CALRQQ020000027.1,agl,45,1.724e-6,0.3
FW_TWAS_rep_2,GCA_943370345.1,CALRQQ020000277.1,agl,90,8.838e-21,0.269
FW_TWAS_rep_2,GCA_943370345.1,CALRQQ020000090.1,crt,164,2.865e-47,0.428
FW_TWAS_rep_2,GCA_943370345.1,CALRQQ020000001.1,fadB,180,9.296e-52,0.389
FW_TWAS_rep_2,GCA_943370345.1,CALRQQ020000483.1,frhG,46,3.049e-8,0.258
FW_TWAS_rep_2,GCA_943370345.1,CALRQQ020000017.1,cazy_GH43,66,3.361e-13,0.299
FW_TWAS_rep_2,GCA_943370345.1,CALRQQ020000017.1,susD,161,2.902e-43,0.318
FW_TWAS_rep_2,GCA_943370345.1,CALRQQ020000054.1,adh,48,2.346e-8,0.226
FW_TWAS_rep_2,GCA_943370345.1,CALRQQ020000380.1,frhG,45,9.579e-8,0.241
FW_TWAS_rep_2,GCA_943370345.1,CALRQQ020000306.1,ilvE,247,3.053e-74,0.397
FW_TWAS_rep_2,GCA_943370345.1,CALRQQ020000396.1,cazy_GH43,85,6.876e-20,0.303
FW_TWAS_rep_2,GCA_943370345.1,CALRQQ020000125.1,fadD,223,5.93e-66,0.405
FW_TWAS_rep_2,GCA_943370345.1,CALRQQ020000115.1,susD,142,2.937e-37,0.287
FW_TWAS_rep_2,GCA_943370345.1,CALRQQ020000298.1,hydA,78,2.781e-17,0.264
FW_TWAS_rep_2,GCA_943370345.1,CALRQQ020000027.1,cazy_GH13,57,4.425e-10,0.285
FW_TWAS_rep_2,GCA_943370345.1,CALRQQ020000001.1,lctC,391,5.766e-122,0.474
FW_TWAS_rep_2,GCA_943370345.1,CALRQQ020000050.1,susD,107,1.214e-25,0.286
FW_TWAS_rep_2,GCA_943370345.1,CALRQQ020000074.1,pepN,64,1.755e-12,0.234
FW_TWAS_rep_2,GCA_943370345.1,CALRQQ020000230.1,susC,470,3.597e-145,0.406
FW_TWAS_rep_2,GCA_943370345.1,CALRQQ020000067.1,mmcG,98,1.465e-26,0.404
FW_TWAS_rep_2,GCA_943370345.1,CALRQQ020000420.1,susC,118,7.524e-32,0.357
FW_TWAS_rep_2,GCA_943370345.1,CALRQQ020000173.1,rnfB,43,3.644e-6,0.38
FW_TWAS_rep_2,GCA_943370345.1,CALRQQ020000349.1,frhA,103,1.981e-25,0.272
FW_TWAS_rep_2,GCA_943370345.1,CALRQQ020000042.1,acs,719,1.209e-232,0.566
FW_TWAS_rep_2,GCA_943370345.1,CALRQQ020000298.1,frhG,47,2.221e-8,0.328
FW_TWAS_rep_2,GCA_943370345.1,CALRQQ020000408.1,susD,54,1.124e-9,0.299
FW_TWAS_rep_2,GCA_943370345.1,CALRQQ020000082.1,dtpT,324,1.477e-100,0.489
FW_TWAS_rep_2,GCA_943370345.1,CALRQQ020000111.1,susC,617,1.822e-192,0.431
FW_TWAS_rep_2,GCA_943370345.1,CALRQQ020000354.1,lctC,53,9.277e-12,0.52
FW_TWAS_rep_2,GCA_943370345.1,CALRQQ020000072.1,extracellular_protease,55,1.787e-9,0.344
FW_TWAS_rep_2,GCA_943370345.1,CALRQQ020000381.1,frhG,43,3.855e-7,0.274
FW_TWAS_rep_2,GCA_943370345.1,CALRQQ020000265.1,oppA,195,2.108e-54,0.295
FW_TWAS_rep_2,GCA_943370345.1,CALRQQ020000248.1,cazy_GH10,234,3.292e-69,0.383
FW_TWAS_rep_2,GCA_943370345.1,CALRQQ020000005.1,pepT,49,1.577e-8,0.238
FW_TWAS_rep_2,GCA_943370345.1,CALRQQ020000259.1,gapA,222,2.188e-67,0.505
FW_TWAS_rep_2,GCA_943370345.1,CALRQQ020000094.1,adh,47,2.588e-8,0.268
FW_TWAS_rep_2,GCA_943370345.1,CALRQQ020000023.1,pfkA,257,1.579e-78,0.439
FW_TWAS_rep_2,GCA_943370345.1,CALRQQ020000273.1,esterase,61,2.002e-13,0.33
FW_TWAS_rep_2,GCA_943370345.1,CALRQQ020000215.1,lctD,54,1.292e-10,0.314
FW_TWAS_rep_2,GCA_943370345.1,CALRQQ020000013.1,susC,436,3.293e-129,0.317
FW_TWAS_rep_2,GCA_943370345.1,CALRQQ020000001.1,hbd,244,5.646e-74,0.489
FW_TWAS_rep_2,GCA_943370345.1,CALRQQ020000034.1,fadA,344,2.048e-106,0.5
FW_TWAS_rep_2,GCA_943370345.1,CALRQQ020000169.1,susD,139,1.714e-36,0.303
FW_TWAS_rep_2,GCA_943370345.1,CALRQQ020000242.1,susD,131,2.232e-33,0.288
FW_TWAS_rep_2,GCA_943370345.1,CALRQQ020000058.1,hbd,117,1.36e-28,0.273
FW_TWAS_rep_2,GCA_943370345.1,CALRQQ020000002.1,pfkA,52,1.762e-9,0.238
FW_TWAS_rep_2,GCA_943370345.1,CALRQQ020000119.1,susD,130,1.891e-33,0.284
FW_TWAS_rep_2,GCA_943370345.1,CALRQQ020000321.1,susC,582,1.993e-178,0.364
FW_TWAS_rep_2,GCA_943370345.1,CALRQQ020000265.1,pepN,70,7.904e-15,0.237
FW_TWAS_rep_2,GCA_943370345.1,CALRQQ020000118.1,dppC,192,1.867e-55,0.364
FW_TWAS_rep_2,GCA_943370345.1,CALRQQ020000493.1,lysophospholipase,50,5.579e-9,0.347
FW_TWAS_rep_2,GCA_943370345.1,CALRQQ020000184.1,susC,510,1.196e-157,0.393
FW_TWAS_rep_2,GCA_943370345.1,CALRQQ020000243.1,acylglycerol_lipase,48,2.016e-8,0.237
FW_TWAS_rep_2,GCA_943370345.1,CALRQQ020000169.1,susC,310,4.726e-91,0.322
FW_TWAS_rep_2,GCA_031972215.1,DALYFD010000001.1,acylglycerol_lipase,49,8.968e-9,0.278
FW_TWAS_rep_2,GCA_031972215.1,DALYFD010000010.1,pepQ,84,2.596e-19,0.254
FW_TWAS_rep_2,GCA_031972215.1,DALYFD010000002.1,pyk,346,2.744e-106,0.434
FW_TWAS_rep_2,GCA_031972215.1,DALYFD010000007.1,tdcB,128,1.662e-33,0.356
FW_TWAS_rep_2,GCA_031972215.1,DALYFD010000004.1,crt,41,5.438e-6,0.32
FW_TWAS_rep_2,GCA_031972215.1,DALYFD010000010.1,dppA,78,5.691e-17,0.238
FW_TWAS_rep_2,GCA_031972215.1,DALYFD010000002.1,folD,177,1.42e-51,0.375
FW_TWAS_rep_2,GCA_031972215.1,DALYFD010000003.1,pepN,198,2.141e-53,0.325
FW_TWAS_rep_2,GCA_031972215.1,DALYFD010000003.1,gapA,307,8.938e-95,0.468
FW_TWAS_rep_2,GCA_031972215.1,DALYFD010000001.1,bgl,174,1.088e-48,0.29
FW_TWAS_rep_2,GCA_031972215.1,DALYFD010000010.1,oppA,119,1.733e-29,0.265
FW_TWAS_rep_2,GCA_031972215.1,DALYFD010000001.1,ackA,163,4.587e-45,0.333
FW_TWAS_rep_2,GCA_937898325.1,CALDKN010000184.1,cazy_GH13,49,3.457e-8,0.359
FW_TWAS_rep_2,GCA_937898325.1,CALDKN010000120.1,pfor,1455,0.0,0.618
FW_TWAS_rep_2,GCA_937898325.1,CALDKN010000040.1,fumB,125,1.273e-33,0.353
FW_TWAS_rep_2,GCA_937898325.1,CALDKN010000073.1,acylglycerol_lipase,129,1.538e-34,0.328
FW_TWAS_rep_2,GCA_937898325.1,CALDKN010000002.1,dppB,250,9.452e-76,0.401
FW_TWAS_rep_2,GCA_937898325.1,CALDKN010000164.1,fhs,736,1.97e-239,0.649
FW_TWAS_rep_2,GCA_937898325.1,CALDKN010000187.1,dppA,119,1.535e-31,0.286
FW_TWAS_rep_2,GCA_937898325.1,CALDKN010000034.1,dppA,89,1.801e-20,0.243
FW_TWAS_rep_2,GCA_937898325.1,CALDKN010000212.1,frhG,44,3.701e-7,0.437
FW_TWAS_rep_2,GCA_937898325.1,CALDKN010000202.1,hydA,137,5.817e-37,0.358
FW_TWAS_rep_2,GCA_937898325.1,CALDKN010000031.1,oppA,93,1.434e-21,0.242
FW_TWAS_rep_2,GCA_937898325.1,CALDKN010000015.1,frhG,46,2.409e-7,0.418
FW_TWAS_rep_2,GCA_937898325.1,CALDKN010000114.1,frhB,48,3.351e-8,0.299
FW_TWAS_rep_2,GCA_937898325.1,CALDKN010000230.1,acylglycerol_lipase,68,3.558e-14,0.317
FW_TWAS_rep_2,GCA_937898325.1,CALDKN010000064.1,ilvE,338,1.621e-105,0.518
FW_TWAS_rep_2,GCA_937898325.1,CALDKN010000117.1,esterase,188,2.944e-52,0.308
FW_TWAS_rep_2,GCA_937898325.1,CALDKN010000212.1,frhB,47,6.667e-8,0.441
FW_TWAS_rep_2,GCA_937898325.1,CALDKN010000244.1,frhG,49,3.811e-8,0.5
FW_TWAS_rep_2,GCA_937898325.1,CALDKN010000034.1,dppC,91,1.121e-23,0.402
FW_TWAS_rep_2,GCA_937898325.1,CALDKN010000031.1,dppB,144,2.705e-39,0.281
FW_TWAS_rep_2,GCA_937898325.1,CALDKN010000042.1,dppA,80,1.958e-17,0.229
FW_TWAS_rep_2,GCA_937898325.1,CALDKN010000045.1,adh,56,8.344e-11,0.266
FW_TWAS_rep_2,GCA_937898325.1,CALDKN010000212.1,rnfB,105,7.207e-27,0.367
FW_TWAS_rep_2,GCA_937898325.1,CALDKN010000178.1,cazy_GH13,224,4.354e-64,0.442
FW_TWAS_rep_2,GCA_937898325.1,CALDKN010000073.1,gdh,58,4.153e-11,0.472
FW_TWAS_rep_2,GCA_937898325.1,CALDKN010000072.1,oppB,108,9.355e-27,0.351
FW_TWAS_rep_2,GCA_937898325.1,CALDKN010000082.1,pta,152,3.179e-42,0.38
FW_TWAS_rep_2,GCA_937898325.1,CALDKN010000027.1,fumB,118,1.389e-32,0.403
FW_TWAS_rep_2,GCA_937898325.1,CALDKN010000116.1,dppC,188,4.679e-55,0.358
FW_TWAS_rep_2,GCA_937898325.1,CALDKN010000155.1,cat,291,1.06e-91,0.663
FW_TWAS_rep_2,GCA_937898325.1,CALDKN010000002.1,dppA,214,8.064e-60,0.287
FW_TWAS_rep_2,GCA_937898325.1,CALDKN010000212.1,dppB,198,1.219e-57,0.377
FW_TWAS_rep_2,GCA_937898325.1,CALDKN010000034.1,dppB,181,5.072e-52,0.354
FW_TWAS_rep_2,GCA_937898325.1,CALDKN010000175.1,dppC,186,1.131e-54,0.434
FW_TWAS_rep_2,GCA_937898325.1,CALDKN010000008.1,oppA,123,7.873e-31,0.254
FW_TWAS_rep_2,GCA_937898325.1,CALDKN010000212.1,adhE,145,2.195e-39,0.322
FW_TWAS_rep_2,GCA_937898325.1,CALDKN010000116.1,oppB,213,1.011e-62,0.404
FW_TWAS_rep_2,GCA_937898325.1,CALDKN010000244.1,fdhA,63,2.567e-12,0.457
FW_TWAS_rep_2,GCA_937898325.1,CALDKN010000036.1,xylF,196,1.035e-56,0.37
FW_TWAS_rep_2,GCA_937898325.1,CALDKN010000082.1,rnfB,44,3.397e-8,0.343
FW_TWAS_rep_2,GCA_937898325.1,CALDKN010000219.1,pgi,101,5.289e-24,0.297
FW_TWAS_rep_2,GCA_937898325.1,CALDKN010000029.1,xylB,63,2.795e-12,0.244
FW_TWAS_rep_2,GCA_937898325.1,CALDKN010000204.1,cazy_GH13,67,3.515e-13,0.245
FW_TWAS_rep_2,GCA_937898325.1,CALDKN010000014.1,dppB,321,2.198e-100,0.521
FW_TWAS_rep_2,GCA_937898325.1,CALDKN010000144.1,cazy_GH10,280,6.892e-85,0.462
FW_TWAS_rep_2,GCA_937898325.1,CALDKN010000216.1,ackA,80,2.707e-19,0.358
FW_TWAS_rep_2,GCA_937898325.1,CALDKN010000120.1,grdA,150,3.443e-45,0.728
FW_TWAS_rep_2,GCA_937898325.1,CALDKN010000155.1,thl,427,7.07e-135,0.59
FW_TWAS_rep_2,GCA_937898325.1,CALDKN010000089.1,dppA,80,1.936e-17,0.222
FW_TWAS_rep_2,GCA_937898325.1,CALDKN010000081.1,acylglycerol_lipase,53,1.266e-9,0.256
FW_TWAS_rep_2,GCA_937898325.1,CALDKN010000151.1,pfkA,81,1.072e-18,0.303
FW_TWAS_rep_2,GCA_937898325.1,CALDKN010000008.1,dppB,214,3.826e-63,0.37
FW_TWAS_rep_2,GCA_937898325.1,CALDKN010000201.1,pepA,379,2.029e-117,0.488
FW_TWAS_rep_2,GCA_937898325.1,CALDKN010000212.1,pepD,76,1.187e-16,0.313
FW_TWAS_rep_2,GCA_937898325.1,CALDKN010000002.1,oppB,274,2.794e-84,0.512
FW_TWAS_rep_2,GCA_937898325.1,CALDKN010000114.1,xylB,124,1.647e-31,0.263
FW_TWAS_rep_2,GCA_937898325.1,CALDKN010000072.1,pepT,151,1.004e-42,0.425
FW_TWAS_rep_2,GCA_937898325.1,CALDKN010000175.1,oppB,191,1.413e-56,0.468
FW_TWAS_rep_2,GCA_937898325.1,CALDKN010000036.1,pfkA,40,3.835e-6,0.392
FW_TWAS_rep_2,GCA_937898325.1,CALDKN010000244.1,hydA,494,1.043e-155,0.455
FW_TWAS_rep_2,GCA_937898325.1,CALDKN010000116.1,cazy_GH43,156,7.835e-42,0.375
FW_TWAS_rep_2,GCA_937898325.1,CALDKN010000187.1,oppA,121,6.127e-32,0.297
FW_TWAS_rep_2,GCA_937898325.1,CALDKN010000117.1,cazy_GH10,294,1.212e-83,0.486
FW_TWAS_rep_2,GCA_937898325.1,CALDKN010000117.1,cazy_GH43,116,7.271e-29,0.32
FW_TWAS_rep_2,GCA_937898325.1,CALDKN010000120.1,prdA,93,7.488e-22,0.282
FW_TWAS_rep_2,GCA_937898325.1,CALDKN010000137.1,cazy_GH13,180,7.84e-49,0.371
FW_TWAS_rep_2,GCA_937898325.1,CALDKN010000207.1,oppB,83,5.412e-22,0.364
FW_TWAS_rep_2,GCA_937898325.1,CALDKN010000116.1,dppB,227,1.363e-67,0.415
FW_TWAS_rep_2,GCA_937898325.1,CALDKN010000029.1,gapA,374,1.588e-118,0.571
FW_TWAS_rep_2,GCA_937898325.1,CALDKN010000093.1,hbd,205,1.032e-60,0.4
FW_TWAS_rep_2,GCA_937898325.1,CALDKN010000073.1,agl,245,7.817e-71,0.373
FW_TWAS_rep_2,GCA_937898325.1,CALDKN010000152.1,gdh,460,1.231e-146,0.567
FW_TWAS_rep_2,GCA_937898325.1,CALDKN010000212.1,dppA,181,5.797e-50,0.277
FW_TWAS_rep_2,GCA_937898325.1,CALDKN010000107.1,pgi,49,6.591e-10,0.317
FW_TWAS_rep_2,GCA_937898325.1,CALDKN010000231.1,susC,43,3.559e-6,0.287
FW_TWAS_rep_2,GCA_937898325.1,CALDKN010000130.1,oppB,132,3.761e-35,0.301
FW_TWAS_rep_2,GCA_937898325.1,CALDKN010000008.1,dppA,145,6.155e-38,0.284
FW_TWAS_rep_2,GCA_937898325.1,CALDKN010000008.1,dppC,198,3.049e-57,0.345
FW_TWAS_rep_2,GCA_937898325.1,CALDKN010000062.1,xylF,245,3.919e-73,0.443
FW_TWAS_rep_2,GCA_937898325.1,CALDKN010000031.1,dppA,116,8.166e-29,0.258
FW_TWAS_rep_2,GCA_937898325.1,CALDKN010000014.1,dppC,295,1.011e-91,0.51
FW_TWAS_rep_2,GCA_937898325.1,CALDKN010000020.1,pfkA,156,6.72e-44,0.348
FW_TWAS_rep_2,GCA_937898325.1,CALDKN010000208.1,dppA,74,3.698e-16,0.255
FW_TWAS_rep_2,GCA_937898325.1,CALDKN010000012.1,dppC,65,2.184e-16,0.516
FW_TWAS_rep_2,GCA_937898325.1,CALDKN010000015.1,endopeptidase,355,1.732e-110,0.553
FW_TWAS_rep_2,GCA_937898325.1,CALDKN010000037.1,acylglycerol_lipase,44,1.44e-6,0.423
FW_TWAS_rep_2,GCA_937898325.1,CALDKN010000212.1,cdhC,41,4.8e-6,0.377
FW_TWAS_rep_2,GCA_937898325.1,CALDKN010000093.1,ackA,432,1.883e-137,0.57
FW_TWAS_rep_2,GCA_937898325.1,CALDKN010000089.1,oppA,93,2.608e-21,0.245
FW_TWAS_rep_2,GCA_937898325.1,CALDKN010000175.1,oppA,71,8.947e-15,0.28
FW_TWAS_rep_2,GCA_937898325.1,CALDKN010000072.1,dppC,94,2.301e-22,0.319
FW_TWAS_rep_2,GCA_937898325.1,CALDKN010000208.1,oppA,63,1.091e-12,0.272
FW_TWAS_rep_2,GCA_937898325.1,CALDKN010000175.1,dppB,248,5.175e-75,0.443
FW_TWAS_rep_2,GCA_937898325.1,CALDKN010000212.1,dppC,195,8.667e-58,0.443
FW_TWAS_rep_2,GCA_937898325.1,CALDKN010000212.1,oppB,209,3.692e-61,0.475
FW_TWAS_rep_2,GCA_937898325.1,CALDKN010000039.1,dppB,135,4.09e-36,0.315
FW_TWAS_rep_2,GCA_937898325.1,CALDKN010000002.1,oppA,165,4.839e-44,0.255
FW_TWAS_rep_2,GCA_937898325.1,CALDKN010000155.1,crt,178,5.681e-52,0.445
FW_TWAS_rep_2,GCA_937898325.1,CALDKN010000082.1,hydA,43,8.686e-8,0.312
FW_TWAS_rep_2,GCA_937898325.1,CALDKN010000026.1,endopeptidase,331,3.515e-98,0.608
FW_TWAS_rep_2,GCA_937898325.1,CALDKN010000039.1,dppC,101,1.707e-25,0.336
FW_TWAS_rep_2,GCA_937898325.1,CALDKN010000030.1,extracellular_protease,40,1.642e-6,0.333
FW_TWAS_rep_2,GCA_937898325.1,CALDKN010000016.1,xylB,145,5.311e-38,0.3
FW_TWAS_rep_2,GCA_937898325.1,CALDKN010000034.1,oppB,149,5.131e-41,0.312
FW_TWAS_rep_2,GCA_937898325.1,CALDKN010000212.1,pyk,470,3.685e-149,0.539
FW_TWAS_rep_2,GCA_937898325.1,CALDKN010000073.1,pfkA,127,2.626e-33,0.311
FW_TWAS_rep_2,GCA_937898325.1,CALDKN010000212.1,pepT,269,6.944e-81,0.43
FW_TWAS_rep_2,GCA_937898325.1,CALDKN010000137.1,agl,111,6.544e-27,0.282
FW_TWAS_rep_2,GCA_937898325.1,CALDKN010000031.1,dppC,134,3.128e-36,0.323
FW_TWAS_rep_2,GCA_937898325.1,CALDKN010000039.1,dppA,59,4.669e-11,0.218
FW_TWAS_rep_2,GCA_937898325.1,CALDKN010000114.1,hydA,49,1.438e-8,0.345
FW_TWAS_rep_2,GCA_937898325.1,CALDKN010000114.1,pfor,42,2.286e-6,0.27
FW_TWAS_rep_2,GCA_937898325.1,CALDKN010000089.1,dppC,172,6.515e-49,0.396
FW_TWAS_rep_2,GCA_937898325.1,CALDKN010000219.1,pfkA,70,6.132e-15,0.382
FW_TWAS_rep_2,GCA_937898325.1,CALDKN010000155.1,fadA,319,1.659e-97,0.475
FW_TWAS_rep_2,GCA_937898325.1,CALDKN010000073.1,extracellular_protease,200,5.978e-55,0.413
FW_TWAS_rep_2,GCA_937898325.1,CALDKN010000039.1,oppB,136,1.641e-36,0.291
FW_TWAS_rep_2,GCA_937898325.1,CALDKN010000202.1,fdhA,598,3.771e-192,0.563
FW_TWAS_rep_2,GCA_937898325.1,CALDKN010000016.1,xylA,550,3.252e-177,0.604
FW_TWAS_rep_2,GCA_937898325.1,CALDKN010000095.1,pepT,84,3.041e-19,0.264
FW_TWAS_rep_2,GCA_937898325.1,CALDKN010000011.1,extracellular_protease,154,8.584e-39,0.322
FW_TWAS_rep_2,GCA_937898325.1,CALDKN010000092.1,cazy_GH43,108,5.51e-27,0.347
FW_TWAS_rep_2,GCA_937898325.1,CALDKN010000190.1,xylF,189,1.83e-54,0.358
FW_TWAS_rep_2,GCA_937898325.1,CALDKN010000089.1,dppB,169,8.766e-48,0.322
FW_TWAS_rep_2,GCA_937898325.1,CALDKN010000015.1,frhB,46,1.818e-7,0.382
FW_TWAS_rep_2,GCA_937898325.1,CALDKN010000039.1,oppA,78,7.581e-17,0.24
FW_TWAS_rep_2,GCA_937898325.1,CALDKN010000081.1,fadA,92,1.299e-21,0.287
FW_TWAS_rep_2,GCA_937898325.1,CALDKN010000181.1,pfor,1498,0.0,0.638
FW_TWAS_rep_2,GCA_937898325.1,CALDKN010000014.1,oppA,227,2.233e-65,0.334
FW_TWAS_rep_2,GCA_937898325.1,CALDKN010000119.1,dppA,217,6.04e-61,0.28
FW_TWAS_rep_2,GCA_937898325.1,CALDKN010000120.1,grdB,590,3.683e-191,0.665
FW_TWAS_rep_2,GCA_937898325.1,CALDKN010000012.1,oppB,53,4.263e-12,0.433
FW_TWAS_rep_2,GCA_937898325.1,CALDKN010000119.1,oppA,162,4.413e-43,0.258
FW_TWAS_rep_2,GCA_937898325.1,CALDKN010000119.1,dppB,247,1.358e-74,0.391
FW_TWAS_rep_2,GCA_937898325.1,CALDKN010000217.1,cazy_GH43,126,2.21e-32,0.334
FW_TWAS_rep_2,GCA_937898325.1,CALDKN010000081.1,adh,81,3.64e-19,0.308
FW_TWAS_rep_2,GCA_937898325.1,CALDKN010000114.1,rnfB,42,3.028e-6,0.346
FW_TWAS_rep_2,GCA_937898325.1,CALDKN010000119.1,dppC,258,8.426e-79,0.496
FW_TWAS_rep_2,GCA_937898325.1,CALDKN010000068.1,extracellular_protease,57,1.138e-11,0.404
FW_TWAS_rep_2,GCA_937898325.1,CALDKN010000212.1,pfkA,263,5.177e-80,0.468
FW_TWAS_rep_2,GCA_937898325.1,CALDKN010000014.1,dppA,287,5.443e-86,0.361
FW_TWAS_rep_2,GCA_937898325.1,CALDKN010000155.1,fadB,187,1.027e-54,0.41
FW_TWAS_rep_2,GCA_937898325.1,CALDKN010000155.1,etfA,162,2.074e-46,0.457
FW_TWAS_rep_2,GCA_937898325.1,CALDKN010000175.1,dppA,72,2.931e-15,0.271
FW_TWAS_rep_2,GCA_937898325.1,CALDKN010000203.1,extracellular_protease,178,1.923e-49,0.364
FW_TWAS_rep_2,GCA_937898325.1,CALDKN010000089.1,oppB,198,1.293e-57,0.355
FW_TWAS_rep_2,GCA_937898325.1,CALDKN010000178.1,agl,213,1.201e-60,0.357
FW_TWAS_rep_2,GCA_937898325.1,CALDKN010000193.1,extracellular_protease,134,3.384e-34,0.363
FW_TWAS_rep_2,GCA_937898325.1,CALDKN010000029.1,bgl,381,1.046e-118,0.452
FW_TWAS_rep_2,GCA_937898325.1,CALDKN010000130.1,dppC,90,1.801e-21,0.27
FW_TWAS_rep_2,GCA_937898325.1,CALDKN010000008.1,oppB,233,2.233e-69,0.388
FW_TWAS_rep_2,GCA_937898325.1,CALDKN010000042.1,dppB,137,6.792e-37,0.308
FW_TWAS_rep_2,GCA_937898325.1,CALDKN010000002.1,dppC,262,4.645e-80,0.494
FW_TWAS_rep_2,GCA_937898325.1,CALDKN010000155.1,hbd,323,1.023e-101,0.599
FW_TWAS_rep_2,GCA_937898325.1,CALDKN010000042.1,oppB,158,4.344e-44,0.326
FW_TWAS_rep_2,GCA_937898325.1,CALDKN010000072.1,dppB,115,1.779e-29,0.308
FW_TWAS_rep_2,GCA_937898325.1,CALDKN010000040.1,pepQ,195,3.739e-56,0.367
FW_TWAS_rep_2,GCA_937898325.1,CALDKN010000219.1,pepT,53,8.115e-10,0.216
FW_TWAS_rep_2,GCA_937898325.1,CALDKN010000159.1,xylF,156,7.867e-43,0.336
FW_TWAS_rep_2,GCA_937898325.1,CALDKN010000125.1,lysophospholipase,61,1.156e-12,0.324
FW_TWAS_rep_2,GCA_937898325.1,CALDKN010000202.1,eda,172,1.214e-50,0.472
FW_TWAS_rep_2,GCA_937898325.1,CALDKN010000116.1,dppA,132,2.03e-33,0.242
FW_TWAS_rep_2,GCA_937898325.1,CALDKN010000119.1,oppB,278,1.799e-85,0.505
FW_TWAS_rep_2,GCA_937898325.1,CALDKN010000031.1,oppB,156,1.433e-43,0.371
FW_TWAS_rep_2,GCA_937898325.1,CALDKN010000164.1,folD,391,3.171e-125,0.701
FW_TWAS_rep_2,GCA_937898325.1,CALDKN010000207.1,dppC,90,3.429e-24,0.392
FW_TWAS_rep_2,GCA_937898325.1,CALDKN010000212.1,oppA,219,6.733e-63,0.323
FW_TWAS_rep_2,GCA_937898325.1,CALDKN010000237.1,oppB,95,2.136e-25,0.424
FW_TWAS_rep_2,GCA_937898325.1,CALDKN010000020.1,xylB,113,4.417e-28,0.243
FW_TWAS_rep_2,GCA_937898325.1,CALDKN010000237.1,dppC,80,4.462e-20,0.347
FW_TWAS_rep_2,GCA_937898325.1,CALDKN010000082.1,ackA,94,1.22e-22,0.281
FW_TWAS_rep_2,GCA_937898325.1,CALDKN010000073.1,cazy_GH13,207,6.231e-58,0.411
FW_TWAS_rep_2,GCA_937898325.1,CALDKN010000231.1,crt,48,2.847e-8,0.392
FW_TWAS_rep_2,GCA_937898325.1,CALDKN010000014.1,oppB,258,1.403e-78,0.478
FW_TWAS_rep_2,GCA_937898325.1,CALDKN010000130.1,dppB,137,7.142e-37,0.307
FW_TWAS_rep_2,GCA_937898325.1,CALDKN010000232.1,extracellular_protease,54,5.998e-10,0.261
FW_TWAS_rep_2,GCA_044227805.1,JBGAWA010000034.1,adhE,57,1.038e-10,0.243
FW_TWAS_rep_2,GCA_044227805.1,JBGAWA010000039.1,lctC,43,5.055e-7,0.472
FW_TWAS_rep_2,GCA_044227805.1,JBGAWA010000172.1,thl,192,1.424e-56,0.441
FW_TWAS_rep_2,GCA_044227805.1,JBGAWA010000121.1,bcd,370,4.53e-116,0.504
FW_TWAS_rep_2,GCA_044227805.1,JBGAWA010000005.1,hbd,69,4.379e-15,0.368
FW_TWAS_rep_2,GCA_044227805.1,JBGAWA010000002.1,susD,176,5.998e-49,0.364
FW_TWAS_rep_2,GCA_044227805.1,JBGAWA010000070.1,endopeptidase,44,2.168e-6,0.337
FW_TWAS_rep_2,GCA_044227805.1,JBGAWA010000025.1,fadA,353,3.931e-110,0.524
FW_TWAS_rep_2,GCA_044227805.1,JBGAWA010000016.1,lysophospholipase,42,2.571e-6,0.22
FW_TWAS_rep_2,GCA_044227805.1,JBGAWA010000074.1,bcd,367,7.614e-115,0.515
FW_TWAS_rep_2,GCA_044227805.1,JBGAWA010000025.1,fadE,228,7.864e-65,0.39
FW_TWAS_rep_2,GCA_044227805.1,JBGAWA010000107.1,cazy_GH13,60,2.511e-11,0.25
FW_TWAS_rep_2,GCA_044227805.1,JBGAWA010000002.1,rnfB,42,3.802e-7,0.372
FW_TWAS_rep_2,GCA_044227805.1,JBGAWA010000054.1,mvhA,446,1.516e-140,0.461
FW_TWAS_rep_2,GCA_044227805.1,JBGAWA010000085.1,lctC,374,8.396e-118,0.5
FW_TWAS_rep_2,GCA_044227805.1,JBGAWA010000124.1,etfA,141,1.699e-39,0.4
FW_TWAS_rep_2,GCA_044227805.1,JBGAWA010000005.1,pepO,560,2.694e-176,0.455
FW_TWAS_rep_2,GCA_044227805.1,JBGAWA010000053.1,pyk,334,2.866e-104,0.504
FW_TWAS_rep_2,GCA_044227805.1,JBGAWA010000054.1,mvhG,127,5.289e-33,0.385
FW_TWAS_rep_2,GCA_044227805.1,JBGAWA010000059.1,etfA,163,7.31e-47,0.453
FW_TWAS_rep_2,GCA_044227805.1,JBGAWA010000011.1,agl,56,1.786e-10,0.262
FW_TWAS_rep_2,GCA_044227805.1,JBGAWA010000016.1,adh,53,8.212e-10,0.269
FW_TWAS_rep_2,GCA_044227805.1,JBGAWA010000079.1,frhB,42,1.071e-6,0.306
FW_TWAS_rep_2,GCA_044227805.1,JBGAWA010000014.1,susC,58,1.328e-10,0.32
FW_TWAS_rep_2,GCA_044227805.1,JBGAWA010000054.1,frhA,142,1.845e-37,0.276
FW_TWAS_rep_2,GCA_044227805.1,JBGAWA010000051.1,hbd,171,3.201e-51,0.537
FW_TWAS_rep_2,GCA_044227805.1,JBGAWA010000018.1,gdh,44,1.136e-6,0.328
FW_TWAS_rep_2,GCA_044227805.1,JBGAWA010000088.1,pepO,600,3.202e-190,0.449
FW_TWAS_rep_2,GCA_044227805.1,JBGAWA010000090.1,susC,106,3.038e-25,0.339
FW_TWAS_rep_2,GCA_044227805.1,JBGAWA010000006.1,cazy_GH13,85,1.267e-18,0.294
FW_TWAS_rep_2,GCA_044227805.1,JBGAWA010000078.1,endopeptidase,41,8.981e-6,0.25
FW_TWAS_rep_2,GCA_044227805.1,JBGAWA010000110.1,mmcE,684,1.331e-221,0.649
FW_TWAS_rep_2,GCA_044227805.1,JBGAWA010000096.1,pepO,627,1.923e-199,0.482
FW_TWAS_rep_2,GCA_044227805.1,JBGAWA010000025.1,thl,296,2.011e-90,0.459
FW_TWAS_rep_2,GCA_044227805.1,JBGAWA010000059.1,crt,209,6.649e-63,0.48
FW_TWAS_rep_2,GCA_044227805.1,JBGAWA010000011.1,pfor,1420,0.0,0.606
FW_TWAS_rep_2,GCA_044227805.1,JBGAWA010000033.1,adh,79,1.517e-18,0.293
FW_TWAS_rep_2,GCA_044227805.1,JBGAWA010000004.1,pepD,66,4.721e-14,0.262
FW_TWAS_rep_2,GCA_044227805.1,JBGAWA010000012.1,fadB,64,3.665e-15,0.393
FW_TWAS_rep_2,GCA_044227805.1,JBGAWA010000054.1,frhG,87,6.065e-20,0.356
FW_TWAS_rep_2,GCA_044227805.1,JBGAWA010000025.1,bcd,255,8.387e-74,0.386
FW_TWAS_rep_2,GCA_044227805.1,JBGAWA010000002.1,adh,43,7.535e-7,0.291
FW_TWAS_rep_2,GCA_044227805.1,JBGAWA010000011.1,frhB,47,2.257e-7,0.416
FW_TWAS_rep_2,GCA_044227805.1,JBGAWA010000145.1,susD,69,2.511e-14,0.268
FW_TWAS_rep_2,GCA_044227805.1,JBGAWA010000164.1,dppB,126,4.873e-36,0.459
FW_TWAS_rep_2,GCA_044227805.1,JBGAWA010000058.1,pta,173,1.066e-47,0.349
FW_TWAS_rep_2,GCA_044227805.1,JBGAWA010000012.1,hbd,130,4.381e-38,0.603
FW_TWAS_rep_2,GCA_044227805.1,JBGAWA010000022.1,folD,325,5.057e-102,0.58
FW_TWAS_rep_2,GCA_044227805.1,JBGAWA010000164.1,oppB,158,5.993e-43,0.298
FW_TWAS_rep_2,GCA_044227805.1,JBGAWA010000089.1,agl,98,2.045e-23,0.294
FW_TWAS_rep_2,GCA_044227805.1,JBGAWA010000027.1,extracellular_protease,48,3.034e-8,0.329
FW_TWAS_rep_2,GCA_044227805.1,JBGAWA010000011.1,cazy_GH13,86,1.118e-19,0.281
FW_TWAS_rep_2,GCA_044227805.1,JBGAWA010000088.1,sucD,99,6.054e-24,0.426
FW_TWAS_rep_2,GCA_044227805.1,JBGAWA010000061.1,bcd,233,5.008e-68,0.357
FW_TWAS_rep_2,GCA_044227805.1,JBGAWA010000011.1,rnfB,45,9.029e-7,0.403
FW_TWAS_rep_2,GCA_044227805.1,JBGAWA010000009.1,fadD,316,6.246e-94,0.356
FW_TWAS_rep_2,GCA_044227805.1,JBGAWA010000026.1,extracellular_protease,123,6.092e-31,0.441
FW_TWAS_rep_2,GCA_044227805.1,JBGAWA010000061.1,fadE,205,1.549e-58,0.359
FW_TWAS_rep_2,GCA_044227805.1,JBGAWA010000036.1,gdh,135,1.276e-35,0.329
FW_TWAS_rep_2,GCA_044227805.1,JBGAWA010000154.1,fadA,253,1.646e-75,0.389
FW_TWAS_rep_2,GCA_044227805.1,JBGAWA010000079.1,mvhG,42,1.374e-6,0.454
FW_TWAS_rep_2,GCA_044227805.1,JBGAWA010000038.1,fhs,572,9.284e-183,0.53
FW_TWAS_rep_2,GCA_044227805.1,JBGAWA010000065.1,fdhA,98,1.37e-25,0.36
FW_TWAS_rep_2,GCA_044227805.1,JBGAWA010000092.1,oppA,119,1.752e-29,0.252
FW_TWAS_rep_2,GCA_044227805.1,JBGAWA010000124.1,crt,281,1.157e-87,0.586
FW_TWAS_rep_2,GCA_044227805.1,JBGAWA010000122.1,susC,62,6.653e-13,0.341
FW_TWAS_rep_2,GCA_044227805.1,JBGAWA010000154.1,thl,426,5.334e-135,0.582
FW_TWAS_rep_2,GCA_044227805.1,JBGAWA010000043.1,pepA,311,6.963e-96,0.464
FW_TWAS_rep_2,GCA_044227805.1,JBGAWA010000051.1,pepN,125,5.981e-31,0.266
FW_TWAS_rep_2,GCA_044227805.1,JBGAWA010000025.1,hbd,138,7.361e-35,0.258
FW_TWAS_rep_2,GCA_044227805.1,JBGAWA010000048.1,susC,437,5.194e-135,0.408
FW_TWAS_rep_2,GCA_044227805.1,JBGAWA010000076.1,pepN,50,3.228e-8,0.252
FW_TWAS_rep_2,GCA_044227805.1,JBGAWA010000027.1,susC,57,2.656e-10,0.24
FW_TWAS_rep_2,GCA_044227805.1,JBGAWA010000124.1,fadB,126,3.048e-34,0.4
FW_TWAS_rep_2,GCA_044227805.1,JBGAWA010000068.1,frhA,95,7.894e-23,0.255
FW_TWAS_rep_2,GCA_044227805.1,JBGAWA010000009.1,acs,49,6.202e-8,0.24
FW_TWAS_rep_2,GCA_044227805.1,JBGAWA010000145.1,susC,207,1.825e-58,0.327
FW_TWAS_rep_2,GCA_044227805.1,JBGAWA010000034.1,susC,641,8.192e-199,0.386
FW_TWAS_rep_2,GCA_044227805.1,JBGAWA010000094.1,susC,327,2.14e-93,0.278
FW_TWAS_rep_2,GCA_044227805.1,JBGAWA010000121.1,fadE,260,3.511e-78,0.41
FW_TWAS_rep_2,GCA_044227805.1,JBGAWA010000034.1,susD,167,1.916e-45,0.314
FW_TWAS_rep_2,GCA_044227805.1,JBGAWA010000149.1,cazy_GH13,121,4.91e-30,0.273
FW_TWAS_rep_2,GCA_044227805.1,JBGAWA010000160.1,pepN,115,3.095e-28,0.255
FW_TWAS_rep_2,GCA_044227805.1,JBGAWA010000119.1,cat,257,4.514e-80,0.59
FW_TWAS_rep_2,GCA_044227805.1,JBGAWA010000089.1,cazy_GH13,107,2.735e-26,0.297
FW_TWAS_rep_2,GCA_044227805.1,JBGAWA010000078.1,etfA,91,2.017e-22,0.315
FW_TWAS_rep_2,GCA_044227805.1,JBGAWA010000034.1,dtpT,307,1.239e-91,0.367
FW_TWAS_rep_2,GCA_044227805.1,JBGAWA010000048.1,glcP,183,7.438e-51,0.324
FW_TWAS_rep_2,GCA_044227805.1,JBGAWA010000088.1,sucC,365,3.799e-114,0.488
FW_TWAS_rep_2,GCA_044227805.1,JBGAWA010000019.1,endopeptidase,44,1.175e-6,0.319
FW_TWAS_rep_2,GCA_044227805.1,JBGAWA010000004.1,susC,716,7.128e-225,0.436
FW_TWAS_rep_2,GCA_044227805.1,JBGAWA010000045.1,gdh,614,2.23e-199,0.68
FW_TWAS_rep_2,GCA_044227805.1,JBGAWA010000079.1,frhG,46,2.996e-8,0.384
FW_TWAS_rep_2,GCA_044227805.1,JBGAWA010000004.1,agl,167,4.637e-45,0.31
FW_TWAS_rep_2,GCA_044227805.1,JBGAWA010000059.1,mmcF,171,1.103e-51,0.621
FW_TWAS_rep_2,GCA_044227805.1,JBGAWA010000004.1,susD,118,1.718e-29,0.313
FW_TWAS_rep_2,GCA_044227805.1,JBGAWA010000102.1,rnfB,43,1.964e-6,0.38
FW_TWAS_rep_2,GCA_044227805.1,JBGAWA010000162.1,fwdA,46,3.989e-7,0.4
FW_TWAS_rep_2,GCA_044227805.1,JBGAWA010000007.1,pepT,233,1.402e-68,0.389
FW_TWAS_rep_2,GCA_044227805.1,JBGAWA010000002.1,hbd,250,3.385e-76,0.475
FW_TWAS_rep_2,GCA_044227805.1,JBGAWA010000054.1,hydA,85,2.534e-19,0.248
FW_TWAS_rep_2,GCA_044227805.1,JBGAWA010000002.1,mvhG,50,1.343e-9,0.321
FW_TWAS_rep_2,GCA_044227805.1,JBGAWA010000015.1,susC,302,1.408e-86,0.285
FW_TWAS_rep_2,GCA_044227805.1,JBGAWA010000002.1,fadB,172,1.818e-49,0.361
FW_TWAS_rep_2,GCA_044227805.1,JBGAWA010000037.1,pfkA,49,1.368e-8,0.254
FW_TWAS_rep_2,GCA_044227805.1,JBGAWA010000033.1,sucD,326,2.015e-102,0.566
FW_TWAS_rep_2,GCA_044227805.1,JBGAWA010000007.1,pepN,123,1.065e-30,0.282
FW_TWAS_rep_2,GCA_044227805.1,JBGAWA010000005.1,pepN,216,6.69e-59,0.317
FW_TWAS_rep_2,GCA_044227805.1,JBGAWA010000016.1,etfB,147,1.452e-41,0.39
FW_TWAS_rep_2,GCA_044227805.1,JBGAWA010000068.1,hydA,49,1.91e-9,0.366
FW_TWAS_rep_2,GCA_044227805.1,JBGAWA010000040.1,lysophospholipase,45,4.592e-7,0.241
FW_TWAS_rep_2,GCA_044227805.1,JBGAWA010000014.1,pgi,131,9.79e-38,0.531
FW_TWAS_rep_2,GCA_044227805.1,JBGAWA010000102.1,fwdA,49,4.315e-9,0.421
FW_TWAS_rep_2,GCA_044227805.1,JBGAWA010000048.1,susD,254,1.719e-74,0.402
FW_TWAS_rep_2,GCA_044227805.1,JBGAWA010000002.1,susC,571,2.147e-176,0.386
FW_TWAS_rep_2,GCA_044227805.1,JBGAWA010000039.1,lctD,72,1.242e-16,0.38
FW_TWAS_rep_2,GCA_044227805.1,JBGAWA010000081.1,susC,46,2.66e-7,0.25
FW_TWAS_rep_2,GCA_044227805.1,JBGAWA010000002.1,mmcG,100,4.019e-27,0.428
FW_TWAS_rep_2,GCA_044227805.1,JBGAWA010000002.1,hydA,43,2.075e-7,0.296
FW_TWAS_rep_2,GCA_044227805.1,JBGAWA010000058.1,mmcE,300,1.915e-84,0.372
FW_TWAS_rep_2,GCA_044227805.1,JBGAWA010000016.1,etfA,158,3.059e-47,0.609
FW_TWAS_rep_2,GCA_044227805.1,JBGAWA010000168.1,pepN,140,4.918e-36,0.29
FW_TWAS_rep_2,GCA_044227805.1,JBGAWA010000108.1,acs,761,5.175e-246,0.591
FW_TWAS_rep_2,GCA_044227805.1,JBGAWA010000007.1,pfkA,261,2.424e-79,0.454
FW_TWAS_rep_2,GCA_044227805.1,JBGAWA010000095.1,susC,61,2.777e-11,0.219
FW_TWAS_rep_2,GCA_044227805.1,JBGAWA010000003.1,susC,104,1.775e-24,0.355
FW_TWAS_rep_2,GCA_044227805.1,JBGAWA010000172.1,fadA,184,5.391e-54,0.447
FW_TWAS_rep_2,GCA_044227805.1,JBGAWA010000061.1,cazy_GH43,59,3.43e-11,0.261
FW_TWAS_rep_2,GCA_044227805.1,JBGAWA010000103.1,pepN,99,3.431e-23,0.24
FW_TWAS_rep_2,GCA_044227805.1,JBGAWA010000004.1,cazy_GH13,204,1.999e-57,0.395
FW_TWAS_rep_2,GCA_044227805.1,JBGAWA010000025.1,fadB,137,9.729e-35,0.319
FW_TWAS_rep_2,GCA_044227805.1,JBGAWA010000074.1,fadE,269,5.054e-81,0.422
FW_TWAS_rep_2,GCA_044227805.1,JBGAWA010000108.1,fadD,124,4.199e-31,0.269
FW_TWAS_rep_2,GCA_044227805.1,JBGAWA010000149.1,agl,74,1.263e-15,0.255
FW_TWAS_rep_2,GCA_044227805.1,JBGAWA010000151.1,pepQ,145,1.125e-38,0.299
FW_TWAS_rep_2,GCA_044227805.1,JBGAWA010000065.1,pyk,50,8.059e-11,0.457
FW_TWAS_rep_2,GCA_044227805.1,JBGAWA010000058.1,mmcF,77,4.358e-16,0.313
FW_TWAS_rep_2,GCA_044227805.1,JBGAWA010000047.1,lctB,243,1.232e-74,0.463
FW_TWAS_rep_2,GCA_044227805.1,JBGAWA010000092.1,dppA,67,1.811e-13,0.227
FW_TWAS_rep_2,GCA_044227805.1,JBGAWA010000164.1,dppC,137,3.667e-36,0.308
FW_TWAS_rep_2,GCA_044227805.1,JBGAWA010000008.1,gdh,495,1.828e-157,0.545
FW_TWAS_rep_2,GCA_044227805.1,JBGAWA010000059.1,fadB,137,6.207e-38,0.381
FW_TWAS_rep_2,GCA_044227805.1,JBGAWA010000054.1,fdhA,51,6.671e-9,0.298
FW_TWAS_rep_2,GCA_044227805.1,JBGAWA010000011.1,hydA,41,3.837e-7,0.297
FW_TWAS_rep_2,GCA_044227805.1,JBGAWA010000019.1,mdh,273,5.231e-84,0.464
FW_TWAS_rep_2,GCA_044227805.1,JBGAWA010000051.1,fadB,128,2.62e-36,0.429
FW_TWAS_rep_2,GCA_044227805.1,JBGAWA010000010.1,pepD,50,6.56e-9,0.272
FW_TWAS_rep_2,GCA_044227805.1,JBGAWA010000007.1,extracellular_protease,146,5.217e-38,0.317
FW_TWAS_rep_2,GCA_044227805.1,JBGAWA010000016.1,ilvE,277,2.202e-84,0.438
FW_TWAS_rep_2,GCA_044227805.1,JBGAWA010000078.1,crt,163,7.055e-47,0.395
FW_TWAS_rep_2,GCA_044227805.1,JBGAWA010000118.1,crt,139,1.207e-38,0.338
FW_TWAS_rep_2,GCA_044227805.1,JBGAWA010000171.1,tdcB,167,3.116e-49,0.497
FW_TWAS_rep_2,GCA_044227805.1,JBGAWA010000024.1,extracellular_protease,73,1.821e-15,0.367
FW_TWAS_rep_2,GCA_005518185.1,RKSN01000001.1,pepA,379,2.829e-117,0.496
FW_TWAS_rep_2,GCA_005518185.1,RKSN01000002.1,sucD,114,1.128e-28,0.495
FW_TWAS_rep_2,GCA_005518185.1,RKSN01000001.1,oppA,66,2.062e-13,0.231
FW_TWAS_rep_2,GCA_005518185.1,RKSN01000002.1,mer,104,1.53e-25,0.278
FW_TWAS_rep_2,GCA_005518185.1,RKSN01000002.1,fadA,375,1.095e-117,0.524
FW_TWAS_rep_2,GCA_005518185.1,RKSN01000002.1,crt,178,1.056e-51,0.41
FW_TWAS_rep_2,GCA_005518185.1,RKSN01000001.1,dppA,62,3.376e-12,0.302
FW_TWAS_rep_2,GCA_005518185.1,RKSN01000003.1,pepN,386,6.347e-115,0.404
FW_TWAS_rep_2,GCA_005518185.1,RKSN01000001.1,folD,322,2.728e-100,0.615
FW_TWAS_rep_2,GCA_005518185.1,RKSN01000001.1,fumB,268,3.379e-79,0.384
FW_TWAS_rep_2,GCA_005518185.1,RKSN01000001.1,frhG,46,8.938e-8,0.275
FW_TWAS_rep_2,GCA_005518185.1,RKSN01000001.1,pgi,362,5.496e-111,0.433
FW_TWAS_rep_2,GCA_005518185.1,RKSN01000003.1,pta,125,7.042e-31,0.305
FW_TWAS_rep_2,GCA_005518185.1,RKSN01000001.1,dtpT,234,4.847e-68,0.348
FW_TWAS_rep_2,GCA_005518185.1,RKSN01000001.1,fdhA,78,8.551e-17,0.222
FW_TWAS_rep_2,GCA_005518185.1,RKSN01000001.1,aldh,56,2.594e-10,0.227
FW_TWAS_rep_2,GCA_005518185.1,RKSN01000002.1,etfA,315,8.034e-98,0.647
FW_TWAS_rep_2,GCA_005518185.1,RKSN01000003.1,fadE,158,2.031e-43,0.306
FW_TWAS_rep_2,GCA_005518185.1,RKSN01000002.1,adhE,76,1.733e-16,0.259
FW_TWAS_rep_2,GCA_005518185.1,RKSN01000001.1,hydA,83,1.751e-18,0.292
FW_TWAS_rep_2,GCA_005518185.1,RKSN01000003.1,etfA,77,7.152e-18,0.37
FW_TWAS_rep_2,GCA_005518185.1,RKSN01000001.1,esterase,44,4.869e-7,0.322
FW_TWAS_rep_2,GCA_005518185.1,RKSN01000003.1,tdcB,341,7.916e-101,0.446
FW_TWAS_rep_2,GCA_005518185.1,RKSN01000002.1,esterase,192,2.34e-53,0.327
FW_TWAS_rep_2,GCA_005518185.1,RKSN01000002.1,bcd,254,1.128e-75,0.398
FW_TWAS_rep_2,GCA_005518185.1,RKSN01000002.1,pepQ,215,3.056e-60,0.364
FW_TWAS_rep_2,GCA_005518185.1,RKSN01000003.1,crt,166,3.414e-48,0.407
FW_TWAS_rep_2,GCA_005518185.1,RKSN01000002.1,acylglycerol_lipase,219,1.442e-65,0.428
FW_TWAS_rep_2,GCA_005518185.1,RKSN01000001.1,acs,833,2.227e-270,0.627
FW_TWAS_rep_2,GCA_005518185.1,RKSN01000002.1,sucC,400,6.183e-126,0.536
FW_TWAS_rep_2,GCA_005518185.1,RKSN01000002.1,aldh,70,1.173e-14,0.245
FW_TWAS_rep_2,GCA_005518185.1,RKSN01000002.1,adh,59,6.289e-12,0.26
FW_TWAS_rep_2,GCA_005518185.1,RKSN01000001.1,thl,381,8.721e-119,0.534
FW_TWAS_rep_2,GCA_005518185.1,RKSN01000002.1,dtpT,338,1.146e-101,0.385
FW_TWAS_rep_2,GCA_005518185.1,RKSN01000001.1,pepD,51,5.774e-9,0.273
FW_TWAS_rep_2,GCA_005518185.1,RKSN01000003.1,bcd,119,1.671e-30,0.292
FW_TWAS_rep_2,GCA_005518185.1,RKSN01000001.1,fadB,185,5.255e-54,0.405
FW_TWAS_rep_2,GCA_005518185.1,RKSN01000001.1,tdcB,194,2.527e-55,0.404
FW_TWAS_rep_2,GCA_005518185.1,RKSN01000003.1,edd,233,1.607e-66,0.321
FW_TWAS_rep_2,GCA_005518185.1,RKSN01000002.1,acs,130,4.886e-33,0.264
FW_TWAS_rep_2,GCA_005518185.1,RKSN01000002.1,extracellular_protease,109,2.438e-26,0.354
FW_TWAS_rep_2,GCA_005518185.1,RKSN01000001.1,eda,175,1.246e-51,0.519
FW_TWAS_rep_2,GCA_005518185.1,RKSN01000001.1,etfA,124,2.866e-32,0.405
FW_TWAS_rep_2,GCA_005518185.1,RKSN01000002.1,thl,289,9.728e-88,0.458
FW_TWAS_rep_2,GCA_005518185.1,RKSN01000001.1,agl,276,2.676e-81,0.403
FW_TWAS_rep_2,GCA_005518185.1,RKSN01000001.1,mdh,295,3.599e-91,0.505
FW_TWAS_rep_2,GCA_005518185.1,RKSN01000002.1,fadD,220,3.309e-62,0.339
FW_TWAS_rep_2,GCA_005518185.1,RKSN01000001.1,cazy_GH13,161,1.03e-42,0.34
FW_TWAS_rep_2,GCA_005518185.1,RKSN01000001.1,ilvE,284,1.825e-86,0.48
FW_TWAS_rep_2,GCA_005518185.1,RKSN01000003.1,acs,160,2.357e-42,0.293
FW_TWAS_rep_2,GCA_005518185.1,RKSN01000001.1,bcd,299,1.084e-85,0.424
FW_TWAS_rep_2,GCA_005518185.1,RKSN01000001.1,gapA,336,3.732e-105,0.534
FW_TWAS_rep_2,GCA_005518185.1,RKSN01000002.1,hbd,233,6.285e-66,0.418
FW_TWAS_rep_2,GCA_005518185.1,RKSN01000001.1,fadE,259,7.723e-78,0.41
FW_TWAS_rep_2,GCA_005518185.1,RKSN01000001.1,adh,64,5.767e-13,0.243
FW_TWAS_rep_2,GCA_005518185.1,RKSN01000001.1,susC,46,4.294e-7,0.305
FW_TWAS_rep_2,GCA_005518185.1,RKSN01000001.1,mmcF,130,1.338e-32,0.481
FW_TWAS_rep_2,GCA_005518185.1,RKSN01000002.1,fdhA,657,2.675e-204,0.429
FW_TWAS_rep_2,GCA_005518185.1,RKSN01000002.1,folD,325,5.057e-102,0.586
FW_TWAS_rep_2,GCA_005518185.1,RKSN01000002.1,etfB,317,4.107e-100,0.7
FW_TWAS_rep_2,GCA_005518185.1,RKSN01000001.1,fadD,293,2.882e-86,0.37
FW_TWAS_rep_2,GCA_005518185.1,RKSN01000001.1,pfkA,161,1.594e-44,0.34
FW_TWAS_rep_2,GCA_005518185.1,RKSN01000003.1,fdhA,187,2.674e-50,0.26
FW_TWAS_rep_2,GCA_005518185.1,RKSN01000002.1,pyk,358,2e-110,0.458
FW_TWAS_rep_2,GCA_005518185.1,RKSN01000001.1,mmcE,543,2.483e-170,0.445
FW_TWAS_rep_2,GCA_005518185.1,RKSN01000003.1,gdh,1170,0.0,0.464
FW_TWAS_rep_2,GCA_005518185.1,RKSN01000001.1,adhE,61,9.194e-12,0.265
FW_TWAS_rep_2,GCA_005518185.1,RKSN01000001.1,pepN,45,7.614e-7,0.218
FW_TWAS_rep_2,GCA_005518185.1,RKSN01000002.1,fadE,381,1.671e-119,0.507
FW_TWAS_rep_2,GCA_005518185.1,RKSN01000002.1,fadB,402,1.689e-122,0.361
FW_TWAS_rep_2,GCA_005518185.1,RKSN01000004.1,pgi,76,8.097e-16,0.276
FW_TWAS_rep_2,GCA_005518185.1,RKSN01000002.1,hydA,104,2.69e-24,0.312
FW_TWAS_rep_2,GCA_005518185.1,RKSN01000001.1,crt,275,9.055e-84,0.61
FW_TWAS_rep_2,GCA_005518185.1,RKSN01000001.1,fadA,317,2.11e-97,0.481
FW_TWAS_rep_2,GCA_005518185.1,RKSN01000003.1,fadD,252,1.498e-72,0.362
FW_TWAS_rep_2,GCA_005518185.1,RKSN01000002.1,lysophospholipase,79,4.671e-18,0.312
FW_TWAS_rep_2,GCA_005518185.1,RKSN01000001.1,pepQ,94,2.068e-22,0.321
FW_TWAS_rep_2,GCA_005518185.1,RKSN01000003.1,cazy_GH13,67,1.705e-13,0.294
FW_TWAS_rep_2,GCA_005518185.1,RKSN01000002.1,pepO,778,1.25e-251,0.585
FW_TWAS_rep_2,GCA_005518185.1,RKSN01000001.1,sucD,385,7.452e-122,0.673
FW_TWAS_rep_2,GCA_005518185.1,RKSN01000001.1,edd,808,1.976e-263,0.681
FW_TWAS_rep_2,GCA_005518185.1,RKSN01000003.1,extracellular_protease,105,5.287e-25,0.364
FW_TWAS_rep_2,GCA_005518185.1,RKSN01000002.1,cat,259,4.601e-81,0.599
FW_TWAS_rep_2,GCA_005518185.1,RKSN01000003.1,pepQ,64,1.835e-13,0.296
FW_TWAS_rep_2,GCA_005518185.1,RKSN01000002.1,gdh,557,3.304e-179,0.587
FW_TWAS_rep_2,GCA_005518185.1,RKSN01000001.1,hbd,288,1.153e-89,0.52
FW_TWAS_rep_2,GCA_005518185.1,RKSN01000001.1,mmcG,132,7.766e-38,0.471
FW_TWAS_rep_2,GCA_048499395.1,JASNZX010000001.1,dppC,291,1.008e-89,0.494
FW_TWAS_rep_2,GCA_048499395.1,JASNZX010000008.1,lysophospholipase,92,1.202e-21,0.285
FW_TWAS_rep_2,GCA_048499395.1,JASNZX010000010.1,pfkA,51,6.504e-9,0.287
FW_TWAS_rep_2,GCA_048499395.1,JASNZX010000037.1,fdhA,134,1.84e-33,0.23
FW_TWAS_rep_2,GCA_048499395.1,JASNZX010000021.1,pepN,234,8.628e-65,0.353
FW_TWAS_rep_2,GCA_048499395.1,JASNZX010000006.1,rnfB,49,9.246e-8,0.428
FW_TWAS_rep_2,GCA_048499395.1,JASNZX010000004.1,extracellular_protease,122,3.005e-30,0.323
FW_TWAS_rep_2,GCA_048499395.1,JASNZX010000001.1,cazy_GH5,89,1.571e-20,0.286
FW_TWAS_rep_2,GCA_048499395.1,JASNZX010000005.1,extracellular_protease,54,7.145e-9,0.472
FW_TWAS_rep_2,GCA_048499395.1,JASNZX010000030.1,extracellular_protease,78,3.134e-17,0.32
FW_TWAS_rep_2,GCA_048499395.1,JASNZX010000005.1,pepT,86,1.005e-19,0.277
FW_TWAS_rep_2,GCA_048499395.1,JASNZX010000024.1,hbd,143,1.098e-36,0.362
FW_TWAS_rep_2,GCA_048499395.1,JASNZX010000006.1,xylB,171,1.462e-46,0.318
FW_TWAS_rep_2,GCA_048499395.1,JASNZX010000005.1,adhE,150,9.003e-40,0.284
FW_TWAS_rep_2,GCA_048499395.1,JASNZX010000004.1,gdh,59,3.523e-11,0.473
FW_TWAS_rep_2,GCA_048499395.1,JASNZX010000006.1,extracellular_protease,149,2.355e-39,0.395
FW_TWAS_rep_2,GCA_048499395.1,JASNZX010000006.1,hydA,68,8.271e-14,0.346
FW_TWAS_rep_2,GCA_048499395.1,JASNZX010000002.1,fadD,159,7.157e-41,0.3
FW_TWAS_rep_2,GCA_048499395.1,JASNZX010000001.1,oppA,449,1.479e-140,0.456
FW_TWAS_rep_2,GCA_048499395.1,JASNZX010000013.1,dtpT,444,1.259e-139,0.488
FW_TWAS_rep_2,GCA_048499395.1,JASNZX010000011.1,aldh,53,2.725e-9,0.252
FW_TWAS_rep_2,GCA_048499395.1,JASNZX010000003.1,pfkA,213,1.713e-62,0.387
FW_TWAS_rep_2,GCA_048499395.1,JASNZX010000024.1,acs,213,1.666e-59,0.311
FW_TWAS_rep_2,GCA_048499395.1,JASNZX010000008.1,lctB,86,5.785e-19,0.297
FW_TWAS_rep_2,GCA_048499395.1,JASNZX010000024.1,fadB,110,2.076e-26,0.256
FW_TWAS_rep_2,GCA_048499395.1,JASNZX010000003.1,acs,164,1.653e-44,0.279
FW_TWAS_rep_2,GCA_048499395.1,JASNZX010000015.1,frhG,41,3.394e-6,0.298
FW_TWAS_rep_2,GCA_048499395.1,JASNZX010000011.1,lctB,134,4.347e-35,0.317
FW_TWAS_rep_2,GCA_048499395.1,JASNZX010000004.1,acs,174,1.63e-47,0.311
FW_TWAS_rep_2,GCA_048499395.1,JASNZX010000005.1,pepQ,73,3.055e-16,0.295
FW_TWAS_rep_2,GCA_048499395.1,JASNZX010000024.1,etfB,273,2.726e-84,0.613
FW_TWAS_rep_2,GCA_048499395.1,JASNZX010000010.1,frhG,98,5.296e-25,0.327
FW_TWAS_rep_2,GCA_048499395.1,JASNZX010000016.1,extracellular_protease,77,7.796e-16,0.307
FW_TWAS_rep_2,GCA_048499395.1,JASNZX010000023.1,agl,63,4.412e-12,0.267
FW_TWAS_rep_2,GCA_048499395.1,JASNZX010000003.1,cazy_GH10,297,3.406e-91,0.462
FW_TWAS_rep_2,GCA_048499395.1,JASNZX010000010.1,hydA,111,2.781e-29,0.313
FW_TWAS_rep_2,GCA_048499395.1,JASNZX010000005.1,cazy_GH43,175,2.033e-48,0.386
FW_TWAS_rep_2,GCA_048499395.1,JASNZX010000007.1,gdh,603,1.483e-194,0.667
FW_TWAS_rep_2,GCA_048499395.1,JASNZX010000024.1,fadA,393,5.241e-124,0.548
FW_TWAS_rep_2,GCA_048499395.1,JASNZX010000024.1,crt,78,1.155e-16,0.321
FW_TWAS_rep_2,GCA_048499395.1,JASNZX010000001.1,cazy_GH43,119,7.363e-31,0.325
FW_TWAS_rep_2,GCA_048499395.1,JASNZX010000036.1,pfkA,106,4.722e-26,0.301
FW_TWAS_rep_2,GCA_048499395.1,JASNZX010000035.1,mmcF,124,9.798e-31,0.528
FW_TWAS_rep_2,GCA_048499395.1,JASNZX010000023.1,cazy_GH13,83,2.41e-18,0.282
FW_TWAS_rep_2,GCA_048499395.1,JASNZX010000003.1,cazy_GH43,119,6.911e-30,0.313
FW_TWAS_rep_2,GCA_048499395.1,JASNZX010000005.1,ackA,289,5.888e-87,0.435
FW_TWAS_rep_2,GCA_048499395.1,JASNZX010000033.1,cazy_GH5,100,1.189e-24,0.288
FW_TWAS_rep_2,GCA_048499395.1,JASNZX010000001.1,oppB,340,1.754e-106,0.585
FW_TWAS_rep_2,GCA_048499395.1,JASNZX010000001.1,ilvE,83,2.874e-19,0.27
FW_TWAS_rep_2,GCA_048499395.1,JASNZX010000007.1,adhE,159,9.669e-43,0.307
FW_TWAS_rep_2,GCA_048499395.1,JASNZX010000005.1,aldh,164,1.504e-44,0.296
FW_TWAS_rep_2,GCA_048499395.1,JASNZX010000002.1,cazy_GH13,66,1.685e-13,0.294
FW_TWAS_rep_2,GCA_048499395.1,JASNZX010000020.1,gapA,415,3.726e-132,0.623
FW_TWAS_rep_2,GCA_048499395.1,JASNZX010000024.1,thl,330,4.342e-102,0.492
FW_TWAS_rep_2,GCA_048499395.1,JASNZX010000008.1,dppA,132,1.325e-33,0.252
FW_TWAS_rep_2,GCA_048499395.1,JASNZX010000002.1,extracellular_protease,175,8.638e-47,0.385
FW_TWAS_rep_2,GCA_048499395.1,JASNZX010000011.1,eda,175,1.76e-51,0.452
FW_TWAS_rep_2,GCA_048499395.1,JASNZX010000008.1,cazy_GH13,55,4.359e-10,0.252
FW_TWAS_rep_2,GCA_048499395.1,JASNZX010000021.1,tdcB,364,1.565e-113,0.56
FW_TWAS_rep_2,GCA_048499395.1,JASNZX010000004.1,susC,48,2.679e-7,0.43
FW_TWAS_rep_2,GCA_048499395.1,JASNZX010000008.1,edd,178,1.083e-47,0.335
FW_TWAS_rep_2,GCA_048499395.1,JASNZX010000020.1,dppA,305,1.086e-88,0.36
FW_TWAS_rep_2,GCA_048499395.1,JASNZX010000003.1,cazy_CBM6,88,8.369e-20,0.445
FW_TWAS_rep_2,GCA_048499395.1,JASNZX010000024.1,fadE,224,2.189e-63,0.355
FW_TWAS_rep_2,GCA_048499395.1,JASNZX010000010.1,mvhG,318,2.279e-99,0.504
FW_TWAS_rep_2,GCA_048499395.1,JASNZX010000002.1,xylB,51,1.149e-8,0.238
FW_TWAS_rep_2,GCA_048499395.1,JASNZX010000035.1,mmcE,527,1.525e-164,0.455
FW_TWAS_rep_2,GCA_048499395.1,JASNZX010000006.1,gdh,408,2.397e-127,0.512
FW_TWAS_rep_2,GCA_048499395.1,JASNZX010000037.1,hydA,46,5.266e-8,0.446
FW_TWAS_rep_2,GCA_048499395.1,JASNZX010000024.1,fadD,258,1.368e-74,0.352
FW_TWAS_rep_2,GCA_048499395.1,JASNZX010000006.1,fdhA,392,3.91e-117,0.35
FW_TWAS_rep_2,GCA_048499395.1,JASNZX010000010.1,lctC,40,5.706e-6,0.256
FW_TWAS_rep_2,GCA_048499395.1,JASNZX010000001.1,dppB,271,1.977e-83,0.471
FW_TWAS_rep_2,GCA_048499395.1,JASNZX010000002.1,acs,836,3.44e-272,0.628
FW_TWAS_rep_2,GCA_048499395.1,JASNZX010000010.1,fdhA,70,1.92e-15,0.469
FW_TWAS_rep_2,GCA_048499395.1,JASNZX010000008.1,oppA,144,1.839e-37,0.254
FW_TWAS_rep_2,GCA_048499395.1,JASNZX010000010.1,frhB,42,2.244e-7,0.276
FW_TWAS_rep_2,GCA_048499395.1,JASNZX010000017.1,cazy_GH43,66,5.521e-14,0.318
FW_TWAS_rep_2,GCA_048499395.1,JASNZX010000018.1,glcP,183,1.15e-51,0.329
FW_TWAS_rep_2,GCA_048499395.1,JASNZX010000017.1,extracellular_protease,85,1.008e-18,0.307
FW_TWAS_rep_2,GCA_048499395.1,JASNZX010000022.1,hydA,79,3.785e-17,0.24
FW_TWAS_rep_2,GCA_048499395.1,JASNZX010000017.1,xylB,55,6.765e-10,0.222
FW_TWAS_rep_2,GCA_048499395.1,JASNZX010000003.1,pyk,353,9.62e-108,0.435
FW_TWAS_rep_2,GCA_048499395.1,JASNZX010000010.1,extracellular_protease,136,2.309e-35,0.373
FW_TWAS_rep_2,GCA_048499395.1,JASNZX010000010.1,mvhA,523,8.555e-167,0.541
FW_TWAS_rep_2,GCA_048499395.1,JASNZX010000020.1,dppC,228,3.561e-68,0.442
FW_TWAS_rep_2,GCA_048499395.1,JASNZX010000010.1,frhA,149,1.784e-39,0.264
FW_TWAS_rep_2,GCA_048499395.1,JASNZX010000021.1,frhG,47,4.01e-8,0.307
FW_TWAS_rep_2,GCA_048499395.1,JASNZX010000002.1,cazy_GH10,136,3.923e-35,0.304
FW_TWAS_rep_2,GCA_048499395.1,JASNZX010000022.1,frhG,50,1.542e-9,0.28
FW_TWAS_rep_2,GCA_048499395.1,JASNZX010000024.1,bcd,255,1.191e-73,0.398
FW_TWAS_rep_2,GCA_048499395.1,JASNZX010000002.1,acylglycerol_lipase,55,1.215e-10,0.267
FW_TWAS_rep_2,GCA_048499395.1,JASNZX010000001.1,extracellular_protease,69,8.408e-14,0.278
FW_TWAS_rep_2,GCA_048499395.1,JASNZX010000028.1,cazy_GH9,179,4.296e-48,0.285
FW_TWAS_rep_2,GCA_048499395.1,JASNZX010000026.1,pfkA,123,2.107e-31,0.291
FW_TWAS_rep_2,GCA_048499395.1,JASNZX010000011.1,fdhA,70,6.202e-14,0.205
FW_TWAS_rep_2,GCA_048499395.1,JASNZX010000003.1,ilvE,123,7.636e-33,0.328
FW_TWAS_rep_2,GCA_048499395.1,JASNZX010000005.1,edd,224,3.023e-63,0.341
FW_TWAS_rep_2,GCA_048499395.1,JASNZX010000027.1,adhE,165,1.615e-45,0.319
FW_TWAS_rep_2,GCA_048499395.1,JASNZX010000036.1,mdh,173,3.302e-49,0.402
FW_TWAS_rep_2,GCA_048499395.1,JASNZX010000035.1,mmcG,103,2.64e-28,0.388
FW_TWAS_rep_2,GCA_048499395.1,JASNZX010000001.1,fdhA,257,9.688e-73,0.306
FW_TWAS_rep_2,GCA_048499395.1,JASNZX010000001.1,dppA,366,5.63e-112,0.368
FW_TWAS_rep_2,GCA_048499395.1,JASNZX010000018.1,acylglycerol_lipase,81,1.041e-18,0.318
FW_TWAS_rep_2,GCA_048499395.1,JASNZX010000038.1,pfor,346,4.186e-103,0.335
FW_TWAS_rep_2,GCA_048499395.1,JASNZX010000011.1,pfor,1494,0.0,0.641
FW_TWAS_rep_2,GCA_048499395.1,JASNZX010000021.1,mvhG,44,2.31e-7,0.247
FW_TWAS_rep_2,GCA_048499395.1,JASNZX010000028.1,pgi,194,7.048e-54,0.329
FW_TWAS_rep_2,GCA_048499395.1,JASNZX010000025.1,dppC,42,2.298e-6,0.284
FW_TWAS_rep_2,GCA_048499395.1,JASNZX010000008.1,cazy_GH5,62,3.967e-12,0.25
FW_TWAS_rep_2,GCA_048499395.1,JASNZX010000006.1,adh,51,3.323e-9,0.301
FW_TWAS_rep_2,GCA_048499395.1,JASNZX010000016.1,sucD,104,2.271e-25,0.5
FW_TWAS_rep_2,GCA_048499395.1,JASNZX010000022.1,xylA,564,4.006e-182,0.627
FW_TWAS_rep_2,GCA_048499395.1,JASNZX010000022.1,pfor,41,2.652e-6,0.311
FW_TWAS_rep_2,GCA_048499395.1,JASNZX010000020.1,oppB,269,8.088e-83,0.478
FW_TWAS_rep_2,GCA_048499395.1,JASNZX010000007.1,ilvE,64,2.788e-13,0.265
FW_TWAS_rep_2,GCA_048499395.1,JASNZX010000020.1,oppA,370,2.371e-110,0.397
FW_TWAS_rep_2,GCA_048499395.1,JASNZX010000031.1,folD,314,1.543e-97,0.569
FW_TWAS_rep_2,GCA_048499395.1,JASNZX010000016.1,sucC,411,9.105e-130,0.551
FW_TWAS_rep_2,GCA_048499395.1,JASNZX010000024.1,etfA,262,7.692e-80,0.504
FW_TWAS_rep_2,GCA_048499395.1,JASNZX010000004.1,fadD,184,9.283e-51,0.347
FW_TWAS_rep_2,GCA_048499395.1,JASNZX010000010.1,mvhD,190,4.21e-57,0.632
FW_TWAS_rep_2,GCA_048499395.1,JASNZX010000010.1,mmcG,87,8.215e-21,0.339
FW_TWAS_rep_2,GCA_048499395.1,JASNZX010000020.1,aldh,44,1.877e-6,0.248
FW_TWAS_rep_2,GCA_048499395.1,JASNZX010000015.1,frhB,45,2.597e-7,0.319
FW_TWAS_rep_2,GCA_048499395.1,JASNZX010000005.1,sucD,327,2.473e-102,0.572
FW_TWAS_rep_2,GCA_048499395.1,JASNZX010000008.1,agl,55,1.628e-9,0.242
FW_TWAS_rep_2,GCA_048499395.1,JASNZX010000001.1,fwdA,49,4.66e-8,0.264
FW_TWAS_rep_2,GCA_048499395.1,JASNZX010000011.1,rnfB,40,9.465e-6,0.235
FW_TWAS_rep_2,GCA_048499395.1,JASNZX010000011.1,adhE,51,6.287e-9,0.265
FW_TWAS_rep_2,GCA_048499395.1,JASNZX010000028.1,endopeptidase,268,3.236e-75,0.403
FW_TWAS_rep_2,GCA_048499395.1,JASNZX010000032.1,pfkA,170,4.412e-47,0.393
FW_TWAS_rep_2,GCA_048499395.1,JASNZX010000011.1,sucD,63,3.514e-12,0.275
FW_TWAS_rep_2,GCA_048499395.1,JASNZX010000022.1,fdhA,79,2.864e-17,0.326
FW_TWAS_rep_2,GCA_048499395.1,JASNZX010000017.1,pfkA,57,5.068e-11,0.274
FW_TWAS_rep_2,GCA_048499395.1,JASNZX010000004.1,pepQ,81,2.734e-18,0.291
FW_TWAS_rep_2,GCA_048499395.1,JASNZX010000010.1,rnfB,55,6.482e-10,0.358
FW_TWAS_rep_2,GCA_048499395.1,JASNZX010000004.1,esterase,55,2.375e-10,0.26
FW_TWAS_rep_2,GCA_048499395.1,JASNZX010000032.1,extracellular_protease,55,5.356e-9,0.318
FW_TWAS_rep_2,GCA_048499395.1,JASNZX010000008.1,pfkA,216,1.886e-63,0.378
FW_TWAS_rep_2,GCA_048499395.1,JASNZX010000002.1,pta,194,4.202e-56,0.377
FW_TWAS_rep_2,GCA_048499395.1,JASNZX010000003.1,fadD,253,2.839e-74,0.392
FW_TWAS_rep_2,GCA_048499395.1,JASNZX010000006.1,cazy_GH10,222,5.953e-65,0.387
FW_TWAS_rep_2,GCA_048499395.1,JASNZX010000007.1,pfkA,46,1.524e-7,0.38
FW_TWAS_rep_2,GCA_048499395.1,JASNZX010000020.1,dppB,260,1.503e-79,0.471
FW_TWAS_rep_2,GCA_048499395.1,JASNZX010000011.1,fumB,106,5.848e-28,0.371
FW_TWAS_rep_2,GCA_048499395.1,JASNZX010000006.1,tdcB,61,9.773e-12,0.254
FW_TWAS_rep_2,GCA_041910895.1,JAYRPX010000011.1,bcd,252,3.547e-75,0.39
FW_TWAS_rep_2,GCA_041910895.1,JAYRPX010000046.1,thl,62,3.629e-12,0.252
FW_TWAS_rep_2,GCA_041910895.1,JAYRPX010000033.1,bcd,173,3.087e-48,0.296
FW_TWAS_rep_2,GCA_041910895.1,JAYRPX010000028.1,etfA,71,4.354e-15,0.321
FW_TWAS_rep_2,GCA_041910895.1,JAYRPX010000026.1,bcd,256,4.347e-75,0.396
FW_TWAS_rep_2,GCA_041910895.1,JAYRPX010000049.1,fadD,181,1.399e-49,0.317
FW_TWAS_rep_2,GCA_041910895.1,JAYRPX010000002.1,fadE,243,1.144e-72,0.438
FW_TWAS_rep_2,GCA_041910895.1,JAYRPX010000060.1,gdh,43,6.929e-8,0.366
FW_TWAS_rep_2,GCA_041910895.1,JAYRPX010000024.1,frhB,44,1.1e-6,0.428
FW_TWAS_rep_2,GCA_041910895.1,JAYRPX010000021.1,pepN,419,8.676e-126,0.406
FW_TWAS_rep_2,GCA_041910895.1,JAYRPX010000023.1,etfA,79,4.548e-18,0.281
FW_TWAS_rep_2,GCA_041910895.1,JAYRPX010000023.1,fadE,173,1.587e-48,0.34
FW_TWAS_rep_2,GCA_041910895.1,JAYRPX010000035.1,fadD,147,1.143e-38,0.308
FW_TWAS_rep_2,GCA_041910895.1,JAYRPX010000035.1,mmcE,549,9.822e-172,0.458
FW_TWAS_rep_2,GCA_041910895.1,JAYRPX010000034.1,fadD,126,7.767e-32,0.289
FW_TWAS_rep_2,GCA_041910895.1,JAYRPX010000042.1,crt,86,4.822e-20,0.293
FW_TWAS_rep_2,GCA_041910895.1,JAYRPX010000042.1,adh,58,1.195e-11,0.316
FW_TWAS_rep_2,GCA_041910895.1,JAYRPX010000043.1,etfA,316,1.221e-98,0.633
FW_TWAS_rep_2,GCA_041910895.1,JAYRPX010000014.1,fadD,233,4.407e-68,0.391
FW_TWAS_rep_2,GCA_041910895.1,JAYRPX010000029.1,adh,68,1.378e-14,0.26
FW_TWAS_rep_2,GCA_041910895.1,JAYRPX010000049.1,crt,171,1.784e-48,0.393
FW_TWAS_rep_2,GCA_041910895.1,JAYRPX010000034.1,pepQ,189,3.024e-51,0.344
FW_TWAS_rep_2,GCA_041910895.1,JAYRPX010000023.1,bcd,205,2.436e-59,0.375
FW_TWAS_rep_2,GCA_041910895.1,JAYRPX010000039.1,fadD,116,2.314e-28,0.302
FW_TWAS_rep_2,GCA_041910895.1,JAYRPX010000002.1,hbd,159,1.926e-41,0.314
FW_TWAS_rep_2,GCA_041910895.1,JAYRPX010000038.1,endopeptidase,158,2.764e-44,0.37
FW_TWAS_rep_2,GCA_041910895.1,JAYRPX010000002.1,fadA,364,5.596e-114,0.543
FW_TWAS_rep_2,GCA_041910895.1,JAYRPX010000002.1,fadD,42,4.784e-6,0.307
FW_TWAS_rep_2,GCA_041910895.1,JAYRPX010000029.1,hbd,189,2.69e-55,0.395
FW_TWAS_rep_2,GCA_041910895.1,JAYRPX010000028.1,fadA,306,2.44e-93,0.435
FW_TWAS_rep_2,GCA_041910895.1,JAYRPX010000011.1,thl,287,1.769e-87,0.454
FW_TWAS_rep_2,GCA_041910895.1,JAYRPX010000046.1,fadD,147,2.114e-38,0.289
FW_TWAS_rep_2,GCA_041910895.1,JAYRPX010000028.1,adh,53,5.596e-10,0.269
FW_TWAS_rep_2,GCA_041910895.1,JAYRPX010000011.1,etfA,74,2.085e-16,0.35
FW_TWAS_rep_2,GCA_041910895.1,JAYRPX010000002.1,gapA,326,2.075e-101,0.521
FW_TWAS_rep_2,GCA_041910895.1,JAYRPX010000011.1,adh,53,5.291e-10,0.306
FW_TWAS_rep_2,GCA_041910895.1,JAYRPX010000024.1,acylglycerol_lipase,42,1.947e-6,0.283
FW_TWAS_rep_2,GCA_041910895.1,JAYRPX010000057.1,crt,199,1.049e-58,0.477
FW_TWAS_rep_2,GCA_041910895.1,JAYRPX010000035.1,pepN,165,3.637e-43,0.334
FW_TWAS_rep_2,GCA_041910895.1,JAYRPX010000026.1,adhE,128,1.23e-33,0.3
FW_TWAS_rep_2,GCA_041910895.1,JAYRPX010000044.1,acs,842,5.959e-274,0.625
FW_TWAS_rep_2,GCA_041910895.1,JAYRPX010000051.1,adhE,42,3.773e-6,0.264
FW_TWAS_rep_2,GCA_041910895.1,JAYRPX010000049.1,fadE,219,1.083e-63,0.376
FW_TWAS_rep_2,GCA_041910895.1,JAYRPX010000043.1,etfB,313,6.685e-99,0.704
FW_TWAS_rep_2,GCA_041910895.1,JAYRPX010000049.1,acs,161,4.004e-43,0.285
FW_TWAS_rep_2,GCA_041910895.1,JAYRPX010000026.1,mer,92,1.363e-21,0.293
FW_TWAS_rep_2,GCA_041910895.1,JAYRPX010000032.1,crt,274,6.642e-85,0.597
FW_TWAS_rep_2,GCA_041910895.1,JAYRPX010000002.1,mmcG,44,1.319e-7,0.317
FW_TWAS_rep_2,GCA_041910895.1,JAYRPX010000002.1,oppA,95,2.102e-22,0.262
FW_TWAS_rep_2,GCA_041910895.1,JAYRPX010000002.1,acs,58,6.862e-11,0.25
FW_TWAS_rep_2,GCA_041910895.1,JAYRPX010000046.1,acs,129,1.079e-32,0.267
FW_TWAS_rep_2,GCA_041910895.1,JAYRPX010000028.1,fadB,389,2.347e-117,0.345
FW_TWAS_rep_2,GCA_041910895.1,JAYRPX010000020.1,pepA,392,5.606e-122,0.498
FW_TWAS_rep_2,GCA_041910895.1,JAYRPX010000035.1,mdh,294,6.437e-91,0.505
FW_TWAS_rep_2,GCA_041910895.1,JAYRPX010000007.1,tdcB,140,2.275e-38,0.397
FW_TWAS_rep_2,GCA_041910895.1,JAYRPX010000035.1,pgi,352,5.129e-107,0.417
FW_TWAS_rep_2,GCA_041910895.1,JAYRPX010000035.1,sucD,372,2.117e-118,0.654
FW_TWAS_rep_2,GCA_041910895.1,JAYRPX010000057.1,fadA,320,2.37e-98,0.487
FW_TWAS_rep_2,GCA_041910895.1,JAYRPX010000011.1,fadB,225,1.024e-65,0.332
FW_TWAS_rep_2,GCA_041910895.1,JAYRPX010000011.1,acs,103,9.371e-25,0.244
FW_TWAS_rep_2,GCA_041910895.1,JAYRPX010000026.1,fadD,188,2.798e-52,0.321
FW_TWAS_rep_2,GCA_041910895.1,JAYRPX010000034.1,tdcB,323,5.44e-99,0.467
FW_TWAS_rep_2,GCA_041910895.1,JAYRPX010000043.1,bcd,96,1.433e-22,0.281
FW_TWAS_rep_2,GCA_041910895.1,JAYRPX010000028.1,hydA,85,7.914e-19,0.287
FW_TWAS_rep_2,GCA_041910895.1,JAYRPX010000016.1,fumB,269,1.38e-79,0.375
FW_TWAS_rep_2,GCA_041910895.1,JAYRPX010000043.1,sucC,393,2.223e-123,0.53
FW_TWAS_rep_2,GCA_041910895.1,JAYRPX010000035.1,glcP,46,2.673e-7,0.223
FW_TWAS_rep_2,GCA_041910895.1,JAYRPX010000034.1,lipase,42,1.389e-6,0.288
FW_TWAS_rep_2,GCA_041910895.1,JAYRPX010000034.1,crt,62,8.132e-13,0.467
FW_TWAS_rep_2,GCA_041910895.1,JAYRPX010000042.1,fadD,229,1.427e-65,0.354
FW_TWAS_rep_2,GCA_041910895.1,JAYRPX010000049.1,bcd,214,8.114e-62,0.324
FW_TWAS_rep_2,GCA_041910895.1,JAYRPX010000058.1,dtpT,464,3.036e-145,0.537
FW_TWAS_rep_2,GCA_041910895.1,JAYRPX010000034.1,cat,240,5.235e-74,0.572
FW_TWAS_rep_2,GCA_041910895.1,JAYRPX010000043.1,edd,238,8.393e-68,0.343
FW_TWAS_rep_2,GCA_041910895.1,JAYRPX010000026.1,acs,146,1.839e-38,0.288
FW_TWAS_rep_2,GCA_041910895.1,JAYRPX010000050.1,gdh,100,2.274e-25,0.297
FW_TWAS_rep_2,GCA_041910895.1,JAYRPX010000043.1,sucD,116,2.819e-29,0.529
FW_TWAS_rep_2,GCA_041910895.1,JAYRPX010000032.1,glcP,43,2.466e-6,0.264
FW_TWAS_rep_2,GCA_041910895.1,JAYRPX010000042.1,bcd,254,2.067e-76,0.387
FW_TWAS_rep_2,GCA_041910895.1,JAYRPX010000028.1,acs,494,8.13e-155,0.44
FW_TWAS_rep_2,GCA_041910895.1,JAYRPX010000028.1,fdhA,85,5.995e-19,0.215
FW_TWAS_rep_2,GCA_041910895.1,JAYRPX010000034.1,acs,74,1.193e-15,0.242
FW_TWAS_rep_2,GCA_041910895.1,JAYRPX010000026.1,fadE,247,3.771e-72,0.421
FW_TWAS_rep_2,GCA_041910895.1,JAYRPX010000052.1,gdh,109,3.748e-28,0.328
FW_TWAS_rep_2,GCA_041910895.1,JAYRPX010000002.1,dppA,68,4.184e-14,0.224
FW_TWAS_rep_2,GCA_041910895.1,JAYRPX010000032.1,fadB,100,1.877e-25,0.373
FW_TWAS_rep_2,GCA_041910895.1,JAYRPX010000039.1,acs,57,1.663e-10,0.261
FW_TWAS_rep_2,GCA_041910895.1,JAYRPX010000011.1,fadE,285,1.11e-86,0.468
FW_TWAS_rep_2,GCA_041910895.1,JAYRPX010000035.1,crt,150,8.678e-42,0.386
FW_TWAS_rep_2,GCA_041910895.1,JAYRPX010000021.1,folD,325,7.873e-101,0.612
FW_TWAS_rep_2,GCA_041910895.1,JAYRPX010000057.1,eda,174,2.431e-51,0.484
FW_TWAS_rep_2,GCA_041910895.1,JAYRPX010000002.1,crt,51,2.415e-8,0.264
FW_TWAS_rep_2,GCA_041910895.1,JAYRPX010000057.1,etfA,103,3.497e-26,0.347
FW_TWAS_rep_2,GCA_041910895.1,JAYRPX010000034.1,ilvE,289,1.005e-88,0.48
FW_TWAS_rep_2,GCA_041910895.1,JAYRPX010000061.1,pepQ,57,4.582e-11,0.28
FW_TWAS_rep_2,GCA_041910895.1,JAYRPX010000046.1,fadA,79,1.116e-17,0.257
FW_TWAS_rep_2,GCA_041910895.1,JAYRPX010000049.1,adh,43,1.458e-6,0.211
FW_TWAS_rep_2,GCA_041910895.1,JAYRPX010000035.1,mmcG,140,1.104e-40,0.503
FW_TWAS_rep_2,GCA_041910895.1,JAYRPX010000054.1,fadD,88,9.722e-22,0.441
FW_TWAS_rep_2,GCA_041910895.1,JAYRPX010000034.1,acylglycerol_lipase,49,9.661e-9,0.338
FW_TWAS_rep_2,GCA_041910895.1,JAYRPX010000045.1,pepQ,89,7.537e-21,0.402
FW_TWAS_rep_2,GCA_041910895.1,JAYRPX010000038.1,fdhA,57,4.516e-10,0.224
FW_TWAS_rep_2,GCA_041910895.1,JAYRPX010000028.1,fadD,235,2.253e-67,0.331
FW_TWAS_rep_2,GCA_041910895.1,JAYRPX010000011.1,hbd,224,3.522e-65,0.414
FW_TWAS_rep_2,GCA_041910895.1,JAYRPX010000035.1,mmcF,130,1.571e-32,0.482
FW_TWAS_rep_2,GCA_041910895.1,JAYRPX010000002.1,thl,359,8.836e-112,0.533
FW_TWAS_rep_2,GCA_041910895.1,JAYRPX010000024.1,rnfB,46,2.728e-7,0.375
FW_TWAS_rep_2,GCA_041910895.1,JAYRPX010000028.1,thl,253,5.657e-75,0.405
FW_TWAS_rep_2,GCA_041910895.1,JAYRPX010000028.1,hbd,209,1.216e-57,0.379
FW_TWAS_rep_2,GCA_041910895.1,JAYRPX010000028.1,rnfB,42,6.1e-7,0.338
FW_TWAS_rep_2,GCA_041910895.1,JAYRPX010000042.1,fdhA,667,3.972e-209,0.434
FW_TWAS_rep_2,GCA_041910895.1,JAYRPX010000029.1,ackA,293,6.281e-90,0.507
FW_TWAS_rep_2,GCA_041910895.1,JAYRPX010000002.1,fdhA,393,5.934e-117,0.367
FW_TWAS_rep_2,GCA_041910895.1,JAYRPX010000035.1,fadA,299,1.816e-91,0.474
FW_TWAS_rep_2,GCA_041910895.1,JAYRPX010000035.1,susC,58,8.376e-11,0.194
FW_TWAS_rep_2,GCA_041910895.1,JAYRPX010000033.1,cat,225,4.507e-69,0.549
FW_TWAS_rep_2,GCA_041910895.1,JAYRPX010000033.1,adh,63,4.821e-13,0.267
FW_TWAS_rep_2,GCA_041910895.1,JAYRPX010000028.1,frhG,46,5.116e-8,0.275
FW_TWAS_rep_2,GCA_041910895.1,JAYRPX010000011.1,fadD,132,1.121e-33,0.262
FW_TWAS_rep_2,GCA_041910895.1,JAYRPX010000057.1,thl,321,9.283e-99,0.478
FW_TWAS_rep_2,GCA_041910895.1,JAYRPX010000057.1,edd,816,1.386e-265,0.674
FW_TWAS_rep_2,GCA_041910895.1,JAYRPX010000012.1,fdhA,118,1.271e-28,0.255
FW_TWAS_rep_2,GCA_041910895.1,JAYRPX010000043.1,fadE,82,3.328e-18,0.248
FW_TWAS_rep_2,GCA_041910895.1,JAYRPX010000002.1,etfA,317,3.157e-98,0.613
FW_TWAS_rep_2,GCA_041910895.1,JAYRPX010000033.1,fadE,228,1.14e-66,0.371
FW_TWAS_rep_2,GCA_041910895.1,JAYRPX010000049.1,etfA,98,5.921e-24,0.298
FW_TWAS_rep_2,GCA_041910895.1,JAYRPX010000021.1,bcd,122,1.579e-30,0.293
FW_TWAS_rep_2,GCA_041910895.1,JAYRPX010000035.1,thl,399,9.743e-126,0.557
FW_TWAS_rep_2,GCA_041910895.1,JAYRPX010000009.1,crt,151,2.257e-42,0.398
FW_TWAS_rep_2,GCA_041910895.1,JAYRPX010000055.1,gdh,1104,0.0,0.434
FW_TWAS_rep_2,GCA_041910895.1,JAYRPX010000032.1,etfA,106,3.533e-27,0.376
FW_TWAS_rep_2,GCA_041910895.1,JAYRPX010000021.1,fadE,141,1.328e-36,0.345
FW_TWAS_rep_2,GCA_041910895.1,JAYRPX010000043.1,lysophospholipase,175,2.347e-49,0.353
FW_TWAS_rep_2,GCA_041910895.1,JAYRPX010000044.1,fadD,137,6.721e-35,0.27
FW_TWAS_rep_2,GCA_041910895.1,JAYRPX010000042.1,hydA,94,1.338e-21,0.311
FW_TWAS_rep_2,GCA_041910895.1,JAYRPX010000042.1,thl,351,2.792e-109,0.507
FW_TWAS_rep_2,GCA_041910895.1,JAYRPX010000045.1,adhE,41,8.978e-6,0.22
FW_TWAS_rep_2,GCA_041910895.1,JAYRPX010000028.1,pepA,284,3.681e-85,0.427
FW_TWAS_rep_2,GCA_041910895.1,JAYRPX010000002.1,fadB,114,1.498e-27,0.313
FW_TWAS_rep_2,GCA_041910895.1,JAYRPX010000042.1,fadA,297,8.344e-91,0.471
FW_TWAS_rep_2,GCA_041910895.1,JAYRPX010000057.1,hbd,268,1.956e-79,0.526
FW_TWAS_rep_2,GCA_041910895.1,JAYRPX010000057.1,fadB,171,6.763e-47,0.369
FW_TWAS_rep_2,GCA_041910895.1,JAYRPX010000023.1,crt,134,6.82e-37,0.354
FW_TWAS_rep_2,GCA_041910895.1,JAYRPX010000010.1,acylglycerol_lipase,63,8.018e-13,0.235
FW_TWAS_rep_2,GCA_041910895.1,JAYRPX010000021.1,fadB,205,1.203e-60,0.446
FW_TWAS_rep_2,GCA_041910895.1,JAYRPX010000042.1,pyk,346,7.452e-106,0.423
FW_TWAS_rep_2,GCA_041910895.1,JAYRPX010000028.1,crt,113,1.367e-27,0.365
FW_TWAS_rep_2,GCA_041910895.1,JAYRPX010000026.1,aldh,49,3.579e-8,0.261
FW_TWAS_rep_2,GCA_041910895.1,JAYRPX010000009.1,etfA,88,2.669e-21,0.321
FW_TWAS_rep_2,GCA_041910895.1,JAYRPX010000002.1,etfB,304,5.972e-96,0.687
FW_TWAS_rep_2,GCA_041910895.1,JAYRPX010000042.1,fadE,283,3.596e-86,0.457
FW_TWAS_rep_2,GCA_041910895.1,JAYRPX010000002.1,bcd,309,3.48e-95,0.469
FW_TWAS_rep_2,GCA_041910895.1,JAYRPX010000045.1,acs,104,7.465e-25,0.261
FW_TWAS_rep_2,GCA_041910895.1,JAYRPX010000045.1,fadD,154,1.076e-40,0.285
FW_TWAS_rep_2,GCA_041910895.1,JAYRPX010000042.1,acs,134,2.728e-34,0.268
FW_TWAS_rep_2,GCA_041910895.1,JAYRPX010000021.1,hbd,289,1.221e-89,0.51
FW_TWAS_rep_2,GCA_041910895.1,JAYRPX010000011.1,fadA,325,3.078e-100,0.487
FW_TWAS_rep_2,GCA_041910895.1,JAYRPX010000035.1,acs,124,1.919e-31,0.263
FW_TWAS_rep_2,GCA_041910895.1,JAYRPX010000011.1,crt,162,2.487e-45,0.394
FW_TWAS_rep_2,GCA_041910895.1,JAYRPX010000024.1,mmcG,44,1.832e-7,0.246
FW_TWAS_rep_2,GCA_041910895.1,JAYRPX010000049.1,fadB,109,1.423e-27,0.332
FW_TWAS_rep_2,GCA_027492415.1,JAPUEV010000161.1,acylglycerol_lipase,46,1.226e-7,0.293
FW_TWAS_rep_2,GCA_027492415.1,JAPUEV010000023.1,dppB,199,4.213e-58,0.347
FW_TWAS_rep_2,GCA_027492415.1,JAPUEV010000047.1,mvhA,472,1.051e-149,0.485
FW_TWAS_rep_2,GCA_027492415.1,JAPUEV010000279.1,susC,80,3.703e-17,0.304
FW_TWAS_rep_2,GCA_027492415.1,JAPUEV010000068.1,fadB,117,3.533e-31,0.363
FW_TWAS_rep_2,GCA_027492415.1,JAPUEV010000395.1,extracellular_protease,61,5.113e-12,0.309
FW_TWAS_rep_2,GCA_027492415.1,JAPUEV010000228.1,oppA,190,4.575e-52,0.275
FW_TWAS_rep_2,GCA_027492415.1,JAPUEV010000033.1,frhG,85,2.581e-20,0.28
FW_TWAS_rep_2,GCA_027492415.1,JAPUEV010000083.1,sucD,57,2.284e-10,0.277
FW_TWAS_rep_2,GCA_027492415.1,JAPUEV010000422.1,extracellular_protease,79,3.661e-17,0.287
FW_TWAS_rep_2,GCA_027492415.1,JAPUEV010000023.1,oppB,195,1.281e-56,0.364
FW_TWAS_rep_2,GCA_027492415.1,JAPUEV010000047.1,mvhG,126,4.036e-35,0.367
FW_TWAS_rep_2,GCA_027492415.1,JAPUEV010000292.1,etfB,180,1.025e-52,0.424
FW_TWAS_rep_2,GCA_027492415.1,JAPUEV010000210.1,bcd,228,5.901e-70,0.513
FW_TWAS_rep_2,GCA_027492415.1,JAPUEV010000228.1,dppA,152,7.56e-40,0.281
FW_TWAS_rep_2,GCA_027492415.1,JAPUEV010000227.1,susC,55,8.768e-10,0.259
FW_TWAS_rep_2,GCA_027492415.1,JAPUEV010000412.1,dppA,218,1.56e-61,0.3
FW_TWAS_rep_2,GCA_027492415.1,JAPUEV010000257.1,tdcB,99,6.966e-27,0.436
FW_TWAS_rep_2,GCA_027492415.1,JAPUEV010000224.1,fadE,276,1.071e-83,0.43
FW_TWAS_rep_2,GCA_027492415.1,JAPUEV010000210.1,fadE,181,7.607e-54,0.483
FW_TWAS_rep_2,GCA_027492415.1,JAPUEV010000242.1,etfA,83,3.028e-20,0.28
FW_TWAS_rep_2,GCA_027492415.1,JAPUEV010000259.1,adh,70,1.324e-15,0.271
FW_TWAS_rep_2,GCA_027492415.1,JAPUEV010000228.1,dppB,215,1.184e-63,0.371
FW_TWAS_rep_2,GCA_027492415.1,JAPUEV010000084.1,pepN,173,1.183e-45,0.33
FW_TWAS_rep_2,GCA_027492415.1,JAPUEV010000197.1,oppB,211,1.658e-62,0.41
FW_TWAS_rep_2,GCA_027492415.1,JAPUEV010000040.1,adh,91,1.083e-22,0.303
FW_TWAS_rep_2,GCA_027492415.1,JAPUEV010000033.1,mvhG,132,5.266e-36,0.32
FW_TWAS_rep_2,GCA_027492415.1,JAPUEV010000246.1,pfkA,47,6.285e-8,0.306
FW_TWAS_rep_2,GCA_027492415.1,JAPUEV010000055.1,pepN,124,6.309e-31,0.258
FW_TWAS_rep_2,GCA_027492415.1,JAPUEV010000047.1,frhA,170,9.43e-47,0.292
FW_TWAS_rep_2,GCA_027492415.1,JAPUEV010000423.1,fadD,163,1.576e-43,0.29
FW_TWAS_rep_2,GCA_027492415.1,JAPUEV010000224.1,bcd,327,1.715e-101,0.461
FW_TWAS_rep_2,GCA_027492415.1,JAPUEV010000087.1,fadB,144,1.417e-41,0.435
FW_TWAS_rep_2,GCA_027492415.1,JAPUEV010000213.1,crt,137,7.53e-38,0.338
FW_TWAS_rep_2,GCA_027492415.1,JAPUEV010000068.1,etfA,128,8.52e-35,0.368
FW_TWAS_rep_2,GCA_027492415.1,JAPUEV010000315.1,thl,356,4.396e-111,0.515
FW_TWAS_rep_2,GCA_027492415.1,JAPUEV010000423.1,acs,401,1.026e-123,0.399
FW_TWAS_rep_2,GCA_027492415.1,JAPUEV010000255.1,adhE,76,2.685e-16,0.238
FW_TWAS_rep_2,GCA_027492415.1,JAPUEV010000255.1,pepT,62,4.916e-14,0.333
FW_TWAS_rep_2,GCA_027492415.1,JAPUEV010000197.1,oppA,233,1.362e-66,0.307
FW_TWAS_rep_2,GCA_027492415.1,JAPUEV010000233.1,pta,175,3.733e-50,0.349
FW_TWAS_rep_2,GCA_027492415.1,JAPUEV010000033.1,frhA,138,1.888e-36,0.252
FW_TWAS_rep_2,GCA_027492415.1,JAPUEV010000238.1,oppB,249,5.83e-75,0.421
FW_TWAS_rep_2,GCA_027492415.1,JAPUEV010000397.1,pyk,383,4.497e-119,0.481
FW_TWAS_rep_2,GCA_027492415.1,JAPUEV010000134.1,pepQ,155,6.152e-43,0.314
FW_TWAS_rep_2,GCA_027492415.1,JAPUEV010000086.1,gdh,430,4.108e-136,0.505
FW_TWAS_rep_2,GCA_027492415.1,JAPUEV010000087.1,fadA,265,5.501e-80,0.428
FW_TWAS_rep_2,GCA_027492415.1,JAPUEV010000238.1,bcd,178,4.115e-54,0.64
FW_TWAS_rep_2,GCA_027492415.1,JAPUEV010000295.1,aldh,51,8.1e-9,0.238
FW_TWAS_rep_2,GCA_027492415.1,JAPUEV010000258.1,mmcF,179,2.622e-54,0.602
FW_TWAS_rep_2,GCA_027492415.1,JAPUEV010000113.1,mmcE,682,1.069e-220,0.615
FW_TWAS_rep_2,GCA_027492415.1,JAPUEV010000268.1,adhE,49,2.803e-8,0.201
FW_TWAS_rep_2,GCA_027492415.1,JAPUEV010000375.1,gapA,322,5.637e-101,0.58
FW_TWAS_rep_2,GCA_027492415.1,JAPUEV010000047.1,fdhA,55,1.2e-10,0.373
FW_TWAS_rep_2,GCA_027492415.1,JAPUEV010000087.1,hbd,179,9.909e-54,0.513
FW_TWAS_rep_2,GCA_027492415.1,JAPUEV010000252.1,pgi,88,2.442e-20,0.288
FW_TWAS_rep_2,GCA_027492415.1,JAPUEV010000238.1,dppC,231,9.878e-69,0.388
FW_TWAS_rep_2,GCA_027492415.1,JAPUEV010000238.1,fadE,140,5.864e-41,0.52
FW_TWAS_rep_2,GCA_027492415.1,JAPUEV010000242.1,crt,94,3.934e-24,0.348
FW_TWAS_rep_2,GCA_027492415.1,JAPUEV010000338.1,acs,66,3.013e-13,0.217
FW_TWAS_rep_2,GCA_027492415.1,JAPUEV010000307.1,adh,66,4.366e-14,0.306
FW_TWAS_rep_2,GCA_027492415.1,JAPUEV010000028.1,pepA,370,4.703e-114,0.452
FW_TWAS_rep_2,GCA_027492415.1,JAPUEV010000197.1,dppA,218,1.769e-61,0.309
FW_TWAS_rep_2,GCA_027492415.1,JAPUEV010000259.1,mmcE,681,6.783e-221,0.629
FW_TWAS_rep_2,GCA_027492415.1,JAPUEV010000315.1,fadA,391,3.346e-123,0.553
FW_TWAS_rep_2,GCA_027492415.1,JAPUEV010000033.1,mvhA,209,6.808e-60,0.313
FW_TWAS_rep_2,GCA_027492415.1,JAPUEV010000063.1,hbd,103,1.172e-26,0.392
FW_TWAS_rep_2,GCA_027492415.1,JAPUEV010000255.1,aldh,65,5.114e-13,0.23
FW_TWAS_rep_2,GCA_027492415.1,JAPUEV010000047.1,hydA,132,1.46e-36,0.355
FW_TWAS_rep_2,GCA_027492415.1,JAPUEV010000131.1,extracellular_protease,105,8.589e-25,0.301
FW_TWAS_rep_2,GCA_027492415.1,JAPUEV010000232.1,pepN,119,2.998e-29,0.267
FW_TWAS_rep_2,GCA_027492415.1,JAPUEV010000047.1,frhG,97,2.391e-25,0.35
FW_TWAS_rep_2,GCA_027492415.1,JAPUEV010000412.1,oppA,234,4.663e-67,0.326
FW_TWAS_rep_2,GCA_027492415.1,JAPUEV010000394.1,pfor,863,3.88e-280,0.606
FW_TWAS_rep_2,GCA_027492415.1,JAPUEV010000023.1,dppC,84,1.866e-21,0.333
FW_TWAS_rep_2,GCA_027492415.1,JAPUEV010000221.1,aldh,64,1.174e-12,0.26
FW_TWAS_rep_2,GCA_027492415.1,JAPUEV010000228.1,dppC,190,2.42e-54,0.456
FW_TWAS_rep_2,GCA_027492415.1,JAPUEV010000116.1,pfor,44,8.004e-8,0.309
FW_TWAS_rep_2,GCA_027492415.1,JAPUEV010000197.1,dppB,245,1.836e-74,0.426
FW_TWAS_rep_2,GCA_027492415.1,JAPUEV010000404.1,pepQ,130,7.942e-34,0.303
FW_TWAS_rep_2,GCA_027492415.1,JAPUEV010000009.1,extracellular_protease,71,1.073e-14,0.345
FW_TWAS_rep_2,GCA_027492415.1,JAPUEV010000087.1,thl,397,2.985e-125,0.543
FW_TWAS_rep_2,GCA_027492415.1,JAPUEV010000292.1,etfA,261,3.074e-79,0.489
FW_TWAS_rep_2,GCA_027492415.1,JAPUEV010000225.1,extracellular_protease,93,1.848e-21,0.323
FW_TWAS_rep_2,GCA_027492415.1,JAPUEV010000237.1,sucD,349,2.946e-109,0.572
FW_TWAS_rep_2,GCA_027492415.1,JAPUEV010000047.1,rnfB,43,7.166e-7,0.264
FW_TWAS_rep_2,GCA_027492415.1,JAPUEV010000031.1,mdh,282,3.554e-87,0.479
FW_TWAS_rep_2,GCA_027492415.1,JAPUEV010000116.1,frhG,43,1.991e-7,0.344
FW_TWAS_rep_2,GCA_027492415.1,JAPUEV010000228.1,oppB,223,1.211e-65,0.465
FW_TWAS_rep_2,GCA_027492415.1,JAPUEV010000084.1,extracellular_protease,105,9.459e-25,0.307
FW_TWAS_rep_2,GCA_027492415.1,JAPUEV010000186.1,pepQ,57,4.512e-11,0.245
FW_TWAS_rep_2,GCA_027492415.1,JAPUEV010000248.1,fadD,81,4.919e-19,0.335
FW_TWAS_rep_2,GCA_027492415.1,JAPUEV010000338.1,fadD,323,1.712e-96,0.382
FW_TWAS_rep_2,GCA_027492415.1,JAPUEV010000068.1,crt,279,1.116e-86,0.565
FW_TWAS_rep_2,GCA_027492415.1,JAPUEV010000201.1,mmcG,102,5.768e-28,0.389
FW_TWAS_rep_2,GCA_027492415.1,JAPUEV010000334.1,extracellular_protease,73,1.804e-15,0.275
FW_TWAS_rep_2,GCA_963695105.1,CAVOGC010000008.1,hbd,219,1.216e-59,0.435
FW_TWAS_rep_2,GCA_963695105.1,CAVOGC010000025.1,fadD,208,7.161e-59,0.305
FW_TWAS_rep_2,GCA_963695105.1,CAVOGC010000003.1,cdhC,48,1.281e-8,0.338
FW_TWAS_rep_2,GCA_963695105.1,CAVOGC010000041.1,thl,355,9.997e-111,0.469
FW_TWAS_rep_2,GCA_963695105.1,CAVOGC010000041.1,fadA,255,2.943e-76,0.407
FW_TWAS_rep_2,GCA_963695105.1,CAVOGC010000049.1,cazy_GH13,88,7.79e-20,0.29
FW_TWAS_rep_2,GCA_963695105.1,CAVOGC010000049.1,agl,51,2.033e-8,0.269
FW_TWAS_rep_2,GCA_963695105.1,CAVOGC010000056.1,frhB,42,6.196e-7,0.416
FW_TWAS_rep_2,GCA_963695105.1,CAVOGC010000016.1,etfA,88,2.493e-20,0.346
FW_TWAS_rep_2,GCA_963695105.1,CAVOGC010000003.1,lctD,79,5.193e-19,0.33
FW_TWAS_rep_2,GCA_963695105.1,CAVOGC010000048.1,mmcE,400,8.304e-122,0.384
FW_TWAS_rep_2,GCA_963695105.1,CAVOGC010000023.1,thl,357,1.525e-111,0.472
FW_TWAS_rep_2,GCA_963695105.1,CAVOGC010000045.1,etfA,341,2.361e-107,0.652
FW_TWAS_rep_2,GCA_963695105.1,CAVOGC010000040.1,lipase,41,7.375e-6,0.274
FW_TWAS_rep_2,GCA_963695105.1,CAVOGC010000019.1,acs,418,5.781e-129,0.436
FW_TWAS_rep_2,GCA_963695105.1,CAVOGC010000005.1,hbd,115,4.124e-28,0.292
FW_TWAS_rep_2,GCA_963695105.1,CAVOGC010000008.1,sucD,366,1.292e-116,0.643
FW_TWAS_rep_2,GCA_963695105.1,CAVOGC010000021.1,cazy_GH13,166,9.105e-45,0.335
FW_TWAS_rep_2,GCA_963695105.1,CAVOGC010000007.1,agl,59,8.37e-11,0.362
FW_TWAS_rep_2,GCA_963695105.1,CAVOGC010000017.1,frhG,46,3.733e-8,0.263
FW_TWAS_rep_2,GCA_963695105.1,CAVOGC010000018.1,cazy_GH13,48,8.906e-8,0.238
FW_TWAS_rep_2,GCA_963695105.1,CAVOGC010000030.1,hydA,45,4.089e-7,0.42
FW_TWAS_rep_2,GCA_963695105.1,CAVOGC010000008.1,fadB,425,4.38e-126,0.372
FW_TWAS_rep_2,GCA_963695105.1,CAVOGC010000011.1,mvhA,220,5.64e-65,0.413
FW_TWAS_rep_2,GCA_963695105.1,CAVOGC010000007.1,cazy_GH13,106,4.082e-25,0.286
FW_TWAS_rep_2,GCA_963695105.1,CAVOGC010000010.1,lipase,43,8.986e-7,0.336
FW_TWAS_rep_2,GCA_963695105.1,CAVOGC010000055.1,extracellular_protease,181,3.903e-48,0.365
FW_TWAS_rep_2,GCA_963695105.1,CAVOGC010000029.1,etfA,110,1.853e-28,0.35
FW_TWAS_rep_2,GCA_963695105.1,CAVOGC010000040.1,mvhA,112,1.883e-27,0.242
FW_TWAS_rep_2,GCA_963695105.1,CAVOGC010000016.1,pepA,371,2.087e-114,0.471
FW_TWAS_rep_2,GCA_963695105.1,CAVOGC010000041.1,pfkA,87,1.02e-19,0.255
FW_TWAS_rep_2,GCA_963695105.1,CAVOGC010000029.1,fadB,100,6.667e-25,0.289
FW_TWAS_rep_2,GCA_963695105.1,CAVOGC010000005.1,fadD,162,3.038e-43,0.304
FW_TWAS_rep_2,GCA_963695105.1,CAVOGC010000048.1,mmcF,132,6.612e-34,0.507
FW_TWAS_rep_2,GCA_963695105.1,CAVOGC010000009.1,acs,101,9.868e-24,0.241
FW_TWAS_rep_2,GCA_963695105.1,CAVOGC010000022.1,fadD,158,1.003e-40,0.286
FW_TWAS_rep_2,GCA_963695105.1,CAVOGC010000045.1,fadD,241,2.298e-69,0.335
FW_TWAS_rep_2,GCA_963695105.1,CAVOGC010000023.1,fadA,257,6.206e-77,0.407
FW_TWAS_rep_2,GCA_963695105.1,CAVOGC010000025.1,acs,189,1.093e-52,0.296
FW_TWAS_rep_2,GCA_963695105.1,CAVOGC010000003.1,hydA,50,2.156e-9,0.366
FW_TWAS_rep_2,GCA_963695105.1,CAVOGC010000034.1,ptsG,557,5.717e-175,0.505
FW_TWAS_rep_2,GCA_963695105.1,CAVOGC010000055.1,fadE,303,5.161e-93,0.481
FW_TWAS_rep_2,GCA_963695105.1,CAVOGC010000051.1,rnfB,43,4.266e-8,0.342
FW_TWAS_rep_2,GCA_963695105.1,CAVOGC010000027.1,agl,225,2.476e-61,0.348
FW_TWAS_rep_2,GCA_963695105.1,CAVOGC010000022.1,acylglycerol_lipase,85,9.398e-22,0.38
FW_TWAS_rep_2,GCA_963695105.1,CAVOGC010000005.1,fadB,114,1.253e-27,0.282
FW_TWAS_rep_2,GCA_963695105.1,CAVOGC010000027.1,cazy_GH13,175,7.379e-46,0.334
FW_TWAS_rep_2,GCA_963695105.1,CAVOGC010000056.1,oppB,168,2.698e-47,0.438
FW_TWAS_rep_2,GCA_963695105.1,CAVOGC010000055.1,endopeptidase,188,4.806e-54,0.395
FW_TWAS_rep_2,GCA_963695105.1,CAVOGC010000030.1,rnfB,120,7.831e-31,0.431
FW_TWAS_rep_2,GCA_963695105.1,CAVOGC010000056.1,dppB,43,1.346e-6,0.288
FW_TWAS_rep_2,GCA_963695105.1,CAVOGC010000048.1,bcd,233,1.106e-66,0.358
FW_TWAS_rep_2,GCA_963695105.1,CAVOGC010000011.1,fdhA,59,8.906e-12,0.36
FW_TWAS_rep_2,GCA_963695105.1,CAVOGC010000012.1,acs,155,2.992e-41,0.302
FW_TWAS_rep_2,GCA_963695105.1,CAVOGC010000021.1,agl,295,8.273e-88,0.418
FW_TWAS_rep_2,GCA_963695105.1,CAVOGC010000016.1,fadB,96,1.104e-22,0.35
FW_TWAS_rep_2,GCA_963695105.1,CAVOGC010000045.1,etfB,318,8.952e-101,0.698
FW_TWAS_rep_2,GCA_963695105.1,CAVOGC010000040.1,pyk,125,1.276e-33,0.444
FW_TWAS_rep_2,GCA_963695105.1,CAVOGC010000055.1,bgl,274,3.281e-81,0.448
FW_TWAS_rep_2,GCA_963695105.1,CAVOGC010000038.1,acs,130,3.766e-33,0.308
FW_TWAS_rep_2,GCA_963695105.1,CAVOGC010000017.1,hydA,85,7.545e-19,0.299
FW_TWAS_rep_2,GCA_963695105.1,CAVOGC010000038.1,lysophospholipase,187,1.193e-55,0.409
FW_TWAS_rep_2,GCA_963695105.1,CAVOGC010000034.1,acs,548,2.3e-173,0.466
FW_TWAS_rep_2,GCA_963695105.1,CAVOGC010000003.1,lctB,237,1.757e-72,0.491
FW_TWAS_rep_2,GCA_963695105.1,CAVOGC010000055.1,acs,250,3.289e-71,0.29
FW_TWAS_rep_2,GCA_963695105.1,CAVOGC010000011.1,hydA,69,4.036e-15,0.255
FW_TWAS_rep_2,GCA_963695105.1,CAVOGC010000010.1,acs,883,4.754e-288,0.644
FW_TWAS_rep_2,GCA_963695105.1,CAVOGC010000040.1,frhA,93,1.763e-21,0.228
FW_TWAS_rep_2,GCA_963695105.1,CAVOGC010000001.1,acylglycerol_lipase,45,3.299e-7,0.346
FW_TWAS_rep_2,GCA_963695105.1,CAVOGC010000029.1,crt,174,3.712e-50,0.437
FW_TWAS_rep_2,GCA_963695105.1,CAVOGC010000010.1,tdcB,54,6.638e-10,0.27
FW_TWAS_rep_2,GCA_963695105.1,CAVOGC010000001.1,pfkA,378,2.308e-113,0.524
FW_TWAS_rep_2,GCA_963695105.1,CAVOGC010000010.1,fadD,141,2.314e-36,0.276
FW_TWAS_rep_2,GCA_963695105.1,CAVOGC010000038.1,adhE,220,5.907e-62,0.336
FW_TWAS_rep_2,GCA_963695105.1,CAVOGC010000008.1,thl,244,1.678e-71,0.379
FW_TWAS_rep_2,GCA_963695105.1,CAVOGC010000009.1,fadD,130,1.064e-32,0.311
FW_TWAS_rep_2,GCA_963695105.1,CAVOGC010000005.1,etfA,44,1.793e-6,0.327
FW_TWAS_rep_2,GCA_963695105.1,CAVOGC010000040.1,tdcB,347,1.057e-104,0.472
FW_TWAS_rep_2,GCA_963695105.1,CAVOGC010000030.1,lctC,42,5.037e-6,0.351
FW_TWAS_rep_2,GCA_963695105.1,CAVOGC010000048.1,adhE,123,1.544e-31,0.313
FW_TWAS_rep_2,GCA_963695105.1,CAVOGC010000055.1,bcd,400,2.289e-126,0.544
FW_TWAS_rep_2,GCA_963695105.1,CAVOGC010000055.1,dppA,62,7.81e-14,0.591
FW_TWAS_rep_2,GCA_963695105.1,CAVOGC010000003.1,frhB,49,3.909e-9,0.366
FW_TWAS_rep_2,GCA_963695105.1,CAVOGC010000008.1,crt,143,2.021e-36,0.408
FW_TWAS_rep_2,GCA_963695105.1,CAVOGC010000011.1,frhA,67,6.646e-16,0.375
FW_TWAS_rep_2,GCA_963695105.1,CAVOGC010000011.1,dppB,168,4.03e-47,0.327
FW_TWAS_rep_2,GCA_963695105.1,CAVOGC010000029.1,rnfB,41,2.852e-7,0.25
FW_TWAS_rep_2,GCA_963695105.1,CAVOGC010000005.1,fadA,376,4.82e-118,0.541
FW_TWAS_rep_2,GCA_963695105.1,CAVOGC010000008.1,acylglycerol_lipase,46,1.127e-7,0.376
FW_TWAS_rep_2,GCA_963695105.1,CAVOGC010000019.1,pgi,673,2.111e-217,0.633
FW_TWAS_rep_2,GCA_963695105.1,CAVOGC010000005.1,crt,65,1.037e-12,0.333
FW_TWAS_rep_2,GCA_963695105.1,CAVOGC010000005.1,acs,170,1.267e-44,0.298
FW_TWAS_rep_2,GCA_963695105.1,CAVOGC010000008.1,etfA,118,9.808e-29,0.369
FW_TWAS_rep_2,GCA_963695105.1,CAVOGC010000003.1,rnfB,220,1.083e-67,0.642
FW_TWAS_rep_2,GCA_963695105.1,CAVOGC010000014.1,mdh,270,5.843e-84,0.57
FW_TWAS_rep_2,GCA_963695105.1,CAVOGC010000012.1,fadD,227,8.638e-65,0.353
FW_TWAS_rep_2,GCA_963695105.1,CAVOGC010000028.1,gdh,1653,0.0,0.565
FW_TWAS_rep_2,GCA_963695105.1,CAVOGC010000045.1,fadE,137,4.056e-35,0.327
FW_TWAS_rep_2,GCA_963695105.1,CAVOGC010000008.1,sucC,374,4.021e-117,0.523
FW_TWAS_rep_2,GCA_963695105.1,CAVOGC010000016.1,rnfB,40,6.559e-7,0.34
FW_TWAS_rep_2,GCA_963695105.1,CAVOGC010000048.1,fadE,225,6.449e-64,0.369
FW_TWAS_rep_2,GCA_963695105.1,CAVOGC010000056.1,dppC,149,9.342e-41,0.39
FW_TWAS_rep_2,GCA_963695105.1,CAVOGC010000055.1,acylglycerol_lipase,49,1.205e-8,0.268
FW_TWAS_rep_2,GCA_963695105.1,CAVOGC010000038.1,fadD,216,1.735e-61,0.327
FW_TWAS_rep_2,GCA_963695105.1,CAVOGC010000030.1,frhB,48,5.764e-8,0.448
FW_TWAS_rep_2,GCA_963695105.1,CAVOGC010000010.1,adh,63,6.223e-13,0.283
FW_TWAS_rep_2,GCA_963695105.1,CAVOGC010000040.1,cazy_GH13,79,3.047e-17,0.273
FW_TWAS_rep_2,GCA_963695105.1,CAVOGC010000055.1,edd,242,5.803e-69,0.331
FW_TWAS_rep_2,GCA_963695105.1,CAVOGC010000020.1,mmcF,132,3.807e-33,0.507
FW_TWAS_rep_2,GCA_963695105.1,CAVOGC010000040.1,pta,214,4.336e-59,0.41
FW_TWAS_rep_2,GCA_963695105.1,CAVOGC010000005.1,frhG,49,1.239e-8,0.34
FW_TWAS_rep_2,GCA_963695105.1,CAVOGC010000040.1,mvhG,49,2.59e-8,0.246
FW_TWAS_rep_2,GCA_963695105.1,CAVOGC010000020.1,mmcE,515,3.471e-160,0.515
FW_TWAS_rep_2,GCA_963695105.1,CAVOGC010000045.1,acs,146,3.558e-38,0.301
FW_TWAS_rep_2,GCA_963695105.1,CAVOGC010000036.1,gdh,890,8.925e-285,0.538
FW_TWAS_rep_2,GCA_963695105.1,CAVOGC010000003.1,lctC,432,1.271e-136,0.554
FW_TWAS_rep_2,GCA_963695105.1,CAVOGC010000055.1,fumB,256,4.916e-75,0.373
FW_TWAS_rep_2,GCA_963695105.1,CAVOGC010000020.1,sucD,366,1.292e-116,0.643
FW_TWAS_rep_2,GCA_963695105.1,CAVOGC010000034.1,mdh,153,5.523e-43,0.449
FW_TWAS_rep_2,GCA_963695105.1,CAVOGC010000040.1,pepQ,158,3.798e-41,0.332
FW_TWAS_rep_2,GCA_963695105.1,CAVOGC010000056.1,pta,216,5.155e-62,0.479
FW_TWAS_rep_2,GCA_963695105.1,CAVOGC010000010.1,fadA,323,1.253e-99,0.482
FW_TWAS_rep_2,GCA_963695105.1,CAVOGC010000010.1,thl,392,1.938e-123,0.554
FW_TWAS_rep_2,GCA_963695105.1,CAVOGC010000016.1,crt,164,5.933e-45,0.403
FW_TWAS_rep_2,GCA_963695105.1,CAVOGC010000011.1,oppA,85,4.899e-19,0.224
FW_TWAS_rep_2,GCA_963695105.1,CAVOGC010000045.1,bcd,123,8.254e-31,0.322
FW_TWAS_rep_2,GCA_963695105.1,CAVOGC010000019.1,fadD,175,3.934e-47,0.305
FW_TWAS_rep_2,GCA_963695105.1,CAVOGC010000041.1,pfor,47,8.848e-8,0.292
FW_TWAS_rep_2,GCA_963695105.1,CAVOGC010000055.1,etfA,95,1.334e-23,0.302
FW_TWAS_rep_2,GCA_963695105.1,CAVOGC010000035.1,acylglycerol_lipase,43,3.091e-6,0.249
FW_TWAS_rep_2,GCA_963695105.1,CAVOGC010000020.1,mmcG,40,1.753e-6,0.274
FW_TWAS_rep_2,GCA_963695105.1,CAVOGC010000031.1,crt,64,9.078e-13,0.5
FW_TWAS_rep_2,GCA_963695105.1,CAVOGC010000055.1,fadD,229,4.767e-64,0.314
FW_TWAS_rep_2,GCA_963695105.1,CAVOGC010000022.1,acs,105,1.223e-24,0.245
FW_TWAS_rep_2,GCA_963695105.1,CAVOGC010000034.1,fadD,127,4.89e-32,0.272
FW_TWAS_rep_2,GCA_963695105.1,CAVOGC010000011.1,frhG,94,7.748e-24,0.345
FW_TWAS_rep_2,GCA_963695105.1,CAVOGC010000011.1,oppB,178,1.343e-50,0.329
FW_TWAS_rep_2,GCA_963695105.1,CAVOGC010000028.1,acylglycerol_lipase,51,3.147e-9,0.265
FW_TWAS_rep_2,GCA_963695105.1,CAVOGC010000050.1,tdcB,83,1.822e-19,0.29
FW_TWAS_rep_2,GCA_963695105.1,CAVOGC010000003.1,mmcE,326,4.641e-93,0.407
FW_TWAS_rep_2,GCA_963695105.1,CAVOGC010000048.1,folD,326,2.235e-102,0.592
FW_TWAS_rep_2,GCA_963695105.1,CAVOGC010000017.1,fdhA,132,3.306e-33,0.246
FW_TWAS_rep_2,GCA_963695105.1,CAVOGC010000041.1,cazy_GH13,51,1.855e-8,0.292
FW_TWAS_rep_2,GCA_963695105.1,CAVOGC010000003.1,frhG,43,5.923e-7,0.322
FW_TWAS_rep_2,GCA_963695105.1,CAVOGC010000008.1,fadA,250,2.247e-73,0.411
FW_TWAS_rep_2,GCA_963695105.1,CAVOGC010000040.1,crt,120,1.423e-31,0.346
FW_TWAS_rep_2,GCA_963695105.1,CAVOGC010000012.1,lipase,78,3.49e-17,0.258
FW_TWAS_rep_2,GCA_963695105.1,CAVOGC010000004.1,fwdA,50,2.134e-8,0.269
FW_TWAS_rep_2,GCA_963695105.1,CAVOGC010000023.1,pfkA,87,1.02e-19,0.25
FW_TWAS_rep_2,GCA_963695105.1,CAVOGC010000008.1,cat,96,1.881e-22,0.37
FW_TWAS_rep_2,GCA_963695105.1,CAVOGC010000017.1,ackA,351,7.549e-107,0.515
FW_TWAS_rep_2,GCA_963695105.1,CAVOGC010000011.1,mvhG,127,3.5e-35,0.375
FW_TWAS_rep_2,GCA_963695105.1,CAVOGC010000040.1,bcd,114,4.648e-28,0.28
FW_TWAS_rep_2,GCA_963695105.1,CAVOGC010000020.1,sucC,374,4.021e-117,0.523
FW_TWAS_rep_2,GCA_963695105.1,CAVOGC010000055.1,crt,143,6.568e-40,0.367
FW_TWAS_rep_2,GCA_963695105.1,CAVOGC010000011.1,dppA,74,1.189e-15,0.226
FW_TWAS_rep_2,GCA_963695105.1,CAVOGC010000056.1,pfor,1377,0.0,0.611
FW_TWAS_rep_2,GCA_963695105.1,CAVOGC010000041.1,agl,48,9.751e-8,0.238
FW_TWAS_rep_2,GCA_963695105.1,CAVOGC010000005.1,thl,313,2.781e-96,0.459
FW_TWAS_rep_2,GCA_044227005.1,JBGAFZ010000003.1,dppC,240,1.473e-72,0.469
FW_TWAS_rep_2,GCA_044227005.1,JBGAFZ010000004.1,pfkA,147,1.019e-40,0.319
FW_TWAS_rep_2,GCA_044227005.1,JBGAFZ010000003.1,agl,295,6.46e-88,0.411
FW_TWAS_rep_2,GCA_044227005.1,JBGAFZ010000003.1,cazy_GH13,201,1.927e-56,0.395
FW_TWAS_rep_2,GCA_044227005.1,JBGAFZ010000002.1,mmcG,64,1.536e-14,0.328
FW_TWAS_rep_2,GCA_044227005.1,JBGAFZ010000001.1,mmcE,717,2.269e-232,0.648
FW_TWAS_rep_2,GCA_044227005.1,JBGAFZ010000005.1,frhG,43,2.293e-7,0.357
FW_TWAS_rep_2,GCA_044227005.1,JBGAFZ010000003.1,frhG,44,9.815e-9,0.333
FW_TWAS_rep_2,GCA_044227005.1,JBGAFZ010000004.1,adh,61,2.22e-12,0.252
FW_TWAS_rep_2,GCA_044227005.1,JBGAFZ010000013.1,fdhA,288,1.94e-83,0.315
FW_TWAS_rep_2,GCA_044227005.1,JBGAFZ010000001.1,pepT,79,1.214e-17,0.274
FW_TWAS_rep_2,GCA_044227005.1,JBGAFZ010000002.1,mdh,263,2.664e-80,0.446
FW_TWAS_rep_2,GCA_044227005.1,JBGAFZ010000002.1,agl,183,3.678e-50,0.327
FW_TWAS_rep_2,GCA_044227005.1,JBGAFZ010000008.1,fadE,126,1.081e-32,0.298
FW_TWAS_rep_2,GCA_044227005.1,JBGAFZ010000002.1,rnfB,40,9.515e-6,0.257
FW_TWAS_rep_2,GCA_044227005.1,JBGAFZ010000008.1,bcd,139,3.944e-37,0.317
FW_TWAS_rep_2,GCA_044227005.1,JBGAFZ010000002.1,edd,162,5.886e-43,0.307
FW_TWAS_rep_2,GCA_044227005.1,JBGAFZ010000003.1,fadD,182,4.822e-50,0.312
FW_TWAS_rep_2,GCA_044227005.1,JBGAFZ010000002.1,sucD,323,1.086e-100,0.57
FW_TWAS_rep_2,GCA_044227005.1,JBGAFZ010000002.1,fdhA,194,3.044e-52,0.273
FW_TWAS_rep_2,GCA_044227005.1,JBGAFZ010000002.1,adh,76,2.204e-17,0.286
FW_TWAS_rep_2,GCA_044227005.1,JBGAFZ010000001.1,etfB,126,8.154e-34,0.369
FW_TWAS_rep_2,GCA_044227005.1,JBGAFZ010000001.1,dppC,241,4.579e-73,0.462
FW_TWAS_rep_2,GCA_044227005.1,JBGAFZ010000006.1,pepN,139,2.301e-36,0.292
FW_TWAS_rep_2,GCA_044227005.1,JBGAFZ010000001.1,mer,117,5.302e-30,0.296
FW_TWAS_rep_2,GCA_044227005.1,JBGAFZ010000002.1,dppB,308,2.351e-95,0.498
FW_TWAS_rep_2,GCA_044227005.1,JBGAFZ010000013.1,oppA,164,3.351e-44,0.286
FW_TWAS_rep_2,GCA_044227005.1,JBGAFZ010000002.1,folD,323,1.889e-101,0.563
FW_TWAS_rep_2,GCA_044227005.1,JBGAFZ010000001.1,thl,310,1.835e-95,0.443
FW_TWAS_rep_2,GCA_044227005.1,JBGAFZ010000004.1,agl,94,4.969e-22,0.255
FW_TWAS_rep_2,GCA_044227005.1,JBGAFZ010000001.1,extracellular_protease,136,1.559e-35,0.346
FW_TWAS_rep_2,GCA_044227005.1,JBGAFZ010000005.1,dppC,255,9.573e-78,0.483
FW_TWAS_rep_2,GCA_044227005.1,JBGAFZ010000002.1,mer,209,2.121e-61,0.357
FW_TWAS_rep_2,GCA_044227005.1,JBGAFZ010000004.1,fadE,266,7.57e-80,0.408
FW_TWAS_rep_2,GCA_044227005.1,JBGAFZ010000002.1,endopeptidase,290,3.373e-83,0.404
FW_TWAS_rep_2,GCA_044227005.1,JBGAFZ010000001.1,frhG,42,1.945e-7,0.35
FW_TWAS_rep_2,GCA_044227005.1,JBGAFZ010000008.1,mer,109,1.286e-27,0.282
FW_TWAS_rep_2,GCA_044227005.1,JBGAFZ010000008.1,lctC,451,1.427e-142,0.505
FW_TWAS_rep_2,GCA_044227005.1,JBGAFZ010000001.1,acs,214,1.435e-60,0.306
FW_TWAS_rep_2,GCA_044227005.1,JBGAFZ010000005.1,etfA,124,2.134e-33,0.363
FW_TWAS_rep_2,GCA_044227005.1,JBGAFZ010000001.1,sucD,67,2.375e-13,0.24
FW_TWAS_rep_2,GCA_044227005.1,JBGAFZ010000002.1,thl,383,2.084e-120,0.521
FW_TWAS_rep_2,GCA_044227005.1,JBGAFZ010000004.1,dppB,226,3.976e-67,0.403
FW_TWAS_rep_2,GCA_044227005.1,JBGAFZ010000004.1,mer,142,8.01e-39,0.323
FW_TWAS_rep_2,GCA_044227005.1,JBGAFZ010000001.1,adh,70,2.222e-15,0.338
FW_TWAS_rep_2,GCA_044227005.1,JBGAFZ010000001.1,oppA,340,4.14e-103,0.411
FW_TWAS_rep_2,GCA_044227005.1,JBGAFZ010000002.1,fhs,678,1.306e-218,0.598
FW_TWAS_rep_2,GCA_044227005.1,JBGAFZ010000003.1,dppA,192,1.293e-53,0.327
FW_TWAS_rep_2,GCA_044227005.1,JBGAFZ010000009.1,bgl,154,5.717e-42,0.283
FW_TWAS_rep_2,GCA_044227005.1,JBGAFZ010000008.1,pepT,51,7.658e-9,0.283
FW_TWAS_rep_2,GCA_044227005.1,JBGAFZ010000002.1,eda,142,2.369e-40,0.422
FW_TWAS_rep_2,GCA_044227005.1,JBGAFZ010000002.1,extracellular_protease,137,1.937e-34,0.333
FW_TWAS_rep_2,GCA_044227005.1,JBGAFZ010000001.1,agl,98,5.24e-23,0.284
FW_TWAS_rep_2,GCA_044227005.1,JBGAFZ010000002.1,pepT,120,1.821e-30,0.314
FW_TWAS_rep_2,GCA_044227005.1,JBGAFZ010000011.1,dppA,248,9.705e-72,0.344
FW_TWAS_rep_2,GCA_044227005.1,JBGAFZ010000003.1,hydA,44,9.815e-9,0.375
FW_TWAS_rep_2,GCA_044227005.1,JBGAFZ010000011.1,fadD,153,5.255e-40,0.281
FW_TWAS_rep_2,GCA_044227005.1,JBGAFZ010000002.1,cazy_GH13,184,1.504e-50,0.373
FW_TWAS_rep_2,GCA_044227005.1,JBGAFZ010000001.1,fadB,126,2.999e-31,0.316
FW_TWAS_rep_2,GCA_044227005.1,JBGAFZ010000001.1,eda,144,1.946e-40,0.415
FW_TWAS_rep_2,GCA_044227005.1,JBGAFZ010000002.1,tdcB,64,4.656e-13,0.269
FW_TWAS_rep_2,GCA_044227005.1,JBGAFZ010000005.1,dppA,133,5.714e-34,0.274
FW_TWAS_rep_2,GCA_044227005.1,JBGAFZ010000002.1,pepQ,108,8.885e-27,0.33
FW_TWAS_rep_2,GCA_044227005.1,JBGAFZ010000003.1,pepD,49,1.2e-8,0.284
FW_TWAS_rep_2,GCA_044227005.1,JBGAFZ010000002.1,aldh,216,6.136e-62,0.337
FW_TWAS_rep_2,GCA_044227005.1,JBGAFZ010000002.1,xylB,71,6.091e-15,0.228
FW_TWAS_rep_2,GCA_044227005.1,JBGAFZ010000001.1,bcd,390,2.063e-122,0.527
FW_TWAS_rep_2,GCA_044227005.1,JBGAFZ010000002.1,sucC,317,7.425e-98,0.449
FW_TWAS_rep_2,GCA_044227005.1,JBGAFZ010000010.1,agl,78,2.873e-17,0.259
FW_TWAS_rep_2,GCA_044227005.1,JBGAFZ010000009.1,tdcB,288,3.927e-89,0.52
FW_TWAS_rep_2,GCA_044227005.1,JBGAFZ010000001.1,acylglycerol_lipase,242,1.528e-73,0.446
FW_TWAS_rep_2,GCA_044227005.1,JBGAFZ010000013.1,dppC,262,4.819e-80,0.48
FW_TWAS_rep_2,GCA_044227005.1,JBGAFZ010000009.1,mer,151,1.011e-41,0.334
FW_TWAS_rep_2,GCA_044227005.1,JBGAFZ010000005.1,pepT,49,1.383e-8,0.248
FW_TWAS_rep_2,GCA_044227005.1,JBGAFZ010000009.1,cazy_GH5,78,1.866e-17,0.264
FW_TWAS_rep_2,GCA_044227005.1,JBGAFZ010000004.1,cazy_GH13,147,5.895e-39,0.33
FW_TWAS_rep_2,GCA_044227005.1,JBGAFZ010000008.1,lctD,76,1.57e-17,0.432
FW_TWAS_rep_2,GCA_044227005.1,JBGAFZ010000001.1,hbd,146,1.974e-37,0.34
FW_TWAS_rep_2,GCA_044227005.1,JBGAFZ010000001.1,etfA,196,5.939e-57,0.423
FW_TWAS_rep_2,GCA_044227005.1,JBGAFZ010000002.1,acylglycerol_lipase,60,4.025e-11,0.339
FW_TWAS_rep_2,GCA_044227005.1,JBGAFZ010000001.1,mmcG,108,1.452e-29,0.396
FW_TWAS_rep_2,GCA_044227005.1,JBGAFZ010000011.1,dppB,246,1.809e-74,0.445
FW_TWAS_rep_2,GCA_044227005.1,JBGAFZ010000007.1,acylglycerol_lipase,59,2.02e-11,0.285
FW_TWAS_rep_2,GCA_044227005.1,JBGAFZ010000005.1,oppB,220,6.463e-66,0.429
FW_TWAS_rep_2,GCA_044227005.1,JBGAFZ010000005.1,gdh,496,7.214e-159,0.603
FW_TWAS_rep_2,GCA_044227005.1,JBGAFZ010000008.1,fadB,109,2.904e-28,0.279
FW_TWAS_rep_2,GCA_044227005.1,JBGAFZ010000013.1,dppA,181,9.084e-50,0.291
FW_TWAS_rep_2,GCA_044227005.1,JBGAFZ010000006.1,adh,58,1.773e-11,0.261
FW_TWAS_rep_2,GCA_044227005.1,JBGAFZ010000005.1,frhB,40,2.546e-6,0.349
FW_TWAS_rep_2,GCA_044227005.1,JBGAFZ010000011.1,cazy_GH9,121,3.24e-30,0.282
FW_TWAS_rep_2,GCA_044227005.1,JBGAFZ010000003.1,dppB,328,1.644e-102,0.488
FW_TWAS_rep_2,GCA_044227005.1,JBGAFZ010000001.1,dppB,284,2.841e-87,0.457
FW_TWAS_rep_2,GCA_044227005.1,JBGAFZ010000003.1,oppB,220,1.208e-65,0.446
FW_TWAS_rep_2,GCA_044227005.1,JBGAFZ010000001.1,pyk,186,1.453e-51,0.368
FW_TWAS_rep_2,GCA_044227005.1,JBGAFZ010000002.1,pyk,377,1.449e-116,0.447
FW_TWAS_rep_2,GCA_044227005.1,JBGAFZ010000012.1,cazy_GH13,81,1.72e-17,0.289
FW_TWAS_rep_2,GCA_044227005.1,JBGAFZ010000011.1,cazy_GH13,87,1.842e-19,0.304
FW_TWAS_rep_2,GCA_044227005.1,JBGAFZ010000001.1,pgi,154,8.147e-45,0.461
FW_TWAS_rep_2,GCA_044227005.1,JBGAFZ010000001.1,gapA,239,7.312e-72,0.431
FW_TWAS_rep_2,GCA_044227005.1,JBGAFZ010000001.1,tdcB,249,1.049e-75,0.449
FW_TWAS_rep_2,GCA_044227005.1,JBGAFZ010000002.1,fadB,91,2.482e-22,0.317
FW_TWAS_rep_2,GCA_044227005.1,JBGAFZ010000011.1,agl,68,6.515e-14,0.25
FW_TWAS_rep_2,GCA_044227005.1,JBGAFZ010000001.1,crt,147,2.156e-41,0.362
FW_TWAS_rep_2,GCA_044227005.1,JBGAFZ010000011.1,bgl,355,6.147e-110,0.431
FW_TWAS_rep_2,GCA_044227005.1,JBGAFZ010000002.1,hydA,123,1.899e-33,0.328
FW_TWAS_rep_2,GCA_044227005.1,JBGAFZ010000013.1,frhG,48,1.009e-9,0.433
FW_TWAS_rep_2,GCA_044227005.1,JBGAFZ010000003.1,acs,140,2.459e-36,0.277
FW_TWAS_rep_2,GCA_044227005.1,JBGAFZ010000005.1,fadB,113,1.201e-29,0.325
FW_TWAS_rep_2,GCA_044227005.1,JBGAFZ010000004.1,bcd,279,1.905e-84,0.405
FW_TWAS_rep_2,GCA_044227005.1,JBGAFZ010000001.1,fadA,382,4.323e-120,0.522
FW_TWAS_rep_2,GCA_044227005.1,JBGAFZ010000002.1,crt,166,7.991e-48,0.415
FW_TWAS_rep_2,GCA_044227005.1,JBGAFZ010000003.1,rnfB,42,6.586e-8,0.333
FW_TWAS_rep_2,GCA_044227005.1,JBGAFZ010000001.1,fadD,150,2.152e-39,0.304
FW_TWAS_rep_2,GCA_044227005.1,JBGAFZ010000002.1,frhG,96,3.431e-25,0.365
FW_TWAS_rep_2,GCA_044227005.1,JBGAFZ010000001.1,pepD,46,7.913e-8,0.221
FW_TWAS_rep_2,GCA_044227005.1,JBGAFZ010000002.1,dppA,232,6.301e-67,0.322
FW_TWAS_rep_2,GCA_044227005.1,JBGAFZ010000002.1,frhA,161,1.679e-43,0.285
FW_TWAS_rep_2,GCA_044227005.1,JBGAFZ010000001.1,dppA,270,2.989e-79,0.342
FW_TWAS_rep_2,GCA_044227005.1,JBGAFZ010000003.1,fwdA,44,1.252e-6,0.451
FW_TWAS_rep_2,GCA_044227005.1,JBGAFZ010000002.1,oppB,228,1.389e-68,0.434
FW_TWAS_rep_2,GCA_044227005.1,JBGAFZ010000003.1,pepQ,151,5.521e-41,0.393
FW_TWAS_rep_2,GCA_044227005.1,JBGAFZ010000005.1,dppB,243,9.216e-73,0.378
FW_TWAS_rep_2,GCA_044227005.1,JBGAFZ010000001.1,pepN,115,2.82e-28,0.231
FW_TWAS_rep_2,GCA_044227005.1,JBGAFZ010000013.1,pepQ,135,4.802e-36,0.397
FW_TWAS_rep_2,GCA_044227005.1,JBGAFZ010000001.1,mmcF,186,8.158e-57,0.704
FW_TWAS_rep_2,GCA_044227005.1,JBGAFZ010000002.1,etfA,89,1.705e-21,0.316
FW_TWAS_rep_2,GCA_044227005.1,JBGAFZ010000003.1,pta,212,2.035e-58,0.377
FW_TWAS_rep_2,GCA_044227005.1,JBGAFZ010000001.1,pepQ,76,1.278e-16,0.316
FW_TWAS_rep_2,GCA_044227005.1,JBGAFZ010000010.1,cazy_GH13,89,1.017e-20,0.296
FW_TWAS_rep_2,GCA_044227005.1,JBGAFZ010000008.1,etfA,96,4.968e-24,0.325
FW_TWAS_rep_2,GCA_044227005.1,JBGAFZ010000001.1,cazy_GH43,132,3.687e-35,0.344
FW_TWAS_rep_2,GCA_044227005.1,JBGAFZ010000008.1,crt,165,3.423e-47,0.381
FW_TWAS_rep_2,GCA_044227005.1,JBGAFZ010000001.1,fadE,328,1.523e-101,0.507
FW_TWAS_rep_2,GCA_044227005.1,JBGAFZ010000008.1,pfkA,53,1.274e-9,0.25
FW_TWAS_rep_2,GCA_044227005.1,JBGAFZ010000001.1,xylB,146,1.973e-38,0.285
FW_TWAS_rep_2,GCA_044227005.1,JBGAFZ010000005.1,fdhA,126,2.455e-31,0.256
FW_TWAS_rep_2,GCA_044227005.1,JBGAFZ010000011.1,dppC,218,3.447e-65,0.42
FW_TWAS_rep_2,GCA_044227005.1,JBGAFZ010000010.1,esterase,56,1.479e-10,0.282
FW_TWAS_rep_2,GCA_044227005.1,JBGAFZ010000007.1,lysophospholipase,40,5.615e-6,0.346
FW_TWAS_rep_2,GCA_044227005.1,JBGAFZ010000001.1,gdh,415,5.307e-131,0.504
FW_TWAS_rep_2,GCA_044227005.1,JBGAFZ010000004.1,dppC,211,2.554e-62,0.396
FW_TWAS_rep_2,GCA_044227005.1,JBGAFZ010000005.1,hydA,87,2.712e-19,0.273
FW_TWAS_rep_2,GCA_044227005.1,JBGAFZ010000004.1,dppA,158,7.663e-42,0.257
FW_TWAS_rep_2,GCA_044227005.1,JBGAFZ010000002.1,oppA,190,2.285e-52,0.299
FW_TWAS_rep_2,GCA_044227005.1,JBGAFZ010000004.1,oppB,252,4.459e-76,0.433
FW_TWAS_rep_2,GCA_044227005.1,JBGAFZ010000005.1,lysophospholipase,57,2.55e-11,0.269
FW_TWAS_rep_2,GCA_044227005.1,JBGAFZ010000001.1,oppB,271,1.012e-82,0.461
FW_TWAS_rep_2,GCA_044227005.1,JBGAFZ010000001.1,adhE,74,5.711e-16,0.263
FW_TWAS_rep_2,GCA_044227005.1,JBGAFZ010000013.1,frhB,43,5.962e-8,0.395
FW_TWAS_rep_2,GCA_044227005.1,JBGAFZ010000002.1,pfkA,270,3.367e-82,0.527
FW_TWAS_rep_2,GCA_044227005.1,JBGAFZ010000005.1,mvhG,40,3.254e-6,0.454
FW_TWAS_rep_2,GCA_044227005.1,JBGAFZ010000001.1,edd,233,1.058e-66,0.323
FW_TWAS_rep_2,GCA_044227005.1,JBGAFZ010000002.1,fadA,390,8.829e-123,0.535
FW_TWAS_rep_2,GCA_044227005.1,JBGAFZ010000002.1,mvhG,145,5.908e-42,0.413
FW_TWAS_rep_2,GCA_044227005.1,JBGAFZ010000002.1,fadD,226,2.148e-62,0.332
FW_TWAS_rep_2,GCA_044227005.1,JBGAFZ010000002.1,mvhA,476,5.882e-151,0.495
FW_TWAS_rep_2,GCA_044227005.1,JBGAFZ010000001.1,pfkA,267,1.214e-81,0.481
FW_TWAS_rep_2,GCA_044227005.1,JBGAFZ010000002.1,adhE,209,2.042e-59,0.333
FW_TWAS_rep_2,GCA_044227005.1,JBGAFZ010000011.1,oppB,265,7.358e-81,0.48
FW_TWAS_rep_2,GCA_044227005.1,JBGAFZ010000002.1,xylF,71,2.417e-15,0.28
FW_TWAS_rep_2,GCA_044227005.1,JBGAFZ010000003.1,oppA,207,1.787e-58,0.315
FW_TWAS_rep_2,GCA_044227005.1,JBGAFZ010000003.1,frhB,45,7.146e-9,0.395
FW_TWAS_rep_2,GCA_044227005.1,JBGAFZ010000005.1,crt,272,2.489e-84,0.556
FW_TWAS_rep_2,GCA_044227005.1,JBGAFZ010000011.1,oppA,283,2.68e-83,0.356
FW_TWAS_rep_2,GCA_044227005.1,JBGAFZ010000003.1,eda,130,6.143e-36,0.356
FW_TWAS_rep_2,GCA_044227005.1,JBGAFZ010000004.1,fadD,139,1.034e-35,0.28
FW_TWAS_rep_2,GCA_044227005.1,JBGAFZ010000013.1,tdcB,272,2.827e-83,0.478
FW_TWAS_rep_2,GCA_044227005.1,JBGAFZ010000013.1,oppB,242,3.322e-73,0.433
FW_TWAS_rep_2,GCA_044227005.1,JBGAFZ010000013.1,dppB,248,2.214e-75,0.408
FW_TWAS_rep_2,GCA_044227005.1,JBGAFZ010000013.1,pfor,1533,0.0,0.656
FW_TWAS_rep_2,GCA_044227005.1,JBGAFZ010000002.1,acs,384,1.42e-116,0.375
FW_TWAS_rep_2,GCA_044227005.1,JBGAFZ010000011.1,adh,43,1.206e-6,0.384
FW_TWAS_rep_2,GCA_044227005.1,JBGAFZ010000001.1,cazy_GH10,261,1.649e-75,0.458
FW_TWAS_rep_2,GCA_044227005.1,JBGAFZ010000004.1,oppA,200,1.357e-55,0.308
FW_TWAS_rep_2,GCA_044227005.1,JBGAFZ010000011.1,acs,738,2.633e-238,0.575
FW_TWAS_rep_2,GCA_044227005.1,JBGAFZ010000005.1,lctB,260,3.509e-80,0.505
FW_TWAS_rep_2,GCA_044227005.1,JBGAFZ010000002.1,dppC,283,2.945e-87,0.536
FW_TWAS_rep_2,GCA_044227005.1,JBGAFZ010000005.1,extracellular_protease,210,2.293e-56,0.435
FW_TWAS_rep_2,GCA_044227005.1,JBGAFZ010000004.1,acs,123,9.24e-31,0.261
FW_TWAS_rep_2,GCA_044227005.1,JBGAFZ010000011.1,acylglycerol_lipase,43,9.63e-7,0.258
FW_TWAS_rep_2,GCA_044227005.1,JBGAFZ010000001.1,cazy_GH13,145,1.019e-37,0.319
FW_TWAS_rep_2,GCA_044227005.1,JBGAFZ010000001.1,lysophospholipase,41,5.554e-6,0.266
FW_TWAS_rep_2,GCA_044227005.1,JBGAFZ010000005.1,oppA,136,1.03e-34,0.266
FW_TWAS_rep_2,GCA_044227005.1,JBGAFZ010000002.1,pgi,107,1.339e-27,0.322
FW_TWAS_rep_2,GCA_044227005.1,JBGAFZ010000009.1,adh,84,5.836e-20,0.282
FW_TWAS_rep_2,GCA_044227005.1,JBGAFZ010000011.1,pgi,741,2.313e-241,0.662
FW_TWAS_rep_2,GCA_964527785.1,CAZGNO010000059.1,fadE,175,5.699e-49,0.328
FW_TWAS_rep_2,GCA_964527785.1,CAZGNO010000049.1,gdh,501,1.652e-159,0.526
FW_TWAS_rep_2,GCA_964527785.1,CAZGNO010000032.1,mmcF,121,9.243e-30,0.441
FW_TWAS_rep_2,GCA_964527785.1,CAZGNO010000006.1,gapA,336,2.766e-105,0.518
FW_TWAS_rep_2,GCA_964527785.1,CAZGNO010000080.1,crt,222,5.443e-67,0.468
FW_TWAS_rep_2,GCA_964527785.1,CAZGNO010000068.1,folD,313,7.909e-98,0.539
FW_TWAS_rep_2,GCA_964527785.1,CAZGNO010000003.1,fadE,274,7.073e-83,0.434
FW_TWAS_rep_2,GCA_964527785.1,CAZGNO010000045.1,hbd,248,5.591e-76,0.471
FW_TWAS_rep_2,GCA_964527785.1,CAZGNO010000008.1,adhE,67,1.357e-13,0.228
FW_TWAS_rep_2,GCA_964527785.1,CAZGNO010000028.1,dppA,233,2.633e-66,0.311
FW_TWAS_rep_2,GCA_964527785.1,CAZGNO010000028.1,fadA,293,2.001e-89,0.467
FW_TWAS_rep_2,GCA_964527785.1,CAZGNO010000049.1,hydA,97,1.036e-22,0.299
FW_TWAS_rep_2,GCA_964527785.1,CAZGNO010000107.1,mmcE,308,9.587e-91,0.362
FW_TWAS_rep_2,GCA_964527785.1,CAZGNO010000042.1,dppA,204,5.332e-57,0.305
FW_TWAS_rep_2,GCA_964527785.1,CAZGNO010000002.1,fadD,169,7.084e-46,0.322
FW_TWAS_rep_2,GCA_964527785.1,CAZGNO010000017.1,oppA,203,2.131e-56,0.288
FW_TWAS_rep_2,GCA_964527785.1,CAZGNO010000008.1,pta,225,3.663e-67,0.421
FW_TWAS_rep_2,GCA_964527785.1,CAZGNO010000028.1,thl,422,8.695e-134,0.585
FW_TWAS_rep_2,GCA_964527785.1,CAZGNO010000050.1,oppB,142,5.704e-38,0.286
FW_TWAS_rep_2,GCA_964527785.1,CAZGNO010000003.1,bcd,415,1.41e-131,0.556
FW_TWAS_rep_2,GCA_964527785.1,CAZGNO010000022.1,adh,51,3.587e-9,0.235
FW_TWAS_rep_2,GCA_964527785.1,CAZGNO010000112.1,pfkA,212,2.159e-62,0.405
FW_TWAS_rep_2,GCA_964527785.1,CAZGNO010000066.1,mmcG,111,6.074e-31,0.431
FW_TWAS_rep_2,GCA_964527785.1,CAZGNO010000039.1,sucD,107,2.222e-26,0.448
FW_TWAS_rep_2,GCA_964527785.1,CAZGNO010000013.1,dppC,188,4.377e-54,0.435
FW_TWAS_rep_2,GCA_964527785.1,CAZGNO010000034.1,pgi,652,2.709e-210,0.598
FW_TWAS_rep_2,GCA_964527785.1,CAZGNO010000088.1,etfB,204,2.445e-61,0.452
FW_TWAS_rep_2,GCA_964527785.1,CAZGNO010000002.1,pfkA,68,1.91e-14,0.277
FW_TWAS_rep_2,GCA_964527785.1,CAZGNO010000056.1,adh,77,1.16e-17,0.297
FW_TWAS_rep_2,GCA_964527785.1,CAZGNO010000087.1,pepN,124,5.536e-31,0.255
FW_TWAS_rep_2,GCA_964527785.1,CAZGNO010000050.1,dppC,131,1.91e-34,0.349
FW_TWAS_rep_2,GCA_964527785.1,CAZGNO010000016.1,adh,68,1.016e-14,0.252
FW_TWAS_rep_2,GCA_964527785.1,CAZGNO010000032.1,mmcE,535,6.243e-167,0.51
FW_TWAS_rep_2,GCA_964527785.1,CAZGNO010000032.1,oppB,234,1.372e-70,0.441
FW_TWAS_rep_2,GCA_964527785.1,CAZGNO010000010.1,oppB,187,1.978e-53,0.363
FW_TWAS_rep_2,GCA_964527785.1,CAZGNO010000078.1,pepN,84,1.259e-18,0.281
FW_TWAS_rep_2,GCA_964527785.1,CAZGNO010000047.1,pepN,154,6.47e-40,0.264
FW_TWAS_rep_2,GCA_964527785.1,CAZGNO010000004.1,fadB,115,2.367e-30,0.345
FW_TWAS_rep_2,GCA_964527785.1,CAZGNO010000027.1,fwdA,43,5.55e-6,0.4
FW_TWAS_rep_2,GCA_964527785.1,CAZGNO010000004.1,etfA,133,1.572e-36,0.4
FW_TWAS_rep_2,GCA_964527785.1,CAZGNO010000113.1,thl,347,3.699e-108,0.505
FW_TWAS_rep_2,GCA_964527785.1,CAZGNO010000113.1,fadA,377,3.122e-118,0.543
FW_TWAS_rep_2,GCA_964527785.1,CAZGNO010000001.1,ilvE,133,7.438e-36,0.324
FW_TWAS_rep_2,GCA_964527785.1,CAZGNO010000064.1,pepN,111,5.643e-27,0.242
FW_TWAS_rep_2,GCA_964527785.1,CAZGNO010000087.1,extracellular_protease,102,5.13e-24,0.347
FW_TWAS_rep_2,GCA_964527785.1,CAZGNO010000118.1,lysophospholipase,52,1.654e-8,0.279
FW_TWAS_rep_2,GCA_964527785.1,CAZGNO010000002.1,acs,90,1.015e-20,0.24
FW_TWAS_rep_2,GCA_964527785.1,CAZGNO010000013.1,oppB,206,2.795e-60,0.416
FW_TWAS_rep_2,GCA_964527785.1,CAZGNO010000010.1,dppB,193,1.924e-55,0.357
FW_TWAS_rep_2,GCA_964527785.1,CAZGNO010000016.1,acs,751,1.598e-242,0.572
FW_TWAS_rep_2,GCA_964527785.1,CAZGNO010000006.1,pepQ,168,4.384e-47,0.324
FW_TWAS_rep_2,GCA_964527785.1,CAZGNO010000049.1,fdhA,78,5.215e-17,0.231
FW_TWAS_rep_2,GCA_964527785.1,CAZGNO010000016.1,fadD,139,9.023e-36,0.279
FW_TWAS_rep_2,GCA_964527785.1,CAZGNO010000015.1,frhA,56,1.801e-10,0.217
FW_TWAS_rep_2,GCA_964527785.1,CAZGNO010000012.1,fadE,281,2.905e-85,0.453
FW_TWAS_rep_2,GCA_964527785.1,CAZGNO010000028.1,pepQ,154,3.079e-41,0.312
FW_TWAS_rep_2,GCA_964527785.1,CAZGNO010000009.1,dppA,190,6.599e-52,0.285
FW_TWAS_rep_2,GCA_964527785.1,CAZGNO010000154.1,pfkA,147,2.667e-40,0.356
FW_TWAS_rep_2,GCA_964527785.1,CAZGNO010000046.1,hbd,115,3.795e-30,0.372
FW_TWAS_rep_2,GCA_964527785.1,CAZGNO010000018.1,pepQ,60,3.72e-12,0.256
FW_TWAS_rep_2,GCA_964527785.1,CAZGNO010000021.1,hbd,310,1.23e-96,0.547
FW_TWAS_rep_2,GCA_964527785.1,CAZGNO010000049.1,pfor,51,7.649e-10,0.321
FW_TWAS_rep_2,GCA_964527785.1,CAZGNO010000006.1,acylglycerol_lipase,40,7.007e-6,0.297
FW_TWAS_rep_2,GCA_964527785.1,CAZGNO010000049.1,frhG,41,1.474e-6,0.313
FW_TWAS_rep_2,GCA_964527785.1,CAZGNO010000009.1,susC,56,4.993e-10,0.286
FW_TWAS_rep_2,GCA_964527785.1,CAZGNO010000006.1,etfA,88,2.867e-21,0.293
FW_TWAS_rep_2,GCA_964527785.1,CAZGNO010000021.1,extracellular_protease,168,7.805e-44,0.336
FW_TWAS_rep_2,GCA_964527785.1,CAZGNO010000012.1,bcd,342,3.607e-106,0.476
FW_TWAS_rep_2,GCA_964527785.1,CAZGNO010000015.1,gdh,91,9.558e-22,0.299
FW_TWAS_rep_2,GCA_964527785.1,CAZGNO010000083.1,pyk,378,4.633e-117,0.449
FW_TWAS_rep_2,GCA_964527785.1,CAZGNO010000013.1,crt,127,1.168e-34,0.349
FW_TWAS_rep_2,GCA_964527785.1,CAZGNO010000089.1,pepA,419,3e-131,0.548
FW_TWAS_rep_2,GCA_964527785.1,CAZGNO010000082.1,adh,64,1.94e-13,0.292
FW_TWAS_rep_2,GCA_964527785.1,CAZGNO010000004.1,crt,271,4.115e-84,0.554
FW_TWAS_rep_2,GCA_964527785.1,CAZGNO010000006.1,fadB,81,3.582e-19,0.292
FW_TWAS_rep_2,GCA_964527785.1,CAZGNO010000002.1,susC,356,1.573e-102,0.285
FW_TWAS_rep_2,GCA_964527785.1,CAZGNO010000042.1,oppA,223,2.738e-63,0.301
FW_TWAS_rep_2,GCA_964527785.1,CAZGNO010000001.1,pta,176,6.043e-47,0.356
FW_TWAS_rep_2,GCA_964527785.1,CAZGNO010000032.1,dppC,199,1.316e-57,0.36
FW_TWAS_rep_2,GCA_964527785.1,CAZGNO010000002.1,mdh,296,6.812e-92,0.505
FW_TWAS_rep_2,GCA_964527785.1,CAZGNO010000021.1,fadB,194,8.749e-57,0.397
FW_TWAS_rep_2,GCA_964527785.1,CAZGNO010000033.1,susC,48,1.536e-7,0.222
FW_TWAS_rep_2,GCA_964527785.1,CAZGNO010000032.1,dppB,241,6.707e-73,0.42
FW_TWAS_rep_2,GCA_964527785.1,CAZGNO010000088.1,etfA,216,4.262e-64,0.454
FW_TWAS_rep_2,GCA_964527785.1,CAZGNO010000059.1,bcd,222,6.71e-65,0.355
FW_TWAS_rep_2,GCA_964527785.1,CAZGNO010000123.1,acs,75,5.179e-16,0.222
FW_TWAS_rep_2,GCA_964527785.1,CAZGNO010000017.1,dppA,162,4.413e-43,0.257
FW_TWAS_rep_2,GCA_964527785.1,CAZGNO010000028.1,oppA,247,6.607e-71,0.323
FW_TWAS_rep_2,GCA_964527785.1,CAZGNO010000050.1,oppA,126,1.286e-31,0.278
FW_TWAS_rep_2,GCA_964527785.1,CAZGNO010000032.1,lipase,53,1.45e-9,0.294
FW_TWAS_rep_2,GCA_964527785.1,CAZGNO010000045.1,fadB,183,2.094e-53,0.346
FW_TWAS_rep_2,GCA_964527785.1,CAZGNO010000025.1,pfkA,220,5.594e-65,0.407
FW_TWAS_rep_2,GCA_964527785.1,CAZGNO010000142.1,lysophospholipase,55,3.888e-10,0.246
FW_TWAS_rep_2,GCA_964527785.1,CAZGNO010000080.1,fadB,121,2.213e-32,0.356
FW_TWAS_rep_2,GCA_964527785.1,CAZGNO010000103.1,pepT,53,1.656e-9,0.242
FW_TWAS_rep_2,GCA_964527785.1,CAZGNO010000090.1,extracellular_protease,191,1.234e-50,0.379
FW_TWAS_rep_2,GCA_964527785.1,CAZGNO010000080.1,etfA,151,1.884e-42,0.367
FW_TWAS_rep_2,GCA_964527785.1,CAZGNO010000016.1,extracellular_protease,100,2.762e-23,0.311
FW_TWAS_rep_2,GCA_964527785.1,CAZGNO010000009.1,oppA,210,1.756e-58,0.296
FW_TWAS_rep_2,GCA_964527785.1,CAZGNO010000039.1,sucC,353,7.078e-110,0.479
FW_TWAS_rep_2,GCA_964527785.1,CAZGNO010000010.1,adh,75,4.882e-17,0.294
FW_TWAS_rep_2,GCA_964527785.1,CAZGNO010000050.1,dppA,106,2.596e-25,0.221
FW_TWAS_rep_2,GCA_964527785.1,CAZGNO010000094.1,frhG,48,1.132e-8,0.259
FW_TWAS_rep_2,GCA_964527785.1,CAZGNO010000006.1,crt,149,7.433e-42,0.351
FW_TWAS_rep_2,GCA_964527785.1,CAZGNO010000069.1,sucD,342,5.483e-106,0.606
FW_TWAS_rep_2,GCA_964527785.1,CAZGNO010000050.1,dppB,143,4.223e-38,0.285
FW_TWAS_rep_2,GCA_964527785.1,CAZGNO010000123.1,fadD,340,4.008e-102,0.398
FW_TWAS_rep_2,GCA_964527785.1,CAZGNO010000052.1,tdcB,79,2.252e-17,0.272
FW_TWAS_rep_2,GCA_044229175.1,JBGATM010000001.1,fadD,87,1.164e-19,0.269
FW_TWAS_rep_2,GCA_044229175.1,JBGATM010000013.1,lctC,53,2.591e-9,0.318
FW_TWAS_rep_2,GCA_044229175.1,JBGATM010000028.1,adhE,55,5.554e-10,0.242
FW_TWAS_rep_2,GCA_044229175.1,JBGATM010000002.1,fadD,122,2.935e-30,0.27
FW_TWAS_rep_2,GCA_044229175.1,JBGATM010000020.1,fadD,151,9.562e-40,0.289
FW_TWAS_rep_2,GCA_044229175.1,JBGATM010000002.1,etfB,169,1.513e-48,0.457
FW_TWAS_rep_2,GCA_044229175.1,JBGATM010000039.1,etfA,93,2.629e-21,0.381
FW_TWAS_rep_2,GCA_044229175.1,JBGATM010000032.1,frhB,48,5.661e-8,0.329
FW_TWAS_rep_2,GCA_044229175.1,JBGATM010000032.1,pfor,59,4.01e-11,0.257
FW_TWAS_rep_2,GCA_044229175.1,JBGATM010000004.1,adh,64,1.199e-13,0.308
FW_TWAS_rep_2,GCA_044229175.1,JBGATM010000012.1,fdhA,222,3.355e-60,0.284
FW_TWAS_rep_2,GCA_044229175.1,JBGATM010000013.1,fadD,204,1.623e-56,0.329
FW_TWAS_rep_2,GCA_044229175.1,JBGATM010000046.1,fadB,204,2.332e-60,0.397
FW_TWAS_rep_2,GCA_044229175.1,JBGATM010000006.1,adh,65,9.87e-14,0.349
FW_TWAS_rep_2,GCA_044229175.1,JBGATM010000017.1,hydA,107,4.645e-26,0.316
FW_TWAS_rep_2,GCA_044229175.1,JBGATM010000002.1,adhE,362,4.453e-111,0.479
FW_TWAS_rep_2,GCA_044229175.1,JBGATM010000039.1,fadB,428,8.225e-129,0.375
FW_TWAS_rep_2,GCA_044229175.1,JBGATM010000002.1,pgi,745,1.033e-241,0.686
FW_TWAS_rep_2,GCA_044229175.1,JBGATM010000046.1,fadA,304,7.677e-91,0.459
FW_TWAS_rep_2,GCA_044229175.1,JBGATM010000029.1,mmcE,683,3.886e-221,0.647
FW_TWAS_rep_2,GCA_044229175.1,JBGATM010000046.1,crt,232,2.327e-70,0.501
FW_TWAS_rep_2,GCA_044229175.1,JBGATM010000020.1,bcd,189,5.441e-53,0.366
FW_TWAS_rep_2,GCA_044229175.1,JBGATM010000013.1,pfor,320,2.109e-89,0.256
FW_TWAS_rep_2,GCA_044229175.1,JBGATM010000017.1,frhG,49,5.919e-9,0.268
FW_TWAS_rep_2,GCA_044229175.1,JBGATM010000002.1,pepN,72,8.756e-15,0.25
FW_TWAS_rep_2,GCA_044229175.1,JBGATM010000021.1,mdh,174,1.266e-49,0.404
FW_TWAS_rep_2,GCA_044229175.1,JBGATM010000016.1,fadE,233,1.911e-68,0.399
FW_TWAS_rep_2,GCA_044229175.1,JBGATM010000018.1,mvhG,41,2.145e-6,0.515
FW_TWAS_rep_2,GCA_044229175.1,JBGATM010000031.1,fadA,328,2.825e-101,0.477
FW_TWAS_rep_2,GCA_044229175.1,JBGATM010000025.1,ilvE,306,1.589e-93,0.493
FW_TWAS_rep_2,GCA_044229175.1,JBGATM010000024.1,pepT,150,4.903e-40,0.34
FW_TWAS_rep_2,GCA_044229175.1,JBGATM010000006.1,fwdA,55,3.154e-10,0.435
FW_TWAS_rep_2,GCA_044229175.1,JBGATM010000046.1,etfA,162,2.451e-46,0.433
FW_TWAS_rep_2,GCA_044229175.1,JBGATM010000002.1,oppB,261,9.72e-78,0.47
FW_TWAS_rep_2,GCA_044229175.1,JBGATM010000001.1,fadE,282,1.165e-85,0.432
FW_TWAS_rep_2,GCA_044229175.1,JBGATM010000010.1,pepO,595,4.479e-177,0.458
FW_TWAS_rep_2,GCA_044229175.1,JBGATM010000014.1,rnfB,44,1.089e-6,0.35
FW_TWAS_rep_2,GCA_044229175.1,JBGATM010000004.1,fadD,198,9.488e-55,0.334
FW_TWAS_rep_2,GCA_044229175.1,JBGATM010000001.1,bcd,355,1.167e-110,0.505
FW_TWAS_rep_2,GCA_044229175.1,JBGATM010000017.1,mvhG,42,1.965e-6,0.484
FW_TWAS_rep_2,GCA_044229175.1,JBGATM010000033.1,gdh,94,6.81e-22,0.269
FW_TWAS_rep_2,GCA_044229175.1,JBGATM010000002.1,dppC,227,6.299e-66,0.437
FW_TWAS_rep_2,GCA_044229175.1,JBGATM010000020.1,crt,146,2.381e-40,0.379
FW_TWAS_rep_2,GCA_044229175.1,JBGATM010000017.1,fdhA,80,1.326e-17,0.252
FW_TWAS_rep_2,GCA_044229175.1,JBGATM010000004.1,pfor,1461,0.0,0.63
FW_TWAS_rep_2,GCA_044229175.1,JBGATM010000003.1,dtpT,340,7.413e-104,0.44
FW_TWAS_rep_2,GCA_044229175.1,JBGATM010000009.1,pfor,46,6.287e-7,0.324
FW_TWAS_rep_2,GCA_044229175.1,JBGATM010000023.1,pyk,413,2.069e-129,0.509
FW_TWAS_rep_2,GCA_044229175.1,JBGATM010000018.1,frhG,44,2.079e-7,0.255
FW_TWAS_rep_2,GCA_044229175.1,JBGATM010000001.1,sucD,54,2.753e-9,0.296
FW_TWAS_rep_2,GCA_044229175.1,JBGATM010000020.1,acylglycerol_lipase,43,5.407e-6,0.229
FW_TWAS_rep_2,GCA_044229175.1,JBGATM010000001.1,pta,196,9.879e-57,0.417
FW_TWAS_rep_2,GCA_044229175.1,JBGATM010000039.1,crt,128,5.092e-32,0.34
FW_TWAS_rep_2,GCA_044229175.1,JBGATM010000014.1,frhG,43,1.903e-6,0.283
FW_TWAS_rep_2,GCA_044229175.1,JBGATM010000031.1,thl,355,8.556e-111,0.513
FW_TWAS_rep_2,GCA_044229175.1,JBGATM010000011.1,fdhA,252,4.127e-71,0.31
FW_TWAS_rep_2,GCA_044229175.1,JBGATM010000012.1,folD,335,2.086e-105,0.563
FW_TWAS_rep_2,GCA_044229175.1,JBGATM010000002.1,dppB,258,8.426e-79,0.449
FW_TWAS_rep_2,GCA_044229175.1,JBGATM010000001.1,mmcE,646,2.941e-208,0.625
FW_TWAS_rep_2,GCA_044229175.1,JBGATM010000001.1,lysophospholipase,46,3.556e-7,0.308
FW_TWAS_rep_2,GCA_044229175.1,JBGATM010000002.1,frhG,91,2.774e-23,0.345
FW_TWAS_rep_2,GCA_044229175.1,JBGATM010000002.1,frhA,151,1.115e-39,0.304
FW_TWAS_rep_2,GCA_044229175.1,JBGATM010000002.1,susC,44,3.005e-6,0.226
FW_TWAS_rep_2,GCA_044229175.1,JBGATM010000002.1,mvhA,452,2.611e-141,0.469
FW_TWAS_rep_2,GCA_044229175.1,JBGATM010000002.1,fdhA,53,6.057e-10,0.358
FW_TWAS_rep_2,GCA_044229175.1,JBGATM010000039.1,hbd,196,5.844e-53,0.314
FW_TWAS_rep_2,GCA_044229175.1,JBGATM010000001.1,acylglycerol_lipase,158,4.102e-44,0.381
FW_TWAS_rep_2,GCA_044229175.1,JBGATM010000005.1,cat,263,7.489e-78,0.592
FW_TWAS_rep_2,GCA_044229175.1,JBGATM010000004.1,acs,503,4.374e-154,0.425
FW_TWAS_rep_2,GCA_044229175.1,JBGATM010000004.1,dppA,143,2.604e-37,0.271
FW_TWAS_rep_2,GCA_044229175.1,JBGATM010000021.1,acs,106,6.051e-25,0.267
FW_TWAS_rep_2,GCA_044229175.1,JBGATM010000008.1,pfkA,216,3.209e-63,0.4
FW_TWAS_rep_2,GCA_044229175.1,JBGATM010000007.1,thl,417,4.55e-132,0.587
FW_TWAS_rep_2,GCA_044229175.1,JBGATM010000054.1,bcd,259,1.683e-71,0.387
FW_TWAS_rep_2,GCA_044229175.1,JBGATM010000007.1,fadA,313,2.134e-96,0.465
FW_TWAS_rep_2,GCA_044229175.1,JBGATM010000020.1,fadE,211,2.868e-60,0.402
FW_TWAS_rep_2,GCA_044229175.1,JBGATM010000019.1,fadB,372,4.12e-112,0.343
FW_TWAS_rep_2,GCA_044229175.1,JBGATM010000007.1,extracellular_protease,181,2.76e-50,0.375
FW_TWAS_rep_2,GCA_044229175.1,JBGATM010000008.1,pepQ,78,2.759e-17,0.316
FW_TWAS_rep_2,GCA_044229175.1,JBGATM010000008.1,fdhA,132,5.987e-33,0.256
FW_TWAS_rep_2,GCA_044229175.1,JBGATM010000013.1,etfA,80,7.013e-18,0.303
FW_TWAS_rep_2,GCA_044229175.1,JBGATM010000009.1,fdhA,519,1.975e-161,0.408
FW_TWAS_rep_2,GCA_044229175.1,JBGATM010000011.1,rnfB,46,3.265e-8,0.228
FW_TWAS_rep_2,GCA_044229175.1,JBGATM010000011.1,pepQ,98,5.033e-23,0.385
FW_TWAS_rep_2,GCA_044229175.1,JBGATM010000042.1,crt,61,9.694e-12,0.304
FW_TWAS_rep_2,GCA_044229175.1,JBGATM010000014.1,frhB,48,8.845e-8,0.378
FW_TWAS_rep_2,GCA_044229175.1,JBGATM010000002.1,aldh,422,8.308e-132,0.515
FW_TWAS_rep_2,GCA_044229175.1,JBGATM010000003.1,gdh,78,1.548e-17,0.273
FW_TWAS_rep_2,GCA_044229175.1,JBGATM010000002.1,acs,801,3.787e-260,0.615
FW_TWAS_rep_2,GCA_044229175.1,JBGATM010000029.1,extracellular_protease,173,7.59e-47,0.356
FW_TWAS_rep_2,GCA_044229175.1,JBGATM010000010.1,frhG,56,2.53e-10,0.303
FW_TWAS_rep_2,GCA_044229175.1,JBGATM010000009.1,pepT,43,3.627e-6,0.276
FW_TWAS_rep_2,GCA_044229175.1,JBGATM010000020.1,acs,196,1.878e-54,0.3
FW_TWAS_rep_2,GCA_044229175.1,JBGATM010000002.1,adh,63,7.381e-13,0.247
FW_TWAS_rep_2,GCA_044229175.1,JBGATM010000007.1,fadE,102,5.352e-24,0.298
FW_TWAS_rep_2,GCA_044229175.1,JBGATM010000019.1,etfA,79,3.047e-17,0.368
FW_TWAS_rep_2,GCA_044229175.1,JBGATM010000005.1,susC,44,3.053e-6,0.368
FW_TWAS_rep_2,GCA_044229175.1,JBGATM010000043.1,acylglycerol_lipase,64,4.868e-13,0.278
FW_TWAS_rep_2,GCA_044229175.1,JBGATM010000008.1,acylglycerol_lipase,46,3.271e-7,0.308
FW_TWAS_rep_2,GCA_044229175.1,JBGATM010000033.1,pepD,244,6.568e-75,0.595
FW_TWAS_rep_2,GCA_044229175.1,JBGATM010000033.1,frhG,53,5.723e-10,0.316
FW_TWAS_rep_2,GCA_044229175.1,JBGATM010000001.1,mmcG,123,4.433e-35,0.438
FW_TWAS_rep_2,GCA_044229175.1,JBGATM010000025.1,edd,246,6.034e-71,0.349
FW_TWAS_rep_2,GCA_044229175.1,JBGATM010000012.1,fadD,192,3.226e-53,0.322
FW_TWAS_rep_2,GCA_044229175.1,JBGATM010000026.1,fadD,83,2.429e-18,0.256
FW_TWAS_rep_2,GCA_044229175.1,JBGATM010000013.1,acs,181,7.641e-49,0.301
FW_TWAS_rep_2,GCA_044229175.1,JBGATM010000004.1,pepD,44,1.811e-6,0.283
FW_TWAS_rep_2,GCA_044229175.1,JBGATM010000013.1,rnfB,78,1.289e-17,0.288
FW_TWAS_rep_2,GCA_044229175.1,JBGATM010000008.1,pfor,45,1.668e-6,0.28
FW_TWAS_rep_2,GCA_044229175.1,JBGATM010000012.1,fadE,218,5.813e-64,0.388
FW_TWAS_rep_2,GCA_044229175.1,JBGATM010000019.1,hbd,233,1.175e-65,0.443
FW_TWAS_rep_2,GCA_044229175.1,JBGATM010000022.1,sucC,378,8.716e-118,0.52
FW_TWAS_rep_2,GCA_044229175.1,JBGATM010000030.1,extracellular_protease,148,4.239e-39,0.438
FW_TWAS_rep_2,GCA_044229175.1,JBGATM010000012.1,bcd,223,1.408e-65,0.37
FW_TWAS_rep_2,GCA_044229175.1,JBGATM010000015.1,fwdA,48,5.572e-8,0.442
FW_TWAS_rep_2,GCA_044229175.1,JBGATM010000010.1,tdcB,226,2.615e-67,0.45
FW_TWAS_rep_2,GCA_044229175.1,JBGATM010000012.1,rnfB,44,9.33e-7,0.342
FW_TWAS_rep_2,GCA_044229175.1,JBGATM010000021.1,fadD,137,1.943e-34,0.294
FW_TWAS_rep_2,GCA_044229175.1,JBGATM010000012.1,acs,140,2.294e-36,0.276
FW_TWAS_rep_2,GCA_044229175.1,JBGATM010000002.1,mvhG,123,3.814e-34,0.365
FW_TWAS_rep_2,GCA_044229175.1,JBGATM010000054.1,acs,82,3.445e-18,0.25
FW_TWAS_rep_2,GCA_044229175.1,JBGATM010000006.1,ilvE,86,2.35e-19,0.307
FW_TWAS_rep_2,GCA_044229175.1,JBGATM010000029.1,fhs,646,3.786e-208,0.595
FW_TWAS_rep_2,GCA_044229175.1,JBGATM010000021.1,tdcB,180,8.843e-52,0.394
FW_TWAS_rep_2,GCA_044229175.1,JBGATM010000022.1,sucD,296,1.895e-92,0.62
FW_TWAS_rep_2,GCA_044229175.1,JBGATM010000036.1,gapA,350,3.797e-110,0.535
FW_TWAS_rep_2,GCA_044229175.1,JBGATM010000009.1,fadE,204,1.494e-56,0.369
FW_TWAS_rep_2,GCA_044229175.1,JBGATM010000009.1,bcd,216,1.985e-60,0.355
FW_TWAS_rep_2,GCA_044229175.1,JBGATM010000025.1,pepQ,80,3.846e-17,0.335
FW_TWAS_rep_2,GCA_044229175.1,JBGATM010000006.1,gdh,904,6.801e-283,0.412
FW_TWAS_rep_2,GCA_044229175.1,JBGATM010000013.1,crt,116,1.703e-29,0.356
FW_TWAS_rep_2,GCA_044229175.1,JBGATM010000002.1,crt,187,3.897e-55,0.446
FW_TWAS_rep_2,GCA_044229175.1,JBGATM010000017.1,frhB,42,1.91e-6,0.272
FW_TWAS_rep_2,GCA_044229175.1,JBGATM010000054.1,fadE,223,1.838e-60,0.336
FW_TWAS_rep_2,GCA_044229175.1,JBGATM010000014.1,pepT,57,1.354e-10,0.238
FW_TWAS_rep_2,GCA_044229175.1,JBGATM010000008.1,frhB,43,2.587e-6,0.413
FW_TWAS_rep_2,GCA_044229175.1,JBGATM010000053.1,lipase,49,6.705e-8,0.322
FW_TWAS_rep_2,GCA_044229175.1,JBGATM010000018.1,esterase,208,1.714e-57,0.337
FW_TWAS_rep_2,GCA_044229175.1,JBGATM010000002.1,oppA,141,1.886e-36,0.243
FW_TWAS_rep_2,GCA_044229175.1,JBGATM010000008.1,crt,88,3.47e-20,0.346
FW_TWAS_rep_2,GCA_044229175.1,JBGATM010000002.1,xylB,156,1.672e-41,0.305
FW_TWAS_rep_2,GCA_044229175.1,JBGATM010000011.1,hydA,48,1.332e-8,0.4
FW_TWAS_rep_2,GCA_044229175.1,JBGATM010000048.1,fdhA,240,7.388e-68,0.304
FW_TWAS_rep_2,GCA_044229175.1,JBGATM010000046.1,thl,339,5.988e-103,0.479
FW_TWAS_rep_2,GCA_044229175.1,JBGATM010000003.1,pepA,364,1.018e-110,0.516
FW_TWAS_rep_2,GCA_044229175.1,JBGATM010000042.1,etfA,48,9.31e-8,0.284
FW_TWAS_rep_2,GCA_044229175.1,JBGATM010000002.1,xylA,112,2.559e-28,0.303
FW_TWAS_rep_2,GCA_044229175.1,JBGATM010000016.1,pfkA,123,1.202e-31,0.289
FW_TWAS_rep_2,GCA_044229175.1,JBGATM010000002.1,fadB,106,1.726e-27,0.366
FW_TWAS_rep_2,GCA_044229175.1,JBGATM010000002.1,etfA,212,1.396e-59,0.448
FW_TWAS_rep_2,GCA_044229175.1,JBGATM010000031.1,mmcF,184,2.686e-53,0.674
FW_TWAS_rep_2,GCA_044229175.1,JBGATM010000010.1,mvhA,124,3.997e-31,0.257
FW_TWAS_rep_2,GCA_044229175.1,JBGATM010000002.1,dppA,148,1.953e-38,0.257
FW_TWAS_rep_2,GCA_044229175.1,JBGATM010000055.1,tdcB,69,6.696e-15,0.269
FW_TWAS_rep_2,GCA_044229175.1,JBGATM010000004.1,oppA,111,3.314e-27,0.272
FW_TWAS_rep_2,GCA_044229175.1,JBGATM010000046.1,hbd,294,2.145e-91,0.512
FW_TWAS_rep_2,GCA_044229175.1,JBGATM010000006.1,fdhA,463,2.598e-145,0.448
FW_TWAS_rep_2,GCA_044229175.1,JBGATM010000010.1,frhA,109,2.42e-26,0.246
FW_TWAS_rep_2,GCA_044229175.1,JBGATM010000033.1,dtpT,414,1.343e-129,0.493
FW_TWAS_rep_2,GCA_044229175.1,JBGATM010000003.1,tdcB,277,6.495e-84,0.496
FW_TWAS_rep_2,GCA_044229175.1,JBGATM010000056.1,pepN,153,5.763e-41,0.295
FW_TWAS_rep_2,GCA_044229175.1,JBGATM010000001.1,acs,53,3.742e-9,0.25
FW_TWAS_rep_2,GCA_044229175.1,JBGATM010000006.1,pepQ,122,3.999e-30,0.288
FW_TWAS_rep_2,GCA_044229175.1,JBGATM010000005.1,pepN,68,1.742e-13,0.25
FW_TWAS_rep_2,GCA_044229175.1,JBGATM010000006.1,eda,180,8.699e-53,0.422
FW_TWAS_rep_2,GCA_044229175.1,JBGATM010000019.1,crt,142,1.571e-36,0.345
FW_TWAS_rep_2,GCA_044229175.1,JBGATM010000023.1,tdcB,65,3.154e-13,0.276
FW_TWAS_rep_2,GCA_044229175.1,JBGATM010000003.1,oppA,82,1.905e-18,0.234
FW_TWAS_rep_2,GCA_044229175.1,JBGATM010000013.1,fadB,76,9.268e-17,0.266
FW_TWAS_rep_2,GCA_044229175.1,JBGATM010000016.1,bcd,149,4.411e-40,0.302
FW_TWAS_rep_2,GCA_044229175.1,JBGATM010000007.1,pepD,60,5.552e-12,0.256
FW_TWAS_rep_2,GCA_044229175.1,JBGATM010000008.1,rnfB,44,1.122e-6,0.342
FW_TWAS_rep_2,GCA_044229175.1,JBGATM010000001.1,extracellular_protease,141,2.428e-37,0.338
FW_TWAS_rep_2,GCA_044229175.1,JBGATM010000025.1,fdhA,221,1.147e-61,0.284
FW_TWAS_rep_2,GCA_044229175.1,JBGATM010000054.1,fadD,389,4.408e-119,0.415
FW_TWAS_rep_2,GCA_044229175.1,JBGATM010000006.1,hydA,86,6.81e-20,0.279
FW_TWAS_rep_2,GCA_044229175.1,JBGATM010000033.1,mvhG,46,9.84e-8,0.274
FW_TWAS_rep_2,GCA_044229175.1,JBGATM010000027.1,pepQ,91,3.473e-21,0.345
FW_TWAS_rep_2,GCA_963748985.1,CAVVKQ010000015.1,glcP,191,6.304e-54,0.346
FW_TWAS_rep_2,GCA_963748985.1,CAVVKQ010000012.1,pfor,66,9.514e-14,0.303
FW_TWAS_rep_2,GCA_963748985.1,CAVVKQ010000026.1,bcd,212,1.586e-61,0.343
FW_TWAS_rep_2,GCA_963748985.1,CAVVKQ010000005.1,pepQ,55,1.26e-10,0.268
FW_TWAS_rep_2,GCA_963748985.1,CAVVKQ010000023.1,frhB,49,1.694e-8,0.367
FW_TWAS_rep_2,GCA_963748985.1,CAVVKQ010000013.1,thl,374,1.036e-116,0.563
FW_TWAS_rep_2,GCA_963748985.1,CAVVKQ010000010.1,etfA,105,5.103e-25,0.413
FW_TWAS_rep_2,GCA_963748985.1,CAVVKQ010000003.1,etfA,82,1.738e-19,0.285
FW_TWAS_rep_2,GCA_963748985.1,CAVVKQ010000002.1,etfA,101,5.561e-25,0.33
FW_TWAS_rep_2,GCA_963748985.1,CAVVKQ010000001.1,thl,269,1.307e-79,0.443
FW_TWAS_rep_2,GCA_963748985.1,CAVVKQ010000015.1,fadD,133,6.627e-35,0.456
FW_TWAS_rep_2,GCA_963748985.1,CAVVKQ010000021.1,fadB,82,5.542e-19,0.381
FW_TWAS_rep_2,GCA_963748985.1,CAVVKQ010000010.1,fadB,374,8.227e-112,0.363
FW_TWAS_rep_2,GCA_963748985.1,CAVVKQ010000011.1,ilvE,82,7.717e-19,0.311
FW_TWAS_rep_2,GCA_963748985.1,CAVVKQ010000013.1,fadD,74,1.037e-15,0.252
FW_TWAS_rep_2,GCA_963748985.1,CAVVKQ010000002.1,pepD,51,6.129e-9,0.264
FW_TWAS_rep_2,GCA_963748985.1,CAVVKQ010000014.1,cazy_GH13,74,1.935e-15,0.269
FW_TWAS_rep_2,GCA_963748985.1,CAVVKQ010000023.1,cdhC,41,6.113e-6,0.446
FW_TWAS_rep_2,GCA_963748985.1,CAVVKQ010000022.1,bcd,145,1.265e-37,0.327
FW_TWAS_rep_2,GCA_963748985.1,CAVVKQ010000019.1,fdhA,48,4.906e-8,0.433
FW_TWAS_rep_2,GCA_963748985.1,CAVVKQ010000001.1,fadE,335,6.089e-104,0.454
FW_TWAS_rep_2,GCA_963748985.1,CAVVKQ010000010.1,dppC,241,5.095e-73,0.459
FW_TWAS_rep_2,GCA_963748985.1,CAVVKQ010000001.1,tdcB,69,1.03e-14,0.27
FW_TWAS_rep_2,GCA_963748985.1,CAVVKQ010000019.1,frhG,88,8.64e-22,0.327
FW_TWAS_rep_2,GCA_963748985.1,CAVVKQ010000008.1,adhE,56,3.24e-10,0.231
FW_TWAS_rep_2,GCA_963748985.1,CAVVKQ010000020.1,pyk,354,2.587e-108,0.436
FW_TWAS_rep_2,GCA_963748985.1,CAVVKQ010000011.1,pepQ,169,2.659e-46,0.327
FW_TWAS_rep_2,GCA_963748985.1,CAVVKQ010000015.1,acs,83,8.236e-19,0.279
FW_TWAS_rep_2,GCA_963748985.1,CAVVKQ010000015.1,fadE,112,4.262e-27,0.294
FW_TWAS_rep_2,GCA_963748985.1,CAVVKQ010000020.1,fadE,264,1.661e-79,0.456
FW_TWAS_rep_2,GCA_963748985.1,CAVVKQ010000003.1,thl,234,5.118e-69,0.431
FW_TWAS_rep_2,GCA_963748985.1,CAVVKQ010000024.1,fdhA,191,2.038e-51,0.254
FW_TWAS_rep_2,GCA_963748985.1,CAVVKQ010000023.1,rnfB,182,1.19e-51,0.592
FW_TWAS_rep_2,GCA_963748985.1,CAVVKQ010000012.1,fadE,385,3.656e-120,0.524
FW_TWAS_rep_2,GCA_963748985.1,CAVVKQ010000013.1,fadA,327,1.734e-99,0.508
FW_TWAS_rep_2,GCA_963748985.1,CAVVKQ010000027.1,pepA,282,2.331e-84,0.425
FW_TWAS_rep_2,GCA_963748985.1,CAVVKQ010000001.1,adhE,128,2.122e-33,0.277
FW_TWAS_rep_2,GCA_963748985.1,CAVVKQ010000001.1,pyk,140,6.147e-36,0.42
FW_TWAS_rep_2,GCA_963748985.1,CAVVKQ010000010.1,frhG,47,1.39e-8,0.333
FW_TWAS_rep_2,GCA_963748985.1,CAVVKQ010000014.1,agl,76,1.372e-16,0.239
FW_TWAS_rep_2,GCA_963748985.1,CAVVKQ010000015.1,eda,193,4.436e-58,0.549
FW_TWAS_rep_2,GCA_963748985.1,CAVVKQ010000003.1,fadA,276,1.798e-83,0.47
FW_TWAS_rep_2,GCA_963748985.1,CAVVKQ010000026.1,fadE,175,4.309e-49,0.336
FW_TWAS_rep_2,GCA_963748985.1,CAVVKQ010000012.1,fadD,204,1.842e-57,0.318
FW_TWAS_rep_2,GCA_963748985.1,CAVVKQ010000022.1,fadD,130,6.706e-33,0.281
FW_TWAS_rep_2,GCA_963748985.1,CAVVKQ010000002.1,hydA,45,6.753e-7,0.364
FW_TWAS_rep_2,GCA_963748985.1,CAVVKQ010000015.1,pfkA,46,1.554e-7,0.271
FW_TWAS_rep_2,GCA_963748985.1,CAVVKQ010000001.1,fadD,218,1.665e-61,0.332
FW_TWAS_rep_2,GCA_963748985.1,CAVVKQ010000020.1,crt,121,1.322e-32,0.324
FW_TWAS_rep_2,GCA_963748985.1,CAVVKQ010000002.1,frhB,42,3.59e-6,0.423
FW_TWAS_rep_2,GCA_963748985.1,CAVVKQ010000010.1,crt,118,5.255e-29,0.396
FW_TWAS_rep_2,GCA_963748985.1,CAVVKQ010000010.1,fadD,224,1.03e-63,0.333
FW_TWAS_rep_2,GCA_963748985.1,CAVVKQ010000013.1,mmcE,298,9.172e-84,0.363
FW_TWAS_rep_2,GCA_963748985.1,CAVVKQ010000016.1,sucD,396,9.474e-126,0.666
FW_TWAS_rep_2,GCA_963748985.1,CAVVKQ010000012.1,adhE,198,8.382e-57,0.39
FW_TWAS_rep_2,GCA_963748985.1,CAVVKQ010000011.1,fumB,258,9.886e-76,0.373
FW_TWAS_rep_2,GCA_963748985.1,CAVVKQ010000024.1,hydA,84,1.564e-18,0.286
FW_TWAS_rep_2,GCA_963748985.1,CAVVKQ010000004.1,pepO,768,1.58e-246,0.559
FW_TWAS_rep_2,GCA_963748985.1,CAVVKQ010000026.1,extracellular_protease,69,9.615e-14,0.321
FW_TWAS_rep_2,GCA_963748985.1,CAVVKQ010000016.1,sucC,366,7.558e-115,0.522
FW_TWAS_rep_2,GCA_963748985.1,CAVVKQ010000001.1,bcd,235,1.712e-69,0.364
FW_TWAS_rep_2,GCA_963748985.1,CAVVKQ010000020.1,hbd,119,5.644e-30,0.367
FW_TWAS_rep_2,GCA_963748985.1,CAVVKQ010000013.1,gdh,1536,0.0,0.527
FW_TWAS_rep_2,GCA_963748985.1,CAVVKQ010000019.1,mvhA,420,2.64e-131,0.431
FW_TWAS_rep_2,GCA_963748985.1,CAVVKQ010000013.1,bcd,107,1.323e-25,0.268
FW_TWAS_rep_2,GCA_963748985.1,CAVVKQ010000011.1,pta,235,8.524e-67,0.494
FW_TWAS_rep_2,GCA_963748985.1,CAVVKQ010000001.1,mmcE,341,2.044e-103,0.385
FW_TWAS_rep_2,GCA_963748985.1,CAVVKQ010000007.1,dppA,290,1.226e-85,0.332
FW_TWAS_rep_2,GCA_963748985.1,CAVVKQ010000003.1,acs,110,1.147e-26,0.261
FW_TWAS_rep_2,GCA_963748985.1,CAVVKQ010000015.1,edd,794,2.498e-258,0.671
FW_TWAS_rep_2,GCA_963748985.1,CAVVKQ010000011.1,aldh,55,5.688e-10,0.241
FW_TWAS_rep_2,GCA_963748985.1,CAVVKQ010000012.1,frhG,47,9.4e-8,0.292
FW_TWAS_rep_2,GCA_963748985.1,CAVVKQ010000005.1,pgi,559,2.311e-178,0.549
FW_TWAS_rep_2,GCA_963748985.1,CAVVKQ010000013.1,fadE,134,6.929e-34,0.32
FW_TWAS_rep_2,GCA_963748985.1,CAVVKQ010000003.1,crt,171,1.577e-49,0.411
FW_TWAS_rep_2,GCA_963748985.1,CAVVKQ010000001.1,frhG,42,8.886e-6,0.363
FW_TWAS_rep_2,GCA_963748985.1,CAVVKQ010000001.1,acs,156,3.138e-41,0.295
FW_TWAS_rep_2,GCA_963748985.1,CAVVKQ010000006.1,rnfB,46,1.025e-7,0.367
FW_TWAS_rep_2,GCA_963748985.1,CAVVKQ010000010.1,dppB,290,9.149e-90,0.508
FW_TWAS_rep_2,GCA_963748985.1,CAVVKQ010000001.1,lctB,66,1.144e-12,0.254
FW_TWAS_rep_2,GCA_963748985.1,CAVVKQ010000008.1,fadA,218,5.45e-63,0.374
FW_TWAS_rep_2,GCA_963748985.1,CAVVKQ010000001.1,mvhD,49,8.119e-8,0.282
FW_TWAS_rep_2,GCA_963748985.1,CAVVKQ010000012.1,bcd,233,5.65e-68,0.359
FW_TWAS_rep_2,GCA_963748985.1,CAVVKQ010000015.1,agl,105,3.265e-25,0.272
FW_TWAS_rep_2,GCA_963748985.1,CAVVKQ010000002.1,crt,156,2.458e-43,0.379
FW_TWAS_rep_2,GCA_963748985.1,CAVVKQ010000002.1,fadE,252,2.409e-71,0.457
FW_TWAS_rep_2,GCA_963748985.1,CAVVKQ010000012.1,hydA,93,1.134e-21,0.297
FW_TWAS_rep_2,GCA_963748985.1,CAVVKQ010000008.1,dtpT,47,3.918e-7,0.294
FW_TWAS_rep_2,GCA_963748985.1,CAVVKQ010000020.1,etfA,64,2.259e-13,0.271
FW_TWAS_rep_2,GCA_963748985.1,CAVVKQ010000026.1,crt,50,5.049e-9,0.417
FW_TWAS_rep_2,GCA_963748985.1,CAVVKQ010000019.1,hydA,71,3.572e-15,0.241
FW_TWAS_rep_2,GCA_963748985.1,CAVVKQ010000022.1,mer,55,4.261e-10,0.245
FW_TWAS_rep_2,GCA_963748985.1,CAVVKQ010000020.1,bcd,242,6.219e-72,0.374
FW_TWAS_rep_2,GCA_963748985.1,CAVVKQ010000003.1,fadB,442,1.76e-135,0.392
FW_TWAS_rep_2,GCA_963748985.1,CAVVKQ010000001.1,dtpT,322,1.133e-97,0.419
FW_TWAS_rep_2,GCA_963748985.1,CAVVKQ010000010.1,oppB,309,2.609e-96,0.545
FW_TWAS_rep_2,GCA_963748985.1,CAVVKQ010000026.1,tdcB,78,6.072e-17,0.314
FW_TWAS_rep_2,GCA_963748985.1,CAVVKQ010000015.1,mdh,182,4.009e-52,0.43
FW_TWAS_rep_2,GCA_963748985.1,CAVVKQ010000021.1,etfA,73,6.109e-16,0.404
FW_TWAS_rep_2,GCA_963748985.1,CAVVKQ010000027.1,edd,220,2.195e-62,0.335
FW_TWAS_rep_2,GCA_963748985.1,CAVVKQ010000025.1,dtpT,421,2.006e-131,0.483
FW_TWAS_rep_2,GCA_963748985.1,CAVVKQ010000022.1,acs,130,3.788e-33,0.267
FW_TWAS_rep_2,GCA_963748985.1,CAVVKQ010000001.1,etfA,138,3.796e-38,0.426
FW_TWAS_rep_2,GCA_963748985.1,CAVVKQ010000023.1,pepA,229,9.547e-66,0.367
FW_TWAS_rep_2,GCA_963748985.1,CAVVKQ010000004.1,acs,834,1.439e-270,0.617
FW_TWAS_rep_2,GCA_963748985.1,CAVVKQ010000002.1,rnfB,49,3.151e-8,0.409
FW_TWAS_rep_2,GCA_963748985.1,CAVVKQ010000012.1,frhA,101,4.805e-24,0.229
FW_TWAS_rep_2,GCA_963748985.1,CAVVKQ010000011.1,fadE,93,1.763e-21,0.276
FW_TWAS_rep_2,GCA_963748985.1,CAVVKQ010000001.1,mmcF,96,1.264e-25,0.479
FW_TWAS_rep_2,GCA_963748985.1,CAVVKQ010000026.1,pepD,51,6.129e-9,0.26
FW_TWAS_rep_2,GCA_963748985.1,CAVVKQ010000012.1,acs,168,1.419e-45,0.28
FW_TWAS_rep_2,GCA_963748985.1,CAVVKQ010000020.1,pfkA,61,8.97e-12,0.25
FW_TWAS_rep_2,GCA_963748985.1,CAVVKQ010000012.1,mvhA,109,2.305e-26,0.231
FW_TWAS_rep_2,GCA_963748985.1,CAVVKQ010000015.1,cazy_GH13,136,6.672e-35,0.335
FW_TWAS_rep_2,GCA_963748985.1,CAVVKQ010000011.1,adhE,54,1.311e-9,0.247
FW_TWAS_rep_2,GCA_963748985.1,CAVVKQ010000007.1,oppA,375,1.677e-114,0.395
FW_TWAS_rep_2,GCA_963748985.1,CAVVKQ010000001.1,lysophospholipase,78,6.171e-18,0.285
FW_TWAS_rep_2,GCA_963748985.1,CAVVKQ010000008.1,thl,214,6.394e-62,0.376
FW_TWAS_rep_2,GCA_963748985.1,CAVVKQ010000003.1,sucC,366,7.558e-115,0.525
FW_TWAS_rep_2,GCA_963748985.1,CAVVKQ010000015.1,bcd,135,4.29e-34,0.305
FW_TWAS_rep_2,GCA_963748985.1,CAVVKQ010000010.1,hbd,191,1.045e-51,0.429
FW_TWAS_rep_2,GCA_963748985.1,CAVVKQ010000012.1,fdhA,46,2.493e-7,0.305
FW_TWAS_rep_2,GCA_963748985.1,CAVVKQ010000019.1,frhA,141,4.734e-37,0.283
FW_TWAS_rep_2,GCA_963748985.1,CAVVKQ010000002.1,fadB,97,8.136e-24,0.314
FW_TWAS_rep_2,GCA_963748985.1,CAVVKQ010000012.1,frhB,41,2.028e-6,0.295
FW_TWAS_rep_2,GCA_963748985.1,CAVVKQ010000023.1,pfor,42,8.324e-6,0.329
FW_TWAS_rep_2,GCA_963748985.1,CAVVKQ010000001.1,fadB,856,3.329e-277,0.605
FW_TWAS_rep_2,GCA_963748985.1,CAVVKQ010000003.1,sucD,397,3.628e-126,0.67
FW_TWAS_rep_2,GCA_963748985.1,CAVVKQ010000024.1,frhG,42,3.604e-6,0.258
FW_TWAS_rep_2,GCA_963748985.1,CAVVKQ010000019.1,mvhG,128,1.115e-35,0.425
FW_TWAS_rep_2,GCA_963748985.1,CAVVKQ010000001.1,crt,163,6.165e-47,0.409
FW_TWAS_rep_2,GCA_963748985.1,CAVVKQ010000010.1,acs,155,3.656e-41,0.3
FW_TWAS_rep_2,GCA_963748985.1,CAVVKQ010000003.1,fadD,198,1.342e-54,0.336
FW_TWAS_rep_2,GCA_963748985.1,CAVVKQ010000021.1,crt,125,4.869e-33,0.37
FW_TWAS_rep_2,GCA_963748985.1,CAVVKQ010000020.1,fadB,87,1.041e-19,0.302
FW_TWAS_rep_2,GCA_963748985.1,CAVVKQ010000013.1,adh,58,1.971e-11,0.293
FW_TWAS_rep_2,GCA_963748985.1,CAVVKQ010000022.1,fadE,236,1.597e-67,0.419
FW_TWAS_rep_2,GCA_963748985.1,CAVVKQ010000020.1,gapA,444,1.387e-142,0.648
FW_TWAS_rep_2,GCA_963748985.1,CAVVKQ010000004.1,fadD,136,1.123e-34,0.284
FW_TWAS_rep_2,GCA_963748985.1,CAVVKQ010000013.1,acs,262,2.507e-75,0.305
FW_TWAS_rep_2,GCA_963748985.1,CAVVKQ010000001.1,acylglycerol_lipase,226,2.468e-68,0.442
FW_TWAS_rep_2,GCA_963748985.1,CAVVKQ010000001.1,hbd,202,4.603e-55,0.409
FW_TWAS_rep_2,GCA_963748985.1,CAVVKQ010000001.1,fadA,353,1.867e-108,0.524
FW_TWAS_rep_2,GCA_963748985.1,CAVVKQ010000003.1,hbd,215,1.982e-59,0.435
FW_TWAS_rep_2,GCA_963748985.1,CAVVKQ010000002.1,bcd,258,2.025e-73,0.403
FW_TWAS_rep_2,GCA_044224815.1,JBGAJR010000004.1,ilvE,161,1.097e-43,0.362
FW_TWAS_rep_2,GCA_044224815.1,JBGAJR010000026.1,lysophospholipase,78,6.946e-18,0.295
FW_TWAS_rep_2,GCA_044224815.1,JBGAJR010000015.1,crt,112,1.067e-26,0.36
FW_TWAS_rep_2,GCA_044224815.1,JBGAJR010000015.1,hbd,212,4.674e-57,0.428
FW_TWAS_rep_2,GCA_044224815.1,JBGAJR010000034.1,crt,202,1.585e-56,0.476
FW_TWAS_rep_2,GCA_044224815.1,JBGAJR010000003.1,fdhA,51,7.05e-9,0.436
FW_TWAS_rep_2,GCA_044224815.1,JBGAJR010000039.1,fadD,147,7.014e-39,0.321
FW_TWAS_rep_2,GCA_044224815.1,JBGAJR010000004.1,pepT,48,1.928e-7,0.313
FW_TWAS_rep_2,GCA_044224815.1,JBGAJR010000083.1,dppA,149,1.587e-38,0.274
FW_TWAS_rep_2,GCA_044224815.1,JBGAJR010000013.1,fadA,309,2.031e-94,0.465
FW_TWAS_rep_2,GCA_044224815.1,JBGAJR010000050.1,fadD,172,4.647e-46,0.318
FW_TWAS_rep_2,GCA_044224815.1,JBGAJR010000016.1,acylglycerol_lipase,53,3.507e-9,0.309
FW_TWAS_rep_2,GCA_044224815.1,JBGAJR010000025.1,hydA,107,1.916e-25,0.309
FW_TWAS_rep_2,GCA_044224815.1,JBGAJR010000042.1,acs,126,5.245e-32,0.254
FW_TWAS_rep_2,GCA_044224815.1,JBGAJR010000034.1,fadB,113,7.848e-28,0.36
FW_TWAS_rep_2,GCA_044224815.1,JBGAJR010000020.1,adhE,195,1.491e-55,0.352
FW_TWAS_rep_2,GCA_044224815.1,JBGAJR010000037.1,lysophospholipase,44,6.709e-7,0.275
FW_TWAS_rep_2,GCA_044224815.1,JBGAJR010000006.1,pfkA,87,8.901e-20,0.254
FW_TWAS_rep_2,GCA_044224815.1,JBGAJR010000019.1,thl,400,2.525e-126,0.563
FW_TWAS_rep_2,GCA_044224815.1,JBGAJR010000023.1,bcd,115,3.002e-28,0.293
FW_TWAS_rep_2,GCA_044224815.1,JBGAJR010000009.1,crt,126,1.682e-31,0.427
FW_TWAS_rep_2,GCA_044224815.1,JBGAJR010000006.1,crt,126,6.416e-32,0.366
FW_TWAS_rep_2,GCA_044224815.1,JBGAJR010000002.1,fadD,201,1.948e-54,0.35
FW_TWAS_rep_2,GCA_044224815.1,JBGAJR010000040.1,etfA,166,4.897e-48,0.456
FW_TWAS_rep_2,GCA_044224815.1,JBGAJR010000065.1,pepO,497,2.461e-154,0.422
FW_TWAS_rep_2,GCA_044224815.1,JBGAJR010000040.1,fadB,179,3.083e-51,0.388
FW_TWAS_rep_2,GCA_044224815.1,JBGAJR010000053.1,acs,92,1.892e-20,0.247
FW_TWAS_rep_2,GCA_044224815.1,JBGAJR010000020.1,fadD,170,4.977e-46,0.316
FW_TWAS_rep_2,GCA_044224815.1,JBGAJR010000007.1,bcd,305,1.051e-92,0.444
FW_TWAS_rep_2,GCA_044224815.1,JBGAJR010000117.1,acs,139,1.606e-35,0.305
FW_TWAS_rep_2,GCA_044224815.1,JBGAJR010000030.1,pfor,1388,0.0,0.613
FW_TWAS_rep_2,GCA_044224815.1,JBGAJR010000006.1,mmcE,725,2.357e-235,0.649
FW_TWAS_rep_2,GCA_044224815.1,JBGAJR010000003.1,cazy_GH5,79,3.054e-17,0.276
FW_TWAS_rep_2,GCA_044224815.1,JBGAJR010000006.1,fadB,132,5.218e-33,0.339
FW_TWAS_rep_2,GCA_044224815.1,JBGAJR010000039.1,acs,192,1.213e-53,0.322
FW_TWAS_rep_2,GCA_044224815.1,JBGAJR010000005.1,etfA,85,2.741e-20,0.309
FW_TWAS_rep_2,GCA_044224815.1,JBGAJR010000005.1,acs,107,8.313e-26,0.248
FW_TWAS_rep_2,GCA_044224815.1,JBGAJR010000042.1,hbd,120,9.648e-30,0.322
FW_TWAS_rep_2,GCA_044224815.1,JBGAJR010000006.1,mdh,253,1.036e-74,0.467
FW_TWAS_rep_2,GCA_044224815.1,JBGAJR010000045.1,lipase,95,7.636e-22,0.301
FW_TWAS_rep_2,GCA_044224815.1,JBGAJR010000086.1,adh,45,2.154e-7,0.261
FW_TWAS_rep_2,GCA_044224815.1,JBGAJR010000012.1,acs,60,2.486e-11,0.237
FW_TWAS_rep_2,GCA_044224815.1,JBGAJR010000014.1,dppB,121,4.31e-30,0.353
FW_TWAS_rep_2,GCA_044224815.1,JBGAJR010000006.1,sucD,344,8.296e-109,0.602
FW_TWAS_rep_2,GCA_044224815.1,JBGAJR010000007.1,cat,285,1.201e-89,0.641
FW_TWAS_rep_2,GCA_044224815.1,JBGAJR010000107.1,lysophospholipase,52,4.578e-9,0.277
FW_TWAS_rep_2,GCA_044224815.1,JBGAJR010000003.1,lipase,74,1.845e-15,0.25
FW_TWAS_rep_2,GCA_044224815.1,JBGAJR010000034.1,lysophospholipase,43,1.371e-6,0.293
FW_TWAS_rep_2,GCA_044224815.1,JBGAJR010000033.1,pepA,367,3.711e-112,0.49
FW_TWAS_rep_2,GCA_044224815.1,JBGAJR010000003.1,mvhA,434,2.308e-136,0.461
FW_TWAS_rep_2,GCA_044224815.1,JBGAJR010000050.1,oppB,117,6.818e-29,0.31
FW_TWAS_rep_2,GCA_044224815.1,JBGAJR010000020.1,acs,119,1.22e-29,0.267
FW_TWAS_rep_2,GCA_044224815.1,JBGAJR010000036.1,rnfB,44,2.371e-6,0.318
FW_TWAS_rep_2,GCA_044224815.1,JBGAJR010000001.1,dtpT,407,4.969e-126,0.43
FW_TWAS_rep_2,GCA_044224815.1,JBGAJR010000013.1,gdh,398,5.198e-124,0.476
FW_TWAS_rep_2,GCA_044224815.1,JBGAJR010000051.1,acs,77,1.526e-16,0.238
FW_TWAS_rep_2,GCA_044224815.1,JBGAJR010000013.1,fadE,174,9.122e-48,0.339
FW_TWAS_rep_2,GCA_044224815.1,JBGAJR010000041.1,pepQ,76,2.174e-16,0.304
FW_TWAS_rep_2,GCA_044224815.1,JBGAJR010000117.1,fadD,178,1.241e-47,0.333
FW_TWAS_rep_2,GCA_044224815.1,JBGAJR010000040.1,extracellular_protease,224,2.659e-63,0.421
FW_TWAS_rep_2,GCA_044224815.1,JBGAJR010000007.1,fadE,337,1.115e-103,0.51
FW_TWAS_rep_2,GCA_044224815.1,JBGAJR010000086.1,endopeptidase,264,2.005e-74,0.508
FW_TWAS_rep_2,GCA_044224815.1,JBGAJR010000011.1,etfA,118,2.076e-31,0.348
FW_TWAS_rep_2,GCA_044224815.1,JBGAJR010000008.1,pfkA,228,3.865e-62,0.428
FW_TWAS_rep_2,GCA_044224815.1,JBGAJR010000025.1,mer,60,1.545e-11,0.257
FW_TWAS_rep_2,GCA_044224815.1,JBGAJR010000008.1,pgi,711,5.539e-228,0.656
FW_TWAS_rep_2,GCA_044224815.1,JBGAJR010000004.1,mmcF,180,5.154e-55,0.649
FW_TWAS_rep_2,GCA_044224815.1,JBGAJR010000015.1,fadA,248,2.647e-73,0.406
FW_TWAS_rep_2,GCA_044224815.1,JBGAJR010000009.1,fumB,771,8.286e-248,0.715
FW_TWAS_rep_2,GCA_044224815.1,JBGAJR010000007.1,frhG,41,5.239e-6,0.256
FW_TWAS_rep_2,GCA_044224815.1,JBGAJR010000054.1,frhB,42,6.984e-6,0.323
FW_TWAS_rep_2,GCA_044224815.1,JBGAJR010000005.1,fadB,104,9.541e-27,0.375
FW_TWAS_rep_2,GCA_044224815.1,JBGAJR010000006.1,bcd,179,2.011e-50,0.34
FW_TWAS_rep_2,GCA_044224815.1,JBGAJR010000006.1,lysophospholipase,98,1.544e-24,0.318
FW_TWAS_rep_2,GCA_044224815.1,JBGAJR010000015.1,etfA,77,4.716e-16,0.316
FW_TWAS_rep_2,GCA_044224815.1,JBGAJR010000083.1,dppC,171,8.119e-48,0.387
FW_TWAS_rep_2,GCA_044224815.1,JBGAJR010000002.1,acs,733,1.936e-234,0.544
FW_TWAS_rep_2,GCA_044224815.1,JBGAJR010000050.1,dppB,117,3.862e-29,0.34
FW_TWAS_rep_2,GCA_044224815.1,JBGAJR010000005.1,lctB,92,2.527e-21,0.341
FW_TWAS_rep_2,GCA_044224815.1,JBGAJR010000053.1,fadD,284,1.296e-78,0.401
FW_TWAS_rep_2,GCA_044224815.1,JBGAJR010000014.1,pfkA,133,1.706e-34,0.337
FW_TWAS_rep_2,GCA_044224815.1,JBGAJR010000019.1,acs,66,4.234e-13,0.228
FW_TWAS_rep_2,GCA_044224815.1,JBGAJR010000014.1,oppB,180,3.76e-48,0.421
FW_TWAS_rep_2,GCA_044224815.1,JBGAJR010000016.1,etfB,211,3.009e-63,0.51
FW_TWAS_rep_2,GCA_044224815.1,JBGAJR010000005.1,crt,147,2.374e-40,0.4
FW_TWAS_rep_2,GCA_044224815.1,JBGAJR010000037.1,lipase,91,1.979e-20,0.317
FW_TWAS_rep_2,GCA_044224815.1,JBGAJR010000058.1,tdcB,66,2.894e-13,0.281
FW_TWAS_rep_2,GCA_044224815.1,JBGAJR010000006.1,acylglycerol_lipase,132,5.542e-36,0.334
FW_TWAS_rep_2,GCA_044224815.1,JBGAJR010000053.1,glcP,41,8.905e-6,0.243
FW_TWAS_rep_2,GCA_044224815.1,JBGAJR010000006.1,sucC,361,2.075e-112,0.508
FW_TWAS_rep_2,GCA_044224815.1,JBGAJR010000006.1,mmcG,109,3.472e-30,0.407
FW_TWAS_rep_2,GCA_044224815.1,JBGAJR010000007.1,fdhA,55,4.652e-10,0.218
FW_TWAS_rep_2,GCA_044224815.1,JBGAJR010000042.1,pepQ,64,1.778e-13,0.252
FW_TWAS_rep_2,GCA_044224815.1,JBGAJR010000015.1,thl,241,5.098e-71,0.375
FW_TWAS_rep_2,GCA_044224815.1,JBGAJR010000054.1,hydA,57,1.025e-10,0.482
FW_TWAS_rep_2,GCA_044224815.1,JBGAJR010000083.1,oppB,218,1.027e-63,0.448
FW_TWAS_rep_2,GCA_044224815.1,JBGAJR010000050.1,acs,172,4.647e-46,0.305
FW_TWAS_rep_2,GCA_044224815.1,JBGAJR010000015.1,fadB,404,2.511e-117,0.371
FW_TWAS_rep_2,GCA_044224815.1,JBGAJR010000011.1,fadB,100,2.019e-25,0.403
FW_TWAS_rep_2,GCA_044224815.1,JBGAJR010000083.1,dppB,190,1.156e-54,0.372
FW_TWAS_rep_2,GCA_044224815.1,JBGAJR010000003.1,frhG,90,1.473e-22,0.309
FW_TWAS_rep_2,GCA_044224815.1,JBGAJR010000002.1,lysophospholipase,57,3.971e-11,0.393
FW_TWAS_rep_2,GCA_044224815.1,JBGAJR010000016.1,etfA,258,1.153e-78,0.517
FW_TWAS_rep_2,GCA_044224815.1,JBGAJR010000005.1,fadE,166,1.723e-43,0.383
FW_TWAS_rep_2,GCA_044224815.1,JBGAJR010000042.1,fadD,154,6.15e-41,0.292
FW_TWAS_rep_2,GCA_044224815.1,JBGAJR010000006.1,thl,297,5.98e-91,0.456
FW_TWAS_rep_2,GCA_044224815.1,JBGAJR010000009.1,fadB,68,8.436e-14,0.329
FW_TWAS_rep_2,GCA_044224815.1,JBGAJR010000093.1,fdhA,197,3.765e-54,0.301
FW_TWAS_rep_2,GCA_044224815.1,JBGAJR010000044.1,fadE,115,2.587e-28,0.328
FW_TWAS_rep_2,GCA_044224815.1,JBGAJR010000004.1,bcd,348,1.624e-108,0.492
FW_TWAS_rep_2,GCA_044224815.1,JBGAJR010000067.1,pfkA,44,1.465e-6,0.297
FW_TWAS_rep_2,GCA_044224815.1,JBGAJR010000034.1,pepN,244,8.51e-68,0.34
FW_TWAS_rep_2,GCA_044224815.1,JBGAJR010000003.1,acylglycerol_lipase,72,4.85e-15,0.275
FW_TWAS_rep_2,GCA_044224815.1,JBGAJR010000008.1,fadD,86,1.496e-19,0.285
FW_TWAS_rep_2,GCA_044224815.1,JBGAJR010000083.1,oppA,179,1.373e-47,0.296
FW_TWAS_rep_2,GCA_044224815.1,JBGAJR010000031.1,pepO,592,5.455e-187,0.476
FW_TWAS_rep_2,GCA_044224815.1,JBGAJR010000025.1,fdhA,663,7.744e-208,0.425
FW_TWAS_rep_2,GCA_044224815.1,JBGAJR010000069.1,fwdA,48,8.337e-8,0.238
FW_TWAS_rep_2,GCA_044224815.1,JBGAJR010000107.1,acylglycerol_lipase,97,5.342e-23,0.285
FW_TWAS_rep_2,GCA_044224815.1,JBGAJR010000003.1,mvhG,117,5.275e-32,0.37
FW_TWAS_rep_2,GCA_044224815.1,JBGAJR010000094.1,acylglycerol_lipase,64,4.226e-13,0.3
FW_TWAS_rep_2,GCA_044224815.1,JBGAJR010000060.1,acs,113,7.128e-28,0.263
FW_TWAS_rep_2,GCA_044224815.1,JBGAJR010000035.1,lctB,64,1.379e-12,0.283
FW_TWAS_rep_2,GCA_044224815.1,JBGAJR010000006.1,etfA,71,6.904e-15,0.278
FW_TWAS_rep_2,GCA_044224815.1,JBGAJR010000014.1,acylglycerol_lipase,56,1.17e-10,0.368
FW_TWAS_rep_2,GCA_044224815.1,JBGAJR010000002.1,mtrA,147,3.148e-39,0.379
FW_TWAS_rep_2,GCA_044224815.1,JBGAJR010000053.1,fadE,293,5.191e-89,0.424
FW_TWAS_rep_2,GCA_044224815.1,JBGAJR010000049.1,gdh,95,6.301e-23,0.31
FW_TWAS_rep_2,GCA_044224815.1,JBGAJR010000050.1,acylglycerol_lipase,43,1.142e-6,0.25
FW_TWAS_rep_2,GCA_044224815.1,JBGAJR010000006.1,fadA,384,9.768e-121,0.542
FW_TWAS_rep_2,GCA_044224815.1,JBGAJR010000005.1,pepQ,196,1.031e-55,0.361
FW_TWAS_rep_2,GCA_044224815.1,JBGAJR010000001.1,bcd,443,2.161e-141,0.601
FW_TWAS_rep_2,GCA_044224815.1,JBGAJR010000001.1,fdhA,70,5.182e-14,0.23
FW_TWAS_rep_2,GCA_044224815.1,JBGAJR010000001.1,fadB,64,8.134e-13,0.262
FW_TWAS_rep_2,GCA_044224815.1,JBGAJR010000005.1,bcd,141,7.485e-38,0.305
FW_TWAS_rep_2,GCA_044224815.1,JBGAJR010000054.1,fhs,607,3.569e-193,0.575
FW_TWAS_rep_2,GCA_044224815.1,JBGAJR010000034.1,etfA,121,2.617e-30,0.392
FW_TWAS_rep_2,GCA_044224815.1,JBGAJR010000029.1,oppA,114,1.196e-27,0.278
FW_TWAS_rep_2,GCA_044224815.1,JBGAJR010000042.1,crt,134,5.115e-34,0.325
FW_TWAS_rep_2,GCA_044224815.1,JBGAJR010000042.1,fadA,229,9.722e-67,0.388
FW_TWAS_rep_2,GCA_044224815.1,JBGAJR010000032.1,folD,331,5.603e-104,0.622
FW_TWAS_rep_2,GCA_044224815.1,JBGAJR010000042.1,etfA,89,2.751e-20,0.321
FW_TWAS_rep_2,GCA_044224815.1,JBGAJR010000014.1,dppC,154,3.73e-40,0.387
FW_TWAS_rep_2,GCA_044224815.1,JBGAJR010000017.1,bcd,209,2.871e-57,0.37
FW_TWAS_rep_2,GCA_044224815.1,JBGAJR010000024.1,pta,180,3.454e-48,0.343
FW_TWAS_rep_2,GCA_044224815.1,JBGAJR010000003.1,lysophospholipase,49,4.502e-8,0.262
FW_TWAS_rep_2,GCA_044224815.1,JBGAJR010000039.1,acylglycerol_lipase,42,9.279e-6,0.34
FW_TWAS_rep_2,GCA_044224815.1,JBGAJR010000015.1,mmcG,49,2.365e-9,0.3
FW_TWAS_rep_2,GCA_044224815.1,JBGAJR010000029.1,dtpT,393,5.178e-120,0.415
FW_TWAS_rep_2,GCA_044224815.1,JBGAJR010000011.1,lipase,66,1.319e-13,0.34
FW_TWAS_rep_2,GCA_044224815.1,JBGAJR010000001.1,etfA,82,3.007e-19,0.325
FW_TWAS_rep_2,GCA_044224815.1,JBGAJR010000023.1,fadE,127,6.337e-32,0.309
FW_TWAS_rep_2,GCA_044224815.1,JBGAJR010000030.1,hydA,43,4.018e-6,0.416
FW_TWAS_rep_2,GCA_044224815.1,JBGAJR010000002.1,pepN,76,4.801e-16,0.262
FW_TWAS_rep_2,GCA_044224815.1,JBGAJR010000006.1,hbd,158,3.97e-41,0.367
FW_TWAS_rep_2,GCA_044224815.1,JBGAJR010000011.1,thl,276,8.255e-84,0.463
FW_TWAS_rep_2,GCA_044224815.1,JBGAJR010000011.1,crt,162,3.256e-46,0.38
FW_TWAS_rep_2,GCA_044224815.1,JBGAJR010000019.1,fadD,326,2.76e-94,0.389
FW_TWAS_rep_2,GCA_044224815.1,JBGAJR010000011.1,pepN,203,5.725e-55,0.305
FW_TWAS_rep_2,GCA_044224815.1,JBGAJR010000001.1,crt,141,7.628e-39,0.374
FW_TWAS_rep_2,GCA_044224815.1,JBGAJR010000002.1,acylglycerol_lipase,59,1.262e-11,0.386
FW_TWAS_rep_2,GCA_044224815.1,JBGAJR010000005.1,fadD,316,7.736e-94,0.365
FW_TWAS_rep_2,GCA_044224815.1,JBGAJR010000053.1,bcd,235,6.529e-69,0.38
FW_TWAS_rep_2,GCA_044224815.1,JBGAJR010000019.1,fadA,263,2.707e-79,0.442
FW_TWAS_rep_2,GCA_044224815.1,JBGAJR010000009.1,etfA,63,4.096e-12,0.441
FW_TWAS_rep_2,GCA_044224815.1,JBGAJR010000013.1,bcd,224,1.162e-64,0.378
FW_TWAS_rep_2,GCA_044224815.1,JBGAJR010000001.1,fadE,291,4.31e-89,0.452
FW_TWAS_rep_2,GCA_044224815.1,JBGAJR010000051.1,fadD,267,7.301e-78,0.349
FW_TWAS_rep_2,GCA_044224815.1,JBGAJR010000013.1,thl,351,6.066e-109,0.51
FW_TWAS_rep_2,GCA_044224815.1,JBGAJR010000050.1,lysophospholipase,50,7.008e-9,0.264
FW_TWAS_rep_2,GCA_044224815.1,JBGAJR010000017.1,fadE,189,6.567e-51,0.402
FW_TWAS_rep_2,GCA_044224815.1,JBGAJR010000034.1,extracellular_protease,61,1.764e-11,0.315
FW_TWAS_rep_2,GCA_044224815.1,JBGAJR010000012.1,fadD,276,5.045e-81,0.382
FW_TWAS_rep_2,GCA_044224815.1,JBGAJR010000018.1,acs,173,4.936e-45,0.279
FW_TWAS_rep_2,GCA_044224815.1,JBGAJR010000003.1,frhA,143,1.264e-37,0.271
FW_TWAS_rep_2,GCA_044224815.1,JBGAJR010000004.1,acs,150,1.588e-39,0.302
FW_TWAS_rep_2,GCA_044224815.1,JBGAJR010000042.1,fadB,119,2.961e-29,0.341
FW_TWAS_rep_2,GCA_044224815.1,JBGAJR010000042.1,thl,241,6.732e-71,0.395
FW_TWAS_rep_2,GCA_044224815.1,JBGAJR010000006.1,tdcB,215,8.56e-61,0.491
FW_TWAS_rep_2,GCA_044224815.1,JBGAJR010000038.1,agl,74,1.67e-15,0.312
FW_TWAS_rep_2,GCA_044224815.1,JBGAJR010000040.1,crt,215,6.771e-65,0.501
FW_TWAS_rep_2,GCA_044224815.1,JBGAJR010000004.1,fadE,286,6.523e-87,0.452
FW_TWAS_rep_2,GCA_044224815.1,JBGAJR010000040.1,hbd,297,1.252e-91,0.553
FW_TWAS_rep_2,GCA_044224815.1,JBGAJR010000028.1,pepD,181,3.707e-49,0.33
FW_TWAS_rep_2,GCA_044224815.1,JBGAJR010000060.1,fadD,169,5.399e-46,0.336
FW_TWAS_rep_2,GCA_044224815.1,JBGAJR010000012.1,pyk,348,4.987e-107,0.443
FW_TWAS_rep_2,GCA_044224815.1,JBGAJR010000009.1,tdcB,206,3.086e-60,0.46
FW_TWAS_rep_2,GCA_044224815.1,JBGAJR010000038.1,cazy_GH13,132,1.962e-33,0.306
FW_TWAS_rep_2,GCA_044224815.1,JBGAJR010000054.1,frhG,45,7.56e-7,0.404
FW_TWAS_rep_2,GCA_044224815.1,JBGAJR010000006.1,pepO,503,5.276e-155,0.424
FW_TWAS_rep_2,GCA_044224815.1,JBGAJR010000024.1,lipase,45,3.051e-7,0.279
FW_TWAS_rep_2,GCA_044224815.1,JBGAJR010000003.1,dtpT,102,1.996e-24,0.264
FW_TWAS_rep_2,GCA_044224815.1,JBGAJR010000011.1,fadA,368,2.432e-115,0.552
FW_TWAS_rep_2,GCA_044224815.1,JBGAJR010000016.1,lysophospholipase,51,1.064e-8,0.27
FW_TWAS_rep_2,GCA_044224815.1,JBGAJR010000088.1,gapA,342,9.047e-107,0.528
FW_TWAS_rep_2,GCA_044224815.1,JBGAJR010000006.1,fadE,161,1.898e-44,0.349
FW_TWAS_rep_2,GCA_937869105.1,CALMKZ010000082.1,aldh,52,4.848e-9,0.267
FW_TWAS_rep_2,GCA_937869105.1,CALMKZ010000112.1,adh,57,2.697e-11,0.254
FW_TWAS_rep_2,GCA_937869105.1,CALMKZ010000125.1,mvhG,42,4.768e-6,0.229
FW_TWAS_rep_2,GCA_937869105.1,CALMKZ010000032.1,cazy_GH13,226,8.533e-65,0.395
FW_TWAS_rep_2,GCA_937869105.1,CALMKZ010000074.1,etfA,100,3.803e-25,0.319
FW_TWAS_rep_2,GCA_937869105.1,CALMKZ010000032.1,pgi,671,3.373e-217,0.625
FW_TWAS_rep_2,GCA_937869105.1,CALMKZ010000097.1,acs,55,9.461e-10,0.208
FW_TWAS_rep_2,GCA_937869105.1,CALMKZ010000019.1,adhE,191,9.492e-55,0.339
FW_TWAS_rep_2,GCA_937869105.1,CALMKZ010000028.1,lysophospholipase,69,4.536e-15,0.271
FW_TWAS_rep_2,GCA_937869105.1,CALMKZ010000110.1,susC,93,3.099e-21,0.341
FW_TWAS_rep_2,GCA_937869105.1,CALMKZ010000089.1,lipase,44,1.064e-6,0.336
FW_TWAS_rep_2,GCA_937869105.1,CALMKZ010000071.1,susC,220,9.053e-60,0.25
FW_TWAS_rep_2,GCA_937869105.1,CALMKZ010000097.1,pepT,96,1.239e-22,0.282
FW_TWAS_rep_2,GCA_937869105.1,CALMKZ010000020.1,agl,78,3.019e-17,0.273
FW_TWAS_rep_2,GCA_937869105.1,CALMKZ010000075.1,bcd,153,2.017e-41,0.292
FW_TWAS_rep_2,GCA_937869105.1,CALMKZ010000113.1,fadA,254,7.748e-76,0.416
FW_TWAS_rep_2,GCA_937869105.1,CALMKZ010000058.1,pyk,149,2.131e-39,0.336
FW_TWAS_rep_2,GCA_937869105.1,CALMKZ010000018.1,pepN,161,4.591e-43,0.291
FW_TWAS_rep_2,GCA_937869105.1,CALMKZ010000077.1,ilvE,254,3.346e-76,0.384
FW_TWAS_rep_2,GCA_937869105.1,CALMKZ010000020.1,adh,74,1.156e-16,0.331
FW_TWAS_rep_2,GCA_937869105.1,CALMKZ010000131.1,glcP,195,5.342e-55,0.312
FW_TWAS_rep_2,GCA_937869105.1,CALMKZ010000099.1,sucD,351,3.009e-111,0.595
FW_TWAS_rep_2,GCA_937869105.1,CALMKZ010000022.1,cazy_GH43,119,4.649e-31,0.346
FW_TWAS_rep_2,GCA_937869105.1,CALMKZ010000008.1,susC,87,1.732e-19,0.432
FW_TWAS_rep_2,GCA_937869105.1,CALMKZ010000125.1,mvhA,142,5.614e-37,0.261
FW_TWAS_rep_2,GCA_937869105.1,CALMKZ010000075.1,frhG,43,3.745e-7,0.252
FW_TWAS_rep_2,GCA_937869105.1,CALMKZ010000074.1,crt,137,7.807e-38,0.37
FW_TWAS_rep_2,GCA_937869105.1,CALMKZ010000129.1,mdh,288,3.211e-89,0.505
FW_TWAS_rep_2,GCA_937869105.1,CALMKZ010000032.1,etfA,195,4.381e-57,0.415
FW_TWAS_rep_2,GCA_937869105.1,CALMKZ010000018.1,mvhG,43,1.056e-6,0.273
FW_TWAS_rep_2,GCA_937869105.1,CALMKZ010000080.1,acylglycerol_lipase,42,1.944e-6,0.275
FW_TWAS_rep_2,GCA_937869105.1,CALMKZ010000097.1,endopeptidase,222,9.449e-65,0.407
FW_TWAS_rep_2,GCA_937869105.1,CALMKZ010000130.1,hydA,87,4.444e-20,0.25
FW_TWAS_rep_2,GCA_937869105.1,CALMKZ010000097.1,pfkA,184,1.351e-52,0.371
FW_TWAS_rep_2,GCA_937869105.1,CALMKZ010000051.1,adhE,96,2.273e-23,0.281
FW_TWAS_rep_2,GCA_937869105.1,CALMKZ010000115.1,mer,48,4.074e-8,0.232
FW_TWAS_rep_2,GCA_937869105.1,CALMKZ010000032.1,fadD,217,1.546e-61,0.322
FW_TWAS_rep_2,GCA_937869105.1,CALMKZ010000084.1,acs,138,1.082e-35,0.26
FW_TWAS_rep_2,GCA_937869105.1,CALMKZ010000059.1,gdh,441,7.283e-140,0.538
FW_TWAS_rep_2,GCA_937869105.1,CALMKZ010000044.1,edd,213,7.648e-60,0.346
FW_TWAS_rep_2,GCA_937869105.1,CALMKZ010000051.1,susC,573,1.636e-176,0.378
FW_TWAS_rep_2,GCA_937869105.1,CALMKZ010000110.1,cat,236,6.042e-72,0.538
FW_TWAS_rep_2,GCA_937869105.1,CALMKZ010000130.1,frhA,139,1.503e-36,0.257
FW_TWAS_rep_2,GCA_937869105.1,CALMKZ010000058.1,eda,135,1.656e-37,0.376
FW_TWAS_rep_2,GCA_937869105.1,CALMKZ010000058.1,dtpT,48,6.621e-8,0.311
FW_TWAS_rep_2,GCA_937869105.1,CALMKZ010000097.1,fadD,262,4.241e-76,0.33
FW_TWAS_rep_2,GCA_937869105.1,CALMKZ010000020.1,ilvE,265,2.034e-80,0.403
FW_TWAS_rep_2,GCA_937869105.1,CALMKZ010000032.1,acylglycerol_lipase,47,9.505e-8,0.256
FW_TWAS_rep_2,GCA_937869105.1,CALMKZ010000130.1,adh,78,5.29e-18,0.306
FW_TWAS_rep_2,GCA_937869105.1,CALMKZ010000115.1,hbd,84,1.823e-20,0.401
FW_TWAS_rep_2,GCA_937869105.1,CALMKZ010000125.1,hbd,128,7.819e-32,0.295
FW_TWAS_rep_2,GCA_937869105.1,CALMKZ010000075.1,mvhG,40,5.314e-6,0.464
FW_TWAS_rep_2,GCA_937869105.1,CALMKZ010000125.1,fadB,122,5.071e-30,0.306
FW_TWAS_rep_2,GCA_937869105.1,CALMKZ010000115.1,fadE,278,6.209e-84,0.441
FW_TWAS_rep_2,GCA_937869105.1,CALMKZ010000125.1,fadE,216,9.764e-61,0.359
FW_TWAS_rep_2,GCA_937869105.1,CALMKZ010000125.1,frhA,128,2.373e-32,0.263
FW_TWAS_rep_2,GCA_937869105.1,CALMKZ010000020.1,cazy_GH13,102,1.149e-24,0.3
FW_TWAS_rep_2,GCA_937869105.1,CALMKZ010000084.1,fadD,235,3.61e-67,0.331
FW_TWAS_rep_2,GCA_937869105.1,CALMKZ010000032.1,acs,136,6.974e-35,0.283
FW_TWAS_rep_2,GCA_937869105.1,CALMKZ010000069.1,pepQ,134,5.464e-35,0.308
FW_TWAS_rep_2,GCA_937869105.1,CALMKZ010000113.1,susC,70,2.435e-14,0.386
FW_TWAS_rep_2,GCA_937869105.1,CALMKZ010000126.1,pepO,643,3.747e-205,0.481
FW_TWAS_rep_2,GCA_937869105.1,CALMKZ010000125.1,pepD,46,2.043e-7,0.263
FW_TWAS_rep_2,GCA_937869105.1,CALMKZ010000018.1,frhG,47,6.205e-8,0.274
FW_TWAS_rep_2,GCA_937869105.1,CALMKZ010000126.1,susC,573,1.636e-176,0.373
FW_TWAS_rep_2,GCA_937869105.1,CALMKZ010000045.1,fadD,123,8.073e-31,0.26
FW_TWAS_rep_2,GCA_937869105.1,CALMKZ010000126.1,susD,129,8.741e-33,0.289
FW_TWAS_rep_2,GCA_937869105.1,CALMKZ010000108.1,susC,169,1.427e-49,0.459
FW_TWAS_rep_2,GCA_937869105.1,CALMKZ010000098.1,pyk,392,3.172e-122,0.478
FW_TWAS_rep_2,GCA_937869105.1,CALMKZ010000069.1,mmcG,111,8.124e-31,0.436
FW_TWAS_rep_2,GCA_937869105.1,CALMKZ010000044.1,tdcB,294,2.568e-89,0.435
FW_TWAS_rep_2,GCA_937869105.1,CALMKZ010000125.1,acs,128,2.201e-32,0.276
FW_TWAS_rep_2,GCA_937869105.1,CALMKZ010000002.1,fwdA,44,1.835e-6,0.435
FW_TWAS_rep_2,GCA_937869105.1,CALMKZ010000130.1,mvhG,113,2.844e-28,0.362
FW_TWAS_rep_2,GCA_937869105.1,CALMKZ010000110.1,bcd,268,9.82e-81,0.4
FW_TWAS_rep_2,GCA_937869105.1,CALMKZ010000051.1,susD,112,1.184e-27,0.272
FW_TWAS_rep_2,GCA_937869105.1,CALMKZ010000020.1,fadB,109,1.621e-28,0.348
FW_TWAS_rep_2,GCA_937869105.1,CALMKZ010000097.1,susC,166,1.98e-48,0.458
FW_TWAS_rep_2,GCA_937869105.1,CALMKZ010000084.1,pfor,1135,0.0,0.515
FW_TWAS_rep_2,GCA_937869105.1,CALMKZ010000032.1,adh,52,1.022e-9,0.292
FW_TWAS_rep_2,GCA_937869105.1,CALMKZ010000044.1,ilvE,137,1.469e-37,0.377
FW_TWAS_rep_2,GCA_937869105.1,CALMKZ010000130.1,fadB,96,2.96e-24,0.343
FW_TWAS_rep_2,GCA_937869105.1,CALMKZ010000097.1,crt,136,1.628e-37,0.342
FW_TWAS_rep_2,GCA_937869105.1,CALMKZ010000130.1,frhG,80,5.714e-18,0.347
FW_TWAS_rep_2,GCA_937869105.1,CALMKZ010000098.1,pepD,49,2.836e-8,0.221
FW_TWAS_rep_2,GCA_937869105.1,CALMKZ010000131.1,mmcE,495,3.262e-153,0.503
FW_TWAS_rep_2,GCA_937869105.1,CALMKZ010000080.1,fadA,353,4.982e-110,0.517
FW_TWAS_rep_2,GCA_937869105.1,CALMKZ010000115.1,acylglycerol_lipase,56,5.111e-11,0.32
FW_TWAS_rep_2,GCA_937869105.1,CALMKZ010000078.1,fwdA,44,1.867e-7,0.437
FW_TWAS_rep_2,GCA_937869105.1,CALMKZ010000075.1,pepQ,87,4.592e-20,0.331
FW_TWAS_rep_2,GCA_937869105.1,CALMKZ010000110.1,fadE,194,1.446e-55,0.356
FW_TWAS_rep_2,GCA_937869105.1,CALMKZ010000130.1,etfA,87,5.974e-21,0.288
FW_TWAS_rep_2,GCA_937869105.1,CALMKZ010000051.1,fadB,201,4.064e-59,0.418
FW_TWAS_rep_2,GCA_937869105.1,CALMKZ010000051.1,dtpT,391,2.806e-121,0.444
FW_TWAS_rep_2,GCA_937869105.1,CALMKZ010000080.1,thl,339,3.93e-105,0.492
FW_TWAS_rep_2,GCA_937869105.1,CALMKZ010000113.1,tdcB,70,1.041e-14,0.291
FW_TWAS_rep_2,GCA_937869105.1,CALMKZ010000042.1,susC,543,4.312e-168,0.396
FW_TWAS_rep_2,GCA_937869105.1,CALMKZ010000098.1,thl,41,7.035e-6,0.28
FW_TWAS_rep_2,GCA_937869105.1,CALMKZ010000032.1,pepN,55,5.586e-10,0.231
FW_TWAS_rep_2,GCA_937869105.1,CALMKZ010000020.1,crt,289,1.887e-90,0.586
FW_TWAS_rep_2,GCA_937869105.1,CALMKZ010000051.1,xylA,518,4.083e-166,0.563
FW_TWAS_rep_2,GCA_937869105.1,CALMKZ010000130.1,bcd,117,5.078e-29,0.267
FW_TWAS_rep_2,GCA_937869105.1,CALMKZ010000098.1,fadD,195,6.377e-54,0.324
FW_TWAS_rep_2,GCA_937869105.1,CALMKZ010000125.1,frhG,53,1.058e-9,0.289
FW_TWAS_rep_2,GCA_937869105.1,CALMKZ010000130.1,fadE,117,8.928e-29,0.317
FW_TWAS_rep_2,GCA_937869105.1,CALMKZ010000125.1,crt,62,9.75e-12,0.258
FW_TWAS_rep_2,GCA_937869105.1,CALMKZ010000032.1,etfB,144,4.014e-40,0.372
FW_TWAS_rep_2,GCA_937869105.1,CALMKZ010000018.1,pepQ,123,3.481e-31,0.304
FW_TWAS_rep_2,GCA_937869105.1,CALMKZ010000051.1,cazy_GH13,194,1.545e-53,0.366
FW_TWAS_rep_2,GCA_937869105.1,CALMKZ010000126.1,adhE,61,6.643e-12,0.223
FW_TWAS_rep_2,GCA_937869105.1,CALMKZ010000069.1,pepN,144,1.455e-37,0.258
FW_TWAS_rep_2,GCA_937869105.1,CALMKZ010000007.1,hbd,162,9.789e-48,0.5
FW_TWAS_rep_2,GCA_937869105.1,CALMKZ010000045.1,acs,789,2.249e-256,0.61
FW_TWAS_rep_2,GCA_937869105.1,CALMKZ010000125.1,thl,291,1.257e-88,0.459
FW_TWAS_rep_2,GCA_937869105.1,CALMKZ010000051.1,hbd,307,1.021e-95,0.544
FW_TWAS_rep_2,GCA_937869105.1,CALMKZ010000122.1,extracellular_protease,141,1.66e-36,0.377
FW_TWAS_rep_2,GCA_937869105.1,CALMKZ010000084.1,rnfB,90,1.396e-21,0.287
FW_TWAS_rep_2,GCA_937869105.1,CALMKZ010000124.1,pta,149,1.331e-38,0.311
FW_TWAS_rep_2,GCA_937869105.1,CALMKZ010000020.1,etfA,141,1.539e-39,0.405
FW_TWAS_rep_2,GCA_937869105.1,CALMKZ010000130.1,crt,174,8.804e-51,0.41
FW_TWAS_rep_2,GCA_937869105.1,CALMKZ010000069.1,folD,265,1.466e-81,0.494
FW_TWAS_rep_2,GCA_937869105.1,CALMKZ010000119.1,extracellular_protease,148,4.987e-39,0.411
FW_TWAS_rep_2,GCA_937869105.1,CALMKZ010000061.1,susC,127,8.188e-32,0.239
FW_TWAS_rep_2,GCA_937869105.1,CALMKZ010000097.1,pepN,101,3.556e-24,0.22
FW_TWAS_rep_2,GCA_937869105.1,CALMKZ010000075.1,adh,55,1.305e-10,0.32
FW_TWAS_rep_2,GCA_937869105.1,CALMKZ010000106.1,lctB,64,1.632e-13,0.246
FW_TWAS_rep_2,GCA_937869105.1,CALMKZ010000084.1,susC,153,9.249e-39,0.42
FW_TWAS_rep_2,GCA_937869105.1,CALMKZ010000007.1,fadB,111,5.124e-30,0.359
FW_TWAS_rep_2,GCA_937869105.1,CALMKZ010000113.1,gapA,487,1.671e-157,0.695
FW_TWAS_rep_2,GCA_937869105.1,CALMKZ010000129.1,mmcE,299,2.793e-84,0.364
FW_TWAS_rep_2,GCA_937869105.1,CALMKZ010000051.1,agl,241,3.248e-69,0.353
FW_TWAS_rep_2,GCA_937869105.1,CALMKZ010000098.1,pepT,72,2.064e-15,0.275
FW_TWAS_rep_2,GCA_937869105.1,CALMKZ010000131.1,mmcF,132,2.945e-33,0.51
FW_TWAS_rep_2,GCA_937869105.1,CALMKZ010000099.1,susC,303,9.29e-86,0.281
FW_TWAS_rep_2,GCA_937869105.1,CALMKZ010000032.1,pfkA,271,1.437e-82,0.495
FW_TWAS_rep_2,GCA_937869105.1,CALMKZ010000112.1,tdcB,224,4.261e-67,0.401
FW_TWAS_rep_2,GCA_937869105.1,CALMKZ010000086.1,pta,222,4.566e-62,0.411
FW_TWAS_rep_2,GCA_937869105.1,CALMKZ010000112.1,pepN,63,3.995e-12,0.264
FW_TWAS_rep_2,GCA_937869105.1,CALMKZ010000125.1,bcd,255,1.314e-73,0.385
FW_TWAS_rep_2,GCA_937869105.1,CALMKZ010000002.1,susC,48,1.102e-7,0.246
FW_TWAS_rep_2,GCA_937869105.1,CALMKZ010000097.1,cazy_GH13,51,1.573e-8,0.318
FW_TWAS_rep_2,GCA_937869105.1,CALMKZ010000130.1,mvhA,443,1.075e-139,0.47
FW_TWAS_rep_2,GCA_937869105.1,CALMKZ010000125.1,fadA,360,2.065e-112,0.527
FW_TWAS_rep_2,GCA_937869105.1,CALMKZ010000130.1,fdhA,42,3.088e-6,0.265
FW_TWAS_rep_2,GCA_937869105.1,CALMKZ010000113.1,thl,407,1.494e-128,0.549
FW_TWAS_rep_2,GCA_937869105.1,CALMKZ010000125.1,fadD,237,2.911e-68,0.34
FW_TWAS_rep_2,GCA_937869105.1,CALMKZ010000051.1,bgl,147,7.921e-40,0.288
FW_TWAS_rep_2,GCA_937869105.1,CALMKZ010000115.1,bcd,382,1.228e-119,0.535
FW_TWAS_rep_2,GCA_937869105.1,CALMKZ010000075.1,fadE,190,7.6e-54,0.366
FW_TWAS_rep_2,GCA_937869105.1,CALMKZ010000086.1,ackA,364,1.565e-113,0.48
FW_TWAS_rep_2,GCA_937869105.1,CALMKZ010000032.1,agl,178,6.17e-47,0.303
FW_TWAS_rep_2,GCA_937869105.1,CALMKZ010000125.1,etfA,44,3.198e-6,0.423
FW_TWAS_rep_2,GCA_937869105.1,CALMKZ010000121.1,pepQ,157,2.7e-42,0.309
FW_TWAS_rep_2,GCA_937869105.1,CALMKZ010000098.1,acs,153,1.849e-40,0.286
FW_TWAS_rep_2,GCA_963814475.1,CAWFDA010000046.1,adh,63,3.689e-13,0.284
FW_TWAS_rep_2,GCA_963814475.1,CAWFDA010000001.1,fadE,201,6.439e-58,0.344
FW_TWAS_rep_2,GCA_963814475.1,CAWFDA010000015.1,pepQ,154,2e-41,0.326
FW_TWAS_rep_2,GCA_963814475.1,CAWFDA010000024.1,bcd,194,8.344e-56,0.341
FW_TWAS_rep_2,GCA_963814475.1,CAWFDA010000025.1,susC,71,2.106e-14,0.268
FW_TWAS_rep_2,GCA_963814475.1,CAWFDA010000023.1,pfkA,49,1.368e-8,0.26
FW_TWAS_rep_2,GCA_963814475.1,CAWFDA010000018.1,pepN,99,1.681e-23,0.245
FW_TWAS_rep_2,GCA_963814475.1,CAWFDA010000044.1,pfor,40,3.679e-6,0.287
FW_TWAS_rep_2,GCA_963814475.1,CAWFDA010000034.1,fadB,126,3.026e-31,0.338
FW_TWAS_rep_2,GCA_963814475.1,CAWFDA010000034.1,dppB,60,9.71e-12,0.282
FW_TWAS_rep_2,GCA_963814475.1,CAWFDA010000051.1,extracellular_protease,55,1.024e-10,0.361
FW_TWAS_rep_2,GCA_963814475.1,CAWFDA010000034.1,pfkA,259,6.626e-79,0.487
FW_TWAS_rep_2,GCA_963814475.1,CAWFDA010000013.1,pepN,189,1.517e-50,0.306
FW_TWAS_rep_2,GCA_963814475.1,CAWFDA010000044.1,gdh,59,3.222e-11,0.509
FW_TWAS_rep_2,GCA_963814475.1,CAWFDA010000023.1,mmcG,105,7.478e-28,0.414
FW_TWAS_rep_2,GCA_963814475.1,CAWFDA010000024.1,acs,85,2.47e-19,0.228
FW_TWAS_rep_2,GCA_963814475.1,CAWFDA010000013.1,pepQ,84,5.766e-19,0.288
FW_TWAS_rep_2,GCA_963814475.1,CAWFDA010000024.1,fadD,85,2.47e-19,0.247
FW_TWAS_rep_2,GCA_963814475.1,CAWFDA010000046.1,dtpT,300,1.538e-89,0.37
FW_TWAS_rep_2,GCA_963814475.1,CAWFDA010000044.1,frhB,42,8.235e-7,0.306
FW_TWAS_rep_2,GCA_963814475.1,CAWFDA010000044.1,extracellular_protease,140,2.055e-35,0.347
FW_TWAS_rep_2,GCA_963814475.1,CAWFDA010000031.1,bcd,369,9.033e-116,0.477
FW_TWAS_rep_2,GCA_963814475.1,CAWFDA010000031.1,fadE,271,3.443e-82,0.423
FW_TWAS_rep_2,GCA_963814475.1,CAWFDA010000013.1,susC,62,4.341e-13,0.288
FW_TWAS_rep_2,GCA_963814475.1,CAWFDA010000044.1,bgl,323,5.36e-99,0.392
FW_TWAS_rep_2,GCA_963814475.1,CAWFDA010000013.1,pepO,559,3.29e-176,0.441
FW_TWAS_rep_2,GCA_963814475.1,CAWFDA010000044.1,mmcE,687,3.513e-223,0.648
FW_TWAS_rep_2,GCA_963814475.1,CAWFDA010000007.1,susC,68,1.503e-13,0.286
FW_TWAS_rep_2,GCA_963814475.1,CAWFDA010000046.1,susC,66,4.929e-13,0.31
FW_TWAS_rep_2,GCA_963814475.1,CAWFDA010000024.1,fadE,185,7.428e-53,0.309
FW_TWAS_rep_2,GCA_963814475.1,CAWFDA010000046.1,sucD,353,6.516e-112,0.597
FW_TWAS_rep_2,GCA_963814475.1,CAWFDA010000049.1,hbd,309,1.522e-96,0.53
FW_TWAS_rep_2,GCA_963814475.1,CAWFDA010000031.1,gdh,79,1.651e-17,0.249
FW_TWAS_rep_2,GCA_963814475.1,CAWFDA010000050.1,adh,65,1.015e-13,0.266
FW_TWAS_rep_2,GCA_963814475.1,CAWFDA010000046.1,sucC,201,9.078e-62,0.662
FW_TWAS_rep_2,GCA_963814475.1,CAWFDA010000044.1,frhG,45,6.501e-8,0.258
FW_TWAS_rep_2,GCA_963814475.1,CAWFDA010000031.1,lctB,207,2.926e-62,0.414
FW_TWAS_rep_2,GCA_963814475.1,CAWFDA010000046.1,dppB,239,1.683e-71,0.401
FW_TWAS_rep_2,GCA_963814475.1,CAWFDA010000048.1,etfB,154,3.127e-44,0.37
FW_TWAS_rep_2,GCA_963814475.1,CAWFDA010000046.1,fadA,336,1.065e-103,0.474
FW_TWAS_rep_2,GCA_963814475.1,CAWFDA010000037.1,gdh,461,2.375e-146,0.534
FW_TWAS_rep_2,GCA_963814475.1,CAWFDA010000044.1,hydA,40,3.403e-6,0.284
FW_TWAS_rep_2,GCA_963814475.1,CAWFDA010000046.1,thl,322,8.176e-99,0.462
FW_TWAS_rep_2,GCA_963814475.1,CAWFDA010000046.1,acylglycerol_lipase,53,1.344e-9,0.243
FW_TWAS_rep_2,GCA_963814475.1,CAWFDA010000001.1,susC,46,6.288e-9,0.433
FW_TWAS_rep_2,GCA_963814475.1,CAWFDA010000049.1,sucD,54,1.678e-10,0.272
FW_TWAS_rep_2,GCA_963814475.1,CAWFDA010000007.1,adh,67,1.286e-14,0.288
FW_TWAS_rep_2,GCA_963814475.1,CAWFDA010000034.1,frhB,42,6.559e-6,0.318
FW_TWAS_rep_2,GCA_963814475.1,CAWFDA010000048.1,etfA,205,2.397e-60,0.395
FW_TWAS_rep_2,GCA_963814475.1,CAWFDA010000013.1,pepA,126,1.696e-36,0.605
FW_TWAS_rep_2,GCA_963814475.1,CAWFDA010000034.1,bcd,207,6.219e-61,0.411
FW_TWAS_rep_2,GCA_963814475.1,CAWFDA010000046.1,extracellular_protease,141,6.173e-37,0.457
FW_TWAS_rep_2,GCA_963814475.1,CAWFDA010000034.1,fadD,322,1.78e-96,0.381
FW_TWAS_rep_2,GCA_963814475.1,CAWFDA010000001.1,cat,263,1.175e-80,0.622
FW_TWAS_rep_2,GCA_963814475.1,CAWFDA010000046.1,crt,170,4.208e-49,0.393
FW_TWAS_rep_2,GCA_963814475.1,CAWFDA010000046.1,pepN,74,2.557e-15,0.232
FW_TWAS_rep_2,GCA_963814475.1,CAWFDA010000034.1,mmcF,77,1.594e-16,0.321
FW_TWAS_rep_2,GCA_963814475.1,CAWFDA010000034.1,acs,119,1.152e-28,0.252
FW_TWAS_rep_2,GCA_963814475.1,CAWFDA010000023.1,lctC,316,2.284e-96,0.381
FW_TWAS_rep_2,GCA_963814475.1,CAWFDA010000046.1,fadB,162,5.203e-45,0.307
FW_TWAS_rep_2,GCA_963814475.1,CAWFDA010000034.1,fadA,340,8.218e-106,0.489
FW_TWAS_rep_2,GCA_963814475.1,CAWFDA010000034.1,gdh,466,7.82e-148,0.517
FW_TWAS_rep_2,GCA_963814475.1,CAWFDA010000046.1,dppC,153,2.969e-41,0.336
FW_TWAS_rep_2,GCA_963814475.1,CAWFDA010000018.1,thl,41,6.938e-6,0.447
FW_TWAS_rep_2,GCA_963814475.1,CAWFDA010000044.1,susC,102,5.583e-24,0.288
FW_TWAS_rep_2,GCA_963814475.1,CAWFDA010000018.1,pepD,503,5.248e-160,0.51
FW_TWAS_rep_2,GCA_963814475.1,CAWFDA010000034.1,extracellular_protease,53,4.889e-9,0.302
FW_TWAS_rep_2,GCA_963814475.1,CAWFDA010000013.1,adh,55,1.08e-10,0.288
FW_TWAS_rep_2,GCA_963814475.1,CAWFDA010000011.1,endopeptidase,56,2.831e-10,0.344
FW_TWAS_rep_2,GCA_963814475.1,CAWFDA010000044.1,dtpT,223,2.654e-66,0.42
FW_TWAS_rep_2,GCA_963814475.1,CAWFDA010000029.1,phospholipase,201,1.82e-59,0.408
FW_TWAS_rep_2,GCA_963814475.1,CAWFDA010000007.1,lysophospholipase,42,2.147e-6,0.272
FW_TWAS_rep_2,GCA_963814475.1,CAWFDA010000034.1,fadE,165,1.216e-46,0.367
FW_TWAS_rep_2,GCA_963814475.1,CAWFDA010000045.1,mdh,301,2.246e-93,0.519
FW_TWAS_rep_2,GCA_963814475.1,CAWFDA010000046.1,hbd,269,2.588e-81,0.412
FW_TWAS_rep_2,GCA_963814475.1,CAWFDA010000049.1,fadB,187,1.686e-54,0.387
FW_TWAS_rep_2,GCA_963814475.1,CAWFDA010000046.1,folD,310,6.866e-97,0.576
FW_TWAS_rep_2,GCA_963814475.1,CAWFDA010000034.1,oppB,204,6.147e-59,0.477
FW_TWAS_rep_2,GCA_963814475.1,CAWFDA010000037.1,pepN,104,1.77e-24,0.25
FW_TWAS_rep_2,GCA_963814475.1,CAWFDA010000044.1,tdcB,61,9.554e-12,0.247
FW_TWAS_rep_2,GCA_963814475.1,CAWFDA010000034.1,mmcE,244,2.658e-71,0.415
FW_TWAS_rep_2,GCA_963814475.1,CAWFDA010000046.1,oppB,196,8.92e-57,0.359
FW_TWAS_rep_2,GCA_963814475.1,CAWFDA010000046.1,dppA,201,2.661e-56,0.28
FW_TWAS_rep_2,GCA_963814475.1,CAWFDA010000034.1,dppC,188,1.378e-53,0.438
FW_TWAS_rep_2,GCA_963814475.1,CAWFDA010000034.1,thl,267,2.011e-80,0.414
FW_TWAS_rep_2,GCA_963814475.1,CAWFDA010000001.1,pyk,350,1.507e-107,0.425
FW_TWAS_rep_2,GCA_963814475.1,CAWFDA010000051.1,susC,74,3.386e-15,0.293
FW_TWAS_rep_2,GCA_963814475.1,CAWFDA010000044.1,mvhG,46,2.528e-7,0.288
FW_TWAS_rep_2,GCA_963814475.1,CAWFDA010000034.1,hbd,124,1.217e-30,0.242
FW_TWAS_rep_2,GCA_963814475.1,CAWFDA010000046.1,oppA,188,4.013e-52,0.292
FW_TWAS_rep_2,GCA_963814475.1,CAWFDA010000001.1,bcd,242,6.609e-72,0.368
FW_TWAS_rep_2,GCA_963814475.1,CAWFDA010000034.1,susC,72,8.798e-15,0.258
FW_TWAS_rep_2,GCA_963814475.1,CAWFDA010000001.1,pepN,110,5.005e-27,0.295
FW_TWAS_rep_2,GCA_036839835.1,DAITDP010000002.1,bgl,180,1.262e-50,0.322
FW_TWAS_rep_2,GCA_036839835.1,DAITDP010000003.1,crt,40,7.342e-6,0.337
FW_TWAS_rep_2,GCA_036839835.1,DAITDP010000001.1,pyk,308,2.843e-93,0.399
FW_TWAS_rep_2,GCA_036839835.1,DAITDP010000005.1,pepD,46,8.462e-8,0.283
FW_TWAS_rep_2,GCA_036839835.1,DAITDP010000001.1,oppA,103,1.508e-24,0.257
FW_TWAS_rep_2,GCA_036839835.1,DAITDP010000001.1,pepQ,106,3.232e-26,0.298
FW_TWAS_rep_2,GCA_036839835.1,DAITDP010000014.1,pepN,198,4.421e-56,0.333
FW_TWAS_rep_2,GCA_036839835.1,DAITDP010000001.1,glcP,47,1.582e-7,0.258
FW_TWAS_rep_2,GCA_036839835.1,DAITDP010000001.1,dppA,108,2.934e-26,0.25
FW_TWAS_rep_2,GCA_036839835.1,DAITDP010000006.1,gapA,308,2.459e-95,0.47
FW_TWAS_rep_2,GCA_036839835.1,DAITDP010000013.1,pepQ,81,5.029e-19,0.321
FW_TWAS_rep_2,GCA_036839835.1,DAITDP010000020.1,folD,186,1.354e-54,0.389
FW_TWAS_rep_2,GCF_003115115.2,NZ_BFCV01000059.1,rnfB,41,4.268e-6,0.313
FW_TWAS_rep_2,GCF_003115115.2,NZ_BFCV01000040.1,oppB,156,8.815e-44,0.37
FW_TWAS_rep_2,GCF_003115115.2,NZ_BFCV01000005.1,crt,223,1.547e-67,0.514
FW_TWAS_rep_2,GCF_003115115.2,NZ_BFCV01000038.1,xylF,337,3.036e-105,0.546
FW_TWAS_rep_2,GCF_003115115.2,NZ_BFCV01000001.1,tdcB,302,1.056e-90,0.432
FW_TWAS_rep_2,GCF_003115115.2,NZ_BFCV01000018.1,pyk,365,2.407e-112,0.471
FW_TWAS_rep_2,GCF_003115115.2,NZ_BFCV01000050.1,pgi,713,9.131e-231,0.672
FW_TWAS_rep_2,GCF_003115115.2,NZ_BFCV01000005.1,fumB,739,1.915e-240,0.655
FW_TWAS_rep_2,GCF_003115115.2,NZ_BFCV01000009.1,fadA,284,2.669e-86,0.432
FW_TWAS_rep_2,GCF_003115115.2,NZ_BFCV01000009.1,acs,109,1.25e-26,0.25
FW_TWAS_rep_2,GCF_003115115.2,NZ_BFCV01000056.1,cazy_GH43,130,3.302e-33,0.323
FW_TWAS_rep_2,GCF_003115115.2,NZ_BFCV01000027.1,dppC,207,6.091e-59,0.393
FW_TWAS_rep_2,GCF_003115115.2,NZ_BFCV01000004.1,adhE,227,8.912e-67,0.375
FW_TWAS_rep_2,GCF_003115115.2,NZ_BFCV01000035.1,oppB,148,1.121e-40,0.309
FW_TWAS_rep_2,GCF_003115115.2,NZ_BFCV01000003.1,adhE,198,9.592e-57,0.36
FW_TWAS_rep_2,GCF_003115115.2,NZ_BFCV01000006.1,frhB,45,9.042e-8,0.489
FW_TWAS_rep_2,GCF_003115115.2,NZ_BFCV01000009.1,gapA,353,9.093e-111,0.529
FW_TWAS_rep_2,GCF_003115115.2,NZ_BFCV01000056.1,xylA,499,9.512e-160,0.538
FW_TWAS_rep_2,GCF_003115115.2,NZ_BFCV01000007.1,pepA,349,7.058e-107,0.438
FW_TWAS_rep_2,GCF_003115115.2,NZ_BFCV01000005.1,etfA,101,7.337e-26,0.333
FW_TWAS_rep_2,GCF_003115115.2,NZ_BFCV01000004.1,mdh,160,4.695e-45,0.386
FW_TWAS_rep_2,GCF_003115115.2,NZ_BFCV01000012.1,susC,44,2.62e-6,0.318
FW_TWAS_rep_2,GCF_003115115.2,NZ_BFCV01000018.1,fadD,255,7.197e-74,0.358
FW_TWAS_rep_2,GCF_003115115.2,NZ_BFCV01000017.1,dppA,300,1.49e-89,0.36
FW_TWAS_rep_2,GCF_003115115.2,NZ_BFCV01000025.1,aldh,206,9.775e-59,0.356
FW_TWAS_rep_2,GCF_003115115.2,NZ_BFCV01000030.1,hydA,50,2.262e-9,0.363
FW_TWAS_rep_2,GCF_003115115.2,NZ_BFCV01000075.1,glcP,72,2.751e-15,0.336
FW_TWAS_rep_2,GCF_003115115.2,NZ_BFCV01000019.1,oppB,211,7.955e-63,0.414
FW_TWAS_rep_2,GCF_003115115.2,NZ_BFCV01000009.1,fdhA,182,1.138e-48,0.274
FW_TWAS_rep_2,GCF_003115115.2,NZ_BFCV01000030.1,frhB,44,1.741e-7,0.356
FW_TWAS_rep_2,GCF_003115115.2,NZ_BFCV01000017.1,adhE,1094,0.0,0.648
FW_TWAS_rep_2,GCF_003115115.2,NZ_BFCV01000004.1,aldh,63,2.6e-12,0.264
FW_TWAS_rep_2,GCF_003115115.2,NZ_BFCV01000019.1,ptsG,62,5.417e-12,0.335
FW_TWAS_rep_2,GCF_003115115.2,NZ_BFCV01000017.1,pyk,460,7.319e-145,0.552
FW_TWAS_rep_2,GCF_003115115.2,NZ_BFCV01000016.1,pepT,258,4.796e-77,0.425
FW_TWAS_rep_2,GCF_003115115.2,NZ_BFCV01000024.1,adhE,91,4.377e-21,0.276
FW_TWAS_rep_2,GCF_003115115.2,NZ_BFCV01000001.1,phospholipase,225,1.368e-67,0.479
FW_TWAS_rep_2,GCF_003115115.2,NZ_BFCV01000025.1,fadD,140,7.251e-36,0.303
FW_TWAS_rep_2,GCF_003115115.2,NZ_BFCV01000037.1,adh,63,2.866e-13,0.278
FW_TWAS_rep_2,GCF_003115115.2,NZ_BFCV01000088.1,adhE,415,4.652e-129,0.516
FW_TWAS_rep_2,GCF_003115115.2,NZ_BFCV01000003.1,pta,213,1.241e-62,0.413
FW_TWAS_rep_2,GCF_003115115.2,NZ_BFCV01000001.1,ilvE,166,5.432e-47,0.354
FW_TWAS_rep_2,GCF_003115115.2,NZ_BFCV01000018.1,acs,142,6.286e-37,0.291
FW_TWAS_rep_2,GCF_003115115.2,NZ_BFCV01000003.1,pepA,258,1.123e-76,0.441
FW_TWAS_rep_2,GCF_003115115.2,NZ_BFCV01000004.1,tdcB,79,1.266e-17,0.269
FW_TWAS_rep_2,GCF_003115115.2,NZ_BFCV01000025.1,bgl,199,2.157e-56,0.317
FW_TWAS_rep_2,GCF_003115115.2,NZ_BFCV01000005.1,aldh,65,5.006e-13,0.25
FW_TWAS_rep_2,GCF_003115115.2,NZ_BFCV01000011.1,crt,134,1.026e-35,0.369
FW_TWAS_rep_2,GCF_003115115.2,NZ_BFCV01000009.1,cat,94,7.27e-22,0.301
FW_TWAS_rep_2,GCF_003115115.2,NZ_BFCV01000005.1,thl,342,8.09e-106,0.505
FW_TWAS_rep_2,GCF_003115115.2,NZ_BFCV01000075.1,fdhA,109,2.619e-26,0.231
FW_TWAS_rep_2,GCF_003115115.2,NZ_BFCV01000060.1,oppA,51,1.477e-9,0.232
FW_TWAS_rep_2,GCF_003115115.2,NZ_BFCV01000033.1,dppB,237,1.351e-70,0.426
FW_TWAS_rep_2,GCF_003115115.2,NZ_BFCV01000017.1,dppC,239,4.181e-72,0.45
FW_TWAS_rep_2,GCF_003115115.2,NZ_BFCV01000042.1,pfkA,57,3.907e-11,0.259
FW_TWAS_rep_2,GCF_003115115.2,NZ_BFCV01000040.1,glcP,53,2.042e-9,0.293
FW_TWAS_rep_2,GCF_003115115.2,NZ_BFCV01000012.1,acylglycerol_lipase,60,8.778e-12,0.268
FW_TWAS_rep_2,GCF_003115115.2,NZ_BFCV01000001.1,acylglycerol_lipase,66,9.364e-14,0.263
FW_TWAS_rep_2,GCF_003115115.2,NZ_BFCV01000001.1,lysophospholipase,203,3.073e-59,0.433
FW_TWAS_rep_2,GCF_003115115.2,NZ_BFCV01000005.1,pfor,1398,0.0,0.606
FW_TWAS_rep_2,GCF_003115115.2,NZ_BFCV01000017.1,fadE,72,2.907e-15,0.257
FW_TWAS_rep_2,GCF_003115115.2,NZ_BFCV01000003.1,hydA,46,6.335e-7,0.358
FW_TWAS_rep_2,GCF_003115115.2,NZ_BFCV01000006.1,frhG,41,1.729e-6,0.304
FW_TWAS_rep_2,GCF_003115115.2,NZ_BFCV01000027.1,oppA,170,5.8e-46,0.29
FW_TWAS_rep_2,GCF_003115115.2,NZ_BFCV01000036.1,agl,89,2.203e-20,0.262
FW_TWAS_rep_2,GCF_003115115.2,NZ_BFCV01000042.1,xylF,105,1.542e-26,0.307
FW_TWAS_rep_2,GCF_003115115.2,NZ_BFCV01000027.1,pfkA,56,7.637e-11,0.394
FW_TWAS_rep_2,GCF_003115115.2,NZ_BFCV01000033.1,dppC,184,1.091e-53,0.398
FW_TWAS_rep_2,GCF_003115115.2,NZ_BFCV01000005.1,gdh,439,4.666e-139,0.523
FW_TWAS_rep_2,GCF_003115115.2,NZ_BFCV01000019.1,dppB,261,4.702e-79,0.443
FW_TWAS_rep_2,GCF_003115115.2,NZ_BFCV01000075.1,oppA,239,4.561e-69,0.33
FW_TWAS_rep_2,GCF_003115115.2,NZ_BFCV01000001.1,pepQ,75,3.473e-16,0.275
FW_TWAS_rep_2,GCF_003115115.2,NZ_BFCV01000067.1,acylglycerol_lipase,50,7.838e-9,0.325
FW_TWAS_rep_2,GCF_003115115.2,NZ_BFCV01000024.1,aldh,85,4.006e-19,0.25
FW_TWAS_rep_2,GCF_003115115.2,NZ_BFCV01000036.1,glcP,66,1.637e-13,0.311
FW_TWAS_rep_2,GCF_003115115.2,NZ_BFCV01000029.1,gapA,497,4.452e-161,0.728
FW_TWAS_rep_2,GCF_003115115.2,NZ_BFCV01000011.1,ackA,370,7.57e-116,0.498
FW_TWAS_rep_2,GCF_003115115.2,NZ_BFCV01000015.1,dtpT,55,6.142e-10,0.318
FW_TWAS_rep_2,GCF_003115115.2,NZ_BFCV01000017.1,oppB,312,3.415e-97,0.53
FW_TWAS_rep_2,GCF_003115115.2,NZ_BFCV01000004.1,adh,47,5.885e-8,0.273
FW_TWAS_rep_2,GCF_003115115.2,NZ_BFCV01000030.1,frhG,42,5.735e-7,0.377
FW_TWAS_rep_2,GCF_003115115.2,NZ_BFCV01000032.1,gdh,562,2.971e-181,0.636
FW_TWAS_rep_2,GCF_003115115.2,NZ_BFCV01000001.1,etfA,114,8.207e-28,0.401
FW_TWAS_rep_2,GCF_003115115.2,NZ_BFCV01000001.1,edd,229,8.522e-65,0.324
FW_TWAS_rep_2,GCF_003115115.2,NZ_BFCV01000012.1,acs,118,2.068e-29,0.264
FW_TWAS_rep_2,GCF_003115115.2,NZ_BFCV01000021.1,dppB,286,4.312e-88,0.459
FW_TWAS_rep_2,GCF_003115115.2,NZ_BFCV01000040.1,dppB,153,3.296e-42,0.343
FW_TWAS_rep_2,GCF_003115115.2,NZ_BFCV01000011.1,fdhA,77,2.399e-16,0.233
FW_TWAS_rep_2,GCF_003115115.2,NZ_BFCV01000020.1,pepQ,65,1.144e-13,0.267
FW_TWAS_rep_2,GCF_003115115.2,NZ_BFCV01000050.1,pepD,130,1.335e-35,0.389
FW_TWAS_rep_2,GCF_003115115.2,NZ_BFCV01000023.1,ptsG,267,1.326e-78,0.346
FW_TWAS_rep_2,GCF_003115115.2,NZ_BFCV01000027.1,fadA,175,2.734e-53,0.643
FW_TWAS_rep_2,GCF_003115115.2,NZ_BFCV01000005.1,fadB,156,4.421e-42,0.369
FW_TWAS_rep_2,GCF_003115115.2,NZ_BFCV01000032.1,dppC,229,7.802e-69,0.471
FW_TWAS_rep_2,GCF_003115115.2,NZ_BFCV01000040.1,dppC,207,3.566e-61,0.428
FW_TWAS_rep_2,GCF_003115115.2,NZ_BFCV01000017.1,pfkA,259,2.816e-79,0.47
FW_TWAS_rep_2,GCF_003115115.2,NZ_BFCV01000019.1,dppC,263,8.937e-81,0.498
FW_TWAS_rep_2,GCF_003115115.2,NZ_BFCV01000003.1,glcP,204,7.879e-58,0.339
FW_TWAS_rep_2,GCF_003115115.2,NZ_BFCV01000004.1,endopeptidase,188,2.126e-54,0.395
FW_TWAS_rep_2,GCF_003115115.2,NZ_BFCV01000040.1,mer,64,8.342e-13,0.289
FW_TWAS_rep_2,GCF_003115115.2,NZ_BFCV01000021.1,bgl,203,6.129e-58,0.298
FW_TWAS_rep_2,GCF_003115115.2,NZ_BFCV01000011.1,fadA,243,8.706e-72,0.402
FW_TWAS_rep_2,GCF_003115115.2,NZ_BFCV01000009.1,pfkA,53,8.266e-10,0.26
FW_TWAS_rep_2,GCF_003115115.2,NZ_BFCV01000011.1,fadB,415,1.365e-126,0.368
FW_TWAS_rep_2,GCF_003115115.2,NZ_BFCV01000060.1,dppA,154,1.199e-44,0.475
FW_TWAS_rep_2,GCF_003115115.2,NZ_BFCV01000001.1,fadA,363,1.221e-113,0.521
FW_TWAS_rep_2,GCF_003115115.2,NZ_BFCV01000018.1,tdcB,314,3.049e-97,0.514
FW_TWAS_rep_2,GCF_003115115.2,NZ_BFCV01000006.1,bgl,354,6.905e-109,0.404
FW_TWAS_rep_2,GCF_003115115.2,NZ_BFCV01000040.1,cazy_GH13,170,3.788e-46,0.357
FW_TWAS_rep_2,GCF_003115115.2,NZ_BFCV01000025.1,acs,104,1.072e-24,0.252
FW_TWAS_rep_2,GCF_003115115.2,NZ_BFCV01000016.1,acs,123,1.039e-30,0.255
FW_TWAS_rep_2,GCF_003115115.2,NZ_BFCV01000006.1,rnfB,199,2.552e-60,0.595
FW_TWAS_rep_2,GCF_003115115.2,NZ_BFCV01000006.1,endopeptidase,228,5.523e-64,0.433
FW_TWAS_rep_2,GCF_003115115.2,NZ_BFCV01000067.1,pepT,59,2.749e-11,0.279
FW_TWAS_rep_2,GCF_003115115.2,NZ_BFCV01000038.1,cazy_GH13,96,2.677e-22,0.293
FW_TWAS_rep_2,GCF_003115115.2,NZ_BFCV01000019.1,pfkA,146,1.834e-40,0.371
FW_TWAS_rep_2,GCF_003115115.2,NZ_BFCV01000027.1,thl,239,2.084e-73,0.562
FW_TWAS_rep_2,GCF_003115115.2,NZ_BFCV01000003.1,bgl,205,2.53e-58,0.321
FW_TWAS_rep_2,GCF_003115115.2,NZ_BFCV01000030.1,ptsG,55,5.015e-10,0.372
FW_TWAS_rep_2,GCF_003115115.2,NZ_BFCV01000037.1,fadE,75,1.104e-15,0.272
FW_TWAS_rep_2,GCF_003115115.2,NZ_BFCV01000027.1,hbd,164,2.785e-46,0.395
FW_TWAS_rep_2,GCF_003115115.2,NZ_BFCV01000037.1,bcd,104,1.068e-24,0.288
FW_TWAS_rep_2,GCF_003115115.2,NZ_BFCV01000001.1,crt,134,9.391e-34,0.362
FW_TWAS_rep_2,GCF_003115115.2,NZ_BFCV01000005.1,fadA,365,7.741e-114,0.537
FW_TWAS_rep_2,GCF_003115115.2,NZ_BFCV01000018.1,edd,810,3.13e-264,0.658
FW_TWAS_rep_2,GCF_003115115.2,NZ_BFCV01000004.1,pfkA,113,2.789e-29,0.306
FW_TWAS_rep_2,GCF_003115115.2,NZ_BFCV01000017.1,fdhA,551,3.378e-172,0.439
FW_TWAS_rep_2,GCF_003115115.2,NZ_BFCV01000027.1,dppA,173,9.868e-47,0.265
FW_TWAS_rep_2,GCF_003115115.2,NZ_BFCV01000030.1,mer,82,1.421e-18,0.272
FW_TWAS_rep_2,GCF_003115115.2,NZ_BFCV01000006.1,adhE,50,1.504e-8,0.238
FW_TWAS_rep_2,GCF_003115115.2,NZ_BFCV01000040.1,dppA,116,7.641e-29,0.254
FW_TWAS_rep_2,GCF_003115115.2,NZ_BFCV01000019.1,oppA,164,8.639e-44,0.276
FW_TWAS_rep_2,GCF_003115115.2,NZ_BFCV01000081.1,fumB,724,1.267e-235,0.649
FW_TWAS_rep_2,GCF_003115115.2,NZ_BFCV01000004.1,pepQ,187,2.98e-52,0.357
FW_TWAS_rep_2,GCF_003115115.2,NZ_BFCV01000178.1,cazy_CE8,179,1.357e-53,0.476
FW_TWAS_rep_2,GCF_003115115.2,NZ_BFCV01000033.1,dtpT,257,2.876e-75,0.333
FW_TWAS_rep_2,GCF_003115115.2,NZ_BFCV01000027.1,fadB,111,1.69e-28,0.301
FW_TWAS_rep_2,GCF_003115115.2,NZ_BFCV01000075.1,dppB,439,5.683e-140,0.675
FW_TWAS_rep_2,GCF_003115115.2,NZ_BFCV01000009.1,adhE,143,1.682e-38,0.284
FW_TWAS_rep_2,GCF_003115115.2,NZ_BFCV01000032.1,adh,67,2.741e-14,0.241
FW_TWAS_rep_2,GCF_003115115.2,NZ_BFCV01000003.1,aldh,210,3.552e-60,0.362
FW_TWAS_rep_2,GCF_003115115.2,NZ_BFCV01000051.1,adhE,117,8.675e-30,0.338
FW_TWAS_rep_2,GCF_003115115.2,NZ_BFCV01000017.1,oppA,455,1.203e-142,0.478
FW_TWAS_rep_2,GCF_003115115.2,NZ_BFCV01000008.1,oppA,51,1.425e-8,0.215
FW_TWAS_rep_2,GCF_003115115.2,NZ_BFCV01000001.1,thl,282,1.233e-85,0.455
FW_TWAS_rep_2,GCF_003115115.2,NZ_BFCV01000025.1,glcP,198,1.38e-55,0.32
FW_TWAS_rep_2,GCF_003115115.2,NZ_BFCV01000038.1,agl,81,7.758e-18,0.252
FW_TWAS_rep_2,GCF_003115115.2,NZ_BFCV01000040.1,fdhA,302,3.491e-87,0.323
FW_TWAS_rep_2,GCF_003115115.2,NZ_BFCV01000017.1,aldh,418,4.24e-125,0.501
FW_TWAS_rep_2,GCF_003115115.2,NZ_BFCV01000007.1,agl,262,1.921e-76,0.364
FW_TWAS_rep_2,GCF_003115115.2,NZ_BFCV01000001.1,fadB,1038,0.0,0.728
FW_TWAS_rep_2,GCF_003115115.2,NZ_BFCV01000050.1,pfkA,47,1.003e-7,0.274
FW_TWAS_rep_2,GCF_003115115.2,NZ_BFCV01000009.1,pepQ,67,1.97e-14,0.294
FW_TWAS_rep_2,GCF_003115115.2,NZ_BFCV01000025.1,thl,404,6.779e-128,0.562
FW_TWAS_rep_2,GCF_003115115.2,NZ_BFCV01000075.1,oppB,249,8.668e-76,0.468
FW_TWAS_rep_2,GCF_003115115.2,NZ_BFCV01000027.1,cat,261,4.862e-81,0.599
FW_TWAS_rep_2,GCF_003115115.2,NZ_BFCV01000088.1,ackA,68,4.668e-15,0.413
FW_TWAS_rep_2,GCF_003115115.2,NZ_BFCV01000025.1,ackA,415,4.783e-131,0.565
FW_TWAS_rep_2,GCF_003115115.2,NZ_BFCV01000036.1,cazy_GH13,131,2.378e-33,0.319
FW_TWAS_rep_2,GCF_003115115.2,NZ_BFCV01000040.1,agl,169,6.856e-46,0.324
FW_TWAS_rep_2,GCF_003115115.2,NZ_BFCV01000011.1,hbd,204,5.697e-56,0.345
FW_TWAS_rep_2,GCF_003115115.2,NZ_BFCV01000011.1,thl,228,2.047e-66,0.363
FW_TWAS_rep_2,GCF_003115115.2,NZ_BFCV01000005.1,hbd,268,8.658e-80,0.572
FW_TWAS_rep_2,GCF_003115115.2,NZ_BFCV01000021.1,oppA,186,2.012e-51,0.31
FW_TWAS_rep_2,GCF_003115115.2,NZ_BFCV01000021.1,oppB,261,8.675e-80,0.503
FW_TWAS_rep_2,GCF_003115115.2,NZ_BFCV01000010.1,adhE,87,5.835e-20,0.262
FW_TWAS_rep_2,GCF_003115115.2,NZ_BFCV01000033.1,oppB,191,6.048e-55,0.416
FW_TWAS_rep_2,GCF_003115115.2,NZ_BFCV01000018.1,ackA,362,7.208e-113,0.482
FW_TWAS_rep_2,GCF_003115115.2,NZ_BFCV01000023.1,crt,48,4.823e-8,0.396
FW_TWAS_rep_2,GCF_003115115.2,NZ_BFCV01000025.1,fadA,327,4.552e-101,0.488
FW_TWAS_rep_2,GCF_003115115.2,NZ_BFCV01000011.1,etfA,112,2.966e-27,0.431
FW_TWAS_rep_2,GCF_003115115.2,NZ_BFCV01000011.1,frhB,46,6.437e-8,0.383
FW_TWAS_rep_2,GCF_003115115.2,NZ_BFCV01000004.1,gapA,255,3.471e-77,0.391
FW_TWAS_rep_2,GCF_003115115.2,NZ_BFCV01000027.1,dppB,230,6.214e-69,0.423
FW_TWAS_rep_2,GCF_003115115.2,NZ_BFCV01000005.1,gapA,314,1.826e-97,0.505
FW_TWAS_rep_2,GCF_003115115.2,NZ_BFCV01000027.1,dtpT,282,5.344e-84,0.356
FW_TWAS_rep_2,GCF_003115115.2,NZ_BFCV01000009.1,fadD,138,7.261e-36,0.279
FW_TWAS_rep_2,GCF_003115115.2,NZ_BFCV01000050.1,xylF,73,4.131e-16,0.307
FW_TWAS_rep_2,GCF_003115115.2,NZ_BFCV01000005.1,cat,214,1.215e-64,0.504
FW_TWAS_rep_2,GCF_003115115.2,NZ_BFCV01000004.1,cazy_GH43,121,2.591e-30,0.3
FW_TWAS_rep_2,GCF_003115115.2,NZ_BFCV01000035.1,oppA,431,2.781e-134,0.457
FW_TWAS_rep_2,GCF_003115115.2,NZ_BFCV01000033.1,oppA,151,6.583e-40,0.29
FW_TWAS_rep_2,GCF_003115115.2,NZ_BFCV01000059.1,fdhA,304,5.877e-88,0.319
FW_TWAS_rep_2,GCF_003115115.2,NZ_BFCV01000027.1,oppB,242,1.146e-70,0.429
FW_TWAS_rep_2,GCF_003115115.2,NZ_BFCV01000005.1,adhE,73,1.407e-15,0.25
FW_TWAS_rep_2,GCF_003115115.2,NZ_BFCV01000006.1,esterase,223,7.601e-64,0.351
FW_TWAS_rep_2,GCF_003115115.2,NZ_BFCV01000018.1,eda,215,1.61e-65,0.542
FW_TWAS_rep_2,GCF_003115115.2,NZ_BFCV01000033.1,dppA,159,1.366e-42,0.284
FW_TWAS_rep_2,GCF_003115115.2,NZ_BFCV01000034.1,dtpT,271,2.462e-80,0.369
FW_TWAS_rep_2,GCF_003115115.2,NZ_BFCV01000001.1,hbd,194,9.198e-53,0.363
FW_TWAS_rep_2,GCF_003115115.2,NZ_BFCV01000009.1,mdh,164,1.42e-46,0.342
FW_TWAS_rep_2,GCF_003115115.2,NZ_BFCV01000088.1,pfor,46,2.229e-7,0.285
FW_TWAS_rep_2,GCF_003115115.2,NZ_BFCV01000034.1,sucC,371,2.233e-116,0.512
FW_TWAS_rep_2,GCF_003115115.2,NZ_BFCV01000050.1,glcP,43,3.002e-6,0.224
FW_TWAS_rep_2,GCF_003115115.2,NZ_BFCV01000010.1,oppB,196,6.838e-58,0.416
FW_TWAS_rep_2,GCF_003115115.2,NZ_BFCV01000011.1,frhG,46,1.009e-7,0.274
FW_TWAS_rep_2,GCF_003115115.2,NZ_BFCV01000050.1,fdhA,444,2.108e-138,0.436
FW_TWAS_rep_2,GCF_003115115.2,NZ_BFCV01000025.1,adhE,264,1.418e-78,0.431
FW_TWAS_rep_2,GCF_003115115.2,NZ_BFCV01000010.1,dppA,145,3.395e-38,0.278
FW_TWAS_rep_2,GCF_003115115.2,NZ_BFCV01000009.1,thl,312,1.172e-95,0.451
FW_TWAS_rep_2,GCF_003115115.2,NZ_BFCV01000050.1,acs,839,3.501e-273,0.612
FW_TWAS_rep_2,GCF_003115115.2,NZ_BFCV01000009.1,glcP,212,3.59e-60,0.322
FW_TWAS_rep_2,GCF_003115115.2,NZ_BFCV01000024.1,dppA,145,1.042e-37,0.262
FW_TWAS_rep_2,GCF_003115115.2,NZ_BFCV01000019.1,dppA,165,2.667e-44,0.28
FW_TWAS_rep_2,GCF_003115115.2,NZ_BFCV01000010.1,fdhA,115,5.095e-28,0.252
FW_TWAS_rep_2,GCF_003115115.2,NZ_BFCV01000030.1,adhE,219,3.998e-64,0.358
FW_TWAS_rep_2,GCF_003115115.2,NZ_BFCV01000016.1,pgi,43,2.149e-6,0.272
FW_TWAS_rep_2,GCF_003115115.2,NZ_BFCV01000010.1,dppB,244,5.118e-73,0.449
FW_TWAS_rep_2,GCF_003115115.2,NZ_BFCV01000020.1,cazy_GH13,45,2.004e-6,0.239
FW_TWAS_rep_2,GCF_003115115.2,NZ_BFCV01000038.1,hydA,48,9.875e-9,0.349
FW_TWAS_rep_2,GCF_003115115.2,NZ_BFCV01000019.1,bgl,236,5.507e-69,0.353
FW_TWAS_rep_2,GCF_003115115.2,NZ_BFCV01000088.1,aldh,583,1.042e-186,0.643
FW_TWAS_rep_2,GCF_003115115.2,NZ_BFCV01000038.1,xylA,510,9.463e-163,0.551
FW_TWAS_rep_2,GCF_003115115.2,NZ_BFCV01000022.1,cazy_GH43,107,3.276e-27,0.298
FW_TWAS_rep_2,GCF_003115115.2,NZ_BFCV01000058.1,ptsG,267,1.337e-77,0.343
FW_TWAS_rep_2,GCF_003115115.2,NZ_BFCV01000005.1,ptsG,327,5.482e-99,0.404
FW_TWAS_rep_2,GCF_003115115.2,NZ_BFCV01000009.1,ptsG,222,1.759e-63,0.32
FW_TWAS_rep_2,GCF_003115115.2,NZ_BFCV01000075.1,dppA,777,1.145e-253,0.699
FW_TWAS_rep_2,GCF_003115115.2,NZ_BFCV01000010.1,dppC,238,2.67e-72,0.453
FW_TWAS_rep_2,GCF_003115115.2,NZ_BFCV01000008.1,ptsG,68,5.583e-16,0.418
FW_TWAS_rep_2,GCF_003115115.2,NZ_BFCV01000011.1,mvhG,42,1.03e-6,0.323
FW_TWAS_rep_2,GCF_003115115.2,NZ_BFCV01000021.1,dppC,249,1.183e-75,0.473
FW_TWAS_rep_2,GCF_003115115.2,NZ_BFCV01000010.1,acs,93,4.83e-21,0.245
FW_TWAS_rep_2,GCF_003115115.2,NZ_BFCV01000016.1,fadD,184,1.451e-50,0.296
FW_TWAS_rep_2,GCF_003115115.2,NZ_BFCV01000004.1,glcP,226,2.014e-65,0.327
FW_TWAS_rep_2,GCF_003115115.2,NZ_BFCV01000018.1,cazy_GH13,72,2.673e-15,0.252
FW_TWAS_rep_2,GCF_003115115.2,NZ_BFCV01000212.1,cazy_CE8,250,4.282e-76,0.445
FW_TWAS_rep_2,GCF_003115115.2,NZ_BFCV01000034.1,ptsG,370,9.379e-112,0.436
FW_TWAS_rep_2,GCF_003115115.2,NZ_BFCV01000008.1,dppA,48,1.311e-7,0.212
FW_TWAS_rep_2,GCF_003115115.2,NZ_BFCV01000050.1,fadD,136,1.114e-34,0.288
FW_TWAS_rep_2,GCF_003115115.2,NZ_BFCV01000032.1,oppB,164,1.28e-46,0.384
FW_TWAS_rep_2,GCF_003115115.2,NZ_BFCV01000015.1,glcP,49,2.314e-8,0.29
FW_TWAS_rep_2,GCF_003115115.2,NZ_BFCV01000075.1,dppC,421,1.911e-135,0.71
FW_TWAS_rep_2,GCF_003115115.2,NZ_BFCV01000004.1,dtpT,360,1.969e-110,0.419
FW_TWAS_rep_2,GCF_003115115.2,NZ_BFCV01000030.1,bgl,255,3.201e-75,0.329
FW_TWAS_rep_2,GCF_003115115.2,NZ_BFCV01000034.1,sucD,374,5.944e-119,0.659
FW_TWAS_rep_2,GCF_003115115.2,NZ_BFCV01000031.1,fdhA,192,1.348e-51,0.277
FW_TWAS_rep_2,GCF_003115115.2,NZ_BFCV01000010.1,xylF,93,1.094e-22,0.302
FW_TWAS_rep_2,GCF_003115115.2,NZ_BFCV01000024.1,pepN,414,4.891e-124,0.411
FW_TWAS_rep_2,GCF_003115115.2,NZ_BFCV01000058.1,eda,115,2.265e-31,0.358
FW_TWAS_rep_2,GCF_003115115.2,NZ_BFCV01000059.1,adhE,215,1.04e-62,0.373
FW_TWAS_rep_2,GCF_003115115.2,NZ_BFCV01000012.1,fadD,132,4.733e-34,0.303
FW_TWAS_rep_2,GCF_003115115.2,NZ_BFCV01000004.1,bgl,215,1.346e-61,0.32
FW_TWAS_rep_2,GCF_003115115.2,NZ_BFCV01000006.1,oppA,202,8.293e-57,0.32
FW_TWAS_rep_2,GCF_003115115.2,NZ_BFCV01000007.1,cazy_GH13,173,6.274e-47,0.366
FW_TWAS_rep_2,GCF_003115115.2,NZ_BFCV01000004.1,mer,56,1.098e-10,0.245
FW_TWAS_rep_2,GCF_003115115.2,NZ_BFCV01000017.1,dppB,264,7.661e-81,0.445
FW_TWAS_rep_2,GCF_003115115.2,NZ_BFCV01000030.1,frhA,100,7.48e-24,0.261
FW_TWAS_rep_2,GCF_003115115.2,NZ_BFCV01000011.1,pta,222,1.01e-61,0.43
FW_TWAS_rep_2,GCF_003115115.2,NZ_BFCV01000035.1,dppA,432,1.312e-134,0.412
FW_TWAS_rep_2,GCF_003115115.2,NZ_BFCV01000024.1,adh,52,1.175e-9,0.269
FW_TWAS_rep_2,GCF_003115115.2,NZ_BFCV01000035.1,dppB,224,8.481e-67,0.383
FW_TWAS_rep_2,GCF_003115115.2,NZ_BFCV01000016.1,ptsG,516,1.239e-164,0.572
FW_TWAS_rep_2,GCF_003115115.2,NZ_BFCV01000024.1,oppA,421,2.319e-130,0.442
FW_TWAS_rep_2,GCF_003115115.2,NZ_BFCV01000010.1,fadD,138,6.932e-36,0.278
FW_TWAS_rep_2,GCF_003115115.2,NZ_BFCV01000059.1,pfkA,259,1.327e-78,0.458
FW_TWAS_rep_2,GCF_003115115.2,NZ_BFCV01000019.1,endopeptidase,276,1.379e-82,0.4
FW_TWAS_rep_2,GCF_003115115.2,NZ_BFCV01000011.1,fadD,133,1.16e-34,0.307
FW_TWAS_rep_2,GCF_003115115.2,NZ_BFCV01000021.1,dppA,216,3.126e-61,0.308
FW_TWAS_rep_2,GCF_003115115.2,NZ_BFCV01000046.1,dtpT,257,1.628e-75,0.372
FW_TWAS_rep_2,GCF_003115115.2,NZ_BFCV01000006.1,dppA,612,7.076e-197,0.579
FW_TWAS_rep_2,GCF_003115115.2,NZ_BFCV01000037.1,pepD,511,9.125e-163,0.532
FW_TWAS_rep_2,GCF_003115115.2,NZ_BFCV01000043.1,fdhA,374,1.438e-109,0.331
FW_TWAS_rep_2,GCF_003115115.2,NZ_BFCV01000008.1,folD,328,6.365e-103,0.58
FW_TWAS_rep_2,GCA_044222245.1,JBGANQ010000052.1,sucD,346,9.184e-109,0.603
FW_TWAS_rep_2,GCA_044222245.1,JBGANQ010000009.1,etfA,95,1.435e-23,0.403
FW_TWAS_rep_2,GCA_044222245.1,JBGANQ010000073.1,acs,84,6.576e-19,0.261
FW_TWAS_rep_2,GCA_044222245.1,JBGANQ010000144.1,dppA,81,1.026e-17,0.25
FW_TWAS_rep_2,GCA_044222245.1,JBGANQ010000001.1,fadE,289,5.825e-86,0.411
FW_TWAS_rep_2,GCA_044222245.1,JBGANQ010000028.1,fadE,151,1.955e-39,0.341
FW_TWAS_rep_2,GCA_044222245.1,JBGANQ010000155.1,fadB,166,4.093e-48,0.397
FW_TWAS_rep_2,GCA_044222245.1,JBGANQ010000155.1,fadE,283,5.199e-86,0.454
FW_TWAS_rep_2,GCA_044222245.1,JBGANQ010000006.1,etfA,46,2.002e-7,0.283
FW_TWAS_rep_2,GCA_044222245.1,JBGANQ010000005.1,thl,61,5.668e-12,0.266
FW_TWAS_rep_2,GCA_044222245.1,JBGANQ010000041.1,fadD,126,2.014e-30,0.281
FW_TWAS_rep_2,GCA_044222245.1,JBGANQ010000006.1,crt,93,1.018e-22,0.31
FW_TWAS_rep_2,GCA_044222245.1,JBGANQ010000008.1,fdhA,183,8.22e-49,0.293
FW_TWAS_rep_2,GCA_044222245.1,JBGANQ010000113.1,acs,63,4.236e-12,0.229
FW_TWAS_rep_2,GCA_044222245.1,JBGANQ010000004.1,acylglycerol_lipase,46,2.546e-7,0.315
FW_TWAS_rep_2,GCA_044222245.1,JBGANQ010000049.1,acs,94,4.581e-21,0.25
FW_TWAS_rep_2,GCA_044222245.1,JBGANQ010000094.1,hydA,43,2.477e-6,0.295
FW_TWAS_rep_2,GCA_044222245.1,JBGANQ010000037.1,fadB,59,5.997e-12,0.306
FW_TWAS_rep_2,GCA_044222245.1,JBGANQ010000098.1,fadD,160,2.854e-42,0.3
FW_TWAS_rep_2,GCA_044222245.1,JBGANQ010000011.1,adh,74,4.028e-16,0.311
FW_TWAS_rep_2,GCA_044222245.1,JBGANQ010000061.1,pepQ,93,8.351e-22,0.353
FW_TWAS_rep_2,GCA_044222245.1,JBGANQ010000013.1,fadD,175,2.711e-47,0.313
FW_TWAS_rep_2,GCA_044222245.1,JBGANQ010000019.1,pepN,366,8.351e-108,0.362
FW_TWAS_rep_2,GCA_044222245.1,JBGANQ010000060.1,cazy_GH5,55,6.253e-10,0.247
FW_TWAS_rep_2,GCA_044222245.1,JBGANQ010000002.1,fdhA,179,6.824e-47,0.29
FW_TWAS_rep_2,GCA_044222245.1,JBGANQ010000033.1,gapA,358,2.198e-106,0.503
FW_TWAS_rep_2,GCA_044222245.1,JBGANQ010000023.1,fadA,259,1.553e-77,0.48
FW_TWAS_rep_2,GCA_044222245.1,JBGANQ010000031.1,gdh,400,2.393e-125,0.505
FW_TWAS_rep_2,GCA_044222245.1,JBGANQ010000010.1,pepA,243,1.379e-70,0.398
FW_TWAS_rep_2,GCA_044222245.1,JBGANQ010000048.1,acs,92,3.179e-20,0.249
FW_TWAS_rep_2,GCA_044222245.1,JBGANQ010000119.1,dtpT,305,4.683e-91,0.405
FW_TWAS_rep_2,GCA_044222245.1,JBGANQ010000038.1,acylglycerol_lipase,57,7.93e-11,0.31
FW_TWAS_rep_2,GCA_044222245.1,JBGANQ010000070.1,crt,140,5.952e-39,0.345
FW_TWAS_rep_2,GCA_044222245.1,JBGANQ010000033.1,frhB,43,4.605e-7,0.357
FW_TWAS_rep_2,GCA_044222245.1,JBGANQ010000042.1,cazy_GH13,42,4.22e-6,0.252
FW_TWAS_rep_2,GCA_044222245.1,JBGANQ010000019.1,cazy_GH9,179,4.765e-48,0.301
FW_TWAS_rep_2,GCA_044222245.1,JBGANQ010000113.1,fadD,278,1.302e-80,0.35
FW_TWAS_rep_2,GCA_044222245.1,JBGANQ010000003.1,bcd,95,3.586e-22,0.289
FW_TWAS_rep_2,GCA_044222245.1,JBGANQ010000098.1,acs,123,1.366e-30,0.265
FW_TWAS_rep_2,GCA_044222245.1,JBGANQ010000013.1,fadE,140,3.692e-36,0.315
FW_TWAS_rep_2,GCA_044222245.1,JBGANQ010000149.1,esterase,217,3.367e-61,0.345
FW_TWAS_rep_2,GCA_044222245.1,JBGANQ010000052.1,fdhA,182,3.054e-49,0.296
FW_TWAS_rep_2,GCA_044222245.1,JBGANQ010000001.1,acs,700,4.909e-225,0.557
FW_TWAS_rep_2,GCA_044222245.1,JBGANQ010000002.1,fwdA,44,1.905e-6,0.376
FW_TWAS_rep_2,GCA_044222245.1,JBGANQ010000002.1,dppB,251,2.484e-75,0.47
FW_TWAS_rep_2,GCA_044222245.1,JBGANQ010000059.1,frhA,160,4.51e-43,0.296
FW_TWAS_rep_2,GCA_044222245.1,JBGANQ010000004.1,acs,198,5.772e-55,0.33
FW_TWAS_rep_2,GCA_044222245.1,JBGANQ010000047.1,aldh,213,2.316e-60,0.345
FW_TWAS_rep_2,GCA_044222245.1,JBGANQ010000002.1,adhE,126,1.517e-32,0.336
FW_TWAS_rep_2,GCA_044222245.1,JBGANQ010000061.1,frhG,44,2.603e-8,0.34
FW_TWAS_rep_2,GCA_044222245.1,JBGANQ010000065.1,esterase,215,1.531e-59,0.332
FW_TWAS_rep_2,GCA_044222245.1,JBGANQ010000148.1,cazy_GH13,90,4.714e-21,0.296
FW_TWAS_rep_2,GCA_044222245.1,JBGANQ010000061.1,fdhA,66,2.807e-13,0.345
FW_TWAS_rep_2,GCA_044222245.1,JBGANQ010000068.1,fhs,629,4.633e-202,0.6
FW_TWAS_rep_2,GCA_044222245.1,JBGANQ010000013.1,lipase,44,6.28e-7,0.29
FW_TWAS_rep_2,GCA_044222245.1,JBGANQ010000065.1,fadD,134,1.756e-33,0.308
FW_TWAS_rep_2,GCA_044222245.1,JBGANQ010000110.1,mvhG,46,3.766e-8,0.274
FW_TWAS_rep_2,GCA_044222245.1,JBGANQ010000032.1,adhE,57,1.778e-10,0.237
FW_TWAS_rep_2,GCA_044222245.1,JBGANQ010000001.1,pepN,166,2.219e-43,0.36
FW_TWAS_rep_2,GCA_044222245.1,JBGANQ010000054.1,crt,154,9.133e-44,0.39
FW_TWAS_rep_2,GCA_044222245.1,JBGANQ010000008.1,xylB,67,2.264e-13,0.274
FW_TWAS_rep_2,GCA_044222245.1,JBGANQ010000023.1,hbd,40,6.006e-8,0.58
FW_TWAS_rep_2,GCA_044222245.1,JBGANQ010000002.1,pepO,72,4.239e-16,0.456
FW_TWAS_rep_2,GCA_044222245.1,JBGANQ010000005.1,tdcB,54,9.897e-10,0.271
FW_TWAS_rep_2,GCA_044222245.1,JBGANQ010000124.1,agl,83,4.721e-18,0.295
FW_TWAS_rep_2,GCA_044222245.1,JBGANQ010000030.1,agl,53,3.477e-9,0.236
FW_TWAS_rep_2,GCA_044222245.1,JBGANQ010000089.1,acs,148,9.557e-39,0.289
FW_TWAS_rep_2,GCA_044222245.1,JBGANQ010000093.1,fadD,135,1.01e-33,0.294
FW_TWAS_rep_2,GCA_044222245.1,JBGANQ010000155.1,mmcF,165,2.642e-49,0.595
FW_TWAS_rep_2,GCA_044222245.1,JBGANQ010000074.1,agl,239,1.446e-68,0.378
FW_TWAS_rep_2,GCA_044222245.1,JBGANQ010000094.1,frhB,48,1.168e-7,0.413
FW_TWAS_rep_2,GCA_044222245.1,JBGANQ010000030.1,acylglycerol_lipase,53,1.43e-9,0.29
FW_TWAS_rep_2,GCA_044222245.1,JBGANQ010000030.1,dppC,175,5.056e-47,0.417
FW_TWAS_rep_2,GCA_044222245.1,JBGANQ010000010.1,acs,193,2.612e-53,0.319
FW_TWAS_rep_2,GCA_044222245.1,JBGANQ010000016.1,crt,166,4.084e-46,0.444
FW_TWAS_rep_2,GCA_044222245.1,JBGANQ010000079.1,ackA,311,2.449e-95,0.493
FW_TWAS_rep_2,GCA_044222245.1,JBGANQ010000002.1,fadE,316,4.26e-97,0.472
FW_TWAS_rep_2,GCA_044222245.1,JBGANQ010000077.1,mmcE,673,1.443e-217,0.639
FW_TWAS_rep_2,GCA_044222245.1,JBGANQ010000001.1,crt,157,1.843e-44,0.386
FW_TWAS_rep_2,GCA_044222245.1,JBGANQ010000004.1,fadD,185,6.151e-51,0.323
FW_TWAS_rep_2,GCA_044222245.1,JBGANQ010000032.1,bcd,205,9.217e-57,0.35
FW_TWAS_rep_2,GCA_044222245.1,JBGANQ010000044.1,thl,322,7.316e-99,0.495
FW_TWAS_rep_2,GCA_044222245.1,JBGANQ010000001.1,dtpT,87,9.005e-20,0.271
FW_TWAS_rep_2,GCA_044222245.1,JBGANQ010000007.1,tdcB,244,2.575e-72,0.446
FW_TWAS_rep_2,GCA_044222245.1,JBGANQ010000032.1,aldh,59,4.412e-11,0.262
FW_TWAS_rep_2,GCA_044222245.1,JBGANQ010000148.1,agl,62,2.631e-12,0.276
FW_TWAS_rep_2,GCA_044222245.1,JBGANQ010000009.1,fumB,771,1.376e-251,0.709
FW_TWAS_rep_2,GCA_044222245.1,JBGANQ010000046.1,acs,149,1.029e-38,0.276
FW_TWAS_rep_2,GCA_044222245.1,JBGANQ010000030.1,cazy_GH13,104,1.31e-24,0.297
FW_TWAS_rep_2,GCA_044222245.1,JBGANQ010000001.1,bcd,244,9.298e-71,0.386
FW_TWAS_rep_2,GCA_044222245.1,JBGANQ010000020.1,pfkA,212,2.993e-61,0.375
FW_TWAS_rep_2,GCA_044222245.1,JBGANQ010000018.1,pepO,567,2.475e-178,0.438
FW_TWAS_rep_2,GCA_044222245.1,JBGANQ010000001.1,acylglycerol_lipase,51,5.447e-9,0.32
FW_TWAS_rep_2,GCA_044222245.1,JBGANQ010000016.1,agl,211,1.606e-59,0.39
FW_TWAS_rep_2,GCA_044222245.1,JBGANQ010000061.1,pepN,240,1.065e-66,0.35
FW_TWAS_rep_2,GCA_044222245.1,JBGANQ010000041.1,bgl,156,1.464e-41,0.287
FW_TWAS_rep_2,GCA_044222245.1,JBGANQ010000081.1,fdhA,204,1.747e-55,0.318
FW_TWAS_rep_2,GCA_044222245.1,JBGANQ010000003.1,esterase,220,2.5e-62,0.331
FW_TWAS_rep_2,GCA_044222245.1,JBGANQ010000054.1,etfA,127,1.78e-34,0.375
FW_TWAS_rep_2,GCA_044222245.1,JBGANQ010000059.1,mvhG,116,1.815e-30,0.332
FW_TWAS_rep_2,GCA_044222245.1,JBGANQ010000028.1,bcd,140,4.401e-36,0.311
FW_TWAS_rep_2,GCA_044222245.1,JBGANQ010000062.1,fadB,72,5.874e-16,0.276
FW_TWAS_rep_2,GCA_044222245.1,JBGANQ010000025.1,lipase,134,5.955e-36,0.344
FW_TWAS_rep_2,GCA_044222245.1,JBGANQ010000027.1,lctB,65,7.263e-13,0.274
FW_TWAS_rep_2,GCA_044222245.1,JBGANQ010000119.1,folD,304,8.676e-95,0.559
FW_TWAS_rep_2,GCA_044222245.1,JBGANQ010000010.1,fadD,134,2.422e-33,0.286
FW_TWAS_rep_2,GCA_044222245.1,JBGANQ010000018.1,cazy_GH13,83,3.1e-18,0.284
FW_TWAS_rep_2,GCA_044222245.1,JBGANQ010000027.1,pfkA,42,3.323e-6,0.296
FW_TWAS_rep_2,GCA_044222245.1,JBGANQ010000026.1,fadD,148,1.092e-38,0.294
FW_TWAS_rep_2,GCA_044222245.1,JBGANQ010000055.1,agl,51,8.519e-9,0.234
FW_TWAS_rep_2,GCA_044222245.1,JBGANQ010000090.1,lctB,76,1.105e-16,0.298
FW_TWAS_rep_2,GCA_044222245.1,JBGANQ010000124.1,cazy_GH13,125,1.312e-30,0.35
FW_TWAS_rep_2,GCA_044222245.1,JBGANQ010000122.1,mmcG,97,5.785e-23,0.389
FW_TWAS_rep_2,GCA_044222245.1,JBGANQ010000032.1,acs,83,1.393e-17,0.236
FW_TWAS_rep_2,GCA_044222245.1,JBGANQ010000059.1,bcd,148,1.118e-39,0.28
FW_TWAS_rep_2,GCA_044222245.1,JBGANQ010000061.1,hydA,96,1.299e-22,0.278
FW_TWAS_rep_2,GCA_044222245.1,JBGANQ010000155.1,hbd,287,1.096e-89,0.575
FW_TWAS_rep_2,GCA_044222245.1,JBGANQ010000089.1,fadD,228,7.047e-65,0.331
FW_TWAS_rep_2,GCA_044222245.1,JBGANQ010000100.1,tdcB,79,1.017e-17,0.298
FW_TWAS_rep_2,GCA_044222245.1,JBGANQ010000016.1,etfA,95,8.057e-23,0.359
FW_TWAS_rep_2,GCA_044222245.1,JBGANQ010000100.1,extracellular_protease,137,4.259e-35,0.33
FW_TWAS_rep_2,GCA_044222245.1,JBGANQ010000005.1,fadA,43,1.705e-6,0.25
FW_TWAS_rep_2,GCA_044222245.1,JBGANQ010000065.1,acs,123,3.939e-30,0.274
FW_TWAS_rep_2,GCA_044222245.1,JBGANQ010000039.1,fdhA,671,4.077e-209,0.43
FW_TWAS_rep_2,GCA_044222245.1,JBGANQ010000021.1,oppA,133,1.085e-33,0.283
FW_TWAS_rep_2,GCA_044222245.1,JBGANQ010000119.1,cat,250,1.665e-77,0.595
FW_TWAS_rep_2,GCA_044222245.1,JBGANQ010000067.1,dtpT,158,8.291e-43,0.333
FW_TWAS_rep_2,GCA_044222245.1,JBGANQ010000084.1,esterase,59,1.282e-11,0.37
FW_TWAS_rep_2,GCA_044222245.1,JBGANQ010000008.1,cazy_GH13,64,9.648e-13,0.264
FW_TWAS_rep_2,GCA_044222245.1,JBGANQ010000001.1,etfB,205,4.342e-61,0.474
FW_TWAS_rep_2,GCA_044222245.1,JBGANQ010000019.1,acylglycerol_lipase,43,1.271e-6,0.303
FW_TWAS_rep_2,GCA_044222245.1,JBGANQ010000016.1,cazy_GH13,179,7.456e-49,0.377
FW_TWAS_rep_2,GCA_044222245.1,JBGANQ010000070.1,etfA,91,2.835e-22,0.314
FW_TWAS_rep_2,GCA_044222245.1,JBGANQ010000011.1,acylglycerol_lipase,53,8.735e-10,0.4
FW_TWAS_rep_2,GCA_044222245.1,JBGANQ010000073.1,fadD,146,1.244e-38,0.33
FW_TWAS_rep_2,GCA_044222245.1,JBGANQ010000007.1,thl,259,2.119e-77,0.443
FW_TWAS_rep_2,GCA_044222245.1,JBGANQ010000041.1,acs,108,7.947e-25,0.256
FW_TWAS_rep_2,GCA_044222245.1,JBGANQ010000005.1,dtpT,107,6.933e-26,0.274
FW_TWAS_rep_2,GCA_044222245.1,JBGANQ010000070.1,cazy_GH5,117,8.052e-30,0.299
FW_TWAS_rep_2,GCA_044222245.1,JBGANQ010000155.1,crt,216,7.61e-65,0.478
FW_TWAS_rep_2,GCA_044222245.1,JBGANQ010000074.1,cazy_GH5,59,8.669e-12,0.297
FW_TWAS_rep_2,GCA_044222245.1,JBGANQ010000012.1,frhB,43,2.311e-6,0.333
FW_TWAS_rep_2,GCA_044222245.1,JBGANQ010000101.1,crt,151,3.174e-40,0.385
FW_TWAS_rep_2,GCA_044222245.1,JBGANQ010000100.1,acs,110,8.897e-27,0.268
FW_TWAS_rep_2,GCA_044222245.1,JBGANQ010000123.1,prdB,102,3.163e-26,0.406
FW_TWAS_rep_2,GCA_044222245.1,JBGANQ010000002.1,extracellular_protease,201,7.173e-56,0.457
FW_TWAS_rep_2,GCA_044222245.1,JBGANQ010000028.1,lysophospholipase,65,8.408e-14,0.268
FW_TWAS_rep_2,GCA_044222245.1,JBGANQ010000070.1,gdh,74,3.887e-16,0.287
FW_TWAS_rep_2,GCA_044222245.1,JBGANQ010000002.1,fadD,335,7.134e-100,0.401
FW_TWAS_rep_2,GCA_044222245.1,JBGANQ010000023.1,thl,376,7.785e-118,0.594
FW_TWAS_rep_2,GCA_044222245.1,JBGANQ010000055.1,fadB,91,4.068e-21,0.29
FW_TWAS_rep_2,GCA_044222245.1,JBGANQ010000026.1,bcd,222,1.179e-64,0.362
FW_TWAS_rep_2,GCA_044222245.1,JBGANQ010000052.1,mdh,272,1.911e-83,0.505
FW_TWAS_rep_2,GCA_044222245.1,JBGANQ010000045.1,pyk,132,1.877e-33,0.363
FW_TWAS_rep_2,GCA_044222245.1,JBGANQ010000001.1,fadD,128,2.411e-32,0.281
FW_TWAS_rep_2,GCA_044222245.1,JBGANQ010000155.1,bcd,415,1.353e-131,0.569
FW_TWAS_rep_2,GCA_044222245.1,JBGANQ010000084.1,bgl,104,2.041e-26,0.316
FW_TWAS_rep_2,GCA_044222245.1,JBGANQ010000059.1,mvhA,201,1.079e-56,0.308
FW_TWAS_rep_2,GCA_044222245.1,JBGANQ010000049.1,fadD,270,1.423e-74,0.377
FW_TWAS_rep_2,GCA_044222245.1,JBGANQ010000038.1,xylF,251,3.796e-75,0.468
FW_TWAS_rep_2,GCA_044222245.1,JBGANQ010000013.1,bcd,115,2.146e-28,0.295
FW_TWAS_rep_2,GCA_044222245.1,JBGANQ010000054.1,pepA,398,4.192e-123,0.51
FW_TWAS_rep_2,GCA_044222245.1,JBGANQ010000029.1,extracellular_protease,151,4.683e-39,0.345
FW_TWAS_rep_2,GCA_044222245.1,JBGANQ010000047.1,adhE,206,4.045e-58,0.341
FW_TWAS_rep_2,GCA_044222245.1,JBGANQ010000051.1,extracellular_protease,59,4.584e-11,0.315
FW_TWAS_rep_2,GCA_044222245.1,JBGANQ010000007.1,fadA,322,3.292e-99,0.492
FW_TWAS_rep_2,GCA_044222245.1,JBGANQ010000059.1,fadE,213,1.803e-61,0.381
FW_TWAS_rep_2,GCA_044222245.1,JBGANQ010000013.1,cazy_GH13,102,5.962e-24,0.254
FW_TWAS_rep_2,GCA_044222245.1,JBGANQ010000013.1,acs,153,5.555e-40,0.273
FW_TWAS_rep_2,GCA_044222245.1,JBGANQ010000005.1,mer,58,2.741e-11,0.39
FW_TWAS_rep_2,GCA_044222245.1,JBGANQ010000055.1,etfA,81,5.012e-18,0.339
FW_TWAS_rep_2,GCA_044222245.1,JBGANQ010000030.1,dppB,246,1.831e-73,0.438
FW_TWAS_rep_2,GCA_044222245.1,JBGANQ010000023.1,ilvE,84,8.314e-20,0.32
FW_TWAS_rep_2,GCA_044222245.1,JBGANQ010000030.1,etfA,50,1.652e-8,0.296
FW_TWAS_rep_2,GCA_044222245.1,JBGANQ010000018.1,esterase,233,1.46e-65,0.35
FW_TWAS_rep_2,GCA_044222245.1,JBGANQ010000045.1,pepQ,108,2.659e-26,0.313
FW_TWAS_rep_2,GCA_044222245.1,JBGANQ010000144.1,oppA,67,1.675e-13,0.269
FW_TWAS_rep_2,GCA_044222245.1,JBGANQ010000019.1,pepO,640,9.818e-203,0.515
FW_TWAS_rep_2,GCA_044222245.1,JBGANQ010000026.1,dtpT,340,1.95e-104,0.465
FW_TWAS_rep_2,GCA_044222245.1,JBGANQ010000125.1,cazy_GH13,177,8.602e-47,0.354
FW_TWAS_rep_2,GCA_044222245.1,JBGANQ010000167.1,fadE,43,1.587e-6,0.49
FW_TWAS_rep_2,GCA_044222245.1,JBGANQ010000001.1,gdh,404,2.402e-127,0.509
FW_TWAS_rep_2,GCA_044222245.1,JBGANQ010000055.1,pepN,193,6.527e-52,0.313
FW_TWAS_rep_2,GCA_044222245.1,JBGANQ010000054.1,fadB,98,1.285e-24,0.448
FW_TWAS_rep_2,GCA_044222245.1,JBGANQ010000046.1,fadD,145,1.356e-37,0.308
FW_TWAS_rep_2,GCA_044222245.1,JBGANQ010000073.1,pgi,745,1.572e-242,0.679
FW_TWAS_rep_2,GCA_044222245.1,JBGANQ010000018.1,ilvE,111,1.293e-27,0.298
FW_TWAS_rep_2,GCA_044222245.1,JBGANQ010000003.1,fadE,56,2.742e-10,0.24
FW_TWAS_rep_2,GCA_044222245.1,JBGANQ010000006.1,bcd,173,1.75e-46,0.359
FW_TWAS_rep_2,GCA_044222245.1,JBGANQ010000039.1,hydA,95,1.169e-21,0.306
FW_TWAS_rep_2,GCA_044222245.1,JBGANQ010000078.1,mmcE,651,1.079e-209,0.608
FW_TWAS_rep_2,GCA_044222245.1,JBGANQ010000030.1,fadD,283,7.562e-83,0.372
FW_TWAS_rep_2,GCA_044222245.1,JBGANQ010000008.1,hbd,146,2.153e-37,0.299
FW_TWAS_rep_2,GCA_044222245.1,JBGANQ010000032.1,fadE,162,4.138e-43,0.343
FW_TWAS_rep_2,GCA_044222245.1,JBGANQ010000059.1,pfor,152,8.955e-41,0.323
FW_TWAS_rep_2,GCA_044222245.1,JBGANQ010000093.1,acs,46,1.157e-6,0.236
FW_TWAS_rep_2,GCA_044222245.1,JBGANQ010000013.1,agl,70,1.948e-14,0.364
FW_TWAS_rep_2,GCA_044222245.1,JBGANQ010000002.1,bcd,303,9.413e-93,0.455
FW_TWAS_rep_2,GCA_044222245.1,JBGANQ010000026.1,acs,195,7.926e-54,0.306
FW_TWAS_rep_2,GCA_044222245.1,JBGANQ010000002.1,dppA,219,3.333e-62,0.345
FW_TWAS_rep_2,GCA_044222245.1,JBGANQ010000073.1,cazy_GH5,85,4.313e-19,0.278
FW_TWAS_rep_2,GCA_044222245.1,JBGANQ010000048.1,fadD,109,1.38e-25,0.283
FW_TWAS_rep_2,GCA_044222245.1,JBGANQ010000006.1,fadE,196,6.518e-54,0.381
FW_TWAS_rep_2,GCA_044222245.1,JBGANQ010000021.1,dppA,150,4.024e-39,0.274
FW_TWAS_rep_2,GCA_044222245.1,JBGANQ010000027.1,pepQ,151,1.239e-39,0.335
FW_TWAS_rep_2,GCA_044222245.1,JBGANQ010000002.1,oppB,218,4.126e-64,0.446
FW_TWAS_rep_2,GCA_044222245.1,JBGANQ010000110.1,frhG,40,4.443e-6,0.238
FW_TWAS_rep_2,GCA_044222245.1,JBGANQ010000022.1,cazy_GH5,74,3.064e-16,0.295
FW_TWAS_rep_2,GCA_044222245.1,JBGANQ010000008.1,tdcB,303,2.101e-86,0.534
FW_TWAS_rep_2,GCA_044222245.1,JBGANQ010000001.1,etfA,254,3.879e-77,0.48
FW_TWAS_rep_2,GCA_044222245.1,JBGANQ010000001.1,fadA,253,1.395e-75,0.424
FW_TWAS_rep_2,GCA_044222245.1,JBGANQ010000059.1,pfkA,85,2.767e-19,0.243
FW_TWAS_rep_2,GCA_044222245.1,JBGANQ010000037.1,crt,95,9.178e-24,0.35
FW_TWAS_rep_2,GCA_044222245.1,JBGANQ010000055.1,cazy_GH13,115,2.558e-28,0.309
FW_TWAS_rep_2,GCA_044222245.1,JBGANQ010000125.1,agl,143,1.361e-36,0.293
FW_TWAS_rep_2,GCA_044222245.1,JBGANQ010000013.1,gapA,310,5.056e-94,0.498
FW_TWAS_rep_2,GCA_044222245.1,JBGANQ010000061.1,mvhG,40,4.462e-7,0.282
FW_TWAS_rep_2,GCA_044222245.1,JBGANQ010000001.1,fadB,85,4.406e-20,0.316
FW_TWAS_rep_2,GCA_044222245.1,JBGANQ010000008.1,fadB,124,7.384e-31,0.32
FW_TWAS_rep_2,GCA_044222245.1,JBGANQ010000135.1,pepO,540,4.754e-169,0.442
FW_TWAS_rep_2,GCA_044222245.1,JBGANQ010000062.1,etfA,74,1.798e-16,0.283
FW_TWAS_rep_2,GCA_044222245.1,JBGANQ010000112.1,mer,90,6.712e-21,0.272
FW_TWAS_rep_2,GCA_044222245.1,JBGANQ010000030.1,acs,66,2.366e-13,0.23
FW_TWAS_rep_2,GCA_044222245.1,JBGANQ010000073.1,crt,143,2.225e-39,0.374
FW_TWAS_rep_2,GCA_044222245.1,JBGANQ010000004.1,cazy_GH13,188,7.806e-52,0.346
FW_TWAS_rep_2,GCA_044222245.1,JBGANQ010000081.1,pepO,79,5.125e-18,0.382
FW_TWAS_rep_2,GCA_044222245.1,JBGANQ010000002.1,oppA,190,1.233e-52,0.318
FW_TWAS_rep_2,GCA_044222245.1,JBGANQ010000132.1,pyk,389,1.827e-120,0.474
FW_TWAS_rep_2,GCA_044222245.1,JBGANQ010000062.1,crt,135,4.408e-37,0.342
FW_TWAS_rep_2,GCA_044222245.1,JBGANQ010000052.1,sucC,376,1.351e-117,0.512
FW_TWAS_rep_2,GCA_044222245.1,JBGANQ010000030.1,crt,75,3.92e-16,0.317
FW_TWAS_rep_2,GCA_044222245.1,JBGANQ010000043.1,tdcB,186,4.442e-54,0.4
FW_TWAS_rep_2,GCA_044222245.1,JBGANQ010000089.1,adh,51,3.888e-9,0.293
FW_TWAS_rep_2,GCA_044222245.1,JBGANQ010000001.1,thl,318,6.046e-98,0.494
FW_TWAS_rep_2,GCA_044222245.1,JBGANQ010000003.1,dtpT,342,4.382e-105,0.42
FW_TWAS_rep_2,GCA_044222245.1,JBGANQ010000044.1,fadA,376,1.301e-117,0.515
FW_TWAS_rep_2,GCA_044222245.1,JBGANQ010000155.1,etfA,161,4.152e-46,0.378
FW_TWAS_rep_2,GCA_044222245.1,JBGANQ010000002.1,dppC,205,9.544e-58,0.432
FW_TWAS_rep_2,GCA_044222245.1,JBGANQ010000026.1,fadE,172,5.682e-48,0.34
FW_TWAS_rep_2,GCA_044222245.1,JBGANQ010000088.1,lysophospholipase,40,6.377e-6,0.289
FW_TWAS_rep_2,GCA_044222245.1,JBGANQ010000074.1,cazy_GH13,185,1.047e-50,0.359
FW_TWAS_rep_2,GCA_044222245.1,JBGANQ010000002.1,ilvE,325,6.989e-101,0.501
FW_TWAS_rep_2,GCA_044222245.1,JBGANQ010000009.1,cazy_GH13,95,1.003e-21,0.287
FW_TWAS_rep_2,GCA_044222245.1,JBGANQ010000002.1,acs,64,1.395e-12,0.241
FW_TWAS_rep_2,GCA_044222245.1,JBGANQ010000012.1,hydA,43,3.051e-6,0.311
FW_TWAS_rep_2,GCA_044222245.1,JBGANQ010000004.1,agl,250,3.891e-72,0.365
FW_TWAS_rep_2,GCA_044222245.1,JBGANQ010000009.1,crt,137,1.58e-37,0.421
FW_TWAS_rep_2,GCA_044222245.1,JBGANQ010000003.1,acylglycerol_lipase,46,1.667e-7,0.315
FW_TWAS_rep_2,GCA_044222245.1,JBGANQ010000032.1,fadD,122,3.925e-29,0.291
FW_TWAS_rep_2,GCA_044222245.1,JBGANQ010000003.1,lipase,139,7.996e-38,0.37
FW_TWAS_rep_2,GCA_044222245.1,JBGANQ010000008.1,agl,52,5.223e-9,0.231
FW_TWAS_rep_2,GCA_044222245.1,JBGANQ010000030.1,oppB,209,1.181e-60,0.398
FW_TWAS_rep_2,GCA_044222245.1,JBGANQ010000038.1,bgl,113,1.328e-30,0.374
FW_TWAS_rep_2,GCA_021808285.1,JAKBBV010000021.1,bcd,118,1.328e-29,0.296
FW_TWAS_rep_2,GCA_021808285.1,JAKBBV010000012.1,crt,122,2.257e-32,0.334
FW_TWAS_rep_2,GCA_021808285.1,JAKBBV010000059.1,fadB,92,2.681e-22,0.347
FW_TWAS_rep_2,GCA_021808285.1,JAKBBV010000065.1,gdh,535,9.674e-172,0.559
FW_TWAS_rep_2,GCA_021808285.1,JAKBBV010000001.1,fadD,147,7.838e-39,0.32
FW_TWAS_rep_2,GCA_021808285.1,JAKBBV010000003.1,fadB,85,4.41e-20,0.328
FW_TWAS_rep_2,GCA_021808285.1,JAKBBV010000018.1,pepT,44,2.659e-6,0.211
FW_TWAS_rep_2,GCA_021808285.1,JAKBBV010000011.1,fadB,185,6.272e-54,0.395
FW_TWAS_rep_2,GCA_021808285.1,JAKBBV010000008.1,fadD,113,7.87e-28,0.273
FW_TWAS_rep_2,GCA_021808285.1,JAKBBV010000058.1,crt,137,7.111e-38,0.36
FW_TWAS_rep_2,GCA_021808285.1,JAKBBV010000039.1,hbd,236,1.487e-66,0.431
FW_TWAS_rep_2,GCA_021808285.1,JAKBBV010000016.1,crt,129,5.997e-35,0.359
FW_TWAS_rep_2,GCA_021808285.1,JAKBBV010000021.1,fadE,182,2.19e-50,0.359
FW_TWAS_rep_2,GCA_021808285.1,JAKBBV010000004.1,fadD,145,6.221e-38,0.294
FW_TWAS_rep_2,GCA_021808285.1,JAKBBV010000029.1,thl,414,9.447e-131,0.597
FW_TWAS_rep_2,GCA_021808285.1,JAKBBV010000032.1,ilvE,108,5.3e-27,0.334
FW_TWAS_rep_2,GCA_021808285.1,JAKBBV010000029.1,bcd,117,8.737e-29,0.294
FW_TWAS_rep_2,GCA_021808285.1,JAKBBV010000004.1,fadA,342,8.404e-106,0.501
FW_TWAS_rep_2,GCA_021808285.1,JAKBBV010000025.1,thl,284,3.081e-86,0.429
FW_TWAS_rep_2,GCA_021808285.1,JAKBBV010000021.1,fadD,143,1.449e-37,0.31
FW_TWAS_rep_2,GCA_021808285.1,JAKBBV010000001.1,adh,49,1.074e-8,0.307
FW_TWAS_rep_2,GCA_021808285.1,JAKBBV010000001.1,acs,132,5.116e-34,0.267
FW_TWAS_rep_2,GCA_021808285.1,JAKBBV010000011.1,thl,360,1.509e-112,0.549
FW_TWAS_rep_2,GCA_021808285.1,JAKBBV010000019.1,adh,49,9.121e-9,0.339
FW_TWAS_rep_2,GCA_021808285.1,JAKBBV010000009.1,frhB,41,1.422e-6,0.392
FW_TWAS_rep_2,GCA_021808285.1,JAKBBV010000023.1,fadD,108,5.026e-26,0.286
FW_TWAS_rep_2,GCA_021808285.1,JAKBBV010000023.1,fadE,245,7.505e-73,0.433
FW_TWAS_rep_2,GCA_021808285.1,JAKBBV010000001.1,crt,137,2.382e-37,0.368
FW_TWAS_rep_2,GCA_021808285.1,JAKBBV010000005.1,cazy_GH13,163,2.119e-43,0.331
FW_TWAS_rep_2,GCA_021808285.1,JAKBBV010000030.1,etfA,103,3.237e-26,0.369
FW_TWAS_rep_2,GCA_021808285.1,JAKBBV010000040.1,cat,246,3.839e-75,0.564
FW_TWAS_rep_2,GCA_021808285.1,JAKBBV010000030.1,crt,171,2.506e-49,0.436
FW_TWAS_rep_2,GCA_021808285.1,JAKBBV010000061.1,fadE,146,1.205e-39,0.342
FW_TWAS_rep_2,GCA_021808285.1,JAKBBV010000050.1,crt,74,2.286e-16,0.582
FW_TWAS_rep_2,GCA_021808285.1,JAKBBV010000040.1,aldh,59,2.667e-11,0.211
FW_TWAS_rep_2,GCA_021808285.1,JAKBBV010000070.1,bcd,110,2.031e-27,0.293
FW_TWAS_rep_2,GCA_021808285.1,JAKBBV010000024.1,thl,264,2.626e-79,0.426
FW_TWAS_rep_2,GCA_021808285.1,JAKBBV010000038.1,fadE,133,9.087e-35,0.299
FW_TWAS_rep_2,GCA_021808285.1,JAKBBV010000022.1,acylglycerol_lipase,46,1.323e-7,0.311
FW_TWAS_rep_2,GCA_021808285.1,JAKBBV010000008.1,gdh,1214,0.0,0.467
FW_TWAS_rep_2,GCA_021808285.1,JAKBBV010000014.1,mmcG,51,4.157e-9,0.28
FW_TWAS_rep_2,GCA_021808285.1,JAKBBV010000024.1,fadA,297,8.042e-91,0.465
FW_TWAS_rep_2,GCA_021808285.1,JAKBBV010000009.1,fdhA,75,7.345e-16,0.217
FW_TWAS_rep_2,GCA_021808285.1,JAKBBV010000005.1,agl,277,5.895e-81,0.421
FW_TWAS_rep_2,GCA_021808285.1,JAKBBV010000009.1,frhG,41,1.053e-6,0.372
FW_TWAS_rep_2,GCA_021808285.1,JAKBBV010000016.1,pepQ,179,1.857e-48,0.334
FW_TWAS_rep_2,GCA_021808285.1,JAKBBV010000004.1,esterase,236,7.293e-65,0.347
FW_TWAS_rep_2,GCA_021808285.1,JAKBBV010000039.1,acs,130,1.665e-33,0.283
FW_TWAS_rep_2,GCA_021808285.1,JAKBBV010000001.1,mer,109,1.192e-26,0.311
FW_TWAS_rep_2,GCA_021808285.1,JAKBBV010000051.1,mmcF,102,5.204e-24,0.413
FW_TWAS_rep_2,GCA_021808285.1,JAKBBV010000006.1,sucC,383,1.704e-120,0.525
FW_TWAS_rep_2,GCA_021808285.1,JAKBBV010000015.1,acs,814,1.608e-264,0.62
FW_TWAS_rep_2,GCA_021808285.1,JAKBBV010000028.1,fadD,162,1.982e-43,0.293
FW_TWAS_rep_2,GCA_021808285.1,JAKBBV010000008.1,etfA,128,1.061e-34,0.365
FW_TWAS_rep_2,GCA_021808285.1,JAKBBV010000002.1,pepA,295,9.351e-88,0.423
FW_TWAS_rep_2,GCA_021808285.1,JAKBBV010000005.1,fadD,115,1.706e-28,0.289
FW_TWAS_rep_2,GCA_021808285.1,JAKBBV010000022.1,crt,96,3.737e-23,0.309
FW_TWAS_rep_2,GCA_021808285.1,JAKBBV010000013.1,esterase,192,1.992e-53,0.315
FW_TWAS_rep_2,GCA_021808285.1,JAKBBV010000040.1,adhE,66,1.764e-13,0.238
FW_TWAS_rep_2,GCA_021808285.1,JAKBBV010000008.1,crt,296,1.319e-92,0.619
FW_TWAS_rep_2,GCA_021808285.1,JAKBBV010000039.1,bcd,222,4.922e-65,0.354
FW_TWAS_rep_2,GCA_021808285.1,JAKBBV010000029.1,fadE,143,4.56e-37,0.335
FW_TWAS_rep_2,GCA_021808285.1,JAKBBV010000002.1,tdcB,277,8.976e-84,0.498
FW_TWAS_rep_2,GCA_021808285.1,JAKBBV010000006.1,sucD,385,8.149e-123,0.657
FW_TWAS_rep_2,GCA_021808285.1,JAKBBV010000085.1,crt,124,6.182e-33,0.361
FW_TWAS_rep_2,GCA_021808285.1,JAKBBV010000001.1,fadE,229,3.988e-67,0.405
FW_TWAS_rep_2,GCA_021808285.1,JAKBBV010000002.1,esterase,60,9.326e-12,0.33
FW_TWAS_rep_2,GCA_021808285.1,JAKBBV010000061.1,bcd,138,5.207e-37,0.297
FW_TWAS_rep_2,GCA_021808285.1,JAKBBV010000041.1,crt,115,5.148e-30,0.363
FW_TWAS_rep_2,GCA_021808285.1,JAKBBV010000004.1,thl,312,1.734e-95,0.473
FW_TWAS_rep_2,GCA_021808285.1,JAKBBV010000005.1,acs,92,3.093e-21,0.241
FW_TWAS_rep_2,GCA_021808285.1,JAKBBV010000011.1,hbd,280,7.584e-87,0.501
FW_TWAS_rep_2,GCA_021808285.1,JAKBBV010000037.1,tdcB,337,8.602e-104,0.483
FW_TWAS_rep_2,GCA_021808285.1,JAKBBV010000025.1,glcP,77,1.002e-16,0.245
FW_TWAS_rep_2,GCA_021808285.1,JAKBBV010000055.1,fadD,231,2.084e-66,0.373
FW_TWAS_rep_2,GCA_021808285.1,JAKBBV010000070.1,fadE,129,1.999e-33,0.311
FW_TWAS_rep_2,GCA_021808285.1,JAKBBV010000014.1,thl,242,8.278e-71,0.426
FW_TWAS_rep_2,GCA_021808285.1,JAKBBV010000005.1,lctB,84,3.852e-19,0.296
FW_TWAS_rep_2,GCA_021808285.1,JAKBBV010000030.1,fadB,102,5.961e-26,0.352
FW_TWAS_rep_2,GCA_021808285.1,JAKBBV010000035.1,pepO,637,2.11e-202,0.505
FW_TWAS_rep_2,GCA_021808285.1,JAKBBV010000059.1,etfA,94,4.463e-23,0.322
FW_TWAS_rep_2,GCA_021808285.1,JAKBBV010000051.1,mmcE,494,3.615e-150,0.523
FW_TWAS_rep_2,GCA_021808285.1,JAKBBV010000011.1,acylglycerol_lipase,59,1.294e-11,0.319
FW_TWAS_rep_2,GCA_021808285.1,JAKBBV010000001.1,pepN,403,5.344e-120,0.404
FW_TWAS_rep_2,GCA_021808285.1,JAKBBV010000038.1,bcd,105,5.973e-26,0.259
FW_TWAS_rep_2,GCA_021808285.1,JAKBBV010000007.1,acs,173,9.071e-47,0.292
FW_TWAS_rep_2,GCA_021808285.1,JAKBBV010000059.1,crt,172,2.879e-49,0.397
FW_TWAS_rep_2,GCA_021808285.1,JAKBBV010000039.1,fadE,246,2.954e-73,0.401
FW_TWAS_rep_2,GCA_021808285.1,JAKBBV010000009.1,hydA,78,1.395e-16,0.283
FW_TWAS_rep_2,GCA_021808285.1,JAKBBV010000002.1,fadE,286,2.422e-83,0.472
FW_TWAS_rep_2,GCA_021808285.1,JAKBBV010000034.1,fadE,144,1.223e-38,0.321
FW_TWAS_rep_2,GCA_021808285.1,JAKBBV010000019.1,frhG,40,4.065e-6,0.258
FW_TWAS_rep_2,GCA_021808285.1,JAKBBV010000006.1,mdh,272,6.538e-83,0.487
FW_TWAS_rep_2,GCA_021808285.1,JAKBBV010000008.1,fadB,112,1.774e-29,0.369
FW_TWAS_rep_2,GCA_021808285.1,JAKBBV010000034.1,bcd,111,5.389e-28,0.288
FW_TWAS_rep_2,GCA_021808285.1,JAKBBV010000033.1,crt,115,4.097e-30,0.382
FW_TWAS_rep_2,GCA_021808285.1,JAKBBV010000003.1,crt,175,2.649e-50,0.43
FW_TWAS_rep_2,GCA_021808285.1,JAKBBV010000025.1,fadA,379,5.627e-119,0.503
FW_TWAS_rep_2,GCA_021808285.1,JAKBBV010000003.1,etfA,101,3.897e-25,0.411
FW_TWAS_rep_2,GCA_021808285.1,JAKBBV010000011.1,etfB,285,1.949e-88,0.637
FW_TWAS_rep_2,GCA_021808285.1,JAKBBV010000009.1,bcd,294,5.407e-90,0.43
FW_TWAS_rep_2,GCA_021808285.1,JAKBBV010000055.1,acs,114,3.69e-28,0.27
FW_TWAS_rep_2,GCA_021808285.1,JAKBBV010000004.1,adh,44,9.178e-7,0.222
FW_TWAS_rep_2,GCA_021808285.1,JAKBBV010000001.1,bcd,123,1.24e-31,0.301
FW_TWAS_rep_2,GCA_021808285.1,JAKBBV010000090.1,mmcG,44,8.268e-8,0.285
FW_TWAS_rep_2,GCA_021808285.1,JAKBBV010000029.1,pgi,66,2.402e-13,0.316
FW_TWAS_rep_2,GCA_021808285.1,JAKBBV010000004.1,acs,98,3.761e-23,0.243
FW_TWAS_rep_2,GCA_021808285.1,JAKBBV010000054.1,ilvE,73,4.263e-16,0.357
FW_TWAS_rep_2,GCA_021808285.1,JAKBBV010000039.1,crt,127,9.209e-32,0.359
FW_TWAS_rep_2,GCA_021808285.1,JAKBBV010000039.1,etfA,81,7.63e-18,0.447
FW_TWAS_rep_2,GCA_021808285.1,JAKBBV010000009.1,pepA,386,2.524e-119,0.523
FW_TWAS_rep_2,GCA_021808285.1,JAKBBV010000039.1,mmcG,40,5.581e-6,0.248
FW_TWAS_rep_2,GCA_021808285.1,JAKBBV010000009.1,fadE,256,1.039e-76,0.432
FW_TWAS_rep_2,GCA_021808285.1,JAKBBV010000010.1,lysophospholipase,243,1.762e-73,0.49
FW_TWAS_rep_2,GCA_021808285.1,JAKBBV010000012.1,etfA,57,5.995e-11,0.269
FW_TWAS_rep_2,GCA_021808285.1,JAKBBV010000001.1,fadB,87,1.674e-20,0.318
FW_TWAS_rep_2,GCA_021808285.1,JAKBBV010000018.1,gapA,280,5.563e-86,0.47
FW_TWAS_rep_2,GCA_021808285.1,JAKBBV010000040.1,glcP,47,1.567e-7,0.36
FW_TWAS_rep_2,GCA_021808285.1,JAKBBV010000035.1,edd,236,1.265e-67,0.333
FW_TWAS_rep_2,GCA_021808285.1,JAKBBV010000014.1,fadA,279,1.427e-83,0.458
FW_TWAS_rep_2,GCA_021808285.1,JAKBBV010000002.1,fadD,208,3.704e-58,0.354
FW_TWAS_rep_2,GCA_021808285.1,JAKBBV010000030.1,acs,74,1.291e-15,0.23
FW_TWAS_rep_2,GCA_021808285.1,JAKBBV010000009.1,mmcG,149,4.628e-42,0.496
FW_TWAS_rep_2,GCA_021808285.1,JAKBBV010000033.1,etfA,88,3.909e-21,0.382
FW_TWAS_rep_2,GCA_021808285.1,JAKBBV010000028.1,acs,127,3.581e-32,0.255
FW_TWAS_rep_2,GCA_021808285.1,JAKBBV010000041.1,etfA,77,1.746e-17,0.314
FW_TWAS_rep_2,GCA_021808285.1,JAKBBV010000058.1,fadB,73,2.096e-16,0.37
FW_TWAS_rep_2,GCA_021808285.1,JAKBBV010000015.1,fadD,135,2.096e-34,0.294
FW_TWAS_rep_2,GCA_021808285.1,JAKBBV010000008.1,bcd,258,1.39e-77,0.42
FW_TWAS_rep_2,GCA_021808285.1,JAKBBV010000026.1,adh,62,9.074e-13,0.382
FW_TWAS_rep_2,GCA_021808285.1,JAKBBV010000010.1,acylglycerol_lipase,70,5.412e-15,0.273
FW_TWAS_rep_2,GCA_021808285.1,JAKBBV010000009.1,rnfB,41,1.422e-6,0.338
FW_TWAS_rep_2,GCA_021808285.1,JAKBBV010000071.1,esterase,46,1.881e-7,0.336
FW_TWAS_rep_2,GCA_021808285.1,JAKBBV010000008.1,fadE,271,3.443e-82,0.473
FW_TWAS_rep_2,GCA_021808285.1,JAKBBV010000008.1,acylglycerol_lipase,48,6.39e-8,0.314
FW_TWAS_rep_2,GCA_021808285.1,JAKBBV010000021.1,acs,151,7.368e-40,0.289
FW_TWAS_rep_2,GCA_021808285.1,JAKBBV010000011.1,etfA,299,2.941e-92,0.615
FW_TWAS_rep_2,GCA_021808285.1,JAKBBV010000023.1,bcd,222,3.611e-65,0.386
FW_TWAS_rep_2,GCA_021808285.1,JAKBBV010000011.1,fhs,664,3.64e-214,0.623
FW_TWAS_rep_2,GCA_021808285.1,JAKBBV010000011.1,fadA,237,2.326e-70,0.419
FW_TWAS_rep_2,GCA_021808285.1,JAKBBV010000003.1,edd,203,1.634e-56,0.32
FW_TWAS_rep_2,GCA_021808285.1,JAKBBV010000090.1,esterase,196,2.118e-54,0.313
FW_TWAS_rep_2,GCA_021808285.1,JAKBBV010000039.1,fadD,115,1.329e-28,0.293
FW_TWAS_rep_2,GCA_021808285.1,JAKBBV010000039.1,fadB,366,4.301e-110,0.346
FW_TWAS_rep_2,GCA_021808285.1,JAKBBV010000011.1,dtpT,349,2.007e-105,0.39
FW_TWAS_rep_2,GCA_021808285.1,JAKBBV010000007.1,fadD,201,6.317e-56,0.327
FW_TWAS_rep_2,GCA_021808285.1,JAKBBV010000002.1,bcd,267,3.796e-77,0.414
FW_TWAS_rep_2,GCA_021808285.1,JAKBBV010000002.1,acs,163,1.651e-43,0.314
FW_TWAS_rep_2,GCA_021808285.1,JAKBBV010000026.1,edd,224,5.923e-63,0.338
FW_TWAS_rep_2,GCA_021808285.1,JAKBBV010000003.1,adh,51,2.538e-9,0.305
FW_TWAS_rep_2,GCA_021808285.1,JAKBBV010000029.1,fadA,315,1.745e-96,0.496
FW_TWAS_rep_2,GCA_021808285.1,JAKBBV010000030.1,fadD,137,2.645e-35,0.303
FW_TWAS_rep_2,GCA_963798355.1,CAWCSY010000001.1,acylglycerol_lipase,56,1.202e-10,0.277
FW_TWAS_rep_2,GCA_963798355.1,CAWCSY010000011.1,acs,129,1.103e-33,0.297
FW_TWAS_rep_2,GCA_963798355.1,CAWCSY010000001.1,dppA,113,9.932e-28,0.238
FW_TWAS_rep_2,GCA_963798355.1,CAWCSY010000005.1,fadD,115,1.436e-31,0.485
FW_TWAS_rep_2,GCA_963798355.1,CAWCSY010000002.1,ackA,307,1.541e-94,0.464
FW_TWAS_rep_2,GCA_963798355.1,CAWCSY010000003.1,esterase,61,6.706e-12,0.285
FW_TWAS_rep_2,GCA_963798355.1,CAWCSY010000004.1,adhE,96,2.285e-22,0.393
FW_TWAS_rep_2,GCA_963798355.1,CAWCSY010000002.1,aldh,53,1.732e-9,0.237
FW_TWAS_rep_2,GCA_963798355.1,CAWCSY010000010.1,acs,138,1.05e-35,0.286
FW_TWAS_rep_2,GCA_963798355.1,CAWCSY010000001.1,crt,183,1.075e-51,0.416
FW_TWAS_rep_2,GCA_963798355.1,CAWCSY010000009.1,fadE,167,3.856e-46,0.339
FW_TWAS_rep_2,GCA_963798355.1,CAWCSY010000006.1,dppC,215,4.87e-63,0.383
FW_TWAS_rep_2,GCA_963798355.1,CAWCSY010000010.1,mmcE,169,7.416e-45,0.497
FW_TWAS_rep_2,GCA_963798355.1,CAWCSY010000006.1,fadB,107,1.179e-26,0.361
FW_TWAS_rep_2,GCA_963798355.1,CAWCSY010000002.1,crt,162,1.241e-45,0.407
FW_TWAS_rep_2,GCA_963798355.1,CAWCSY010000002.1,pfor,43,5.074e-6,0.304
FW_TWAS_rep_2,GCA_963798355.1,CAWCSY010000003.1,mmcF,89,2.877e-20,0.55
FW_TWAS_rep_2,GCA_963798355.1,CAWCSY010000007.1,bcd,89,5.7e-21,0.343
FW_TWAS_rep_2,GCA_963798355.1,CAWCSY010000005.1,thl,189,6.785e-54,0.43
FW_TWAS_rep_2,GCA_963798355.1,CAWCSY010000001.1,agl,56,7.709e-10,0.276
FW_TWAS_rep_2,GCA_963798355.1,CAWCSY010000002.1,oppA,117,7.755e-29,0.281
FW_TWAS_rep_2,GCA_963798355.1,CAWCSY010000005.1,etfA,113,3.023e-29,0.467
FW_TWAS_rep_2,GCA_963798355.1,CAWCSY010000006.1,fadE,240,2.352e-69,0.415
FW_TWAS_rep_2,GCA_963798355.1,CAWCSY010000006.1,crt,164,1.433e-45,0.388
FW_TWAS_rep_2,GCA_963798355.1,CAWCSY010000002.1,dppA,110,9.168e-27,0.259
FW_TWAS_rep_2,GCA_963798355.1,CAWCSY010000003.1,cazy_GH13,176,1.376e-47,0.349
FW_TWAS_rep_2,GCA_963798355.1,CAWCSY010000003.1,cazy_GH5,62,2.795e-12,0.242
FW_TWAS_rep_2,GCA_963798355.1,CAWCSY010000002.1,mvhG,47,4.706e-8,0.278
FW_TWAS_rep_2,GCA_963798355.1,CAWCSY010000002.1,bgl,136,1.21e-35,0.275
FW_TWAS_rep_2,GCA_963798355.1,CAWCSY010000002.1,edd,144,6.177e-39,0.302
FW_TWAS_rep_2,GCA_963798355.1,CAWCSY010000005.1,acylglycerol_lipase,55,3.378e-10,0.366
FW_TWAS_rep_2,GCA_963798355.1,CAWCSY010000010.1,lysophospholipase,40,8.182e-6,0.336
FW_TWAS_rep_2,GCA_963798355.1,CAWCSY010000004.1,bgl,179,3.243e-50,0.299
FW_TWAS_rep_2,GCA_963798355.1,CAWCSY010000006.1,dppB,205,2.158e-60,0.378
FW_TWAS_rep_2,GCA_963798355.1,CAWCSY010000003.1,adh,53,6.019e-10,0.285
FW_TWAS_rep_2,GCA_963798355.1,CAWCSY010000001.1,oppA,107,6.83e-26,0.241
FW_TWAS_rep_2,GCA_963798355.1,CAWCSY010000011.1,fadD,274,3.961e-81,0.418
FW_TWAS_rep_2,GCA_963798355.1,CAWCSY010000007.1,pyk,300,3.348e-88,0.405
FW_TWAS_rep_2,GCA_963798355.1,CAWCSY010000010.1,mer,147,4.666e-40,0.338
FW_TWAS_rep_2,GCA_963798355.1,CAWCSY010000008.1,etfA,56,6.595e-11,0.314
FW_TWAS_rep_2,GCA_963798355.1,CAWCSY010000006.1,mer,116,8.352e-30,0.332
FW_TWAS_rep_2,GCA_963798355.1,CAWCSY010000005.1,dppA,100,4.048e-24,0.292
FW_TWAS_rep_2,GCA_963798355.1,CAWCSY010000007.1,acs,89,5.922e-21,0.274
FW_TWAS_rep_2,GCA_963798355.1,CAWCSY010000004.1,dppA,85,5.897e-19,0.244
FW_TWAS_rep_2,GCA_963798355.1,CAWCSY010000010.1,fadD,240,2.611e-68,0.353
FW_TWAS_rep_2,GCA_963798355.1,CAWCSY010000003.1,fadB,107,1.817e-27,0.361
FW_TWAS_rep_2,GCA_963798355.1,CAWCSY010000010.1,bcd,266,3.887e-80,0.405
FW_TWAS_rep_2,GCA_963798355.1,CAWCSY010000006.1,esterase,54,7.296e-10,0.344
FW_TWAS_rep_2,GCA_963798355.1,CAWCSY010000002.1,pepO,226,1.945e-65,0.409
FW_TWAS_rep_2,GCA_963798355.1,CAWCSY010000002.1,mer,132,2.329e-33,0.337
FW_TWAS_rep_2,GCA_963798355.1,CAWCSY010000002.1,cazy_GH13,76,5.068e-16,0.245
FW_TWAS_rep_2,GCA_963798355.1,CAWCSY010000001.1,lysophospholipase,48,3.422e-8,0.243
FW_TWAS_rep_2,GCA_963798355.1,CAWCSY010000010.1,fadE,267,1.526e-80,0.443
FW_TWAS_rep_2,GCA_963798355.1,CAWCSY010000001.1,tdcB,239,2.219e-71,0.472
FW_TWAS_rep_2,GCA_963798355.1,CAWCSY010000010.1,adh,51,5.481e-9,0.259
FW_TWAS_rep_2,GCA_963798355.1,CAWCSY010000003.1,pepA,398,1.677e-123,0.501
FW_TWAS_rep_2,GCA_963798355.1,CAWCSY010000005.1,adh,55,2.092e-10,0.252
FW_TWAS_rep_2,GCA_963798355.1,CAWCSY010000006.1,pfor,757,2.857e-244,0.577
FW_TWAS_rep_2,GCA_963798355.1,CAWCSY010000006.1,fadD,230,2.903e-66,0.344
FW_TWAS_rep_2,GCA_963798355.1,CAWCSY010000002.1,bcd,163,1.499e-44,0.337
FW_TWAS_rep_2,GCA_963798355.1,CAWCSY010000001.1,thl,295,6.899e-90,0.447
FW_TWAS_rep_2,GCA_963798355.1,CAWCSY010000005.1,edd,94,1.098e-21,0.364
FW_TWAS_rep_2,GCA_963798355.1,CAWCSY010000006.1,bcd,306,1.586e-91,0.418
FW_TWAS_rep_2,GCA_963798355.1,CAWCSY010000002.1,frhG,47,3.52e-8,0.281
FW_TWAS_rep_2,GCA_963798355.1,CAWCSY010000003.1,bcd,170,3.434e-46,0.336
FW_TWAS_rep_2,GCA_963798355.1,CAWCSY010000007.1,fadE,106,2.608e-26,0.393
FW_TWAS_rep_2,GCA_963798355.1,CAWCSY010000004.1,acs,182,9.367e-50,0.306
FW_TWAS_rep_2,GCA_963798355.1,CAWCSY010000001.1,pgi,647,8.319e-207,0.623
FW_TWAS_rep_2,GCA_963798355.1,CAWCSY010000004.1,extracellular_protease,52,1.398e-8,0.402
FW_TWAS_rep_2,GCA_963798355.1,CAWCSY010000002.1,rnfB,49,9.993e-10,0.306
FW_TWAS_rep_2,GCA_963798355.1,CAWCSY010000006.1,gapA,299,2.071e-92,0.49
FW_TWAS_rep_2,GCA_963798355.1,CAWCSY010000003.1,fdhA,127,1.78e-32,0.293
FW_TWAS_rep_2,GCA_963798355.1,CAWCSY010000005.1,fadB,116,4.914e-30,0.41
FW_TWAS_rep_2,GCA_963798355.1,CAWCSY010000006.1,oppA,129,8.19e-33,0.252
FW_TWAS_rep_2,GCA_963798355.1,CAWCSY010000006.1,etfA,117,5.094e-30,0.317
FW_TWAS_rep_2,GCA_963798355.1,CAWCSY010000003.1,extracellular_protease,91,1.089e-20,0.26
FW_TWAS_rep_2,GCA_963798355.1,CAWCSY010000005.1,tdcB,316,2.046e-95,0.51
FW_TWAS_rep_2,GCA_963798355.1,CAWCSY010000005.1,ilvE,88,6.527e-22,0.361
FW_TWAS_rep_2,GCA_963798355.1,CAWCSY010000003.1,pepD,82,2.867e-19,0.656
FW_TWAS_rep_2,GCA_963798355.1,CAWCSY010000006.1,acs,185,3.562e-51,0.294
FW_TWAS_rep_2,GCA_963798355.1,CAWCSY010000004.1,fadD,319,4.715e-94,0.395
FW_TWAS_rep_2,GCA_963798355.1,CAWCSY010000002.1,fadD,207,5.667e-57,0.324
FW_TWAS_rep_2,GCA_963798355.1,CAWCSY010000001.1,bcd,143,5.251e-38,0.31
FW_TWAS_rep_2,GCA_963798355.1,CAWCSY010000002.1,mmcG,98,5.502e-23,0.392
FW_TWAS_rep_2,GCA_963798355.1,CAWCSY010000002.1,esterase,230,1.175e-63,0.335
FW_TWAS_rep_2,GCA_963798355.1,CAWCSY010000001.1,fadB,67,2.772e-14,0.288
FW_TWAS_rep_2,GCA_963798355.1,CAWCSY010000006.1,xylA,133,3.58e-34,0.296
FW_TWAS_rep_2,GCA_963798355.1,CAWCSY010000002.1,agl,51,1.877e-8,0.346
FW_TWAS_rep_2,GCA_963798355.1,CAWCSY010000002.1,fadB,128,1.85e-34,0.36
FW_TWAS_rep_2,GCA_963798355.1,CAWCSY010000003.1,oppA,139,6.417e-36,0.269
FW_TWAS_rep_2,GCA_963798355.1,CAWCSY010000006.1,glcP,85,3.35e-19,0.26
FW_TWAS_rep_2,GCA_963798355.1,CAWCSY010000010.1,crt,138,5.552e-38,0.348
FW_TWAS_rep_2,GCA_963798355.1,CAWCSY010000002.1,sucC,181,2.854e-51,0.44
FW_TWAS_rep_2,GCA_963798355.1,CAWCSY010000006.1,acylglycerol_lipase,53,4.116e-9,0.338
FW_TWAS_rep_2,GCA_963798355.1,CAWCSY010000003.1,fadD,243,2.363e-66,0.392
FW_TWAS_rep_2,GCA_963798355.1,CAWCSY010000002.1,cazy_GH43,67,2.341e-13,0.267
FW_TWAS_rep_2,GCA_963798355.1,CAWCSY010000003.1,tdcB,41,2.215e-6,0.396
FW_TWAS_rep_2,GCA_963798355.1,CAWCSY010000005.1,fadA,251,3.675e-75,0.517
FW_TWAS_rep_2,GCA_963798355.1,CAWCSY010000001.1,etfB,159,1.455e-42,0.4
FW_TWAS_rep_2,GCA_963798355.1,CAWCSY010000003.1,acs,131,5.552e-35,0.325
FW_TWAS_rep_2,GCA_963798355.1,CAWCSY010000002.1,adhE,54,8.063e-10,0.271
FW_TWAS_rep_2,GCA_963798355.1,CAWCSY010000006.1,lysophospholipase,50,9.602e-9,0.264
FW_TWAS_rep_2,GCA_963798355.1,CAWCSY010000002.1,sucD,180,1.502e-52,0.528
FW_TWAS_rep_2,GCA_963798355.1,CAWCSY010000002.1,fadE,218,5.45e-63,0.387
FW_TWAS_rep_2,GCA_963798355.1,CAWCSY010000003.1,fumB,447,2.036e-142,0.726
FW_TWAS_rep_2,GCA_963798355.1,CAWCSY010000010.1,acylglycerol_lipase,64,2.353e-13,0.391
FW_TWAS_rep_2,GCA_963798355.1,CAWCSY010000006.1,xylB,104,3.645e-25,0.296
FW_TWAS_rep_2,GCA_963798355.1,CAWCSY010000011.1,mmcG,53,4.045e-10,0.338
FW_TWAS_rep_2,GCA_963798355.1,CAWCSY010000002.1,mmcE,122,2.962e-31,0.326
FW_TWAS_rep_2,GCA_963798355.1,CAWCSY010000001.1,fadE,163,8.084e-45,0.338
FW_TWAS_rep_2,GCA_963798355.1,CAWCSY010000002.1,mmcF,106,9.334e-28,0.653
FW_TWAS_rep_2,GCA_963798355.1,CAWCSY010000005.1,glcP,276,1.679e-81,0.39
FW_TWAS_rep_2,GCA_963798355.1,CAWCSY010000008.1,fadB,84,3.998e-20,0.351
FW_TWAS_rep_2,GCA_963798355.1,CAWCSY010000002.1,fadA,160,9.315e-47,0.64
FW_TWAS_rep_2,GCA_963798355.1,CAWCSY010000011.1,agl,211,1.919e-56,0.345
FW_TWAS_rep_2,GCA_963798355.1,CAWCSY010000001.1,frhB,154,1.488e-43,0.377
FW_TWAS_rep_2,GCA_963798355.1,CAWCSY010000010.1,fadA,154,3.371e-46,0.603
FW_TWAS_rep_2,GCA_963798355.1,CAWCSY010000003.1,acylglycerol_lipase,121,5.968e-32,0.334
FW_TWAS_rep_2,GCA_963798355.1,CAWCSY010000011.1,pepN,148,4.531e-38,0.406
FW_TWAS_rep_2,GCA_963798355.1,CAWCSY010000006.1,adh,45,1.092e-6,0.33
FW_TWAS_rep_2,GCA_963798355.1,CAWCSY010000001.1,fadD,149,5.898e-39,0.315
FW_TWAS_rep_2,GCA_963798355.1,CAWCSY010000005.1,bcd,112,1.342e-29,0.323
FW_TWAS_rep_2,GCA_963798355.1,CAWCSY010000006.1,thl,44,5.422e-7,0.293
FW_TWAS_rep_2,GCA_963798355.1,CAWCSY010000002.1,acs,744,3.456e-240,0.587
FW_TWAS_rep_2,GCA_963798355.1,CAWCSY010000002.1,mdh,62,2.483e-13,0.589
FW_TWAS_rep_2,GCA_963798355.1,CAWCSY010000003.1,pepQ,113,6.032e-29,0.428
FW_TWAS_rep_2,GCA_963798355.1,CAWCSY010000001.1,fdhA,49,5.357e-8,0.342
FW_TWAS_rep_2,GCA_963798355.1,CAWCSY010000004.1,mer,155,6.916e-43,0.331
FW_TWAS_rep_2,GCA_963798355.1,CAWCSY010000001.1,mer,90,1.94e-22,0.383
FW_TWAS_rep_2,GCA_963798355.1,CAWCSY010000003.1,etfA,117,8.603e-31,0.322
FW_TWAS_rep_2,GCA_963798355.1,CAWCSY010000006.1,pfkA,130,1.705e-33,0.465
FW_TWAS_rep_2,GCA_963798355.1,CAWCSY010000002.1,hbd,228,6.007e-69,0.525
FW_TWAS_rep_2,GCA_963798355.1,CAWCSY010000005.1,esterase,151,7.832e-40,0.322
FW_TWAS_rep_2,GCA_963798355.1,CAWCSY010000002.1,hydA,52,7.225e-10,0.255
FW_TWAS_rep_2,GCA_963798355.1,CAWCSY010000006.1,oppB,245,2.677e-73,0.452
FW_TWAS_rep_2,GCA_963798355.1,CAWCSY010000010.1,fadB,83,1.233e-19,0.268
FW_TWAS_rep_2,GCA_963798355.1,CAWCSY010000011.1,crt,136,4.04e-37,0.343
FW_TWAS_rep_2,GCA_963798355.1,CAWCSY010000010.1,thl,113,8.408e-32,0.503
FW_TWAS_rep_2,GCA_963798355.1,CAWCSY010000003.1,crt,163,1.623e-46,0.384
FW_TWAS_rep_2,GCA_963798355.1,CAWCSY010000005.1,oppA,100,5.389e-24,0.267
FW_TWAS_rep_2,GCA_963798355.1,CAWCSY010000005.1,rnfB,48,1.706e-9,0.433
FW_TWAS_rep_2,GCA_963798355.1,CAWCSY010000003.1,dppA,120,8.383e-30,0.25
FW_TWAS_rep_2,GCA_963798355.1,CAWCSY010000003.1,agl,276,6.091e-81,0.388
FW_TWAS_rep_2,GCA_963798355.1,CAWCSY010000010.1,esterase,216,3.686e-61,0.345
FW_TWAS_rep_2,GCA_963798355.1,CAWCSY010000002.1,etfA,87,9.549e-21,0.321
FW_TWAS_rep_2,GCA_963798355.1,CAWCSY010000002.1,thl,270,4.721e-80,0.539
FW_TWAS_rep_2,GCA_963798355.1,CAWCSY010000001.1,fadA,411,5.134e-130,0.56
FW_TWAS_rep_2,GCA_963798355.1,CAWCSY010000003.1,mmcE,311,1.334e-93,0.649
FW_TWAS_rep_2,GCA_963798355.1,CAWCSY010000003.1,mer,229,2.614e-63,0.403
FW_TWAS_rep_2,GCA_963798355.1,CAWCSY010000005.1,crt,177,7.509e-51,0.538
FW_TWAS_rep_2,GCA_963798355.1,CAWCSY010000005.1,fadE,160,2.165e-43,0.333
FW_TWAS_rep_2,GCA_963798355.1,CAWCSY010000010.1,oppA,135,1.254e-34,0.281
FW_TWAS_rep_2,GCA_963798355.1,CAWCSY010000005.1,mer,124,2.078e-32,0.317
FW_TWAS_rep_2,GCA_963798355.1,CAWCSY010000002.1,adh,64,1.21e-12,0.388
FW_TWAS_rep_2,GCA_963798355.1,CAWCSY010000001.1,adh,70,1.749e-14,0.276
FW_TWAS_rep_2,GCA_963798355.1,CAWCSY010000003.1,fadE,183,2.388e-50,0.387
FW_TWAS_rep_2,GCA_963798355.1,CAWCSY010000002.1,fdhA,81,2.636e-18,0.454
FW_TWAS_rep_2,GCA_963798355.1,CAWCSY010000011.1,etfA,73,3.135e-16,0.255
FW_TWAS_rep_2,GCA_963798355.1,CAWCSY010000010.1,etfA,92,1.194e-22,0.338
FW_TWAS_rep_2,GCA_963798355.1,CAWCSY010000001.1,acs,87,9.265e-21,0.307
FW_TWAS_rep_2,GCA_963798355.1,CAWCSY010000007.1,fadD,79,8.926e-18,0.383
FW_TWAS_rep_2,GCA_963798355.1,CAWCSY010000008.1,crt,93,2.66e-23,0.358
FW_TWAS_rep_2,GCA_963798355.1,CAWCSY010000005.1,acs,145,1.238e-37,0.297
FW_TWAS_rep_2,GCA_963798355.1,CAWCSY010000001.1,etfA,188,1.316e-54,0.456
FW_TWAS_rep_2,GCA_963798355.1,CAWCSY010000010.1,dppA,113,1.128e-27,0.258
FW_TWAS_rep_2,GCA_963798355.1,CAWCSY010000011.1,cazy_GH13,167,2.789e-43,0.333
FW_TWAS_rep_2,GCA_963798355.1,CAWCSY010000009.1,bcd,99,5.645e-24,0.296
FW_TWAS_rep_2,GCA_963798355.1,CAWCSY010000011.1,fadB,73,4.206e-16,0.274
FW_TWAS_rep_2,GCA_963798355.1,CAWCSY010000002.1,folD,162,3.235e-46,0.401
FW_TWAS_rep_2,GCA_963798355.1,CAWCSY010000006.1,dppA,89,3.343e-20,0.272
FW_TWAS_rep_2,GCA_004297465.1,SCUB01000017.1,fadE,309,2.35e-94,0.485
FW_TWAS_rep_2,GCA_004297465.1,SCUB01000011.1,edd,227,3.122e-64,0.326
FW_TWAS_rep_2,GCA_004297465.1,SCUB01000010.1,gapA,325,2.771e-101,0.519
FW_TWAS_rep_2,GCA_004297465.1,SCUB01000003.1,etfA,69,1.617e-14,0.319
FW_TWAS_rep_2,GCA_004297465.1,SCUB01000017.1,fadA,108,6.533e-27,0.288
FW_TWAS_rep_2,GCA_004297465.1,SCUB01000004.1,fadD,238,6.653e-69,0.37
FW_TWAS_rep_2,GCA_004297465.1,SCUB01000019.1,thl,414,4.483e-130,0.582
FW_TWAS_rep_2,GCA_004297465.1,SCUB01000017.1,hbd,130,8.315e-33,0.32
FW_TWAS_rep_2,GCA_004297465.1,SCUB01000004.1,acs,150,1.099e-39,0.289
FW_TWAS_rep_2,GCA_004297465.1,SCUB01000001.1,fumB,739,5.97e-240,0.681
FW_TWAS_rep_2,GCA_004297465.1,SCUB01000010.1,fadA,314,3.043e-91,0.472
FW_TWAS_rep_2,GCA_004297465.1,SCUB01000010.1,extracellular_protease,125,6.417e-31,0.363
FW_TWAS_rep_2,GCA_004297465.1,SCUB01000023.1,frhG,45,8.776e-8,0.344
FW_TWAS_rep_2,GCA_004297465.1,SCUB01000017.1,susC,59,5.465e-11,0.359
FW_TWAS_rep_2,GCA_004297465.1,SCUB01000001.1,mmcF,127,1.812e-36,0.472
FW_TWAS_rep_2,GCA_004297465.1,SCUB01000009.1,fadB,107,3.075e-27,0.317
FW_TWAS_rep_2,GCA_004297465.1,SCUB01000007.1,fadE,242,3.948e-67,0.421
FW_TWAS_rep_2,GCA_004297465.1,SCUB01000011.1,hydA,88,1.147e-19,0.289
FW_TWAS_rep_2,GCA_004297465.1,SCUB01000024.1,etfA,61,2.58e-12,0.305
FW_TWAS_rep_2,GCA_004297465.1,SCUB01000024.1,fadD,180,3.991e-49,0.301
FW_TWAS_rep_2,GCA_004297465.1,SCUB01000007.1,fadA,316,2.367e-97,0.507
FW_TWAS_rep_2,GCA_004297465.1,SCUB01000011.1,fdhA,636,5.05e-198,0.414
FW_TWAS_rep_2,GCA_004297465.1,SCUB01000020.1,fadE,251,7.491e-74,0.442
FW_TWAS_rep_2,GCA_004297465.1,SCUB01000024.1,thl,354,1.896e-109,0.521
FW_TWAS_rep_2,GCA_004297465.1,SCUB01000023.1,sucC,402,1.466e-126,0.536
FW_TWAS_rep_2,GCA_004297465.1,SCUB01000021.1,bcd,321,4.505e-97,0.437
FW_TWAS_rep_2,GCA_004297465.1,SCUB01000007.1,crt,150,9.425e-42,0.415
FW_TWAS_rep_2,GCA_004297465.1,SCUB01000019.1,bcd,235,4.059e-69,0.378
FW_TWAS_rep_2,GCA_004297465.1,SCUB01000010.1,thl,260,1.447e-73,0.42
FW_TWAS_rep_2,GCA_004297465.1,SCUB01000023.1,mdh,308,1.472e-95,0.523
FW_TWAS_rep_2,GCA_004297465.1,SCUB01000024.1,fadB,85,3.123e-20,0.345
FW_TWAS_rep_2,GCA_004297465.1,SCUB01000001.1,fadE,95,7.034e-22,0.276
FW_TWAS_rep_2,GCA_004297465.1,SCUB01000017.1,fdhA,305,3.135e-89,0.342
FW_TWAS_rep_2,GCA_004297465.1,SCUB01000019.1,dppA,56,7.349e-10,0.239
FW_TWAS_rep_2,GCA_004297465.1,SCUB01000001.1,etfA,137,1.747e-37,0.345
FW_TWAS_rep_2,GCA_004297465.1,SCUB01000007.1,pepQ,200,2.271e-55,0.329
FW_TWAS_rep_2,GCA_004297465.1,SCUB01000010.1,fadE,241,1.15e-71,0.482
FW_TWAS_rep_2,GCA_004297465.1,SCUB01000001.1,extracellular_protease,170,1.77e-46,0.447
FW_TWAS_rep_2,GCA_004297465.1,SCUB01000007.1,bcd,256,1.142e-71,0.404
FW_TWAS_rep_2,GCA_004297465.1,SCUB01000019.1,acs,140,1.423e-35,0.28
FW_TWAS_rep_2,GCA_004297465.1,SCUB01000024.1,crt,113,2.042e-29,0.377
FW_TWAS_rep_2,GCA_004297465.1,SCUB01000023.1,oppB,188,3.908e-53,0.393
FW_TWAS_rep_2,GCA_004297465.1,SCUB01000017.1,fadB,109,1.807e-26,0.303
FW_TWAS_rep_2,GCA_004297465.1,SCUB01000004.1,acylglycerol_lipase,49,7.83e-9,0.36
FW_TWAS_rep_2,GCA_004297465.1,SCUB01000010.1,hydA,46,3.211e-7,0.415
FW_TWAS_rep_2,GCA_004297465.1,SCUB01000020.1,crt,149,7.567e-42,0.436
FW_TWAS_rep_2,GCA_004297465.1,SCUB01000007.1,folD,339,6.681e-107,0.619
FW_TWAS_rep_2,GCA_004297465.1,SCUB01000001.1,thl,255,7.987e-76,0.409
FW_TWAS_rep_2,GCA_004297465.1,SCUB01000017.1,bcd,357,4.734e-111,0.498
FW_TWAS_rep_2,GCA_004297465.1,SCUB01000020.1,fadD,209,3.019e-59,0.323
FW_TWAS_rep_2,GCA_004297465.1,SCUB01000001.1,rnfB,40,2.382e-6,0.361
FW_TWAS_rep_2,GCA_004297465.1,SCUB01000019.1,oppB,169,2.305e-47,0.314
FW_TWAS_rep_2,GCA_004297465.1,SCUB01000001.1,frhB,42,9.757e-7,0.365
FW_TWAS_rep_2,GCA_004297465.1,SCUB01000001.1,fadB,354,6.411e-105,0.354
FW_TWAS_rep_2,GCA_004297465.1,SCUB01000004.1,lysophospholipase,53,4.325e-10,0.267
FW_TWAS_rep_2,GCA_004297465.1,SCUB01000002.1,fadE,169,5.203e-47,0.331
FW_TWAS_rep_2,GCA_004297465.1,SCUB01000001.1,ilvE,60,3.249e-11,0.341
FW_TWAS_rep_2,GCA_004297465.1,SCUB01000007.1,etfA,87,1.722e-19,0.392
FW_TWAS_rep_2,GCA_004297465.1,SCUB01000012.1,crt,127,2.591e-32,0.386
FW_TWAS_rep_2,GCA_004297465.1,SCUB01000010.1,crt,139,4.445e-38,0.381
FW_TWAS_rep_2,GCA_004297465.1,SCUB01000001.1,frhG,44,1.626e-7,0.365
FW_TWAS_rep_2,GCA_004297465.1,SCUB01000017.1,crt,113,1.929e-27,0.422
FW_TWAS_rep_2,GCA_004297465.1,SCUB01000010.1,fadB,379,4.826e-110,0.336
FW_TWAS_rep_2,GCA_004297465.1,SCUB01000007.1,fadB,350,5.11e-104,0.331
FW_TWAS_rep_2,GCA_004297465.1,SCUB01000020.1,bcd,241,1.232e-70,0.406
FW_TWAS_rep_2,GCA_004297465.1,SCUB01000001.1,bcd,110,1.836e-26,0.297
FW_TWAS_rep_2,GCA_004297465.1,SCUB01000019.1,adh,59,6.734e-12,0.34
FW_TWAS_rep_2,GCA_004297465.1,SCUB01000021.1,fadE,256,1.107e-74,0.411
FW_TWAS_rep_2,GCA_004297465.1,SCUB01000001.1,pepA,376,2.171e-116,0.48
FW_TWAS_rep_2,GCA_004297465.1,SCUB01000012.1,fadB,308,2.559e-92,0.36
FW_TWAS_rep_2,GCA_004297465.1,SCUB01000019.1,pepO,41,3.464e-6,0.314
FW_TWAS_rep_2,GCA_004297465.1,SCUB01000019.1,etfB,301,1.143e-94,0.649
FW_TWAS_rep_2,GCA_004297465.1,SCUB01000010.1,hbd,207,7.27e-56,0.343
FW_TWAS_rep_2,GCA_004297465.1,SCUB01000023.1,crt,71,2.704e-15,0.518
FW_TWAS_rep_2,GCA_004297465.1,SCUB01000023.1,dppA,117,2.948e-29,0.26
FW_TWAS_rep_2,GCA_004297465.1,SCUB01000017.1,acs,174,2.615e-47,0.299
FW_TWAS_rep_2,GCA_004297465.1,SCUB01000019.1,pepA,250,1.617e-73,0.465
FW_TWAS_rep_2,GCA_004297465.1,SCUB01000002.1,fadD,108,3.783e-26,0.293
FW_TWAS_rep_2,GCA_004297465.1,SCUB01000020.1,etfA,107,3.276e-27,0.342
FW_TWAS_rep_2,GCA_004297465.1,SCUB01000019.1,dppB,169,1.695e-47,0.316
FW_TWAS_rep_2,GCA_004297465.1,SCUB01000010.1,etfA,104,2.846e-26,0.379
FW_TWAS_rep_2,GCA_004297465.1,SCUB01000012.1,hbd,203,8.138e-57,0.468
FW_TWAS_rep_2,GCA_004297465.1,SCUB01000006.1,pfor,44,2.089e-6,0.247
FW_TWAS_rep_2,GCA_004297465.1,SCUB01000001.1,oppA,89,2.973e-20,0.225
FW_TWAS_rep_2,GCA_004297465.1,SCUB01000012.1,etfA,86,2.19e-19,0.383
FW_TWAS_rep_2,GCA_004297465.1,SCUB01000010.1,rnfB,46,3.211e-7,0.415
FW_TWAS_rep_2,GCA_004297465.1,SCUB01000020.1,acs,207,1.869e-58,0.304
FW_TWAS_rep_2,GCA_004297465.1,SCUB01000011.1,esterase,51,4.115e-9,0.295
FW_TWAS_rep_2,GCA_004297465.1,SCUB01000024.1,acs,210,7.497e-59,0.301
FW_TWAS_rep_2,GCA_004297465.1,SCUB01000017.1,aldh,53,4.281e-9,0.225
FW_TWAS_rep_2,GCA_004297465.1,SCUB01000001.1,acs,213,4.907e-60,0.319
FW_TWAS_rep_2,GCA_004297465.1,SCUB01000024.1,fadA,225,2.614e-65,0.4
FW_TWAS_rep_2,GCA_004297465.1,SCUB01000023.1,fadD,203,5.01e-57,0.348
FW_TWAS_rep_2,GCA_004297465.1,SCUB01000001.1,dppA,66,3.052e-13,0.267
FW_TWAS_rep_2,GCA_004297465.1,SCUB01000010.1,bcd,229,1.741e-67,0.387
FW_TWAS_rep_2,GCA_004297465.1,SCUB01000010.1,mmcF,119,2.601e-29,0.464
FW_TWAS_rep_2,GCA_004297465.1,SCUB01000007.1,tdcB,257,6.106e-78,0.501
FW_TWAS_rep_2,GCA_004297465.1,SCUB01000017.1,etfA,63,3.232e-12,0.327
FW_TWAS_rep_2,GCA_004297465.1,SCUB01000023.1,dppB,229,3.202e-67,0.432
FW_TWAS_rep_2,GCA_004297465.1,SCUB01000017.1,mmcE,542,1.848e-170,0.522
FW_TWAS_rep_2,GCA_004297465.1,SCUB01000019.1,pyk,346,2.778e-106,0.43
FW_TWAS_rep_2,GCA_004297465.1,SCUB01000023.1,acs,853,3.829e-274,0.625
FW_TWAS_rep_2,GCA_004297465.1,SCUB01000001.1,hydA,84,1.401e-18,0.27
FW_TWAS_rep_2,GCA_004297465.1,SCUB01000017.1,fadD,231,1.321e-66,0.382
FW_TWAS_rep_2,GCA_004297465.1,SCUB01000015.1,cat,253,7.795e-75,0.588
FW_TWAS_rep_2,GCA_004297465.1,SCUB01000019.1,fdhA,340,4.079e-99,0.32
FW_TWAS_rep_2,GCA_004297465.1,SCUB01000007.1,thl,302,1.335e-92,0.475
FW_TWAS_rep_2,GCA_004297465.1,SCUB01000001.1,mmcG,164,2.586e-49,0.636
FW_TWAS_rep_2,GCA_004297465.1,SCUB01000023.1,dppC,220,8.194e-64,0.448
FW_TWAS_rep_2,GCA_004297465.1,SCUB01000019.1,hbd,282,1.712e-87,0.53
FW_TWAS_rep_2,GCA_004297465.1,SCUB01000001.1,fadD,207,4.69e-57,0.321
FW_TWAS_rep_2,GCA_004297465.1,SCUB01000023.1,oppA,114,3.867e-28,0.262
FW_TWAS_rep_2,GCA_004297465.1,SCUB01000001.1,crt,271,2.913e-83,0.581
FW_TWAS_rep_2,GCA_004297465.1,SCUB01000019.1,fadA,316,2.11e-96,0.468
FW_TWAS_rep_2,GCA_004297465.1,SCUB01000010.1,pgi,84,4.557e-19,0.296
FW_TWAS_rep_2,GCA_004297465.1,SCUB01000019.1,dppC,151,2.928e-39,0.398
FW_TWAS_rep_2,GCA_004297465.1,SCUB01000019.1,oppA,76,4.667e-16,0.211
FW_TWAS_rep_2,GCA_004297465.1,SCUB01000001.1,mmcE,351,4.676e-107,0.399
FW_TWAS_rep_2,GCA_004297465.1,SCUB01000020.1,fadB,107,4.43e-27,0.359
FW_TWAS_rep_2,GCA_004297465.1,SCUB01000002.1,acs,44,2.394e-6,0.234
FW_TWAS_rep_2,GCA_004297465.1,SCUB01000010.1,lctB,103,6.823e-25,0.288
FW_TWAS_rep_2,GCA_004297465.1,SCUB01000001.1,fadA,278,1.199e-83,0.418
FW_TWAS_rep_2,GCA_004297465.1,SCUB01000007.1,hbd,226,6.251e-63,0.429
FW_TWAS_rep_2,GCA_004297465.1,SCUB01000021.1,endopeptidase,169,9.051e-47,0.372
FW_TWAS_rep_2,GCA_004297465.1,SCUB01000001.1,pta,128,7.521e-32,0.281
FW_TWAS_rep_2,GCA_004297465.1,SCUB01000019.1,fadE,196,4.131e-56,0.376
FW_TWAS_rep_2,GCA_004297465.1,SCUB01000017.1,mmcF,151,5.813e-44,0.582
FW_TWAS_rep_2,GCA_004297465.1,SCUB01000019.1,fadB,169,1.731e-48,0.371
FW_TWAS_rep_2,GCA_004297465.1,SCUB01000003.1,crt,87,3.899e-20,0.347
FW_TWAS_rep_2,GCA_004297465.1,SCUB01000001.1,hbd,199,6.009e-54,0.421
FW_TWAS_rep_2,GCA_004297465.1,SCUB01000019.1,lysophospholipase,261,2.711e-79,0.482
FW_TWAS_rep_2,GCA_004297465.1,SCUB01000001.1,fdhA,383,1.439e-112,0.354
FW_TWAS_rep_2,GCA_004297465.1,SCUB01000023.1,sucD,384,4.378e-118,0.697
FW_TWAS_rep_2,GCA_004297465.1,SCUB01000009.1,hbd,160,3.342e-45,0.402
FW_TWAS_rep_2,GCA_004297465.1,SCUB01000002.1,bcd,194,2.143e-55,0.336
FW_TWAS_rep_2,GCA_004297465.1,SCUB01000010.1,fadD,175,1.147e-47,0.299
FW_TWAS_rep_2,GCA_004297465.1,SCUB01000020.1,glcP,65,3.485e-13,0.288
FW_TWAS_rep_2,GCA_004297465.1,SCUB01000015.1,fdhA,65,1.865e-12,0.232
FW_TWAS_rep_2,GCA_004297465.1,SCUB01000010.1,acs,512,7.491e-160,0.436
FW_TWAS_rep_2,GCA_004297465.1,SCUB01000019.1,etfA,317,3.547e-98,0.613
FW_TWAS_rep_2,GCA_004297465.1,SCUB01000019.1,fadD,211,4.091e-59,0.333
FW_TWAS_rep_2,GCA_004297465.1,SCUB01000010.1,mmcE,498,2.035e-153,0.513
FW_TWAS_rep_2,GCA_004297465.1,SCUB01000010.1,pepQ,66,9.802e-14,0.276
FW_TWAS_rep_2,GCA_018604165.1,CP075895.1,cat,264,3.026e-82,0.594
FW_TWAS_rep_2,GCA_018604165.1,CP075895.1,pepA,319,3.434e-97,0.467
FW_TWAS_rep_2,GCA_018604165.1,CP075895.1,mmcG,106,3.821e-29,0.419
FW_TWAS_rep_2,GCA_018604165.1,CP075895.1,pepT,223,7.152e-65,0.384
FW_TWAS_rep_2,GCA_018604165.1,CP075895.1,gdh,509,2.636e-162,0.555
FW_TWAS_rep_2,GCA_018604165.1,CP075895.1,acs,730,6.081e-236,0.572
FW_TWAS_rep_2,GCA_018604165.1,CP075895.1,etfA,199,3.042e-58,0.412
FW_TWAS_rep_2,GCA_018604165.1,CP075895.1,mmcE,678,7.058e-220,0.659
FW_TWAS_rep_2,GCA_018604165.1,CP075895.1,gapA,298,4.889e-92,0.489
FW_TWAS_rep_2,GCA_018604165.1,CP075895.1,fdhA,188,1.772e-50,0.282
FW_TWAS_rep_2,GCA_018604165.1,CP075895.1,acylglycerol_lipase,46,3.713e-7,0.259
FW_TWAS_rep_2,GCA_018604165.1,CP075895.1,etfB,169,5.426e-49,0.436
FW_TWAS_rep_2,GCA_018604165.1,CP075895.1,pta,169,9.525e-45,0.349
FW_TWAS_rep_2,GCA_018604165.1,CP075895.1,adh,75,3.161e-17,0.303
FW_TWAS_rep_2,GCA_018604165.1,CP075895.1,fadE,266,3.62e-80,0.407
FW_TWAS_rep_2,GCA_018604165.1,CP075895.1,lctD,76,6.159e-18,0.322
FW_TWAS_rep_2,GCA_018604165.1,CP075895.1,crt,223,1.966e-67,0.455
FW_TWAS_rep_2,GCA_018604165.1,CP075895.1,pepQ,129,1.811e-33,0.36
FW_TWAS_rep_2,GCA_018604165.1,CP075895.1,ilvE,283,1.402e-86,0.43
FW_TWAS_rep_2,GCA_018604165.1,CP075895.1,bcd,381,5.454e-120,0.526
FW_TWAS_rep_2,GCA_018604165.1,CP075895.1,dppC,195,3.011e-56,0.479
FW_TWAS_rep_2,GCA_018604165.1,CP075895.1,susC,84,1.824e-18,0.303
FW_TWAS_rep_2,GCA_018604165.1,CP075895.1,lctB,235,1.362e-71,0.449
FW_TWAS_rep_2,GCA_018604165.1,CP075895.1,mmcF,172,7.956e-52,0.605
FW_TWAS_rep_2,GCA_018604165.1,CP075895.1,cazy_GH5,79,2.19e-17,0.276
FW_TWAS_rep_2,GCA_018604165.1,CP075895.1,mdh,242,3.586e-73,0.429
FW_TWAS_rep_2,GCA_018604165.1,CP075895.1,frhG,44,1.042e-7,0.342
FW_TWAS_rep_2,GCA_018604165.1,CP075895.1,fadD,330,5.032e-99,0.371
FW_TWAS_rep_2,GCA_018604165.1,CP075895.1,sucD,319,5.011e-99,0.57
FW_TWAS_rep_2,GCA_018604165.1,CP075895.1,oppA,177,6.48e-48,0.291
FW_TWAS_rep_2,GCA_018604165.1,CP075895.1,pyk,370,1.951e-114,0.443
FW_TWAS_rep_2,GCA_018604165.1,CP075895.1,sucC,346,1.981e-107,0.469
FW_TWAS_rep_2,GCA_018604165.1,CP075895.1,dtpT,401,3.976e-123,0.432
FW_TWAS_rep_2,GCA_018604165.1,CP075895.1,extracellular_protease,72,1.65e-14,0.307
FW_TWAS_rep_2,GCA_018604165.1,CP075895.1,pepN,172,1.823e-45,0.279
FW_TWAS_rep_2,GCA_018604165.1,CP075895.1,pepO,675,4.53e-216,0.508
FW_TWAS_rep_2,GCA_018604165.1,CP075895.1,dppA,161,6.116e-43,0.263
FW_TWAS_rep_2,GCA_018604165.1,CP075895.1,hbd,291,4.58e-90,0.498
FW_TWAS_rep_2,GCA_018604165.1,CP075895.1,fadB,191,1.384e-55,0.379
FW_TWAS_rep_2,GCA_018604165.1,CP075895.1,oppB,205,1.313e-59,0.472
FW_TWAS_rep_2,GCA_018604165.1,CP075895.1,thl,417,2.428e-132,0.564
FW_TWAS_rep_2,GCA_018604165.1,CP075895.1,lctC,378,1.443e-117,0.464
FW_TWAS_rep_2,GCA_018604165.1,CP075895.1,fhs,634,4.283e-204,0.571
FW_TWAS_rep_2,GCA_018604165.1,CP075895.1,pfkA,264,2.45e-80,0.46
FW_TWAS_rep_2,GCA_018604165.1,CP075895.1,fadA,377,5.711e-118,0.523
FW_TWAS_rep_2,GCA_018604165.1,CP075895.1,dppB,238,3.462e-71,0.43
FW_TWAS_rep_2,GCA_018604165.1,CP075895.1,hydA,79,1.216e-17,0.273
FW_TWAS_rep_2,GCA_018604165.1,CP075895.1,endopeptidase,46,8.233e-8,0.28
FW_TWAS_rep_2,GCA_018604165.1,CP075895.1,folD,299,2.987e-93,0.523
FW_TWAS_rep_2,GCF_049943315.1,NZ_JBNFVP010000023.1,glcP,53,2.042e-9,0.293
FW_TWAS_rep_2,GCF_049943315.1,NZ_JBNFVP010000005.1,acs,840,1.868e-273,0.612
FW_TWAS_rep_2,GCF_049943315.1,NZ_JBNFVP010000012.1,eda,215,1.61e-65,0.542
FW_TWAS_rep_2,GCF_049943315.1,NZ_JBNFVP010000005.1,cazy_GH13,174,2.58e-47,0.369
FW_TWAS_rep_2,GCF_049943315.1,NZ_JBNFVP010000005.1,fadD,136,8.394e-35,0.288
FW_TWAS_rep_2,GCF_049943315.1,NZ_JBNFVP010000005.1,agl,263,5.642e-77,0.366
FW_TWAS_rep_2,GCF_049943315.1,NZ_JBNFVP010000002.1,adh,65,1.086e-13,0.265
FW_TWAS_rep_2,GCF_049943315.1,NZ_JBNFVP010000012.1,edd,807,3.87e-263,0.657
FW_TWAS_rep_2,GCF_049943315.1,NZ_JBNFVP010000001.1,dppC,249,1.183e-75,0.473
FW_TWAS_rep_2,GCF_049943315.1,NZ_JBNFVP010000001.1,adh,67,3.666e-14,0.241
FW_TWAS_rep_2,GCF_049943315.1,NZ_JBNFVP010000006.1,pepQ,187,2.98e-52,0.357
FW_TWAS_rep_2,GCF_049943315.1,NZ_JBNFVP010000008.1,thl,342,8.09e-106,0.505
FW_TWAS_rep_2,GCF_049943315.1,NZ_JBNFVP010000020.1,hbd,195,5.157e-53,0.366
FW_TWAS_rep_2,GCF_049943315.1,NZ_JBNFVP010000013.1,frhA,101,5.646e-24,0.261
FW_TWAS_rep_2,GCF_049943315.1,NZ_JBNFVP010000011.1,dppA,610,2.485e-196,0.577
FW_TWAS_rep_2,GCF_049943315.1,NZ_JBNFVP010000010.1,endopeptidase,188,2.126e-54,0.395
FW_TWAS_rep_2,GCF_049943315.1,NZ_JBNFVP010000002.1,glcP,65,3.786e-13,0.311
FW_TWAS_rep_2,GCF_049943315.1,NZ_JBNFVP010000010.1,mer,56,1.098e-10,0.245
FW_TWAS_rep_2,GCF_049943315.1,NZ_JBNFVP010000008.1,hbd,267,1.609e-79,0.568
FW_TWAS_rep_2,GCF_049943315.1,NZ_JBNFVP010000008.1,crt,223,1.547e-67,0.514
FW_TWAS_rep_2,GCF_049943315.1,NZ_JBNFVP010000008.1,hydA,40,6.146e-6,0.361
FW_TWAS_rep_2,GCF_049943315.1,NZ_JBNFVP010000003.1,dppC,422,2.08e-135,0.71
FW_TWAS_rep_2,GCF_049943315.1,NZ_JBNFVP010000013.1,ptsG,55,5.015e-10,0.372
FW_TWAS_rep_2,GCF_049943315.1,NZ_JBNFVP010000004.1,pepA,258,1.53e-76,0.439
FW_TWAS_rep_2,GCF_049943315.1,NZ_JBNFVP010000004.1,hbd,202,1.836e-55,0.388
FW_TWAS_rep_2,GCF_049943315.1,NZ_JBNFVP010000007.1,dppA,300,1.49e-89,0.36
FW_TWAS_rep_2,GCF_049943315.1,NZ_JBNFVP010000020.1,thl,282,9.022e-86,0.458
FW_TWAS_rep_2,GCF_049943315.1,NZ_JBNFVP010000014.1,tdcB,78,3.918e-17,0.267
FW_TWAS_rep_2,GCF_049943315.1,NZ_JBNFVP010000003.1,oppA,239,4.561e-69,0.33
FW_TWAS_rep_2,GCF_049943315.1,NZ_JBNFVP010000002.1,oppA,51,1.425e-8,0.215
FW_TWAS_rep_2,GCF_049943315.1,NZ_JBNFVP010000012.1,acylglycerol_lipase,50,2.335e-8,0.313
FW_TWAS_rep_2,GCF_049943315.1,NZ_JBNFVP010000002.1,fadE,75,1.104e-15,0.272
FW_TWAS_rep_2,GCF_049943315.1,NZ_JBNFVP010000001.1,sucC,371,2.233e-116,0.512
FW_TWAS_rep_2,GCF_049943315.1,NZ_JBNFVP010000020.1,edd,229,6.31e-65,0.324
FW_TWAS_rep_2,GCF_049943315.1,NZ_JBNFVP010000004.1,bgl,237,2.973e-69,0.353
FW_TWAS_rep_2,GCF_049943315.1,NZ_JBNFVP010000008.1,aldh,66,2.165e-13,0.226
FW_TWAS_rep_2,GCF_049943315.1,NZ_JBNFVP010000017.1,rnfB,41,4.268e-6,0.313
FW_TWAS_rep_2,GCF_049943315.1,NZ_JBNFVP010000009.1,glcP,212,3.957e-60,0.322
FW_TWAS_rep_2,GCF_049943315.1,NZ_JBNFVP010000006.1,thl,404,6.779e-128,0.562
FW_TWAS_rep_2,GCF_049943315.1,NZ_JBNFVP010000002.1,pepQ,65,1.144e-13,0.267
FW_TWAS_rep_2,GCF_049943315.1,NZ_JBNFVP010000014.1,cazy_GH43,121,1.943e-30,0.3
FW_TWAS_rep_2,GCF_049943315.1,NZ_JBNFVP010000004.1,oppB,181,2.047e-51,0.328
FW_TWAS_rep_2,GCF_049943315.1,NZ_JBNFVP010000007.1,aldh,418,4.24e-125,0.501
FW_TWAS_rep_2,GCF_049943315.1,NZ_JBNFVP010000008.1,fadB,158,9.888e-43,0.3
FW_TWAS_rep_2,GCF_049943315.1,NZ_JBNFVP010000004.1,dppB,176,6.092e-50,0.314
FW_TWAS_rep_2,GCF_049943315.1,NZ_JBNFVP010000004.1,oppA,88,5.072e-20,0.23
FW_TWAS_rep_2,GCF_049943315.1,NZ_JBNFVP010000011.1,esterase,224,5.605e-64,0.351
FW_TWAS_rep_2,GCF_049943315.1,NZ_JBNFVP010000002.1,dtpT,257,1.628e-75,0.372
FW_TWAS_rep_2,GCF_049943315.1,NZ_JBNFVP010000005.1,glcP,43,3.002e-6,0.224
FW_TWAS_rep_2,GCF_049943315.1,NZ_JBNFVP010000002.1,xylF,105,1.542e-26,0.307
FW_TWAS_rep_2,GCF_049943315.1,NZ_JBNFVP010000004.1,aldh,210,3.552e-60,0.362
FW_TWAS_rep_2,GCF_049943315.1,NZ_JBNFVP010000006.1,glcP,198,1.38e-55,0.32
FW_TWAS_rep_2,GCF_049943315.1,NZ_JBNFVP010000001.1,sucD,373,1.527e-118,0.659
FW_TWAS_rep_2,GCF_049943315.1,NZ_JBNFVP010000001.1,aldh,85,2.28e-19,0.25
FW_TWAS_rep_2,GCF_049943315.1,NZ_JBNFVP010000004.1,thl,228,2.047e-66,0.363
FW_TWAS_rep_2,GCF_049943315.1,NZ_JBNFVP010000018.1,ackA,362,5.269e-113,0.482
FW_TWAS_rep_2,GCF_049943315.1,NZ_JBNFVP010000010.1,fumB,90,1.36e-22,0.278
FW_TWAS_rep_2,GCF_049943315.1,NZ_JBNFVP010000001.1,acs,94,3.667e-21,0.245
FW_TWAS_rep_2,GCF_049943315.1,NZ_JBNFVP010000001.1,hydA,40,6.146e-6,0.361
FW_TWAS_rep_2,GCF_049943315.1,NZ_JBNFVP010000002.1,cazy_GH43,107,3.276e-27,0.298
FW_TWAS_rep_2,GCF_049943315.1,NZ_JBNFVP010000006.1,fadD,141,5.473e-36,0.303
FW_TWAS_rep_2,GCF_049943315.1,NZ_JBNFVP010000007.1,pfkA,259,2.816e-79,0.47
FW_TWAS_rep_2,GCF_049943315.1,NZ_JBNFVP010000017.1,pfkA,259,1.327e-78,0.458
FW_TWAS_rep_2,GCF_049943315.1,NZ_JBNFVP010000009.1,pepT,57,6.402e-11,0.279
FW_TWAS_rep_2,GCF_049943315.1,NZ_JBNFVP010000004.1,fadD,130,1.23e-33,0.303
FW_TWAS_rep_2,GCF_049943315.1,NZ_JBNFVP010000020.1,lysophospholipase,203,3.073e-59,0.433
FW_TWAS_rep_2,GCF_049943315.1,NZ_JBNFVP010000007.1,pyk,460,7.319e-145,0.552
FW_TWAS_rep_2,GCF_049943315.1,NZ_JBNFVP010000004.1,glcP,204,7.879e-58,0.339
FW_TWAS_rep_2,GCF_049943315.1,NZ_JBNFVP010000001.1,ptsG,516,1.239e-164,0.572
FW_TWAS_rep_2,GCF_049943315.1,NZ_JBNFVP010000011.1,oppB,239,9.896e-70,0.426
FW_TWAS_rep_2,GCF_049943315.1,NZ_JBNFVP010000009.1,pepQ,67,1.465e-14,0.299
FW_TWAS_rep_2,GCF_049943315.1,NZ_JBNFVP010000005.1,pepA,349,7.058e-107,0.438
FW_TWAS_rep_2,GCF_049943315.1,NZ_JBNFVP010000006.1,acs,101,9.923e-24,0.25
FW_TWAS_rep_2,GCF_049943315.1,NZ_JBNFVP010000004.1,hydA,46,6.335e-7,0.358
FW_TWAS_rep_2,GCF_049943315.1,NZ_JBNFVP010000003.1,crt,48,4.823e-8,0.396
FW_TWAS_rep_2,GCF_049943315.1,NZ_JBNFVP010000012.1,pyk,366,1.599e-112,0.471
FW_TWAS_rep_2,GCF_049943315.1,NZ_JBNFVP010000004.1,fdhA,77,2.399e-16,0.233
FW_TWAS_rep_2,GCF_049943315.1,NZ_JBNFVP010000011.1,endopeptidase,228,5.523e-64,0.433
FW_TWAS_rep_2,GCF_049943315.1,NZ_JBNFVP010000010.1,adhE,227,8.912e-67,0.375
FW_TWAS_rep_2,GCF_049943315.1,NZ_JBNFVP010000011.1,frhG,41,1.729e-6,0.304
FW_TWAS_rep_2,GCF_049943315.1,NZ_JBNFVP010000006.1,aldh,206,9.775e-59,0.356
FW_TWAS_rep_2,GCF_049943315.1,NZ_JBNFVP010000003.1,dtpT,257,2.876e-75,0.333
FW_TWAS_rep_2,GCF_049943315.1,NZ_JBNFVP010000001.1,oppB,261,8.675e-80,0.503
FW_TWAS_rep_2,GCF_049943315.1,NZ_JBNFVP010000004.1,endopeptidase,276,1.379e-82,0.4
FW_TWAS_rep_2,GCF_049943315.1,NZ_JBNFVP010000005.1,fdhA,444,2.108e-138,0.436
FW_TWAS_rep_2,GCF_049943315.1,NZ_JBNFVP010000003.1,agl,81,7.758e-18,0.252
FW_TWAS_rep_2,GCF_049943315.1,NZ_JBNFVP010000003.1,cazy_GH13,96,2.677e-22,0.293
FW_TWAS_rep_2,GCF_049943315.1,NZ_JBNFVP010000011.1,frhB,45,9.042e-8,0.489
FW_TWAS_rep_2,GCF_049943315.1,NZ_JBNFVP010000012.1,tdcB,53,7.965e-10,0.27
FW_TWAS_rep_2,GCF_049943315.1,NZ_JBNFVP010000022.1,pepT,258,4.796e-77,0.425
FW_TWAS_rep_2,GCF_049943315.1,NZ_JBNFVP010000002.1,agl,93,1.783e-21,0.264
FW_TWAS_rep_2,GCF_049943315.1,NZ_JBNFVP010000009.1,ptsG,224,3.832e-64,0.322
FW_TWAS_rep_2,GCF_049943315.1,NZ_JBNFVP010000007.1,oppA,455,1.203e-142,0.478
FW_TWAS_rep_2,GCF_049943315.1,NZ_JBNFVP010000001.1,pepN,413,6.64e-124,0.411
FW_TWAS_rep_2,GCF_049943315.1,NZ_JBNFVP010000007.1,fadE,68,3.579e-14,0.255
FW_TWAS_rep_2,GCF_049943315.1,NZ_JBNFVP010000004.1,frhB,46,6.437e-8,0.383
FW_TWAS_rep_2,GCF_049943315.1,NZ_JBNFVP010000002.1,cazy_GH13,131,3.163e-33,0.323
FW_TWAS_rep_2,GCF_049943315.1,NZ_JBNFVP010000007.1,fadA,314,1.56e-96,0.51
FW_TWAS_rep_2,GCF_049943315.1,NZ_JBNFVP010000008.1,fdhA,182,1.138e-48,0.274
FW_TWAS_rep_2,GCF_049943315.1,NZ_JBNFVP010000017.1,adhE,215,2.055e-62,0.373
FW_TWAS_rep_2,GCF_049943315.1,NZ_JBNFVP010000004.1,ptsG,62,5.417e-12,0.335
FW_TWAS_rep_2,GCF_049943315.1,NZ_JBNFVP010000008.1,pfor,1402,0.0,0.606
FW_TWAS_rep_2,GCF_049943315.1,NZ_JBNFVP010000007.1,adhE,1095,0.0,0.648
FW_TWAS_rep_2,GCF_049943315.1,NZ_JBNFVP010000006.1,bgl,214,1.828e-61,0.32
FW_TWAS_rep_2,GCF_049943315.1,NZ_JBNFVP010000009.1,fadA,284,2.669e-86,0.432
FW_TWAS_rep_2,GCF_049943315.1,NZ_JBNFVP010000011.1,dtpT,282,5.344e-84,0.356
FW_TWAS_rep_2,GCF_049943315.1,NZ_JBNFVP010000021.1,acylglycerol_lipase,59,1.167e-11,0.268
FW_TWAS_rep_2,GCF_049943315.1,NZ_JBNFVP010000005.1,pfkA,47,1.003e-7,0.274
FW_TWAS_rep_2,GCF_049943315.1,NZ_JBNFVP010000022.1,pgi,43,2.149e-6,0.272
FW_TWAS_rep_2,GCF_049943315.1,NZ_JBNFVP010000022.1,acs,124,4.422e-31,0.256
FW_TWAS_rep_2,GCF_049943315.1,NZ_JBNFVP010000007.1,dppB,264,7.661e-81,0.445
FW_TWAS_rep_2,GCF_049943315.1,NZ_JBNFVP010000001.1,rnfB,42,1.064e-6,0.309
FW_TWAS_rep_2,GCF_049943315.1,NZ_JBNFVP010000020.1,phospholipase,226,7.316e-68,0.479
FW_TWAS_rep_2,GCF_049943315.1,NZ_JBNFVP010000001.1,xylF,91,4.869e-22,0.302
FW_TWAS_rep_2,GCF_049943315.1,NZ_JBNFVP010000011.1,oppA,201,2.777e-56,0.318
FW_TWAS_rep_2,GCF_049943315.1,NZ_JBNFVP010000008.1,fadA,365,7.741e-114,0.537
FW_TWAS_rep_2,GCF_049943315.1,NZ_JBNFVP010000008.1,ptsG,328,2.947e-99,0.404
FW_TWAS_rep_2,GCF_049943315.1,NZ_JBNFVP010000001.1,dppA,432,1.312e-134,0.412
FW_TWAS_rep_2,GCF_049943315.1,NZ_JBNFVP010000009.1,mdh,164,1.42e-46,0.342
FW_TWAS_rep_2,GCF_049943315.1,NZ_JBNFVP010000001.1,oppA,430,5.193e-134,0.455
FW_TWAS_rep_2,GCF_049943315.1,NZ_JBNFVP010000004.1,etfA,119,2.576e-29,0.386
FW_TWAS_rep_2,GCF_049943315.1,NZ_JBNFVP010000011.1,dppB,230,6.214e-69,0.423
FW_TWAS_rep_2,GCF_049943315.1,NZ_JBNFVP010000028.1,dppA,148,5.844e-39,0.28
FW_TWAS_rep_2,GCF_049943315.1,NZ_JBNFVP010000020.1,tdcB,302,1.056e-90,0.432
FW_TWAS_rep_2,GCF_049943315.1,NZ_JBNFVP010000004.1,ackA,370,7.57e-116,0.498
FW_TWAS_rep_2,GCF_049943315.1,NZ_JBNFVP010000008.1,gdh,439,4.666e-139,0.523
FW_TWAS_rep_2,GCF_049943315.1,NZ_JBNFVP010000005.1,pepD,133,1.523e-36,0.382
FW_TWAS_rep_2,GCF_049943315.1,NZ_JBNFVP010000001.1,fadD,138,1.24e-35,0.276
FW_TWAS_rep_2,GCF_049943315.1,NZ_JBNFVP010000006.1,mer,82,1.421e-18,0.272
FW_TWAS_rep_2,GCF_049943315.1,NZ_JBNFVP010000007.1,fadB,111,1.69e-28,0.301
FW_TWAS_rep_2,GCF_049943315.1,NZ_JBNFVP010000007.1,cat,261,4.862e-81,0.599
FW_TWAS_rep_2,GCF_049943315.1,NZ_JBNFVP010000020.1,ilvE,166,5.432e-47,0.354
FW_TWAS_rep_2,GCF_049943315.1,NZ_JBNFVP010000003.1,hydA,48,1.332e-8,0.349
FW_TWAS_rep_2,GCF_049943315.1,NZ_JBNFVP010000012.1,cazy_GH13,72,2.673e-15,0.252
FW_TWAS_rep_2,GCF_049943315.1,NZ_JBNFVP010000003.1,fdhA,113,2.15e-27,0.232
FW_TWAS_rep_2,GCF_049943315.1,NZ_JBNFVP010000002.1,pepD,511,9.125e-163,0.532
FW_TWAS_rep_2,GCF_049943315.1,NZ_JBNFVP010000011.1,pfkA,56,7.637e-11,0.394
FW_TWAS_rep_2,GCF_049943315.1,NZ_JBNFVP010000005.1,xylA,501,1.978e-160,0.538
FW_TWAS_rep_2,GCF_049943315.1,NZ_JBNFVP010000014.1,adhE,115,2.12e-29,0.271
FW_TWAS_rep_2,GCF_049943315.1,NZ_JBNFVP010000001.1,fdhA,192,1.348e-51,0.277
FW_TWAS_rep_2,GCF_049943315.1,NZ_JBNFVP010000008.1,cat,214,1.215e-64,0.504
FW_TWAS_rep_2,GCF_049943315.1,NZ_JBNFVP010000004.1,fadA,243,8.706e-72,0.402
FW_TWAS_rep_2,GCF_049943315.1,NZ_JBNFVP010000013.1,frhB,44,1.741e-7,0.356
FW_TWAS_rep_2,GCF_049943315.1,NZ_JBNFVP010000020.1,crt,134,9.391e-34,0.362
FW_TWAS_rep_2,GCF_049943315.1,NZ_JBNFVP010000013.1,frhG,42,5.735e-7,0.377
FW_TWAS_rep_2,GCF_049943315.1,NZ_JBNFVP010000001.1,dtpT,271,4.565e-80,0.369
FW_TWAS_rep_2,GCF_049943315.1,NZ_JBNFVP010000003.1,oppB,248,1.682e-75,0.468
FW_TWAS_rep_2,GCF_049943315.1,NZ_JBNFVP010000006.1,adh,46,1.046e-7,0.324
FW_TWAS_rep_2,GCF_049943315.1,NZ_JBNFVP010000014.1,xylF,260,7.457e-79,0.477
FW_TWAS_rep_2,GCF_049943315.1,NZ_JBNFVP010000028.1,dppB,248,1.656e-74,0.452
FW_TWAS_rep_2,GCF_049943315.1,NZ_JBNFVP010000007.1,thl,390,6.193e-123,0.583
FW_TWAS_rep_2,GCF_049943315.1,NZ_JBNFVP010000018.1,fadD,254,1.325e-73,0.362
FW_TWAS_rep_2,GCF_049943315.1,NZ_JBNFVP010000009.1,acs,109,1.661e-26,0.25
FW_TWAS_rep_2,GCF_049943315.1,NZ_JBNFVP010000001.1,bgl,205,2.448e-58,0.298
FW_TWAS_rep_2,GCF_049943315.1,NZ_JBNFVP010000023.1,agl,169,6.856e-46,0.324
FW_TWAS_rep_2,GCF_049943315.1,NZ_JBNFVP010000007.1,dppC,239,4.181e-72,0.45
FW_TWAS_rep_2,GCF_049943315.1,NZ_JBNFVP010000004.1,crt,134,1.026e-35,0.369
FW_TWAS_rep_2,GCF_049943315.1,NZ_JBNFVP010000014.1,glcP,226,2.014e-65,0.327
FW_TWAS_rep_2,GCF_049943315.1,NZ_JBNFVP010000012.1,fadD,132,4.733e-34,0.303
FW_TWAS_rep_2,GCF_049943315.1,NZ_JBNFVP010000006.1,ackA,415,3.495e-131,0.562
FW_TWAS_rep_2,GCF_049943315.1,NZ_JBNFVP010000008.1,rnfB,42,1.064e-6,0.309
FW_TWAS_rep_2,GCF_049943315.1,NZ_JBNFVP010000028.1,adhE,85,4.19e-19,0.259
FW_TWAS_rep_2,GCF_049943315.1,NZ_JBNFVP010000007.1,oppB,312,3.415e-97,0.53
FW_TWAS_rep_2,GCF_049943315.1,NZ_JBNFVP010000018.1,tdcB,314,9.982e-98,0.514
FW_TWAS_rep_2,GCF_049943315.1,NZ_JBNFVP010000007.1,hbd,165,2.045e-46,0.395
FW_TWAS_rep_2,GCF_049943315.1,NZ_JBNFVP010000003.1,dppB,439,5.683e-140,0.675
FW_TWAS_rep_2,GCF_049943315.1,NZ_JBNFVP010000012.1,acs,118,2.068e-29,0.264
FW_TWAS_rep_2,GCF_049943315.1,NZ_JBNFVP010000020.1,pepQ,78,3.618e-17,0.275
FW_TWAS_rep_2,GCF_049943315.1,NZ_JBNFVP010000004.1,pta,214,4.879e-63,0.412
FW_TWAS_rep_2,GCF_049943315.1,NZ_JBNFVP010000009.1,cat,93,9.636e-22,0.301
FW_TWAS_rep_2,GCF_049943315.1,NZ_JBNFVP010000023.1,cazy_GH13,170,3.788e-46,0.357
FW_TWAS_rep_2,GCF_049943315.1,NZ_JBNFVP010000013.1,bgl,256,2.351e-75,0.329
FW_TWAS_rep_2,GCF_049943315.1,NZ_JBNFVP010000008.1,fumB,739,1.915e-240,0.655
FW_TWAS_rep_2,GCF_049943315.1,NZ_JBNFVP010000004.1,mvhG,42,1.03e-6,0.323
FW_TWAS_rep_2,GCF_049943315.1,NZ_JBNFVP010000003.1,dppA,777,1.145e-253,0.699
FW_TWAS_rep_2,GCF_049943315.1,NZ_JBNFVP010000001.1,dppB,286,4.312e-88,0.459
FW_TWAS_rep_2,GCF_049943315.1,NZ_JBNFVP010000011.1,mer,64,8.342e-13,0.289
FW_TWAS_rep_2,GCF_049943315.1,NZ_JBNFVP010000017.1,fdhA,304,7.936e-88,0.319
FW_TWAS_rep_2,GCF_049943315.1,NZ_JBNFVP010000008.1,gapA,314,1.826e-97,0.505
FW_TWAS_rep_2,GCF_049943315.1,NZ_JBNFVP010000005.1,cazy_GH43,129,1.039e-32,0.326
FW_TWAS_rep_2,GCF_049943315.1,NZ_JBNFVP010000003.1,xylF,337,3.036e-105,0.546
FW_TWAS_rep_2,GCF_049943315.1,NZ_JBNFVP010000013.1,hydA,50,2.262e-9,0.363
FW_TWAS_rep_2,GCF_049943315.1,NZ_JBNFVP010000004.1,fadB,421,2.447e-128,0.371
FW_TWAS_rep_2,GCF_049943315.1,NZ_JBNFVP010000028.1,oppB,196,9.346e-58,0.416
FW_TWAS_rep_2,GCF_049943315.1,NZ_JBNFVP010000004.1,frhG,46,1.009e-7,0.274
FW_TWAS_rep_2,GCF_049943315.1,NZ_JBNFVP010000007.1,fdhA,551,3.378e-172,0.439
FW_TWAS_rep_2,GCF_049943315.1,NZ_JBNFVP010000018.1,acs,145,1.11e-37,0.293
FW_TWAS_rep_2,GCF_049943315.1,NZ_JBNFVP010000009.1,fadD,139,5.429e-36,0.296
FW_TWAS_rep_2,GCF_049943315.1,NZ_JBNFVP010000005.1,pgi,713,9.131e-231,0.672
FW_TWAS_rep_2,GCF_049943315.1,NZ_JBNFVP010000004.1,dppC,130,1.682e-34,0.349
FW_TWAS_rep_2,GCF_049943315.1,NZ_JBNFVP010000020.1,acylglycerol_lipase,66,9.364e-14,0.263
FW_TWAS_rep_2,GCF_049943315.1,NZ_JBNFVP010000022.1,fadD,184,1.953e-50,0.296
FW_TWAS_rep_2,GCF_049943315.1,NZ_JBNFVP010000005.1,xylF,73,4.131e-16,0.307
FW_TWAS_rep_2,GCF_049943315.1,NZ_JBNFVP010000006.1,fadA,327,4.552e-101,0.488
FW_TWAS_rep_2,GCF_049943315.1,NZ_JBNFVP010000002.1,ptsG,68,5.583e-16,0.418
FW_TWAS_rep_2,GCF_049943315.1,NZ_JBNFVP010000009.1,thl,312,1.172e-95,0.451
FW_TWAS_rep_2,GCF_049943315.1,NZ_JBNFVP010000011.1,dppC,209,1.4e-61,0.428
FW_TWAS_rep_2,GCF_049943315.1,NZ_JBNFVP010000008.1,etfA,103,2.152e-26,0.323
FW_TWAS_rep_2,GCF_049943315.1,NZ_JBNFVP010000012.1,susC,44,2.62e-6,0.318
FW_TWAS_rep_2,GCF_049943315.1,NZ_JBNFVP010000004.1,adhE,196,3.287e-56,0.358
FW_TWAS_rep_2,GCF_049943315.1,NZ_JBNFVP010000028.1,dppC,238,3.654e-72,0.453
FW_TWAS_rep_2,GCF_049943315.1,NZ_JBNFVP010000003.1,glcP,72,2.751e-15,0.336
FW_TWAS_rep_2,GCF_049943315.1,NZ_JBNFVP010000011.1,fdhA,302,3.491e-87,0.323
FW_TWAS_rep_2,GCF_049943315.1,NZ_JBNFVP010000003.1,adhE,117,8.675e-30,0.338
FW_TWAS_rep_2,GCF_049943315.1,NZ_JBNFVP010000002.1,folD,328,6.365e-103,0.58
FW_TWAS_rep_2,GCF_049943315.1,NZ_JBNFVP010000006.1,gapA,255,3.471e-77,0.391
FW_TWAS_rep_2,GCF_049943315.1,NZ_JBNFVP010000001.1,gapA,497,4.452e-161,0.728
FW_TWAS_rep_2,GCF_049943315.1,NZ_JBNFVP010000002.1,pfkA,57,5.203e-11,0.259
FW_TWAS_rep_2,GCF_049943315.1,NZ_JBNFVP010000020.1,fadB,1037,0.0,0.728
FW_TWAS_rep_2,GCF_049943315.1,NZ_JBNFVP010000001.1,adhE,91,4.377e-21,0.276
FW_TWAS_rep_2,GCF_049943315.1,NZ_JBNFVP010000002.1,bcd,104,1.068e-24,0.288
FW_TWAS_rep_2,GCF_049943315.1,NZ_JBNFVP010000003.1,xylA,510,9.463e-163,0.551
FW_TWAS_rep_2,GCF_049943315.1,NZ_JBNFVP010000008.1,adhE,73,1.407e-15,0.25
FW_TWAS_rep_2,GCF_049943315.1,NZ_JBNFVP010000010.1,mdh,160,4.695e-45,0.386
FW_TWAS_rep_2,GCF_049943315.1,NZ_JBNFVP010000011.1,bgl,354,6.905e-109,0.404
FW_TWAS_rep_2,GCF_049943315.1,NZ_JBNFVP010000006.1,adhE,263,1.934e-78,0.431
FW_TWAS_rep_2,GCF_049943315.1,NZ_JBNFVP010000020.1,fadA,363,8.924e-114,0.524
FW_TWAS_rep_2,GCF_049943315.1,NZ_JBNFVP010000006.1,dtpT,360,1.969e-110,0.419
FW_TWAS_rep_2,GCF_049943315.1,NZ_JBNFVP010000003.1,ptsG,267,1.326e-78,0.346
FW_TWAS_rep_2,GCF_049943315.1,NZ_JBNFVP010000020.1,etfA,114,8.207e-28,0.401
FW_TWAS_rep_2,GCF_049943315.1,NZ_JBNFVP010000011.1,adhE,50,1.987e-8,0.242
FW_TWAS_rep_2,GCF_049943315.1,NZ_JBNFVP010000003.1,eda,113,1.472e-30,0.368
FW_TWAS_rep_2,GCF_049943315.1,NZ_JBNFVP010000011.1,rnfB,199,2.552e-60,0.595
FW_TWAS_rep_2,GCF_049943315.1,NZ_JBNFVP010000009.1,adhE,144,6.776e-39,0.287
FW_TWAS_rep_2,GCF_049943315.1,NZ_JBNFVP010000002.1,dppA,48,1.311e-7,0.212
FW_TWAS_rep_2,GCF_049943315.1,NZ_JBNFVP010000001.1,gdh,563,1.157e-181,0.639
FW_TWAS_rep_2,GCF_049943315.1,NZ_JBNFVP010000004.1,pfkA,146,1.834e-40,0.371
FW_TWAS_rep_2,GCA_044355585.1,JBIKXX010000525.1,oppA,225,6.75e-64,0.337
FW_TWAS_rep_2,GCA_044355585.1,JBIKXX010000267.1,mvhG,46,6.272e-8,0.265
FW_TWAS_rep_2,GCA_044355585.1,JBIKXX010000340.1,sucC,401,2.952e-126,0.547
FW_TWAS_rep_2,GCA_044355585.1,JBIKXX010000252.1,fdhA,65,1.22e-13,0.42
FW_TWAS_rep_2,GCA_044355585.1,JBIKXX010000530.1,xylB,130,1.984e-34,0.335
FW_TWAS_rep_2,GCA_044355585.1,JBIKXX010000032.1,acs,81,5.357e-18,0.231
FW_TWAS_rep_2,GCA_044355585.1,JBIKXX010000401.1,pfor,357,3.623e-101,0.258
FW_TWAS_rep_2,GCA_044355585.1,JBIKXX010000296.1,fwdA,49,3.589e-8,0.43
FW_TWAS_rep_2,GCA_044355585.1,JBIKXX010000089.1,fadD,158,2.305e-42,0.29
FW_TWAS_rep_2,GCA_044355585.1,JBIKXX010000626.1,adhE,159,8.954e-43,0.29
FW_TWAS_rep_2,GCA_044355585.1,JBIKXX010000260.1,eda,185,4.018e-55,0.463
FW_TWAS_rep_2,GCA_044355585.1,JBIKXX010000525.1,dppC,196,5.944e-56,0.382
FW_TWAS_rep_2,GCA_044355585.1,JBIKXX010000421.1,mmcF,127,1.018e-31,0.507
FW_TWAS_rep_2,GCA_044355585.1,JBIKXX010000942.1,dppA,77,1.623e-17,0.252
FW_TWAS_rep_2,GCA_044355585.1,JBIKXX010000168.1,pfkA,55,4.483e-10,0.252
FW_TWAS_rep_2,GCA_044355585.1,JBIKXX010000034.1,xylF,88,4.517e-20,0.311
FW_TWAS_rep_2,GCA_044355585.1,JBIKXX010000473.1,folD,297,3.823e-92,0.538
FW_TWAS_rep_2,GCA_044355585.1,JBIKXX010000525.1,dppB,47,1.425e-7,0.247
FW_TWAS_rep_2,GCA_044355585.1,JBIKXX010000301.1,cazy_GH9,182,1.136e-49,0.335
FW_TWAS_rep_2,GCA_044355585.1,JBIKXX010000438.1,oppA,353,8.407e-107,0.393
FW_TWAS_rep_2,GCA_044355585.1,JBIKXX010000408.1,dppA,59,1.22e-11,0.344
FW_TWAS_rep_2,GCA_044355585.1,JBIKXX010000053.1,pgi,178,3.277e-47,0.32
FW_TWAS_rep_2,GCA_044355585.1,JBIKXX010000394.1,fdhA,74,6.739e-16,0.268
FW_TWAS_rep_2,GCA_044355585.1,JBIKXX010000252.1,frhA,148,2.353e-39,0.286
FW_TWAS_rep_2,GCA_044355585.1,JBIKXX010000520.1,glcP,229,1.183e-66,0.344
FW_TWAS_rep_2,GCA_044355585.1,JBIKXX010000438.1,dppA,261,8.428e-76,0.333
FW_TWAS_rep_2,GCA_044355585.1,JBIKXX010000832.1,frhG,53,9.572e-10,0.333
FW_TWAS_rep_2,GCA_044355585.1,JBIKXX010000151.1,adhE,52,5.089e-9,0.238
FW_TWAS_rep_2,GCA_044355585.1,JBIKXX010000761.1,acs,98,1.512e-24,0.376
FW_TWAS_rep_2,GCA_044355585.1,JBIKXX010000089.1,acs,115,1.693e-28,0.249
FW_TWAS_rep_2,GCA_044355585.1,JBIKXX010000013.1,rnfB,53,5.324e-9,0.469
FW_TWAS_rep_2,GCA_044355585.1,JBIKXX010000723.1,dtpT,195,1.743e-54,0.325
FW_TWAS_rep_2,GCA_044355585.1,JBIKXX010000870.1,acylglycerol_lipase,63,6.048e-13,0.241
FW_TWAS_rep_2,GCA_044355585.1,JBIKXX010000124.1,gdh,121,1.238e-34,0.504
FW_TWAS_rep_2,GCA_044355585.1,JBIKXX010000844.1,frhA,69,1.234e-14,0.283
FW_TWAS_rep_2,GCA_044355585.1,JBIKXX010000669.1,oppB,229,8.186e-69,0.463
FW_TWAS_rep_2,GCA_044355585.1,JBIKXX010000137.1,agl,46,7.376e-7,0.288
FW_TWAS_rep_2,GCA_044355585.1,JBIKXX010000942.1,oppA,96,7.15e-24,0.26
FW_TWAS_rep_2,GCA_044355585.1,JBIKXX010000669.1,dppC,194,1.746e-56,0.412
FW_TWAS_rep_2,GCA_044355585.1,JBIKXX010000840.1,adhE,133,4.409e-35,0.357
FW_TWAS_rep_2,GCA_044355585.1,JBIKXX010000806.1,pepQ,78,1.099e-16,0.345
FW_TWAS_rep_2,GCA_044355585.1,JBIKXX010000667.1,sucD,49,5.853e-8,0.234
FW_TWAS_rep_2,GCA_044355585.1,JBIKXX010000010.1,pepQ,61,1.632e-12,0.303
FW_TWAS_rep_2,GCA_044355585.1,JBIKXX010000031.1,acylglycerol_lipase,49,2.152e-8,0.257
FW_TWAS_rep_2,GCA_044355585.1,JBIKXX010000252.1,hydA,111,1.274e-28,0.326
FW_TWAS_rep_2,GCA_044355585.1,JBIKXX010000013.1,hydA,67,1.306e-13,0.32
FW_TWAS_rep_2,GCA_044355585.1,JBIKXX010000210.1,edd,218,3.249e-61,0.308
FW_TWAS_rep_2,GCA_044355585.1,JBIKXX010000238.1,extracellular_protease,107,9.658e-27,0.34
FW_TWAS_rep_2,GCA_044355585.1,JBIKXX010000408.1,oppA,66,5.062e-14,0.32
FW_TWAS_rep_2,GCA_044355585.1,JBIKXX010000832.1,mvhG,47,8.648e-8,0.286
FW_TWAS_rep_2,GCA_044355585.1,JBIKXX010000340.1,sucD,327,4.9e-102,0.567
FW_TWAS_rep_2,GCA_044355585.1,JBIKXX010000953.1,fdhA,153,1.118e-40,0.321
FW_TWAS_rep_2,GCA_044355585.1,JBIKXX010000286.1,adhE,186,4.332e-52,0.368
FW_TWAS_rep_2,GCA_044355585.1,JBIKXX010000148.1,mdh,168,1.677e-47,0.396
FW_TWAS_rep_2,GCA_044355585.1,JBIKXX010000105.1,acs,91,1.636e-20,0.261
FW_TWAS_rep_2,GCA_044355585.1,JBIKXX010000790.1,dppB,81,2.217e-21,0.444
FW_TWAS_rep_2,GCA_044355585.1,JBIKXX010000206.1,extracellular_protease,79,5.929e-17,0.315
FW_TWAS_rep_2,GCA_044355585.1,JBIKXX010000792.1,fdhA,78,1.801e-19,0.34
FW_TWAS_rep_2,GCA_044355585.1,JBIKXX010000755.1,gapA,395,4.048e-125,0.609
FW_TWAS_rep_2,GCA_044355585.1,JBIKXX010000502.1,cazy_CBM6,75,4.876e-16,0.431
FW_TWAS_rep_2,GCA_044355585.1,JBIKXX010000190.1,frhB,45,3.567e-7,0.325
FW_TWAS_rep_2,GCA_044355585.1,JBIKXX010000761.1,fadD,108,7.252e-28,0.341
FW_TWAS_rep_2,GCA_044355585.1,JBIKXX010000260.1,lctB,145,3.278e-38,0.346
FW_TWAS_rep_2,GCA_044355585.1,JBIKXX010000034.1,pfkA,80,5.917e-18,0.337
FW_TWAS_rep_2,GCA_044355585.1,JBIKXX010000040.1,pfkA,126,3.037e-32,0.28
FW_TWAS_rep_2,GCA_044355585.1,JBIKXX010000552.1,dppB,220,1.301e-65,0.39
FW_TWAS_rep_2,GCA_044355585.1,JBIKXX010000607.1,edd,94,3.097e-23,0.354
FW_TWAS_rep_2,GCA_044355585.1,JBIKXX010000252.1,mvhG,134,2.663e-38,0.389
FW_TWAS_rep_2,GCA_044355585.1,JBIKXX010000870.1,lysophospholipase,59,1.061e-11,0.329
FW_TWAS_rep_2,GCA_044355585.1,JBIKXX010000552.1,oppB,223,7.801e-67,0.424
FW_TWAS_rep_2,GCA_044355585.1,JBIKXX010000525.1,oppB,228,8.363e-67,0.428
FW_TWAS_rep_2,GCA_044355585.1,JBIKXX010000653.1,pfkA,48,5.393e-8,0.327
FW_TWAS_rep_2,GCA_044355585.1,JBIKXX010000356.1,adhE,169,3.102e-46,0.334
FW_TWAS_rep_2,GCA_044355585.1,JBIKXX010000002.1,pepO,630,1.572e-200,0.472
FW_TWAS_rep_2,GCA_044355585.1,JBIKXX010000045.1,pyk,340,3.2e-104,0.425
FW_TWAS_rep_2,GCA_044355585.1,JBIKXX010000120.1,cazy_GH10,235,6.561e-68,0.361
FW_TWAS_rep_2,GCA_044355585.1,JBIKXX010000108.1,pfor,1523,0.0,0.652
FW_TWAS_rep_2,GCA_044355585.1,JBIKXX010000005.1,xylB,88,4.7e-20,0.268
FW_TWAS_rep_2,GCA_044355585.1,JBIKXX010000421.1,mmcE,510,2.347e-157,0.504
FW_TWAS_rep_2,GCA_044355585.1,JBIKXX010000525.1,dppA,215,1.29e-60,0.304
FW_TWAS_rep_2,GCA_044355585.1,JBIKXX010000975.1,edd,98,1.614e-23,0.303
FW_TWAS_rep_2,GCA_044355585.1,JBIKXX010000626.1,aldh,164,1.85e-44,0.275
FW_TWAS_rep_2,GCA_044355585.1,JBIKXX010000394.1,hydA,69,1.967e-14,0.236
FW_TWAS_rep_2,GCA_044355585.1,JBIKXX010000105.1,fadD,122,4.946e-30,0.289
FW_TWAS_rep_2,GCA_044355585.1,JBIKXX010000776.1,dtpT,80,2.071e-17,0.244
FW_TWAS_rep_2,GCA_044355585.1,JBIKXX010000015.1,pfor,40,3.156e-6,0.483
FW_TWAS_rep_2,GCA_044355585.1,JBIKXX010000015.1,frhB,48,1.069e-8,0.487
FW_TWAS_rep_2,GCA_044355585.1,JBIKXX010000252.1,mvhA,437,1.815e-137,0.478
FW_TWAS_rep_2,GCA_044355585.1,JBIKXX010000669.1,dppB,219,1.388e-65,0.419
FW_TWAS_rep_2,GCA_044355585.1,JBIKXX010000034.1,extracellular_protease,220,1.856e-59,0.407
FW_TWAS_rep_2,GCA_044355585.1,JBIKXX010000732.1,edd,152,1.398e-42,0.392
FW_TWAS_rep_2,GCA_044355585.1,JBIKXX010000177.1,dppA,87,1.432e-21,0.282
FW_TWAS_rep_2,GCA_044355585.1,JBIKXX010000319.1,lysophospholipase,96,2.09e-24,0.325
FW_TWAS_rep_2,GCA_044355585.1,JBIKXX010000223.1,extracellular_protease,74,4.403e-15,0.311
FW_TWAS_rep_2,GCA_044355585.1,JBIKXX010000626.1,ackA,274,5.49e-82,0.405
FW_TWAS_rep_2,GCA_044355585.1,JBIKXX010000560.1,gdh,56,2.345e-10,0.472
FW_TWAS_rep_2,GCA_044355585.1,JBIKXX010000500.1,mmcE,98,3.866e-23,0.352
FW_TWAS_rep_2,GCA_044355585.1,JBIKXX010000045.1,pfkA,134,1.126e-34,0.34
FW_TWAS_rep_2,GCA_044355585.1,JBIKXX010000013.1,fdhA,57,2.352e-10,0.316
FW_TWAS_rep_2,GCA_044355585.1,JBIKXX010000137.1,cazy_GH13,59,8.083e-11,0.297
FW_TWAS_rep_2,GCA_044355585.1,JBIKXX010000032.1,fadD,222,2.463e-64,0.389
FW_TWAS_rep_2,GCA_044355585.1,JBIKXX010000267.1,frhG,47,2.595e-8,0.296
FW_TWAS_rep_2,GCA_044355585.1,JBIKXX010000790.1,oppB,78,2.788e-20,0.444
FW_TWAS_rep_2,GCA_044355585.1,JBIKXX010000570.1,eda,135,2.304e-36,0.428
FW_TWAS_rep_2,GCA_044355585.1,JBIKXX010000589.1,pepN,212,6.785e-58,0.317
FW_TWAS_rep_2,GCA_044355585.1,JBIKXX010001011.1,oppA,124,5.033e-32,0.275
FW_TWAS_rep_2,GCA_044355585.1,JBIKXX010000171.1,xylA,531,1.812e-170,0.577
FW_TWAS_rep_2,GCA_044355585.1,JBIKXX010000636.1,endopeptidase,284,1.408e-86,0.496
FW_TWAS_rep_2,GCA_044355585.1,JBIKXX010000096.1,ilvE,64,3.804e-13,0.339
FW_TWAS_rep_2,GCA_044355585.1,JBIKXX010000252.1,frhG,92,9.551e-24,0.297
FW_TWAS_rep_2,GCA_044355585.1,JBIKXX010000792.1,pfor,48,1.562e-8,0.316
FW_TWAS_rep_2,GCA_044355585.1,JBIKXX010001011.1,dppA,109,6.366e-27,0.27
FW_TWAS_rep_2,GCA_044355585.1,JBIKXX010000792.1,frhG,41,2.993e-6,0.306
FW_TWAS_rep_2,GCA_041904965.1,JAYRMA010000006.1,etfA,72,4.845e-16,0.277
FW_TWAS_rep_2,GCA_041904965.1,JAYRMA010000135.1,fadB,210,9.401e-61,0.33
FW_TWAS_rep_2,GCA_041904965.1,JAYRMA010000107.1,endopeptidase,74,9.322e-16,0.339
FW_TWAS_rep_2,GCA_041904965.1,JAYRMA010000081.1,oppB,207,6.495e-58,0.368
FW_TWAS_rep_2,GCA_041904965.1,JAYRMA010000033.1,etfA,70,6.326e-15,0.278
FW_TWAS_rep_2,GCA_041904965.1,JAYRMA010000064.1,esterase,48,5.493e-8,0.304
FW_TWAS_rep_2,GCA_041904965.1,JAYRMA010000332.1,fadA,319,5.214e-98,0.518
FW_TWAS_rep_2,GCA_041904965.1,JAYRMA010000215.1,fadE,104,5.553e-25,0.297
FW_TWAS_rep_2,GCA_041904965.1,JAYRMA010000018.1,thl,384,8.008e-120,0.553
FW_TWAS_rep_2,GCA_041904965.1,JAYRMA010000003.1,adh,45,1.826e-7,0.247
FW_TWAS_rep_2,GCA_041904965.1,JAYRMA010000026.1,fadD,284,6.717e-83,0.353
FW_TWAS_rep_2,GCA_041904965.1,JAYRMA010000040.1,hbd,212,1.346e-58,0.348
FW_TWAS_rep_2,GCA_041904965.1,JAYRMA010000021.1,crt,43,1.295e-6,0.319
FW_TWAS_rep_2,GCA_041904965.1,JAYRMA010000153.1,crt,120,1.626e-31,0.334
FW_TWAS_rep_2,GCA_041904965.1,JAYRMA010000059.1,fadD,206,9.145e-58,0.347
FW_TWAS_rep_2,GCA_041904965.1,JAYRMA010000071.1,crt,121,9.429e-32,0.341
FW_TWAS_rep_2,GCA_041904965.1,JAYRMA010000062.1,adhE,73,1.832e-15,0.24
FW_TWAS_rep_2,GCA_041904965.1,JAYRMA010000057.1,hydA,71,9.615e-15,0.278
FW_TWAS_rep_2,GCA_041904965.1,JAYRMA010000058.1,fadA,342,1.014e-104,0.505
FW_TWAS_rep_2,GCA_041904965.1,JAYRMA010000067.1,adh,42,2.27e-6,0.358
FW_TWAS_rep_2,GCA_041904965.1,JAYRMA010000122.1,fadD,183,2.804e-50,0.321
FW_TWAS_rep_2,GCA_041904965.1,JAYRMA010000151.1,fadB,349,1.093e-101,0.318
FW_TWAS_rep_2,GCA_041904965.1,JAYRMA010000019.1,pepA,349,1.754e-106,0.475
FW_TWAS_rep_2,GCA_041904965.1,JAYRMA010000003.1,fadD,124,8.703e-31,0.266
FW_TWAS_rep_2,GCA_041904965.1,JAYRMA010000068.1,adhE,167,1.845e-46,0.321
FW_TWAS_rep_2,GCA_041904965.1,JAYRMA010000324.1,fadE,233,1.457e-68,0.405
FW_TWAS_rep_2,GCA_041904965.1,JAYRMA010000008.1,fadD,195,4.909e-54,0.321
FW_TWAS_rep_2,GCA_041904965.1,JAYRMA010000025.1,acs,123,6.887e-31,0.261
FW_TWAS_rep_2,GCA_041904965.1,JAYRMA010000018.1,fadE,235,1.979e-69,0.345
FW_TWAS_rep_2,GCA_041904965.1,JAYRMA010000165.1,bcd,141,1.556e-36,0.3
FW_TWAS_rep_2,GCA_041904965.1,JAYRMA010000071.1,fadE,140,7.102e-36,0.334
FW_TWAS_rep_2,GCA_041904965.1,JAYRMA010000132.1,lysophospholipase,141,8.373e-40,0.362
FW_TWAS_rep_2,GCA_041904965.1,JAYRMA010000307.1,fadE,98,3.134e-23,0.28
FW_TWAS_rep_2,GCA_041904965.1,JAYRMA010000058.1,fadE,85,8.182e-19,0.245
FW_TWAS_rep_2,GCA_041904965.1,JAYRMA010000110.1,pepT,51,1.171e-8,0.229
FW_TWAS_rep_2,GCA_041904965.1,JAYRMA010000008.1,eda,199,1.56e-59,0.563
FW_TWAS_rep_2,GCA_041904965.1,JAYRMA010000325.1,fadE,90,4.196e-21,0.272
FW_TWAS_rep_2,GCA_041904965.1,JAYRMA010000066.1,acylglycerol_lipase,48,4.58e-8,0.295
FW_TWAS_rep_2,GCA_041904965.1,JAYRMA010000071.1,etfB,304,4.932e-95,0.669
FW_TWAS_rep_2,GCA_041904965.1,JAYRMA010000095.1,fadD,130,8.622e-34,0.304
FW_TWAS_rep_2,GCA_041904965.1,JAYRMA010000095.1,fadA,130,7.8e-37,0.435
FW_TWAS_rep_2,GCA_041904965.1,JAYRMA010000079.1,crt,117,2.504e-30,0.321
FW_TWAS_rep_2,GCA_041904965.1,JAYRMA010000182.1,fumB,258,8.714e-75,0.37
FW_TWAS_rep_2,GCA_041904965.1,JAYRMA010000040.1,acs,135,1.016e-33,0.273
FW_TWAS_rep_2,GCA_041904965.1,JAYRMA010000064.1,adhE,172,2.273e-47,0.315
FW_TWAS_rep_2,GCA_041904965.1,JAYRMA010000024.1,pgi,495,1.484e-153,0.525
FW_TWAS_rep_2,GCA_041904965.1,JAYRMA010000025.1,fadD,215,9.709e-61,0.315
FW_TWAS_rep_2,GCA_041904965.1,JAYRMA010000275.1,acylglycerol_lipase,53,1.187e-10,0.3
FW_TWAS_rep_2,GCA_041904965.1,JAYRMA010000274.1,lysophospholipase,48,3.054e-8,0.299
FW_TWAS_rep_2,GCA_041904965.1,JAYRMA010000151.1,thl,257,1.111e-76,0.39
FW_TWAS_rep_2,GCA_041904965.1,JAYRMA010000001.1,fdhA,190,1.669e-51,0.28
FW_TWAS_rep_2,GCA_041904965.1,JAYRMA010000166.1,fadD,173,5.069e-47,0.324
FW_TWAS_rep_2,GCA_041904965.1,JAYRMA010000024.1,oppB,206,2.733e-60,0.384
FW_TWAS_rep_2,GCA_041904965.1,JAYRMA010000280.1,adh,40,6.21e-6,0.318
FW_TWAS_rep_2,GCA_041904965.1,JAYRMA010000303.1,cat,209,3.97e-63,0.472
FW_TWAS_rep_2,GCA_041904965.1,JAYRMA010000095.1,hbd,229,3.663e-64,0.363
FW_TWAS_rep_2,GCA_041904965.1,JAYRMA010000032.1,lctB,92,1.243e-21,0.277
FW_TWAS_rep_2,GCA_041904965.1,JAYRMA010000262.1,hydA,73,3.426e-15,0.323
FW_TWAS_rep_2,GCA_041904965.1,JAYRMA010000004.1,acs,117,5.587e-29,0.271
FW_TWAS_rep_2,GCA_041904965.1,JAYRMA010000067.1,thl,92,1.836e-21,0.273
FW_TWAS_rep_2,GCA_041904965.1,JAYRMA010000057.1,fdhA,140,5.416e-36,0.271
FW_TWAS_rep_2,GCA_041904965.1,JAYRMA010000024.1,dppC,236,4.919e-71,0.434
FW_TWAS_rep_2,GCA_041904965.1,JAYRMA010000007.1,etfA,126,2.682e-34,0.403
FW_TWAS_rep_2,GCA_041904965.1,JAYRMA010000081.1,dppB,216,3.459e-61,0.388
FW_TWAS_rep_2,GCA_041904965.1,JAYRMA010000024.1,dppB,243,5.18e-73,0.437
FW_TWAS_rep_2,GCA_041904965.1,JAYRMA010000044.1,acs,205,1.579e-57,0.31
FW_TWAS_rep_2,GCA_041904965.1,JAYRMA010000142.1,fdhA,47,1.348e-9,0.328
FW_TWAS_rep_2,GCA_041904965.1,JAYRMA010000066.1,acs,253,2.439e-73,0.322
FW_TWAS_rep_2,GCA_041904965.1,JAYRMA010000058.1,crt,123,4.91e-32,0.338
FW_TWAS_rep_2,GCA_041904965.1,JAYRMA010000152.1,fadE,136,6.541e-35,0.341
FW_TWAS_rep_2,GCA_041904965.1,JAYRMA010000174.1,tdcB,265,1.31e-80,0.47
FW_TWAS_rep_2,GCA_041904965.1,JAYRMA010000066.1,fadD,169,1.143e-45,0.304
FW_TWAS_rep_2,GCA_041904965.1,JAYRMA010000126.1,mdh,188,4.799e-54,0.415
FW_TWAS_rep_2,GCA_041904965.1,JAYRMA010000018.1,lipase,44,7.861e-7,0.318
FW_TWAS_rep_2,GCA_041904965.1,JAYRMA010000190.1,gdh,437,4.374e-138,0.546
FW_TWAS_rep_2,GCA_041904965.1,JAYRMA010000036.1,bcd,173,3.519e-47,0.315
FW_TWAS_rep_2,GCA_041904965.1,JAYRMA010000003.1,frhG,41,2.31e-6,0.313
FW_TWAS_rep_2,GCA_041904965.1,JAYRMA010000040.1,etfA,100,2.254e-23,0.394
FW_TWAS_rep_2,GCA_041904965.1,JAYRMA010000058.1,hbd,138,5.59e-35,0.332
FW_TWAS_rep_2,GCA_041904965.1,JAYRMA010000176.1,crt,118,1.44e-30,0.348
FW_TWAS_rep_2,GCA_041904965.1,JAYRMA010000176.1,fadB,59,2.062e-11,0.323
FW_TWAS_rep_2,GCA_041904965.1,JAYRMA010000324.1,bcd,139,5.556e-37,0.297
FW_TWAS_rep_2,GCA_041904965.1,JAYRMA010000038.1,mmcE,311,3.639e-88,0.401
FW_TWAS_rep_2,GCA_041904965.1,JAYRMA010000318.1,lysophospholipase,44,6.53e-7,0.268
FW_TWAS_rep_2,GCA_041904965.1,JAYRMA010000081.1,dppA,78,7.215e-17,0.203
FW_TWAS_rep_2,GCA_041904965.1,JAYRMA010000071.1,etfA,300,3.034e-93,0.625
FW_TWAS_rep_2,GCA_041904965.1,JAYRMA010000026.1,acs,108,5.386e-26,0.257
FW_TWAS_rep_2,GCA_041904965.1,JAYRMA010000325.1,acylglycerol_lipase,51,3.463e-9,0.265
FW_TWAS_rep_2,GCA_041904965.1,JAYRMA010000023.1,endopeptidase,218,6.469e-61,0.379
FW_TWAS_rep_2,GCA_041904965.1,JAYRMA010000026.1,crt,121,2.677e-32,0.365
FW_TWAS_rep_2,GCA_041904965.1,JAYRMA010000171.1,fdhA,332,5.357e-97,0.337
FW_TWAS_rep_2,GCA_041904965.1,JAYRMA010000215.1,fadA,238,7.431e-73,0.521
FW_TWAS_rep_2,GCA_041904965.1,JAYRMA010000128.1,fadD,227,5.885e-64,0.318
FW_TWAS_rep_2,GCA_041904965.1,JAYRMA010000128.1,acs,66,4.488e-13,0.225
FW_TWAS_rep_2,GCA_041904965.1,JAYRMA010000040.1,fadD,163,3.026e-42,0.319
FW_TWAS_rep_2,GCA_041904965.1,JAYRMA010000120.1,crt,81,8.944e-19,0.312
FW_TWAS_rep_2,GCA_041904965.1,JAYRMA010000032.1,lctC,49,3.775e-8,0.274
FW_TWAS_rep_2,GCA_041904965.1,JAYRMA010000065.1,dppB,240,3.856e-71,0.405
FW_TWAS_rep_2,GCA_041904965.1,JAYRMA010000141.1,rnfB,45,1.707e-8,0.377
FW_TWAS_rep_2,GCA_041904965.1,JAYRMA010000151.1,etfA,81,1.237e-17,0.32
FW_TWAS_rep_2,GCA_041904965.1,JAYRMA010000058.1,acylglycerol_lipase,59,1.597e-11,0.29
FW_TWAS_rep_2,GCA_041904965.1,JAYRMA010000123.1,fadD,56,6.872e-10,0.29
FW_TWAS_rep_2,GCA_041904965.1,JAYRMA010000022.1,sucC,407,1.303e-128,0.543
FW_TWAS_rep_2,GCA_041904965.1,JAYRMA010000023.1,pepQ,57,6.295e-10,0.263
FW_TWAS_rep_2,GCA_041904965.1,JAYRMA010000124.1,fadB,77,2.763e-17,0.302
FW_TWAS_rep_2,GCA_041904965.1,JAYRMA010000159.1,phospholipase,190,8.089e-54,0.378
FW_TWAS_rep_2,GCA_041904965.1,JAYRMA010000122.1,acs,128,1.113e-32,0.273
FW_TWAS_rep_2,GCA_041904965.1,JAYRMA010000165.1,hbd,262,2.635e-77,0.45
FW_TWAS_rep_2,GCA_041904965.1,JAYRMA010000008.1,acs,174,4.53e-47,0.296
FW_TWAS_rep_2,GCA_041904965.1,JAYRMA010000018.1,bcd,285,9.591e-87,0.415
FW_TWAS_rep_2,GCA_041904965.1,JAYRMA010000037.1,lysophospholipase,88,3.317e-21,0.326
FW_TWAS_rep_2,GCA_041904965.1,JAYRMA010000153.1,etfA,74,1.785e-16,0.295
FW_TWAS_rep_2,GCA_041904965.1,JAYRMA010000113.1,adh,47,5.127e-8,0.274
FW_TWAS_rep_2,GCA_041904965.1,JAYRMA010000058.1,fadB,113,3.741e-27,0.305
FW_TWAS_rep_2,GCA_041904965.1,JAYRMA010000040.1,crt,124,7.007e-31,0.417
FW_TWAS_rep_2,GCA_041904965.1,JAYRMA010000325.1,bcd,119,3.071e-30,0.296
FW_TWAS_rep_2,GCA_041904965.1,JAYRMA010000325.1,lysophospholipase,55,3.598e-10,0.25
FW_TWAS_rep_2,GCA_041904965.1,JAYRMA010000095.1,thl,106,1.16e-28,0.395
FW_TWAS_rep_2,GCA_041904965.1,JAYRMA010000124.1,fadD,146,4.873e-38,0.301
FW_TWAS_rep_2,GCA_041904965.1,JAYRMA010000257.1,fdhA,66,2.263e-15,0.357
FW_TWAS_rep_2,GCA_041904965.1,JAYRMA010000058.1,etfA,51,1.47e-8,0.307
FW_TWAS_rep_2,GCA_041904965.1,JAYRMA010000151.1,fadA,337,3.48e-104,0.476
FW_TWAS_rep_2,GCA_041904965.1,JAYRMA010000018.1,fadA,256,8.1e-76,0.426
FW_TWAS_rep_2,GCA_041904965.1,JAYRMA010000180.1,bcd,222,7.409e-65,0.336
FW_TWAS_rep_2,GCA_041904965.1,JAYRMA010000006.1,crt,110,1.385e-28,0.356
FW_TWAS_rep_2,GCA_041904965.1,JAYRMA010000151.1,bcd,236,9.997e-70,0.374
FW_TWAS_rep_2,GCA_041904965.1,JAYRMA010000151.1,crt,110,2.852e-26,0.346
FW_TWAS_rep_2,GCA_041904965.1,JAYRMA010000031.1,fadD,85,5.315e-20,0.374
FW_TWAS_rep_2,GCA_041904965.1,JAYRMA010000165.1,fadB,172,4.01e-47,0.33
FW_TWAS_rep_2,GCA_041904965.1,JAYRMA010000002.1,esterase,45,6.402e-7,0.333
FW_TWAS_rep_2,GCA_041904965.1,JAYRMA010000332.1,thl,304,1.015e-92,0.48
FW_TWAS_rep_2,GCA_041904965.1,JAYRMA010000241.1,cat,232,7.214e-69,0.588
FW_TWAS_rep_2,GCA_041904965.1,JAYRMA010000058.1,thl,296,3.513e-89,0.462
FW_TWAS_rep_2,GCA_041904965.1,JAYRMA010000032.1,edd,235,2.219e-65,0.327
FW_TWAS_rep_2,GCA_041904965.1,JAYRMA010000151.1,fadE,436,1.46e-138,0.554
FW_TWAS_rep_2,GCA_041904965.1,JAYRMA010000124.1,acs,126,1.361e-31,0.278
FW_TWAS_rep_2,GCA_041904965.1,JAYRMA010000017.1,tdcB,141,9.043e-39,0.367
FW_TWAS_rep_2,GCA_041904965.1,JAYRMA010000262.1,fdhA,645,6.215e-203,0.461
FW_TWAS_rep_2,GCA_041904965.1,JAYRMA010000043.1,fadE,117,2.392e-30,0.282
FW_TWAS_rep_2,GCA_041904965.1,JAYRMA010000044.1,crt,57,1.22e-10,0.318
FW_TWAS_rep_2,GCA_041904965.1,JAYRMA010000047.1,fadD,110,6.368e-27,0.318
FW_TWAS_rep_2,GCA_041904965.1,JAYRMA010000176.1,etfA,55,2.66e-10,0.31
FW_TWAS_rep_2,GCA_041904965.1,JAYRMA010000274.1,acylglycerol_lipase,60,5.436e-12,0.254
FW_TWAS_rep_2,GCA_041904965.1,JAYRMA010000095.1,crt,121,8.422e-30,0.364
FW_TWAS_rep_2,GCA_041904965.1,JAYRMA010000257.1,hydA,72,2.872e-17,0.336
FW_TWAS_rep_2,GCA_041904965.1,JAYRMA010000049.1,fadB,194,4.095e-54,0.425
FW_TWAS_rep_2,GCA_041904965.1,JAYRMA010000215.1,thl,201,3.518e-60,0.476
FW_TWAS_rep_2,GCA_041904965.1,JAYRMA010000070.1,fadD,174,1.051e-47,0.346
FW_TWAS_rep_2,GCA_041904965.1,JAYRMA010000036.1,fadE,190,1.207e-52,0.371
FW_TWAS_rep_2,GCA_041904965.1,JAYRMA010000096.1,mer,52,2.55e-9,0.235
FW_TWAS_rep_2,GCA_041904965.1,JAYRMA010000142.1,frhG,44,1.132e-7,0.247
FW_TWAS_rep_2,GCA_041904965.1,JAYRMA010000003.1,pepT,51,9.709e-9,0.347
FW_TWAS_rep_2,GCA_041904965.1,JAYRMA010000152.1,bcd,113,1.295e-27,0.288
FW_TWAS_rep_2,GCA_041904965.1,JAYRMA010000065.1,dppC,218,7.671e-63,0.453
FW_TWAS_rep_2,GCA_041904965.1,JAYRMA010000024.1,oppA,162,7.071e-43,0.261
FW_TWAS_rep_2,GCA_041904965.1,JAYRMA010000040.1,thl,46,5.204e-7,0.232
FW_TWAS_rep_2,GCA_041904965.1,JAYRMA010000150.1,etfA,67,2.461e-14,0.269
FW_TWAS_rep_2,GCA_041904965.1,JAYRMA010000018.1,acs,160,1.055e-41,0.282
FW_TWAS_rep_2,GCA_041904965.1,JAYRMA010000020.1,pyk,359,2.465e-110,0.457
FW_TWAS_rep_2,GCA_041904965.1,JAYRMA010000181.1,ilvE,148,4.675e-41,0.355
FW_TWAS_rep_2,GCA_041904965.1,JAYRMA010000142.1,hydA,57,2.543e-13,0.346
FW_TWAS_rep_2,GCA_041904965.1,JAYRMA010000081.1,dppC,169,1.59e-47,0.307
FW_TWAS_rep_2,GCA_041904965.1,JAYRMA010000014.1,bcd,88,1.22e-20,0.24
FW_TWAS_rep_2,GCA_041904965.1,JAYRMA010000003.1,cdhC,42,1.729e-6,0.343
FW_TWAS_rep_2,GCA_041904965.1,JAYRMA010000007.1,fadB,113,7.052e-30,0.35
FW_TWAS_rep_2,GCA_041904965.1,JAYRMA010000070.1,acs,101,2.806e-24,0.282
FW_TWAS_rep_2,GCA_041904965.1,JAYRMA010000005.1,bcd,324,3.642e-101,0.497
FW_TWAS_rep_2,GCA_041904965.1,JAYRMA010000049.1,hbd,297,9.231e-89,0.541
FW_TWAS_rep_2,GCA_041904965.1,JAYRMA010000180.1,fadE,227,2.472e-66,0.346
FW_TWAS_rep_2,GCA_041904965.1,JAYRMA010000024.1,dppA,186,1.598e-51,0.296
FW_TWAS_rep_2,GCA_041904965.1,JAYRMA010000027.1,tdcB,161,2.378e-45,0.383
FW_TWAS_rep_2,GCA_041904965.1,JAYRMA010000150.1,hbd,51,4.48e-12,0.55
FW_TWAS_rep_2,GCA_041904965.1,JAYRMA010000005.1,crt,112,4.242e-29,0.329
FW_TWAS_rep_2,GCA_041904965.1,JAYRMA010000086.1,bcd,175,5.049e-49,0.315
FW_TWAS_rep_2,GCA_041904965.1,JAYRMA010000081.1,oppA,114,6.292e-28,0.245
FW_TWAS_rep_2,GCA_041904965.1,JAYRMA010000003.1,rnfB,172,1.367e-50,0.476
FW_TWAS_rep_2,GCA_041904965.1,JAYRMA010000010.1,fadA,327,5.083e-101,0.505
FW_TWAS_rep_2,GCA_041904965.1,JAYRMA010000042.1,fdhA,439,2.665e-131,0.39
FW_TWAS_rep_2,GCA_041904965.1,JAYRMA010000031.1,acs,80,2.487e-18,0.321
FW_TWAS_rep_2,GCA_041904965.1,JAYRMA010000010.1,adh,66,2.61e-14,0.291
FW_TWAS_rep_2,GCA_041904965.1,JAYRMA010000181.1,adhE,48,2.985e-8,0.275
FW_TWAS_rep_2,GCA_041904965.1,JAYRMA010000003.1,hydA,47,3.913e-8,0.407
FW_TWAS_rep_2,GCA_041904965.1,JAYRMA010000246.1,acs,344,1.534e-108,0.606
FW_TWAS_rep_2,GCA_041904965.1,JAYRMA010000065.1,dppA,182,3.086e-50,0.282
FW_TWAS_rep_2,GCA_041904965.1,JAYRMA010000008.1,edd,791,1.166e-257,0.676
FW_TWAS_rep_2,GCA_041904965.1,JAYRMA010000071.1,bcd,112,3.375e-27,0.278
FW_TWAS_rep_2,GCA_041904965.1,JAYRMA010000037.1,acylglycerol_lipase,182,6.841e-53,0.407
FW_TWAS_rep_2,GCA_041904965.1,JAYRMA010000089.1,gapA,445,9.619e-143,0.66
FW_TWAS_rep_2,GCA_041904965.1,JAYRMA010000032.1,adhE,77,1.168e-16,0.244
FW_TWAS_rep_2,GCA_041904965.1,JAYRMA010000051.1,crt,92,5.606e-22,0.317
FW_TWAS_rep_2,GCA_041904965.1,JAYRMA010000095.1,acs,103,5.26e-25,0.269
FW_TWAS_rep_2,GCA_041904965.1,JAYRMA010000088.1,mmcE,551,2.928e-172,0.513
FW_TWAS_rep_2,GCA_041904965.1,JAYRMA010000024.1,tdcB,297,2.735e-88,0.481
FW_TWAS_rep_2,GCA_041904965.1,JAYRMA010000018.1,fadD,228,2.273e-63,0.318
FW_TWAS_rep_2,GCA_041904965.1,JAYRMA010000044.1,etfA,46,5.054e-7,0.284
FW_TWAS_rep_2,GCA_041904965.1,JAYRMA010000040.1,fadB,396,8.933e-120,0.355
FW_TWAS_rep_2,GCA_041904965.1,JAYRMA010000176.1,acs,149,1.239e-38,0.266
FW_TWAS_rep_2,GCA_041904965.1,JAYRMA010000089.1,pepQ,171,2.3e-45,0.338
FW_TWAS_rep_2,GCA_041904965.1,JAYRMA010000033.1,crt,116,2.185e-29,0.356
FW_TWAS_rep_2,GCA_041904965.1,JAYRMA010000095.1,fadB,390,5.26e-118,0.356
FW_TWAS_rep_2,GCA_041904965.1,JAYRMA010000086.1,fadE,165,1.418e-45,0.319
FW_TWAS_rep_2,GCA_041904965.1,JAYRMA010000026.1,etfA,74,1.431e-16,0.398
FW_TWAS_rep_2,GCA_041904965.1,JAYRMA010000121.1,esterase,51,3.167e-9,0.353
FW_TWAS_rep_2,GCA_041904965.1,JAYRMA010000196.1,cat,95,2.587e-25,0.489
FW_TWAS_rep_2,GCA_041904965.1,JAYRMA010000125.1,pepT,78,3.511e-17,0.285
FW_TWAS_rep_2,GCA_041904965.1,JAYRMA010000075.1,pfkA,50,2.925e-8,0.263
FW_TWAS_rep_2,GCA_041904965.1,JAYRMA010000123.1,acs,244,4.608e-68,0.288
FW_TWAS_rep_2,GCA_041904965.1,JAYRMA010000040.1,esterase,225,2.711e-64,0.33
FW_TWAS_rep_2,GCA_041904965.1,JAYRMA010000124.1,crt,126,9.902e-34,0.35
FW_TWAS_rep_2,GCA_041904965.1,JAYRMA010000124.1,etfA,72,9.233e-16,0.304
FW_TWAS_rep_2,GCA_041904965.1,JAYRMA010000001.1,pepT,82,1.628e-18,0.278
FW_TWAS_rep_2,GCA_041904965.1,JAYRMA010000228.1,tdcB,336,6.263e-104,0.474
FW_TWAS_rep_2,GCA_041904965.1,JAYRMA010000178.1,lysophospholipase,42,2.649e-6,0.337
FW_TWAS_rep_2,GCA_041904965.1,JAYRMA010000012.1,tdcB,62,2.985e-12,0.252
FW_TWAS_rep_2,GCA_041904965.1,JAYRMA010000166.1,bcd,216,1.638e-62,0.416
FW_TWAS_rep_2,GCA_041904965.1,JAYRMA010000065.1,oppA,176,2.076e-48,0.295
FW_TWAS_rep_2,GCA_041904965.1,JAYRMA010000307.1,bcd,135,4.592e-35,0.326
FW_TWAS_rep_2,GCA_041904965.1,JAYRMA010000088.1,mmcF,130,9.014e-33,0.523
FW_TWAS_rep_2,GCA_041904965.1,JAYRMA010000292.1,acs,232,2.325e-70,0.459
FW_TWAS_rep_2,GCA_041904965.1,JAYRMA010000095.1,etfA,69,4.202e-14,0.392
FW_TWAS_rep_2,GCA_041904965.1,JAYRMA010000065.1,oppB,210,4.829e-61,0.409
FW_TWAS_rep_2,GCA_041904965.1,JAYRMA010000010.1,thl,412,2.741e-130,0.595
FW_TWAS_rep_2,GCA_041904965.1,JAYRMA010000067.1,acs,97,6.41e-23,0.259
FW_TWAS_rep_2,GCA_041904965.1,JAYRMA010000246.1,fadD,64,1.961e-13,0.284
FW_TWAS_rep_2,GCA_041904965.1,JAYRMA010000022.1,sucD,313,6.3e-98,0.537
FW_TWAS_rep_2,GCA_041904965.1,JAYRMA010000151.1,hbd,196,1.351e-52,0.409
FW_TWAS_rep_2,GCA_041904965.1,JAYRMA010000165.1,fadE,239,1.056e-68,0.407
FW_TWAS_rep_2,GCA_041904965.1,JAYRMA010000067.1,fadD,111,4.288e-27,0.266
FW_TWAS_rep_2,GCA_041904965.1,JAYRMA010000004.1,fadD,173,1.065e-46,0.309
FW_TWAS_rep_2,GCA_041904965.1,JAYRMA010000166.1,fadE,233,2.049e-68,0.429
FW_TWAS_rep_2,GCA_041904965.1,JAYRMA010000003.1,acs,532,1.192e-166,0.446
FW_TWAS_rep_2,GCA_041904965.1,JAYRMA010000066.1,pepN,388,4.8e-114,0.385
FW_TWAS_rep_2,GCA_041904965.1,JAYRMA010000007.1,crt,290,1.476e-90,0.618
FW_TWAS_rep_2,GCA_041904965.1,JAYRMA010000054.1,lysophospholipase,44,1.059e-6,0.279
FW_TWAS_rep_2,GCA_041904965.1,JAYRMA010000176.1,fadD,223,2.442e-62,0.34
FW_TWAS_rep_2,GCA_041904965.1,JAYRMA010000026.1,fadB,77,1.312e-17,0.417
FW_TWAS_rep_2,GCA_041904965.1,JAYRMA010000150.1,crt,121,3.273e-32,0.335
FW_TWAS_rep_2,GCA_041904965.1,JAYRMA010000246.1,edd,243,7.775e-70,0.333
FW_TWAS_rep_2,GCA_041904965.1,JAYRMA010000005.1,fadE,266,9.635e-80,0.402
FW_TWAS_rep_2,GCA_041904965.1,JAYRMA010000003.1,frhB,50,2.782e-9,0.479
FW_TWAS_rep_2,GCA_041904965.1,JAYRMA010000166.1,acs,196,1.117e-54,0.304
FW_TWAS_rep_2,GCA_041904965.1,JAYRMA010000003.1,folD,344,1.028e-108,0.624
FW_TWAS_rep_2,GCA_041904965.1,JAYRMA010000007.1,fwdA,44,1.082e-6,0.346
FW_TWAS_rep_2,GCA_041904965.1,JAYRMA010000215.1,bcd,106,1.366e-25,0.272
FW_TWAS_rep_2,GCA_041904965.1,JAYRMA010000066.1,lysophospholipase,54,3.592e-10,0.24
FW_TWAS_rep_2,GCA_041904965.1,JAYRMA010000135.1,hbd,198,9.666e-57,0.44
FW_TWAS_rep_2,GCA_964404795.1,CAYOLI010000003.1,folD,190,4.047e-56,0.392
FW_TWAS_rep_2,GCA_964404795.1,CAYOLI010000005.1,pepN,178,3.897e-47,0.332
FW_TWAS_rep_2,GCA_964404795.1,CAYOLI010000003.1,pepQ,79,1.177e-17,0.321
FW_TWAS_rep_2,GCA_964404795.1,CAYOLI010000005.1,gapA,300,6.881e-93,0.468
FW_TWAS_rep_2,GCA_964404795.1,CAYOLI010000002.1,bgl,186,1.134e-52,0.291
FW_TWAS_rep_2,GCA_964404795.1,CAYOLI010000003.1,oppA,109,1.748e-26,0.249
FW_TWAS_rep_2,GCA_964404795.1,CAYOLI010000003.1,dppA,79,2.289e-17,0.249
FW_TWAS_rep_2,GCA_964404795.1,CAYOLI010000007.1,pepQ,75,5.646e-17,0.28
FW_TWAS_rep_2,GCA_964404795.1,CAYOLI010000003.1,pyk,334,2.489e-102,0.428
FW_TWAS_rep_2,GCA_965229115.1,CBDDIR010000003.1,tdcB,344,3.514e-106,0.503
FW_TWAS_rep_2,GCA_965229115.1,CBDDIR010000003.1,pepO,676,2.623e-216,0.503
FW_TWAS_rep_2,GCA_965229115.1,CBDDIR010000002.1,fwdA,42,3.504e-6,0.291
FW_TWAS_rep_2,GCA_965229115.1,CBDDIR010000003.1,etfB,287,2.669e-89,0.641
FW_TWAS_rep_2,GCA_965229115.1,CBDDIR010000003.1,dppA,223,1.981e-63,0.304
FW_TWAS_rep_2,GCA_965229115.1,CBDDIR010000003.1,adhE,118,5.049e-30,0.282
FW_TWAS_rep_2,GCA_965229115.1,CBDDIR010000003.1,xylB,89,1.494e-20,0.276
FW_TWAS_rep_2,GCA_965229115.1,CBDDIR010000003.1,adh,76,4.554e-17,0.313
FW_TWAS_rep_2,GCA_965229115.1,CBDDIR010000003.1,mmcF,116,1.514e-28,0.47
FW_TWAS_rep_2,GCA_965229115.1,CBDDIR010000003.1,dppB,247,7.632e-75,0.428
FW_TWAS_rep_2,GCA_965229115.1,CBDDIR010000003.1,hbd,287,7.291e-89,0.505
FW_TWAS_rep_2,GCA_965229115.1,CBDDIR010000003.1,mer,79,1.582e-16,0.256
FW_TWAS_rep_2,GCA_965229115.1,CBDDIR010000003.1,pepQ,202,5.402e-56,0.346
FW_TWAS_rep_2,GCA_965229115.1,CBDDIR010000003.1,frhB,40,4.84e-6,0.372
FW_TWAS_rep_2,GCA_965229115.1,CBDDIR010000001.1,fadD,170,3.081e-46,0.32
FW_TWAS_rep_2,GCA_965229115.1,CBDDIR010000003.1,eda,193,1.258e-57,0.507
FW_TWAS_rep_2,GCA_965229115.1,CBDDIR010000003.1,acs,848,8.081e-276,0.62
FW_TWAS_rep_2,GCA_965229115.1,CBDDIR010000003.1,fhs,705,5.313e-228,0.643
FW_TWAS_rep_2,GCA_965229115.1,CBDDIR010000003.1,mmcE,515,7.959e-160,0.515
FW_TWAS_rep_2,GCA_965229115.1,CBDDIR010000003.1,ilvE,109,9.683e-28,0.324
FW_TWAS_rep_2,GCA_965229115.1,CBDDIR010000003.1,cat,258,1.184e-80,0.598
FW_TWAS_rep_2,GCA_965229115.1,CBDDIR010000003.1,pepA,392,9.249e-122,0.49
FW_TWAS_rep_2,GCA_965229115.1,CBDDIR010000003.1,agl,264,3.408e-77,0.401
FW_TWAS_rep_2,GCA_965229115.1,CBDDIR010000001.1,fadB,119,1.852e-31,0.376
FW_TWAS_rep_2,GCA_965229115.1,CBDDIR010000003.1,fadE,400,6.638e-126,0.552
FW_TWAS_rep_2,GCA_965229115.1,CBDDIR010000003.1,fadB,405,2.176e-122,0.351
FW_TWAS_rep_2,GCA_965229115.1,CBDDIR010000003.1,sucC,373,1.076e-116,0.501
FW_TWAS_rep_2,GCA_965229115.1,CBDDIR010000003.1,etfA,280,3.749e-86,0.579
FW_TWAS_rep_2,GCA_965229115.1,CBDDIR010000003.1,lysophospholipase,213,3.96e-63,0.434
FW_TWAS_rep_2,GCA_965229115.1,CBDDIR010000003.1,aldh,50,2.016e-8,0.272
FW_TWAS_rep_2,GCA_965229115.1,CBDDIR010000003.1,extracellular_protease,136,1.521e-34,0.386
FW_TWAS_rep_2,GCA_965229115.1,CBDDIR010000003.1,edd,804,3.494e-262,0.661
FW_TWAS_rep_2,GCA_965229115.1,CBDDIR010000003.1,thl,372,1.768e-116,0.544
FW_TWAS_rep_2,GCA_965229115.1,CBDDIR010000001.1,fadE,138,2.77e-36,0.317
FW_TWAS_rep_2,GCA_965229115.1,CBDDIR010000003.1,susC,57,2.849e-10,0.347
FW_TWAS_rep_2,GCA_965229115.1,CBDDIR010000003.1,dtpT,325,1.071e-96,0.356
FW_TWAS_rep_2,GCA_965229115.1,CBDDIR010000003.1,esterase,236,4.27e-68,0.341
FW_TWAS_rep_2,GCA_965229115.1,CBDDIR010000003.1,dppC,237,2.847e-68,0.435
FW_TWAS_rep_2,GCA_965229115.1,CBDDIR010000001.1,lysophospholipase,51,4.495e-9,0.257
FW_TWAS_rep_2,GCA_965229115.1,CBDDIR010000001.1,etfA,104,1.134e-26,0.314
FW_TWAS_rep_2,GCA_965229115.1,CBDDIR010000001.1,bcd,128,3.503e-33,0.295
FW_TWAS_rep_2,GCA_965229115.1,CBDDIR010000003.1,fadA,356,2.843e-111,0.519
FW_TWAS_rep_2,GCA_965229115.1,CBDDIR010000003.1,crt,290,1.356e-90,0.59
FW_TWAS_rep_2,GCA_965229115.1,CBDDIR010000003.1,pepT,62,2.843e-12,0.256
FW_TWAS_rep_2,GCA_965229115.1,CBDDIR010000003.1,oppA,352,2.876e-107,0.397
FW_TWAS_rep_2,GCA_965229115.1,CBDDIR010000003.1,gapA,318,9.31e-99,0.493
FW_TWAS_rep_2,GCA_965229115.1,CBDDIR010000003.1,oppB,283,7.385e-84,0.51
FW_TWAS_rep_2,GCA_965229115.1,CBDDIR010000003.1,gdh,1207,0.0,0.444
FW_TWAS_rep_2,GCA_965229115.1,CBDDIR010000003.1,hydA,44,2.503e-7,0.315
FW_TWAS_rep_2,GCA_965229115.1,CBDDIR010000001.1,crt,186,1.216e-54,0.42
FW_TWAS_rep_2,GCA_965229115.1,CBDDIR010000003.1,frhG,41,1.996e-6,0.372
FW_TWAS_rep_2,GCA_965229115.1,CBDDIR010000003.1,acylglycerol_lipase,208,1.602e-61,0.404
FW_TWAS_rep_2,GCA_965229115.1,CBDDIR010000003.1,bcd,318,1.331e-97,0.439
FW_TWAS_rep_2,GCA_965229115.1,CBDDIR010000003.1,fdhA,79,3.04e-17,0.229
FW_TWAS_rep_2,GCA_965229115.1,CBDDIR010000001.1,acs,183,2.118e-50,0.306
FW_TWAS_rep_2,GCA_965229115.1,CBDDIR010000003.1,folD,265,2.017e-81,0.517
FW_TWAS_rep_2,GCA_965229115.1,CBDDIR010000003.1,sucD,359,1.093e-113,0.589
FW_TWAS_rep_2,GCA_965229115.1,CBDDIR010000003.1,mdh,279,9.593e-84,0.487
FW_TWAS_rep_2,GCA_965229115.1,CBDDIR010000003.1,rnfB,43,4.535e-7,0.352
FW_TWAS_rep_2,GCA_965229115.1,CBDDIR010000003.1,pgi,336,1.173e-101,0.429
FW_TWAS_rep_2,GCA_965229115.1,CBDDIR010000003.1,pepN,327,6.136e-95,0.372
FW_TWAS_rep_2,GCA_965229115.1,CBDDIR010000003.1,cazy_GH10,178,1.708e-49,0.359
FW_TWAS_rep_2,GCA_965229115.1,CBDDIR010000003.1,cazy_GH13,169,1.284e-45,0.354
FW_TWAS_rep_2,GCA_965229115.1,CBDDIR010000003.1,pyk,301,9.68e-89,0.39
FW_TWAS_rep_2,GCA_965229115.1,CBDDIR010000003.1,ackA,252,2.511e-75,0.424
FW_TWAS_rep_2,GCA_965229115.1,CBDDIR010000003.1,fadD,222,8.82e-63,0.325
FW_TWAS_rep_2,GCA_965229115.1,CBDDIR010000003.1,mmcG,144,7.351e-42,0.53
FW_TWAS_rep_2,GCA_937858715.1,CALLZY010000112.1,frhG,46,5.735e-8,0.328
FW_TWAS_rep_2,GCA_937858715.1,CALLZY010000127.1,susC,396,5.766e-115,0.289
FW_TWAS_rep_2,GCA_937858715.1,CALLZY010000217.1,sucD,108,1.154e-26,0.478
FW_TWAS_rep_2,GCA_937858715.1,CALLZY010000065.1,susC,681,8.973e-212,0.403
FW_TWAS_rep_2,GCA_937858715.1,CALLZY010000065.1,cazy_GH43,153,2.416e-40,0.362
FW_TWAS_rep_2,GCA_937858715.1,CALLZY010000223.1,hbd,277,1.349e-85,0.5
FW_TWAS_rep_2,GCA_937858715.1,CALLZY010000203.1,susC,317,7.687e-90,0.289
FW_TWAS_rep_2,GCA_937858715.1,CALLZY010000056.1,pepN,76,4.419e-16,0.285
FW_TWAS_rep_2,GCA_937858715.1,CALLZY010000223.1,susC,46,8.233e-8,0.418
FW_TWAS_rep_2,GCA_937858715.1,CALLZY010000279.1,cazy_GH43,45,7.079e-7,0.24
FW_TWAS_rep_2,GCA_937858715.1,CALLZY010000223.1,fadE,193,3.5e-55,0.348
FW_TWAS_rep_2,GCA_937858715.1,CALLZY010000191.1,susC,226,8.394e-62,0.262
FW_TWAS_rep_2,GCA_937858715.1,CALLZY010000257.1,cazy_GH13,109,5.446e-27,0.314
FW_TWAS_rep_2,GCA_937858715.1,CALLZY010000008.1,susD,159,6.571e-43,0.323
FW_TWAS_rep_2,GCA_937858715.1,CALLZY010000213.1,susD,92,1.262e-23,0.427
FW_TWAS_rep_2,GCA_937858715.1,CALLZY010000156.1,pepT,233,1.793e-68,0.391
FW_TWAS_rep_2,GCA_937858715.1,CALLZY010000005.1,bcd,164,4.408e-44,0.3
FW_TWAS_rep_2,GCA_937858715.1,CALLZY010000215.1,lctB,243,1.37e-74,0.471
FW_TWAS_rep_2,GCA_937858715.1,CALLZY010000214.1,hbd,80,5.662e-19,0.459
FW_TWAS_rep_2,GCA_937858715.1,CALLZY010000235.1,bcd,258,1.151e-74,0.382
FW_TWAS_rep_2,GCA_937858715.1,CALLZY010000266.1,pepO,561,1.122e-176,0.455
FW_TWAS_rep_2,GCA_937858715.1,CALLZY010000008.1,susC,492,2.718e-147,0.347
FW_TWAS_rep_2,GCA_937858715.1,CALLZY010000024.1,agl,74,1.283e-15,0.225
FW_TWAS_rep_2,GCA_937858715.1,CALLZY010000005.1,susC,694,1.342e-216,0.41
FW_TWAS_rep_2,GCA_937858715.1,CALLZY010000045.1,fadB,138,5.328e-38,0.421
FW_TWAS_rep_2,GCA_937858715.1,CALLZY010000260.1,frhA,126,5.869e-32,0.25
FW_TWAS_rep_2,GCA_937858715.1,CALLZY010000005.1,fadE,157,8.686e-42,0.334
FW_TWAS_rep_2,GCA_937858715.1,CALLZY010000147.1,acylglycerol_lipase,49,1.316e-8,0.252
FW_TWAS_rep_2,GCA_937858715.1,CALLZY010000214.1,acylglycerol_lipase,46,2.229e-7,0.24
FW_TWAS_rep_2,GCA_937858715.1,CALLZY010000151.1,cazy_GH43,132,1.015e-33,0.342
FW_TWAS_rep_2,GCA_937858715.1,CALLZY010000256.1,folD,304,1.461e-94,0.555
FW_TWAS_rep_2,GCA_937858715.1,CALLZY010000010.1,pepD,199,3.135e-59,0.479
FW_TWAS_rep_2,GCA_937858715.1,CALLZY010000260.1,pfor,1443,0.0,0.621
FW_TWAS_rep_2,GCA_937858715.1,CALLZY010000058.1,susD,171,4.366e-46,0.296
FW_TWAS_rep_2,GCA_937858715.1,CALLZY010000214.1,mmcF,78,1.877e-16,0.302
FW_TWAS_rep_2,GCA_937858715.1,CALLZY010000214.1,mmcE,294,9.389e-83,0.357
FW_TWAS_rep_2,GCA_937858715.1,CALLZY010000260.1,mvhG,48,7.32e-9,0.318
FW_TWAS_rep_2,GCA_937858715.1,CALLZY010000006.1,frhA,98,4.978e-24,0.248
FW_TWAS_rep_2,GCA_937858715.1,CALLZY010000135.1,lctC,378,1.68e-117,0.447
FW_TWAS_rep_2,GCA_937858715.1,CALLZY010000072.1,lctC,48,1.072e-8,0.583
FW_TWAS_rep_2,GCA_937858715.1,CALLZY010000043.1,fadA,335,4.822e-104,0.482
FW_TWAS_rep_2,GCA_937858715.1,CALLZY010000070.1,adhE,201,2.561e-58,0.341
FW_TWAS_rep_2,GCA_937858715.1,CALLZY010000042.1,edd,194,7.778e-54,0.343
FW_TWAS_rep_2,GCA_937858715.1,CALLZY010000148.1,susC,351,2.372e-101,0.281
FW_TWAS_rep_2,GCA_937858715.1,CALLZY010000217.1,sucC,371,1.084e-115,0.491
FW_TWAS_rep_2,GCA_937858715.1,CALLZY010000269.1,susC,602,1.612e-185,0.376
FW_TWAS_rep_2,GCA_937858715.1,CALLZY010000013.1,fadE,276,1.141e-83,0.425
FW_TWAS_rep_2,GCA_937858715.1,CALLZY010000005.1,etfB,117,1.725e-30,0.346
FW_TWAS_rep_2,GCA_937858715.1,CALLZY010000224.1,cazy_GH13,71,1.011e-14,0.262
FW_TWAS_rep_2,GCA_937858715.1,CALLZY010000009.1,frhA,158,1.413e-42,0.291
FW_TWAS_rep_2,GCA_937858715.1,CALLZY010000235.1,fadE,228,1.581e-64,0.359
FW_TWAS_rep_2,GCA_937858715.1,CALLZY010000225.1,fadB,87,4.312e-21,0.333
FW_TWAS_rep_2,GCA_937858715.1,CALLZY010000146.1,pepN,97,7.281e-23,0.24
FW_TWAS_rep_2,GCA_937858715.1,CALLZY010000065.1,cazy_PL1,57,1.217e-10,0.287
FW_TWAS_rep_2,GCA_937858715.1,CALLZY010000182.1,susC,105,5.072e-25,0.432
FW_TWAS_rep_2,GCA_937858715.1,CALLZY010000088.1,pepD,506,3.434e-161,0.521
FW_TWAS_rep_2,GCA_937858715.1,CALLZY010000050.1,susD,187,7.905e-52,0.343
FW_TWAS_rep_2,GCA_937858715.1,CALLZY010000065.1,cazy_CE8,261,7.558e-77,0.493
FW_TWAS_rep_2,GCA_937858715.1,CALLZY010000174.1,eda,127,4.95e-35,0.344
FW_TWAS_rep_2,GCA_937858715.1,CALLZY010000199.1,fadD,149,1.47e-41,0.37
FW_TWAS_rep_2,GCA_937858715.1,CALLZY010000058.1,susC,463,1.033e-138,0.338
FW_TWAS_rep_2,GCA_937858715.1,CALLZY010000208.1,susC,402,2.48e-118,0.307
FW_TWAS_rep_2,GCA_937858715.1,CALLZY010000112.1,hydA,73,9.03e-16,0.264
FW_TWAS_rep_2,GCA_937858715.1,CALLZY010000260.1,rnfB,42,6.1e-7,0.285
FW_TWAS_rep_2,GCA_937858715.1,CALLZY010000069.1,cazy_GH9,64,4.894e-13,0.23
FW_TWAS_rep_2,GCA_937858715.1,CALLZY010000230.1,cazy_GH13,122,1.832e-30,0.315
FW_TWAS_rep_2,GCA_937858715.1,CALLZY010000128.1,agl,68,3.831e-14,0.21
FW_TWAS_rep_2,GCA_937858715.1,CALLZY010000097.1,gdh,569,9.798e-184,0.64
FW_TWAS_rep_2,GCA_937858715.1,CALLZY010000269.1,susD,92,3.107e-21,0.258
FW_TWAS_rep_2,GCA_937858715.1,CALLZY010000049.1,lctD,56,1.915e-11,0.365
FW_TWAS_rep_2,GCA_937858715.1,CALLZY010000088.1,dtpT,402,1.086e-125,0.46
FW_TWAS_rep_2,GCA_937858715.1,CALLZY010000010.1,pepN,185,2.997e-50,0.308
FW_TWAS_rep_2,GCA_937858715.1,CALLZY010000112.1,mvhG,41,1.797e-6,0.535
FW_TWAS_rep_2,GCA_937858715.1,CALLZY010000214.1,susC,72,4.174e-15,0.339
FW_TWAS_rep_2,GCA_937858715.1,CALLZY010000275.1,cat,45,1.089e-9,0.51
FW_TWAS_rep_2,GCA_937858715.1,CALLZY010000150.1,susC,598,9.132e-184,0.363
FW_TWAS_rep_2,GCA_937858715.1,CALLZY010000150.1,adh,63,3.425e-13,0.303
FW_TWAS_rep_2,GCA_937858715.1,CALLZY010000005.1,extracellular_protease,146,5.048e-39,0.454
FW_TWAS_rep_2,GCA_937858715.1,CALLZY010000224.1,agl,42,6.026e-6,0.263
FW_TWAS_rep_2,GCA_937858715.1,CALLZY010000061.1,susC,706,2.632e-220,0.417
FW_TWAS_rep_2,GCA_937858715.1,CALLZY010000072.1,lctD,80,3.446e-19,0.314
FW_TWAS_rep_2,GCA_937858715.1,CALLZY010000274.1,susC,556,4.145e-169,0.366
FW_TWAS_rep_2,GCA_937858715.1,CALLZY010000049.1,lctC,404,4.586e-126,0.477
FW_TWAS_rep_2,GCA_937858715.1,CALLZY010000176.1,gdh,502,6.276e-160,0.557
FW_TWAS_rep_2,GCA_937858715.1,CALLZY010000174.1,cazy_CE8,94,5.708e-23,0.303
FW_TWAS_rep_2,GCA_937858715.1,CALLZY010000260.1,frhB,46,2.212e-8,0.333
FW_TWAS_rep_2,GCA_937858715.1,CALLZY010000219.1,pepN,80,5.026e-17,0.271
FW_TWAS_rep_2,GCA_937858715.1,CALLZY010000224.1,ilvE,242,1.981e-72,0.413
FW_TWAS_rep_2,GCA_937858715.1,CALLZY010000032.1,pepT,60,7.745e-12,0.258
FW_TWAS_rep_2,GCA_937858715.1,CALLZY010000205.1,etfA,197,1.777e-57,0.41
FW_TWAS_rep_2,GCA_937858715.1,CALLZY010000113.1,rnfB,41,4.899e-6,0.355
FW_TWAS_rep_2,GCA_937858715.1,CALLZY010000230.1,agl,73,2.807e-15,0.241
FW_TWAS_rep_2,GCA_937858715.1,CALLZY010000065.1,susD,131,2.805e-33,0.284
FW_TWAS_rep_2,GCA_937858715.1,CALLZY010000036.1,susC,499,1.567e-150,0.334
FW_TWAS_rep_2,GCA_937858715.1,CALLZY010000065.1,xylA,493,1.9e-157,0.548
FW_TWAS_rep_2,GCA_937858715.1,CALLZY010000173.1,susC,430,9.025e-127,0.313
FW_TWAS_rep_2,GCA_937858715.1,CALLZY010000274.1,susD,184,5.9e-51,0.33
FW_TWAS_rep_2,GCA_937858715.1,CALLZY010000006.1,hydA,48,1.286e-8,0.352
FW_TWAS_rep_2,GCA_937858715.1,CALLZY010000009.1,fdhA,51,2.837e-9,0.45
FW_TWAS_rep_2,GCA_937858715.1,CALLZY010000063.1,pepN,78,1.748e-17,0.262
FW_TWAS_rep_2,GCA_937858715.1,CALLZY010000178.1,adh,72,5.737e-16,0.295
FW_TWAS_rep_2,GCA_937858715.1,CALLZY010000009.1,mvhG,125,3.789e-35,0.388
FW_TWAS_rep_2,GCA_937858715.1,CALLZY010000214.1,pepN,60,2.272e-11,0.254
FW_TWAS_rep_2,GCA_937858715.1,CALLZY010000005.1,etfA,207,1.433e-60,0.366
FW_TWAS_rep_2,GCA_937858715.1,CALLZY010000128.1,cazy_GH13,96,1.368e-22,0.283
FW_TWAS_rep_2,GCA_937858715.1,CALLZY010000257.1,fadD,76,1.443e-16,0.238
FW_TWAS_rep_2,GCA_937858715.1,CALLZY010000036.1,susD,113,4.925e-28,0.282
FW_TWAS_rep_2,GCA_937858715.1,CALLZY010000042.1,glcP,224,4.756e-65,0.331
FW_TWAS_rep_2,GCA_937858715.1,CALLZY010000094.1,mdh,238,5.353e-72,0.444
FW_TWAS_rep_2,GCA_937858715.1,CALLZY010000225.1,crt,157,1.276e-44,0.369
FW_TWAS_rep_2,GCA_937858715.1,CALLZY010000099.1,pepN,66,6.383e-13,0.296
FW_TWAS_rep_2,GCA_937858715.1,CALLZY010000031.1,rnfB,42,6.504e-6,0.301
FW_TWAS_rep_2,GCA_937858715.1,CALLZY010000214.1,acs,728,4.913e-235,0.559
FW_TWAS_rep_2,GCA_937858715.1,CALLZY010000013.1,acylglycerol_lipase,44,8.676e-7,0.369
FW_TWAS_rep_2,GCA_937858715.1,CALLZY010000260.1,endopeptidase,224,1.233e-65,0.412
FW_TWAS_rep_2,GCA_937858715.1,CALLZY010000150.1,susD,176,2.625e-48,0.312
FW_TWAS_rep_2,GCA_937858715.1,CALLZY010000060.1,susD,140,2.321e-36,0.296
FW_TWAS_rep_2,GCA_937858715.1,CALLZY010000024.1,cazy_GH13,126,1.603e-31,0.292
FW_TWAS_rep_2,GCA_937858715.1,CALLZY010000042.1,pyk,381,6.998e-118,0.486
FW_TWAS_rep_2,GCA_937858715.1,CALLZY010000013.1,mmcE,699,3.174e-227,0.647
FW_TWAS_rep_2,GCA_937858715.1,CALLZY010000007.1,mmcG,93,9.173e-25,0.406
FW_TWAS_rep_2,GCA_937858715.1,CALLZY010000120.1,crt,51,2.149e-8,0.237
FW_TWAS_rep_2,GCA_937858715.1,CALLZY010000060.1,susC,728,8.331e-229,0.429
FW_TWAS_rep_2,GCA_937858715.1,CALLZY010000050.1,gapA,315,6.793e-98,0.504
FW_TWAS_rep_2,GCA_937858715.1,CALLZY010000260.1,hydA,44,1.832e-7,0.281
FW_TWAS_rep_2,GCA_937858715.1,CALLZY010000043.1,extracellular_protease,138,2.25e-34,0.351
FW_TWAS_rep_2,GCA_937858715.1,CALLZY010000061.1,susD,181,2.515e-49,0.296
FW_TWAS_rep_2,GCA_937858715.1,CALLZY010000151.1,susD,139,4.153e-36,0.294
FW_TWAS_rep_2,GCA_937858715.1,CALLZY010000005.1,pepQ,149,4.287e-40,0.301
FW_TWAS_rep_2,GCA_937858715.1,CALLZY010000156.1,pgi,675,1.587e-218,0.628
FW_TWAS_rep_2,GCA_937858715.1,CALLZY010000260.1,mvhA,112,2.165e-27,0.244
FW_TWAS_rep_2,GCA_937858715.1,CALLZY010000013.1,bcd,362,5.255e-113,0.513
FW_TWAS_rep_2,GCA_937858715.1,CALLZY010000085.1,thl,428,5.826e-136,0.585
FW_TWAS_rep_2,GCA_937858715.1,CALLZY010000127.1,susD,133,2.927e-34,0.287
FW_TWAS_rep_2,GCA_937858715.1,CALLZY010000042.1,ilvE,118,3.205e-31,0.354
FW_TWAS_rep_2,GCA_937858715.1,CALLZY010000005.1,cazy_GH5,79,6.217e-18,0.317
FW_TWAS_rep_2,GCA_937858715.1,CALLZY010000082.1,fadE,251,5.185e-75,0.417
FW_TWAS_rep_2,GCA_937858715.1,CALLZY010000112.1,pta,163,1.057e-42,0.325
FW_TWAS_rep_2,GCA_937858715.1,CALLZY010000021.1,ackA,376,1.102e-117,0.493
FW_TWAS_rep_2,GCA_937858715.1,CALLZY010000174.1,adh,50,7.311e-9,0.216
FW_TWAS_rep_2,GCA_937858715.1,CALLZY010000214.1,fadD,107,9.143e-26,0.256
FW_TWAS_rep_2,GCA_937858715.1,CALLZY010000015.1,extracellular_protease,135,9.307e-35,0.401
FW_TWAS_rep_2,GCA_937858715.1,CALLZY010000218.1,susC,55,9.643e-10,0.33
FW_TWAS_rep_2,GCA_937858715.1,CALLZY010000112.1,thl,339,1.239e-104,0.491
FW_TWAS_rep_2,GCA_937858715.1,CALLZY010000151.1,susC,540,5.621e-164,0.338
FW_TWAS_rep_2,GCA_937858715.1,CALLZY010000058.1,lctB,75,6.796e-20,0.5
FW_TWAS_rep_2,GCA_937858715.1,CALLZY010000223.1,fadB,180,4.923e-52,0.379
FW_TWAS_rep_2,GCA_937858715.1,CALLZY010000148.1,extracellular_protease,79,7.594e-17,0.258
FW_TWAS_rep_2,GCA_937858715.1,CALLZY010000272.1,adhE,86,3.503e-20,0.265
FW_TWAS_rep_2,GCA_937858715.1,CALLZY010000045.1,gdh,69,1.559e-14,0.596
FW_TWAS_rep_2,GCA_937858715.1,CALLZY010000259.1,pfkA,42,6.573e-7,0.337
FW_TWAS_rep_2,GCA_937858715.1,CALLZY010000260.1,frhG,52,2.641e-9,0.295
FW_TWAS_rep_2,GCA_937858715.1,CALLZY010000112.1,frhB,41,1.506e-6,0.322
FW_TWAS_rep_2,GCA_937858715.1,CALLZY010000005.1,susD,133,2.677e-34,0.272
FW_TWAS_rep_2,GCA_937858715.1,CALLZY010000120.1,hbd,123,2.068e-30,0.275
FW_TWAS_rep_2,GCA_937858715.1,CALLZY010000112.1,sucD,343,2.193e-108,0.598
FW_TWAS_rep_2,GCA_937858715.1,CALLZY010000042.1,susC,49,5.022e-8,0.272
FW_TWAS_rep_2,GCA_937858715.1,CALLZY010000050.1,susC,622,3.048e-193,0.375
FW_TWAS_rep_2,GCA_937858715.1,CALLZY010000260.1,extracellular_protease,59,1.767e-10,0.273
FW_TWAS_rep_2,GCA_937858715.1,CALLZY010000021.1,pta,226,3.384e-63,0.419
FW_TWAS_rep_2,GCA_937858715.1,CALLZY010000050.1,lysophospholipase,45,2.947e-7,0.25
FW_TWAS_rep_2,GCA_937858715.1,CALLZY010000031.1,susC,86,6.175e-19,0.337
FW_TWAS_rep_2,GCA_937858715.1,CALLZY010000262.1,fwdA,49,2.692e-8,0.252
FW_TWAS_rep_2,GCA_937858715.1,CALLZY010000042.1,lctB,62,7.328e-13,0.259
FW_TWAS_rep_2,GCA_937858715.1,CALLZY010000112.1,fadA,359,1.999e-111,0.516
FW_TWAS_rep_2,GCA_937858715.1,CALLZY010000042.1,tdcB,293,9.417e-89,0.43
FW_TWAS_rep_2,GCA_937858715.1,CALLZY010000009.1,frhG,93,7.229e-24,0.337
FW_TWAS_rep_2,GCA_937858715.1,CALLZY010000006.1,mvhA,51,5.088e-9,0.216
FW_TWAS_rep_2,GCA_937858715.1,CALLZY010000257.1,agl,80,7.897e-18,0.294
FW_TWAS_rep_2,GCA_937858715.1,CALLZY010000045.1,etfA,146,1.1e-40,0.394
FW_TWAS_rep_2,GCA_937858715.1,CALLZY010000006.1,frhG,54,8.954e-11,0.285
FW_TWAS_rep_2,GCA_937858715.1,CALLZY010000085.1,fadA,279,1.485e-84,0.445
FW_TWAS_rep_2,GCA_937858715.1,CALLZY010000208.1,susD,120,7.516e-30,0.269
FW_TWAS_rep_2,GCA_937858715.1,CALLZY010000065.1,cazy_GH10,231,1.53e-67,0.387
FW_TWAS_rep_2,GCA_937858715.1,CALLZY010000223.1,bcd,256,7.374e-77,0.384
FW_TWAS_rep_2,GCA_937858715.1,CALLZY010000005.1,pepN,55,5.471e-10,0.22
FW_TWAS_rep_2,GCA_937858715.1,CALLZY010000033.1,susC,297,4.32e-84,0.279
FW_TWAS_rep_2,GCA_937858715.1,CALLZY010000003.1,susC,603,1.377e-185,0.371
FW_TWAS_rep_2,GCA_937858715.1,CALLZY010000218.1,pepN,89,4.688e-20,0.26
FW_TWAS_rep_2,GCA_937858715.1,CALLZY010000009.1,mvhA,471,1.968e-149,0.488
FW_TWAS_rep_2,GCA_937858715.1,CALLZY010000077.1,fadB,177,3.526e-51,0.359
FW_TWAS_rep_2,GCA_937858715.1,CALLZY010000010.1,tdcB,55,2.937e-10,0.248
FW_TWAS_rep_2,GCA_937858715.1,CALLZY010000045.1,mmcF,177,8.443e-54,0.631
FW_TWAS_rep_2,GCA_937858715.1,CALLZY010000042.1,pfkA,281,2.449e-86,0.504
FW_TWAS_rep_2,GCA_937858715.1,CALLZY010000199.1,acs,46,1.046e-7,0.271
FW_TWAS_rep_2,GCA_937858715.1,CALLZY010000112.1,pfor,40,3.654e-6,0.281
FW_TWAS_rep_2,GCA_937858715.1,CALLZY010000045.1,crt,202,7.031e-60,0.443
FW_TWAS_rep_2,GCA_937858715.1,CALLZY010000112.1,susC,157,3.815e-40,0.431
FW_TWAS_rep_2,GCA_937858715.1,CALLZY010000071.1,cat,210,1.358e-63,0.532
FW_TWAS_rep_2,GCA_937858715.1,CALLZY010000082.1,bcd,357,2.258e-111,0.474
FW_TWAS_rep_2,GCA_937858715.1,CALLZY010000214.1,extracellular_protease,82,6.326e-18,0.272
FW_TWAS_rep_2,GCA_937858715.1,CALLZY010000120.1,fadB,114,9.391e-28,0.299
FW_TWAS_rep_2,GCA_937858715.1,CALLZY010000043.1,thl,277,6.042e-84,0.432
FW_TWAS_rep_2,GCA_937858715.1,CALLZY010000205.1,etfB,150,1.695e-42,0.388
FW_TWAS_rep_2,GCA_937858715.1,CALLZY010000009.1,hydA,122,4.117e-33,0.338
FW_TWAS_rep_2,GCA_937858715.1,CALLZY010000173.1,susD,137,1.207e-35,0.274
FW_TWAS_rep_2,GCA_937858715.1,CALLZY010000077.1,hbd,249,9.745e-76,0.491
FW_TWAS_rep_2,GCF_030238425.1,NZ_JASSKE010000010.1,agl,259,5.629e-75,0.374
FW_TWAS_rep_2,GCF_030238425.1,NZ_JASSKE010000007.1,agl,91,9.197e-21,0.263
FW_TWAS_rep_2,GCF_030238425.1,NZ_JASSKE010000004.1,fadB,107,2.547e-27,0.302
FW_TWAS_rep_2,GCF_030238425.1,NZ_JASSKE010000004.1,acs,156,1.084e-41,0.268
FW_TWAS_rep_2,GCF_030238425.1,NZ_JASSKE010000018.1,lysophospholipase,205,4.6e-60,0.436
FW_TWAS_rep_2,GCF_030238425.1,NZ_JASSKE010000003.1,ackA,372,2.971e-116,0.51
FW_TWAS_rep_2,GCF_030238425.1,NZ_JASSKE010000008.1,fadD,133,5.845e-34,0.283
FW_TWAS_rep_2,GCF_030238425.1,NZ_JASSKE010000002.1,dppA,417,1.726e-129,0.41
FW_TWAS_rep_2,GCF_030238425.1,NZ_JASSKE010000001.1,mvhA,105,2.898e-25,0.224
FW_TWAS_rep_2,GCF_030238425.1,NZ_JASSKE010000001.1,xylF,90,1.211e-21,0.282
FW_TWAS_rep_2,GCF_030238425.1,NZ_JASSKE010000010.1,crt,115,1.172e-30,0.325
FW_TWAS_rep_2,GCF_030238425.1,NZ_JASSKE010000005.1,fadB,119,9.194e-32,0.392
FW_TWAS_rep_2,GCF_030238425.1,NZ_JASSKE010000005.1,cat,87,1.161e-19,0.308
FW_TWAS_rep_2,GCF_030238425.1,NZ_JASSKE010000005.1,crt,159,2.267e-45,0.408
FW_TWAS_rep_2,GCF_030238425.1,NZ_JASSKE010000005.1,dppB,248,2.216e-74,0.453
FW_TWAS_rep_2,GCF_030238425.1,NZ_JASSKE010000004.1,crt,163,2.586e-46,0.393
FW_TWAS_rep_2,GCF_030238425.1,NZ_JASSKE010000011.1,pepQ,194,2.201e-54,0.369
FW_TWAS_rep_2,GCF_030238425.1,NZ_JASSKE010000004.1,mmcG,42,4.768e-7,0.292
FW_TWAS_rep_2,GCF_030238425.1,NZ_JASSKE010000013.1,cazy_GH13,68,5.533e-14,0.239
FW_TWAS_rep_2,GCF_030238425.1,NZ_JASSKE010000007.1,rnfB,42,7.234e-7,0.298
FW_TWAS_rep_2,GCF_030238425.1,NZ_JASSKE010000017.1,endopeptidase,287,3.177e-86,0.401
FW_TWAS_rep_2,GCF_030238425.1,NZ_JASSKE010000005.1,fdhA,450,1.95e-140,0.436
FW_TWAS_rep_2,GCF_030238425.1,NZ_JASSKE010000005.1,sucC,353,3.931e-110,0.481
FW_TWAS_rep_2,GCF_030238425.1,NZ_JASSKE010000003.1,pta,212,7.684e-62,0.404
FW_TWAS_rep_2,GCF_030238425.1,NZ_JASSKE010000005.1,oppB,192,1.554e-56,0.408
FW_TWAS_rep_2,GCF_030238425.1,NZ_JASSKE010000003.1,oppB,173,6.57e-49,0.323
FW_TWAS_rep_2,GCF_030238425.1,NZ_JASSKE010000002.1,pfor,1395,0.0,0.601
FW_TWAS_rep_2,GCF_030238425.1,NZ_JASSKE010000006.1,dppA,775,2.26e-253,0.689
FW_TWAS_rep_2,GCF_030238425.1,NZ_JASSKE010000001.1,sucC,376,7.685e-118,0.501
FW_TWAS_rep_2,GCF_030238425.1,NZ_JASSKE010000003.1,cat,289,3.284e-91,0.613
FW_TWAS_rep_2,GCF_030238425.1,NZ_JASSKE010000018.1,tdcB,303,4.169e-91,0.463
FW_TWAS_rep_2,GCF_030238425.1,NZ_JASSKE010000012.1,mer,56,1.459e-10,0.245
FW_TWAS_rep_2,GCF_030238425.1,NZ_JASSKE010000003.1,pfkA,149,4.989e-41,0.375
FW_TWAS_rep_2,GCF_030238425.1,NZ_JASSKE010000007.1,eda,113,1.472e-30,0.344
FW_TWAS_rep_2,GCF_030238425.1,NZ_JASSKE010000001.1,frhG,44,7.1e-7,0.223
FW_TWAS_rep_2,GCF_030238425.1,NZ_JASSKE010000008.1,lctC,47,1.704e-7,0.25
FW_TWAS_rep_2,GCF_030238425.1,NZ_JASSKE010000002.1,oppA,443,2.459e-138,0.461
FW_TWAS_rep_2,GCF_030238425.1,NZ_JASSKE010000002.1,cat,73,1.631e-15,0.301
FW_TWAS_rep_2,GCF_030238425.1,NZ_JASSKE010000001.1,ptsG,517,4.832e-165,0.57
FW_TWAS_rep_2,GCF_030238425.1,NZ_JASSKE010000001.1,lctB,229,4.035e-70,0.497
FW_TWAS_rep_2,GCF_030238425.1,NZ_JASSKE010000003.1,pepQ,151,2.145e-41,0.332
FW_TWAS_rep_2,GCF_030238425.1,NZ_JASSKE010000013.1,fdhA,137,1.286e-34,0.259
FW_TWAS_rep_2,GCF_030238425.1,NZ_JASSKE010000008.1,oppA,407,5.417e-126,0.449
FW_TWAS_rep_2,GCF_030238425.1,NZ_JASSKE010000002.1,hydA,45,1.399e-7,0.351
FW_TWAS_rep_2,GCF_030238425.1,NZ_JASSKE010000014.1,hydA,49,3.458e-9,0.363
FW_TWAS_rep_2,GCF_030238425.1,NZ_JASSKE010000018.1,hbd,198,8.012e-54,0.37
FW_TWAS_rep_2,GCF_030238425.1,NZ_JASSKE010000001.1,dppA,227,2.768e-64,0.317
FW_TWAS_rep_2,GCF_030238425.1,NZ_JASSKE010000016.1,etfA,90,1.593e-21,0.334
FW_TWAS_rep_2,GCF_030238425.1,NZ_JASSKE010000008.1,pfkA,61,5.777e-12,0.26
FW_TWAS_rep_2,GCF_030238425.1,NZ_JASSKE010000012.1,tdcB,321,5.216e-100,0.517
FW_TWAS_rep_2,GCF_030238425.1,NZ_JASSKE010000001.1,lctD,68,8.471e-15,0.372
FW_TWAS_rep_2,GCF_030238425.1,NZ_JASSKE010000002.1,bcd,174,8.835e-49,0.322
FW_TWAS_rep_2,GCF_030238425.1,NZ_JASSKE010000001.1,sucD,381,2.066e-121,0.672
FW_TWAS_rep_2,GCF_030238425.1,NZ_JASSKE010000002.1,gapA,493,1.037e-159,0.719
FW_TWAS_rep_2,GCF_030238425.1,NZ_JASSKE010000005.1,sucD,372,1.151e-118,0.609
FW_TWAS_rep_2,GCF_030238425.1,NZ_JASSKE010000007.1,cazy_GH13,96,1.87e-22,0.273
FW_TWAS_rep_2,GCF_030238425.1,NZ_JASSKE010000011.1,gapA,263,1.508e-79,0.403
FW_TWAS_rep_2,GCF_030238425.1,NZ_JASSKE010000018.1,crt,131,7.816e-33,0.377
FW_TWAS_rep_2,GCF_030238425.1,NZ_JASSKE010000009.1,oppB,311,5.075e-97,0.535
FW_TWAS_rep_2,GCF_030238425.1,NZ_JASSKE010000001.1,dtpT,264,2.823e-77,0.355
FW_TWAS_rep_2,GCF_030238425.1,NZ_JASSKE010000009.1,adhE,1101,0.0,0.65
FW_TWAS_rep_2,GCF_030238425.1,NZ_JASSKE010000012.1,endopeptidase,188,2.059e-54,0.399
FW_TWAS_rep_2,GCF_030238425.1,NZ_JASSKE010000003.1,pepA,259,4.23e-77,0.434
FW_TWAS_rep_2,GCF_030238425.1,NZ_JASSKE010000019.1,acs,121,1.556e-30,0.266
FW_TWAS_rep_2,GCF_030238425.1,NZ_JASSKE010000009.1,fdhA,53,5.457e-9,0.228
FW_TWAS_rep_2,GCF_030238425.1,NZ_JASSKE010000002.1,dtpT,279,5.607e-83,0.333
FW_TWAS_rep_2,GCF_030238425.1,NZ_JASSKE010000007.1,adhE,231,2.221e-68,0.391
FW_TWAS_rep_2,GCF_030238425.1,NZ_JASSKE010000005.1,etfA,124,1.221e-33,0.372
FW_TWAS_rep_2,GCF_030238425.1,NZ_JASSKE010000003.1,dppB,164,1.06e-45,0.301
FW_TWAS_rep_2,GCF_030238425.1,NZ_JASSKE010000019.1,fadD,136,4.619e-35,0.302
FW_TWAS_rep_2,GCF_030238425.1,NZ_JASSKE010000001.1,oppB,252,1.731e-76,0.477
FW_TWAS_rep_2,GCF_030238425.1,NZ_JASSKE010000003.1,adh,49,7.455e-9,0.258
FW_TWAS_rep_2,GCF_030238425.1,NZ_JASSKE010000003.1,aldh,213,8.22e-61,0.359
FW_TWAS_rep_2,GCF_030238425.1,NZ_JASSKE010000002.1,ptsG,325,9.046e-97,0.401
FW_TWAS_rep_2,GCF_030238425.1,NZ_JASSKE010000005.1,dtpT,259,2.245e-76,0.379
FW_TWAS_rep_2,GCF_030238425.1,NZ_JASSKE010000004.1,etfA,138,1.694e-37,0.378
FW_TWAS_rep_2,GCF_030238425.1,NZ_JASSKE010000009.1,dppC,244,6.09e-74,0.464
FW_TWAS_rep_2,GCF_030238425.1,NZ_JASSKE010000003.1,dppC,130,9.153e-35,0.339
FW_TWAS_rep_2,GCF_030238425.1,NZ_JASSKE010000003.1,fadA,310,3.522e-95,0.497
FW_TWAS_rep_2,GCF_030238425.1,NZ_JASSKE010000018.1,eda,120,3.278e-32,0.418
FW_TWAS_rep_2,GCF_030238425.1,NZ_JASSKE010000011.1,bgl,207,6.412e-59,0.318
FW_TWAS_rep_2,GCF_030238425.1,NZ_JASSKE010000008.1,adhE,120,1.09e-30,0.272
FW_TWAS_rep_2,GCF_030238425.1,NZ_JASSKE010000005.1,adhE,409,4.177e-127,0.501
FW_TWAS_rep_2,GCF_030238425.1,NZ_JASSKE010000003.1,fdhA,367,9.529e-109,0.334
FW_TWAS_rep_2,GCF_030238425.1,NZ_JASSKE010000016.1,adhE,235,8.699e-70,0.368
FW_TWAS_rep_2,GCF_030238425.1,NZ_JASSKE010000010.1,etfA,100,2.563e-25,0.34
FW_TWAS_rep_2,GCF_030238425.1,NZ_JASSKE010000002.1,eda,215,1.985e-65,0.532
FW_TWAS_rep_2,GCF_030238425.1,NZ_JASSKE010000009.1,dppB,266,2.365e-81,0.452
FW_TWAS_rep_2,GCF_030238425.1,NZ_JASSKE010000002.1,adh,48,2.459e-8,0.245
FW_TWAS_rep_2,GCF_030238425.1,NZ_JASSKE010000002.1,gdh,566,2.113e-182,0.642
FW_TWAS_rep_2,GCF_030238425.1,NZ_JASSKE010000018.1,acylglycerol_lipase,74,3.917e-16,0.248
FW_TWAS_rep_2,GCF_030238425.1,NZ_JASSKE010000018.1,thl,276,7.139e-84,0.453
FW_TWAS_rep_2,GCF_030238425.1,NZ_JASSKE010000010.1,cat,99,1.275e-23,0.3
FW_TWAS_rep_2,GCF_030238425.1,NZ_JASSKE010000007.1,xylA,499,4.103e-159,0.552
FW_TWAS_rep_2,GCF_030238425.1,NZ_JASSKE010000011.1,adh,63,3.529e-13,0.241
FW_TWAS_rep_2,GCF_030238425.1,NZ_JASSKE010000006.1,dppC,421,3.587e-135,0.71
FW_TWAS_rep_2,GCF_030238425.1,NZ_JASSKE010000001.1,cazy_GH13,126,1.318e-31,0.322
FW_TWAS_rep_2,GCF_030238425.1,NZ_JASSKE010000015.1,rnfB,41,5.662e-6,0.289
FW_TWAS_rep_2,GCF_030238425.1,NZ_JASSKE010000002.1,rnfB,192,5.385e-58,0.585
FW_TWAS_rep_2,GCF_030238425.1,NZ_JASSKE010000006.1,oppB,246,1.064e-74,0.475
FW_TWAS_rep_2,GCF_030238425.1,NZ_JASSKE010000005.1,fumB,746,4.876e-243,0.665
FW_TWAS_rep_2,GCF_030238425.1,NZ_JASSKE010000018.1,pepQ,87,7.008e-20,0.281
FW_TWAS_rep_2,GCF_030238425.1,NZ_JASSKE010000003.1,fadD,127,8.736e-33,0.28
FW_TWAS_rep_2,GCF_030238425.1,NZ_JASSKE010000002.1,frhB,49,6.228e-9,0.51
FW_TWAS_rep_2,GCF_030238425.1,NZ_JASSKE010000005.1,dppC,236,1.28e-71,0.453
FW_TWAS_rep_2,GCF_030238425.1,NZ_JASSKE010000004.1,frhG,42,2.2e-6,0.313
FW_TWAS_rep_2,GCF_030238425.1,NZ_JASSKE010000003.1,acylglycerol_lipase,46,1.005e-7,0.304
FW_TWAS_rep_2,GCF_030238425.1,NZ_JASSKE010000001.1,hydA,41,2.56e-6,0.361
FW_TWAS_rep_2,GCF_030238425.1,NZ_JASSKE010000001.1,folD,327,1.733e-102,0.589
FW_TWAS_rep_2,GCF_030238425.1,NZ_JASSKE010000011.1,mmcE,298,7.25e-92,0.496
FW_TWAS_rep_2,GCF_030238425.1,NZ_JASSKE010000003.1,thl,420,3.757e-133,0.626
FW_TWAS_rep_2,GCF_030238425.1,NZ_JASSKE010000003.1,frhB,44,2.785e-7,0.371
FW_TWAS_rep_2,GCF_030238425.1,NZ_JASSKE010000020.1,bcd,106,4.838e-25,0.284
FW_TWAS_rep_2,GCF_030238425.1,NZ_JASSKE010000005.1,fadD,131,3.455e-33,0.272
FW_TWAS_rep_2,GCF_030238425.1,NZ_JASSKE010000010.1,fadB,98,6.419e-25,0.358
FW_TWAS_rep_2,GCF_030238425.1,NZ_JASSKE010000007.1,ptsG,50,2.778e-8,0.322
FW_TWAS_rep_2,GCF_030238425.1,NZ_JASSKE010000001.1,adhE,163,4.359e-45,0.285
FW_TWAS_rep_2,GCF_030238425.1,NZ_JASSKE010000002.1,dppB,234,2.149e-70,0.377
FW_TWAS_rep_2,GCF_030238425.1,NZ_JASSKE010000002.1,etfA,136,6.863e-37,0.347
FW_TWAS_rep_2,GCF_030238425.1,NZ_JASSKE010000015.1,pfkA,258,3.067e-78,0.471
FW_TWAS_rep_2,GCF_030238425.1,NZ_JASSKE010000003.1,frhG,46,9.635e-8,0.274
FW_TWAS_rep_2,GCF_030238425.1,NZ_JASSKE010000012.1,mdh,157,6.767e-44,0.388
FW_TWAS_rep_2,GCF_030238425.1,NZ_JASSKE010000002.1,pfkA,259,3.562e-79,0.488
FW_TWAS_rep_2,GCF_030238425.1,NZ_JASSKE010000003.1,lysophospholipase,66,2.792e-14,0.28
FW_TWAS_rep_2,GCF_030238425.1,NZ_JASSKE010000005.1,dppA,139,3.781e-36,0.257
FW_TWAS_rep_2,GCF_030238425.1,NZ_JASSKE010000001.1,fdhA,190,2.965e-51,0.27
FW_TWAS_rep_2,GCF_030238425.1,NZ_JASSKE010000010.1,cazy_GH13,177,5.038e-48,0.37
FW_TWAS_rep_2,GCF_030238425.1,NZ_JASSKE010000005.1,ackA,69,1.236e-15,0.418
FW_TWAS_rep_2,GCF_030238425.1,NZ_JASSKE010000019.1,glcP,43,1.915e-6,0.229
FW_TWAS_rep_2,GCF_030238425.1,NZ_JASSKE010000001.1,pepT,258,4.486e-77,0.416
FW_TWAS_rep_2,GCF_030238425.1,NZ_JASSKE010000001.1,rnfB,43,1.396e-6,0.488
FW_TWAS_rep_2,GCF_030238425.1,NZ_JASSKE010000001.1,agl,92,3.174e-21,0.273
FW_TWAS_rep_2,GCF_030238425.1,NZ_JASSKE010000008.1,frhA,135,9.955e-35,0.259
FW_TWAS_rep_2,GCF_030238425.1,NZ_JASSKE010000018.1,ilvE,162,1.774e-45,0.357
FW_TWAS_rep_2,GCF_030238425.1,NZ_JASSKE010000018.1,etfA,109,3.458e-26,0.372
FW_TWAS_rep_2,GCF_030238425.1,NZ_JASSKE010000008.1,lctB,89,1.559e-20,0.243
FW_TWAS_rep_2,GCF_030238425.1,NZ_JASSKE010000008.1,mvhA,109,1.985e-26,0.226
FW_TWAS_rep_2,GCF_030238425.1,NZ_JASSKE010000009.1,aldh,426,6.91e-128,0.509
FW_TWAS_rep_2,GCF_030238425.1,NZ_JASSKE010000001.1,oppA,201,6.078e-56,0.327
FW_TWAS_rep_2,GCF_030238425.1,NZ_JASSKE010000001.1,frhA,99,2.585e-23,0.236
FW_TWAS_rep_2,GCF_030238425.1,NZ_JASSKE010000004.1,pepQ,71,8.402e-16,0.27
FW_TWAS_rep_2,GCF_030238425.1,NZ_JASSKE010000011.1,hydA,46,5.964e-7,0.36
FW_TWAS_rep_2,GCF_030238425.1,NZ_JASSKE010000018.1,ptsG,415,2.419e-129,0.468
FW_TWAS_rep_2,GCF_030238425.1,NZ_JASSKE010000016.1,glcP,66,1.481e-13,0.273
FW_TWAS_rep_2,GCF_030238425.1,NZ_JASSKE010000001.1,acs,518,8.274e-163,0.443
FW_TWAS_rep_2,GCF_030238425.1,NZ_JASSKE010000002.1,frhG,41,2.622e-6,0.307
FW_TWAS_rep_2,GCF_030238425.1,NZ_JASSKE010000003.1,crt,132,8.288e-36,0.361
FW_TWAS_rep_2,GCF_030238425.1,NZ_JASSKE010000020.1,fadE,74,1.978e-15,0.254
FW_TWAS_rep_2,GCF_030238425.1,NZ_JASSKE010000007.1,xylF,340,3.376e-106,0.571
FW_TWAS_rep_2,GCF_030238425.1,NZ_JASSKE010000009.1,dppA,305,4.664e-91,0.373
FW_TWAS_rep_2,GCF_030238425.1,NZ_JASSKE010000003.1,adhE,201,5.994e-58,0.354
FW_TWAS_rep_2,GCF_030238425.1,NZ_JASSKE010000004.1,frhB,41,3.879e-6,0.386
FW_TWAS_rep_2,GCF_030238425.1,NZ_JASSKE010000014.1,frhA,102,2.07e-24,0.258
FW_TWAS_rep_2,GCF_030238425.1,NZ_JASSKE010000011.1,acs,112,4.064e-27,0.266
FW_TWAS_rep_2,GCF_030238425.1,NZ_JASSKE010000007.1,bgl,216,2.558e-62,0.318
FW_TWAS_rep_2,GCF_030238425.1,NZ_JASSKE010000005.1,pgi,727,3.676e-236,0.689
FW_TWAS_rep_2,GCF_030238425.1,NZ_JASSKE010000003.1,hydA,44,1.901e-6,0.327
FW_TWAS_rep_2,GCF_030238425.1,NZ_JASSKE010000003.1,lctB,86,8.139e-20,0.294
FW_TWAS_rep_2,GCF_030238425.1,NZ_JASSKE010000003.1,acs,47,1.614e-7,0.225
FW_TWAS_rep_2,GCF_030238425.1,NZ_JASSKE010000006.1,dppB,438,1.477e-140,0.663
FW_TWAS_rep_2,GCF_030238425.1,NZ_JASSKE010000016.1,pfkA,63,9.138e-13,0.282
FW_TWAS_rep_2,GCF_030238425.1,NZ_JASSKE010000012.1,ackA,376,8.058e-118,0.488
FW_TWAS_rep_2,GCF_030238425.1,NZ_JASSKE010000002.1,glcP,63,1.353e-12,0.303
FW_TWAS_rep_2,GCF_030238425.1,NZ_JASSKE010000002.1,adhE,48,5.713e-8,0.233
FW_TWAS_rep_2,GCF_030238425.1,NZ_JASSKE010000011.1,ptsG,298,4.661e-89,0.378
FW_TWAS_rep_2,GCF_030238425.1,NZ_JASSKE010000015.1,fdhA,308,2.153e-89,0.323
FW_TWAS_rep_2,GCF_030238425.1,NZ_JASSKE010000003.1,fadB,445,2.783e-136,0.379
FW_TWAS_rep_2,GCF_030238425.1,NZ_JASSKE010000004.1,fadD,168,1.471e-45,0.291
FW_TWAS_rep_2,GCF_030238425.1,NZ_JASSKE010000006.1,dtpT,263,1.326e-77,0.332
FW_TWAS_rep_2,GCF_030238425.1,NZ_JASSKE010000018.1,fadB,1045,0.0,0.73
FW_TWAS_rep_2,GCF_030238425.1,NZ_JASSKE010000009.1,oppA,463,4.585e-145,0.467
FW_TWAS_rep_2,GCF_030238425.1,NZ_JASSKE010000014.1,frhG,44,1.292e-7,0.381
FW_TWAS_rep_2,GCF_030238425.1,NZ_JASSKE010000018.1,phospholipase,222,2.53e-66,0.437
FW_TWAS_rep_2,GCF_030238425.1,NZ_JASSKE010000010.1,pepA,351,1.088e-107,0.438
FW_TWAS_rep_2,GCF_030238425.1,NZ_JASSKE010000004.1,glcP,80,8.781e-18,0.22
FW_TWAS_rep_2,GCF_030238425.1,NZ_JASSKE010000003.1,hbd,213,1.318e-58,0.355
FW_TWAS_rep_2,GCF_030238425.1,NZ_JASSKE010000002.1,fadE,176,1.912e-49,0.324
FW_TWAS_rep_2,GCF_030238425.1,NZ_JASSKE010000001.1,dppB,284,1.19e-87,0.441
FW_TWAS_rep_2,GCF_030238425.1,NZ_JASSKE010000006.1,fdhA,123,2.025e-30,0.247
FW_TWAS_rep_2,GCF_030238425.1,NZ_JASSKE010000002.1,dppC,235,3.395e-71,0.47
FW_TWAS_rep_2,GCF_030238425.1,NZ_JASSKE010000005.1,aldh,580,1.044e-185,0.575
FW_TWAS_rep_2,GCF_030238425.1,NZ_JASSKE010000004.1,fadE,184,1.417e-52,0.343
FW_TWAS_rep_2,GCF_030238425.1,NZ_JASSKE010000005.1,pepD,136,8.393e-38,0.429
FW_TWAS_rep_2,GCF_030238425.1,NZ_JASSKE010000002.1,pyk,459,4.228e-144,0.551
FW_TWAS_rep_2,GCF_030238425.1,NZ_JASSKE010000011.1,fadA,320,1.207e-98,0.493
FW_TWAS_rep_2,GCF_030238425.1,NZ_JASSKE010000003.1,etfA,114,8.056e-28,0.361
FW_TWAS_rep_2,GCF_030238425.1,NZ_JASSKE010000007.1,crt,48,3.791e-8,0.392
FW_TWAS_rep_2,GCF_030238425.1,NZ_JASSKE010000001.1,lctC,446,8.733e-141,0.488
FW_TWAS_rep_2,GCF_030238425.1,NZ_JASSKE010000006.1,cazy_GH13,71,9.818e-15,0.272
FW_TWAS_rep_2,GCF_030238425.1,NZ_JASSKE010000018.1,fadA,359,2.053e-112,0.521
FW_TWAS_rep_2,GCF_030238425.1,NZ_JASSKE010000024.1,edd,178,9.37e-48,0.319
FW_TWAS_rep_2,GCF_030238425.1,NZ_JASSKE010000003.1,mvhG,42,9.882e-7,0.323
FW_TWAS_rep_2,GCF_030238425.1,NZ_JASSKE010000011.1,thl,401,1.545e-126,0.573
FW_TWAS_rep_2,GCF_030238425.1,NZ_JASSKE010000011.1,rnfB,40,3.557e-6,0.233
FW_TWAS_rep_2,GCF_030238425.1,NZ_JASSKE010000003.1,oppA,98,4.752e-23,0.237
FW_TWAS_rep_2,GCF_030238425.1,NZ_JASSKE010000001.1,pepN,408,3.441e-122,0.408
FW_TWAS_rep_2,GCF_030238425.1,NZ_JASSKE010000002.1,endopeptidase,230,7.695e-65,0.43
FW_TWAS_rep_2,GCF_030238425.1,NZ_JASSKE010000011.1,glcP,221,7.181e-64,0.332
FW_TWAS_rep_2,GCF_030238425.1,NZ_JASSKE010000005.1,rnfB,44,4.18e-7,0.284
FW_TWAS_rep_2,GCF_030238425.1,NZ_JASSKE010000002.1,edd,824,1.228e-268,0.678
FW_TWAS_rep_2,GCF_030238425.1,NZ_JASSKE010000002.1,fdhA,298,5.198e-86,0.319
FW_TWAS_rep_2,GCF_030238425.1,NZ_JASSKE010000011.1,fadD,130,1.064e-32,0.329
FW_TWAS_rep_2,GCF_030238425.1,NZ_JASSKE010000008.1,dppA,286,1.657e-84,0.344
FW_TWAS_rep_2,GCF_030238425.1,NZ_JASSKE010000005.1,acs,834,2.806e-271,0.603
FW_TWAS_rep_2,GCF_030238425.1,NZ_JASSKE010000002.1,fadD,259,1.942e-75,0.36
FW_TWAS_rep_2,GCF_030238425.1,NZ_JASSKE010000006.1,oppA,231,3.217e-66,0.319
FW_TWAS_rep_2,GCF_030238425.1,NZ_JASSKE010000014.1,frhB,43,3.161e-7,0.363
FW_TWAS_rep_2,GCF_030238425.1,NZ_JASSKE010000018.1,edd,226,8.631e-64,0.324
FW_TWAS_rep_2,GCF_030238425.1,NZ_JASSKE010000001.1,fadD,151,8.131e-40,0.297
FW_TWAS_rep_2,GCF_030238425.1,NZ_JASSKE010000019.1,susC,44,1.987e-6,0.318
FW_TWAS_rep_2,GCF_030238425.1,NZ_JASSKE010000002.1,oppB,166,2.457e-47,0.373
FW_TWAS_rep_2,GCF_030238425.1,NZ_JASSKE010000002.1,acs,160,1.497e-42,0.279
FW_TWAS_rep_2,GCF_030238425.1,NZ_JASSKE010000001.1,dppC,252,1.32e-76,0.473
FW_TWAS_rep_2,GCF_030238425.1,NZ_JASSKE010000002.1,fumB,743,6.031e-242,0.665
FW_TWAS_rep_2,GCF_030238425.1,NZ_JASSKE010000001.1,pepD,521,1.732e-166,0.538
FW_TWAS_rep_2,GCF_030238425.1,NZ_JASSKE010000005.1,oppA,136,2.9e-35,0.252
FW_TWAS_rep_2,GCA_044369385.1,JBIPLY010000191.1,adh,54,2.663e-10,0.284
FW_TWAS_rep_2,GCA_044369385.1,JBIPLY010000307.1,dppA,70,2.478e-16,0.339
FW_TWAS_rep_2,GCA_044369385.1,JBIPLY010000245.1,cat,192,3.762e-55,0.478
FW_TWAS_rep_2,GCA_044369385.1,JBIPLY010000407.1,acs,53,1.578e-9,0.309
FW_TWAS_rep_2,GCA_044369385.1,JBIPLY010000002.1,dppB,250,9.292e-76,0.438
FW_TWAS_rep_2,GCA_044369385.1,JBIPLY010000053.1,dppB,229,2.206e-68,0.419
FW_TWAS_rep_2,GCA_044369385.1,JBIPLY010000231.1,pta,128,1.084e-31,0.3
FW_TWAS_rep_2,GCA_044369385.1,JBIPLY010000549.1,lctC,55,1.026e-10,0.56
FW_TWAS_rep_2,GCA_044369385.1,JBIPLY010000041.1,dppB,147,3.14e-40,0.343
FW_TWAS_rep_2,GCA_044369385.1,JBIPLY010000079.1,oppA,94,4.596e-22,0.231
FW_TWAS_rep_2,GCA_044369385.1,JBIPLY010000086.1,acylglycerol_lipase,51,7.156e-9,0.324
FW_TWAS_rep_2,GCA_044369385.1,JBIPLY010000130.1,etfA,108,7.843e-28,0.313
FW_TWAS_rep_2,GCA_044369385.1,JBIPLY010000299.1,prdB,86,7.615e-22,0.376
FW_TWAS_rep_2,GCA_044369385.1,JBIPLY010000035.1,oppA,105,1.9e-25,0.232
FW_TWAS_rep_2,GCA_044369385.1,JBIPLY010000145.1,dppA,108,2.279e-26,0.259
FW_TWAS_rep_2,GCA_044369385.1,JBIPLY010000198.1,dppA,61,9.361e-12,0.221
FW_TWAS_rep_2,GCA_044369385.1,JBIPLY010000169.1,crt,163,6.149e-43,0.392
FW_TWAS_rep_2,GCA_044369385.1,JBIPLY010000263.1,oppA,98,3.023e-23,0.243
FW_TWAS_rep_2,GCA_044369385.1,JBIPLY010000230.1,dppB,272,1.57e-83,0.465
FW_TWAS_rep_2,GCA_044369385.1,JBIPLY010000172.1,dppC,134,1.366e-33,0.417
FW_TWAS_rep_2,GCA_044369385.1,JBIPLY010000400.1,hydA,76,5.993e-16,0.269
FW_TWAS_rep_2,GCA_044369385.1,JBIPLY010000012.1,oppA,130,2.688e-33,0.281
FW_TWAS_rep_2,GCA_044369385.1,JBIPLY010000173.1,fdhA,118,7.437e-29,0.246
FW_TWAS_rep_2,GCA_044369385.1,JBIPLY010000321.1,gapA,248,1.113e-74,0.409
FW_TWAS_rep_2,GCA_044369385.1,JBIPLY010000041.1,oppA,86,1.592e-19,0.246
FW_TWAS_rep_2,GCA_044369385.1,JBIPLY010000069.1,oppA,69,4.914e-14,0.257
FW_TWAS_rep_2,GCA_044369385.1,JBIPLY010000009.1,oppA,160,1.013e-42,0.28
FW_TWAS_rep_2,GCA_044369385.1,JBIPLY010000247.1,dppB,243,1.709e-73,0.418
FW_TWAS_rep_2,GCA_044369385.1,JBIPLY010000023.1,oppA,154,9.957e-41,0.287
FW_TWAS_rep_2,GCA_044369385.1,JBIPLY010000211.1,dppA,173,2.259e-46,0.308
FW_TWAS_rep_2,GCA_044369385.1,JBIPLY010000011.1,dppA,91,7.562e-21,0.228
FW_TWAS_rep_2,GCA_044369385.1,JBIPLY010000225.1,lysophospholipase,42,5.322e-6,0.242
FW_TWAS_rep_2,GCA_044369385.1,JBIPLY010000161.1,bcd,192,9.404e-53,0.348
FW_TWAS_rep_2,GCA_044369385.1,JBIPLY010000169.1,etfA,110,1.744e-26,0.342
FW_TWAS_rep_2,GCA_044369385.1,JBIPLY010000291.1,oppB,229,2.972e-68,0.398
FW_TWAS_rep_2,GCA_044369385.1,JBIPLY010000216.1,fadD,76,9.427e-17,0.297
FW_TWAS_rep_2,GCA_044369385.1,JBIPLY010000147.1,tdcB,243,1e-67,0.476
FW_TWAS_rep_2,GCA_044369385.1,JBIPLY010000102.1,acylglycerol_lipase,55,2.16e-10,0.404
FW_TWAS_rep_2,GCA_044369385.1,JBIPLY010000037.1,etfB,314,2.204e-98,0.698
FW_TWAS_rep_2,GCA_044369385.1,JBIPLY010000004.1,dppA,104,5.204e-25,0.252
FW_TWAS_rep_2,GCA_044369385.1,JBIPLY010000044.1,crt,130,6.554e-35,0.377
FW_TWAS_rep_2,GCA_044369385.1,JBIPLY010000078.1,dppB,232,1.079e-67,0.425
FW_TWAS_rep_2,GCA_044369385.1,JBIPLY010000135.1,pepT,52,3.178e-9,0.291
FW_TWAS_rep_2,GCA_044369385.1,JBIPLY010000052.1,dppC,204,9.113e-58,0.437
FW_TWAS_rep_2,GCA_044369385.1,JBIPLY010000247.1,oppB,205,1.859e-60,0.398
FW_TWAS_rep_2,GCA_044369385.1,JBIPLY010000061.1,pepT,73,1.074e-15,0.295
FW_TWAS_rep_2,GCA_044369385.1,JBIPLY010000324.1,dppA,156,1.264e-41,0.28
FW_TWAS_rep_2,GCA_044369385.1,JBIPLY010000145.1,fadE,95,1.935e-24,0.463
FW_TWAS_rep_2,GCA_044369385.1,JBIPLY010000053.1,dppA,213,1.668e-60,0.306
FW_TWAS_rep_2,GCA_044369385.1,JBIPLY010000364.1,bcd,117,1.27e-29,0.286
FW_TWAS_rep_2,GCA_044369385.1,JBIPLY010000469.1,crt,83,5.554e-19,0.305
FW_TWAS_rep_2,GCA_044369385.1,JBIPLY010000145.1,fadB,110,4.399e-28,0.363
FW_TWAS_rep_2,GCA_044369385.1,JBIPLY010000184.1,etfA,86,4.472e-19,0.38
FW_TWAS_rep_2,GCA_044369385.1,JBIPLY010000172.1,dppA,52,6.486e-9,0.222
FW_TWAS_rep_2,GCA_044369385.1,JBIPLY010000027.1,dppB,220,2.791e-65,0.425
FW_TWAS_rep_2,GCA_044369385.1,JBIPLY010000005.1,lysophospholipase,47,1.04e-7,0.288
FW_TWAS_rep_2,GCA_044369385.1,JBIPLY010000142.1,fadE,79,1.159e-17,0.315
FW_TWAS_rep_2,GCA_044369385.1,JBIPLY010000012.1,bcd,71,4.624e-15,0.29
FW_TWAS_rep_2,GCA_044369385.1,JBIPLY010000424.1,fadD,293,1.173e-85,0.397
FW_TWAS_rep_2,GCA_044369385.1,JBIPLY010000110.1,fadE,183,5.312e-50,0.362
FW_TWAS_rep_2,GCA_044369385.1,JBIPLY010000184.1,crt,132,4.593e-33,0.395
FW_TWAS_rep_2,GCA_044369385.1,JBIPLY010000349.1,dppA,176,2.997e-48,0.281
FW_TWAS_rep_2,GCA_044369385.1,JBIPLY010000021.1,oppB,138,3.503e-37,0.319
FW_TWAS_rep_2,GCA_044369385.1,JBIPLY010000308.1,fadB,93,1.012e-21,0.333
FW_TWAS_rep_2,GCA_044369385.1,JBIPLY010000246.1,cat,192,9.224e-57,0.487
FW_TWAS_rep_2,GCA_044369385.1,JBIPLY010000241.1,dppA,104,2.89e-25,0.273
FW_TWAS_rep_2,GCA_044369385.1,JBIPLY010000153.1,bcd,196,2.956e-55,0.345
FW_TWAS_rep_2,GCA_044369385.1,JBIPLY010000098.1,oppA,87,3.819e-20,0.285
FW_TWAS_rep_2,GCA_044369385.1,JBIPLY010000172.1,oppA,62,6.296e-12,0.242
FW_TWAS_rep_2,GCA_044369385.1,JBIPLY010000324.1,dppB,267,5.547e-82,0.443
FW_TWAS_rep_2,GCA_044369385.1,JBIPLY010000145.1,fadD,86,1.684e-19,0.258
FW_TWAS_rep_2,GCA_044369385.1,JBIPLY010000044.1,glcP,41,9.237e-6,0.287
FW_TWAS_rep_2,GCA_044369385.1,JBIPLY010000235.1,edd,201,4.946e-57,0.354
FW_TWAS_rep_2,GCA_044369385.1,JBIPLY010000009.1,dppA,155,4.13e-40,0.268
FW_TWAS_rep_2,GCA_044369385.1,JBIPLY010000117.1,fadB,87,3.046e-20,0.306
FW_TWAS_rep_2,GCA_044369385.1,JBIPLY010000057.1,dppC,175,4.993e-47,0.391
FW_TWAS_rep_2,GCA_044369385.1,JBIPLY010000004.1,oppA,110,5.585e-27,0.245
FW_TWAS_rep_2,GCA_044369385.1,JBIPLY010000229.1,oppA,99,4.974e-23,0.237
FW_TWAS_rep_2,GCA_044369385.1,JBIPLY010000431.1,lysophospholipase,57,1.215e-10,0.291
FW_TWAS_rep_2,GCA_044369385.1,JBIPLY010000121.1,oppA,100,9.908e-24,0.247
FW_TWAS_rep_2,GCA_044369385.1,JBIPLY010000021.1,dppB,147,3.056e-40,0.321
FW_TWAS_rep_2,GCA_044369385.1,JBIPLY010000183.1,oppB,137,7.245e-35,0.355
FW_TWAS_rep_2,GCA_044369385.1,JBIPLY010000048.1,fadD,134,9.015e-34,0.31
FW_TWAS_rep_2,GCA_044369385.1,JBIPLY010000251.1,dppC,141,1.824e-38,0.345
FW_TWAS_rep_2,GCA_044369385.1,JBIPLY010000241.1,oppA,102,1.203e-24,0.28
FW_TWAS_rep_2,GCA_044369385.1,JBIPLY010000130.1,fadE,111,1.371e-28,0.321
FW_TWAS_rep_2,GCA_044369385.1,JBIPLY010000048.1,acs,79,3.293e-17,0.262
FW_TWAS_rep_2,GCA_044369385.1,JBIPLY010000251.1,oppB,176,7.819e-50,0.328
FW_TWAS_rep_2,GCA_044369385.1,JBIPLY010000523.1,prdB,58,6.372e-13,0.333
FW_TWAS_rep_2,GCA_044369385.1,JBIPLY010000295.1,dppB,273,1.452e-82,0.451
FW_TWAS_rep_2,GCA_044369385.1,JBIPLY010000021.1,oppA,55,3.973e-10,0.22
FW_TWAS_rep_2,GCA_044369385.1,JBIPLY010000010.1,adh,46,9.649e-8,0.297
FW_TWAS_rep_2,GCA_044369385.1,JBIPLY010000092.1,etfA,44,5.631e-7,0.271
FW_TWAS_rep_2,GCA_044369385.1,JBIPLY010000008.1,mdh,283,1.617e-86,0.49
FW_TWAS_rep_2,GCA_044369385.1,JBIPLY010000215.1,tdcB,188,2.341e-54,0.434
FW_TWAS_rep_2,GCA_044369385.1,JBIPLY010000306.1,adh,66,3.034e-14,0.28
FW_TWAS_rep_2,GCA_044369385.1,JBIPLY010000428.1,oppA,91,4.783e-21,0.227
FW_TWAS_rep_2,GCA_044369385.1,JBIPLY010000064.1,dppC,203,1.22e-59,0.409
FW_TWAS_rep_2,GCA_044369385.1,JBIPLY010000138.1,adh,61,6.926e-12,0.292
FW_TWAS_rep_2,GCA_044369385.1,JBIPLY010000001.1,gapA,315,2.005e-94,0.52
FW_TWAS_rep_2,GCA_044369385.1,JBIPLY010000112.1,oppA,184,7.72e-51,0.303
FW_TWAS_rep_2,GCA_044369385.1,JBIPLY010000295.1,oppB,233,1.399e-66,0.451
FW_TWAS_rep_2,GCA_044369385.1,JBIPLY010000370.1,lctB,156,9.821e-43,0.615
FW_TWAS_rep_2,GCA_044369385.1,JBIPLY010000225.1,acs,100,6.975e-24,0.294
FW_TWAS_rep_2,GCA_044369385.1,JBIPLY010000421.1,edd,227,2.714e-63,0.32
FW_TWAS_rep_2,GCA_044369385.1,JBIPLY010000057.1,oppB,201,4.573e-57,0.394
FW_TWAS_rep_2,GCA_044369385.1,JBIPLY010000119.1,oppA,122,5.215e-30,0.256
FW_TWAS_rep_2,GCA_044369385.1,JBIPLY010000034.1,oppB,196,1.781e-57,0.418
FW_TWAS_rep_2,GCA_044369385.1,JBIPLY010000102.1,acs,112,1.965e-27,0.252
FW_TWAS_rep_2,GCA_044369385.1,JBIPLY010000012.1,etfA,99,9.005e-25,0.339
FW_TWAS_rep_2,GCA_044369385.1,JBIPLY010000172.1,oppB,164,1.324e-42,0.329
FW_TWAS_rep_2,GCA_044369385.1,JBIPLY010000473.1,tdcB,163,1.358e-45,0.403
FW_TWAS_rep_2,GCA_044369385.1,JBIPLY010000110.1,acs,172,1.477e-46,0.308
FW_TWAS_rep_2,GCA_044369385.1,JBIPLY010000117.1,etfA,94,1.205e-22,0.336
FW_TWAS_rep_2,GCA_044369385.1,JBIPLY010000187.1,fdhA,376,5.386e-114,0.387
FW_TWAS_rep_2,GCA_044369385.1,JBIPLY010000021.1,pfkA,239,7.011e-69,0.485
FW_TWAS_rep_2,GCA_044369385.1,JBIPLY010000513.1,fadD,58,3.245e-12,0.384
FW_TWAS_rep_2,GCA_044369385.1,JBIPLY010000059.1,crt,171,5.119e-45,0.414
FW_TWAS_rep_2,GCA_044369385.1,JBIPLY010000192.1,lysophospholipase,44,2.493e-6,0.299
FW_TWAS_rep_2,GCA_044369385.1,JBIPLY010000095.1,oppA,106,1.387e-25,0.243
FW_TWAS_rep_2,GCA_044369385.1,JBIPLY010000063.1,fhs,700,1.219e-226,0.643
FW_TWAS_rep_2,GCA_044369385.1,JBIPLY010000021.1,dppC,96,1.13e-23,0.289
FW_TWAS_rep_2,GCA_044369385.1,JBIPLY010000199.1,rnfB,44,1.695e-7,0.337
FW_TWAS_rep_2,GCA_044369385.1,JBIPLY010000477.1,dppA,84,6.66e-19,0.247
FW_TWAS_rep_2,GCA_044369385.1,JBIPLY010000186.1,mer,68,3.101e-14,0.258
FW_TWAS_rep_2,GCA_044369385.1,JBIPLY010000034.1,dppC,209,4.076e-62,0.451
FW_TWAS_rep_2,GCA_044369385.1,JBIPLY010000061.1,crt,119,1.252e-31,0.347
FW_TWAS_rep_2,GCA_044369385.1,JBIPLY010000067.1,dppA,76,2.275e-16,0.245
FW_TWAS_rep_2,GCA_044369385.1,JBIPLY010000295.1,dppA,153,1.35e-40,0.265
FW_TWAS_rep_2,GCA_044369385.1,JBIPLY010000121.1,dppB,59,5.596e-13,0.357
FW_TWAS_rep_2,GCA_044369385.1,JBIPLY010000012.1,dppB,265,4.427e-81,0.427
FW_TWAS_rep_2,GCA_044369385.1,JBIPLY010000001.1,etfA,85,2.328e-20,0.31
FW_TWAS_rep_2,GCA_044369385.1,JBIPLY010000012.1,dppC,222,3.66e-66,0.479
FW_TWAS_rep_2,GCA_044369385.1,JBIPLY010000274.1,fadD,118,2.986e-31,0.364
FW_TWAS_rep_2,GCA_044369385.1,JBIPLY010000080.1,tdcB,70,6.195e-15,0.323
FW_TWAS_rep_2,GCA_044369385.1,JBIPLY010000334.1,lysophospholipase,52,3.541e-9,0.297
FW_TWAS_rep_2,GCA_044369385.1,JBIPLY010000308.1,etfA,104,4.628e-25,0.333
FW_TWAS_rep_2,GCA_044369385.1,JBIPLY010000013.1,fadD,124,1.436e-30,0.295
FW_TWAS_rep_2,GCA_044369385.1,JBIPLY010000053.1,eda,117,1.092e-30,0.411
FW_TWAS_rep_2,GCA_044369385.1,JBIPLY010000452.1,acs,94,1.829e-22,0.272
FW_TWAS_rep_2,GCA_044369385.1,JBIPLY010000041.1,oppB,153,3.136e-42,0.365
FW_TWAS_rep_2,GCA_044369385.1,JBIPLY010000061.1,tdcB,199,1.035e-55,0.432
FW_TWAS_rep_2,GCA_044369385.1,JBIPLY010000110.1,etfA,107,1.112e-27,0.357
FW_TWAS_rep_2,GCA_044369385.1,JBIPLY010000161.1,fadE,187,3.277e-51,0.361
FW_TWAS_rep_2,GCA_044369385.1,JBIPLY010000330.1,dppA,62,6.04e-12,0.228
FW_TWAS_rep_2,GCA_044369385.1,JBIPLY010000303.1,oppB,46,4.166e-10,0.513
FW_TWAS_rep_2,GCA_044369385.1,JBIPLY010000243.1,pepT,69,2.068e-14,0.274
FW_TWAS_rep_2,GCA_044369385.1,JBIPLY010000556.1,oppA,65,5.579e-13,0.209
FW_TWAS_rep_2,GCA_044369385.1,JBIPLY010000087.1,dppC,209,5.782e-62,0.415
FW_TWAS_rep_2,GCA_044369385.1,JBIPLY010000247.1,dppA,160,7.8e-43,0.288
FW_TWAS_rep_2,GCA_044369385.1,JBIPLY010000159.1,dppC,145,4.284e-40,0.413
FW_TWAS_rep_2,GCA_044369385.1,JBIPLY010000364.1,fadE,147,2.555e-39,0.329
FW_TWAS_rep_2,GCA_044369385.1,JBIPLY010000424.1,acs,59,3.97e-11,0.234
FW_TWAS_rep_2,GCA_044369385.1,JBIPLY010000324.1,oppA,178,7.52e-49,0.3
FW_TWAS_rep_2,GCA_044369385.1,JBIPLY010000412.1,crt,134,2.87e-36,0.37
FW_TWAS_rep_2,GCA_044369385.1,JBIPLY010000087.1,oppB,206,2.986e-60,0.393
FW_TWAS_rep_2,GCA_044369385.1,JBIPLY010000187.1,hydA,100,1.078e-23,0.299
FW_TWAS_rep_2,GCA_044369385.1,JBIPLY010000199.1,frhG,42,4.192e-7,0.372
FW_TWAS_rep_2,GCA_044369385.1,JBIPLY010000541.1,oppB,184,7.235e-55,0.455
FW_TWAS_rep_2,GCA_044369385.1,JBIPLY010000009.1,dppB,294,2.652e-90,0.495
FW_TWAS_rep_2,GCA_044369385.1,JBIPLY010000230.1,oppB,214,1.485e-63,0.419
FW_TWAS_rep_2,GCA_044369385.1,JBIPLY010000536.1,dppA,146,3.311e-38,0.269
FW_TWAS_rep_2,GCA_044369385.1,JBIPLY010000097.1,etfA,79,6.449e-18,0.323
FW_TWAS_rep_2,GCA_044369385.1,JBIPLY010000052.1,oppB,182,3.102e-52,0.4
FW_TWAS_rep_2,GCA_044369385.1,JBIPLY010000002.1,oppA,113,6.893e-27,0.263
FW_TWAS_rep_2,GCA_044369385.1,JBIPLY010000365.1,pepA,402,1.011e-124,0.513
FW_TWAS_rep_2,GCA_044369385.1,JBIPLY010000080.1,oppA,139,3.326e-36,0.287
FW_TWAS_rep_2,GCA_044369385.1,JBIPLY010000112.1,dppC,211,1.153e-61,0.419
FW_TWAS_rep_2,GCA_044369385.1,JBIPLY010000164.1,crt,117,6.724e-31,0.34
FW_TWAS_rep_2,GCA_044369385.1,JBIPLY010000363.1,mer,83,2.08e-19,0.319
FW_TWAS_rep_2,GCA_044369385.1,JBIPLY010000009.1,oppB,218,2.966e-64,0.454
FW_TWAS_rep_2,GCA_044369385.1,JBIPLY010000324.1,oppB,205,2.222e-60,0.398
FW_TWAS_rep_2,GCA_044369385.1,JBIPLY010000515.1,acylglycerol_lipase,44,1.548e-6,0.259
FW_TWAS_rep_2,GCA_044369385.1,JBIPLY010000094.1,dppC,228,1.338e-68,0.452
FW_TWAS_rep_2,GCA_044369385.1,JBIPLY010000335.1,bcd,121,1.903e-30,0.318
FW_TWAS_rep_2,GCA_044369385.1,JBIPLY010000153.1,crt,181,1.362e-52,0.436
FW_TWAS_rep_2,GCA_044369385.1,JBIPLY010000105.1,etfA,71,3.288e-15,0.28
FW_TWAS_rep_2,GCA_044369385.1,JBIPLY010000078.1,dppC,175,1.275e-50,0.391
FW_TWAS_rep_2,GCA_044369385.1,JBIPLY010000225.1,bcd,275,1.518e-83,0.431
FW_TWAS_rep_2,GCA_044369385.1,JBIPLY010000334.1,acylglycerol_lipase,59,2.992e-11,0.248
FW_TWAS_rep_2,GCA_044369385.1,JBIPLY010000159.1,oppB,124,2.443e-34,0.423
FW_TWAS_rep_2,GCA_044369385.1,JBIPLY010000445.1,dppA,68,2.525e-14,0.258
FW_TWAS_rep_2,GCA_044369385.1,JBIPLY010000042.1,dppA,108,8.39e-26,0.249
FW_TWAS_rep_2,GCA_044369385.1,JBIPLY010000001.1,crt,151,2.488e-42,0.375
FW_TWAS_rep_2,GCA_044369385.1,JBIPLY010000005.1,acylglycerol_lipase,42,4.029e-6,0.319
FW_TWAS_rep_2,GCA_044369385.1,JBIPLY010000080.1,dppA,155,2.791e-41,0.281
FW_TWAS_rep_2,GCA_044369385.1,JBIPLY010000536.1,oppA,120,4.672e-30,0.282
FW_TWAS_rep_2,GCA_044369385.1,JBIPLY010000402.1,etfA,94,1.362e-23,0.35
FW_TWAS_rep_2,GCA_044369385.1,JBIPLY010000074.1,pepQ,191,1.902e-52,0.356
FW_TWAS_rep_2,GCA_044369385.1,JBIPLY010000402.1,crt,174,7.032e-47,0.41
FW_TWAS_rep_2,GCA_044369385.1,JBIPLY010000356.1,bcd,110,2.106e-27,0.282
FW_TWAS_rep_2,GCA_044369385.1,JBIPLY010000311.1,fadA,297,7.751e-91,0.489
FW_TWAS_rep_2,GCA_044369385.1,JBIPLY010000130.1,bcd,88,6.38e-21,0.268
FW_TWAS_rep_2,GCA_044369385.1,JBIPLY010000094.1,dppB,247,7.926e-75,0.415
FW_TWAS_rep_2,GCA_044369385.1,JBIPLY010000094.1,oppB,235,9.404e-71,0.454
FW_TWAS_rep_2,GCA_044369385.1,JBIPLY010000513.1,fadE,241,8.204e-72,0.405
FW_TWAS_rep_2,GCA_044369385.1,JBIPLY010000037.1,fadB,199,5.548e-55,0.42
FW_TWAS_rep_2,GCA_044369385.1,JBIPLY010000142.1,bcd,63,9.924e-13,0.246
FW_TWAS_rep_2,GCA_044369385.1,JBIPLY010000216.1,acs,427,6.068e-136,0.553
FW_TWAS_rep_2,GCA_044369385.1,JBIPLY010000173.1,crt,110,6.595e-27,0.28
FW_TWAS_rep_2,GCA_044369385.1,JBIPLY010000211.1,dppC,196,1.894e-54,0.469
FW_TWAS_rep_2,GCA_044369385.1,JBIPLY010000348.1,dppA,104,4.874e-25,0.252
FW_TWAS_rep_2,GCA_044369385.1,JBIPLY010000051.1,dppA,105,2.187e-25,0.248
FW_TWAS_rep_2,GCA_044369385.1,JBIPLY010000311.1,thl,386,2.702e-121,0.567
FW_TWAS_rep_2,GCA_044369385.1,JBIPLY010000092.1,crt,114,3.332e-29,0.352
FW_TWAS_rep_2,GCA_044369385.1,JBIPLY010000097.1,oppA,159,3.165e-41,0.267
FW_TWAS_rep_2,GCA_044369385.1,JBIPLY010000417.1,frhG,41,2.2e-6,0.24
FW_TWAS_rep_2,GCA_044369385.1,JBIPLY010000069.1,oppB,199,1.804e-57,0.425
FW_TWAS_rep_2,GCA_044369385.1,JBIPLY010000021.1,dppA,76,2.789e-16,0.235
FW_TWAS_rep_2,GCA_044369385.1,JBIPLY010000198.1,acs,138,1.198e-35,0.285
FW_TWAS_rep_2,GCA_044369385.1,JBIPLY010000119.1,dppA,137,1.841e-34,0.28
FW_TWAS_rep_2,GCA_044369385.1,JBIPLY010000159.1,adhE,143,3.114e-38,0.315
FW_TWAS_rep_2,GCA_044369385.1,JBIPLY010000064.1,dppA,73,1.051e-15,0.225
FW_TWAS_rep_2,GCA_044369385.1,JBIPLY010000094.1,dppA,93,1.702e-21,0.269
FW_TWAS_rep_2,GCA_044369385.1,JBIPLY010000198.1,fadD,207,2.1e-58,0.352
FW_TWAS_rep_2,GCA_044369385.1,JBIPLY010000195.1,crt,116,9.146e-31,0.364
FW_TWAS_rep_2,GCA_044369385.1,JBIPLY010000057.1,dppB,241,8.09e-71,0.441
FW_TWAS_rep_2,GCA_044369385.1,JBIPLY010000073.1,fdhA,100,4.629e-23,0.232
FW_TWAS_rep_2,GCA_044369385.1,JBIPLY010000033.1,mer,46,6.006e-7,0.257
FW_TWAS_rep_2,GCA_044369385.1,JBIPLY010000163.1,oppA,108,6.956e-26,0.282
FW_TWAS_rep_2,GCA_044369385.1,JBIPLY010000064.1,oppB,246,1.482e-74,0.453
FW_TWAS_rep_2,GCA_044369385.1,JBIPLY010000023.1,fadD,226,4.727e-64,0.31
FW_TWAS_rep_2,GCA_044369385.1,JBIPLY010000163.1,oppB,173,4.82e-46,0.381
FW_TWAS_rep_2,GCA_044369385.1,JBIPLY010000199.1,frhB,41,1.034e-6,0.392
FW_TWAS_rep_2,GCA_044369385.1,JBIPLY010000522.1,pyk,346,2.083e-106,0.439
FW_TWAS_rep_2,GCA_044369385.1,JBIPLY010000001.1,oppA,83,3.8e-18,0.223
FW_TWAS_rep_2,GCA_044369385.1,JBIPLY010000183.1,dppC,165,8.941e-44,0.422
FW_TWAS_rep_2,GCA_044369385.1,JBIPLY010000199.1,hydA,49,1.783e-9,0.342
FW_TWAS_rep_2,GCA_044369385.1,JBIPLY010000513.1,bcd,299,1.001e-91,0.428
FW_TWAS_rep_2,GCA_044369385.1,JBIPLY010000078.1,oppB,237,2.659e-69,0.449
FW_TWAS_rep_2,GCA_044369385.1,JBIPLY010000023.1,dppA,151,1.369e-39,0.27
FW_TWAS_rep_2,GCA_044369385.1,JBIPLY010000106.1,oppB,125,3.191e-36,0.491
FW_TWAS_rep_2,GCA_044369385.1,JBIPLY010000425.1,oppA,106,5.64e-26,0.261
FW_TWAS_rep_2,GCA_044369385.1,JBIPLY010000481.1,frhG,50,1.236e-9,0.304
FW_TWAS_rep_2,GCA_044369385.1,JBIPLY010000252.1,fadD,59,2.389e-11,0.274
FW_TWAS_rep_2,GCA_044369385.1,JBIPLY010000117.1,crt,162,4.333e-45,0.372
FW_TWAS_rep_2,GCA_044369385.1,JBIPLY010000225.1,fadE,280,3.578e-85,0.468
FW_TWAS_rep_2,GCA_044369385.1,JBIPLY010000110.1,bcd,205,1.537e-57,0.346
FW_TWAS_rep_2,GCA_044369385.1,JBIPLY010000145.1,hbd,181,3.162e-52,0.472
FW_TWAS_rep_2,GCA_044369385.1,JBIPLY010000538.1,fadB,103,2.582e-26,0.348
FW_TWAS_rep_2,GCA_044369385.1,JBIPLY010000042.1,fadE,241,6.97e-70,0.405
FW_TWAS_rep_2,GCA_044369385.1,JBIPLY010000005.1,adh,48,4.033e-8,0.245
FW_TWAS_rep_2,GCA_044369385.1,JBIPLY010000088.1,oppA,104,4.783e-25,0.25
FW_TWAS_rep_2,GCA_044369385.1,JBIPLY010000329.1,esterase,61,3.008e-12,0.38
FW_TWAS_rep_2,GCA_044369385.1,JBIPLY010000477.1,oppA,100,6.581e-24,0.24
FW_TWAS_rep_2,GCA_044369385.1,JBIPLY010000153.1,fadD,90,1.179e-20,0.28
FW_TWAS_rep_2,GCA_044369385.1,JBIPLY010000079.1,dppA,100,6.724e-24,0.239
FW_TWAS_rep_2,GCA_044369385.1,JBIPLY010000349.1,oppA,156,1.153e-41,0.271
FW_TWAS_rep_2,GCA_044369385.1,JBIPLY010000008.1,edd,201,1.452e-55,0.31
FW_TWAS_rep_2,GCA_044369385.1,JBIPLY010000251.1,dppB,175,1.064e-49,0.323
FW_TWAS_rep_2,GCA_044369385.1,JBIPLY010000098.1,dppA,74,7.882e-16,0.256
FW_TWAS_rep_2,GCA_044369385.1,JBIPLY010000445.1,esterase,193,6.779e-54,0.336
FW_TWAS_rep_2,GCA_044369385.1,JBIPLY010000528.1,pepQ,55,1.993e-10,0.27
FW_TWAS_rep_2,GCA_044369385.1,JBIPLY010000454.1,dppA,107,5.438e-26,0.252
FW_TWAS_rep_2,GCA_044369385.1,JBIPLY010000041.1,dppA,122,1.002e-30,0.265
FW_TWAS_rep_2,GCA_044369385.1,JBIPLY010000203.1,dppA,87,5.835e-20,0.25
FW_TWAS_rep_2,GCA_044369385.1,JBIPLY010000002.1,dppA,116,7.615e-28,0.255
FW_TWAS_rep_2,GCA_044369385.1,JBIPLY010000153.1,etfA,116,1.632e-30,0.347
FW_TWAS_rep_2,GCA_044369385.1,JBIPLY010000155.1,esterase,53,1.847e-9,0.281
FW_TWAS_rep_2,GCA_044369385.1,JBIPLY010000068.1,mer,84,7.066e-19,0.309
FW_TWAS_rep_2,GCA_044369385.1,JBIPLY010000532.1,esterase,163,9.419e-46,0.412
FW_TWAS_rep_2,GCA_044369385.1,JBIPLY010000097.1,dppA,179,1.582e-47,0.286
FW_TWAS_rep_2,GCA_044369385.1,JBIPLY010000064.1,dppB,223,1.171e-66,0.407
FW_TWAS_rep_2,GCA_044369385.1,JBIPLY010000051.1,etfA,142,1.109e-39,0.356
FW_TWAS_rep_2,GCA_044369385.1,JBIPLY010000002.1,oppB,220,1.946e-65,0.454
FW_TWAS_rep_2,GCA_044369385.1,JBIPLY010000276.1,fadB,63,3.754e-13,0.351
FW_TWAS_rep_2,GCA_044369385.1,JBIPLY010000012.1,fadE,70,1.075e-14,0.353
FW_TWAS_rep_2,GCA_044369385.1,JBIPLY010000121.1,dppA,101,4.233e-24,0.262
FW_TWAS_rep_2,GCA_044369385.1,JBIPLY010000064.1,oppA,82,2.072e-18,0.237
FW_TWAS_rep_2,GCA_044369385.1,JBIPLY010000071.1,pepN,417,2.891e-124,0.422
FW_TWAS_rep_2,GCA_044369385.1,JBIPLY010000110.1,crt,158,4.859e-45,0.396
FW_TWAS_rep_2,GCA_044369385.1,JBIPLY010000069.1,dppC,168,6.614e-47,0.431
FW_TWAS_rep_2,GCA_044369385.1,JBIPLY010000468.1,pepT,56,3.113e-11,0.3
FW_TWAS_rep_2,GCA_044369385.1,JBIPLY010000005.1,oppA,125,1.062e-31,0.25
FW_TWAS_rep_2,GCA_044369385.1,JBIPLY010000048.1,bcd,128,4.343e-33,0.259
FW_TWAS_rep_2,GCA_044369385.1,JBIPLY010000184.1,hbd,233,9.467e-65,0.335
FW_TWAS_rep_2,GCA_044369385.1,JBIPLY010000291.1,dppB,258,2.743e-78,0.419
FW_TWAS_rep_2,GCA_044369385.1,JBIPLY010000013.1,acs,507,1.595e-155,0.435
FW_TWAS_rep_2,GCA_044369385.1,JBIPLY010000078.1,oppA,115,3.741e-28,0.242
FW_TWAS_rep_2,GCA_044369385.1,JBIPLY010000183.1,oppA,92,3.063e-21,0.257
FW_TWAS_rep_2,GCA_044369385.1,JBIPLY010000165.1,crt,136,6.325e-36,0.386
FW_TWAS_rep_2,GCA_044369385.1,JBIPLY010000163.1,dppB,207,1.24e-56,0.407
FW_TWAS_rep_2,GCA_044369385.1,JBIPLY010000169.1,dppA,141,1.012e-36,0.263
FW_TWAS_rep_2,GCA_044369385.1,JBIPLY010000042.1,bcd,184,5.508e-51,0.34
FW_TWAS_rep_2,GCA_044369385.1,JBIPLY010000149.1,pepA,181,1.737e-53,0.468
FW_TWAS_rep_2,GCA_044369385.1,JBIPLY010000053.1,oppB,194,1.795e-56,0.39
FW_TWAS_rep_2,GCA_044369385.1,JBIPLY010000330.1,oppA,66,4.998e-13,0.234
FW_TWAS_rep_2,GCA_044369385.1,JBIPLY010000067.1,oppA,88,5.091e-20,0.24
FW_TWAS_rep_2,GCA_044369385.1,JBIPLY010000538.1,crt,142,1.373e-39,0.382
FW_TWAS_rep_2,GCA_044369385.1,JBIPLY010000034.1,dppA,90,8.989e-21,0.252
FW_TWAS_rep_2,GCA_044369385.1,JBIPLY010000304.1,fadE,193,5.232e-53,0.334
FW_TWAS_rep_2,GCA_044369385.1,JBIPLY010000035.1,mer,85,1.635e-19,0.281
FW_TWAS_rep_2,GCA_044369385.1,JBIPLY010000211.1,oppA,152,4.398e-39,0.304
FW_TWAS_rep_2,GCA_044369385.1,JBIPLY010000172.1,dppB,163,2.307e-42,0.322
FW_TWAS_rep_2,GCA_044369385.1,JBIPLY010000183.1,dppA,105,2.36e-27,0.314
FW_TWAS_rep_2,GCA_044369385.1,JBIPLY010000153.1,fadE,229,2.776e-66,0.424
FW_TWAS_rep_2,GCA_044369385.1,JBIPLY010000102.1,fadD,153,1.932e-40,0.279
FW_TWAS_rep_2,GCA_044369385.1,JBIPLY010000559.1,dppA,91,4.587e-21,0.255
FW_TWAS_rep_2,GCA_044369385.1,JBIPLY010000265.1,mer,90,4.958e-21,0.325
FW_TWAS_rep_2,GCA_044369385.1,JBIPLY010000008.1,sucD,381,1.603e-117,0.685
FW_TWAS_rep_2,GCA_044369385.1,JBIPLY010000034.1,dppB,232,8.209e-70,0.433
FW_TWAS_rep_2,GCA_044369385.1,JBIPLY010000048.1,adh,55,3.245e-10,0.266
FW_TWAS_rep_2,GCA_044369385.1,JBIPLY010000247.1,dppC,225,1.055e-66,0.461
FW_TWAS_rep_2,GCA_044369385.1,JBIPLY010000019.1,dppC,236,1.713e-67,0.466
FW_TWAS_rep_2,GCA_044369385.1,JBIPLY010000088.1,dppA,101,4.609e-24,0.249
FW_TWAS_rep_2,GCA_044369385.1,JBIPLY010000514.1,fadD,79,3.101e-18,0.331
FW_TWAS_rep_2,GCA_044369385.1,JBIPLY010000452.1,fadD,119,1.371e-30,0.302
FW_TWAS_rep_2,GCA_044369385.1,JBIPLY010000053.1,dppC,220,2.119e-64,0.486
FW_TWAS_rep_2,GCA_044369385.1,JBIPLY010000364.1,dppA,93,1.989e-22,0.318
FW_TWAS_rep_2,GCA_044369385.1,JBIPLY010000426.1,oppA,82,3.423e-18,0.214
FW_TWAS_rep_2,GCA_044369385.1,JBIPLY010000012.1,dppA,121,1.981e-30,0.265
FW_TWAS_rep_2,GCA_044369385.1,JBIPLY010000093.1,mer,60,2.025e-11,0.333
FW_TWAS_rep_2,GCA_044369385.1,JBIPLY010000237.1,prdB,83,2.749e-21,0.373
FW_TWAS_rep_2,GCA_044369385.1,JBIPLY010000035.1,dppA,87,8.41e-20,0.243
FW_TWAS_rep_2,GCA_044369385.1,JBIPLY010000184.1,fadB,396,8.963e-119,0.371
FW_TWAS_rep_2,GCA_044369385.1,JBIPLY010000425.1,dppA,91,2.37e-21,0.258
FW_TWAS_rep_2,GCA_044369385.1,JBIPLY010000169.1,fadB,97,1.68e-22,0.371
FW_TWAS_rep_2,GCA_044369385.1,JBIPLY010000211.1,oppB,239,3.4e-67,0.444
FW_TWAS_rep_2,GCA_044369385.1,JBIPLY010000169.1,oppA,123,7.376e-31,0.252
FW_TWAS_rep_2,GCA_044369385.1,JBIPLY010000009.1,dppC,247,4.062e-73,0.49
FW_TWAS_rep_2,GCA_044369385.1,JBIPLY010000002.1,dppC,232,1.748e-69,0.424
FW_TWAS_rep_2,GCA_044369385.1,JBIPLY010000145.1,bcd,70,5.071e-16,0.359
FW_TWAS_rep_2,GCA_044369385.1,JBIPLY010000069.1,dppB,168,2.818e-47,0.336
FW_TWAS_rep_2,GCA_044369385.1,JBIPLY010000159.1,dppB,106,5.539e-28,0.364
FW_TWAS_rep_2,GCA_044369385.1,JBIPLY010000527.1,pepT,66,3.192e-14,0.294
FW_TWAS_rep_2,GCA_044369385.1,JBIPLY010000263.1,dppA,100,1.3e-23,0.241
FW_TWAS_rep_2,GCA_044369385.1,JBIPLY010000635.1,dppC,175,4.72e-48,0.42
FW_TWAS_rep_2,GCA_044369385.1,JBIPLY010000183.1,dppB,166,7.232e-45,0.363
FW_TWAS_rep_2,GCA_044369385.1,JBIPLY010000587.1,fadA,311,1.561e-95,0.478
FW_TWAS_rep_2,GCA_044369385.1,JBIPLY010000274.1,acs,130,1.549e-35,0.35
FW_TWAS_rep_2,GCA_044369385.1,JBIPLY010000051.1,fadB,104,1.113e-26,0.349
FW_TWAS_rep_2,GCA_044369385.1,JBIPLY010000165.1,fadE,144,2.052e-38,0.332
FW_TWAS_rep_2,GCA_044369385.1,JBIPLY010000195.1,etfA,98,8.831e-25,0.351
FW_TWAS_rep_2,GCA_044369385.1,JBIPLY010000107.1,fadE,143,2.434e-38,0.344
FW_TWAS_rep_2,GCA_044369385.1,JBIPLY010000302.1,bcd,192,1.987e-55,0.332
FW_TWAS_rep_2,GCA_044369385.1,JBIPLY010000184.1,cat,193,2.101e-57,0.465
FW_TWAS_rep_2,GCA_044369385.1,JBIPLY010000409.1,dppA,171,5.229e-46,0.294
FW_TWAS_rep_2,GCA_044369385.1,JBIPLY010000541.1,dppC,149,9.476e-43,0.405
FW_TWAS_rep_2,GCA_044369385.1,JBIPLY010000059.1,mer,113,1.262e-28,0.323
FW_TWAS_rep_2,GCA_044369385.1,JBIPLY010000107.1,bcd,115,3.209e-29,0.283
FW_TWAS_rep_2,GCA_044369385.1,JBIPLY010000110.1,fadD,183,4.867e-50,0.31
FW_TWAS_rep_2,GCA_044369385.1,JBIPLY010000027.1,oppA,142,5.284e-37,0.275
FW_TWAS_rep_2,GCA_044369385.1,JBIPLY010000041.1,dppC,160,2.297e-45,0.414
FW_TWAS_rep_2,GCA_044369385.1,JBIPLY010000513.1,acs,91,1.512e-23,0.45
FW_TWAS_rep_2,GCA_044369385.1,JBIPLY010000266.1,fwdA,46,5.186e-7,0.39
FW_TWAS_rep_2,GCA_044369385.1,JBIPLY010000200.1,crt,145,9.051e-38,0.398
FW_TWAS_rep_2,GCA_044369385.1,JBIPLY010000020.1,mmcG,46,1.786e-8,0.317
FW_TWAS_rep_2,GCA_044369385.1,JBIPLY010000087.1,dppB,258,5.635e-78,0.422
FW_TWAS_rep_2,GCA_044369385.1,JBIPLY010000001.1,dppA,91,1.148e-20,0.269
FW_TWAS_rep_2,GCA_044369385.1,JBIPLY010000110.1,adh,54,3.813e-10,0.356
FW_TWAS_rep_2,GCA_044369385.1,JBIPLY010000356.1,fadE,126,8.79e-33,0.313
FW_TWAS_rep_2,GCA_044369385.1,JBIPLY010000409.1,oppA,170,7.018e-46,0.298
FW_TWAS_rep_2,GCA_044369385.1,JBIPLY010000225.1,fadD,71,9.244e-15,0.277
FW_TWAS_rep_2,GCA_044369385.1,JBIPLY010000027.1,oppB,177,1.091e-50,0.401
FW_TWAS_rep_2,GCA_044369385.1,JBIPLY010000230.1,dppC,108,1.615e-29,0.417
FW_TWAS_rep_2,GCA_044369385.1,JBIPLY010000062.1,bcd,119,1.512e-29,0.28
FW_TWAS_rep_2,GCA_044369385.1,JBIPLY010000145.1,acs,105,3.183e-25,0.314
FW_TWAS_rep_2,GCA_044369385.1,JBIPLY010000295.1,dppC,260,1.431e-75,0.487
FW_TWAS_rep_2,GCA_044369385.1,JBIPLY010000335.1,fadE,90,1.32e-20,0.286
FW_TWAS_rep_2,GCA_044369385.1,JBIPLY010000052.1,dppB,273,1.567e-83,0.487
FW_TWAS_rep_2,GCA_044369385.1,JBIPLY010000057.1,dppA,93,5.28e-21,0.225
FW_TWAS_rep_2,GCA_044369385.1,JBIPLY010000112.1,dppB,266,1.089e-80,0.441
FW_TWAS_rep_2,GCA_044369385.1,JBIPLY010000303.1,dppC,51,8.968e-12,0.5
FW_TWAS_rep_2,GCA_044369385.1,JBIPLY010000252.1,acs,72,1.641e-15,0.281
FW_TWAS_rep_2,GCA_044369385.1,JBIPLY010000587.1,thl,333,3.833e-103,0.475
FW_TWAS_rep_2,GCA_044369385.1,JBIPLY010000049.1,fadD,100,1.615e-25,0.345
FW_TWAS_rep_2,GCA_044369385.1,JBIPLY010000635.1,oppB,188,1.695e-54,0.38
FW_TWAS_rep_2,GCA_044369385.1,JBIPLY010000051.1,crt,301,2.209e-94,0.607
FW_TWAS_rep_2,GCA_044369385.1,JBIPLY010000106.1,dppC,117,2.427e-33,0.459
FW_TWAS_rep_2,GCA_044369385.1,JBIPLY010000019.1,dppA,138,7.367e-37,0.318
FW_TWAS_rep_2,GCA_044369385.1,JBIPLY010000304.1,bcd,151,1.838e-39,0.268
FW_TWAS_rep_2,GCA_044369385.1,JBIPLY010000019.1,oppA,115,3.652e-29,0.292
FW_TWAS_rep_2,GCA_044369385.1,JBIPLY010000223.1,pepA,55,1.069e-10,0.357
FW_TWAS_rep_2,GCA_044369385.1,JBIPLY010000092.1,fadB,55,3.664e-10,0.27
FW_TWAS_rep_2,GCA_044369385.1,JBIPLY010000147.1,fdhA,230,3.827e-69,0.441
FW_TWAS_rep_2,GCA_044369385.1,JBIPLY010000105.1,crt,136,1.764e-36,0.364
FW_TWAS_rep_2,GCA_044369385.1,JBIPLY010000428.1,dppA,92,2.731e-21,0.26
FW_TWAS_rep_2,GCA_044369385.1,JBIPLY010000112.1,dppA,214,8.739e-61,0.326
FW_TWAS_rep_2,GCA_044369385.1,JBIPLY010000153.1,acs,70,1.903e-14,0.274
FW_TWAS_rep_2,GCA_044369385.1,JBIPLY010000027.1,dppA,148,6.597e-39,0.261
FW_TWAS_rep_2,GCA_044369385.1,JBIPLY010000302.1,fadE,218,2.559e-64,0.405
FW_TWAS_rep_2,GCA_044369385.1,JBIPLY010000045.1,acs,55,3.013e-10,0.276
FW_TWAS_rep_2,GCA_044369385.1,JBIPLY010000400.1,fdhA,99,5.064e-23,0.239
FW_TWAS_rep_2,GCA_044369385.1,JBIPLY010000412.1,etfA,75,1.022e-16,0.295
FW_TWAS_rep_2,GCA_044369385.1,JBIPLY010000056.1,folD,279,8.803e-85,0.561
FW_TWAS_rep_2,GCA_044369385.1,JBIPLY010000556.1,dppA,71,8.666e-15,0.202
FW_TWAS_rep_2,GCA_044369385.1,JBIPLY010000037.1,hbd,291,9.299e-86,0.535
FW_TWAS_rep_2,GCA_044369385.1,JBIPLY010000308.1,crt,162,9.059e-44,0.402
FW_TWAS_rep_2,GCA_044369385.1,JBIPLY010000295.1,oppA,171,1.746e-46,0.281
FW_TWAS_rep_2,GCA_044369385.1,JBIPLY010000019.1,dppB,252,1.855e-76,0.426
FW_TWAS_rep_2,GCA_044369385.1,JBIPLY010000157.1,mer,56,1.157e-10,0.284
FW_TWAS_rep_2,GCA_044369385.1,JBIPLY010000276.1,hbd,91,9.529e-23,0.315
FW_TWAS_rep_2,GCA_044369385.1,JBIPLY010000008.1,sucC,400,1.165e-124,0.541
FW_TWAS_rep_2,GCA_044369385.1,JBIPLY010000012.1,crt,125,1.552e-33,0.329
FW_TWAS_rep_2,GCA_044369385.1,JBIPLY010000238.1,pepT,57,6.347e-11,0.319
FW_TWAS_rep_2,GCA_044369385.1,JBIPLY010000097.1,crt,128,7.21e-34,0.339
FW_TWAS_rep_2,GCA_044369385.1,JBIPLY010000502.1,acylglycerol_lipase,40,1.439e-6,0.397
FW_TWAS_rep_2,GCA_044369385.1,JBIPLY010000057.1,oppA,146,2.349e-37,0.287
FW_TWAS_rep_2,GCA_044369385.1,JBIPLY010000549.1,lctD,91,1.262e-22,0.358
FW_TWAS_rep_2,GCA_044369385.1,JBIPLY010000058.1,dppA,132,1.47e-33,0.284
FW_TWAS_rep_2,GCA_044369385.1,JBIPLY010000515.1,fadE,50,9.386e-9,0.38
FW_TWAS_rep_2,GCA_044369385.1,JBIPLY010000053.1,oppA,211,7.627e-60,0.346
FW_TWAS_rep_2,GCA_044369385.1,JBIPLY010000165.1,etfA,76,8.491e-17,0.302
FW_TWAS_rep_2,GCA_044369385.1,JBIPLY010000291.1,dppC,111,7.341e-28,0.393
FW_TWAS_rep_2,GCA_044369385.1,JBIPLY010000045.1,fadD,59,3.193e-11,0.263
FW_TWAS_rep_2,GCA_044369385.1,JBIPLY010000454.1,oppA,94,6.03e-22,0.246
FW_TWAS_rep_2,GCA_044369385.1,JBIPLY010000402.1,fadB,90,3.884e-22,0.344
FW_TWAS_rep_2,GCA_044369385.1,JBIPLY010000005.1,dppA,76,4.5e-16,0.234
FW_TWAS_rep_2,GCA_044369385.1,JBIPLY010000048.1,pepT,87,4.466e-20,0.282
FW_TWAS_rep_2,GCA_044369385.1,JBIPLY010000038.1,extracellular_protease,107,1.566e-25,0.299
FW_TWAS_rep_2,GCA_044369385.1,JBIPLY010000037.1,etfA,314,9.007e-97,0.611
FW_TWAS_rep_2,GCA_044369385.1,JBIPLY010000635.1,dppB,224,1.159e-66,0.426
FW_TWAS_rep_2,GCA_044369385.1,JBIPLY010000019.1,oppB,231,6.518e-66,0.456
FW_TWAS_rep_2,GCA_044369385.1,JBIPLY010000048.1,fadE,151,6.887e-41,0.292
FW_TWAS_rep_2,GCA_044369385.1,JBIPLY010000142.1,cat,210,9.386e-64,0.504
FW_TWAS_rep_2,GCA_044369385.1,JBIPLY010000051.1,oppA,108,3.008e-26,0.262
FW_TWAS_rep_2,GCA_044369385.1,JBIPLY010000049.1,hbd,113,5.07e-29,0.375
FW_TWAS_rep_2,GCA_044369385.1,JBIPLY010000229.1,dppA,85,1.362e-18,0.242
FW_TWAS_rep_2,GCA_044369385.1,JBIPLY010000324.1,dppC,190,6.215e-53,0.407
FW_TWAS_rep_2,GCA_044369385.1,JBIPLY010000165.1,bcd,132,1.203e-34,0.285
FW_TWAS_rep_2,GCA_044369385.1,JBIPLY010000538.1,etfA,94,2.132e-23,0.312
FW_TWAS_rep_2,GCA_044369385.1,JBIPLY010000012.1,oppB,218,6.546e-65,0.4
FW_TWAS_rep_2,GCA_044369385.1,JBIPLY010000234.1,fdhA,186,5.139e-51,0.3
FW_TWAS_rep_2,GCA_044369385.1,JBIPLY010000230.1,dppA,85,3.287e-19,0.24
FW_TWAS_rep_2,GCA_044369385.1,JBIPLY010000112.1,oppB,211,7.183e-62,0.396
FW_TWAS_rep_2,GCA_044369385.1,JBIPLY010000023.1,acs,145,1.524e-37,0.255
FW_TWAS_rep_2,GCA_044369385.1,JBIPLY010000153.1,fadB,93,1.048e-22,0.319
FW_TWAS_rep_2,GCA_044369385.1,JBIPLY010000059.1,etfA,94,2.511e-21,0.303
FW_TWAS_rep_2,GCA_044369385.1,JBIPLY010000069.1,dppA,69,4.914e-14,0.235
FW_TWAS_rep_2,GCA_044369385.1,JBIPLY010000035.1,pepT,217,1.171e-62,0.372
FW_TWAS_rep_2,GCA_044369385.1,JBIPLY010000555.1,cat,42,9.157e-9,0.446
FW_TWAS_rep_2,GCA_044369385.1,JBIPLY010000105.1,oppA,83,1.185e-18,0.237
FW_TWAS_rep_2,GCA_044369385.1,JBIPLY010000193.1,mer,62,4.244e-12,0.255
FW_TWAS_rep_2,GCA_044369385.1,JBIPLY010000025.1,glcP,44,2.056e-6,0.303
FW_TWAS_rep_2,GCA_044369385.1,JBIPLY010000066.1,tdcB,70,1.095e-14,0.324
FW_TWAS_rep_2,GCA_044369385.1,JBIPLY010000027.1,dppC,173,1.474e-45,0.419
FW_TWAS_rep_2,GCA_044369385.1,JBIPLY010000206.1,tdcB,52,6.657e-10,0.289
FW_TWAS_rep_2,GCA_044369385.1,JBIPLY010000124.1,tdcB,292,1.567e-88,0.48
FW_TWAS_rep_2,GCA_044369385.1,JBIPLY010000036.1,crt,114,7.209e-30,0.327
FW_TWAS_rep_2,GCA_044369385.1,JBIPLY010000078.1,dppA,143,5.897e-37,0.255
FW_TWAS_rep_2,GCA_044369385.1,JBIPLY010000130.1,crt,173,4.906e-50,0.387
FW_TWAS_rep_2,GCA_044369385.1,JBIPLY010000211.1,dppB,282,3.163e-81,0.484
FW_TWAS_rep_2,GCA_044369385.1,JBIPLY010000352.1,oppA,52,2.255e-10,0.397
FW_TWAS_rep_2,GCA_044351045.1,JBILGM010000007.1,fwdA,644,1.475e-207,0.571
FW_TWAS_rep_2,GCA_044351045.1,JBILGM010000060.1,adh,59,5.683e-12,0.285
FW_TWAS_rep_2,GCA_044351045.1,JBILGM010000059.1,pta,215,9.371e-60,0.419
FW_TWAS_rep_2,GCA_044351045.1,JBILGM010000001.1,acs,827,6.208e-267,0.64
FW_TWAS_rep_2,GCA_044351045.1,JBILGM010000006.1,fhs,685,1.739e-221,0.617
FW_TWAS_rep_2,GCA_044351045.1,JBILGM010000036.1,pfkA,79,1.663e-17,0.299
FW_TWAS_rep_2,GCA_044351045.1,JBILGM010000002.1,acs,158,1.721e-42,0.313
FW_TWAS_rep_2,GCA_044351045.1,JBILGM010000001.1,fwdA,47,1.133e-7,0.393
FW_TWAS_rep_2,GCA_044351045.1,JBILGM010000035.1,lctC,51,1.111e-8,0.288
FW_TWAS_rep_2,GCA_044351045.1,JBILGM010000010.1,bgl,342,1.668e-104,0.433
FW_TWAS_rep_2,GCA_044351045.1,JBILGM010000013.1,fdhA,57,5.19e-11,0.459
FW_TWAS_rep_2,GCA_044351045.1,JBILGM010000082.1,frhA,158,1.832e-42,0.283
FW_TWAS_rep_2,GCA_044351045.1,JBILGM010000007.1,dppC,115,6.337e-29,0.33
FW_TWAS_rep_2,GCA_044351045.1,JBILGM010000015.1,cazy_GH13,76,3.748e-16,0.279
FW_TWAS_rep_2,GCA_044351045.1,JBILGM010000040.1,pepN,376,2.626e-110,0.379
FW_TWAS_rep_2,GCA_044351045.1,JBILGM010000006.1,susC,59,6.161e-11,0.221
FW_TWAS_rep_2,GCA_044351045.1,JBILGM010000061.1,extracellular_protease,154,6.716e-40,0.36
FW_TWAS_rep_2,GCA_044351045.1,JBILGM010000083.1,ilvE,92,2.352e-22,0.295
FW_TWAS_rep_2,GCA_044351045.1,JBILGM010000038.1,pfkA,97,4.694e-24,0.28
FW_TWAS_rep_2,GCA_044351045.1,JBILGM010000026.1,sucD,319,1.573e-99,0.549
FW_TWAS_rep_2,GCA_044351045.1,JBILGM010000012.1,adhE,134,1.983e-35,0.331
FW_TWAS_rep_2,GCA_044351045.1,JBILGM010000003.1,tdcB,205,1.906e-59,0.408
FW_TWAS_rep_2,GCA_044351045.1,JBILGM010000001.1,fadD,126,1.557e-31,0.274
FW_TWAS_rep_2,GCA_044351045.1,JBILGM010000044.1,tdcB,86,1.109e-19,0.316
FW_TWAS_rep_2,GCA_044351045.1,JBILGM010000054.1,mdh,173,3.01e-49,0.398
FW_TWAS_rep_2,GCA_044351045.1,JBILGM010000036.1,pgi,694,6.475e-225,0.648
FW_TWAS_rep_2,GCA_044351045.1,JBILGM010000070.1,fwdA,585,3.018e-187,0.551
FW_TWAS_rep_2,GCA_044351045.1,JBILGM010000007.1,oppB,145,3.787e-39,0.333
FW_TWAS_rep_2,GCA_044351045.1,JBILGM010000057.1,tdcB,60,1.206e-11,0.258
FW_TWAS_rep_2,GCA_044351045.1,JBILGM010000035.1,lctB,81,4.901e-18,0.263
FW_TWAS_rep_2,GCA_044351045.1,JBILGM010000025.1,extracellular_protease,163,2.307e-42,0.414
FW_TWAS_rep_2,GCA_044351045.1,JBILGM010000001.1,sucC,355,4.024e-111,0.493
FW_TWAS_rep_2,GCA_044351045.1,JBILGM010000009.1,pepQ,199,6.711e-57,0.35
FW_TWAS_rep_2,GCA_044351045.1,JBILGM010000013.1,gapA,330,2.905e-103,0.526
FW_TWAS_rep_2,GCA_044351045.1,JBILGM010000033.1,lysophospholipase,159,5.486e-46,0.367
FW_TWAS_rep_2,GCA_044351045.1,JBILGM010000055.1,endopeptidase,255,1.729e-72,0.418
FW_TWAS_rep_2,GCA_044351045.1,JBILGM010000013.1,pyk,370,2.259e-114,0.464
FW_TWAS_rep_2,GCA_044351045.1,JBILGM010000019.1,pepT,64,5.674e-13,0.247
FW_TWAS_rep_2,GCA_044351045.1,JBILGM010000002.1,fadD,278,1.25e-82,0.38
FW_TWAS_rep_2,GCA_044351045.1,JBILGM010000039.1,frhB,47,3.578e-8,0.377
FW_TWAS_rep_2,GCA_044351045.1,JBILGM010000038.1,aldh,404,2.464e-126,0.479
FW_TWAS_rep_2,GCA_044351045.1,JBILGM010000082.1,mvhA,455,1.318e-143,0.467
FW_TWAS_rep_2,GCA_044351045.1,JBILGM010000007.1,dppA,98,9.179e-23,0.234
FW_TWAS_rep_2,GCA_044351045.1,JBILGM010000013.1,mvhG,122,6.143e-34,0.395
FW_TWAS_rep_2,GCA_044351045.1,JBILGM010000007.1,oppA,131,6.95e-33,0.277
FW_TWAS_rep_2,GCA_044351045.1,JBILGM010000042.1,pta,134,1.041e-33,0.314
FW_TWAS_rep_2,GCA_044351045.1,JBILGM010000100.1,extracellular_protease,150,6.482e-39,0.413
FW_TWAS_rep_2,GCA_044351045.1,JBILGM010000013.1,hydA,69,4.507e-15,0.234
FW_TWAS_rep_2,GCA_044351045.1,JBILGM010000026.1,sucC,390,7.905e-122,0.51
FW_TWAS_rep_2,GCA_044351045.1,JBILGM010000016.1,fdhA,665,5.869e-208,0.425
FW_TWAS_rep_2,GCA_044351045.1,JBILGM010000077.1,fwdA,569,8.486e-182,0.53
FW_TWAS_rep_2,GCA_044351045.1,JBILGM010000009.1,extracellular_protease,182,4.128e-49,0.393
FW_TWAS_rep_2,GCA_044351045.1,JBILGM010000012.1,pepA,379,7.182e-117,0.484
FW_TWAS_rep_2,GCA_044351045.1,JBILGM010000016.1,hydA,113,3.237e-27,0.312
FW_TWAS_rep_2,GCA_044351045.1,JBILGM010000019.1,edd,234,1.991e-66,0.339
FW_TWAS_rep_2,GCA_044351045.1,JBILGM010000059.1,ackA,365,3.816e-114,0.507
FW_TWAS_rep_2,GCA_044351045.1,JBILGM010000033.1,fdhA,418,3.596e-123,0.337
FW_TWAS_rep_2,GCA_044351045.1,JBILGM010000006.1,acs,78,9.651e-17,0.245
FW_TWAS_rep_2,GCA_044351045.1,JBILGM010000003.1,rnfB,40,9.804e-6,0.244
FW_TWAS_rep_2,GCA_044351045.1,JBILGM010000035.1,extracellular_protease,113,1.756e-27,0.32
FW_TWAS_rep_2,GCA_044351045.1,JBILGM010000046.1,pepQ,61,2.529e-12,0.274
FW_TWAS_rep_2,GCA_044351045.1,JBILGM010000021.1,mch,398,2.953e-126,0.621
FW_TWAS_rep_2,GCA_044351045.1,JBILGM010000006.1,fadD,118,6.15e-29,0.323
FW_TWAS_rep_2,GCA_044351045.1,JBILGM010000001.1,sucD,381,1.679e-121,0.651
FW_TWAS_rep_2,GCA_044351045.1,JBILGM010000007.1,ftr,398,4.335e-127,0.652
FW_TWAS_rep_2,GCA_044351045.1,JBILGM010000003.1,fdhA,571,8.608e-180,0.432
FW_TWAS_rep_2,GCA_044351045.1,JBILGM010000055.1,ilvE,150,8.366e-42,0.351
FW_TWAS_rep_2,GCA_044351045.1,JBILGM010000006.1,acylglycerol_lipase,106,1.638e-26,0.29
FW_TWAS_rep_2,GCA_044351045.1,JBILGM010000007.1,dppB,141,7.894e-38,0.305
FW_TWAS_rep_2,GCA_044351045.1,JBILGM010000006.1,lysophospholipase,74,2.943e-16,0.287
FW_TWAS_rep_2,GCA_044351045.1,JBILGM010000039.1,rnfB,192,1.139e-57,0.583
FW_TWAS_rep_2,GCA_044351045.1,JBILGM010000008.1,endopeptidase,263,3.201e-78,0.392
FW_TWAS_rep_2,GCA_044351045.1,JBILGM010000013.1,frhG,89,1.156e-22,0.335
FW_TWAS_rep_2,GCA_044351045.1,JBILGM010000002.1,crt,44,6.734e-7,0.392
FW_TWAS_rep_2,GCA_044351045.1,JBILGM010000003.1,hydA,100,1.252e-25,0.293
FW_TWAS_rep_2,GCA_044351045.1,JBILGM010000039.1,cdhC,41,2.868e-6,0.323
FW_TWAS_rep_2,GCA_044351045.1,JBILGM010000038.1,adhE,439,1.416e-138,0.497
FW_TWAS_rep_2,GCA_964560345.1,CAZLLP010000010.1,crt,143,1.981e-39,0.363
FW_TWAS_rep_2,GCA_964560345.1,CAZLLP010000155.1,crt,119,4.764e-31,0.323
FW_TWAS_rep_2,GCA_964560345.1,CAZLLP010000049.1,oppA,124,4.942e-31,0.274
FW_TWAS_rep_2,GCA_964560345.1,CAZLLP010000117.1,acs,140,2.748e-36,0.3
FW_TWAS_rep_2,GCA_964560345.1,CAZLLP010000135.1,xylF,48,7.017e-8,0.248
FW_TWAS_rep_2,GCA_964560345.1,CAZLLP010000020.1,oppA,147,3.329e-38,0.305
FW_TWAS_rep_2,GCA_964560345.1,CAZLLP010000169.1,tdcB,271,4.181e-83,0.514
FW_TWAS_rep_2,GCA_964560345.1,CAZLLP010000002.1,sucD,48,1.796e-7,0.26
FW_TWAS_rep_2,GCA_964560345.1,CAZLLP010000003.1,fadD,149,3.055e-39,0.289
FW_TWAS_rep_2,GCA_964560345.1,CAZLLP010000006.1,susC,289,1.006e-81,0.281
FW_TWAS_rep_2,GCA_964560345.1,CAZLLP010000059.1,endopeptidase,264,8.907e-75,0.474
FW_TWAS_rep_2,GCA_964560345.1,CAZLLP010000150.1,pepO,382,2.041e-115,0.351
FW_TWAS_rep_2,GCA_964560345.1,CAZLLP010000108.1,susD,43,2.026e-6,0.377
FW_TWAS_rep_2,GCA_964560345.1,CAZLLP010000153.1,dppC,177,9.124e-50,0.406
FW_TWAS_rep_2,GCA_964560345.1,CAZLLP010000050.1,pfkA,224,9.319e-65,0.406
FW_TWAS_rep_2,GCA_964560345.1,CAZLLP010000202.1,dppA,201,5.545e-56,0.318
FW_TWAS_rep_2,GCA_964560345.1,CAZLLP010000178.1,fadD,136,9.343e-35,0.273
FW_TWAS_rep_2,GCA_964560345.1,CAZLLP010000021.1,frhB,41,5.438e-6,0.441
FW_TWAS_rep_2,GCA_964560345.1,CAZLLP010000202.1,dppB,222,2.032e-66,0.417
FW_TWAS_rep_2,GCA_964560345.1,CAZLLP010000173.1,susC,301,1.672e-85,0.274
FW_TWAS_rep_2,GCA_964560345.1,CAZLLP010000020.1,oppB,207,8.625e-60,0.454
FW_TWAS_rep_2,GCA_964560345.1,CAZLLP010000147.1,susD,59,2.418e-11,0.417
FW_TWAS_rep_2,GCA_964560345.1,CAZLLP010000070.1,susC,293,1.099e-82,0.276
FW_TWAS_rep_2,GCA_964560345.1,CAZLLP010000029.1,susD,143,2.257e-37,0.295
FW_TWAS_rep_2,GCA_964560345.1,CAZLLP010000215.1,pyk,288,3.588e-89,0.524
FW_TWAS_rep_2,GCA_964560345.1,CAZLLP010000269.1,acs,85,4.24e-21,0.301
FW_TWAS_rep_2,GCA_964560345.1,CAZLLP010000181.1,gdh,233,7.74e-71,0.507
FW_TWAS_rep_2,GCA_964560345.1,CAZLLP010000004.1,adhE,145,1.06e-38,0.371
FW_TWAS_rep_2,GCA_964560345.1,CAZLLP010000075.1,thl,306,2.183e-90,0.471
FW_TWAS_rep_2,GCA_964560345.1,CAZLLP010000037.1,extracellular_protease,157,1.743e-41,0.433
FW_TWAS_rep_2,GCA_964560345.1,CAZLLP010000059.1,bcd,330,7.433e-102,0.474
FW_TWAS_rep_2,GCA_964560345.1,CAZLLP010000098.1,frhG,66,5.995e-14,0.257
FW_TWAS_rep_2,GCA_964560345.1,CAZLLP010000155.1,etfA,64,4.187e-13,0.331
FW_TWAS_rep_2,GCA_964560345.1,CAZLLP010000021.1,adh,56,1.106e-10,0.281
FW_TWAS_rep_2,GCA_964560345.1,CAZLLP010000119.1,fadE,124,5.429e-31,0.296
FW_TWAS_rep_2,GCA_964560345.1,CAZLLP010000218.1,mmcE,651,1.778e-209,0.626
FW_TWAS_rep_2,GCA_964560345.1,CAZLLP010000201.1,pyk,153,3.607e-44,0.476
FW_TWAS_rep_2,GCA_964560345.1,CAZLLP010000057.1,aldh,455,2.386e-143,0.526
FW_TWAS_rep_2,GCA_964560345.1,CAZLLP010000082.1,agl,76,2.287e-16,0.25
FW_TWAS_rep_2,GCA_964560345.1,CAZLLP010000036.1,fadB,168,1.532e-47,0.379
FW_TWAS_rep_2,GCA_964560345.1,CAZLLP010000015.1,fadD,49,1.027e-9,0.358
FW_TWAS_rep_2,GCA_964560345.1,CAZLLP010000057.1,fhs,669,3e-215,0.6
FW_TWAS_rep_2,GCA_964560345.1,CAZLLP010000073.1,frhB,121,3.794e-31,0.325
FW_TWAS_rep_2,GCA_964560345.1,CAZLLP010000001.1,cazy_GH13,83,1.026e-18,0.282
FW_TWAS_rep_2,GCA_964560345.1,CAZLLP010000045.1,tdcB,236,9.936e-71,0.475
FW_TWAS_rep_2,GCA_964560345.1,CAZLLP010000009.1,endopeptidase,45,3.491e-7,0.25
FW_TWAS_rep_2,GCA_964560345.1,CAZLLP010000108.1,susC,349,1.927e-101,0.282
FW_TWAS_rep_2,GCA_964560345.1,CAZLLP010000009.1,cazy_GH13,49,2.958e-8,0.308
FW_TWAS_rep_2,GCA_964560345.1,CAZLLP010000043.1,lctB,109,2.409e-26,0.343
FW_TWAS_rep_2,GCA_964560345.1,CAZLLP010000015.1,mer,57,1.771e-10,0.265
FW_TWAS_rep_2,GCA_964560345.1,CAZLLP010000012.1,susC,277,1.262e-77,0.263
FW_TWAS_rep_2,GCA_964560345.1,CAZLLP010000075.1,crt,156,2.867e-44,0.4
FW_TWAS_rep_2,GCA_964560345.1,CAZLLP010000202.1,oppB,212,1.681e-63,0.47
FW_TWAS_rep_2,GCA_964560345.1,CAZLLP010000010.1,fdhA,200,1.797e-54,0.307
FW_TWAS_rep_2,GCA_964560345.1,CAZLLP010000044.1,fadB,72,7.819e-16,0.314
FW_TWAS_rep_2,GCA_964560345.1,CAZLLP010000035.1,glcP,179,3.221e-49,0.308
FW_TWAS_rep_2,GCA_964560345.1,CAZLLP010000065.1,lysophospholipase,80,4.583e-19,0.281
FW_TWAS_rep_2,GCA_964560345.1,CAZLLP010000309.1,pepQ,43,2.694e-6,0.262
FW_TWAS_rep_2,GCA_964560345.1,CAZLLP010000188.1,fadB,128,4.904e-35,0.437
FW_TWAS_rep_2,GCA_964560345.1,CAZLLP010000021.1,crt,59,4.924e-11,0.279
FW_TWAS_rep_2,GCA_964560345.1,CAZLLP010000101.1,tdcB,49,3.687e-8,0.265
FW_TWAS_rep_2,GCA_964560345.1,CAZLLP010000027.1,susC,374,5.479e-109,0.295
FW_TWAS_rep_2,GCA_964560345.1,CAZLLP010000137.1,susD,47,1.556e-7,0.357
FW_TWAS_rep_2,GCA_964560345.1,CAZLLP010000048.1,susC,274,1.304e-76,0.266
FW_TWAS_rep_2,GCA_964560345.1,CAZLLP010000106.1,bcd,326,2.731e-100,0.45
FW_TWAS_rep_2,GCA_964560345.1,CAZLLP010000024.1,acs,508,2.85e-158,0.437
FW_TWAS_rep_2,GCA_964560345.1,CAZLLP010000188.1,etfA,165,1.341e-47,0.467
FW_TWAS_rep_2,GCA_964560345.1,CAZLLP010000021.1,pepN,269,2.928e-75,0.313
FW_TWAS_rep_2,GCA_964560345.1,CAZLLP010000001.1,bcd,183,1.405e-51,0.328
FW_TWAS_rep_2,GCA_964560345.1,CAZLLP010000012.1,acs,210,7.497e-59,0.331
FW_TWAS_rep_2,GCA_964560345.1,CAZLLP010000202.1,oppA,190,2.324e-52,0.295
FW_TWAS_rep_2,GCA_964560345.1,CAZLLP010000054.1,fadD,195,3.557e-54,0.329
FW_TWAS_rep_2,GCA_964560345.1,CAZLLP010000120.1,hydA,47,1.285e-7,0.41
FW_TWAS_rep_2,GCA_964560345.1,CAZLLP010000003.1,crt,132,1.594e-35,0.358
FW_TWAS_rep_2,GCA_964560345.1,CAZLLP010000024.1,fadD,128,5.46e-32,0.285
FW_TWAS_rep_2,GCA_964560345.1,CAZLLP010000056.1,susC,379,9.735e-110,0.297
FW_TWAS_rep_2,GCA_964560345.1,CAZLLP010000046.1,esterase,211,1.541e-59,0.345
FW_TWAS_rep_2,GCA_964560345.1,CAZLLP010000195.1,acs,206,2.7e-58,0.315
FW_TWAS_rep_2,GCA_964560345.1,CAZLLP010000193.1,susC,129,1.323e-33,0.259
FW_TWAS_rep_2,GCA_964560345.1,CAZLLP010000047.1,extracellular_protease,145,7.381e-38,0.388
FW_TWAS_rep_2,GCA_964560345.1,CAZLLP010000065.1,susC,149,5.205e-39,0.28
FW_TWAS_rep_2,GCA_964560345.1,CAZLLP010000005.1,pepT,72,3.369e-15,0.287
FW_TWAS_rep_2,GCA_964560345.1,CAZLLP010000063.1,hbd,196,3.398e-57,0.462
FW_TWAS_rep_2,GCA_964560345.1,CAZLLP010000005.1,etfB,168,1.355e-48,0.433
FW_TWAS_rep_2,GCA_964560345.1,CAZLLP010000023.1,susC,286,1.739e-80,0.273
FW_TWAS_rep_2,GCA_964560345.1,CAZLLP010000195.1,fadD,134,8.772e-35,0.297
FW_TWAS_rep_2,GCA_964560345.1,CAZLLP010000166.1,ilvE,141,3.276e-38,0.335
FW_TWAS_rep_2,GCA_964560345.1,CAZLLP010000139.1,gdh,205,1.292e-62,0.533
FW_TWAS_rep_2,GCA_964560345.1,CAZLLP010000266.1,fadD,60,4.043e-11,0.284
FW_TWAS_rep_2,GCA_964560345.1,CAZLLP010000193.1,susD,47,1.474e-7,0.324
FW_TWAS_rep_2,GCA_964560345.1,CAZLLP010000020.1,dppB,254,3.615e-77,0.427
FW_TWAS_rep_2,GCA_964560345.1,CAZLLP010000060.1,sucD,316,4.291e-98,0.548
FW_TWAS_rep_2,GCA_964560345.1,CAZLLP010000059.1,mvhG,46,2.624e-7,0.234
FW_TWAS_rep_2,GCA_964560345.1,CAZLLP010000020.1,fadD,235,2.626e-68,0.348
FW_TWAS_rep_2,GCA_964560345.1,CAZLLP010000153.1,dtpT,402,5.713e-125,0.459
FW_TWAS_rep_2,GCA_964560345.1,CAZLLP010000036.1,crt,139,6.746e-38,0.356
FW_TWAS_rep_2,GCA_964560345.1,CAZLLP010000219.1,dppB,188,1.536e-54,0.383
FW_TWAS_rep_2,GCA_964560345.1,CAZLLP010000105.1,extracellular_protease,140,2.718e-37,0.39
FW_TWAS_rep_2,GCA_964560345.1,CAZLLP010000188.1,crt,220,2.324e-66,0.488
FW_TWAS_rep_2,GCA_964560345.1,CAZLLP010000015.1,acs,63,9.299e-15,0.401
FW_TWAS_rep_2,GCA_964560345.1,CAZLLP010000075.1,etfA,94,2.571e-23,0.339
FW_TWAS_rep_2,GCA_964560345.1,CAZLLP010000021.1,rnfB,82,4.41e-19,0.302
FW_TWAS_rep_2,GCA_964560345.1,CAZLLP010000128.1,bcd,113,1.098e-27,0.273
FW_TWAS_rep_2,GCA_964560345.1,CAZLLP010000202.1,dppC,169,1.073e-48,0.394
FW_TWAS_rep_2,GCA_964560345.1,CAZLLP010000001.1,cazy_GH43,110,2.532e-27,0.352
FW_TWAS_rep_2,GCA_964560345.1,CAZLLP010000076.1,pta,174,2.511e-46,0.335
FW_TWAS_rep_2,GCA_964560345.1,CAZLLP010000021.1,thl,312,5.622e-94,0.484
FW_TWAS_rep_2,GCA_964560345.1,CAZLLP010000120.1,rnfB,48,5.572e-8,0.393
FW_TWAS_rep_2,GCA_964560345.1,CAZLLP010000172.1,fadD,391,7.606e-119,0.437
FW_TWAS_rep_2,GCA_964560345.1,CAZLLP010000055.1,fadB,163,2.38e-46,0.442
FW_TWAS_rep_2,GCA_964560345.1,CAZLLP010000219.1,oppB,189,3.554e-55,0.442
FW_TWAS_rep_2,GCA_964560345.1,CAZLLP010000085.1,extracellular_protease,79,3.888e-17,0.323
FW_TWAS_rep_2,GCA_964560345.1,CAZLLP010000169.1,lctD,52,1.109e-9,0.35
FW_TWAS_rep_2,GCA_964560345.1,CAZLLP010000120.1,frhB,45,5.175e-7,0.442
FW_TWAS_rep_2,GCA_964560345.1,CAZLLP010000242.1,bcd,124,2.267e-34,0.474
FW_TWAS_rep_2,GCA_964560345.1,CAZLLP010000059.1,mvhA,78,5.77e-17,0.232
FW_TWAS_rep_2,GCA_964560345.1,CAZLLP010000155.1,bcd,173,6.673e-48,0.356
FW_TWAS_rep_2,GCA_964560345.1,CAZLLP010000012.1,cazy_GH43,41,9.237e-6,0.313
FW_TWAS_rep_2,GCA_964560345.1,CAZLLP010000169.1,lctB,175,6.787e-47,0.426
FW_TWAS_rep_2,GCA_964560345.1,CAZLLP010000297.1,bcd,228,9.283e-66,0.382
FW_TWAS_rep_2,GCA_964560345.1,CAZLLP010000128.1,adh,62,1.344e-12,0.281
FW_TWAS_rep_2,GCA_964560345.1,CAZLLP010000037.1,frhB,44,1.3e-6,0.392
FW_TWAS_rep_2,GCA_964560345.1,CAZLLP010000071.1,pepQ,60,2.669e-12,0.303
FW_TWAS_rep_2,GCA_964560345.1,CAZLLP010000023.1,pepQ,47,2.141e-7,0.237
FW_TWAS_rep_2,GCA_964560345.1,CAZLLP010000228.1,mdh,304,2.989e-94,0.529
FW_TWAS_rep_2,GCA_964560345.1,CAZLLP010000079.1,susC,259,1.081e-71,0.268
FW_TWAS_rep_2,GCA_964560345.1,CAZLLP010000060.1,frhG,42,7.543e-7,0.316
FW_TWAS_rep_2,GCA_964560345.1,CAZLLP010000005.1,fadE,190,4.42e-53,0.34
FW_TWAS_rep_2,GCA_964560345.1,CAZLLP010000075.1,fadA,349,4.464e-105,0.529
FW_TWAS_rep_2,GCA_964560345.1,CAZLLP010000006.1,fadD,216,1.133e-61,0.344
FW_TWAS_rep_2,GCA_964560345.1,CAZLLP010000040.1,fdhA,112,6.655e-27,0.235
FW_TWAS_rep_2,GCA_964560345.1,CAZLLP010000137.1,susC,328,4.465e-94,0.29
FW_TWAS_rep_2,GCA_964560345.1,CAZLLP010000098.1,mvhA,206,1.806e-58,0.312
FW_TWAS_rep_2,GCA_964560345.1,CAZLLP010000021.1,fadE,214,1.397e-61,0.406
FW_TWAS_rep_2,GCA_964560345.1,CAZLLP010000006.1,acs,138,5.925e-36,0.291
FW_TWAS_rep_2,GCA_964560345.1,CAZLLP010000049.1,dppA,122,1.539e-30,0.255
FW_TWAS_rep_2,GCA_964560345.1,CAZLLP010000280.1,acylglycerol_lipase,53,2.571e-9,0.265
FW_TWAS_rep_2,GCA_964560345.1,CAZLLP010000017.1,acs,88,7.258e-20,0.239
FW_TWAS_rep_2,GCA_964560345.1,CAZLLP010000107.1,hydA,93,3.869e-21,0.284
FW_TWAS_rep_2,GCA_964560345.1,CAZLLP010000028.1,ilvE,85,7.277e-20,0.291
FW_TWAS_rep_2,GCA_964560345.1,CAZLLP010000147.1,susC,41,9.048e-8,0.305
FW_TWAS_rep_2,GCA_964560345.1,CAZLLP010000043.1,fdhA,226,6.687e-63,0.297
FW_TWAS_rep_2,GCA_964560345.1,CAZLLP010000029.1,susC,621,1.326e-191,0.382
FW_TWAS_rep_2,GCA_964560345.1,CAZLLP010000007.1,susD,51,1.07e-8,0.341
FW_TWAS_rep_2,GCA_964560345.1,CAZLLP010000060.1,sucC,340,4.047e-105,0.488
FW_TWAS_rep_2,GCA_964560345.1,CAZLLP010000123.1,susC,259,2.928e-75,0.368
FW_TWAS_rep_2,GCA_964560345.1,CAZLLP010000010.1,bcd,284,5.351e-86,0.416
FW_TWAS_rep_2,GCA_964560345.1,CAZLLP010000155.1,fadB,171,3.78e-49,0.376
FW_TWAS_rep_2,GCA_964560345.1,CAZLLP010000033.1,tdcB,209,8.603e-61,0.432
FW_TWAS_rep_2,GCA_964560345.1,CAZLLP010000027.1,cat,66,3.825e-14,0.258
FW_TWAS_rep_2,GCA_964560345.1,CAZLLP010000242.1,fadE,93,8.069e-24,0.441
FW_TWAS_rep_2,GCA_964560345.1,CAZLLP010000036.1,fadA,286,4.429e-86,0.455
FW_TWAS_rep_2,GCA_964560345.1,CAZLLP010000060.1,pfor,41,2.439e-6,0.273
FW_TWAS_rep_2,GCA_964560345.1,CAZLLP010000189.1,fadD,166,2.608e-44,0.302
FW_TWAS_rep_2,GCA_964560345.1,CAZLLP010000021.1,lctC,45,1.042e-6,0.327
FW_TWAS_rep_2,GCA_964560345.1,CAZLLP010000021.1,bcd,155,8.044e-42,0.306
FW_TWAS_rep_2,GCA_964560345.1,CAZLLP010000009.1,susC,282,1.375e-79,0.262
FW_TWAS_rep_2,GCA_964560345.1,CAZLLP010000015.1,lysophospholipase,63,7.765e-13,0.276
FW_TWAS_rep_2,GCA_964560345.1,CAZLLP010000036.1,thl,272,2.347e-81,0.435
FW_TWAS_rep_2,GCA_964560345.1,CAZLLP010000021.1,hbd,151,6.641e-39,0.363
FW_TWAS_rep_2,GCA_964560345.1,CAZLLP010000223.1,etfA,52,1.298e-9,0.272
FW_TWAS_rep_2,GCA_964560345.1,CAZLLP010000178.1,acs,723,9.064e-233,0.565
FW_TWAS_rep_2,GCA_964560345.1,CAZLLP010000004.1,glcP,55,6.474e-10,0.268
FW_TWAS_rep_2,GCA_964560345.1,CAZLLP010000218.1,mmcF,173,2.076e-52,0.666
FW_TWAS_rep_2,GCA_964560345.1,CAZLLP010000050.1,acylglycerol_lipase,55,2.067e-10,0.26
FW_TWAS_rep_2,GCA_964560345.1,CAZLLP010000059.1,fadE,261,2.858e-78,0.407
FW_TWAS_rep_2,GCA_964560345.1,CAZLLP010000054.1,crt,153,1.659e-43,0.411
FW_TWAS_rep_2,GCA_964560345.1,CAZLLP010000003.1,pepQ,100,4.792e-24,0.274
FW_TWAS_rep_2,GCA_964560345.1,CAZLLP010000007.1,susC,350,3.139e-101,0.291
FW_TWAS_rep_2,GCA_964560345.1,CAZLLP010000020.1,dppA,149,4.419e-39,0.27
FW_TWAS_rep_2,GCA_964560345.1,CAZLLP010000098.1,frhA,148,3.769e-39,0.299
FW_TWAS_rep_2,GCA_964560345.1,CAZLLP010000005.1,bcd,234,9.409e-68,0.362
FW_TWAS_rep_2,GCA_964560345.1,CAZLLP010000003.1,fumB,261,1.279e-73,0.375
FW_TWAS_rep_2,GCA_964560345.1,CAZLLP010000012.1,fadD,120,7.763e-30,0.292
FW_TWAS_rep_2,GCA_964560345.1,CAZLLP010000013.1,extracellular_protease,153,1.223e-40,0.356
FW_TWAS_rep_2,GCA_964560345.1,CAZLLP010000003.1,acs,107,6.249e-26,0.265
FW_TWAS_rep_2,GCA_964560345.1,CAZLLP010000061.1,susC,298,6.086e-84,0.27
FW_TWAS_rep_2,GCA_964560345.1,CAZLLP010000219.1,oppA,116,2.724e-28,0.245
FW_TWAS_rep_2,GCA_964560345.1,CAZLLP010000002.1,frhB,49,3.602e-8,0.405
FW_TWAS_rep_2,GCA_964560345.1,CAZLLP010000005.1,etfA,218,7.917e-65,0.439
FW_TWAS_rep_2,GCA_964560345.1,CAZLLP010000242.1,fadB,186,7.023e-54,0.411
FW_TWAS_rep_2,GCA_964560345.1,CAZLLP010000017.1,fadD,295,9.649e-87,0.369
FW_TWAS_rep_2,GCA_964560345.1,CAZLLP010000082.1,cazy_GH13,141,1.616e-36,0.325
FW_TWAS_rep_2,GCA_964560345.1,CAZLLP010000153.1,oppB,205,2.101e-59,0.443
FW_TWAS_rep_2,GCA_964560345.1,CAZLLP010000098.1,mvhG,108,1.487e-27,0.285
FW_TWAS_rep_2,GCA_964560345.1,CAZLLP010000297.1,fadE,215,2.991e-61,0.383
FW_TWAS_rep_2,GCA_964560345.1,CAZLLP010000234.1,pepA,369,1.275e-113,0.485
FW_TWAS_rep_2,GCA_964560345.1,CAZLLP010000033.1,lysophospholipase,40,6.052e-6,0.403
FW_TWAS_rep_2,GCA_964560345.1,CAZLLP010000128.1,fadE,145,2.341e-37,0.347
FW_TWAS_rep_2,GCA_964560345.1,CAZLLP010000102.1,fadD,181,8.331e-49,0.317
FW_TWAS_rep_2,GCA_964560345.1,CAZLLP010000070.1,fwdA,46,2.68e-7,0.248
FW_TWAS_rep_2,GCA_964560345.1,CAZLLP010000123.1,pepN,152,3.647e-40,0.29
FW_TWAS_rep_2,GCA_964560345.1,CAZLLP010000010.1,fadE,301,4.256e-92,0.485
FW_TWAS_rep_2,GCA_964560345.1,CAZLLP010000039.1,fwdA,46,3.584e-7,0.421
FW_TWAS_rep_2,GCA_964560345.1,CAZLLP010000021.1,fadA,381,6.748e-118,0.545
FW_TWAS_rep_2,GCA_964560345.1,CAZLLP010000010.1,susC,251,2.883e-69,0.273
FW_TWAS_rep_2,GCA_964560345.1,CAZLLP010000054.1,etfA,93,3.918e-23,0.321
FW_TWAS_rep_2,GCA_964560345.1,CAZLLP010000054.1,acs,200,7.2e-56,0.313
FW_TWAS_rep_2,GCA_964560345.1,CAZLLP010000172.1,acs,69,4.937e-14,0.224
FW_TWAS_rep_2,GCA_964560345.1,CAZLLP010000107.1,fdhA,638,7.172e-197,0.38
FW_TWAS_rep_2,GCA_964560345.1,CAZLLP010000136.1,gdh,106,8.441e-27,0.294
FW_TWAS_rep_2,GCA_964560345.1,CAZLLP010000102.1,acs,107,9.94e-26,0.249
FW_TWAS_rep_2,GCA_964560345.1,CAZLLP010000219.1,dppC,188,1.235e-54,0.434
FW_TWAS_rep_2,GCA_964560345.1,CAZLLP010000021.1,fadB,100,2.706e-23,0.315
FW_TWAS_rep_2,GCA_964560345.1,CAZLLP010000036.1,etfA,91,5.578e-22,0.348
FW_TWAS_rep_2,GCA_964560345.1,CAZLLP010000032.1,extracellular_protease,142,1.933e-37,0.463
FW_TWAS_rep_2,GCA_964560345.1,CAZLLP010000107.1,adh,55,2.16e-10,0.266
FW_TWAS_rep_2,GCA_964560345.1,CAZLLP010000155.1,fadE,185,3.883e-52,0.384
FW_TWAS_rep_2,GCA_964560345.1,CAZLLP010000001.1,susD,146,5.323e-38,0.329
FW_TWAS_rep_2,GCA_964560345.1,CAZLLP010000070.1,ilvE,108,8.644e-27,0.285
FW_TWAS_rep_2,GCA_964560345.1,CAZLLP010000003.1,susC,324,1.198e-92,0.283
FW_TWAS_rep_2,GCA_964560345.1,CAZLLP010000028.1,pepT,102,6.595e-25,0.331
FW_TWAS_rep_2,GCA_964560345.1,CAZLLP010000032.1,pepQ,113,3.727e-28,0.293
FW_TWAS_rep_2,GCA_964560345.1,CAZLLP010000055.1,crt,233,3.409e-70,0.501
FW_TWAS_rep_2,GCA_964560345.1,CAZLLP010000008.1,cazy_GH9,130,1.443e-32,0.276
FW_TWAS_rep_2,GCA_964560345.1,CAZLLP010000189.1,acs,130,4.603e-33,0.288
FW_TWAS_rep_2,GCA_964560345.1,CAZLLP010000253.1,extracellular_protease,85,6.668e-19,0.256
FW_TWAS_rep_2,GCA_964560345.1,CAZLLP010000057.1,adhE,392,6.933e-122,0.484
FW_TWAS_rep_2,GCA_964560345.1,CAZLLP010000035.1,bgl,280,4.2e-82,0.355
FW_TWAS_rep_2,GCA_964560345.1,CAZLLP010000169.1,lctC,415,1.271e-128,0.533
FW_TWAS_rep_2,GCA_964560345.1,CAZLLP010000275.1,extracellular_protease,137,8.225e-36,0.376
FW_TWAS_rep_2,GCA_964560345.1,CAZLLP010000266.1,acs,163,2.606e-42,0.313
FW_TWAS_rep_2,GCA_964560345.1,CAZLLP010000001.1,susC,614,7.944e-190,0.389
FW_TWAS_rep_2,GCA_964560345.1,CAZLLP010000061.1,tdcB,297,2.441e-91,0.515
FW_TWAS_rep_2,GCA_964560345.1,CAZLLP010000120.1,frhG,46,2.244e-7,0.393
FW_TWAS_rep_2,GCA_964560345.1,CAZLLP010000242.1,thl,391,5.655e-123,0.597
FW_TWAS_rep_2,GCA_964560345.1,CAZLLP010000201.1,pgi,146,1.017e-38,0.349
FW_TWAS_rep_2,GCA_964560345.1,CAZLLP010000060.1,frhB,40,5.866e-6,0.29
FW_TWAS_rep_2,GCA_964560345.1,CAZLLP010000258.1,mmcG,46,8.668e-8,0.228
FW_TWAS_rep_2,GCA_964560345.1,CAZLLP010000020.1,dppC,170,3.812e-47,0.369
FW_TWAS_rep_2,GCA_964560345.1,CAZLLP010000042.1,acylglycerol_lipase,47,1.077e-7,0.333
FW_TWAS_rep_2,GCA_964560345.1,CAZLLP010000021.1,pfor,427,2.638e-122,0.269
FW_TWAS_rep_2,GCA_964560345.1,CAZLLP010000003.1,etfA,74,1.723e-16,0.308
FW_TWAS_rep_2,GCA_964560345.1,CAZLLP010000020.1,acs,149,1.528e-39,0.271
FW_TWAS_rep_2,GCA_964560345.1,CAZLLP010000104.1,pepN,60,4.696e-11,0.258
FW_TWAS_rep_2,GCA_964560345.1,CAZLLP010000024.1,susC,299,3.172e-84,0.282
FW_TWAS_rep_2,GCA_964560345.1,CAZLLP010000119.1,bcd,125,2.334e-31,0.288
FW_TWAS_rep_2,GCA_964560345.1,CAZLLP010000044.1,hbd,111,1.815e-28,0.37
FW_TWAS_rep_2,GCA_964560345.1,CAZLLP010000117.1,fadD,196,2.208e-54,0.344
FW_TWAS_rep_2,GCA_964560345.1,CAZLLP010000186.1,hbd,101,5.705e-25,0.355
FW_TWAS_rep_2,GCA_964560345.1,CAZLLP010000016.1,pta,218,4.041e-63,0.462
FW_TWAS_rep_2,GCA_964560345.1,CAZLLP010000006.1,pfkA,156,1.839e-42,0.343
FW_TWAS_rep_2,GCA_964560345.1,CAZLLP010000199.1,pepT,81,2.792e-18,0.269
FW_TWAS_rep_2,GCA_964560345.1,CAZLLP010000207.1,gapA,346,4.259e-108,0.521
FW_TWAS_rep_2,GCA_964560345.1,CAZLLP010000034.1,fwdA,42,5.472e-6,0.393
FW_TWAS_rep_2,GCA_964560345.1,CAZLLP010000075.1,fadB,155,3.913e-42,0.309
FW_TWAS_rep_2,GCA_964560345.1,CAZLLP010000003.1,susD,54,1.127e-9,0.405
FW_TWAS_rep_2,GCA_964560345.1,CAZLLP010000222.1,folD,347,1.221e-109,0.57
FW_TWAS_rep_2,GCA_964560345.1,CAZLLP010000061.1,pepN,135,3.641e-34,0.274
FW_TWAS_rep_2,GCA_964560345.1,CAZLLP010000063.1,fadB,254,4.143e-77,0.441
FW_TWAS_rep_2,GCA_964560345.1,CAZLLP010000005.1,tdcB,188,5.965e-54,0.393
FW_TWAS_rep_2,GCA_964560345.1,CAZLLP010000016.1,pepQ,128,1.545e-33,0.327
FW_TWAS_rep_2,GCA_964560345.1,CAZLLP010000282.1,susC,268,2.38e-75,0.274
FW_TWAS_rep_2,GCA_964560345.1,CAZLLP010000001.1,fadE,210,1.171e-60,0.374
FW_TWAS_rep_2,GCA_964560345.1,CAZLLP010000155.1,hbd,289,1.172e-89,0.529
FW_TWAS_rep_2,GCA_964560345.1,CAZLLP010000037.1,pepQ,112,6.128e-28,0.37
FW_TWAS_rep_2,GCA_964560345.1,CAZLLP010000010.1,edd,217,4.364e-61,0.357
FW_TWAS_rep_2,GCA_964560345.1,CAZLLP010000106.1,fadE,259,3.758e-77,0.435
FW_TWAS_rep_2,GCA_964560345.1,CAZLLP010000060.1,fdhA,72,3.992e-15,0.237
FW_TWAS_rep_2,GCA_964560345.1,CAZLLP010000242.1,fadA,268,1.771e-80,0.448
FW_TWAS_rep_2,GCA_964560345.1,CAZLLP010000153.1,dppB,235,4.652e-69,0.416
FW_TWAS_rep_2,GCA_964560345.1,CAZLLP010000064.1,mmcE,644,5.615e-208,0.627
FW_TWAS_rep_2,GCA_964560345.1,CAZLLP010000036.1,tdcB,222,4.989e-66,0.419
FW_TWAS_rep_2,GCA_964560345.1,CAZLLP010000051.1,edd,259,5.956e-75,0.336
FW_TWAS_rep_2,GCA_964560345.1,CAZLLP010000053.1,extracellular_protease,123,1.079e-31,0.383
FW_TWAS_rep_2,GCA_964560345.1,CAZLLP010000148.1,mmcG,116,2.219e-30,0.457
FW_TWAS_rep_2,GCA_964560345.1,CAZLLP010000075.1,hbd,245,2.367e-72,0.435
FW_TWAS_rep_2,GCA_964560345.1,CAZLLP010000106.1,pepQ,136,1.062e-34,0.288
FW_TWAS_rep_2,GCA_964560345.1,CAZLLP010000055.1,etfA,163,2.38e-46,0.47
FW_TWAS_rep_2,GCA_964560345.1,CAZLLP010000049.1,adhE,70,2.045e-14,0.213
FW_TWAS_rep_2,GCA_964560345.1,CAZLLP010000136.1,mmcG,43,8.505e-7,0.3
FW_TWAS_rep_2,GCA_964560345.1,CAZLLP010000242.1,hbd,326,5.932e-102,0.602
FW_TWAS_rep_2,GCA_963712105.1,CAVQGR010000012.1,hbd,206,1.691e-56,0.425
FW_TWAS_rep_2,GCA_963712105.1,CAVQGR010000010.1,fadE,114,1.66e-28,0.302
FW_TWAS_rep_2,GCA_963712105.1,CAVQGR010000012.1,pta,233,8.007e-71,0.572
FW_TWAS_rep_2,GCA_963712105.1,CAVQGR010000012.1,fadB,334,1.449e-98,0.352
FW_TWAS_rep_2,GCA_963712105.1,CAVQGR010000007.1,mmcF,130,1.917e-37,0.489
FW_TWAS_rep_2,GCA_963712105.1,CAVQGR010000002.1,etfA,55,6.23e-10,0.25
FW_TWAS_rep_2,GCA_963712105.1,CAVQGR010000006.1,fadD,106,1.927e-25,0.276
FW_TWAS_rep_2,GCA_963712105.1,CAVQGR010000004.1,acylglycerol_lipase,46,2.282e-7,0.336
FW_TWAS_rep_2,GCA_963712105.1,CAVQGR010000012.1,lysophospholipase,48,2.84e-8,0.3
FW_TWAS_rep_2,GCA_963712105.1,CAVQGR010000003.1,frhA,102,5.158e-24,0.24
FW_TWAS_rep_2,GCA_963712105.1,CAVQGR010000003.1,frhB,48,1.741e-7,0.407
FW_TWAS_rep_2,GCA_963712105.1,CAVQGR010000003.1,crt,134,1.564e-36,0.36
FW_TWAS_rep_2,GCA_963712105.1,CAVQGR010000010.1,fadD,209,9.058e-57,0.342
FW_TWAS_rep_2,GCA_963712105.1,CAVQGR010000018.1,etfA,142,1.959e-39,0.397
FW_TWAS_rep_2,GCA_963712105.1,CAVQGR010000003.1,frhG,45,5.993e-7,0.263
FW_TWAS_rep_2,GCA_963712105.1,CAVQGR010000004.1,lysophospholipase,53,1.943e-9,0.292
FW_TWAS_rep_2,GCA_963712105.1,CAVQGR010000018.1,fadD,239,9.23e-68,0.329
FW_TWAS_rep_2,GCA_963712105.1,CAVQGR010000013.1,frhG,50,7.662e-9,0.267
FW_TWAS_rep_2,GCA_963712105.1,CAVQGR010000012.1,thl,276,2.207e-83,0.428
FW_TWAS_rep_2,GCA_963712105.1,CAVQGR010000004.1,fadA,332,1.908e-99,0.513
FW_TWAS_rep_2,GCA_963712105.1,CAVQGR010000013.1,rnfB,45,7.535e-7,0.358
FW_TWAS_rep_2,GCA_963712105.1,CAVQGR010000002.1,fadE,239,6.863e-71,0.478
FW_TWAS_rep_2,GCA_963712105.1,CAVQGR010000004.1,fwdA,47,1.793e-7,0.354
FW_TWAS_rep_2,GCA_963712105.1,CAVQGR010000012.1,cazy_GH5,123,8.38e-31,0.309
FW_TWAS_rep_2,GCA_963712105.1,CAVQGR010000003.1,fdhA,449,4.471e-134,0.344
FW_TWAS_rep_2,GCA_963712105.1,CAVQGR010000005.1,frhB,48,2.178e-8,0.461
FW_TWAS_rep_2,GCA_963712105.1,CAVQGR010000007.1,endopeptidase,52,4.042e-11,0.59
FW_TWAS_rep_2,GCA_963712105.1,CAVQGR010000012.1,fadA,348,2.313e-108,0.516
FW_TWAS_rep_2,GCA_963712105.1,CAVQGR010000004.1,fadD,261,9.744e-77,0.364
FW_TWAS_rep_2,GCA_963712105.1,CAVQGR010000018.1,acs,68,9.041e-14,0.234
FW_TWAS_rep_2,GCA_963712105.1,CAVQGR010000018.1,cat,89,3.501e-20,0.316
FW_TWAS_rep_2,GCA_963712105.1,CAVQGR010000003.1,pfor,1445,0.0,0.623
FW_TWAS_rep_2,GCA_963712105.1,CAVQGR010000007.1,dppA,709,1.164e-229,0.631
FW_TWAS_rep_2,GCA_963712105.1,CAVQGR010000007.1,hydA,41,4.826e-6,0.321
FW_TWAS_rep_2,GCA_963712105.1,CAVQGR010000004.1,edd,230,1.37e-65,0.333
FW_TWAS_rep_2,GCA_963712105.1,CAVQGR010000003.1,oppB,176,1.621e-50,0.366
FW_TWAS_rep_2,GCA_963712105.1,CAVQGR010000004.1,gdh,1595,0.0,0.548
FW_TWAS_rep_2,GCA_963712105.1,CAVQGR010000002.1,oppB,191,7.23e-56,0.433
FW_TWAS_rep_2,GCA_963712105.1,CAVQGR010000002.1,frhA,46,4.432e-7,0.263
FW_TWAS_rep_2,GCA_963712105.1,CAVQGR010000007.1,aldh,278,1.37e-82,0.356
FW_TWAS_rep_2,GCA_963712105.1,CAVQGR010000018.1,dppB,203,2.938e-59,0.367
FW_TWAS_rep_2,GCA_963712105.1,CAVQGR010000007.1,dppC,374,9.948e-119,0.667
FW_TWAS_rep_2,GCA_963712105.1,CAVQGR010000003.1,fadD,207,5.783e-58,0.31
FW_TWAS_rep_2,GCA_963712105.1,CAVQGR010000004.1,tdcB,318,3.538e-94,0.449
FW_TWAS_rep_2,GCA_963712105.1,CAVQGR010000007.1,fdhA,251,6.131e-71,0.297
FW_TWAS_rep_2,GCA_963712105.1,CAVQGR010000002.1,lctB,257,1.769e-79,0.505
FW_TWAS_rep_2,GCA_963712105.1,CAVQGR010000014.1,fadD,113,9.503e-28,0.28
FW_TWAS_rep_2,GCA_963712105.1,CAVQGR010000003.1,extracellular_protease,128,6.742e-32,0.324
FW_TWAS_rep_2,GCA_963712105.1,CAVQGR010000003.1,oppA,154,2.987e-40,0.275
FW_TWAS_rep_2,GCA_963712105.1,CAVQGR010000016.1,etfB,311,5.742e-98,0.702
FW_TWAS_rep_2,GCA_963712105.1,CAVQGR010000018.1,mmcE,302,3.137e-85,0.395
FW_TWAS_rep_2,GCA_963712105.1,CAVQGR010000012.1,edd,227,1.047e-64,0.328
FW_TWAS_rep_2,GCA_963712105.1,CAVQGR010000007.1,bcd,237,1.351e-69,0.361
FW_TWAS_rep_2,GCA_963712105.1,CAVQGR010000002.1,fadD,158,6.241e-42,0.299
FW_TWAS_rep_2,GCA_963712105.1,CAVQGR010000005.1,rnfB,168,4.313e-49,0.592
FW_TWAS_rep_2,GCA_963712105.1,CAVQGR010000003.1,acs,280,1.933e-82,0.359
FW_TWAS_rep_2,GCA_963712105.1,CAVQGR010000014.1,bcd,209,8.946e-61,0.344
FW_TWAS_rep_2,GCA_963712105.1,CAVQGR010000007.1,crt,158,1.006e-44,0.396
FW_TWAS_rep_2,GCA_963712105.1,CAVQGR010000007.1,fadD,136,6.869e-35,0.307
FW_TWAS_rep_2,GCA_963712105.1,CAVQGR010000005.1,lysophospholipase,51,9.657e-9,0.273
FW_TWAS_rep_2,GCA_963712105.1,CAVQGR010000012.1,lipase,48,2.999e-8,0.389
FW_TWAS_rep_2,GCA_963712105.1,CAVQGR010000002.1,crt,147,1.828e-41,0.35
FW_TWAS_rep_2,GCA_963712105.1,CAVQGR010000007.1,adh,62,1.103e-12,0.283
FW_TWAS_rep_2,GCA_963712105.1,CAVQGR010000002.1,acs,192,1.182e-52,0.301
FW_TWAS_rep_2,GCA_963712105.1,CAVQGR010000014.1,folD,336,4.877e-106,0.613
FW_TWAS_rep_2,GCA_963712105.1,CAVQGR010000016.1,bcd,113,9.676e-28,0.323
FW_TWAS_rep_2,GCA_963712105.1,CAVQGR010000003.1,dppA,169,2.944e-45,0.274
FW_TWAS_rep_2,GCA_963712105.1,CAVQGR010000002.1,dppC,220,6.708e-66,0.422
FW_TWAS_rep_2,GCA_963712105.1,CAVQGR010000012.1,ilvE,82,7.919e-18,0.29
FW_TWAS_rep_2,GCA_963712105.1,CAVQGR010000016.1,crt,281,5.284e-85,0.587
FW_TWAS_rep_2,GCA_963712105.1,CAVQGR010000016.1,ackA,319,3.96e-98,0.486
FW_TWAS_rep_2,GCA_963712105.1,CAVQGR010000012.1,extracellular_protease,87,1.916e-19,0.292
FW_TWAS_rep_2,GCA_963712105.1,CAVQGR010000004.1,bcd,380,5.478e-118,0.532
FW_TWAS_rep_2,GCA_963712105.1,CAVQGR010000004.1,phospholipase,209,7.676e-61,0.459
FW_TWAS_rep_2,GCA_963712105.1,CAVQGR010000012.1,etfA,96,3.008e-22,0.388
FW_TWAS_rep_2,GCA_963712105.1,CAVQGR010000018.1,crt,215,2.436e-64,0.501
FW_TWAS_rep_2,GCA_963712105.1,CAVQGR010000014.1,pepQ,84,2.085e-19,0.31
FW_TWAS_rep_2,GCA_963712105.1,CAVQGR010000012.1,fadE,226,5.535e-63,0.384
FW_TWAS_rep_2,GCA_963712105.1,CAVQGR010000014.1,glcP,43,6.817e-6,0.305
FW_TWAS_rep_2,GCA_963712105.1,CAVQGR010000014.1,fadE,398,6.645e-126,0.532
FW_TWAS_rep_2,GCA_963712105.1,CAVQGR010000002.1,frhG,45,6.383e-8,0.258
FW_TWAS_rep_2,GCA_963712105.1,CAVQGR010000002.1,tdcB,233,4.655e-70,0.464
FW_TWAS_rep_2,GCA_963712105.1,CAVQGR010000013.1,fadD,160,8.281e-43,0.323
FW_TWAS_rep_2,GCA_963712105.1,CAVQGR010000004.1,pepQ,204,7.503e-58,0.357
FW_TWAS_rep_2,GCA_963712105.1,CAVQGR010000018.1,oppA,77,2.089e-16,0.242
FW_TWAS_rep_2,GCA_963712105.1,CAVQGR010000013.1,hydA,44,1.311e-6,0.342
FW_TWAS_rep_2,GCA_963712105.1,CAVQGR010000013.1,fadB,64,1.595e-12,0.311
FW_TWAS_rep_2,GCA_963712105.1,CAVQGR010000014.1,oppB,209,2.271e-61,0.424
FW_TWAS_rep_2,GCA_963712105.1,CAVQGR010000003.1,aldh,271,2.264e-75,0.387
FW_TWAS_rep_2,GCA_963712105.1,CAVQGR010000012.1,acylglycerol_lipase,51,3.894e-9,0.244
FW_TWAS_rep_2,GCA_963712105.1,CAVQGR010000018.1,fadB,210,1.851e-62,0.425
FW_TWAS_rep_2,GCA_963712105.1,CAVQGR010000007.1,etfA,90,1.078e-21,0.333
FW_TWAS_rep_2,GCA_963712105.1,CAVQGR010000019.1,lysophospholipase,46,1.808e-7,0.324
FW_TWAS_rep_2,GCA_963712105.1,CAVQGR010000014.1,hydA,72,9.415e-15,0.292
FW_TWAS_rep_2,GCA_963712105.1,CAVQGR010000012.1,crt,147,3.175e-41,0.382
FW_TWAS_rep_2,GCA_963712105.1,CAVQGR010000014.1,fdhA,657,2.009e-205,0.432
FW_TWAS_rep_2,GCA_963712105.1,CAVQGR010000013.1,oppA,162,6.62e-43,0.271
FW_TWAS_rep_2,GCA_963712105.1,CAVQGR010000005.1,bcd,263,1.556e-76,0.425
FW_TWAS_rep_2,GCA_963712105.1,CAVQGR010000019.1,acylglycerol_lipase,56,1.547e-10,0.286
FW_TWAS_rep_2,GCA_963712105.1,CAVQGR010000002.1,dppB,251,5.657e-76,0.45
FW_TWAS_rep_2,GCA_963712105.1,CAVQGR010000013.1,oppB,40,6.629e-6,0.29
FW_TWAS_rep_2,GCA_963712105.1,CAVQGR010000004.1,gapA,319,7.713e-99,0.507
FW_TWAS_rep_2,GCA_963712105.1,CAVQGR010000002.1,pepA,377,2.163e-116,0.482
FW_TWAS_rep_2,GCA_963712105.1,CAVQGR010000010.1,acs,750,4.036e-241,0.588
FW_TWAS_rep_2,GCA_963712105.1,CAVQGR010000004.1,pyk,374,6.939e-112,0.463
FW_TWAS_rep_2,GCA_963712105.1,CAVQGR010000002.1,fdhA,130,1.909e-32,0.227
FW_TWAS_rep_2,GCA_963712105.1,CAVQGR010000004.1,cat,215,3.494e-64,0.536
FW_TWAS_rep_2,GCA_963712105.1,CAVQGR010000007.1,pta,143,9.771e-37,0.345
FW_TWAS_rep_2,GCA_963712105.1,CAVQGR010000013.1,pta,142,1.845e-37,0.396
FW_TWAS_rep_2,GCA_963712105.1,CAVQGR010000012.1,bcd,185,5.154e-50,0.339
FW_TWAS_rep_2,GCA_963712105.1,CAVQGR010000005.1,cat,78,1.203e-16,0.295
FW_TWAS_rep_2,GCA_963712105.1,CAVQGR010000002.1,dppA,173,7.17e-47,0.296
FW_TWAS_rep_2,GCA_963712105.1,CAVQGR010000003.1,pfkA,55,4.106e-10,0.278
FW_TWAS_rep_2,GCA_963712105.1,CAVQGR010000014.1,lysophospholipase,166,1.801e-47,0.432
FW_TWAS_rep_2,GCA_963712105.1,CAVQGR010000013.1,adhE,124,1.303e-31,0.294
FW_TWAS_rep_2,GCA_963712105.1,CAVQGR010000016.1,fadB,149,2.07e-39,0.372
FW_TWAS_rep_2,GCA_963712105.1,CAVQGR010000018.1,mmcF,76,7.755e-16,0.353
FW_TWAS_rep_2,GCA_963712105.1,CAVQGR010000003.1,adhE,260,7.813e-72,0.393
FW_TWAS_rep_2,GCA_963712105.1,CAVQGR010000019.1,extracellular_protease,188,1.393e-51,0.425
FW_TWAS_rep_2,GCA_963712105.1,CAVQGR010000010.1,fumB,257,2.175e-73,0.381
FW_TWAS_rep_2,GCA_963712105.1,CAVQGR010000003.1,adh,68,1.017e-14,0.275
FW_TWAS_rep_2,GCA_963712105.1,CAVQGR010000003.1,dppC,158,5.155e-43,0.384
FW_TWAS_rep_2,GCA_963712105.1,CAVQGR010000002.1,hydA,81,9.577e-18,0.278
FW_TWAS_rep_2,GCA_963712105.1,CAVQGR010000014.1,acs,525,2.541e-165,0.455
FW_TWAS_rep_2,GCA_963712105.1,CAVQGR010000007.1,rnfB,45,1.162e-7,0.347
FW_TWAS_rep_2,GCA_963712105.1,CAVQGR010000007.1,frhB,40,5.382e-6,0.446
FW_TWAS_rep_2,GCA_963712105.1,CAVQGR010000004.1,thl,377,2.491e-118,0.56
FW_TWAS_rep_2,GCA_963712105.1,CAVQGR010000005.1,crt,141,1.397e-37,0.456
FW_TWAS_rep_2,GCA_963712105.1,CAVQGR010000004.1,pepN,177,6.334e-47,0.288
FW_TWAS_rep_2,GCA_963712105.1,CAVQGR010000007.1,fadE,280,3.83e-84,0.44
FW_TWAS_rep_2,GCA_963712105.1,CAVQGR010000005.1,etfA,103,3.51e-25,0.388
FW_TWAS_rep_2,GCA_963712105.1,CAVQGR010000016.1,pta,230,3.095e-68,0.49
FW_TWAS_rep_2,GCA_963712105.1,CAVQGR010000007.1,adhE,280,5.426e-83,0.364
FW_TWAS_rep_2,GCA_963712105.1,CAVQGR010000013.1,acs,196,1.029e-54,0.324
FW_TWAS_rep_2,GCA_963712105.1,CAVQGR010000016.1,fadD,51,1.937e-8,0.235
FW_TWAS_rep_2,GCA_963712105.1,CAVQGR010000004.1,acs,180,1.733e-49,0.282
FW_TWAS_rep_2,GCA_963712105.1,CAVQGR010000013.1,etfA,48,1.052e-7,0.361
FW_TWAS_rep_2,GCA_963712105.1,CAVQGR010000005.1,fadE,249,6.806e-72,0.438
FW_TWAS_rep_2,GCA_963712105.1,CAVQGR010000016.1,eda,108,2.399e-28,0.429
FW_TWAS_rep_2,GCA_963712105.1,CAVQGR010000014.1,adhE,177,2.73e-49,0.329
FW_TWAS_rep_2,GCA_963712105.1,CAVQGR010000012.1,tdcB,66,1.611e-13,0.269
FW_TWAS_rep_2,GCA_963712105.1,CAVQGR010000012.1,pepN,340,1.985e-97,0.456
FW_TWAS_rep_2,GCA_963712105.1,CAVQGR010000003.1,mmcE,539,1.547e-167,0.559
FW_TWAS_rep_2,GCA_963712105.1,CAVQGR010000012.1,acs,157,1.091e-41,0.314
FW_TWAS_rep_2,GCA_963712105.1,CAVQGR010000018.1,dppA,75,8.36e-16,0.239
FW_TWAS_rep_2,GCA_963712105.1,CAVQGR010000016.1,etfA,330,1.24e-102,0.618
FW_TWAS_rep_2,GCA_963712105.1,CAVQGR010000007.1,oppB,243,3.397e-73,0.453
FW_TWAS_rep_2,GCA_963712105.1,CAVQGR010000003.1,pgi,655,5.471e-210,0.613
FW_TWAS_rep_2,GCA_963712105.1,CAVQGR010000002.1,lctC,445,2.326e-140,0.513
FW_TWAS_rep_2,GCA_963712105.1,CAVQGR010000016.1,agl,45,1.329e-6,0.25
FW_TWAS_rep_2,GCA_963712105.1,CAVQGR010000003.1,mvhA,96,4.298e-22,0.231
FW_TWAS_rep_2,GCA_963712105.1,CAVQGR010000012.1,fhs,686,2.727e-222,0.627
FW_TWAS_rep_2,GCA_963712105.1,CAVQGR010000016.1,pfor,42,8.978e-6,0.292
FW_TWAS_rep_2,GCA_963712105.1,CAVQGR010000012.1,adhE,188,1.927e-53,0.362
FW_TWAS_rep_2,GCA_963712105.1,CAVQGR010000013.1,sucD,347,6.334e-107,0.586
FW_TWAS_rep_2,GCA_963712105.1,CAVQGR010000014.1,dppC,237,7.647e-71,0.442
FW_TWAS_rep_2,GCA_963712105.1,CAVQGR010000006.1,acs,122,2.525e-30,0.28
FW_TWAS_rep_2,GCA_963712105.1,CAVQGR010000005.1,fadB,137,2.101e-36,0.427
FW_TWAS_rep_2,GCA_963712105.1,CAVQGR010000007.1,fadB,96,6.445e-24,0.348
FW_TWAS_rep_2,GCA_963712105.1,CAVQGR010000002.1,oppA,147,1.94e-38,0.275
FW_TWAS_rep_2,GCA_963712105.1,CAVQGR010000007.1,mmcE,328,1.154e-100,0.417
FW_TWAS_rep_2,GCA_963712105.1,CAVQGR010000004.1,fadE,295,1.257e-88,0.478
FW_TWAS_rep_2,GCA_963712105.1,CAVQGR010000003.1,dppB,197,1.55e-57,0.367
FW_TWAS_rep_2,GCA_963712105.1,CAVQGR010000018.1,phospholipase,209,7.676e-61,0.459
FW_TWAS_rep_2,GCA_963712105.1,CAVQGR010000003.1,mmcF,128,4.349e-32,0.523
FW_TWAS_rep_2,GCA_963712105.1,CAVQGR010000014.1,mdh,187,1.497e-53,0.416
FW_TWAS_rep_2,GCA_963712105.1,CAVQGR010000016.1,cazy_GH13,78,7.938e-17,0.258
FW_TWAS_rep_2,GCA_963712105.1,CAVQGR010000003.1,rnfB,44,2.509e-8,0.291
FW_TWAS_rep_2,GCA_963712105.1,CAVQGR010000018.1,dppC,158,7.479e-42,0.323
FW_TWAS_rep_2,GCA_963712105.1,CAVQGR010000016.1,acs,252,1.209e-71,0.303
FW_TWAS_rep_2,GCA_963712105.1,CAVQGR010000013.1,dppA,146,1.379e-37,0.265
FW_TWAS_rep_2,GCA_963712105.1,CAVQGR010000018.1,hbd,320,1.3e-100,0.551
FW_TWAS_rep_2,GCA_963712105.1,CAVQGR010000014.1,dppB,239,1.855e-71,0.435
FW_TWAS_rep_2,GCA_963712105.1,CAVQGR010000002.1,bcd,218,1.274e-63,0.422
FW_TWAS_rep_2,GCA_963712105.1,CAVQGR010000019.1,adh,62,1.642e-12,0.277
FW_TWAS_rep_2,GCA_963712105.1,CAVQGR010000012.1,lctB,70,5.454e-14,0.25
FW_TWAS_rep_2,GCA_963712105.1,CAVQGR010000004.1,crt,149,3.434e-41,0.394
FW_TWAS_rep_2,GCA_963712105.1,CAVQGR010000016.1,tdcB,363,2.227e-113,0.535
FW_TWAS_rep_2,GCA_963712105.1,CAVQGR010000016.1,fadE,150,4.545e-39,0.343
FW_TWAS_rep_2,GCA_963712105.1,CAVQGR010000007.1,oppA,194,7.982e-54,0.318
FW_TWAS_rep_2,GCA_963712105.1,CAVQGR010000018.1,oppB,205,6.217e-60,0.365
FW_TWAS_rep_2,GCA_963712105.1,CAVQGR010000002.1,lctD,96,1.704e-23,0.339
FW_TWAS_rep_2,GCA_963712105.1,CAVQGR010000003.1,hydA,95,2.708e-22,0.259
FW_TWAS_rep_2,GCA_963712105.1,CAVQGR010000013.1,crt,63,2.105e-12,0.288
FW_TWAS_rep_2,GCA_963712105.1,CAVQGR010000013.1,sucC,383,2.455e-119,0.507
FW_TWAS_rep_2,GCA_963712105.1,CAVQGR010000007.1,dppB,441,1.301e-141,0.675
FW_TWAS_rep_2,GCA_963712105.1,CAVQGR010000016.1,hbd,248,3.377e-72,0.522
FW_TWAS_rep_2,GCA_963712105.1,CAVQGR010000003.1,etfA,77,3.104e-16,0.295
FW_TWAS_rep_2,GCA_963712105.1,CAVQGR010000012.1,fadD,224,4.304e-63,0.364
FW_TWAS_rep_2,GCA_041908585.1,JAYRFB010000061.1,fadE,293,2.65e-88,0.476
FW_TWAS_rep_2,GCA_041908585.1,JAYRFB010000219.1,mvhA,194,2.71e-53,0.31
FW_TWAS_rep_2,GCA_041908585.1,JAYRFB010000203.1,tdcB,247,1.128e-73,0.488
FW_TWAS_rep_2,GCA_041908585.1,JAYRFB010000122.1,mvhD,51,3.691e-10,0.325
FW_TWAS_rep_2,GCA_041908585.1,JAYRFB010000100.1,adhE,208,3.941e-59,0.335
FW_TWAS_rep_2,GCA_041908585.1,JAYRFB010000107.1,pta,227,3.037e-67,0.471
FW_TWAS_rep_2,GCA_041908585.1,JAYRFB010000180.1,endopeptidase,340,1.889e-101,0.478
FW_TWAS_rep_2,GCA_041908585.1,JAYRFB010000219.1,mvhG,133,7.947e-34,0.329
FW_TWAS_rep_2,GCA_041908585.1,JAYRFB010000136.1,bcd,253,1.04e-72,0.365
FW_TWAS_rep_2,GCA_041908585.1,JAYRFB010000142.1,cazy_GH13,57,1.703e-10,0.265
FW_TWAS_rep_2,GCA_041908585.1,JAYRFB010000146.1,oppA,172,1.781e-46,0.277
FW_TWAS_rep_2,GCA_041908585.1,JAYRFB010000248.1,sucC,317,2.396e-97,0.439
FW_TWAS_rep_2,GCA_041908585.1,JAYRFB010000091.1,frhB,45,1.116e-6,0.384
FW_TWAS_rep_2,GCA_041908585.1,JAYRFB010000266.1,pepQ,167,1.325e-43,0.315
FW_TWAS_rep_2,GCA_041908585.1,JAYRFB010000239.1,hydA,88,3.547e-20,0.272
FW_TWAS_rep_2,GCA_041908585.1,JAYRFB010000204.1,frhG,44,1.398e-6,0.297
FW_TWAS_rep_2,GCA_041908585.1,JAYRFB010000111.1,pfkA,194,7.805e-56,0.401
FW_TWAS_rep_2,GCA_041908585.1,JAYRFB010000037.1,folD,295,1.636e-84,0.546
FW_TWAS_rep_2,GCA_041908585.1,JAYRFB010000142.1,agl,48,1.713e-7,0.225
FW_TWAS_rep_2,GCA_041908585.1,JAYRFB010000111.1,pepN,143,1.927e-36,0.286
FW_TWAS_rep_2,GCA_041908585.1,JAYRFB010000061.1,fadB,167,1.13e-44,0.369
FW_TWAS_rep_2,GCA_041908585.1,JAYRFB010000053.1,pgi,96,9.8e-23,0.293
FW_TWAS_rep_2,GCA_041908585.1,JAYRFB010000176.1,acs,148,5.153e-39,0.282
FW_TWAS_rep_2,GCA_041908585.1,JAYRFB010000136.1,fadE,214,9.199e-60,0.335
FW_TWAS_rep_2,GCA_041908585.1,JAYRFB010000043.1,pyk,449,2.333e-138,0.525
FW_TWAS_rep_2,GCA_041908585.1,JAYRFB010000201.1,pta,176,6.132e-47,0.334
FW_TWAS_rep_2,GCA_041908585.1,JAYRFB010000262.1,fadD,58,1.499e-10,0.264
FW_TWAS_rep_2,GCA_041908585.1,JAYRFB010000185.1,frhB,53,1.717e-9,0.296
FW_TWAS_rep_2,GCA_041908585.1,JAYRFB010000021.1,etfA,148,1.32e-41,0.428
FW_TWAS_rep_2,GCA_041908585.1,JAYRFB010000058.1,crt,96,2.256e-23,0.351
FW_TWAS_rep_2,GCA_041908585.1,JAYRFB010000262.1,mmcE,294,1.182e-82,0.364
FW_TWAS_rep_2,GCA_041908585.1,JAYRFB010000136.1,thl,286,1.395e-86,0.448
FW_TWAS_rep_2,GCA_041908585.1,JAYRFB010000150.1,acs,56,2.771e-10,0.216
FW_TWAS_rep_2,GCA_041908585.1,JAYRFB010000240.1,mdh,230,1.392e-68,0.421
FW_TWAS_rep_2,GCA_041908585.1,JAYRFB010000225.1,bgl,322,4.006e-98,0.389
FW_TWAS_rep_2,GCA_041908585.1,JAYRFB010000012.1,acylglycerol_lipase,49,3.185e-8,0.274
FW_TWAS_rep_2,GCA_041908585.1,JAYRFB010000091.1,fdhA,62,5.862e-12,0.459
FW_TWAS_rep_2,GCA_041908585.1,JAYRFB010000055.1,frhB,46,6e-9,0.369
FW_TWAS_rep_2,GCA_041908585.1,JAYRFB010000135.1,agl,94,1.804e-21,0.255
FW_TWAS_rep_2,GCA_041908585.1,JAYRFB010000055.1,rnfB,48,9.09e-10,0.328
FW_TWAS_rep_2,GCA_041908585.1,JAYRFB010000177.1,fadE,178,1.726e-48,0.343
FW_TWAS_rep_2,GCA_041908585.1,JAYRFB010000100.1,aldh,219,7.675e-63,0.349
FW_TWAS_rep_2,GCA_041908585.1,JAYRFB010000219.1,frhA,145,2.029e-37,0.275
FW_TWAS_rep_2,GCA_041908585.1,JAYRFB010000180.1,pepN,151,2.471e-39,0.309
FW_TWAS_rep_2,GCA_041908585.1,JAYRFB010000058.1,hydA,43,2.807e-6,0.423
FW_TWAS_rep_2,GCA_041908585.1,JAYRFB010000236.1,cazy_CE8,44,1.402e-6,0.268
FW_TWAS_rep_2,GCA_041908585.1,JAYRFB010000108.1,acs,62,7.678e-12,0.223
FW_TWAS_rep_2,GCA_041908585.1,JAYRFB010000220.1,pepA,356,4.619e-108,0.515
FW_TWAS_rep_2,GCA_041908585.1,JAYRFB010000049.1,rnfB,42,4.466e-6,0.25
FW_TWAS_rep_2,GCA_041908585.1,JAYRFB010000177.1,pepD,47,1.109e-7,0.254
FW_TWAS_rep_2,GCA_041908585.1,JAYRFB010000129.1,cazy_CBM6,109,3.102e-26,0.492
FW_TWAS_rep_2,GCA_041908585.1,JAYRFB010000021.1,fadB,123,7.214e-33,0.42
FW_TWAS_rep_2,GCA_041908585.1,JAYRFB010000146.1,dppA,115,2.234e-28,0.243
FW_TWAS_rep_2,GCA_041908585.1,JAYRFB010000201.1,extracellular_protease,79,2.715e-17,0.364
FW_TWAS_rep_2,GCA_041908585.1,JAYRFB010000292.1,mmcF,128,1.555e-31,0.544
FW_TWAS_rep_2,GCA_041908585.1,JAYRFB010000239.1,ilvE,78,2.694e-17,0.317
FW_TWAS_rep_2,GCA_041908585.1,JAYRFB010000261.1,pepQ,65,1.714e-13,0.287
FW_TWAS_rep_2,GCA_041908585.1,JAYRFB010000251.1,fumB,91,4.307e-23,0.326
FW_TWAS_rep_2,GCA_041908585.1,JAYRFB010000189.1,etfA,223,1.188e-62,0.457
FW_TWAS_rep_2,GCA_041908585.1,JAYRFB010000091.1,hydA,442,1.042e-137,0.413
FW_TWAS_rep_2,GCA_041908585.1,JAYRFB010000058.1,frhG,44,9.221e-7,0.469
FW_TWAS_rep_2,GCA_041908585.1,JAYRFB010000180.1,gapA,138,2.382e-35,0.33
FW_TWAS_rep_2,GCA_041908585.1,JAYRFB010000157.1,extracellular_protease,168,5.926e-44,0.358
FW_TWAS_rep_2,GCA_041908585.1,JAYRFB010000026.1,etfA,75,1.869e-16,0.288
FW_TWAS_rep_2,GCA_041908585.1,JAYRFB010000177.1,bcd,214,1.982e-60,0.347
FW_TWAS_rep_2,GCA_041908585.1,JAYRFB010000236.1,extracellular_protease,148,8.513e-38,0.389
FW_TWAS_rep_2,GCA_041908585.1,JAYRFB010000292.1,mmcE,482,4.37e-142,0.5
FW_TWAS_rep_2,GCA_041908585.1,JAYRFB010000009.1,cazy_CE8,41,6.938e-6,0.341
FW_TWAS_rep_2,GCA_041908585.1,JAYRFB010000272.1,adh,44,8.318e-7,0.261
FW_TWAS_rep_2,GCA_041908585.1,JAYRFB010000136.1,fadA,370,8.911e-116,0.541
FW_TWAS_rep_2,GCA_041908585.1,JAYRFB010000118.1,extracellular_protease,107,2.399e-25,0.339
FW_TWAS_rep_2,GCA_041908585.1,JAYRFB010000177.1,pepT,216,1.543e-62,0.387
FW_TWAS_rep_2,GCA_041908585.1,JAYRFB010000091.1,frhG,46,4.867e-7,0.434
FW_TWAS_rep_2,GCA_041908585.1,JAYRFB010000204.1,mvhG,42,7.355e-6,0.454
FW_TWAS_rep_2,GCA_041908585.1,JAYRFB010000176.1,endopeptidase,298,3.156e-85,0.402
FW_TWAS_rep_2,GCA_041908585.1,JAYRFB010000175.1,ilvE,270,1.185e-80,0.434
FW_TWAS_rep_2,GCA_041908585.1,JAYRFB010000239.1,fdhA,70,1.87e-14,0.241
FW_TWAS_rep_2,GCA_041908585.1,JAYRFB010000285.1,fadD,107,1.775e-25,0.262
FW_TWAS_rep_2,GCA_041908585.1,JAYRFB010000199.1,pfor,362,1.472e-102,0.264
FW_TWAS_rep_2,GCA_041908585.1,JAYRFB010000001.1,fadE,192,6.822e-53,0.368
FW_TWAS_rep_2,GCA_041908585.1,JAYRFB010000174.1,susC,53,3.748e-9,0.293
FW_TWAS_rep_2,GCA_041908585.1,JAYRFB010000058.1,etfA,64,4.538e-13,0.302
FW_TWAS_rep_2,GCA_041908585.1,JAYRFB010000239.1,frhG,41,6.236e-6,0.225
FW_TWAS_rep_2,GCA_041908585.1,JAYRFB010000150.1,dtpT,403,6.034e-126,0.476
FW_TWAS_rep_2,GCA_041908585.1,JAYRFB010000174.1,bgl,353,1.13e-105,0.439
FW_TWAS_rep_2,GCA_041908585.1,JAYRFB010000142.1,gdh,433,1.219e-136,0.51
FW_TWAS_rep_2,GCA_041908585.1,JAYRFB010000150.1,fadD,266,7.816e-78,0.364
FW_TWAS_rep_2,GCA_041908585.1,JAYRFB010000136.1,hbd,132,3.691e-33,0.338
FW_TWAS_rep_2,GCA_041908585.1,JAYRFB010000055.1,hydA,46,6e-9,0.372
FW_TWAS_rep_2,GCA_041908585.1,JAYRFB010000107.1,pfkA,144,1.644e-38,0.328
FW_TWAS_rep_2,GCA_041908585.1,JAYRFB010000139.1,pfkA,238,1.793e-66,0.446
FW_TWAS_rep_2,GCA_041908585.1,JAYRFB010000059.1,cazy_GH13,55,5.943e-10,0.319
FW_TWAS_rep_2,GCA_041908585.1,JAYRFB010000026.1,crt,113,9.979e-29,0.347
FW_TWAS_rep_2,GCA_041908585.1,JAYRFB010000001.1,bcd,199,3.145e-55,0.358
FW_TWAS_rep_2,GCA_041908585.1,JAYRFB010000002.1,hydA,49,3.761e-8,0.385
FW_TWAS_rep_2,GCA_041908585.1,JAYRFB010000257.1,extracellular_protease,134,3.414e-34,0.333
FW_TWAS_rep_2,GCA_041908585.1,JAYRFB010000120.1,dtpT,249,5.113e-71,0.298
FW_TWAS_rep_2,GCA_041908585.1,JAYRFB010000165.1,tdcB,61,3.537e-11,0.294
FW_TWAS_rep_2,GCA_041908585.1,JAYRFB010000138.1,phospholipase,164,1.106e-42,0.428
FW_TWAS_rep_2,GCA_041908585.1,JAYRFB010000019.1,crt,84,3.518e-18,0.344
FW_TWAS_rep_2,GCA_041908585.1,JAYRFB010000058.1,frhB,50,1.869e-8,0.444
FW_TWAS_rep_2,GCA_041908585.1,JAYRFB010000021.1,crt,222,4.148e-67,0.527
FW_TWAS_rep_2,GCA_041908585.1,JAYRFB010000097.1,pepT,67,9.605e-14,0.293
FW_TWAS_rep_2,GCA_041908585.1,JAYRFB010000073.1,ilvE,66,4.99e-16,0.442
FW_TWAS_rep_2,GCA_041908585.1,JAYRFB010000220.1,fadE,291,6.05e-84,0.467
FW_TWAS_rep_2,GCA_041908585.1,JAYRFB010000058.1,rnfB,43,2.807e-6,0.362
FW_TWAS_rep_2,GCA_041908585.1,JAYRFB010000172.1,mmcG,111,3.16e-30,0.389
FW_TWAS_rep_2,GCA_041908585.1,JAYRFB010000166.1,cazy_CE8,45,5.367e-7,0.375
FW_TWAS_rep_2,GCA_041908585.1,JAYRFB010000285.1,acs,808,3.339e-260,0.576
FW_TWAS_rep_2,GCA_041908585.1,JAYRFB010000189.1,lctB,89,6.024e-20,0.301
FW_TWAS_rep_2,GCA_041908585.1,JAYRFB010000215.1,cazy_CE8,41,6.744e-6,0.358
FW_TWAS_rep_2,GCA_041908585.1,JAYRFB010000003.1,extracellular_protease,125,8.022e-31,0.294
FW_TWAS_rep_2,GCA_041908585.1,JAYRFB010000176.1,fadD,177,1.089e-48,0.321
FW_TWAS_rep_2,GCA_041908585.1,JAYRFB010000248.1,sucD,312,1.256e-97,0.553
FW_TWAS_rep_2,GCA_041908585.1,JAYRFB010000061.1,fadA,280,8.927e-85,0.444
FW_TWAS_rep_2,GCA_041908585.1,JAYRFB010000204.1,hydA,47,2.34e-8,0.258
FW_TWAS_rep_2,GCA_041908585.1,JAYRFB010000136.1,fadB,126,3.17e-31,0.305
FW_TWAS_rep_2,GCA_041908585.1,JAYRFB010000107.1,ackA,421,2.992e-132,0.553
FW_TWAS_rep_2,GCA_041908585.1,JAYRFB010000281.1,pfor,190,1.18e-53,0.344
FW_TWAS_rep_2,GCA_041908585.1,JAYRFB010000258.1,gapA,445,1.172e-142,0.68
FW_TWAS_rep_2,GCA_041908585.1,JAYRFB010000285.1,gdh,48,5.061e-8,0.292
FW_TWAS_rep_2,GCA_041908585.1,JAYRFB010000097.1,pepN,66,3.908e-13,0.266
FW_TWAS_rep_2,GCA_041908585.1,JAYRFB010000042.1,pta,129,1.586e-32,0.371
FW_TWAS_rep_2,GCA_041908585.1,JAYRFB010000262.1,acs,236,4.772e-65,0.315
FW_TWAS_rep_2,GCA_041908585.1,JAYRFB010000189.1,etfB,202,7.158e-60,0.457
FW_TWAS_rep_2,GCA_041908585.1,JAYRFB010000055.1,frhG,54,8.059e-12,0.442
FW_TWAS_rep_2,GCA_041908585.1,JAYRFB010000108.1,fadD,341,1.257e-101,0.4
FW_TWAS_rep_2,GCA_041908585.1,JAYRFB010000105.1,extracellular_protease,138,3.655e-35,0.362
FW_TWAS_rep_2,GCA_041908585.1,JAYRFB010000130.1,cazy_CE8,56,1.735e-10,0.308
FW_TWAS_rep_2,GCA_041908585.1,JAYRFB010000219.1,frhG,77,1.678e-16,0.292
FW_TWAS_rep_2,GCA_041908585.1,JAYRFB010000058.1,fadB,85,9.101e-20,0.354
FW_TWAS_rep_2,GCA_041908585.1,JAYRFB010000061.1,bcd,438,1.624e-139,0.587
FW_TWAS_rep_2,GCA_041908585.1,JAYRFB010000061.1,thl,372,2.864e-116,0.546
FW_TWAS_rep_2,GCA_041908585.1,JAYRFB010000135.1,cazy_GH13,149,3.996e-38,0.346
FW_TWAS_rep_2,GCA_041908585.1,JAYRFB010000097.1,pepD,464,1.46e-146,0.497
FW_TWAS_rep_2,GCA_041908585.1,JAYRFB010000220.1,bcd,336,4.799e-99,0.486
FW_TWAS_rep_2,GCA_041908585.1,JAYRFB010000189.1,lctC,51,1.647e-8,0.33
FW_TWAS_rep_2,GCA_041908585.1,JAYRFB010000055.1,pepN,117,1.034e-28,0.288
FW_TWAS_rep_2,GCA_041908585.1,JAYRFB010000061.1,hbd,307,3.038e-91,0.564
FW_TWAS_rep_2,GCA_041908585.1,JAYRFB010000002.1,frhB,44,8.106e-7,0.411
FW_TWAS_rep_2,GCA_041908585.1,JAYRFB010000009.1,cazy_CBM6,74,4.296e-15,0.36
FW_TWAS_rep_2,GCA_041908585.1,JAYRFB010000201.1,pgi,40,3.108e-6,0.371
FW_TWAS_rep_2,GCA_041908585.1,JAYRFB010000042.1,extracellular_protease,168,2.19e-43,0.374
FW_TWAS_rep_2,GCA_039808765.1,JBDHTQ010000005.1,dppC,145,1.198e-39,0.363
FW_TWAS_rep_2,GCA_039808765.1,JBDHTQ010000002.1,fadB,117,1.401e-28,0.275
FW_TWAS_rep_2,GCA_039808765.1,JBDHTQ010000004.1,pepQ,182,1.48e-49,0.32
FW_TWAS_rep_2,GCA_039808765.1,JBDHTQ010000009.1,gdh,1274,0.0,0.452
FW_TWAS_rep_2,GCA_039808765.1,JBDHTQ010000008.1,fadD,134,1.835e-33,0.298
FW_TWAS_rep_2,GCA_039808765.1,JBDHTQ010000007.1,fdhA,111,6.624e-27,0.23
FW_TWAS_rep_2,GCA_039808765.1,JBDHTQ010000001.1,oppA,99,2.052e-23,0.245
FW_TWAS_rep_2,GCA_039808765.1,JBDHTQ010000001.1,adh,65,1.794e-13,0.254
FW_TWAS_rep_2,GCA_039808765.1,JBDHTQ010000005.1,oppB,175,2.415e-49,0.339
FW_TWAS_rep_2,GCA_039808765.1,JBDHTQ010000007.1,frhB,41,1.073e-6,0.392
FW_TWAS_rep_2,GCA_039808765.1,JBDHTQ010000004.1,folD,267,3.151e-82,0.51
FW_TWAS_rep_2,GCA_039808765.1,JBDHTQ010000009.1,pyk,361,6.041e-111,0.435
FW_TWAS_rep_2,GCA_039808765.1,JBDHTQ010000009.1,pfkA,171,6.555e-48,0.341
FW_TWAS_rep_2,GCA_039808765.1,JBDHTQ010000009.1,cat,261,2.001e-81,0.604
FW_TWAS_rep_2,GCA_039808765.1,JBDHTQ010000002.1,acylglycerol_lipase,60,3.839e-12,0.265
FW_TWAS_rep_2,GCA_039808765.1,JBDHTQ010000003.1,adh,72,2.773e-16,0.3
FW_TWAS_rep_2,GCA_039808765.1,JBDHTQ010000005.1,gapA,306,5.722e-94,0.505
FW_TWAS_rep_2,GCA_039808765.1,JBDHTQ010000001.1,mdh,308,1.298e-95,0.54
FW_TWAS_rep_2,GCA_039808765.1,JBDHTQ010000004.1,lysophospholipase,86,4.723e-21,0.317
FW_TWAS_rep_2,GCA_039808765.1,JBDHTQ010000006.1,cat,265,3.072e-82,0.62
FW_TWAS_rep_2,GCA_039808765.1,JBDHTQ010000002.1,fadA,330,7.433e-102,0.484
FW_TWAS_rep_2,GCA_039808765.1,JBDHTQ010000005.1,lysophospholipase,73,1.097e-15,0.27
FW_TWAS_rep_2,GCA_039808765.1,JBDHTQ010000005.1,hbd,295,1.027e-91,0.551
FW_TWAS_rep_2,GCA_039808765.1,JBDHTQ010000007.1,hydA,46,2.874e-8,0.333
FW_TWAS_rep_2,GCA_039808765.1,JBDHTQ010000007.1,frhG,42,5.881e-7,0.372
FW_TWAS_rep_2,GCA_039808765.1,JBDHTQ010000008.1,ackA,295,3.279e-90,0.454
FW_TWAS_rep_2,GCA_039808765.1,JBDHTQ010000002.1,hbd,148,3.828e-38,0.272
FW_TWAS_rep_2,GCA_039808765.1,JBDHTQ010000003.1,pgi,474,1.181e-149,0.486
FW_TWAS_rep_2,GCA_039808765.1,JBDHTQ010000009.1,ilvE,123,1.055e-32,0.315
FW_TWAS_rep_2,GCA_039808765.1,JBDHTQ010000005.1,sucC,404,2.449e-127,0.539
FW_TWAS_rep_2,GCA_039808765.1,JBDHTQ010000005.1,sucD,427,2.226e-137,0.738
FW_TWAS_rep_2,GCA_039808765.1,JBDHTQ010000001.1,endopeptidase,265,5.858e-79,0.389
FW_TWAS_rep_2,GCA_039808765.1,JBDHTQ010000002.1,lysophospholipase,42,2.368e-6,0.317
FW_TWAS_rep_2,GCA_039808765.1,JBDHTQ010000005.1,dppB,163,2.44e-45,0.302
FW_TWAS_rep_2,GCA_039808765.1,JBDHTQ010000003.1,fhs,628,5.396e-202,0.581
FW_TWAS_rep_2,GCA_039808765.1,JBDHTQ010000005.1,oppA,76,4.523e-16,0.271
FW_TWAS_rep_2,GCA_039808765.1,JBDHTQ010000008.1,pepA,409,2.434e-127,0.487
FW_TWAS_rep_2,GCA_039808765.1,JBDHTQ010000001.1,dppA,78,5.461e-17,0.225
FW_TWAS_rep_2,GCA_039808765.1,JBDHTQ010000005.1,fadB,171,3.499e-49,0.367
FW_TWAS_rep_2,GCA_039808765.1,JBDHTQ010000005.1,dppA,70,2.902e-14,0.229
FW_TWAS_rep_2,GCA_039808765.1,JBDHTQ010000002.1,thl,430,1.959e-136,0.597
FW_TWAS_rep_2,GCA_039808765.1,JBDHTQ010000007.1,rnfB,40,2.637e-6,0.338
FW_TWAS_rep_2,GCA_039808765.1,JBDHTQ010000008.1,acs,83,6.828e-18,0.23
FW_TWAS_rep_2,GCA_039808765.1,JBDHTQ010000003.1,crt,51,4.387e-9,0.467
FW_TWAS_rep_2,GCA_039808765.1,JBDHTQ010000005.1,crt,87,2.718e-20,0.303
FW_TWAS_rep_2,GCA_039808765.1,JBDHTQ010000003.1,extracellular_protease,150,1.594e-38,0.349
FW_TWAS_rep_2,GCA_039808765.1,JBDHTQ010000008.1,pta,178,4.49e-49,0.452
FW_TWAS_rep_2,GCA_964247385.1,CAXTUB010000007.1,pepO,668,8.85e-213,0.519
FW_TWAS_rep_2,GCA_964247385.1,CAXTUB010000012.1,pfor,40,5.121e-6,0.325
FW_TWAS_rep_2,GCA_964247385.1,CAXTUB010000005.1,mdh,178,5.91e-51,0.408
FW_TWAS_rep_2,GCA_964247385.1,CAXTUB010000016.1,acs,758,1.428e-244,0.589
FW_TWAS_rep_2,GCA_964247385.1,CAXTUB010000001.1,frhG,43,8.026e-7,0.258
FW_TWAS_rep_2,GCA_964247385.1,CAXTUB010000005.1,fadD,168,1.896e-45,0.311
FW_TWAS_rep_2,GCA_964247385.1,CAXTUB010000004.1,pfkA,60,1.499e-11,0.277
FW_TWAS_rep_2,GCA_964247385.1,CAXTUB010000012.1,acs,57,2.669e-10,0.228
FW_TWAS_rep_2,GCA_964247385.1,CAXTUB010000001.1,oppB,272,1.014e-83,0.5
FW_TWAS_rep_2,GCA_964247385.1,CAXTUB010000023.1,agl,46,3.982e-7,0.257
FW_TWAS_rep_2,GCA_964247385.1,CAXTUB010000023.1,cazy_GH13,71,1.072e-14,0.291
FW_TWAS_rep_2,GCA_964247385.1,CAXTUB010000008.1,bcd,111,4.83e-27,0.289
FW_TWAS_rep_2,GCA_964247385.1,CAXTUB010000008.1,oppA,317,1.767e-95,0.378
FW_TWAS_rep_2,GCA_964247385.1,CAXTUB010000004.1,fadD,138,3.008e-35,0.303
FW_TWAS_rep_2,GCA_964247385.1,CAXTUB010000003.1,ackA,280,1.142e-84,0.417
FW_TWAS_rep_2,GCA_964247385.1,CAXTUB010000002.1,pepA,376,3.906e-116,0.483
FW_TWAS_rep_2,GCA_964247385.1,CAXTUB010000016.1,thl,207,2.08e-59,0.364
FW_TWAS_rep_2,GCA_964247385.1,CAXTUB010000001.1,crt,112,1.775e-29,0.343
FW_TWAS_rep_2,GCA_964247385.1,CAXTUB010000020.1,folD,299,1.135e-92,0.539
FW_TWAS_rep_2,GCA_964247385.1,CAXTUB010000008.1,cazy_GH13,187,1.579e-51,0.366
FW_TWAS_rep_2,GCA_964247385.1,CAXTUB010000005.1,dppA,274,1.064e-80,0.333
FW_TWAS_rep_2,GCA_964247385.1,CAXTUB010000001.1,fadE,226,5.353e-66,0.407
FW_TWAS_rep_2,GCA_964247385.1,CAXTUB010000001.1,fdhA,101,9.363e-24,0.24
FW_TWAS_rep_2,GCA_964247385.1,CAXTUB010000008.1,dppB,235,5.351e-65,0.414
FW_TWAS_rep_2,GCA_964247385.1,CAXTUB010000023.1,crt,59,1.297e-11,0.437
FW_TWAS_rep_2,GCA_964247385.1,CAXTUB010000004.1,sucC,387,1.132e-121,0.535
FW_TWAS_rep_2,GCA_964247385.1,CAXTUB010000020.1,pfkA,53,7.314e-10,0.288
FW_TWAS_rep_2,GCA_964247385.1,CAXTUB010000002.1,cazy_GH13,72,6.822e-15,0.271
FW_TWAS_rep_2,GCA_964247385.1,CAXTUB010000001.1,fadB,238,8.239e-70,0.343
FW_TWAS_rep_2,GCA_964247385.1,CAXTUB010000005.1,acs,119,1.143e-29,0.276
FW_TWAS_rep_2,GCA_964247385.1,CAXTUB010000008.1,oppB,188,3.721e-50,0.377
FW_TWAS_rep_2,GCA_964247385.1,CAXTUB010000007.1,rnfB,44,6.604e-8,0.346
FW_TWAS_rep_2,GCA_964247385.1,CAXTUB010000006.1,tdcB,74,8.468e-16,0.316
FW_TWAS_rep_2,GCA_964247385.1,CAXTUB010000020.1,lctC,48,6.471e-8,0.301
FW_TWAS_rep_2,GCA_964247385.1,CAXTUB010000003.1,pepQ,60,4.048e-12,0.268
FW_TWAS_rep_2,GCA_964247385.1,CAXTUB010000012.1,cdhC,41,2.886e-6,0.424
FW_TWAS_rep_2,GCA_964247385.1,CAXTUB010000023.1,bcd,240,3.856e-71,0.358
FW_TWAS_rep_2,GCA_964247385.1,CAXTUB010000008.1,dppC,183,3.82e-49,0.436
FW_TWAS_rep_2,GCA_964247385.1,CAXTUB010000008.1,mmcE,289,5.184e-81,0.355
FW_TWAS_rep_2,GCA_964247385.1,CAXTUB010000016.1,fadA,216,1.762e-62,0.371
FW_TWAS_rep_2,GCA_964247385.1,CAXTUB010000010.1,etfA,132,2.258e-34,0.339
FW_TWAS_rep_2,GCA_964247385.1,CAXTUB010000016.1,fadD,136,1.812e-34,0.291
FW_TWAS_rep_2,GCA_964247385.1,CAXTUB010000002.1,extracellular_protease,108,6.453e-26,0.329
FW_TWAS_rep_2,GCA_964247385.1,CAXTUB010000001.1,pepA,240,2.759e-70,0.432
FW_TWAS_rep_2,GCA_964247385.1,CAXTUB010000004.1,folD,314,2.399e-98,0.563
FW_TWAS_rep_2,GCA_964247385.1,CAXTUB010000003.1,bcd,70,1.108e-14,0.261
FW_TWAS_rep_2,GCA_964247385.1,CAXTUB010000011.1,fadE,42,2.267e-8,0.72
FW_TWAS_rep_2,GCA_964247385.1,CAXTUB010000017.1,dtpT,240,2.781e-70,0.329
FW_TWAS_rep_2,GCA_964247385.1,CAXTUB010000012.1,frhB,40,6.82e-6,0.404
FW_TWAS_rep_2,GCA_964247385.1,CAXTUB010000001.1,bcd,286,2.373e-86,0.43
FW_TWAS_rep_2,GCA_964247385.1,CAXTUB010000007.1,cat,195,7.244e-58,0.492
FW_TWAS_rep_2,GCA_964247385.1,CAXTUB010000022.1,fadA,253,5.303e-75,0.421
FW_TWAS_rep_2,GCA_964247385.1,CAXTUB010000008.1,acylglycerol_lipase,59,1.02e-11,0.269
FW_TWAS_rep_2,GCA_964247385.1,CAXTUB010000003.1,fadD,191,1.032e-52,0.329
FW_TWAS_rep_2,GCA_964247385.1,CAXTUB010000005.1,dtpT,377,3.581e-116,0.435
FW_TWAS_rep_2,GCA_964247385.1,CAXTUB010000001.1,etfB,284,6.096e-89,0.629
FW_TWAS_rep_2,GCA_964247385.1,CAXTUB010000004.1,gapA,319,2.242e-99,0.503
FW_TWAS_rep_2,GCA_964247385.1,CAXTUB010000004.1,pyk,311,2.771e-93,0.415
FW_TWAS_rep_2,GCA_964247385.1,CAXTUB010000001.1,hbd,201,3.065e-57,0.382
FW_TWAS_rep_2,GCA_964247385.1,CAXTUB010000008.1,fadD,63,2.944e-12,0.266
FW_TWAS_rep_2,GCA_964247385.1,CAXTUB010000006.1,acs,119,2.045e-29,0.272
FW_TWAS_rep_2,GCA_964247385.1,CAXTUB010000011.1,pgi,201,9.43e-60,0.432
FW_TWAS_rep_2,GCA_964247385.1,CAXTUB010000001.1,dppC,193,1.406e-54,0.43
FW_TWAS_rep_2,GCA_964247385.1,CAXTUB010000006.1,fadD,210,8.122e-59,0.342
FW_TWAS_rep_2,GCA_964247385.1,CAXTUB010000012.1,rnfB,170,1.639e-49,0.575
FW_TWAS_rep_2,GCA_964247385.1,CAXTUB010000008.1,fadE,147,3.893e-38,0.332
FW_TWAS_rep_2,GCA_964247385.1,CAXTUB010000024.1,pepQ,176,5.308e-49,0.339
FW_TWAS_rep_2,GCA_964247385.1,CAXTUB010000008.1,dppA,244,1.353e-70,0.316
FW_TWAS_rep_2,GCA_964247385.1,CAXTUB010000004.1,ilvE,202,4.888e-57,0.389
FW_TWAS_rep_2,GCA_964247385.1,CAXTUB010000020.1,lctB,81,7.509e-18,0.259
FW_TWAS_rep_2,GCA_964247385.1,CAXTUB010000003.1,acs,173,8.988e-47,0.305
FW_TWAS_rep_2,GCA_964247385.1,CAXTUB010000006.1,lysophospholipase,170,5.187e-50,0.429
FW_TWAS_rep_2,GCA_964247385.1,CAXTUB010000005.1,oppA,359,9.701e-110,0.417
FW_TWAS_rep_2,GCA_964247385.1,CAXTUB010000022.1,gdh,1459,0.0,0.517
FW_TWAS_rep_2,GCA_964247385.1,CAXTUB010000017.1,fhs,700,8.436e-227,0.616
FW_TWAS_rep_2,GCA_964247385.1,CAXTUB010000023.1,fadE,164,2.757e-45,0.334
FW_TWAS_rep_2,GCA_964247385.1,CAXTUB010000008.1,agl,313,5.904e-94,0.423
FW_TWAS_rep_2,GCA_964247385.1,CAXTUB010000012.1,hydA,44,3.857e-7,0.392
FW_TWAS_rep_2,GCA_964247385.1,CAXTUB010000001.1,dppB,263,1.377e-80,0.481
FW_TWAS_rep_2,GCA_964247385.1,CAXTUB010000012.1,fadD,158,2.648e-41,0.297
FW_TWAS_rep_2,GCA_964247385.1,CAXTUB010000016.1,aldh,71,6.904e-15,0.257
FW_TWAS_rep_2,GCA_964247385.1,CAXTUB010000020.1,cat,245,9.387e-74,0.577
FW_TWAS_rep_2,GCA_964247385.1,CAXTUB010000001.1,hydA,80,2.918e-17,0.294
FW_TWAS_rep_2,GCA_964247385.1,CAXTUB010000007.1,cazy_GH13,44,1.776e-6,0.275
FW_TWAS_rep_2,GCA_964247385.1,CAXTUB010000004.1,tdcB,86,6.307e-20,0.303
FW_TWAS_rep_2,GCA_964247385.1,CAXTUB010000014.1,pepQ,86,1.174e-19,0.314
FW_TWAS_rep_2,GCA_964247385.1,CAXTUB010000001.1,edd,227,1.148e-64,0.346
FW_TWAS_rep_2,GCA_964247385.1,CAXTUB010000005.1,fadE,104,1.431e-24,0.262
FW_TWAS_rep_2,GCA_964247385.1,CAXTUB010000001.1,etfA,252,1.769e-75,0.514
FW_TWAS_rep_2,GCA_964247385.1,CAXTUB010000010.1,etfB,134,4.099e-36,0.381
FW_TWAS_rep_2,GCA_964247385.1,CAXTUB010000005.1,bcd,117,1.52e-28,0.293
FW_TWAS_rep_2,GCA_964247385.1,CAXTUB010000004.1,sucD,376,3.977e-119,0.654
FW_TWAS_rep_2,GCA_964247385.1,CAXTUB010000022.1,thl,380,1.292e-118,0.539
FW_TWAS_rep_2,GCA_013287665.1,JABDDK010000031.1,pepQ,218,1.594e-61,0.364
FW_TWAS_rep_2,GCA_013287665.1,JABDDK010000019.1,hbd,226,2.81e-63,0.416
FW_TWAS_rep_2,GCA_013287665.1,JABDDK010000015.1,crt,115,1.739e-30,0.329
FW_TWAS_rep_2,GCA_013287665.1,JABDDK010000001.1,fadD,132,1.089e-33,0.265
FW_TWAS_rep_2,GCA_013287665.1,JABDDK010000016.1,lysophospholipase,72,2.392e-16,0.304
FW_TWAS_rep_2,GCA_013287665.1,JABDDK010000029.1,sucD,426,4.568e-137,0.742
FW_TWAS_rep_2,GCA_013287665.1,JABDDK010000001.1,pgi,104,8.986e-26,0.295
FW_TWAS_rep_2,GCA_013287665.1,JABDDK010000001.1,ackA,332,3.994e-103,0.469
FW_TWAS_rep_2,GCA_013287665.1,JABDDK010000036.1,thl,385,2.985e-121,0.565
FW_TWAS_rep_2,GCA_013287665.1,JABDDK010000019.1,crt,141,3.465e-36,0.344
FW_TWAS_rep_2,GCA_013287665.1,JABDDK010000039.1,acs,95,3.719e-22,0.245
FW_TWAS_rep_2,GCA_013287665.1,JABDDK010000016.1,crt,85,1.191e-19,0.287
FW_TWAS_rep_2,GCA_013287665.1,JABDDK010000044.1,mmcG,148,8.724e-43,0.462
FW_TWAS_rep_2,GCA_013287665.1,JABDDK010000056.1,adh,75,3.351e-17,0.273
FW_TWAS_rep_2,GCA_013287665.1,JABDDK010000016.1,bcd,274,4.319e-83,0.409
FW_TWAS_rep_2,GCA_013287665.1,JABDDK010000024.1,folD,274,7.154e-85,0.494
FW_TWAS_rep_2,GCA_013287665.1,JABDDK010000025.1,tdcB,307,2.156e-94,0.43
FW_TWAS_rep_2,GCA_013287665.1,JABDDK010000003.1,frhG,43,2.338e-7,0.392
FW_TWAS_rep_2,GCA_013287665.1,JABDDK010000003.1,frhB,40,2.591e-6,0.392
FW_TWAS_rep_2,GCA_013287665.1,JABDDK010000004.1,etfB,314,3.262e-99,0.646
FW_TWAS_rep_2,GCA_013287665.1,JABDDK010000026.1,acs,84,1.233e-18,0.226
FW_TWAS_rep_2,GCA_013287665.1,JABDDK010000004.1,pfkA,178,1.51e-50,0.335
FW_TWAS_rep_2,GCA_013287665.1,JABDDK010000005.1,fadE,166,3.778e-46,0.321
FW_TWAS_rep_2,GCA_013287665.1,JABDDK010000001.1,fadB,123,1.471e-32,0.402
FW_TWAS_rep_2,GCA_013287665.1,JABDDK010000001.1,etfA,132,9.29e-36,0.402
FW_TWAS_rep_2,GCA_013287665.1,JABDDK010000003.1,hydA,100,1.549e-23,0.292
FW_TWAS_rep_2,GCA_013287665.1,JABDDK010000009.1,fadE,124,3.971e-31,0.315
FW_TWAS_rep_2,GCA_013287665.1,JABDDK010000036.1,crt,121,1.246e-32,0.321
FW_TWAS_rep_2,GCA_013287665.1,JABDDK010000001.1,pta,214,1.484e-61,0.479
FW_TWAS_rep_2,GCA_013287665.1,JABDDK010000036.1,bcd,296,2.166e-90,0.436
FW_TWAS_rep_2,GCA_013287665.1,JABDDK010000009.1,bcd,118,2.776e-29,0.292
FW_TWAS_rep_2,GCA_013287665.1,JABDDK010000001.1,adh,59,6.727e-12,0.25
FW_TWAS_rep_2,GCA_013287665.1,JABDDK010000016.1,fadE,254,4.764e-76,0.421
FW_TWAS_rep_2,GCA_013287665.1,JABDDK010000016.1,adh,79,2.229e-18,0.302
FW_TWAS_rep_2,GCA_013287665.1,JABDDK010000039.1,fadD,236,7.814e-68,0.338
FW_TWAS_rep_2,GCA_013287665.1,JABDDK010000043.1,fadB,176,6.391e-51,0.369
FW_TWAS_rep_2,GCA_013287665.1,JABDDK010000002.1,mmcF,127,7.166e-32,0.488
FW_TWAS_rep_2,GCA_013287665.1,JABDDK010000043.1,hbd,297,1.443e-92,0.513
FW_TWAS_rep_2,GCA_013287665.1,JABDDK010000002.1,mmcE,577,5.287e-182,0.559
FW_TWAS_rep_2,GCA_013287665.1,JABDDK010000001.1,acs,767,2.286e-248,0.614
FW_TWAS_rep_2,GCA_013287665.1,JABDDK010000036.1,fadA,249,1.626e-74,0.417
FW_TWAS_rep_2,GCA_013287665.1,JABDDK010000003.1,fadD,138,7.846e-35,0.285
FW_TWAS_rep_2,GCA_013287665.1,JABDDK010000016.1,etfA,51,3.542e-9,0.238
FW_TWAS_rep_2,GCA_013287665.1,JABDDK010000015.1,etfA,74,9.732e-17,0.3
FW_TWAS_rep_2,GCA_013287665.1,JABDDK010000005.1,bcd,206,8.836e-60,0.345
FW_TWAS_rep_2,GCA_013287665.1,JABDDK010000019.1,etfA,82,4.263e-18,0.344
FW_TWAS_rep_2,GCA_013287665.1,JABDDK010000019.1,fadB,400,1.255e-121,0.339
FW_TWAS_rep_2,GCA_013287665.1,JABDDK010000019.1,fadA,317,1.867e-97,0.466
FW_TWAS_rep_2,GCA_013287665.1,JABDDK010000036.1,fadE,229,1.158e-67,0.388
FW_TWAS_rep_2,GCA_013287665.1,JABDDK010000003.1,acs,91,2.077e-20,0.235
FW_TWAS_rep_2,GCA_013287665.1,JABDDK010000029.1,sucC,389,2.173e-122,0.52
FW_TWAS_rep_2,GCA_013287665.1,JABDDK010000013.1,gdh,116,8.521e-30,0.297
FW_TWAS_rep_2,GCA_013287665.1,JABDDK010000002.1,lysophospholipase,74,3.495e-17,0.31
FW_TWAS_rep_2,GCA_013287665.1,JABDDK010000001.1,crt,289,1.5e-89,0.59
FW_TWAS_rep_2,GCA_013287665.1,JABDDK010000001.1,pepA,356,1.369e-109,0.429
FW_TWAS_rep_2,GCA_013287665.1,JABDDK010000003.1,fdhA,128,2.788e-32,0.231
FW_TWAS_rep_2,GCA_013287665.1,JABDDK010000004.1,etfA,328,8.359e-103,0.592
FW_TWAS_rep_2,GCA_013287665.1,JABDDK010000019.1,thl,294,1.015e-89,0.445
FW_TWAS_rep_2,GCA_013287665.1,JABDDK010000002.1,acylglycerol_lipase,48,3.28e-8,0.275
FW_TWAS_rep_2,GCA_013287665.1,JABDDK010000016.1,fadB,64,4.008e-13,0.242
FW_TWAS_rep_2,GCA_013287665.1,JABDDK010000009.1,gdh,1364,0.0,0.47
FW_TWAS_rep_2,GCA_013287665.1,JABDDK010000026.1,fadD,191,2.657e-52,0.3
FW_TWAS_rep_2,GCA_937871805.1,CALMQB010000001.1,bgl,168,1.717e-46,0.307
FW_TWAS_rep_2,GCA_937871805.1,CALMQB010000002.1,gapA,296,2.639e-91,0.452
FW_TWAS_rep_2,GCA_937871805.1,CALMQB010000002.1,adh,72,3.159e-16,0.318
FW_TWAS_rep_2,GCA_937871805.1,CALMQB010000002.1,folD,157,1.32e-44,0.372
FW_TWAS_rep_2,GCA_937871805.1,CALMQB010000002.1,pyk,313,8.655e-95,0.387
FW_TWAS_rep_2,GCA_937871805.1,CALMQB010000002.1,pepN,147,1.019e-37,0.321
FW_TWAS_rep_2,GCA_937871805.1,CALMQB010000002.1,pepD,61,8.905e-13,0.258
FW_TWAS_rep_2,GCA_937871805.1,CALMQB010000002.1,extracellular_protease,134,1.94e-34,0.326
FW_TWAS_rep_2,GCA_937871805.1,CALMQB010000001.1,cazy_GH10,48,6.505e-8,0.338
FW_TWAS_rep_2,GCA_937871805.1,CALMQB010000002.1,dppA,65,7.202e-13,0.249
FW_TWAS_rep_2,GCA_937871805.1,CALMQB010000002.1,oppA,105,3.237e-25,0.268
FW_TWAS_rep_2,GCA_025361645.1,JANYKI010000027.1,tdcB,58,4.058e-11,0.269
FW_TWAS_rep_2,GCA_025361645.1,JANYKI010000030.1,mtrA,214,2.428e-63,0.464
FW_TWAS_rep_2,GCA_025361645.1,JANYKI010000047.1,hydA,50,1.178e-8,0.323
FW_TWAS_rep_2,GCA_025361645.1,JANYKI010000126.1,hydA,40,3.999e-6,0.377
FW_TWAS_rep_2,GCA_025361645.1,JANYKI010000134.1,pgi,141,1.674e-39,0.369
FW_TWAS_rep_2,GCA_025361645.1,JANYKI010000110.1,cdhE,149,6.349e-43,0.444
FW_TWAS_rep_2,GCA_025361645.1,JANYKI010000134.1,fumB,100,1.224e-24,0.318
FW_TWAS_rep_2,GCA_025361645.1,JANYKI010000051.1,hydA,55,3.038e-12,0.47
FW_TWAS_rep_2,GCA_025361645.1,JANYKI010000104.1,fdhA,100,5.26e-24,0.289
FW_TWAS_rep_2,GCA_025361645.1,JANYKI010000047.1,fwdA,508,6.263e-160,0.462
FW_TWAS_rep_2,GCA_025361645.1,JANYKI010000130.1,mvhG,122,3.587e-30,0.446
FW_TWAS_rep_2,GCA_025361645.1,JANYKI010000014.1,hydA,110,2.016e-26,0.296
FW_TWAS_rep_2,GCA_025361645.1,JANYKI010000103.1,mtd,281,7.45e-87,0.562
FW_TWAS_rep_2,GCA_025361645.1,JANYKI010000128.1,cdhC,47,4.809e-8,0.439
FW_TWAS_rep_2,GCA_025361645.1,JANYKI010000019.1,mcrB,583,7.148e-189,0.67
FW_TWAS_rep_2,GCA_025361645.1,JANYKI010000130.1,hydA,48,4.744e-8,0.266
FW_TWAS_rep_2,GCA_025361645.1,JANYKI010000130.1,frhG,45,3.396e-7,0.294
FW_TWAS_rep_2,GCA_025361645.1,JANYKI010000047.1,rnfB,46,2.6e-7,0.269
FW_TWAS_rep_2,GCA_025361645.1,JANYKI010000087.1,extracellular_protease,169,5.737e-44,0.388
FW_TWAS_rep_2,GCA_025361645.1,JANYKI010000110.1,cdhD,357,1.016e-110,0.57
FW_TWAS_rep_2,GCA_025361645.1,JANYKI010000110.1,lctC,44,2.47e-6,0.262
FW_TWAS_rep_2,GCA_025361645.1,JANYKI010000010.1,acs,271,1.075e-78,0.349
FW_TWAS_rep_2,GCA_025361645.1,JANYKI010000101.1,ftr,334,1.95e-105,0.61
FW_TWAS_rep_2,GCA_025361645.1,JANYKI010000061.1,fadD,147,3.036e-38,0.279
FW_TWAS_rep_2,GCA_025361645.1,JANYKI010000061.1,rnfB,41,1.55e-6,0.268
FW_TWAS_rep_2,GCA_025361645.1,JANYKI010000114.1,fadD,231,3.637e-66,0.322
FW_TWAS_rep_2,GCA_025361645.1,JANYKI010000082.1,frhB,222,9.79e-65,0.417
FW_TWAS_rep_2,GCA_025361645.1,JANYKI010000059.1,edd,230,6.378e-66,0.305
FW_TWAS_rep_2,GCA_025361645.1,JANYKI010000128.1,hydA,40,4.87e-6,0.307
FW_TWAS_rep_2,GCA_025361645.1,JANYKI010000027.1,frhB,40,8.947e-8,0.416
FW_TWAS_rep_2,GCA_025361645.1,JANYKI010000019.1,mcrA,771,1.059e-251,0.674
FW_TWAS_rep_2,GCA_025361645.1,JANYKI010000009.1,rnfB,44,4.495e-7,0.258
FW_TWAS_rep_2,GCA_025361645.1,JANYKI010000077.1,adhE,57,1.354e-10,0.221
FW_TWAS_rep_2,GCA_025361645.1,JANYKI010000089.1,acs,655,2.077e-209,0.555
FW_TWAS_rep_2,GCA_025361645.1,JANYKI010000089.1,fdhA,55,6.872e-10,0.313
FW_TWAS_rep_2,GCA_025361645.1,JANYKI010000132.1,gdh,478,8.936e-153,0.578
FW_TWAS_rep_2,GCA_025361645.1,JANYKI010000061.1,frhG,45,8.64e-8,0.281
FW_TWAS_rep_2,GCA_025361645.1,JANYKI010000101.1,pfor,182,2.149e-51,0.338
FW_TWAS_rep_2,GCA_025361645.1,JANYKI010000104.1,fwdA,526,1.699e-166,0.488
FW_TWAS_rep_2,GCA_025361645.1,JANYKI010000023.1,frhB,45,6.266e-8,0.323
FW_TWAS_rep_2,GCA_025361645.1,JANYKI010000049.1,lctC,52,2.805e-9,0.344
FW_TWAS_rep_2,GCA_025361645.1,JANYKI010000061.1,hydA,40,1.954e-6,0.36
FW_TWAS_rep_2,GCA_025361645.1,JANYKI010000027.1,rnfB,45,1.928e-9,0.327
FW_TWAS_rep_2,GCA_025361645.1,JANYKI010000101.1,frhG,40,2.196e-6,0.377
FW_TWAS_rep_2,GCA_025361645.1,JANYKI010000089.1,fadD,130,6.075e-33,0.275
FW_TWAS_rep_2,GCA_025361645.1,JANYKI010000112.1,extracellular_protease,198,1.409e-54,0.356
FW_TWAS_rep_2,GCA_025361645.1,JANYKI010000061.1,acs,677,4.572e-217,0.556
FW_TWAS_rep_2,GCA_025361645.1,JANYKI010000099.1,rnfB,57,5.274e-12,0.3
FW_TWAS_rep_2,GCA_025361645.1,JANYKI010000093.1,endopeptidase,275,3.64e-78,0.515
FW_TWAS_rep_2,GCA_025361645.1,JANYKI010000018.1,mch,274,3.406e-84,0.431
FW_TWAS_rep_2,GCA_025361645.1,JANYKI010000051.1,frhB,53,1.477e-11,0.51
FW_TWAS_rep_2,GCA_025361645.1,JANYKI010000047.1,frhG,41,5.7e-6,0.31
FW_TWAS_rep_2,GCA_025361645.1,JANYKI010000103.1,esterase,255,2.675e-72,0.349
FW_TWAS_rep_2,GCA_025361645.1,JANYKI010000082.1,frhG,49,1.965e-8,0.375
FW_TWAS_rep_2,GCA_025361645.1,JANYKI010000010.1,fdhA,596,2.687e-188,0.47
FW_TWAS_rep_2,GCA_025361645.1,JANYKI010000091.1,lctB,68,5.392e-14,0.234
FW_TWAS_rep_2,GCA_025361645.1,JANYKI010000023.1,frhG,54,5.903e-11,0.421
FW_TWAS_rep_2,GCA_025361645.1,JANYKI010000049.1,lctB,68,3.281e-14,0.256
FW_TWAS_rep_2,GCA_025361645.1,JANYKI010000047.1,frhB,47,8.448e-8,0.291
FW_TWAS_rep_2,GCA_025361645.1,JANYKI010000077.1,aldh,61,1.101e-11,0.256
FW_TWAS_rep_2,GCA_025361645.1,JANYKI010000027.1,frhG,49,7.905e-11,0.406
FW_TWAS_rep_2,GCA_025361645.1,JANYKI010000026.1,pfkA,192,4.611e-56,0.403
FW_TWAS_rep_2,GCA_025361645.1,JANYKI010000130.1,pfor,47,8.328e-8,0.326
FW_TWAS_rep_2,GCA_025361645.1,JANYKI010000051.1,rnfB,50,1.351e-10,0.396
FW_TWAS_rep_2,GCA_025361645.1,JANYKI010000110.1,cdhC,330,5.372e-101,0.385
FW_TWAS_rep_2,GCA_025361645.1,JANYKI010000126.1,frhB,49,6.461e-9,0.44
FW_TWAS_rep_2,GCA_025361645.1,JANYKI010000010.1,fadD,135,1.717e-34,0.267
FW_TWAS_rep_2,GCA_025361645.1,JANYKI010000009.1,frhB,44,5.984e-7,0.382
FW_TWAS_rep_2,GCA_025361645.1,JANYKI010000047.1,pfor,44,7.997e-7,0.328
FW_TWAS_rep_2,GCA_025361645.1,JANYKI010000089.1,frhB,181,2.846e-50,0.354
FW_TWAS_rep_2,GCA_025361645.1,JANYKI010000094.1,mer,298,9.173e-92,0.473
FW_TWAS_rep_2,GCA_025361645.1,JANYKI010000027.1,hydA,43,1.312e-8,0.409
FW_TWAS_rep_2,GCA_025361645.1,JANYKI010000026.1,cazy_CE8,43,3.602e-6,0.336
FW_TWAS_rep_2,GCA_025361645.1,JANYKI010000130.1,mvhD,174,3.926e-46,0.543
FW_TWAS_rep_2,GCA_025361645.1,JANYKI010000014.1,fdhA,694,7.713e-219,0.445
FW_TWAS_rep_2,GCA_025361645.1,JANYKI010000089.1,hydA,91,4.249e-21,0.302
FW_TWAS_rep_2,GCA_025361645.1,JANYKI010000114.1,acs,183,3.14e-50,0.29
FW_TWAS_rep_2,GCA_025361645.1,JANYKI010000126.1,frhG,42,1.252e-6,0.377
FW_TWAS_rep_2,GCA_025361645.1,JANYKI010000023.1,hydA,44,1.543e-7,0.351
FW_TWAS_rep_2,GCA_025361645.1,JANYKI010000056.1,frhG,44,6.306e-9,0.393
FW_TWAS_rep_2,GCA_025361645.1,JANYKI010000105.1,folD,320,9.653e-101,0.566
FW_TWAS_rep_2,GCA_025361645.1,JANYKI010000051.1,frhG,48,8.998e-10,0.37
FW_TWAS_rep_2,GCA_025361645.1,JANYKI010000010.1,rnfB,51,9.269e-9,0.298
FW_TWAS_rep_2,GCA_025361645.1,JANYKI010000099.1,cdhC,57,5.274e-12,0.462
FW_TWAS_rep_2,GCA_025361645.1,JANYKI010000126.1,rnfB,40,3.999e-6,0.351
FW_TWAS_rep_2,GCA_025361645.1,JANYKI010000089.1,frhG,48,2.418e-8,0.389
FW_TWAS_rep_2,GCA_025361645.1,JANYKI010000080.1,pepQ,76,7.379e-17,0.344
FW_TWAS_rep_2,GCA_025361645.1,JANYKI010000061.1,frhB,51,2.901e-9,0.45
FW_TWAS_rep_2,GCA_025361645.1,JANYKI010000130.1,rnfB,42,2.425e-6,0.259
FW_TWAS_rep_2,GCA_025361645.1,JANYKI010000130.1,frhB,52,2.138e-9,0.322
FW_TWAS_rep_2,GCA_900299265.1,OMJC01000094.1,fadD,162,1.097e-43,0.315
FW_TWAS_rep_2,GCA_900299265.1,OMJC01000245.1,fadE,296,6.933e-91,0.483
FW_TWAS_rep_2,GCA_900299265.1,OMJC01000324.1,esterase,46,1.212e-7,0.302
FW_TWAS_rep_2,GCA_900299265.1,OMJC01000180.1,frhB,44,2.493e-7,0.448
FW_TWAS_rep_2,GCA_900299265.1,OMJC01000281.1,acs,272,1.388e-78,0.301
FW_TWAS_rep_2,GCA_900299265.1,OMJC01000238.1,fadE,147,5.252e-38,0.337
FW_TWAS_rep_2,GCA_900299265.1,OMJC01000340.1,adh,46,1.145e-7,0.325
FW_TWAS_rep_2,GCA_900299265.1,OMJC01000189.1,etfA,54,1.46e-9,0.321
FW_TWAS_rep_2,GCA_900299265.1,OMJC01000296.1,acs,150,1.687e-39,0.281
FW_TWAS_rep_2,GCA_900299265.1,OMJC01000280.1,fadA,329,9.782e-102,0.521
FW_TWAS_rep_2,GCA_900299265.1,OMJC01000280.1,cat,215,4.162e-65,0.515
FW_TWAS_rep_2,GCA_900299265.1,OMJC01000216.1,lysophospholipase,160,1.421e-46,0.367
FW_TWAS_rep_2,GCA_900299265.1,OMJC01000222.1,adh,56,5.969e-11,0.291
FW_TWAS_rep_2,GCA_900299265.1,OMJC01000205.1,mdh,177,3.917e-50,0.408
FW_TWAS_rep_2,GCA_900299265.1,OMJC01000066.1,fadD,157,3.327e-42,0.279
FW_TWAS_rep_2,GCA_900299265.1,OMJC01000296.1,fadD,221,1.243e-62,0.329
FW_TWAS_rep_2,GCA_900299265.1,OMJC01000120.1,fadB,391,1.903e-118,0.345
FW_TWAS_rep_2,GCA_900299265.1,OMJC01000075.1,acs,722,2.139e-232,0.561
FW_TWAS_rep_2,GCA_900299265.1,OMJC01000185.1,crt,49,4.659e-10,0.369
FW_TWAS_rep_2,GCA_900299265.1,OMJC01000202.1,mmcF,78,1.278e-16,0.371
FW_TWAS_rep_2,GCA_900299265.1,OMJC01000104.1,thl,277,1.111e-83,0.437
FW_TWAS_rep_2,GCA_900299265.1,OMJC01000348.1,pepA,302,8.11e-95,0.549
FW_TWAS_rep_2,GCA_900299265.1,OMJC01000189.1,crt,65,4.594e-13,0.338
FW_TWAS_rep_2,GCA_900299265.1,OMJC01000075.1,fadD,106,2.257e-25,0.27
FW_TWAS_rep_2,GCA_900299265.1,OMJC01000202.1,mmcE,301,2.782e-85,0.404
FW_TWAS_rep_2,GCA_900299265.1,OMJC01000237.1,crt,66,1.083e-13,0.32
FW_TWAS_rep_2,GCA_900299265.1,OMJC01000195.1,adh,49,2.983e-8,0.241
FW_TWAS_rep_2,GCA_900299265.1,OMJC01000082.1,fadB,112,2.479e-29,0.346
FW_TWAS_rep_2,GCA_900299265.1,OMJC01000066.1,acs,208,3.956e-59,0.325
FW_TWAS_rep_2,GCA_900299265.1,OMJC01000140.1,thl,83,1.452e-18,0.268
FW_TWAS_rep_2,GCA_900299265.1,OMJC01000244.1,hbd,54,6.18e-12,0.432
FW_TWAS_rep_2,GCA_900299265.1,OMJC01000135.1,pyk,347,1.452e-106,0.443
FW_TWAS_rep_2,GCA_900299265.1,OMJC01000180.1,lctC,55,8.759e-11,0.358
FW_TWAS_rep_2,GCA_900299265.1,OMJC01000223.1,crt,110,3.362e-30,0.385
FW_TWAS_rep_2,GCA_900299265.1,OMJC01000087.1,bcd,303,1.698e-92,0.437
FW_TWAS_rep_2,GCA_900299265.1,OMJC01000267.1,fadD,246,9.16e-71,0.36
FW_TWAS_rep_2,GCA_900299265.1,OMJC01000008.1,pepT,49,2.324e-8,0.264
FW_TWAS_rep_2,GCA_900299265.1,OMJC01000238.1,bcd,131,3.361e-33,0.295
FW_TWAS_rep_2,GCA_900299265.1,OMJC01000104.1,bcd,104,9.363e-25,0.285
FW_TWAS_rep_2,GCA_900299265.1,OMJC01000297.1,fdhA,154,4.401e-40,0.25
FW_TWAS_rep_2,GCA_900299265.1,OMJC01000124.1,fadD,203,5.059e-57,0.332
FW_TWAS_rep_2,GCA_900299265.1,OMJC01000323.1,acylglycerol_lipase,46,2.325e-7,0.357
FW_TWAS_rep_2,GCA_900299265.1,OMJC01000281.1,fadD,63,2.46e-12,0.282
FW_TWAS_rep_2,GCA_900299265.1,OMJC01000204.1,etfA,94,5.886e-23,0.333
FW_TWAS_rep_2,GCA_900299265.1,OMJC01000237.1,etfA,60,1.306e-11,0.34
FW_TWAS_rep_2,GCA_900299265.1,OMJC01000223.1,etfA,63,6.087e-14,0.307
FW_TWAS_rep_2,GCA_900299265.1,OMJC01000137.1,pta,115,6.672e-28,0.274
FW_TWAS_rep_2,GCA_900299265.1,OMJC01000059.1,frhB,125,1.458e-32,0.315
FW_TWAS_rep_2,GCA_900299265.1,OMJC01000094.1,acs,127,2.247e-32,0.252
FW_TWAS_rep_2,GCA_900299265.1,OMJC01000228.1,bcd,177,5.513e-50,0.297
FW_TWAS_rep_2,GCA_900299265.1,OMJC01000082.1,crt,284,1.258e-88,0.561
FW_TWAS_rep_2,GCA_900299265.1,OMJC01000132.1,tdcB,302,1.056e-90,0.425
FW_TWAS_rep_2,GCA_900299265.1,OMJC01000243.1,crt,91,1.764e-21,0.326
FW_TWAS_rep_2,GCA_900299265.1,OMJC01000222.1,fadE,175,1.94e-48,0.332
FW_TWAS_rep_2,GCA_900299265.1,OMJC01000314.1,extracellular_protease,104,1.385e-24,0.317
FW_TWAS_rep_2,GCA_900299265.1,OMJC01000204.1,crt,153,9.059e-43,0.377
FW_TWAS_rep_2,GCA_900299265.1,OMJC01000159.1,dppB,207,1.798e-60,0.37
FW_TWAS_rep_2,GCA_900299265.1,OMJC01000272.1,rnfB,43,1.612e-6,0.358
FW_TWAS_rep_2,GCA_900299265.1,OMJC01000358.1,adh,61,1.496e-12,0.295
FW_TWAS_rep_2,GCA_900299265.1,OMJC01000124.1,acs,168,1.438e-45,0.289
FW_TWAS_rep_2,GCA_900299265.1,OMJC01000159.1,oppB,205,1.155e-59,0.358
FW_TWAS_rep_2,GCA_900299265.1,OMJC01000206.1,etfA,284,2.676e-88,0.613
FW_TWAS_rep_2,GCA_900299265.1,OMJC01000206.1,sucC,394,3.574e-124,0.53
FW_TWAS_rep_2,GCA_900299265.1,OMJC01000070.1,acs,66,1.185e-13,0.247
FW_TWAS_rep_2,GCA_900299265.1,OMJC01000222.1,bcd,218,3.502e-63,0.356
FW_TWAS_rep_2,GCA_900299265.1,OMJC01000204.1,edd,211,5.136e-59,0.311
FW_TWAS_rep_2,GCA_900299265.1,OMJC01000297.1,frhA,42,4.531e-6,0.26
FW_TWAS_rep_2,GCA_900299265.1,OMJC01000235.1,fadD,235,4.45e-68,0.346
FW_TWAS_rep_2,GCA_900299265.1,OMJC01000201.1,fadB,152,2.078e-40,0.347
FW_TWAS_rep_2,GCA_900299265.1,OMJC01000206.1,adh,69,2.995e-15,0.285
FW_TWAS_rep_2,GCA_900299265.1,OMJC01000140.1,acs,152,6.6e-40,0.281
FW_TWAS_rep_2,GCA_900299265.1,OMJC01000207.1,extracellular_protease,175,4.992e-47,0.356
FW_TWAS_rep_2,GCA_900299265.1,OMJC01000159.1,dppC,137,3.715e-37,0.369
FW_TWAS_rep_2,GCA_900299265.1,OMJC01000297.1,hydA,94,1.04e-21,0.293
FW_TWAS_rep_2,GCA_900299265.1,OMJC01000238.1,etfA,157,6.386e-48,0.887
FW_TWAS_rep_2,GCA_900299265.1,OMJC01000228.1,fadE,236,5.525e-70,0.391
FW_TWAS_rep_2,GCA_900299265.1,OMJC01000223.1,bcd,136,2.331e-35,0.287
FW_TWAS_rep_2,GCA_900299265.1,OMJC01000249.1,ilvE,89,1.855e-21,0.287
FW_TWAS_rep_2,GCA_900299265.1,OMJC01000206.1,fadA,337,3.48e-104,0.474
FW_TWAS_rep_2,GCA_900299265.1,OMJC01000120.1,hbd,221,1.267e-61,0.364
FW_TWAS_rep_2,GCA_900299265.1,OMJC01000104.1,fadA,308,2.182e-94,0.474
FW_TWAS_rep_2,GCA_900299265.1,OMJC01000080.1,pgi,259,5.006e-80,0.589
FW_TWAS_rep_2,GCA_900299265.1,OMJC01000104.1,fadE,121,2.923e-30,0.291
FW_TWAS_rep_2,GCA_900299265.1,OMJC01000206.1,etfB,306,6.014e-96,0.666
FW_TWAS_rep_2,GCA_900299265.1,OMJC01000065.1,cat,248,1.326e-76,0.603
FW_TWAS_rep_2,GCA_900299265.1,OMJC01000145.1,pepA,86,1.301e-20,0.368
FW_TWAS_rep_2,GCA_900299265.1,OMJC01000232.1,edd,234,8.141e-67,0.33
FW_TWAS_rep_2,GCA_900299265.1,OMJC01000267.1,acs,82,4.509e-18,0.241
FW_TWAS_rep_2,GCA_900299265.1,OMJC01000066.1,lysophospholipase,58,2.55e-11,0.264
FW_TWAS_rep_2,GCA_900299265.1,OMJC01000140.1,fadD,171,4.323e-46,0.309
FW_TWAS_rep_2,GCA_900299265.1,OMJC01000223.1,fadE,245,5.473e-72,0.422
FW_TWAS_rep_2,GCA_900299265.1,OMJC01000115.1,pgi,143,1.518e-41,0.483
FW_TWAS_rep_2,GCA_900299265.1,OMJC01000074.1,fdhA,676,2.562e-211,0.419
FW_TWAS_rep_2,GCA_900299265.1,OMJC01000292.1,fadD,177,4.897e-48,0.299
FW_TWAS_rep_2,GCA_900299265.1,OMJC01000074.1,hydA,112,5.815e-27,0.313
FW_TWAS_rep_2,GCA_900299265.1,OMJC01000066.1,acylglycerol_lipase,42,3.087e-6,0.31
FW_TWAS_rep_2,GCA_900299265.1,OMJC01000292.1,acs,143,4.682e-37,0.254
FW_TWAS_rep_2,GCA_900299265.1,OMJC01000204.1,fadB,78,6.684e-18,0.283
FW_TWAS_rep_2,GCA_900299265.1,OMJC01000212.1,lipase,41,4.753e-6,0.275
FW_TWAS_rep_2,GCA_900299265.1,OMJC01000254.1,etfA,88,3.756e-21,0.312
FW_TWAS_rep_2,GCA_900299265.1,OMJC01000139.1,fwdA,54,7.481e-10,0.427
FW_TWAS_rep_2,GCA_900299265.1,OMJC01000204.1,ilvE,282,2.833e-85,0.468
FW_TWAS_rep_2,GCA_900299265.1,OMJC01000213.1,lctC,426,3.289e-133,0.492
FW_TWAS_rep_2,GCA_900299265.1,OMJC01000149.1,lctC,52,3.19e-9,0.254
FW_TWAS_rep_2,GCA_900299265.1,OMJC01000274.1,pepQ,201,2.195e-57,0.377
FW_TWAS_rep_2,GCA_900299265.1,OMJC01000087.1,fadE,229,2.276e-67,0.395
FW_TWAS_rep_2,GCA_900299265.1,OMJC01000348.1,acs,366,3.421e-113,0.417
FW_TWAS_rep_2,GCA_900299265.1,OMJC01000189.1,rnfB,46,1.628e-8,0.396
FW_TWAS_rep_2,GCA_900299265.1,OMJC01000135.1,ilvE,142,2.509e-39,0.383
FW_TWAS_rep_2,GCA_900299265.1,OMJC01000201.1,acs,168,1.605e-45,0.296
FW_TWAS_rep_2,GCA_900299265.1,OMJC01000075.1,fumB,269,6.699e-79,0.382
FW_TWAS_rep_2,GCA_900299265.1,OMJC01000197.1,crt,139,2.058e-38,0.349
FW_TWAS_rep_2,GCA_900299265.1,OMJC01000070.1,fadD,92,6.618e-22,0.288
FW_TWAS_rep_2,GCA_900299265.1,OMJC01000063.1,lctB,72,2.315e-15,0.248
FW_TWAS_rep_2,GCA_900299265.1,OMJC01000217.1,pepN,413,1.986e-123,0.411
FW_TWAS_rep_2,GCA_900299265.1,OMJC01000254.1,fadB,85,4.163e-20,0.318
FW_TWAS_rep_2,GCA_900299265.1,OMJC01000082.1,etfA,125,6.983e-34,0.338
FW_TWAS_rep_2,GCA_900299265.1,OMJC01000189.1,hydA,42,2.641e-7,0.368
FW_TWAS_rep_2,GCA_900299265.1,OMJC01000035.1,adh,47,5.725e-8,0.244
FW_TWAS_rep_2,GCA_900299265.1,OMJC01000180.1,rnfB,186,3.306e-55,0.507
FW_TWAS_rep_2,GCA_900299265.1,OMJC01000195.1,hbd,124,8.95e-33,0.364
FW_TWAS_rep_2,GCA_900299265.1,OMJC01000235.1,acs,143,1.44e-37,0.256
FW_TWAS_rep_2,GCA_900299265.1,OMJC01000206.1,thl,421,4.885e-133,0.556
FW_TWAS_rep_2,GCA_900299265.1,OMJC01000297.1,frhG,45,4.26e-8,0.258
FW_TWAS_rep_2,GCA_900299265.1,OMJC01000206.1,sucD,319,2.718e-99,0.538
FW_TWAS_rep_2,GCA_900299265.1,OMJC01000077.1,crt,136,1.34e-37,0.341
FW_TWAS_rep_2,GCA_900299265.1,OMJC01000068.1,acs,154,2.079e-44,0.481
FW_TWAS_rep_2,GCA_900299265.1,OMJC01000189.1,fadB,62,4.256e-12,0.309
FW_TWAS_rep_2,GCA_900299265.1,OMJC01000088.1,pepQ,66,4.275e-14,0.276
FW_TWAS_rep_2,GCA_900299265.1,OMJC01000149.1,lctB,112,7.48e-28,0.28
FW_TWAS_rep_2,GCA_900299265.1,OMJC01000256.1,bcd,186,4.969e-53,0.334
FW_TWAS_rep_2,GCA_900299265.1,OMJC01000101.1,gapA,339,5.159e-106,0.538
FW_TWAS_rep_2,GCA_900299265.1,OMJC01000256.1,fadE,203,8.69e-59,0.367
FW_TWAS_rep_2,GCA_900299265.1,OMJC01000120.1,etfA,79,5.145e-17,0.349
FW_TWAS_rep_2,GCA_900299265.1,OMJC01000201.1,hbd,255,1.5e-74,0.477
FW_TWAS_rep_2,GCA_900299265.1,OMJC01000193.1,oppA,76,3.22e-16,0.256
FW_TWAS_rep_2,GCA_900299265.1,OMJC01000272.1,hydA,44,6.964e-7,0.385
FW_TWAS_rep_2,GCA_900299265.1,OMJC01000296.1,fdhA,198,1.86e-53,0.282
FW_TWAS_rep_2,GCA_900299265.1,OMJC01000245.1,bcd,375,5.652e-118,0.501
FW_TWAS_rep_2,GCA_900299265.1,OMJC01000280.1,thl,307,3.927e-94,0.468
FW_TWAS_rep_2,GCA_900299265.1,OMJC01000217.1,fadD,170,1.054e-45,0.296
FW_TWAS_rep_2,GCA_900299265.1,OMJC01000217.1,acs,113,7.827e-28,0.258
FW_TWAS_rep_2,GCA_900299265.1,OMJC01000077.1,bcd,109,1.326e-26,0.273
FW_TWAS_rep_2,GCA_900299265.1,OMJC01000180.1,lctD,91,1.282e-22,0.375
FW_TWAS_rep_2,GCA_900299265.1,OMJC01000120.1,crt,116,1.673e-28,0.307
FW_TWAS_rep_2,GCA_900299265.1,OMJC01000348.1,fadD,97,4.444e-23,0.265
FW_TWAS_rep_2,GCA_900299265.1,OMJC01000130.1,folD,273,1.449e-85,0.611
FW_TWAS_rep_2,GCA_900299265.1,OMJC01000254.1,crt,136,1.691e-37,0.365
FW_TWAS_rep_2,GCA_900299265.1,OMJC01000313.1,hydA,41,1.314e-6,0.308
FW_TWAS_rep_2,GCA_900299265.1,OMJC01000130.1,edd,227,1.473e-64,0.327
FW_TWAS_rep_2,GCA_900299265.1,OMJC01000213.1,lctB,246,1.062e-75,0.5
FW_TWAS_rep_2,GCA_963814445.1,CAWFCU010000001.1,extracellular_protease,167,8.208e-45,0.38
FW_TWAS_rep_2,GCA_963814445.1,CAWFCU010000001.1,cazy_GH13,139,2.261e-38,0.45
FW_TWAS_rep_2,GCA_963814445.1,CAWFCU010000024.1,etfA,196,1.348e-57,0.438
FW_TWAS_rep_2,GCA_963814445.1,CAWFCU010000018.1,frhG,46,3.631e-8,0.342
FW_TWAS_rep_2,GCA_963814445.1,CAWFCU010000006.1,eda,115,2.788e-32,0.414
FW_TWAS_rep_2,GCA_963814445.1,CAWFCU010000001.1,pepN,78,1.066e-16,0.282
FW_TWAS_rep_2,GCA_963814445.1,CAWFCU010000010.1,susC,56,6.736e-10,0.36
FW_TWAS_rep_2,GCA_963814445.1,CAWFCU010000006.1,cazy_GH43,134,9.404e-36,0.347
FW_TWAS_rep_2,GCA_963814445.1,CAWFCU010000025.1,cazy_GH13,90,1.024e-20,0.29
FW_TWAS_rep_2,GCA_963814445.1,CAWFCU010000001.1,susC,371,5.565e-108,0.284
FW_TWAS_rep_2,GCA_963814445.1,CAWFCU010000010.1,tdcB,301,7.519e-92,0.414
FW_TWAS_rep_2,GCA_963814445.1,CAWFCU010000014.1,mmcE,238,2.176e-74,0.685
FW_TWAS_rep_2,GCA_963814445.1,CAWFCU010000024.1,fadA,147,1.06e-42,0.461
FW_TWAS_rep_2,GCA_963814445.1,CAWFCU010000007.1,dppA,168,1.391e-45,0.263
FW_TWAS_rep_2,GCA_963814445.1,CAWFCU010000018.1,frhB,40,2.382e-6,0.306
FW_TWAS_rep_2,GCA_963814445.1,CAWFCU010000006.1,susD,184,3.368e-51,0.349
FW_TWAS_rep_2,GCA_963814445.1,CAWFCU010000001.1,agl,105,5.309e-27,0.411
FW_TWAS_rep_2,GCA_963814445.1,CAWFCU010000025.1,fadE,196,2.119e-56,0.358
FW_TWAS_rep_2,GCA_963814445.1,CAWFCU010000001.1,fadD,186,1.146e-53,0.42
FW_TWAS_rep_2,GCA_963814445.1,CAWFCU010000010.1,edd,213,4.118e-60,0.325
FW_TWAS_rep_2,GCA_963814445.1,CAWFCU010000023.1,pfkA,231,4.696e-70,0.515
FW_TWAS_rep_2,GCA_963814445.1,CAWFCU010000025.1,acylglycerol_lipase,42,1.891e-6,0.225
FW_TWAS_rep_2,GCA_963814445.1,CAWFCU010000001.1,acs,274,6.769e-86,0.668
FW_TWAS_rep_2,GCA_963814445.1,CAWFCU010000006.1,lysophospholipase,42,2.792e-6,0.24
FW_TWAS_rep_2,GCA_963814445.1,CAWFCU010000001.1,pepT,114,3.416e-31,0.392
FW_TWAS_rep_2,GCA_963814445.1,CAWFCU010000001.1,mmcF,176,2.734e-53,0.617
FW_TWAS_rep_2,GCA_963814445.1,CAWFCU010000013.1,dppC,189,5.056e-54,0.333
FW_TWAS_rep_2,GCA_963814445.1,CAWFCU010000024.1,etfB,100,4.71e-27,0.41
FW_TWAS_rep_2,GCA_963814445.1,CAWFCU010000001.1,crt,177,2.21e-52,0.508
FW_TWAS_rep_2,GCA_963814445.1,CAWFCU010000001.1,pta,102,1.08e-26,0.346
FW_TWAS_rep_2,GCA_963814445.1,CAWFCU010000013.1,lctC,47,9.882e-9,0.465
FW_TWAS_rep_2,GCA_963814445.1,CAWFCU010000009.1,mmcG,43,2.924e-7,0.26
FW_TWAS_rep_2,GCA_963814445.1,CAWFCU010000001.1,hbd,57,2.39e-12,0.405
FW_TWAS_rep_2,GCA_963814445.1,CAWFCU010000012.1,susD,69,2.898e-14,0.259
FW_TWAS_rep_2,GCA_963814445.1,CAWFCU010000013.1,pfor,40,2.282e-6,0.304
FW_TWAS_rep_2,GCA_963814445.1,CAWFCU010000018.1,pfor,42,7.243e-7,0.292
FW_TWAS_rep_2,GCA_963814445.1,CAWFCU010000001.1,ilvE,190,3.228e-56,0.393
FW_TWAS_rep_2,GCA_963814445.1,CAWFCU010000013.1,rnfB,40,1.688e-6,0.265
FW_TWAS_rep_2,GCA_963814445.1,CAWFCU010000025.1,thl,339,3.78e-105,0.493
FW_TWAS_rep_2,GCA_963814445.1,CAWFCU010000013.1,lctD,76,7.235e-19,0.428
FW_TWAS_rep_2,GCA_963814445.1,CAWFCU010000009.1,fdhA,166,7.746e-44,0.273
FW_TWAS_rep_2,GCA_963814445.1,CAWFCU010000006.1,susC,605,2.235e-185,0.379
FW_TWAS_rep_2,GCA_963814445.1,CAWFCU010000023.1,pyk,165,3.729e-48,0.459
FW_TWAS_rep_2,GCA_963814445.1,CAWFCU010000025.1,hbd,251,2.388e-77,0.532
FW_TWAS_rep_2,GCA_963814445.1,CAWFCU010000005.1,cat,268,7.034e-84,0.613
FW_TWAS_rep_2,GCA_963814445.1,CAWFCU010000001.1,folD,173,1.985e-52,0.575
FW_TWAS_rep_2,GCA_963814445.1,CAWFCU010000013.1,fadE,159,1.248e-45,0.351
FW_TWAS_rep_2,GCA_963814445.1,CAWFCU010000013.1,bcd,210,3.541e-63,0.453
FW_TWAS_rep_2,GCA_963814445.1,CAWFCU010000025.1,ilvE,224,4.68e-64,0.47
FW_TWAS_rep_2,GCA_963814445.1,CAWFCU010000024.1,extracellular_protease,124,4.236e-32,0.417
FW_TWAS_rep_2,GCA_963814445.1,CAWFCU010000014.1,pgi,305,5.335e-97,0.665
FW_TWAS_rep_2,GCA_963814445.1,CAWFCU010000009.1,ilvE,122,4.701e-34,0.421
FW_TWAS_rep_2,GCA_963814445.1,CAWFCU010000018.1,pfkA,279,4.551e-86,0.446
FW_TWAS_rep_2,GCA_963814445.1,CAWFCU010000006.1,pfkA,43,1.278e-6,0.4
FW_TWAS_rep_2,GCA_963814445.1,CAWFCU010000024.1,cazy_GH13,57,3.075e-10,0.339
FW_TWAS_rep_2,GCA_963814445.1,CAWFCU010000001.1,gapA,179,2.74e-53,0.526
FW_TWAS_rep_2,GCA_963814445.1,CAWFCU010000002.1,mdh,255,8.506e-78,0.469
FW_TWAS_rep_2,GCA_963814445.1,CAWFCU010000025.1,gdh,321,3.814e-101,0.617
FW_TWAS_rep_2,GCA_963814445.1,CAWFCU010000007.1,agl,78,6.33e-17,0.28
FW_TWAS_rep_2,GCA_963814445.1,CAWFCU010000001.1,gdh,44,3.267e-9,0.628
FW_TWAS_rep_2,GCA_963814445.1,CAWFCU010000009.1,lctB,139,1.9e-40,0.458
FW_TWAS_rep_2,GCA_963814445.1,CAWFCU010000017.1,pepQ,134,2.806e-35,0.368
FW_TWAS_rep_2,GCA_963814445.1,CAWFCU010000006.1,adh,48,1.757e-8,0.252
FW_TWAS_rep_2,GCA_963814445.1,CAWFCU010000018.1,mvhG,42,6.892e-7,0.454
FW_TWAS_rep_2,GCA_963814445.1,CAWFCU010000001.1,bcd,118,2.638e-32,0.405
FW_TWAS_rep_2,GCA_963814445.1,CAWFCU010000023.1,endopeptidase,41,7.321e-6,0.285
FW_TWAS_rep_2,GCA_963814445.1,CAWFCU010000025.1,susC,228,2.181e-62,0.243
FW_TWAS_rep_2,GCA_963814445.1,CAWFCU010000001.1,fwdA,47,1.688e-7,0.446
FW_TWAS_rep_2,GCA_963814445.1,CAWFCU010000005.1,extracellular_protease,78,3.744e-17,0.313
FW_TWAS_rep_2,GCA_963814445.1,CAWFCU010000007.1,cazy_GH13,121,2.24e-30,0.294
FW_TWAS_rep_2,GCA_963814445.1,CAWFCU010000018.1,hydA,68,1.573e-14,0.252
FW_TWAS_rep_2,GCA_963814445.1,CAWFCU010000001.1,etfA,138,3.62e-39,0.483
FW_TWAS_rep_2,GCA_963814445.1,CAWFCU010000013.1,bgl,314,6.365e-96,0.41
FW_TWAS_rep_2,GCA_963814445.1,CAWFCU010000025.1,fadA,347,5.262e-108,0.498
FW_TWAS_rep_2,GCA_963814445.1,CAWFCU010000012.1,susC,213,4.7e-61,0.337
FW_TWAS_rep_2,GCA_963814445.1,CAWFCU010000013.1,cazy_GH13,53,1.867e-9,0.388
FW_TWAS_rep_2,GCA_963814445.1,CAWFCU010000001.1,fadB,131,1.011e-36,0.397
FW_TWAS_rep_2,GCA_963814445.1,CAWFCU010000001.1,aldh,42,1.585e-6,0.276
FW_TWAS_rep_2,GCA_963814445.1,CAWFCU010000001.1,sucD,102,7.119e-25,0.437
FW_TWAS_rep_2,GCA_963814445.1,CAWFCU010000002.1,cazy_GH13,87,6.355e-20,0.266
FW_TWAS_rep_2,GCA_963814445.1,CAWFCU010000001.1,mmcE,122,1.121e-33,0.425
FW_TWAS_rep_2,GCA_963814445.1,CAWFCU010000003.1,susC,510,1.388e-153,0.333
FW_TWAS_rep_2,GCA_963814445.1,CAWFCU010000025.1,bcd,261,1.241e-78,0.387
FW_TWAS_rep_2,GCA_963814445.1,CAWFCU010000013.1,frhB,45,6.034e-8,0.319
FW_TWAS_rep_2,GCA_963814445.1,CAWFCU010000001.1,rnfB,43,2.352e-6,0.349
FW_TWAS_rep_2,GCA_963814445.1,CAWFCU010000013.1,pfkA,44,1.408e-7,0.28
FW_TWAS_rep_2,GCA_963814445.1,CAWFCU010000013.1,dppB,54,5.881e-10,0.281
FW_TWAS_rep_2,GCA_963814445.1,CAWFCU010000025.1,fadB,159,1.293e-45,0.4
FW_TWAS_rep_2,GCA_963814445.1,CAWFCU010000024.1,thl,201,3.75e-61,0.563
FW_TWAS_rep_2,GCA_963814445.1,CAWFCU010000025.1,etfA,40,1.351e-6,0.458
FW_TWAS_rep_2,GCA_963814445.1,CAWFCU010000001.1,pepO,481,9.497e-154,0.556
FW_TWAS_rep_2,GCA_963814445.1,CAWFCU010000006.1,fadB,74,4.873e-18,0.383
FW_TWAS_rep_2,GCA_963814445.1,CAWFCU010000001.1,sucC,365,5.233e-114,0.483
FW_TWAS_rep_2,GCA_963814445.1,CAWFCU010000013.1,susD,133,3.113e-34,0.29
FW_TWAS_rep_2,GCA_963814445.1,CAWFCU010000002.1,bcd,188,1.202e-56,0.548
FW_TWAS_rep_2,GCA_963814445.1,CAWFCU010000009.1,pepN,62,4.586e-12,0.259
FW_TWAS_rep_2,GCA_963814445.1,CAWFCU010000013.1,susC,618,8.773e-192,0.391
FW_TWAS_rep_2,GCA_963814445.1,CAWFCU010000010.1,pepO,635,4.651e-202,0.496
FW_TWAS_rep_2,GCA_963814445.1,CAWFCU010000025.1,lysophospholipase,40,9.465e-6,0.315
FW_TWAS_rep_2,GCA_963814445.1,CAWFCU010000001.1,fadE,115,3.202e-31,0.405
FW_TWAS_rep_2,GCA_963814445.1,CAWFCU010000006.1,cazy_PL1,103,3.49e-24,0.382
FW_TWAS_rep_2,GCA_963814445.1,CAWFCU010000007.1,oppA,179,3.305e-49,0.29
FW_TWAS_rep_2,GCA_963814445.1,CAWFCU010000013.1,mvhG,50,1.967e-9,0.321
FW_TWAS_rep_2,GCA_963814445.1,CAWFCU010000006.1,cazy_CE8,215,4.319e-61,0.427
FW_TWAS_rep_2,GCA_963814445.1,CAWFCU010000017.1,adhE,42,2.578e-7,0.344
FW_TWAS_rep_2,GCA_963814445.1,CAWFCU010000001.1,susD,79,1.473e-17,0.271
FW_TWAS_rep_2,GCA_963814445.1,CAWFCU010000013.1,hydA,40,3.084e-6,0.283
FW_TWAS_rep_2,GCA_963814445.1,CAWFCU010000018.1,sucD,336,7.328e-106,0.593
FW_TWAS_rep_2,GCA_963814445.1,CAWFCU010000002.1,agl,70,1.168e-14,0.285
FW_TWAS_rep_2,GCA_963814445.1,CAWFCU010000013.1,oppB,210,2.83e-61,0.381
FW_TWAS_rep_2,GCA_963814445.1,CAWFCU010000018.1,adh,61,2.526e-12,0.288
FW_TWAS_rep_2,GCA_963814445.1,CAWFCU010000001.1,glcP,62,7.583e-14,0.414
FW_TWAS_rep_2,GCA_963814445.1,CAWFCU010000001.1,dtpT,322,3.948e-97,0.377
FW_TWAS_rep_2,GCA_963814445.1,CAWFCU010000006.1,xylA,501,2.151e-160,0.562
FW_TWAS_rep_2,GCA_963814445.1,CAWFCU010000007.1,bgl,95,1.489e-25,0.475
FW_TWAS_rep_2,GCA_963814445.1,CAWFCU010000006.1,acylglycerol_lipase,46,1.619e-7,0.268
FW_TWAS_rep_2,GCA_963814445.1,CAWFCU010000002.1,fadE,152,4.418e-44,0.475
FW_TWAS_rep_2,GCA_963814445.1,CAWFCU010000025.1,crt,51,3.42e-10,0.387
FW_TWAS_rep_2,GCA_963814445.1,CAWFCU010000003.1,susD,108,3.298e-26,0.239
FW_TWAS_rep_2,GCA_937868245.1,CALMMI010000546.1,dppC,136,2.523e-37,0.363
FW_TWAS_rep_2,GCA_937868245.1,CALMMI010000128.1,hbd,252,3.339e-77,0.468
FW_TWAS_rep_2,GCA_937868245.1,CALMMI010000607.1,pfkA,152,5.613e-42,0.348
FW_TWAS_rep_2,GCA_937868245.1,CALMMI010000538.1,frhG,41,1.526e-6,0.313
FW_TWAS_rep_2,GCA_937868245.1,CALMMI010000705.1,hbd,243,4.049e-75,0.535
FW_TWAS_rep_2,GCA_937868245.1,CALMMI010000043.1,fadE,286,8.324e-87,0.455
FW_TWAS_rep_2,GCA_937868245.1,CALMMI010000746.1,pepQ,151,3.06e-40,0.307
FW_TWAS_rep_2,GCA_937868245.1,CALMMI010000112.1,crt,155,4.458e-44,0.359
FW_TWAS_rep_2,GCA_937868245.1,CALMMI010000127.1,lysophospholipase,54,7.755e-10,0.242
FW_TWAS_rep_2,GCA_937868245.1,CALMMI010000229.1,etfA,226,8.93e-68,0.453
FW_TWAS_rep_2,GCA_937868245.1,CALMMI010000203.1,fadD,166,2.782e-48,0.412
FW_TWAS_rep_2,GCA_937868245.1,CALMMI010000546.1,oppB,145,2.782e-40,0.369
FW_TWAS_rep_2,GCA_937868245.1,CALMMI010000037.1,etfA,134,4.266e-37,0.4
FW_TWAS_rep_2,GCA_937868245.1,CALMMI010000419.1,oppA,154,2.391e-42,0.307
FW_TWAS_rep_2,GCA_937868245.1,CALMMI010000285.1,hbd,105,6.88e-30,0.657
FW_TWAS_rep_2,GCA_937868245.1,CALMMI010000672.1,pyk,179,1.373e-49,0.374
FW_TWAS_rep_2,GCA_937868245.1,CALMMI010000410.1,crt,90,1.478e-23,0.41
FW_TWAS_rep_2,GCA_937868245.1,CALMMI010000728.1,lysophospholipase,44,5.244e-7,0.25
FW_TWAS_rep_2,GCA_937868245.1,CALMMI010000289.1,oppB,206,8.837e-62,0.416
FW_TWAS_rep_2,GCA_937868245.1,CALMMI010000383.1,gapA,329,1.215e-102,0.503
FW_TWAS_rep_2,GCA_937868245.1,CALMMI010000123.1,extracellular_protease,160,1.099e-41,0.349
FW_TWAS_rep_2,GCA_937868245.1,CALMMI010000425.1,dppC,194,3.971e-56,0.348
FW_TWAS_rep_2,GCA_937868245.1,CALMMI010000127.1,acylglycerol_lipase,42,1.061e-6,0.256
FW_TWAS_rep_2,GCA_937868245.1,CALMMI010000652.1,fadD,186,8.909e-53,0.388
FW_TWAS_rep_2,GCA_937868245.1,CALMMI010000370.1,hbd,105,1.124e-26,0.365
FW_TWAS_rep_2,GCA_937868245.1,CALMMI010000032.1,bcd,221,9.968e-65,0.352
FW_TWAS_rep_2,GCA_937868245.1,CALMMI010000050.1,susC,48,4.856e-9,0.291
FW_TWAS_rep_2,GCA_937868245.1,CALMMI010000705.1,fadB,162,3.721e-47,0.393
FW_TWAS_rep_2,GCA_937868245.1,CALMMI010000289.1,dppC,188,1.62e-55,0.431
FW_TWAS_rep_2,GCA_937868245.1,CALMMI010000176.1,dppA,184,2.628e-50,0.282
FW_TWAS_rep_2,GCA_937868245.1,CALMMI010000065.1,mmcE,305,1.657e-89,0.376
FW_TWAS_rep_2,GCA_937868245.1,CALMMI010000290.1,gdh,41,7.545e-6,0.4
FW_TWAS_rep_2,GCA_937868245.1,CALMMI010000652.1,acs,66,1.137e-13,0.261
FW_TWAS_rep_2,GCA_937868245.1,CALMMI010000425.1,oppB,243,1.917e-73,0.449
FW_TWAS_rep_2,GCA_937868245.1,CALMMI010000176.1,oppA,199,3.397e-55,0.284
FW_TWAS_rep_2,GCA_937868245.1,CALMMI010000303.1,fadB,123,6.465e-33,0.367
FW_TWAS_rep_2,GCA_937868245.1,CALMMI010000236.1,fadA,379,5.817e-119,0.538
FW_TWAS_rep_2,GCA_937868245.1,CALMMI010000780.1,acs,88,5.69e-20,0.235
FW_TWAS_rep_2,GCA_937868245.1,CALMMI010000618.1,acylglycerol_lipase,45,3.806e-7,0.237
FW_TWAS_rep_2,GCA_937868245.1,CALMMI010000303.1,etfA,150,4.78e-42,0.375
FW_TWAS_rep_2,GCA_937868245.1,CALMMI010000421.1,dppB,192,3.36e-55,0.355
FW_TWAS_rep_2,GCA_937868245.1,CALMMI010000431.1,thl,411,6.472e-130,0.587
FW_TWAS_rep_2,GCA_937868245.1,CALMMI010000112.1,etfA,86,1.194e-20,0.297
FW_TWAS_rep_2,GCA_937868245.1,CALMMI010000580.1,fadD,142,1.798e-36,0.281
FW_TWAS_rep_2,GCA_937868245.1,CALMMI010000410.1,etfA,67,1.138e-15,0.34
FW_TWAS_rep_2,GCA_937868245.1,CALMMI010000032.1,fadE,177,7.494e-50,0.331
FW_TWAS_rep_2,GCA_937868245.1,CALMMI010000073.1,dppA,61,4.533e-12,0.25
FW_TWAS_rep_2,GCA_937868245.1,CALMMI010000358.1,bcd,404,1.916e-127,0.554
FW_TWAS_rep_2,GCA_937868245.1,CALMMI010000721.1,mmcG,108,2.128e-29,0.403
FW_TWAS_rep_2,GCA_937868245.1,CALMMI010000419.1,dppA,126,6.885e-33,0.261
FW_TWAS_rep_2,GCA_937868245.1,CALMMI010000073.1,oppA,69,1.083e-14,0.273
FW_TWAS_rep_2,GCA_937868245.1,CALMMI010000128.1,fadB,186,3.132e-54,0.339
FW_TWAS_rep_2,GCA_937868245.1,CALMMI010000392.1,ilvE,86,1.964e-21,0.348
FW_TWAS_rep_2,GCA_937868245.1,CALMMI010000431.1,fadA,278,4.32e-84,0.463
FW_TWAS_rep_2,GCA_937868245.1,CALMMI010000210.1,adhE,67,1.362e-13,0.207
FW_TWAS_rep_2,GCA_937868245.1,CALMMI010000538.1,pfor,49,1.994e-9,0.311
FW_TWAS_rep_2,GCA_937868245.1,CALMMI010000780.1,fadD,169,1.502e-45,0.304
FW_TWAS_rep_2,GCA_937868245.1,CALMMI010000376.1,extracellular_protease,105,7.867e-25,0.315
FW_TWAS_rep_2,GCA_937868245.1,CALMMI010000142.1,pfkA,227,2.734e-67,0.402
FW_TWAS_rep_2,GCA_937868245.1,CALMMI010000421.1,oppB,187,1.375e-53,0.354
FW_TWAS_rep_2,GCA_937868245.1,CALMMI010000485.1,dppA,231,6.765e-66,0.315
FW_TWAS_rep_2,GCA_937868245.1,CALMMI010000425.1,dppB,243,1.025e-73,0.426
FW_TWAS_rep_2,GCA_937868245.1,CALMMI010000502.1,pepT,63,7.784e-13,0.254
FW_TWAS_rep_2,GCA_937868245.1,CALMMI010000592.1,mdh,296,6.812e-92,0.505
FW_TWAS_rep_2,GCA_937868245.1,CALMMI010000633.1,adh,79,2.824e-18,0.281
FW_TWAS_rep_2,GCA_937868245.1,CALMMI010000349.1,mmcE,530,1.443e-165,0.518
FW_TWAS_rep_2,GCA_937868245.1,CALMMI010000043.1,bcd,345,5.065e-107,0.47
FW_TWAS_rep_2,GCA_937868245.1,CALMMI010000233.1,susC,64,1.824e-12,0.224
FW_TWAS_rep_2,GCA_937868245.1,CALMMI010000538.1,fdhA,72,2.703e-15,0.324
FW_TWAS_rep_2,GCA_937868245.1,CALMMI010000037.1,crt,271,5.18e-84,0.591
FW_TWAS_rep_2,GCA_937868245.1,CALMMI010000320.1,pyk,381,1.566e-117,0.467
FW_TWAS_rep_2,GCA_937868245.1,CALMMI010000157.1,ilvE,45,4.078e-9,0.362
FW_TWAS_rep_2,GCA_937868245.1,CALMMI010000029.1,extracellular_protease,105,5.502e-25,0.328
FW_TWAS_rep_2,GCA_937868245.1,CALMMI010000303.1,crt,224,1.554e-67,0.457
FW_TWAS_rep_2,GCA_937868245.1,CALMMI010000675.1,adh,74,5.635e-17,0.266
FW_TWAS_rep_2,GCA_937868245.1,CALMMI010000229.1,etfB,192,4.091e-57,0.444
FW_TWAS_rep_2,GCA_937868245.1,CALMMI010000358.1,fadE,274,7.412e-83,0.434
FW_TWAS_rep_2,GCA_937868245.1,CALMMI010000028.1,oppA,126,1.825e-33,0.328
FW_TWAS_rep_2,GCA_937868245.1,CALMMI010000342.1,adh,76,1.834e-17,0.302
FW_TWAS_rep_2,GCA_937868245.1,CALMMI010000028.1,dppA,109,4.794e-28,0.288
FW_TWAS_rep_2,GCA_937868245.1,CALMMI010000373.1,pfkA,197,1.976e-58,0.41
FW_TWAS_rep_2,GCA_937868245.1,CALMMI010000127.1,pta,218,7.842e-65,0.433
FW_TWAS_rep_2,GCA_937868245.1,CALMMI010000137.1,frhA,59,2.012e-11,0.215
FW_TWAS_rep_2,GCA_937868245.1,CALMMI010000391.1,pepA,426,3.828e-133,0.553
FW_TWAS_rep_2,GCA_937868245.1,CALMMI010000112.1,fadB,89,1.433e-21,0.309
FW_TWAS_rep_2,GCA_937868245.1,CALMMI010000580.1,acs,737,1.679e-237,0.572
FW_TWAS_rep_2,GCA_937868245.1,CALMMI010000516.1,sucD,343,3.441e-106,0.597
FW_TWAS_rep_2,GCA_937868245.1,CALMMI010000561.1,extracellular_protease,130,5.948e-34,0.387
FW_TWAS_rep_2,GCA_937868245.1,CALMMI010000127.1,pepN,80,2.66e-17,0.238
FW_TWAS_rep_2,GCA_937868245.1,CALMMI010000003.1,pta,64,1.648e-12,0.298
FW_TWAS_rep_2,GCA_937868245.1,CALMMI010000020.1,susC,49,6.781e-8,0.321
FW_TWAS_rep_2,GCA_937868245.1,CALMMI010000607.1,pepN,126,1.88e-31,0.292
FW_TWAS_rep_2,GCA_937868245.1,CALMMI010000485.1,oppA,246,1.236e-70,0.338
FW_TWAS_rep_2,GCA_937868245.1,CALMMI010000037.1,fadB,113,5.636e-30,0.359
FW_TWAS_rep_2,GCA_937868245.1,CALMMI010000202.1,folD,321,7.87e-101,0.571
FW_TWAS_rep_2,GCA_937868245.1,CALMMI010000107.1,fwdA,45,7.291e-7,0.359
FW_TWAS_rep_2,GCA_937868245.1,CALMMI010000349.1,mmcF,122,2.942e-30,0.449
FW_TWAS_rep_2,GCA_937868245.1,CALMMI010000538.1,hydA,65,5.438e-13,0.28
FW_TWAS_rep_2,GCA_937868245.1,CALMMI010000679.1,gdh,499,6.292e-159,0.529
FW_TWAS_rep_2,GCA_937868245.1,CALMMI010000613.1,adhE,67,1.224e-13,0.222
FW_TWAS_rep_2,GCA_937868245.1,CALMMI010000300.1,pgi,649,8.843e-210,0.614
FW_TWAS_rep_2,GCA_937868245.1,CALMMI010000567.1,frhG,48,8.377e-9,0.259
FW_TWAS_rep_2,GCA_937868245.1,CALMMI010000236.1,thl,351,2.684e-109,0.505
FW_TWAS_rep_2,GCA_937868245.1,CALMMI010000756.1,pepN,157,8.321e-41,0.262
FW_TWAS_rep_2,GCA_943369995.1,CALRPF020000015.1,fadA,271,6.572e-82,0.437
FW_TWAS_rep_2,GCA_943369995.1,CALRPF020000003.1,pta,160,8.165e-42,0.352
FW_TWAS_rep_2,GCA_943369995.1,CALRPF020000015.1,adhE,87,2.634e-20,0.258
FW_TWAS_rep_2,GCA_943369995.1,CALRPF020000002.1,dppA,199,2.801e-55,0.277
FW_TWAS_rep_2,GCA_943369995.1,CALRPF020000006.1,bcd,387,4.477e-122,0.542
FW_TWAS_rep_2,GCA_943369995.1,CALRPF020000015.1,hydA,71,1.888e-15,0.264
FW_TWAS_rep_2,GCA_943369995.1,CALRPF020000010.1,pyk,382,1.456e-118,0.452
FW_TWAS_rep_2,GCA_943369995.1,CALRPF020000002.1,hbd,267,1.276e-80,0.399
FW_TWAS_rep_2,GCA_943369995.1,CALRPF020000015.1,susC,45,1.412e-6,0.336
FW_TWAS_rep_2,GCA_943369995.1,CALRPF020000011.1,extracellular_protease,145,6.003e-38,0.45
FW_TWAS_rep_2,GCA_943369995.1,CALRPF020000011.1,folD,297,1.811e-92,0.536
FW_TWAS_rep_2,GCA_943369995.1,CALRPF020000015.1,thl,430,1.405e-136,0.602
FW_TWAS_rep_2,GCA_943369995.1,CALRPF020000001.1,pepO,560,1.423e-176,0.434
FW_TWAS_rep_2,GCA_943369995.1,CALRPF020000011.1,bcd,236,5.525e-70,0.361
FW_TWAS_rep_2,GCA_943369995.1,CALRPF020000002.1,bcd,358,7.795e-112,0.482
FW_TWAS_rep_2,GCA_943369995.1,CALRPF020000008.1,dtpT,300,2.093e-89,0.365
FW_TWAS_rep_2,GCA_943369995.1,CALRPF020000008.1,dppA,219,5.92e-62,0.299
FW_TWAS_rep_2,GCA_943369995.1,CALRPF020000035.1,susC,49,4.975e-8,0.296
FW_TWAS_rep_2,GCA_943369995.1,CALRPF020000014.1,mmcF,73,5.093e-15,0.303
FW_TWAS_rep_2,GCA_943369995.1,CALRPF020000007.1,acylglycerol_lipase,42,2.41e-6,0.271
FW_TWAS_rep_2,GCA_943369995.1,CALRPF020000009.1,pepN,75,5.999e-16,0.267
FW_TWAS_rep_2,GCA_943369995.1,CALRPF020000025.1,etfA,184,5.414e-53,0.392
FW_TWAS_rep_2,GCA_943369995.1,CALRPF020000024.1,dtpT,334,7.879e-101,0.392
FW_TWAS_rep_2,GCA_943369995.1,CALRPF020000003.1,sucD,324,3.45e-101,0.566
FW_TWAS_rep_2,GCA_943369995.1,CALRPF020000015.1,fdhA,42,2.094e-6,0.431
FW_TWAS_rep_2,GCA_943369995.1,CALRPF020000008.1,acylglycerol_lipase,68,8.471e-15,0.259
FW_TWAS_rep_2,GCA_943369995.1,CALRPF020000011.1,pepN,57,5.034e-10,0.252
FW_TWAS_rep_2,GCA_943369995.1,CALRPF020000002.1,fadB,187,2.132e-53,0.335
FW_TWAS_rep_2,GCA_943369995.1,CALRPF020000002.1,gapA,198,6.686e-56,0.365
FW_TWAS_rep_2,GCA_943369995.1,CALRPF020000029.1,pepN,193,7.426e-52,0.33
FW_TWAS_rep_2,GCA_943369995.1,CALRPF020000002.1,extracellular_protease,108,1.541e-25,0.335
FW_TWAS_rep_2,GCA_943369995.1,CALRPF020000012.1,fadD,302,1.151e-89,0.346
FW_TWAS_rep_2,GCA_943369995.1,CALRPF020000004.1,adh,74,1.359e-16,0.322
FW_TWAS_rep_2,GCA_943369995.1,CALRPF020000018.1,susC,43,7.412e-8,0.344
FW_TWAS_rep_2,GCA_943369995.1,CALRPF020000015.1,mvhG,42,6.86e-7,0.454
FW_TWAS_rep_2,GCA_943369995.1,CALRPF020000014.1,extracellular_protease,136,8.481e-34,0.331
FW_TWAS_rep_2,GCA_943369995.1,CALRPF020000015.1,acs,781,9.178e-254,0.615
FW_TWAS_rep_2,GCA_943369995.1,CALRPF020000013.1,crt,167,5.667e-48,0.38
FW_TWAS_rep_2,GCA_943369995.1,CALRPF020000001.1,oppB,194,6.104e-56,0.357
FW_TWAS_rep_2,GCA_943369995.1,CALRPF020000024.1,mmcG,46,1.16e-8,0.309
FW_TWAS_rep_2,GCA_943369995.1,CALRPF020000012.1,fadB,134,9.007e-37,0.373
FW_TWAS_rep_2,GCA_943369995.1,CALRPF020000010.1,pepT,228,1.037e-66,0.385
FW_TWAS_rep_2,GCA_943369995.1,CALRPF020000007.1,fadD,64,7.197e-13,0.216
FW_TWAS_rep_2,GCA_943369995.1,CALRPF020000002.1,fadE,258,1.781e-77,0.416
FW_TWAS_rep_2,GCA_943369995.1,CALRPF020000003.1,adh,71,9.544e-16,0.264
FW_TWAS_rep_2,GCA_943369995.1,CALRPF020000025.1,etfB,145,7.141e-41,0.373
FW_TWAS_rep_2,GCA_943369995.1,CALRPF020000012.1,pepN,108,8.315e-26,0.249
FW_TWAS_rep_2,GCA_943369995.1,CALRPF020000029.1,extracellular_protease,72,6.619e-15,0.307
FW_TWAS_rep_2,GCA_943369995.1,CALRPF020000014.1,hbd,301,1.135e-93,0.528
FW_TWAS_rep_2,GCA_943369995.1,CALRPF020000007.1,acs,74,8.449e-16,0.238
FW_TWAS_rep_2,GCA_943369995.1,CALRPF020000002.1,adh,82,2.209e-19,0.303
FW_TWAS_rep_2,GCA_943369995.1,CALRPF020000012.1,etfA,158,3.813e-45,0.421
FW_TWAS_rep_2,GCA_943369995.1,CALRPF020000036.1,sucD,116,1.43e-29,0.483
FW_TWAS_rep_2,GCA_943369995.1,CALRPF020000003.1,gapA,306,6.785e-95,0.493
FW_TWAS_rep_2,GCA_943369995.1,CALRPF020000013.1,pepN,55,1.873e-9,0.234
FW_TWAS_rep_2,GCA_943369995.1,CALRPF020000015.1,oppA,223,2.801e-63,0.313
FW_TWAS_rep_2,GCA_943369995.1,CALRPF020000010.1,dppC,188,2.03e-53,0.436
FW_TWAS_rep_2,GCA_943369995.1,CALRPF020000015.1,mdh,240,1.517e-72,0.429
FW_TWAS_rep_2,GCA_943369995.1,CALRPF020000010.1,oppB,215,1.653e-62,0.504
FW_TWAS_rep_2,GCA_943369995.1,CALRPF020000006.1,acylglycerol_lipase,41,2.549e-6,0.257
FW_TWAS_rep_2,GCA_943369995.1,CALRPF020000007.1,susC,64,1.426e-12,0.281
FW_TWAS_rep_2,GCA_943369995.1,CALRPF020000011.1,pepQ,55,1.092e-10,0.279
FW_TWAS_rep_2,GCA_943369995.1,CALRPF020000043.1,esterase,171,4.866e-50,0.438
FW_TWAS_rep_2,GCA_943369995.1,CALRPF020000036.1,sucC,377,2.282e-118,0.505
FW_TWAS_rep_2,GCA_943369995.1,CALRPF020000015.1,dppA,204,4.029e-57,0.297
FW_TWAS_rep_2,GCA_943369995.1,CALRPF020000012.1,aldh,57,1.021e-10,0.288
FW_TWAS_rep_2,GCA_943369995.1,CALRPF020000007.1,pfkA,55,2.075e-10,0.259
FW_TWAS_rep_2,GCA_943369995.1,CALRPF020000035.1,fadA,324,1.322e-99,0.486
FW_TWAS_rep_2,GCA_943369995.1,CALRPF020000008.1,pepN,180,7.46e-48,0.279
FW_TWAS_rep_2,GCA_943369995.1,CALRPF020000004.1,gdh,42,2.03e-6,0.308
FW_TWAS_rep_2,GCA_943369995.1,CALRPF020000029.1,esterase,71,2.923e-15,0.256
FW_TWAS_rep_2,GCA_943369995.1,CALRPF020000005.1,pfkA,256,7.512e-78,0.473
FW_TWAS_rep_2,GCA_943369995.1,CALRPF020000014.1,susC,62,7.482e-12,0.377
FW_TWAS_rep_2,GCA_943369995.1,CALRPF020000006.1,fadE,271,3.201e-82,0.442
FW_TWAS_rep_2,GCA_943369995.1,CALRPF020000015.1,fadD,128,3.619e-32,0.273
FW_TWAS_rep_2,GCA_943369995.1,CALRPF020000032.1,adhE,61,5.671e-12,0.227
FW_TWAS_rep_2,GCA_943369995.1,CALRPF020000015.1,frhG,48,7.981e-9,0.24
FW_TWAS_rep_2,GCA_943369995.1,CALRPF020000015.1,frhB,40,5.797e-6,0.277
FW_TWAS_rep_2,GCA_943369995.1,CALRPF020000011.1,fadE,200,1.318e-57,0.35
FW_TWAS_rep_2,GCA_943369995.1,CALRPF020000035.1,aldh,78,4.197e-17,0.259
FW_TWAS_rep_2,GCA_943369995.1,CALRPF020000009.1,acylglycerol_lipase,41,5.117e-6,0.266
FW_TWAS_rep_2,GCA_943369995.1,CALRPF020000007.1,pepA,293,4.965e-88,0.391
FW_TWAS_rep_2,GCA_943369995.1,CALRPF020000005.1,susC,42,1.445e-6,0.329
FW_TWAS_rep_2,GCA_943369995.1,CALRPF020000031.1,mmcF,124,6.631e-31,0.496
FW_TWAS_rep_2,GCA_943369995.1,CALRPF020000012.1,crt,214,2.671e-64,0.437
FW_TWAS_rep_2,GCA_943369995.1,CALRPF020000010.1,adh,70,1.677e-15,0.312
FW_TWAS_rep_2,GCA_943369995.1,CALRPF020000001.1,cazy_GH10,230,1.343e-68,0.405
FW_TWAS_rep_2,GCA_943369995.1,CALRPF020000014.1,mmcE,302,3.873e-85,0.376
FW_TWAS_rep_2,GCA_943369995.1,CALRPF020000001.1,dppB,220,5.629e-65,0.401
FW_TWAS_rep_2,GCA_943369995.1,CALRPF020000032.1,esterase,51,8.552e-9,0.307
FW_TWAS_rep_2,GCA_943369995.1,CALRPF020000035.1,adhE,68,4.727e-14,0.279
FW_TWAS_rep_2,GCA_943369995.1,CALRPF020000013.1,ilvE,252,7.941e-76,0.403
FW_TWAS_rep_2,GCA_943369995.1,CALRPF020000012.1,acs,45,7.157e-7,0.214
FW_TWAS_rep_2,GCA_943369995.1,CALRPF020000008.1,oppA,225,8.64e-64,0.333
FW_TWAS_rep_2,GCA_943369995.1,CALRPF020000008.1,lysophospholipase,41,4.768e-6,0.273
FW_TWAS_rep_2,GCA_943369995.1,CALRPF020000002.1,oppA,200,8.443e-56,0.294
FW_TWAS_rep_2,GCA_943369995.1,CALRPF020000003.1,gdh,436,3.562e-138,0.534
FW_TWAS_rep_2,GCA_943369995.1,CALRPF020000003.1,susC,46,6.155e-7,0.286
FW_TWAS_rep_2,GCA_943369995.1,CALRPF020000026.1,cazy_GH9,73,3.654e-15,0.273
FW_TWAS_rep_2,GCA_943369995.1,CALRPF020000013.1,etfA,99,5.036e-25,0.337
FW_TWAS_rep_2,GCA_943369995.1,CALRPF020000014.1,fadB,186,3.038e-54,0.385
FW_TWAS_rep_2,GCA_943369995.1,CALRPF020000013.1,fadB,90,7.338e-22,0.301
FW_TWAS_rep_2,GCA_943369995.1,CALRPF020000007.1,pepN,84,6.958e-19,0.236
FW_TWAS_rep_2,GCA_943369995.1,CALRPF020000013.1,extracellular_protease,44,1.553e-6,0.255
FW_TWAS_rep_2,GCA_943369995.1,CALRPF020000013.1,cat,250,1.765e-77,0.554
FW_TWAS_rep_2,GCA_943369995.1,CALRPF020000007.1,adhE,55,5.52e-10,0.228
FW_TWAS_rep_2,GCA_943369995.1,CALRPF020000018.1,pepQ,141,2.885e-37,0.377
FW_TWAS_rep_2,GCA_943369995.1,CALRPF020000012.1,mmcG,106,2.398e-29,0.409
FW_TWAS_rep_2,GCA_943369995.1,CALRPF020000035.1,thl,302,3.804e-92,0.451
FW_TWAS_rep_2,GCA_943369995.1,CALRPF020000015.1,pfor,41,2.409e-6,0.316
FW_TWAS_rep_2,GCA_943369995.1,CALRPF020000026.1,adh,68,1.263e-14,0.308
FW_TWAS_rep_2,GCA_943369995.1,CALRPF020000031.1,mmcE,511,2.604e-159,0.516
FW_TWAS_rep_2,GCA_964451255.1,CAYVHL010000002.1,etfB,243,1.513e-73,0.552
FW_TWAS_rep_2,GCA_964451255.1,CAYVHL010000002.1,crt,102,5.4e-26,0.343
FW_TWAS_rep_2,GCA_964451255.1,CAYVHL010000003.1,glcP,54,7.743e-10,0.246
FW_TWAS_rep_2,GCA_964451255.1,CAYVHL010000001.1,folD,291,1.211e-88,0.519
FW_TWAS_rep_2,GCA_964451255.1,CAYVHL010000001.1,hbd,148,2.582e-38,0.347
FW_TWAS_rep_2,GCA_964451255.1,CAYVHL010000001.1,etfA,54,1.592e-9,0.307
FW_TWAS_rep_2,GCA_964451255.1,CAYVHL010000010.1,acs,722,8.22e-233,0.56
FW_TWAS_rep_2,GCA_964451255.1,CAYVHL010000002.1,frhG,45,1.67e-7,0.271
FW_TWAS_rep_2,GCA_964451255.1,CAYVHL010000002.1,thl,405,5.841e-128,0.574
FW_TWAS_rep_2,GCA_964451255.1,CAYVHL010000006.1,lctB,228,9.889e-69,0.497
FW_TWAS_rep_2,GCA_964451255.1,CAYVHL010000010.1,fadD,130,1.074e-32,0.272
FW_TWAS_rep_2,GCA_964451255.1,CAYVHL010000011.1,pepQ,93,1.245e-21,0.301
FW_TWAS_rep_2,GCA_964451255.1,CAYVHL010000002.1,sucD,97,3.079e-23,0.478
FW_TWAS_rep_2,GCA_964451255.1,CAYVHL010000001.1,edd,233,1.123e-66,0.31
FW_TWAS_rep_2,GCA_964451255.1,CAYVHL010000008.1,bcd,253,1.499e-74,0.371
FW_TWAS_rep_2,GCA_964451255.1,CAYVHL010000001.1,fadE,238,1.801e-68,0.36
FW_TWAS_rep_2,GCA_964451255.1,CAYVHL010000001.1,fadB,121,5.052e-30,0.256
FW_TWAS_rep_2,GCA_964451255.1,CAYVHL010000001.1,acs,73,2.46e-15,0.216
FW_TWAS_rep_2,GCA_964451255.1,CAYVHL010000001.1,bcd,258,3.051e-75,0.393
FW_TWAS_rep_2,GCA_964451255.1,CAYVHL010000001.1,lctB,95,1.053e-22,0.315
FW_TWAS_rep_2,GCA_964451255.1,CAYVHL010000003.1,pepT,60,1.129e-11,0.254
FW_TWAS_rep_2,GCA_964451255.1,CAYVHL010000001.1,glcP,55,6.164e-10,0.224
FW_TWAS_rep_2,GCA_964451255.1,CAYVHL010000010.1,hydA,94,1.438e-21,0.286
FW_TWAS_rep_2,GCA_964451255.1,CAYVHL010000009.1,pepA,307,1.16e-92,0.435
FW_TWAS_rep_2,GCA_964451255.1,CAYVHL010000009.1,agl,96,2.131e-22,0.276
FW_TWAS_rep_2,GCA_964451255.1,CAYVHL010000006.1,lctC,366,1.245e-112,0.481
FW_TWAS_rep_2,GCA_964451255.1,CAYVHL010000012.1,oppA,285,1.103e-84,0.361
FW_TWAS_rep_2,GCA_964451255.1,CAYVHL010000001.1,pgi,76,2.935e-16,0.27
FW_TWAS_rep_2,GCA_964451255.1,CAYVHL010000001.1,lctC,45,1.116e-6,0.29
FW_TWAS_rep_2,GCA_964451255.1,CAYVHL010000001.1,gdh,435,4.419e-138,0.532
FW_TWAS_rep_2,GCA_964451255.1,CAYVHL010000001.1,fdhA,432,1.14e-131,0.403
FW_TWAS_rep_2,GCA_964451255.1,CAYVHL010000006.1,lctD,79,3.9e-19,0.52
FW_TWAS_rep_2,GCA_964451255.1,CAYVHL010000001.1,crt,81,8.034e-18,0.318
FW_TWAS_rep_2,GCA_964451255.1,CAYVHL010000001.1,fadD,328,2.064e-97,0.387
FW_TWAS_rep_2,GCA_964451255.1,CAYVHL010000013.1,tdcB,284,2.24e-87,0.47
FW_TWAS_rep_2,GCA_964451255.1,CAYVHL010000001.1,agl,113,1.624e-27,0.269
FW_TWAS_rep_2,GCA_964451255.1,CAYVHL010000003.1,pfkA,57,5.794e-11,0.295
FW_TWAS_rep_2,GCA_964451255.1,CAYVHL010000004.1,pepT,42,3.312e-6,0.326
FW_TWAS_rep_2,GCA_964451255.1,CAYVHL010000001.1,mdh,164,1.453e-45,0.353
FW_TWAS_rep_2,GCA_964451255.1,CAYVHL010000001.1,mmcG,62,2.586e-12,0.318
FW_TWAS_rep_2,GCA_964451255.1,CAYVHL010000001.1,oppB,194,2.052e-56,0.389
FW_TWAS_rep_2,GCA_964451255.1,CAYVHL010000016.1,adh,67,2.384e-14,0.286
FW_TWAS_rep_2,GCA_964451255.1,CAYVHL010000002.1,extracellular_protease,168,2.509e-45,0.318
FW_TWAS_rep_2,GCA_964451255.1,CAYVHL010000001.1,pepQ,163,4.033e-45,0.347
FW_TWAS_rep_2,GCA_964451255.1,CAYVHL010000005.1,pepN,144,1.228e-37,0.281
FW_TWAS_rep_2,GCA_964451255.1,CAYVHL010000009.1,ilvE,105,1.363e-26,0.287
FW_TWAS_rep_2,GCA_964451255.1,CAYVHL010000001.1,cat,271,1.497e-84,0.619
FW_TWAS_rep_2,GCA_964451255.1,CAYVHL010000001.1,bgl,291,1.717e-87,0.364
FW_TWAS_rep_2,GCA_964451255.1,CAYVHL010000010.1,adh,77,2.228e-17,0.3
FW_TWAS_rep_2,GCA_964451255.1,CAYVHL010000009.1,cazy_GH13,135,9.675e-35,0.327
FW_TWAS_rep_2,GCA_964451255.1,CAYVHL010000017.1,extracellular_protease,134,9.631e-34,0.339
FW_TWAS_rep_2,GCA_964451255.1,CAYVHL010000002.1,pepN,185,2.438e-49,0.296
FW_TWAS_rep_2,GCA_964451255.1,CAYVHL010000001.1,sucD,325,5.53e-101,0.565
FW_TWAS_rep_2,GCA_964451255.1,CAYVHL010000001.1,pfkA,275,3.972e-84,0.501
FW_TWAS_rep_2,GCA_964451255.1,CAYVHL010000001.1,dppC,177,2.774e-48,0.385
FW_TWAS_rep_2,GCA_964451255.1,CAYVHL010000002.1,cazy_GH5,91,9.768e-21,0.295
FW_TWAS_rep_2,GCA_964451255.1,CAYVHL010000001.1,tdcB,314,4.555e-92,0.455
FW_TWAS_rep_2,GCA_964451255.1,CAYVHL010000002.1,etfA,209,5.254e-62,0.566
FW_TWAS_rep_2,GCA_964451255.1,CAYVHL010000008.1,fadE,229,2.16e-66,0.388
FW_TWAS_rep_2,GCA_964451255.1,CAYVHL010000001.1,dppB,198,6.714e-58,0.396
FW_TWAS_rep_2,GCA_964451255.1,CAYVHL010000007.1,adh,48,3.43e-8,0.285
FW_TWAS_rep_2,GCA_964451255.1,CAYVHL010000012.1,dppA,262,8.593e-77,0.327
FW_TWAS_rep_2,GCA_964451255.1,CAYVHL010000010.1,fdhA,188,5.081e-51,0.273
FW_TWAS_rep_2,GCA_964451255.1,CAYVHL010000002.1,sucC,294,5.406e-89,0.432
FW_TWAS_rep_2,GCA_964451255.1,CAYVHL010000002.1,fadA,260,4.47e-78,0.44
FW_TWAS_rep_2,GCA_964451255.1,CAYVHL010000003.1,fdhA,184,2.381e-49,0.25
FW_TWAS_rep_2,GCA_964451255.1,CAYVHL010000001.1,gapA,353,8.726e-111,0.544
FW_TWAS_rep_2,GCA_964451255.1,CAYVHL010000007.1,pyk,352,1.115e-108,0.453
FW_TWAS_rep_2,GCA_964451255.1,CAYVHL010000001.1,pepT,228,2.439e-67,0.389
FW_TWAS_rep_2,GCA_964451255.1,CAYVHL010000001.1,cazy_GH13,189,2.37e-51,0.397
FW_TWAS_rep_2,GCA_044378235.1,JBILXT010000181.1,endopeptidase,42,5.224e-6,0.281
FW_TWAS_rep_2,GCA_044378235.1,JBILXT010000042.1,pepO,766,1.847e-246,0.567
FW_TWAS_rep_2,GCA_044378235.1,JBILXT010000117.1,adh,59,3.252e-12,0.31
FW_TWAS_rep_2,GCA_044378235.1,JBILXT010000131.1,ackA,269,6.292e-82,0.406
FW_TWAS_rep_2,GCA_044378235.1,JBILXT010000205.1,lctB,252,1.635e-77,0.51
FW_TWAS_rep_2,GCA_044378235.1,JBILXT010000159.1,lctB,109,1.595e-26,0.291
FW_TWAS_rep_2,GCA_044378235.1,JBILXT010000283.1,frhG,49,2.869e-9,0.307
FW_TWAS_rep_2,GCA_044378235.1,JBILXT010000031.1,pepT,140,1.494e-37,0.313
FW_TWAS_rep_2,GCA_044378235.1,JBILXT010000075.1,acs,78,5.309e-17,0.23
FW_TWAS_rep_2,GCA_044378235.1,JBILXT010000314.1,lctB,75,3.684e-16,0.283
FW_TWAS_rep_2,GCA_044378235.1,JBILXT010000027.1,adh,51,2.993e-9,0.279
FW_TWAS_rep_2,GCA_044378235.1,JBILXT010000099.1,crt,160,7.246e-44,0.381
FW_TWAS_rep_2,GCA_044378235.1,JBILXT010000232.1,hydA,42,9.405e-6,0.32
FW_TWAS_rep_2,GCA_044378235.1,JBILXT010000043.1,lysophospholipase,51,1.882e-9,0.262
FW_TWAS_rep_2,GCA_044378235.1,JBILXT010000322.1,adh,67,3.309e-14,0.361
FW_TWAS_rep_2,GCA_044378235.1,JBILXT010000716.1,ackA,144,5.721e-42,0.455
FW_TWAS_rep_2,GCA_044378235.1,JBILXT010000031.1,pepD,79,8.23e-18,0.3
FW_TWAS_rep_2,GCA_044378235.1,JBILXT010000439.1,thl,265,1.865e-78,0.424
FW_TWAS_rep_2,GCA_044378235.1,JBILXT010000075.1,fadD,77,9.332e-17,0.243
FW_TWAS_rep_2,GCA_044378235.1,JBILXT010000401.1,pfkA,113,1.602e-28,0.288
FW_TWAS_rep_2,GCA_044378235.1,JBILXT010000238.1,pfkA,160,7.883e-44,0.366
FW_TWAS_rep_2,GCA_044378235.1,JBILXT010000212.1,mvhG,126,5.1e-33,0.322
FW_TWAS_rep_2,GCA_044378235.1,JBILXT010000402.1,acs,74,7.59e-16,0.241
FW_TWAS_rep_2,GCA_044378235.1,JBILXT010000099.1,etfA,115,5.39e-29,0.327
FW_TWAS_rep_2,GCA_044378235.1,JBILXT010000439.1,fadA,224,1.545e-64,0.391
FW_TWAS_rep_2,GCA_044378235.1,JBILXT010000414.1,gdh,171,5.12e-52,0.605
FW_TWAS_rep_2,GCA_044378235.1,JBILXT010000038.1,fadD,151,1.37e-38,0.291
FW_TWAS_rep_2,GCA_044378235.1,JBILXT010000034.1,ftr,266,2.46e-81,0.513
FW_TWAS_rep_2,GCA_044378235.1,JBILXT010000212.1,mvhA,203,1.425e-57,0.317
FW_TWAS_rep_2,GCA_044378235.1,JBILXT010000152.1,eda,184,2.423e-54,0.42
FW_TWAS_rep_2,GCA_044378235.1,JBILXT010000440.1,lysophospholipase,62,6.553e-12,0.257
FW_TWAS_rep_2,GCA_044378235.1,JBILXT010000001.1,edd,187,1.733e-51,0.302
FW_TWAS_rep_2,GCA_044378235.1,JBILXT010000048.1,ftr,351,6.336e-111,0.607
FW_TWAS_rep_2,GCA_044378235.1,JBILXT010000128.1,gdh,62,2.423e-12,0.538
FW_TWAS_rep_2,GCA_044378235.1,JBILXT010000023.1,gapA,338,1.242e-107,0.703
FW_TWAS_rep_2,GCA_044378235.1,JBILXT010000212.1,frhG,83,4.45e-19,0.295
FW_TWAS_rep_2,GCA_044378235.1,JBILXT010000716.1,adhE,174,8.776e-48,0.312
FW_TWAS_rep_2,GCA_044378235.1,JBILXT010000001.1,sucC,403,2.693e-127,0.536
FW_TWAS_rep_2,GCA_044378235.1,JBILXT010000276.1,pgi,87,1.552e-20,0.284
FW_TWAS_rep_2,GCA_044378235.1,JBILXT010000483.1,pepT,84,4.116e-19,0.272
FW_TWAS_rep_2,GCA_044378235.1,JBILXT010000001.1,sucD,346,3.499e-109,0.59
FW_TWAS_rep_2,GCA_044378235.1,JBILXT010000642.1,lysophospholipase,46,3.141e-8,0.304
FW_TWAS_rep_2,GCA_044378235.1,JBILXT010000462.1,adh,56,1.18e-10,0.313
FW_TWAS_rep_2,GCA_044378235.1,JBILXT010000099.1,adhE,76,2.074e-16,0.246
FW_TWAS_rep_2,GCA_044378235.1,JBILXT010000205.1,lctC,426,3.722e-134,0.495
FW_TWAS_rep_2,GCA_044378235.1,JBILXT010000478.1,lysophospholipase,40,5.246e-6,0.25
FW_TWAS_rep_2,GCA_044378235.1,JBILXT010000013.1,pepT,44,9.463e-7,0.238
FW_TWAS_rep_2,GCA_044378235.1,JBILXT010000696.1,esterase,51,5.004e-9,0.29
FW_TWAS_rep_2,GCA_044378235.1,JBILXT010000007.1,mdh,180,4.923e-52,0.364
FW_TWAS_rep_2,GCA_044378235.1,JBILXT010000004.1,mdh,173,4.553e-49,0.395
FW_TWAS_rep_2,GCA_044378235.1,JBILXT010000340.1,pepQ,147,6.484e-40,0.319
FW_TWAS_rep_2,GCA_044378235.1,JBILXT010000606.1,cazy_GH10,52,3.727e-9,0.23
FW_TWAS_rep_2,GCA_044378235.1,JBILXT010000169.1,rnfB,45,3.774e-7,0.313
FW_TWAS_rep_2,GCA_044378235.1,JBILXT010000015.1,pyk,149,1.16e-38,0.404
FW_TWAS_rep_2,GCA_044378235.1,JBILXT010000205.1,lctD,81,1.341e-19,0.355
FW_TWAS_rep_2,GCA_044378235.1,JBILXT010000082.1,cazy_GH13,79,4.515e-17,0.264
FW_TWAS_rep_2,GCA_044378235.1,JBILXT010000283.1,mvhG,42,6.196e-7,0.642
FW_TWAS_rep_2,GCA_044378235.1,JBILXT010000362.1,acylglycerol_lipase,55,1.952e-10,0.273
FW_TWAS_rep_2,GCA_044378235.1,JBILXT010000168.1,adh,72,5.64e-16,0.279
FW_TWAS_rep_2,GCA_044378235.1,JBILXT010000026.1,hydA,91,5.917e-21,0.279
FW_TWAS_rep_2,GCA_044378235.1,JBILXT010000048.1,folD,336,3.717e-106,0.612
FW_TWAS_rep_2,GCA_044378235.1,JBILXT010000099.1,aldh,74,1.103e-15,0.248
FW_TWAS_rep_2,GCA_044378235.1,JBILXT010000438.1,esterase,49,2.836e-8,0.312
FW_TWAS_rep_2,GCA_044378235.1,JBILXT010000393.1,xylA,586,1.519e-189,0.641
FW_TWAS_rep_2,GCA_044378235.1,JBILXT010000401.1,pepQ,138,3.123e-38,0.382
FW_TWAS_rep_2,GCA_044378235.1,JBILXT010000716.1,aldh,168,7.858e-46,0.29
FW_TWAS_rep_2,GCA_044378235.1,JBILXT010000402.1,fadD,122,1.192e-30,0.267
FW_TWAS_rep_2,GCA_044378235.1,JBILXT010000350.1,pepT,43,1.488e-6,0.24
FW_TWAS_rep_2,GCA_044378235.1,JBILXT010000174.1,extracellular_protease,192,8.167e-54,0.418
FW_TWAS_rep_2,GCA_044378235.1,JBILXT010000477.1,cazy_GH10,242,2.755e-68,0.404
FW_TWAS_rep_2,GCA_044378235.1,JBILXT010000063.1,agl,42,4.188e-6,0.231
FW_TWAS_rep_2,GCA_044378235.1,JBILXT010000125.1,esterase,58,2.129e-11,0.336
FW_TWAS_rep_2,GCA_044378235.1,JBILXT010000362.1,lysophospholipase,40,8.937e-6,0.272
FW_TWAS_rep_2,GCA_044378235.1,JBILXT010000212.1,frhA,157,3.152e-42,0.291
FW_TWAS_rep_2,GCA_044378235.1,JBILXT010000343.1,mch,276,1.23e-84,0.473
FW_TWAS_rep_2,GCA_044378235.1,JBILXT010000001.1,fadD,135,1.869e-34,0.276
FW_TWAS_rep_2,GCA_044378235.1,JBILXT010000407.1,edd,224,1.07e-63,0.346
FW_TWAS_rep_2,GCA_044378235.1,JBILXT010000048.1,fwdA,578,2.46e-184,0.534
FW_TWAS_rep_2,GCA_044378235.1,JBILXT010000122.1,fumB,724,5.098e-235,0.65
FW_TWAS_rep_2,GCA_044378235.1,JBILXT010000314.1,lctC,49,3.008e-8,0.276
FW_TWAS_rep_2,GCA_044378235.1,JBILXT010000016.1,pepQ,74,5.852e-16,0.244
FW_TWAS_rep_2,GCA_044378235.1,JBILXT010000198.1,adhE,233,4.902e-68,0.379
FW_TWAS_rep_2,GCA_044378235.1,JBILXT010000004.1,fdhA,220,5.924e-61,0.28
FW_TWAS_rep_2,GCA_044378235.1,JBILXT010000106.1,pfkA,124,9.985e-32,0.291
FW_TWAS_rep_2,GCA_044378235.1,JBILXT010000238.1,adhE,156,2.92e-42,0.361
FW_TWAS_rep_2,GCA_044378235.1,JBILXT010000026.1,fdhA,64,7.945e-13,0.295
FW_TWAS_rep_2,GCA_044378235.1,JBILXT010000342.1,cat,102,2.68e-24,0.327
FW_TWAS_rep_2,GCA_044378235.1,JBILXT010000058.1,edd,108,5.198e-28,0.323
FW_TWAS_rep_2,GCA_044378235.1,JBILXT010000036.1,pepQ,62,7.626e-13,0.261
FW_TWAS_rep_2,GCA_044378235.1,JBILXT010000030.1,tdcB,224,5.504e-67,0.449
FW_TWAS_rep_2,GCA_044378235.1,JBILXT010000247.1,endopeptidase,288,2.449e-82,0.512
FW_TWAS_rep_2,GCA_044378235.1,JBILXT010000445.1,mch,76,3.741e-19,0.422
FW_TWAS_rep_2,GCA_044378235.1,JBILXT010000002.1,fwdA,50,1.221e-8,0.446
FW_TWAS_rep_2,GCA_044378235.1,JBILXT010000320.1,xylB,133,6.51e-35,0.278
FW_TWAS_rep_2,GCA_044378235.1,JBILXT010000461.1,edd,112,9.498e-29,0.31
FW_TWAS_rep_2,GCA_044378235.1,JBILXT010000277.1,fwdA,532,5.357e-169,0.499
FW_TWAS_rep_2,GCA_044378235.1,JBILXT010000001.1,acs,790,1.501e-256,0.597
FW_TWAS_rep_2,GCA_044378235.1,JBILXT010000131.1,dtpT,361,1.904e-108,0.378
FW_TWAS_rep_2,GCA_044378235.1,JBILXT010000005.1,ilvE,58,2.001e-11,0.25
FW_TWAS_rep_2,GCA_044378235.1,JBILXT010000002.1,adh,49,1.421e-8,0.276
FW_TWAS_rep_2,GCA_044378235.1,JBILXT010000154.1,fwdA,43,1.692e-6,0.247
FW_TWAS_rep_2,GCA_044378235.1,JBILXT010000038.1,acs,89,1.153e-19,0.243
FW_TWAS_rep_2,GCA_044378235.1,JBILXT010000099.1,fadB,96,6.897e-23,0.326
FW_TWAS_rep_2,GCA_044378235.1,JBILXT010000026.1,rnfB,41,3.212e-6,0.31
FW_TWAS_rep_2,GCA_044229135.1,JBGATQ010000231.1,pepT,129,1.634e-32,0.34
FW_TWAS_rep_2,GCA_044229135.1,JBGATQ010000576.1,pepN,200,4.214e-55,0.3
FW_TWAS_rep_2,GCA_044229135.1,JBGATQ010000069.1,fdhA,45,1.383e-6,0.228
FW_TWAS_rep_2,GCA_044229135.1,JBGATQ010000177.1,extracellular_protease,108,3.555e-26,0.316
FW_TWAS_rep_2,GCA_044229135.1,JBGATQ010000258.1,pfor,42,4.112e-7,0.515
FW_TWAS_rep_2,GCA_044229135.1,JBGATQ010000158.1,fdhA,205,4.48e-56,0.308
FW_TWAS_rep_2,GCA_044229135.1,JBGATQ010000258.1,frhB,46,1.992e-8,0.328
FW_TWAS_rep_2,GCA_044229135.1,JBGATQ010000005.1,fadD,355,3.397e-105,0.397
FW_TWAS_rep_2,GCA_044229135.1,JBGATQ010000484.1,dppA,183,1.337e-50,0.282
FW_TWAS_rep_2,GCA_044229135.1,JBGATQ010000222.1,agl,90,1.349e-20,0.284
FW_TWAS_rep_2,GCA_044229135.1,JBGATQ010000206.1,pepQ,75,2.543e-16,0.294
FW_TWAS_rep_2,GCA_044229135.1,JBGATQ010000081.1,fadD,121,1.209e-29,0.298
FW_TWAS_rep_2,GCA_044229135.1,JBGATQ010000007.1,fdhA,204,1.204e-55,0.275
FW_TWAS_rep_2,GCA_044229135.1,JBGATQ010000134.1,pepA,435,9.767e-137,0.501
FW_TWAS_rep_2,GCA_044229135.1,JBGATQ010000077.1,dppA,143,7.29e-36,0.254
FW_TWAS_rep_2,GCA_044229135.1,JBGATQ010000149.1,esterase,46,6.026e-8,0.324
FW_TWAS_rep_2,GCA_044229135.1,JBGATQ010000144.1,fadA,317,1.545e-97,0.457
FW_TWAS_rep_2,GCA_044229135.1,JBGATQ010000070.1,hbd,323,6.465e-101,0.567
FW_TWAS_rep_2,GCA_044229135.1,JBGATQ010000142.1,dppC,279,1.888e-82,0.474
FW_TWAS_rep_2,GCA_044229135.1,JBGATQ010000079.1,oppA,147,3.585e-37,0.265
FW_TWAS_rep_2,GCA_044229135.1,JBGATQ010000206.1,pepT,240,1.759e-71,0.404
FW_TWAS_rep_2,GCA_044229135.1,JBGATQ010000156.1,pepN,68,1.633e-13,0.268
FW_TWAS_rep_2,GCA_044229135.1,JBGATQ010000190.1,pgi,750,9.972e-244,0.69
FW_TWAS_rep_2,GCA_044229135.1,JBGATQ010000403.1,fadB,89,1.125e-21,0.348
FW_TWAS_rep_2,GCA_044229135.1,JBGATQ010000103.1,etfA,91,3.026e-22,0.303
FW_TWAS_rep_2,GCA_044229135.1,JBGATQ010000159.1,hydA,45,1.472e-6,0.456
FW_TWAS_rep_2,GCA_044229135.1,JBGATQ010000079.1,etfA,119,4.879e-31,0.366
FW_TWAS_rep_2,GCA_044229135.1,JBGATQ010000018.1,pepN,138,2.965e-35,0.297
FW_TWAS_rep_2,GCA_044229135.1,JBGATQ010000204.1,dppA,217,6.533e-59,0.311
FW_TWAS_rep_2,GCA_044229135.1,JBGATQ010000553.1,adh,59,1.878e-11,0.274
FW_TWAS_rep_2,GCA_044229135.1,JBGATQ010000322.1,cazy_GH13,133,8.561e-34,0.292
FW_TWAS_rep_2,GCA_044229135.1,JBGATQ010000162.1,pta,229,1.866e-68,0.462
FW_TWAS_rep_2,GCA_044229135.1,JBGATQ010000116.1,folD,308,3.58e-94,0.529
FW_TWAS_rep_2,GCA_044229135.1,JBGATQ010000075.1,oppB,215,7.085e-63,0.376
FW_TWAS_rep_2,GCA_044229135.1,JBGATQ010000235.1,lysophospholipase,56,4.263e-11,0.271
FW_TWAS_rep_2,GCA_044229135.1,JBGATQ010000206.1,fadB,108,2.266e-28,0.4
FW_TWAS_rep_2,GCA_044229135.1,JBGATQ010000373.1,oppA,147,1.489e-37,0.244
FW_TWAS_rep_2,GCA_044229135.1,JBGATQ010000553.1,etfA,82,3.272e-19,0.276
FW_TWAS_rep_2,GCA_044229135.1,JBGATQ010000248.1,extracellular_protease,60,4.126e-11,0.278
FW_TWAS_rep_2,GCA_044229135.1,JBGATQ010000466.1,pfkA,150,4.728e-40,0.335
FW_TWAS_rep_2,GCA_044229135.1,JBGATQ010000155.1,dppA,166,3.835e-44,0.313
FW_TWAS_rep_2,GCA_044229135.1,JBGATQ010000187.1,adhE,402,7.573e-124,0.483
FW_TWAS_rep_2,GCA_044229135.1,JBGATQ010000036.1,fadA,346,1.009e-100,0.536
FW_TWAS_rep_2,GCA_044229135.1,JBGATQ010000417.1,etfA,126,1.047e-33,0.352
FW_TWAS_rep_2,GCA_044229135.1,JBGATQ010000075.1,dppA,178,4.316e-48,0.284
FW_TWAS_rep_2,GCA_044229135.1,JBGATQ010000204.1,oppA,200,8.419e-54,0.306
FW_TWAS_rep_2,GCA_044229135.1,JBGATQ010000417.1,fadB,97,4.095e-25,0.388
FW_TWAS_rep_2,GCA_044229135.1,JBGATQ010000003.1,adhE,187,1.716e-52,0.33
FW_TWAS_rep_2,GCA_044229135.1,JBGATQ010000155.1,oppA,130,6.446e-33,0.282
FW_TWAS_rep_2,GCA_044229135.1,JBGATQ010000036.1,fadD,395,5.708e-121,0.422
FW_TWAS_rep_2,GCA_044229135.1,JBGATQ010000370.1,extracellular_protease,158,5.928e-41,0.357
FW_TWAS_rep_2,GCA_044229135.1,JBGATQ010000403.1,etfA,89,1.125e-21,0.349
FW_TWAS_rep_2,GCA_044229135.1,JBGATQ010000127.1,pfkA,233,6.001e-69,0.416
FW_TWAS_rep_2,GCA_044229135.1,JBGATQ010000005.1,extracellular_protease,74,1.193e-15,0.275
FW_TWAS_rep_2,GCA_044229135.1,JBGATQ010000387.1,crt,217,7.882e-65,0.461
FW_TWAS_rep_2,GCA_044229135.1,JBGATQ010000090.1,bcd,188,8.225e-52,0.366
FW_TWAS_rep_2,GCA_044229135.1,JBGATQ010000206.1,mmcE,702,2.76e-227,0.618
FW_TWAS_rep_2,GCA_044229135.1,JBGATQ010000075.1,dppC,183,5.306e-52,0.435
FW_TWAS_rep_2,GCA_044229135.1,JBGATQ010000417.1,crt,160,2.201e-45,0.415
FW_TWAS_rep_2,GCA_044229135.1,JBGATQ010000484.1,oppA,156,8.452e-42,0.27
FW_TWAS_rep_2,GCA_044229135.1,JBGATQ010000414.1,fadD,151,1.086e-38,0.289
FW_TWAS_rep_2,GCA_044229135.1,JBGATQ010000113.1,pfkA,146,2.725e-40,0.398
FW_TWAS_rep_2,GCA_044229135.1,JBGATQ010000033.1,extracellular_protease,92,3.689e-21,0.277
FW_TWAS_rep_2,GCA_044229135.1,JBGATQ010000256.1,cat,69,3.832e-15,0.25
FW_TWAS_rep_2,GCA_044229135.1,JBGATQ010000007.1,frhG,44,1.979e-7,0.268
FW_TWAS_rep_2,GCA_044229135.1,JBGATQ010000042.1,fwdA,47,1.702e-7,0.298
FW_TWAS_rep_2,GCA_044229135.1,JBGATQ010000250.1,cazy_GH13,164,2.024e-43,0.372
FW_TWAS_rep_2,GCA_044229135.1,JBGATQ010000007.1,mvhG,42,1.17e-6,0.354
FW_TWAS_rep_2,GCA_044229135.1,JBGATQ010000040.1,acs,805,1.182e-260,0.603
FW_TWAS_rep_2,GCA_044229135.1,JBGATQ010000007.1,thl,374,1.528e-114,0.515
FW_TWAS_rep_2,GCA_044229135.1,JBGATQ010000038.1,mmcG,42,8.088e-7,0.311
FW_TWAS_rep_2,GCA_044229135.1,JBGATQ010000036.1,crt,56,6.326e-10,0.278
FW_TWAS_rep_2,GCA_044229135.1,JBGATQ010000051.1,bcd,332,5.255e-103,0.458
FW_TWAS_rep_2,GCA_044229135.1,JBGATQ010000007.1,fadA,326,2.307e-98,0.474
FW_TWAS_rep_2,GCA_044229135.1,JBGATQ010000077.1,oppA,184,2.131e-48,0.293
FW_TWAS_rep_2,GCA_044229135.1,JBGATQ010000139.1,acylglycerol_lipase,50,1.709e-8,0.325
FW_TWAS_rep_2,GCA_044229135.1,JBGATQ010000070.1,fadA,306,1.206e-93,0.437
FW_TWAS_rep_2,GCA_044229135.1,JBGATQ010000323.1,fdhA,78,3.662e-17,0.379
FW_TWAS_rep_2,GCA_044229135.1,JBGATQ010000142.1,oppA,438,1.006e-136,0.445
FW_TWAS_rep_2,GCA_044229135.1,JBGATQ010000130.1,adh,77,2.731e-17,0.3
FW_TWAS_rep_2,GCA_044229135.1,JBGATQ010000412.1,sucD,376,5.891e-120,0.653
FW_TWAS_rep_2,GCA_044229135.1,JBGATQ010000025.1,pepO,336,3.008e-103,0.406
FW_TWAS_rep_2,GCA_044229135.1,JBGATQ010000050.1,bcd,145,1.194e-38,0.308
FW_TWAS_rep_2,GCA_044229135.1,JBGATQ010000159.1,frhG,44,1.939e-6,0.355
FW_TWAS_rep_2,GCA_044229135.1,JBGATQ010000079.1,dppA,143,9.694e-36,0.272
FW_TWAS_rep_2,GCA_044229135.1,JBGATQ010000007.1,hydA,91,1.16e-20,0.295
FW_TWAS_rep_2,GCA_044229135.1,JBGATQ010000075.1,oppA,159,5.15e-42,0.265
FW_TWAS_rep_2,GCA_044229135.1,JBGATQ010000113.1,cazy_GH13,153,3.119e-40,0.352
FW_TWAS_rep_2,GCA_044229135.1,JBGATQ010000055.1,bcd,361,1.577e-112,0.481
FW_TWAS_rep_2,GCA_044229135.1,JBGATQ010000017.1,extracellular_protease,140,1.139e-35,0.422
FW_TWAS_rep_2,GCA_044229135.1,JBGATQ010000044.1,fdhA,46,1.008e-6,0.212
FW_TWAS_rep_2,GCA_044229135.1,JBGATQ010000031.1,fdhA,199,1.249e-54,0.281
FW_TWAS_rep_2,GCA_044229135.1,JBGATQ010000133.1,dppC,79,3.705e-21,0.59
FW_TWAS_rep_2,GCA_044229135.1,JBGATQ010000169.1,pepN,43,5.919e-6,0.222
FW_TWAS_rep_2,GCA_044229135.1,JBGATQ010000403.1,crt,132,5.071e-36,0.37
FW_TWAS_rep_2,GCA_044229135.1,JBGATQ010000036.1,fadB,114,1.561e-27,0.305
FW_TWAS_rep_2,GCA_044229135.1,JBGATQ010000369.1,frhB,44,5.14e-6,0.277
FW_TWAS_rep_2,GCA_044229135.1,JBGATQ010000553.1,crt,147,5.034e-41,0.377
FW_TWAS_rep_2,GCA_044229135.1,JBGATQ010000414.1,acs,225,1.253e-61,0.327
FW_TWAS_rep_2,GCA_044229135.1,JBGATQ010000036.1,acs,96,1.495e-22,0.233
FW_TWAS_rep_2,GCA_044229135.1,JBGATQ010000113.1,agl,111,5.028e-27,0.3
FW_TWAS_rep_2,GCA_044229135.1,JBGATQ010000003.1,gdh,43,1.315e-6,0.266
FW_TWAS_rep_2,GCA_044229135.1,JBGATQ010000142.1,dppA,328,5.327e-99,0.348
FW_TWAS_rep_2,GCA_044229135.1,JBGATQ010000036.1,thl,297,8.447e-85,0.505
FW_TWAS_rep_2,GCA_044229135.1,JBGATQ010000026.1,crt,137,7.569e-38,0.329
FW_TWAS_rep_2,GCA_044229135.1,JBGATQ010000067.1,pepO,629,8.714e-200,0.485
FW_TWAS_rep_2,GCA_044229135.1,JBGATQ010000466.1,cazy_GH13,77,1.68e-16,0.261
FW_TWAS_rep_2,GCA_044229135.1,JBGATQ010000275.1,fadD,223,3.903e-64,0.339
FW_TWAS_rep_2,GCA_044229135.1,JBGATQ010000103.1,crt,154,9.133e-44,0.395
FW_TWAS_rep_2,GCA_044229135.1,JBGATQ010000414.1,fadE,222,5.675e-67,0.562
FW_TWAS_rep_2,GCA_044229135.1,JBGATQ010000206.1,oppA,109,1.696e-26,0.239
FW_TWAS_rep_2,GCA_044229135.1,JBGATQ010000083.1,pepA,392,7.753e-122,0.487
FW_TWAS_rep_2,GCA_044229135.1,JBGATQ010000135.1,pepQ,181,6.863e-50,0.351
FW_TWAS_rep_2,GCA_044229135.1,JBGATQ010000103.1,fadB,87,6.202e-21,0.294
FW_TWAS_rep_2,GCA_044229135.1,JBGATQ010000345.1,pepN,57,2.729e-10,0.283
FW_TWAS_rep_2,GCA_044229135.1,JBGATQ010000055.1,fadE,266,7.56e-80,0.429
FW_TWAS_rep_2,GCA_044229135.1,JBGATQ010000036.1,hbd,153,2.001e-39,0.365
FW_TWAS_rep_2,GCA_044229135.1,JBGATQ010000051.1,fadE,269,1.525e-81,0.439
FW_TWAS_rep_2,GCA_044229135.1,JBGATQ010000079.1,fadB,124,5.047e-33,0.388
FW_TWAS_rep_2,GCA_044229135.1,JBGATQ010000273.1,ilvE,154,1.473e-42,0.344
FW_TWAS_rep_2,GCA_044229135.1,JBGATQ010000026.1,oppA,162,4.337e-42,0.301
FW_TWAS_rep_2,GCA_044229135.1,JBGATQ010000139.1,dtpT,390,1.46e-120,0.464
FW_TWAS_rep_2,GCA_044229135.1,JBGATQ010000024.1,sucD,108,1.113e-26,0.46
FW_TWAS_rep_2,GCA_044229135.1,JBGATQ010000190.1,ackA,402,1.577e-126,0.531
FW_TWAS_rep_2,GCA_044229135.1,JBGATQ010000250.1,agl,86,3.349e-19,0.262
FW_TWAS_rep_2,GCA_044229135.1,JBGATQ010000024.1,mmcE,716,1.966e-232,0.676
FW_TWAS_rep_2,GCA_044229135.1,JBGATQ010000115.1,pyk,345,7.251e-106,0.455
FW_TWAS_rep_2,GCA_044229135.1,JBGATQ010000008.1,extracellular_protease,120,1.18e-29,0.323
FW_TWAS_rep_2,GCA_044229135.1,JBGATQ010000378.1,acs,57,2.39e-10,0.237
FW_TWAS_rep_2,GCA_044229135.1,JBGATQ010000387.1,fadB,143,1.413e-39,0.427
FW_TWAS_rep_2,GCA_044229135.1,JBGATQ010000036.1,bcd,254,4.671e-71,0.395
FW_TWAS_rep_2,GCA_044229135.1,JBGATQ010000031.1,pepN,63,2.003e-12,0.267
FW_TWAS_rep_2,GCA_044229135.1,JBGATQ010000005.1,gapA,44,6.384e-8,0.578
FW_TWAS_rep_2,GCA_044229135.1,JBGATQ010000024.1,sucC,379,7.397e-119,0.512
FW_TWAS_rep_2,GCA_044229135.1,JBGATQ010000319.1,gdh,454,1.579e-143,0.534
FW_TWAS_rep_2,GCA_044229135.1,JBGATQ010000050.1,fadE,212,3.787e-61,0.4
FW_TWAS_rep_2,GCA_044229135.1,JBGATQ010000054.1,pepQ,78,3.576e-17,0.309
FW_TWAS_rep_2,GCA_044229135.1,JBGATQ010000081.1,acs,120,3.647e-29,0.261
FW_TWAS_rep_2,GCA_044229135.1,JBGATQ010000070.1,fadB,219,5.209e-65,0.422
FW_TWAS_rep_2,GCA_044229135.1,JBGATQ010000031.1,pepD,227,6.483e-69,0.549
FW_TWAS_rep_2,GCA_044229135.1,JBGATQ010000378.1,fadD,198,2.079e-53,0.342
FW_TWAS_rep_2,GCA_044229135.1,JBGATQ010000285.1,pepO,581,1.236e-183,0.443
FW_TWAS_rep_2,GCA_044229135.1,JBGATQ010000032.1,oppA,147,4.643e-37,0.246
FW_TWAS_rep_2,GCA_044229135.1,JBGATQ010000133.1,oppB,79,2.696e-21,0.552
FW_TWAS_rep_2,GCA_044229135.1,JBGATQ010000183.1,extracellular_protease,55,1.455e-9,0.262
FW_TWAS_rep_2,GCA_044229135.1,JBGATQ010000502.1,fhs,130,5.483e-38,0.545
FW_TWAS_rep_2,GCA_044229135.1,JBGATQ010000026.1,dppA,152,5.868e-39,0.301
FW_TWAS_rep_2,GCA_044229135.1,JBGATQ010000096.1,endopeptidase,169,5.742e-45,0.333
FW_TWAS_rep_2,GCA_044229135.1,JBGATQ010000142.1,oppB,320,2.087e-96,0.547
FW_TWAS_rep_2,GCA_044229135.1,JBGATQ010000333.1,ilvE,134,5.337e-36,0.334
FW_TWAS_rep_2,GCA_044229135.1,JBGATQ010000131.1,pfkA,43,1.396e-6,0.266
FW_TWAS_rep_2,GCA_044229135.1,JBGATQ010000048.1,tdcB,363,5.267e-113,0.513
FW_TWAS_rep_2,GCA_044229135.1,JBGATQ010000026.1,tdcB,79,1.683e-17,0.283
FW_TWAS_rep_2,GCA_044229135.1,JBGATQ010000187.1,aldh,467,6.52e-146,0.526
FW_TWAS_rep_2,GCA_044229135.1,JBGATQ010000074.1,gapA,278,1.528e-86,0.529
FW_TWAS_rep_2,GCA_044229135.1,JBGATQ010000322.1,agl,81,9.2e-18,0.271
FW_TWAS_rep_2,GCA_044229135.1,JBGATQ010000029.1,pepT,98,1.226e-23,0.289
FW_TWAS_rep_2,GCA_044229135.1,JBGATQ010000007.1,frhA,49,3.976e-8,0.252
FW_TWAS_rep_2,GCA_044229135.1,JBGATQ010000129.1,extracellular_protease,148,3.84e-39,0.327
FW_TWAS_rep_2,GCA_044229135.1,JBGATQ010000206.1,crt,113,5.58e-30,0.41
FW_TWAS_rep_2,GCA_044229135.1,JBGATQ010000176.1,fdhA,493,1.097e-152,0.4
FW_TWAS_rep_2,GCA_044229135.1,JBGATQ010000005.1,acs,77,2.614e-16,0.245
FW_TWAS_rep_2,GCA_044229135.1,JBGATQ010000036.1,fadE,230,2.72e-63,0.347
FW_TWAS_rep_2,GCA_044229135.1,JBGATQ010000029.1,etfB,173,9.185e-50,0.413
FW_TWAS_rep_2,GCA_044229135.1,JBGATQ010000070.1,thl,426,7.301e-135,0.59
FW_TWAS_rep_2,GCA_044229135.1,JBGATQ010000079.1,crt,188,1.316e-54,0.433
FW_TWAS_rep_2,GCA_044229135.1,JBGATQ010000354.1,bcd,254,4.343e-74,0.384
FW_TWAS_rep_2,GCA_044229135.1,JBGATQ010000369.1,pfor,1525,0.0,0.656
FW_TWAS_rep_2,GCA_044229135.1,JBGATQ010000125.1,frhB,40,2.382e-6,0.372
FW_TWAS_rep_2,GCA_044229135.1,JBGATQ010000075.1,dppB,203,1.554e-59,0.386
FW_TWAS_rep_2,GCA_044229135.1,JBGATQ010000354.1,fadE,190,6.215e-53,0.341
FW_TWAS_rep_2,GCA_044229135.1,JBGATQ010000238.1,extracellular_protease,110,1.787e-26,0.293
FW_TWAS_rep_2,GCA_044229135.1,JBGATQ010000109.1,fadA,46,4.623e-7,0.301
FW_TWAS_rep_2,GCA_044229135.1,JBGATQ010000056.1,mdh,301,2.094e-93,0.507
FW_TWAS_rep_2,GCA_044229135.1,JBGATQ010000098.1,dtpT,410,3.338e-126,0.457
FW_TWAS_rep_2,GCA_044229135.1,JBGATQ010000428.1,ptsG,508,3.982e-159,0.474
FW_TWAS_rep_2,GCA_044229135.1,JBGATQ010000158.1,pepO,113,1.415e-27,0.35
FW_TWAS_rep_2,GCA_044229135.1,JBGATQ010000150.1,pfkA,188,1.796e-54,0.412
FW_TWAS_rep_2,GCA_044229135.1,JBGATQ010000115.1,adh,42,4.447e-6,0.222
FW_TWAS_rep_2,GCA_044229135.1,JBGATQ010000317.1,pepO,662,1.531e-211,0.494
FW_TWAS_rep_2,GCA_044229135.1,JBGATQ010000373.1,dppA,123,4.268e-30,0.252
FW_TWAS_rep_2,GCA_044229135.1,JBGATQ010000010.1,frhG,46,1.24e-7,0.292
FW_TWAS_rep_2,GCA_044229135.1,JBGATQ010000387.1,etfA,173,1.573e-49,0.441
FW_TWAS_rep_2,GCA_044229135.1,JBGATQ010000090.1,fadE,201,5.854e-56,0.401
FW_TWAS_rep_2,GCA_044229135.1,JBGATQ010000363.1,pyk,157,1.522e-41,0.391
FW_TWAS_rep_2,GCA_044229135.1,JBGATQ010000239.1,adhE,68,5.835e-14,0.252
FW_TWAS_rep_2,GCA_044229135.1,JBGATQ010000026.1,fadB,79,3.335e-18,0.37
FW_TWAS_rep_2,GCA_044229135.1,JBGATQ010000544.1,fdhA,43,2.552e-6,0.329
FW_TWAS_rep_2,GCA_044229135.1,JBGATQ010000142.1,dppB,214,5.349e-62,0.362
FW_TWAS_rep_2,GCA_044229135.1,JBGATQ010000335.1,fwdA,43,4.774e-6,0.397
FW_TWAS_rep_2,GCA_044229135.1,JBGATQ010000028.1,eda,136,3.297e-38,0.364
FW_TWAS_rep_2,GCA_044229135.1,JBGATQ010000347.1,acylglycerol_lipase,55,7.097e-10,0.326
FW_TWAS_rep_2,GCA_044229135.1,JBGATQ010000084.1,mmcG,138,7.649e-39,0.413
FW_TWAS_rep_2,GCA_044229135.1,JBGATQ010000222.1,cazy_GH13,163,2.898e-43,0.371
FW_TWAS_rep_2,GCA_044229135.1,JBGATQ010000010.1,pepQ,134,1.347e-34,0.323
FW_TWAS_rep_2,GCA_044229135.1,JBGATQ010000302.1,extracellular_protease,106,2.822e-25,0.314
FW_TWAS_rep_2,GCA_044229135.1,JBGATQ010000026.1,etfA,90,7.338e-22,0.289
FW_TWAS_rep_2,GCA_044229135.1,JBGATQ010000206.1,mmcF,193,3.335e-59,0.674
FW_TWAS_rep_2,GCA_044229135.1,JBGATQ010000291.1,extracellular_protease,175,1.906e-48,0.389
FW_TWAS_rep_2,GCA_044229135.1,JBGATQ010000032.1,dppA,129,1.088e-31,0.272
FW_TWAS_rep_2,GCA_044229135.1,JBGATQ010000342.1,fdhA,128,3.54e-32,0.268
FW_TWAS_rep_2,GCA_044229135.1,JBGATQ010000144.1,thl,355,1.368e-110,0.51
FW_TWAS_rep_2,GCA_044229135.1,JBGATQ010000323.1,hydA,96,4.824e-23,0.296
FW_TWAS_rep_2,GCA_044229135.1,JBGATQ010000206.1,etfA,109,8.983e-29,0.465
FW_TWAS_rep_2,GCA_044229135.1,JBGATQ010000414.1,bcd,203,1.926e-60,0.491
FW_TWAS_rep_2,GCA_044229135.1,JBGATQ010000359.1,pfkA,110,2.476e-27,0.292
FW_TWAS_rep_2,GCA_044229135.1,JBGATQ010000040.1,fadD,145,2.249e-37,0.293
FW_TWAS_rep_2,GCA_044229135.1,JBGATQ010000275.1,acs,176,2.537e-48,0.304
FW_TWAS_rep_2,GCA_964448465.1,CAYUVY010000003.1,folD,202,3.499e-60,0.42
FW_TWAS_rep_2,GCA_964448465.1,CAYUVY010000003.1,pepQ,60,3.787e-12,0.227
FW_TWAS_rep_2,GCA_964448465.1,CAYUVY010000005.1,pepT,180,2.985e-51,0.341
FW_TWAS_rep_2,GCA_964448465.1,CAYUVY010000005.1,lipase,44,4.544e-7,0.298
FW_TWAS_rep_2,GCA_964448465.1,CAYUVY010000005.1,pepD,78,1.403e-17,0.26
FW_TWAS_rep_2,GCA_964448465.1,CAYUVY010000006.1,gapA,246,3.958e-74,0.428
FW_TWAS_rep_2,GCA_964448465.1,CAYUVY010000002.1,pyk,285,2.185e-85,0.379
FW_TWAS_rep_2,GCA_044220735.1,JBGAQM010000079.1,adhE,163,4.472e-45,0.325
FW_TWAS_rep_2,GCA_044220735.1,JBGAQM010000447.1,xylB,40,9.063e-6,0.222
FW_TWAS_rep_2,GCA_044220735.1,JBGAQM010000245.1,mvhG,40,3.309e-6,0.629
FW_TWAS_rep_2,GCA_044220735.1,JBGAQM010000078.1,lysophospholipase,55,1.99e-10,0.267
FW_TWAS_rep_2,GCA_044220735.1,JBGAQM010000191.1,endopeptidase,285,2.658e-81,0.52
FW_TWAS_rep_2,GCA_044220735.1,JBGAQM010000262.1,dtpT,170,1.596e-45,0.315
FW_TWAS_rep_2,GCA_044220735.1,JBGAQM010000257.1,fadD,133,3.823e-34,0.437
FW_TWAS_rep_2,GCA_044220735.1,JBGAQM010000301.1,agl,45,1.083e-6,0.267
FW_TWAS_rep_2,GCA_044220735.1,JBGAQM010000012.1,fwdA,536,2.654e-169,0.504
FW_TWAS_rep_2,GCA_044220735.1,JBGAQM010000156.1,acylglycerol_lipase,46,1.78e-7,0.368
FW_TWAS_rep_2,GCA_044220735.1,JBGAQM010000303.1,cazy_GH13,76,3.621e-16,0.298
FW_TWAS_rep_2,GCA_044220735.1,JBGAQM010000504.1,pepD,57,1.355e-10,0.426
FW_TWAS_rep_2,GCA_044220735.1,JBGAQM010000186.1,sucC,362,3.56e-113,0.509
FW_TWAS_rep_2,GCA_044220735.1,JBGAQM010000348.1,tdcB,93,6.845e-22,0.294
FW_TWAS_rep_2,GCA_044220735.1,JBGAQM010000564.1,lctB,133,1.232e-34,0.358
FW_TWAS_rep_2,GCA_044220735.1,JBGAQM010000277.1,etfA,84,1.753e-18,0.388
FW_TWAS_rep_2,GCA_044220735.1,JBGAQM010000009.1,cazy_GH13,55,4.814e-10,0.249
FW_TWAS_rep_2,GCA_044220735.1,JBGAQM010000557.1,lysophospholipase,47,9.61e-8,0.287
FW_TWAS_rep_2,GCA_044220735.1,JBGAQM010000245.1,sucD,333,1.351e-98,0.575
FW_TWAS_rep_2,GCA_044220735.1,JBGAQM010000157.1,fadD,87,1.766e-19,0.34
FW_TWAS_rep_2,GCA_044220735.1,JBGAQM010000039.1,eda,189,1.884e-56,0.485
FW_TWAS_rep_2,GCA_044220735.1,JBGAQM010000186.1,sucD,93,7.003e-22,0.434
FW_TWAS_rep_2,GCA_044220735.1,JBGAQM010000147.1,esterase,43,2.527e-6,0.323
FW_TWAS_rep_2,GCA_044220735.1,JBGAQM010000001.1,cazy_GH13,64,1.367e-12,0.247
FW_TWAS_rep_2,GCA_044220735.1,JBGAQM010000245.1,etfA,55,9.037e-10,0.315
FW_TWAS_rep_2,GCA_044220735.1,JBGAQM010000069.1,lctB,69,7.255e-14,0.267
FW_TWAS_rep_2,GCA_044220735.1,JBGAQM010000018.1,adh,49,8.359e-9,0.294
FW_TWAS_rep_2,GCA_044220735.1,JBGAQM010000245.1,rnfB,54,2.035e-10,0.32
FW_TWAS_rep_2,GCA_044220735.1,JBGAQM010000256.1,mch,285,1.519e-82,0.505
FW_TWAS_rep_2,GCA_044220735.1,JBGAQM010000095.1,bcd,166,3.143e-46,0.364
FW_TWAS_rep_2,GCA_044220735.1,JBGAQM010000167.1,pepQ,130,5.332e-34,0.314
FW_TWAS_rep_2,GCA_044220735.1,JBGAQM010000095.1,fadE,155,1.637e-42,0.387
FW_TWAS_rep_2,GCA_044220735.1,JBGAQM010000168.1,cazy_GH13,181,8.918e-48,0.357
FW_TWAS_rep_2,GCA_044220735.1,JBGAQM010000028.1,extracellular_protease,91,3.63e-21,0.336
FW_TWAS_rep_2,GCA_044220735.1,JBGAQM010000075.1,adh,72,4.915e-16,0.309
FW_TWAS_rep_2,GCA_044220735.1,JBGAQM010000058.1,gapA,406,4.021e-129,0.612
FW_TWAS_rep_2,GCA_044220735.1,JBGAQM010000068.1,fadA,320,6.308e-99,0.514
FW_TWAS_rep_2,GCA_044220735.1,JBGAQM010000078.1,dtpT,177,6.401e-47,0.306
FW_TWAS_rep_2,GCA_044220735.1,JBGAQM010000024.1,mdh,154,2.528e-42,0.378
FW_TWAS_rep_2,GCA_044220735.1,JBGAQM010000059.1,ackA,341,3.642e-105,0.516
FW_TWAS_rep_2,GCA_044220735.1,JBGAQM010000157.1,acs,439,4.369e-134,0.569
FW_TWAS_rep_2,GCA_044220735.1,JBGAQM010000222.1,rnfB,48,1.449e-7,0.379
FW_TWAS_rep_2,GCA_044220735.1,JBGAQM010000277.1,fadB,90,2.752e-20,0.329
FW_TWAS_rep_2,GCA_044220735.1,JBGAQM010000335.1,rnfB,40,3.469e-6,0.35
FW_TWAS_rep_2,GCA_044220735.1,JBGAQM010000305.1,acylglycerol_lipase,116,3.711e-30,0.316
FW_TWAS_rep_2,GCA_044220735.1,JBGAQM010000038.1,folD,297,7.391e-89,0.568
FW_TWAS_rep_2,GCA_044220735.1,JBGAQM010000503.1,ilvE,125,2.044e-33,0.348
FW_TWAS_rep_2,GCA_044220735.1,JBGAQM010000083.1,fdhA,490,7.886e-152,0.404
FW_TWAS_rep_2,GCA_044220735.1,JBGAQM010000068.1,thl,423,2.428e-134,0.624
FW_TWAS_rep_2,GCA_044220735.1,JBGAQM010000277.1,crt,136,1.566e-34,0.439
FW_TWAS_rep_2,GCA_044220735.1,JBGAQM010000131.1,pepA,349,3.617e-107,0.482
FW_TWAS_rep_2,GCA_044220735.1,JBGAQM010000227.1,fadE,174,1.252e-46,0.372
FW_TWAS_rep_2,GCA_044220735.1,JBGAQM010000018.1,extracellular_protease,62,2.07e-11,0.5
FW_TWAS_rep_2,GCA_044220735.1,JBGAQM010000003.1,acylglycerol_lipase,56,1.094e-10,0.328
FW_TWAS_rep_2,GCA_044220735.1,JBGAQM010000245.1,fadB,84,1.134e-18,0.356
FW_TWAS_rep_2,GCA_044220735.1,JBGAQM010000325.1,acs,61,2.646e-11,0.252
FW_TWAS_rep_2,GCA_044220735.1,JBGAQM010000027.1,pfkA,156,4.64e-42,0.347
FW_TWAS_rep_2,GCA_044220735.1,JBGAQM010000245.1,frhG,47,2.979e-8,0.297
FW_TWAS_rep_2,GCA_044220735.1,JBGAQM010000055.1,pepQ,52,1.142e-9,0.262
FW_TWAS_rep_2,GCA_044220735.1,JBGAQM010000245.1,crt,69,4.256e-14,0.345
FW_TWAS_rep_2,GCA_044220735.1,JBGAQM010000019.1,esterase,48,5.393e-8,0.382
FW_TWAS_rep_2,GCA_044220735.1,JBGAQM010000381.1,fdhA,100,4.083e-24,0.293
FW_TWAS_rep_2,GCA_044220735.1,JBGAQM010000227.1,bcd,218,8.174e-61,0.368
FW_TWAS_rep_2,GCA_044220735.1,JBGAQM010000468.1,edd,170,4.824e-46,0.322
FW_TWAS_rep_2,GCA_044220735.1,JBGAQM010000180.1,mdh,169,4.466e-47,0.425
FW_TWAS_rep_2,GCA_044220735.1,JBGAQM010000051.1,tdcB,265,7.328e-81,0.493
FW_TWAS_rep_2,GCA_044220735.1,JBGAQM010000311.1,fwdA,528,8.705e-167,0.493
FW_TWAS_rep_2,GCA_044220735.1,JBGAQM010000346.1,frhG,40,5.888e-6,0.236
FW_TWAS_rep_2,GCA_044220735.1,JBGAQM010000096.1,fdhA,170,2.826e-47,0.348
FW_TWAS_rep_2,GCA_044220735.1,JBGAQM010000461.1,fdhA,670,1.635e-210,0.485
FW_TWAS_rep_2,GCA_044220735.1,JBGAQM010000017.1,extracellular_protease,64,9.159e-13,0.387
FW_TWAS_rep_2,GCA_044220735.1,JBGAQM010000035.1,fadD,152,1.142e-38,0.341
FW_TWAS_rep_2,GCA_044220735.1,JBGAQM010000327.1,pfor,340,3.155e-99,0.343
FW_TWAS_rep_2,GCA_044220735.1,JBGAQM010000240.1,adh,59,4.813e-11,0.347
FW_TWAS_rep_2,GCA_044220735.1,JBGAQM010000504.1,pepT,135,2.046e-35,0.309
FW_TWAS_rep_2,GCA_044220735.1,JBGAQM010000083.1,esterase,51,3.654e-9,0.346
FW_TWAS_rep_2,GCA_044220735.1,JBGAQM010000168.1,agl,225,2.566e-61,0.359
FW_TWAS_rep_2,GCA_044220735.1,JBGAQM010000250.1,pgi,668,6.908e-215,0.65
FW_TWAS_rep_2,GCA_044220735.1,JBGAQM010000311.1,fdhA,62,1.874e-12,0.28
FW_TWAS_rep_2,GCA_044220735.1,JBGAQM010000461.1,hydA,68,6.138e-14,0.395
FW_TWAS_rep_2,GCA_044220735.1,JBGAQM010000055.1,pyk,315,8.609e-92,0.431
FW_TWAS_rep_2,GCA_044220735.1,JBGAQM010000080.1,ftr,211,5.443e-62,0.513
FW_TWAS_rep_2,GCA_044220735.1,JBGAQM010000063.1,pepD,48,2.551e-7,0.294
FW_TWAS_rep_2,GCA_044220735.1,JBGAQM010000206.1,pepQ,51,5.477e-9,0.299
FW_TWAS_rep_2,GCA_044220735.1,JBGAQM010000301.1,cazy_GH13,74,1.991e-15,0.351
FW_TWAS_rep_2,GCA_044220735.1,JBGAQM010000335.1,hydA,63,1.683e-12,0.219
FW_TWAS_rep_2,GCA_044220735.1,JBGAQM010000028.1,cazy_GH13,81,1.125e-17,0.331
FW_TWAS_rep_2,GCA_044220735.1,JBGAQM010000140.1,cat,72,6.816e-16,0.288
FW_TWAS_rep_2,GCA_044220735.1,JBGAQM010000335.1,fdhA,67,7.688e-14,0.267
FW_TWAS_rep_2,GCA_044220735.1,JBGAQM010000021.1,gdh,357,8.124e-109,0.461
FW_TWAS_rep_2,GCA_044220735.1,JBGAQM010000257.1,acs,93,1.951e-21,0.38
FW_TWAS_rep_2,GCA_044220735.1,JBGAQM010000015.1,tdcB,89,2.214e-20,0.297
FW_TWAS_rep_2,GCA_044220735.1,JBGAQM010000067.1,fdhA,482,3.466e-148,0.387
FW_TWAS_rep_2,GCA_044220735.1,JBGAQM010000140.1,pgi,65,4.52e-13,0.254
FW_TWAS_rep_2,GCA_044220735.1,JBGAQM010000012.1,fdhA,200,2.831e-54,0.286
FW_TWAS_rep_2,GCA_044220735.1,JBGAQM010000222.1,hydA,51,2.774e-8,0.326
FW_TWAS_rep_2,GCA_044220735.1,JBGAQM010000474.1,xylA,559,1.566e-179,0.616
FW_TWAS_rep_2,GCA_044220735.1,JBGAQM010000325.1,fadD,111,1.17e-26,0.305
FW_TWAS_rep_2,GCA_044220735.1,JBGAQM010000117.1,adhE,177,2.562e-50,0.35
FW_TWAS_rep_2,GCA_044220735.1,JBGAQM010000063.1,pepT,216,1.765e-58,0.388
FW_TWAS_rep_2,GCA_044220735.1,JBGAQM010000311.1,ftr,366,7.775e-116,0.644
FW_TWAS_rep_2,GCA_044220735.1,JBGAQM010000035.1,acs,89,8.756e-20,0.263
FW_TWAS_rep_2,GCA_963779155.1,CAVZXE010000012.1,oppA,165,3.528e-44,0.283
FW_TWAS_rep_2,GCA_963779155.1,CAVZXE010000008.1,etfA,282,6.395e-87,0.596
FW_TWAS_rep_2,GCA_963779155.1,CAVZXE010000008.1,lysophospholipase,152,9.708e-40,0.404
FW_TWAS_rep_2,GCA_963779155.1,CAVZXE010000012.1,dppC,242,2.913e-72,0.43
FW_TWAS_rep_2,GCA_963779155.1,CAVZXE010000012.1,oppB,212,7.204e-62,0.404
FW_TWAS_rep_2,GCA_963779155.1,CAVZXE010000023.1,acs,102,5.998e-24,0.247
FW_TWAS_rep_2,GCA_963779155.1,CAVZXE010000015.1,pyk,340,4.557e-104,0.446
FW_TWAS_rep_2,GCA_963779155.1,CAVZXE010000020.1,etfA,96,2.923e-23,0.359
FW_TWAS_rep_2,GCA_963779155.1,CAVZXE010000020.1,fadE,216,4.126e-63,0.41
FW_TWAS_rep_2,GCA_963779155.1,CAVZXE010000015.1,gdh,571,8.682e-184,0.642
FW_TWAS_rep_2,GCA_963779155.1,CAVZXE010000025.1,edd,244,3.232e-70,0.344
FW_TWAS_rep_2,GCA_963779155.1,CAVZXE010000012.1,acs,194,1.774e-53,0.316
FW_TWAS_rep_2,GCA_963779155.1,CAVZXE010000001.1,oppB,171,3.342e-48,0.36
FW_TWAS_rep_2,GCA_963779155.1,CAVZXE010000012.1,crt,278,3.308e-86,0.613
FW_TWAS_rep_2,GCA_963779155.1,CAVZXE010000012.1,frhB,46,2.542e-7,0.396
FW_TWAS_rep_2,GCA_963779155.1,CAVZXE010000007.1,susC,54,3.514e-9,0.302
FW_TWAS_rep_2,GCA_963779155.1,CAVZXE010000008.1,pepN,382,4.772e-113,0.392
FW_TWAS_rep_2,GCA_963779155.1,CAVZXE010000019.1,oppB,189,2.357e-54,0.376
FW_TWAS_rep_2,GCA_963779155.1,CAVZXE010000004.1,endopeptidase,198,9.396e-57,0.459
FW_TWAS_rep_2,GCA_963779155.1,CAVZXE010000023.1,fadA,331,1.211e-100,0.522
FW_TWAS_rep_2,GCA_963779155.1,CAVZXE010000008.1,dppC,112,9.417e-28,0.333
FW_TWAS_rep_2,GCA_963779155.1,CAVZXE010000015.1,pfor,1147,0.0,0.601
FW_TWAS_rep_2,GCA_963779155.1,CAVZXE010000004.1,mmcE,306,1.227e-86,0.395
FW_TWAS_rep_2,GCA_963779155.1,CAVZXE010000020.1,gdh,1624,0.0,0.56
FW_TWAS_rep_2,GCA_963779155.1,CAVZXE010000019.1,dppA,64,1.934e-12,0.244
FW_TWAS_rep_2,GCA_963779155.1,CAVZXE010000012.1,fadE,238,2.299e-70,0.501
FW_TWAS_rep_2,GCA_963779155.1,CAVZXE010000019.1,dppB,197,4.798e-57,0.363
FW_TWAS_rep_2,GCA_963779155.1,CAVZXE010000015.1,lctB,278,6.224e-85,0.598
FW_TWAS_rep_2,GCA_963779155.1,CAVZXE010000005.1,fadD,130,6.911e-33,0.283
FW_TWAS_rep_2,GCA_963779155.1,CAVZXE010000008.1,acs,512,5.284e-160,0.441
FW_TWAS_rep_2,GCA_963779155.1,CAVZXE010000015.1,frhA,104,6.857e-25,0.231
FW_TWAS_rep_2,GCA_963779155.1,CAVZXE010000007.1,fadB,76,5.912e-17,0.333
FW_TWAS_rep_2,GCA_963779155.1,CAVZXE010000008.1,oppB,150,2.695e-41,0.322
FW_TWAS_rep_2,GCA_963779155.1,CAVZXE010000001.1,fadD,222,1.747e-62,0.32
FW_TWAS_rep_2,GCA_963779155.1,CAVZXE010000023.1,fadD,226,2.114e-62,0.354
FW_TWAS_rep_2,GCA_963779155.1,CAVZXE010000010.1,dppA,162,1.276e-42,0.3
FW_TWAS_rep_2,GCA_963779155.1,CAVZXE010000012.1,bcd,222,5.589e-65,0.391
FW_TWAS_rep_2,GCA_963779155.1,CAVZXE010000010.1,acs,69,2.348e-14,0.26
FW_TWAS_rep_2,GCA_963779155.1,CAVZXE010000004.1,cat,107,8.936e-26,0.327
FW_TWAS_rep_2,GCA_963779155.1,CAVZXE010000015.1,tdcB,342,2.193e-105,0.496
FW_TWAS_rep_2,GCA_963779155.1,CAVZXE010000004.1,fadE,255,1.461e-76,0.436
FW_TWAS_rep_2,GCA_963779155.1,CAVZXE010000015.1,fwdA,623,8.444e-199,0.574
FW_TWAS_rep_2,GCA_963779155.1,CAVZXE010000025.1,bcd,256,1.236e-76,0.384
FW_TWAS_rep_2,GCA_963779155.1,CAVZXE010000020.1,acylglycerol_lipase,64,2.061e-12,0.303
FW_TWAS_rep_2,GCA_963779155.1,CAVZXE010000009.1,acs,123,2.441e-30,0.271
FW_TWAS_rep_2,GCA_963779155.1,CAVZXE010000001.1,acs,224,4.369e-62,0.294
FW_TWAS_rep_2,GCA_963779155.1,CAVZXE010000005.1,pta,130,2.008e-32,0.325
FW_TWAS_rep_2,GCA_963779155.1,CAVZXE010000004.1,lysophospholipase,85,5.654e-20,0.321
FW_TWAS_rep_2,GCA_963779155.1,CAVZXE010000025.1,extracellular_protease,49,9.769e-8,0.33
FW_TWAS_rep_2,GCA_963779155.1,CAVZXE010000023.1,thl,295,1.221e-88,0.47
FW_TWAS_rep_2,GCA_963779155.1,CAVZXE010000025.1,fadD,280,1.128e-81,0.371
FW_TWAS_rep_2,GCA_963779155.1,CAVZXE010000015.1,crt,167,1.216e-47,0.452
FW_TWAS_rep_2,GCA_963779155.1,CAVZXE010000020.1,dppB,229,2.137e-67,0.403
FW_TWAS_rep_2,GCA_963779155.1,CAVZXE010000007.1,fadE,254,1.07e-75,0.418
FW_TWAS_rep_2,GCA_963779155.1,CAVZXE010000020.1,adh,54,9.634e-10,0.341
FW_TWAS_rep_2,GCA_963779155.1,CAVZXE010000012.1,dppB,247,6.049e-74,0.45
FW_TWAS_rep_2,GCA_963779155.1,CAVZXE010000012.1,fadD,222,5.613e-62,0.318
FW_TWAS_rep_2,GCA_963779155.1,CAVZXE010000004.1,fadA,236,6.106e-70,0.406
FW_TWAS_rep_2,GCA_963779155.1,CAVZXE010000007.1,pta,239,1.088e-69,0.513
FW_TWAS_rep_2,GCA_963779155.1,CAVZXE010000006.1,fadA,321,1.107e-98,0.497
FW_TWAS_rep_2,GCA_963779155.1,CAVZXE010000020.1,crt,130,1.455e-34,0.379
FW_TWAS_rep_2,GCA_963779155.1,CAVZXE010000001.1,dppC,151,1.863e-41,0.349
FW_TWAS_rep_2,GCA_963779155.1,CAVZXE010000015.1,frhG,47,2.56e-8,0.312
FW_TWAS_rep_2,GCA_963779155.1,CAVZXE010000007.1,dppA,161,2.421e-43,0.291
FW_TWAS_rep_2,GCA_963779155.1,CAVZXE010000025.1,acs,744,3.52e-240,0.588
FW_TWAS_rep_2,GCA_963779155.1,CAVZXE010000015.1,frhB,48,1.887e-7,0.415
FW_TWAS_rep_2,GCA_963779155.1,CAVZXE010000012.1,fwdA,41,8.735e-6,0.364
FW_TWAS_rep_2,GCA_963779155.1,CAVZXE010000004.1,lipase,42,3.549e-6,0.263
FW_TWAS_rep_2,GCA_963779155.1,CAVZXE010000010.1,etfA,91,9.806e-22,0.303
FW_TWAS_rep_2,GCA_963779155.1,CAVZXE010000008.1,fadE,258,1.259e-77,0.369
FW_TWAS_rep_2,GCA_963779155.1,CAVZXE010000018.1,lysophospholipase,47,9.136e-8,0.312
FW_TWAS_rep_2,GCA_963779155.1,CAVZXE010000015.1,gapA,439,2.159e-140,0.645
FW_TWAS_rep_2,GCA_963779155.1,CAVZXE010000005.1,lysophospholipase,44,6.365e-7,0.252
FW_TWAS_rep_2,GCA_963779155.1,CAVZXE010000001.1,dppB,180,3.795e-51,0.346
FW_TWAS_rep_2,GCA_963779155.1,CAVZXE010000004.1,bcd,340,9.21e-106,0.472
FW_TWAS_rep_2,GCA_963779155.1,CAVZXE010000001.1,dppA,125,8.938e-31,0.246
FW_TWAS_rep_2,GCA_963779155.1,CAVZXE010000011.1,lipase,43,2.001e-6,0.263
FW_TWAS_rep_2,GCA_963779155.1,CAVZXE010000022.1,acs,166,2.223e-44,0.31
FW_TWAS_rep_2,GCA_963779155.1,CAVZXE010000007.1,hydA,44,5.145e-7,0.349
FW_TWAS_rep_2,GCA_963779155.1,CAVZXE010000015.1,lctD,103,1.336e-25,0.366
FW_TWAS_rep_2,GCA_963779155.1,CAVZXE010000015.1,fadD,243,4.383e-70,0.341
FW_TWAS_rep_2,GCA_963779155.1,CAVZXE010000017.1,mer,64,6.587e-13,0.25
FW_TWAS_rep_2,GCA_963779155.1,CAVZXE010000004.1,etfA,60,1.129e-11,0.35
FW_TWAS_rep_2,GCA_963779155.1,CAVZXE010000020.1,fdhA,62,9.828e-12,0.232
FW_TWAS_rep_2,GCA_963779155.1,CAVZXE010000025.1,thl,397,6.212e-125,0.563
FW_TWAS_rep_2,GCA_963779155.1,CAVZXE010000020.1,sucC,394,2.609e-120,0.547
FW_TWAS_rep_2,GCA_963779155.1,CAVZXE010000008.1,fadD,119,1.712e-29,0.273
FW_TWAS_rep_2,GCA_963779155.1,CAVZXE010000020.1,oppB,204,1.125e-58,0.415
FW_TWAS_rep_2,GCA_963779155.1,CAVZXE010000025.1,fadB,366,4.708e-109,0.348
FW_TWAS_rep_2,GCA_963779155.1,CAVZXE010000022.1,acylglycerol_lipase,59,8.75e-12,0.276
FW_TWAS_rep_2,GCA_963779155.1,CAVZXE010000020.1,lysophospholipase,46,5.241e-7,0.255
FW_TWAS_rep_2,GCA_963779155.1,CAVZXE010000008.1,dppA,177,2.173e-48,0.286
FW_TWAS_rep_2,GCA_963779155.1,CAVZXE010000004.1,fadD,225,1.189e-64,0.349
FW_TWAS_rep_2,GCA_963779155.1,CAVZXE010000001.1,oppA,146,7.526e-38,0.278
FW_TWAS_rep_2,GCA_963779155.1,CAVZXE010000020.1,dppC,217,1.67e-64,0.448
FW_TWAS_rep_2,GCA_963779155.1,CAVZXE010000022.1,rnfB,45,8.181e-7,0.353
FW_TWAS_rep_2,GCA_963779155.1,CAVZXE010000015.1,pgi,644,1.41e-206,0.633
FW_TWAS_rep_2,GCA_963779155.1,CAVZXE010000025.1,fadA,347,2.383e-107,0.518
FW_TWAS_rep_2,GCA_963779155.1,CAVZXE010000009.1,fadD,149,2.581e-38,0.328
FW_TWAS_rep_2,GCA_963779155.1,CAVZXE010000020.1,acs,133,4.907e-34,0.282
FW_TWAS_rep_2,GCA_963779155.1,CAVZXE010000007.1,acs,126,3.236e-31,0.288
FW_TWAS_rep_2,GCA_963779155.1,CAVZXE010000008.1,dppB,142,1.242e-38,0.312
FW_TWAS_rep_2,GCA_963779155.1,CAVZXE010000015.1,rnfB,46,5.162e-7,0.347
FW_TWAS_rep_2,GCA_963779155.1,CAVZXE010000021.1,ilvE,68,2.117e-14,0.286
FW_TWAS_rep_2,GCA_963779155.1,CAVZXE010000015.1,mch,336,2.381e-104,0.562
FW_TWAS_rep_2,GCA_963779155.1,CAVZXE010000008.1,etfB,311,8.362e-98,0.67
FW_TWAS_rep_2,GCA_963779155.1,CAVZXE010000008.1,adhE,133,9.925e-35,0.295
FW_TWAS_rep_2,GCA_963779155.1,CAVZXE010000007.1,adh,78,5.256e-18,0.284
FW_TWAS_rep_2,GCA_963779155.1,CAVZXE010000019.1,oppA,78,6.462e-17,0.247
FW_TWAS_rep_2,GCA_963779155.1,CAVZXE010000004.1,lctC,61,1.335e-11,0.326
FW_TWAS_rep_2,GCA_963779155.1,CAVZXE010000014.1,fadE,190,4.509e-54,0.386
FW_TWAS_rep_2,GCA_963779155.1,CAVZXE010000015.1,lctC,465,2.355e-147,0.537
FW_TWAS_rep_2,GCA_963779155.1,CAVZXE010000015.1,fadA,352,1.934e-108,0.501
FW_TWAS_rep_2,GCA_963779155.1,CAVZXE010000015.1,ftr,218,1.156e-65,0.66
FW_TWAS_rep_2,GCA_963779155.1,CAVZXE010000011.1,fadD,190,4.209e-52,0.32
FW_TWAS_rep_2,GCA_963779155.1,CAVZXE010000014.1,bcd,141,1.147e-37,0.293
FW_TWAS_rep_2,GCA_963779155.1,CAVZXE010000025.1,cat,237,3.672e-73,0.583
FW_TWAS_rep_2,GCA_963779155.1,CAVZXE010000010.1,tdcB,71,2.51e-15,0.414
FW_TWAS_rep_2,GCA_963779155.1,CAVZXE010000025.1,folD,344,7.702e-109,0.625
FW_TWAS_rep_2,GCA_963779155.1,CAVZXE010000005.1,mer,84,1.058e-18,0.279
FW_TWAS_rep_2,GCA_963779155.1,CAVZXE010000020.1,thl,145,1.876e-38,0.325
FW_TWAS_rep_2,GCA_963779155.1,CAVZXE010000025.1,etfA,90,1.382e-21,0.363
FW_TWAS_rep_2,GCA_963779155.1,CAVZXE010000025.1,acylglycerol_lipase,57,5.456e-11,0.333
FW_TWAS_rep_2,GCA_963779155.1,CAVZXE010000012.1,fadB,133,2.966e-34,0.324
FW_TWAS_rep_2,GCA_963779155.1,CAVZXE010000012.1,tdcB,312,2.521e-93,0.48
FW_TWAS_rep_2,GCA_963779155.1,CAVZXE010000015.1,mvhA,108,3.115e-26,0.233
FW_TWAS_rep_2,GCA_963779155.1,CAVZXE010000016.1,acs,93,3.015e-21,0.262
FW_TWAS_rep_2,GCA_963779155.1,CAVZXE010000015.1,mvhG,40,3.108e-6,0.212
FW_TWAS_rep_2,GCA_963779155.1,CAVZXE010000020.1,sucD,317,1.985e-92,0.54
FW_TWAS_rep_2,GCA_963779155.1,CAVZXE010000015.1,fdhA,734,7.46e-232,0.452
FW_TWAS_rep_2,GCA_963779155.1,CAVZXE010000020.1,endopeptidase,171,4.953e-48,0.382
FW_TWAS_rep_2,GCA_963779155.1,CAVZXE010000015.1,fadE,131,4.429e-34,0.275
FW_TWAS_rep_2,GCA_963779155.1,CAVZXE010000020.1,pfor,78,1.29e-16,0.318
FW_TWAS_rep_2,GCA_963779155.1,CAVZXE010000008.1,crt,101,8.293e-24,0.332
FW_TWAS_rep_2,GCA_963779155.1,CAVZXE010000025.1,fadE,455,3.814e-145,0.587
FW_TWAS_rep_2,GCA_963779155.1,CAVZXE010000015.1,bcd,103,1.634e-24,0.287
FW_TWAS_rep_2,GCA_963779155.1,CAVZXE010000012.1,frhG,44,1.347e-6,0.411
FW_TWAS_rep_2,GCA_963779155.1,CAVZXE010000018.1,acylglycerol_lipase,50,7.143e-9,0.25
FW_TWAS_rep_2,GCA_963779155.1,CAVZXE010000008.1,oppA,179,6.614e-49,0.28
FW_TWAS_rep_2,GCA_963779155.1,CAVZXE010000011.1,acs,142,7.401e-37,0.277
FW_TWAS_rep_2,GCA_963779155.1,CAVZXE010000022.1,esterase,59,1.348e-11,0.347
FW_TWAS_rep_2,GCA_963779155.1,CAVZXE010000025.1,hbd,224,3.822e-62,0.359
FW_TWAS_rep_2,GCA_963779155.1,CAVZXE010000010.1,acylglycerol_lipase,61,1.31e-11,0.372
FW_TWAS_rep_2,GCA_963779155.1,CAVZXE010000015.1,adh,50,5.093e-9,0.278
FW_TWAS_rep_2,GCA_963779155.1,CAVZXE010000015.1,hydA,101,6.674e-24,0.279
FW_TWAS_rep_2,GCA_963779155.1,CAVZXE010000022.1,adhE,62,3.719e-12,0.296
FW_TWAS_rep_2,GCA_963779155.1,CAVZXE010000005.1,acs,42,4.968e-6,0.236
FW_TWAS_rep_2,GCA_963779155.1,CAVZXE010000013.1,adh,63,8.876e-13,0.303
FW_TWAS_rep_2,GCA_963779155.1,CAVZXE010000006.1,thl,401,2.698e-126,0.565
FW_TWAS_rep_2,GCA_963779155.1,CAVZXE010000007.1,frhB,49,6.714e-9,0.406
FW_TWAS_rep_2,GCA_963779155.1,CAVZXE010000004.1,tdcB,165,3.558e-46,0.396
FW_TWAS_rep_2,GCA_963779155.1,CAVZXE010000008.1,pfkA,55,1.194e-9,0.25
FW_TWAS_rep_2,GCA_963779155.1,CAVZXE010000016.1,tdcB,84,1.843e-19,0.304
FW_TWAS_rep_2,GCA_963779155.1,CAVZXE010000015.1,adhE,61,2.927e-11,0.227
FW_TWAS_rep_2,GCA_963779155.1,CAVZXE010000020.1,fadD,258,1.155e-74,0.36
FW_TWAS_rep_2,GCA_963779155.1,CAVZXE010000007.1,agl,44,2.112e-6,0.28
FW_TWAS_rep_2,GCA_963779155.1,CAVZXE010000015.1,thl,337,5.029e-104,0.48
FW_TWAS_rep_2,GCA_963779155.1,CAVZXE010000015.1,etfA,70,2.444e-15,0.313
FW_TWAS_rep_2,GCA_963779155.1,CAVZXE010000020.1,dppA,162,6.933e-44,0.287
FW_TWAS_rep_2,GCA_963779155.1,CAVZXE010000012.1,extracellular_protease,290,1.497e-87,0.516
FW_TWAS_rep_2,GCA_963779155.1,CAVZXE010000015.1,acs,203,1.743e-55,0.316
FW_TWAS_rep_2,GCA_963779155.1,CAVZXE010000010.1,oppA,178,1.374e-47,0.282
FW_TWAS_rep_2,GCA_963779155.1,CAVZXE010000020.1,fadB,105,4.347e-26,0.415
FW_TWAS_rep_2,GCA_963779155.1,CAVZXE010000020.1,oppA,190,6.939e-53,0.316
FW_TWAS_rep_2,GCA_963779155.1,CAVZXE010000012.1,etfA,116,1.632e-30,0.378
FW_TWAS_rep_2,GCA_963779155.1,CAVZXE010000007.1,oppA,138,6.224e-36,0.278
FW_TWAS_rep_2,GCA_963779155.1,CAVZXE010000016.1,bcd,88,4.907e-20,0.262
FW_TWAS_rep_2,GCA_963779155.1,CAVZXE010000025.1,pepQ,62,8.235e-13,0.286
FW_TWAS_rep_2,GCA_963779155.1,CAVZXE010000025.1,fumB,266,2.527e-78,0.387
FW_TWAS_rep_2,GCA_963779155.1,CAVZXE010000012.1,pepQ,158,6.521e-42,0.329
FW_TWAS_rep_2,GCA_963779155.1,CAVZXE010000015.1,fadB,127,1.285e-31,0.317
FW_TWAS_rep_2,GCA_963779155.1,CAVZXE010000007.1,pepA,376,1.097e-115,0.496
FW_TWAS_rep_2,GCA_963779155.1,CAVZXE010000025.1,crt,134,1.868e-36,0.357
FW_TWAS_rep_2,GCA_963779155.1,CAVZXE010000007.1,glcP,51,6.129e-9,0.262
FW_TWAS_rep_2,GCA_963779155.1,CAVZXE010000012.1,fdhA,204,6.21e-56,0.282
FW_TWAS_rep_2,GCA_963779155.1,CAVZXE010000004.1,acylglycerol_lipase,150,1.725e-41,0.374
FW_TWAS_rep_2,GCA_963779155.1,CAVZXE010000007.1,fadD,163,2.886e-42,0.283
FW_TWAS_rep_2,GCA_963779155.1,CAVZXE010000020.1,mmcF,124,1.058e-35,0.5
FW_TWAS_rep_2,GCA_963779155.1,CAVZXE010000015.1,hbd,135,4.867e-34,0.301
FW_TWAS_rep_2,GCA_963779155.1,CAVZXE010000025.1,lysophospholipase,52,2.22e-9,0.35
FW_TWAS_rep_2,GCA_963779155.1,CAVZXE010000020.1,fadA,135,4.143e-35,0.306
FW_TWAS_rep_2,GCA_963779155.1,CAVZXE010000004.1,lctB,89,1.925e-20,0.294
FW_TWAS_rep_2,GCA_963779155.1,CAVZXE010000010.1,crt,137,6.622e-37,0.348
FW_TWAS_rep_2,GCA_963779155.1,CAVZXE010000020.1,mmcE,512,3.625e-159,0.508
FW_TWAS_rep_2,GCA_963779155.1,CAVZXE010000004.1,acs,143,2.19e-37,0.288
FW_TWAS_rep_2,GCA_963779155.1,CAVZXE010000012.1,rnfB,47,1.925e-7,0.4
FW_TWAS_rep_2,GCA_963779155.1,CAVZXE010000016.1,fadD,184,1.127e-49,0.336
FW_TWAS_rep_2,GCA_963779155.1,CAVZXE010000012.1,dppA,180,3.499e-49,0.307
FW_TWAS_rep_2,GCA_963779155.1,CAVZXE010000022.1,fadD,245,1.137e-70,0.339
FW_TWAS_rep_2,GCA_963779155.1,CAVZXE010000025.1,adhE,214,1.054e-61,0.369
FW_TWAS_rep_2,GCA_963779155.1,CAVZXE010000008.1,bcd,252,1.839e-75,0.366
FW_TWAS_rep_2,GCA_963779155.1,CAVZXE010000007.1,etfA,81,1.279e-18,0.306
FW_TWAS_rep_2,GCA_963779155.1,CAVZXE010000023.1,extracellular_protease,95,3.508e-22,0.297
FW_TWAS_rep_2,GCA_963779155.1,CAVZXE010000012.1,hbd,268,3.727e-79,0.524
FW_TWAS_rep_2,GCA_963779155.1,CAVZXE010000019.1,dppC,152,1.382e-41,0.296
FW_TWAS_rep_2,GCA_963779155.1,CAVZXE010000020.1,hbd,105,4.947e-25,0.426
FW_TWAS_rep_2,GCA_963779155.1,CAVZXE010000020.1,bcd,240,3.452e-71,0.404
FW_TWAS_rep_2,GCA_963779155.1,CAVZXE010000015.1,acylglycerol_lipase,60,6.022e-12,0.245
FW_TWAS_rep_2,GCA_963779155.1,CAVZXE010000002.1,lipase,60,1.918e-11,0.335
FW_TWAS_rep_2,GCA_963779155.1,CAVZXE010000007.1,crt,133,4.243e-36,0.356
FW_TWAS_rep_2,GCA_963779155.1,CAVZXE010000004.1,thl,369,1.16e-115,0.528
FW_TWAS_rep_2,GCA_963779155.1,CAVZXE010000023.1,gapA,439,4.231e-141,0.664
FW_TWAS_rep_2,GCA_963779155.1,CAVZXE010000010.1,fadD,123,3.006e-31,0.314
FW_TWAS_rep_2,GCA_963779155.1,CAVZXE010000007.1,cdhC,40,6.82e-6,0.34
FW_TWAS_rep_2,GCA_963779155.1,CAVZXE010000004.1,crt,124,1.873e-32,0.383
FW_TWAS_rep_2,GCA_963779155.1,CAVZXE010000007.1,rnfB,177,4.277e-52,0.483
