sample,genome_id,genome_abundance,cod_group,score,credible,configured,panel_id,confidence,matched_markers,missing_requirements,markers_detected,markers_in_panel,weighted_completeness,requirement_coverage,marker_coverage
FW_TWAS_rep_2,GCA_044230255.1,0.06634891175974356,X_ch,1.0,true,true,starch_utilization,high,agl;cazy_GH13;susC;susD,"",4,4,1.0,1.0,1.0
FW_TWAS_rep_2,GCA_044230255.1,0.06634891175974356,X_pr,0.9090909090909091,true,true,proteolysis_and_peptide_import,high,dtpT;endopeptidase;extracellular_protease;oppA;oppB;pepN,"",6,7,0.9090909090909091,1.0,1.0
FW_TWAS_rep_2,GCA_044230255.1,0.06634891175974356,X_li,0.3333333333333333,false,true,lipolysis,partial,fadD;lysophospholipase,"",2,6,0.3333333333333333,1.0,1.0
FW_TWAS_rep_2,GCA_044230255.1,0.06634891175974356,X_su,0.48636363636363633,false,true,hexose_fermentation,partial,gapA;lctD;pfkA;pfor;pgi;pyk,one_of(ptsG|glcP),6,9,0.5454545454545454,0.8333333333333334,1.0
FW_TWAS_rep_2,GCA_044230255.1,0.06634891175974356,X_aa,0.8,true,true,general_amino_acid_catabolism,medium,dppA;dtpT;gdh;ilvE;oppA;pfor,"",6,7,0.8,1.0,1.0
FW_TWAS_rep_2,GCA_044230255.1,0.06634891175974356,X_fa,1.0,true,true,lcfa_beta_oxidation,high,etfA;etfB;fadA;fadB;fadD;fadE,"",6,6,1.0,1.0,1.0
FW_TWAS_rep_2,GCA_044230255.1,0.06634891175974356,X_ac_et,0.0,false,true,ethanol_acetate_chain_initiation,none,acs;adh;bcd;crt;etfA;etfB;hbd;pta;thl,one_of(adhE|aldh),9,12,0.7333333333333333,0.8571428571428571,1.0
FW_TWAS_rep_2,GCA_044230255.1,0.06634891175974356,X_ac_lac,0.9375,true,true,lactate_acetate_chain_initiation,high,acs;bcd;crt;etfA;etfB;hbd;lctB;lctC;lctD;pfor;pta;thl,"",12,13,0.9375,1.0,1.0
FW_TWAS_rep_2,GCA_044230255.1,0.06634891175974356,X_chain_et,0.0,false,true,ethanol_reverse_beta_oxidation,none,adh;bcd;cat;crt;etfA;etfB;hbd;thl,one_of(adhE|aldh),8,10,0.7692307692307693,0.8888888888888888,1.0
FW_TWAS_rep_2,GCA_044230255.1,0.06634891175974356,X_chain_lac,1.0,true,true,lactate_reverse_beta_oxidation,high,bcd;cat;crt;etfA;etfB;hbd;lctB;lctC;lctD;pfor;thl,"",11,11,1.0,1.0,1.0
FW_TWAS_rep_2,GCA_044230255.1,0.06634891175974356,X_VFA_deg,1.0,true,true,syntrophic_butyrate_oxidation,high,bcd;crt;etfA;etfB;fdhA;hbd;hydA;rnfB;thl,"",9,9,1.0,1.0,1.0
FW_TWAS_rep_2,GCA_044230255.1,0.06634891175974356,X_Me_ac,0.0,false,true,acetoclastic_ack_pta,none,pta,mcrA;ackA;one_of(cdhC|cdhD|cdhE),1,8,0.1111111111111111,0.25,0.2
FW_TWAS_rep_2,GCA_044230255.1,0.06634891175974356,X_Me_CO2,0.0,false,true,hydrogenotrophic_core,none,fwdA,mcrA;one_of(ftr);one_of(mch);one_of(mtd|mer),1,8,0.1111111111111111,0.2,0.16666666666666666
FW_TWAS_rep_2,GCA_044230255.1,0.06634891175974356,X_et,0.31333333333333335,false,true,ethanol_to_acetyl_coa,partial,acs;adh;pta,one_of(adhE|aldh),3,6,0.4,0.6666666666666666,1.0
FW_TWAS_rep_2,GCA_044230255.1,0.06634891175974356,X_lac,1.0,true,true,lactate_to_pyruvate,high,lctB;lctC;lctD;pfor;rnfB,"",5,5,1.0,1.0,1.0
FW_TWAS_rep_2,GCA_963746195.1,0.013624093133119622,X_ch,1.0,true,true,starch_utilization,high,agl;cazy_GH13;susC;susD,"",4,4,1.0,1.0,1.0
FW_TWAS_rep_2,GCA_963746195.1,0.013624093133119622,X_pr,1.0,true,true,proteolysis_and_peptide_import,high,dtpT;endopeptidase;extracellular_protease;oppA;oppB;pepN;pepO,"",7,7,1.0,1.0,1.0
FW_TWAS_rep_2,GCA_963746195.1,0.013624093133119622,X_li,0.5833333333333334,true,true,lipolysis,low,acylglycerol_lipase;fadD;lipase,"",3,6,0.5833333333333334,1.0,1.0
FW_TWAS_rep_2,GCA_963746195.1,0.013624093133119622,X_su,0.4336742424242424,false,true,hexose_fermentation,partial,gapA;glcP;pfkA;pfor;pyk,pgi,5,9,0.5454545454545454,0.8333333333333334,0.8333333333333334
FW_TWAS_rep_2,GCA_963746195.1,0.013624093133119622,X_aa,1.0,true,true,general_amino_acid_catabolism,high,dppA;dtpT;gdh;ilvE;oppA;pfor;tdcB,"",7,7,1.0,1.0,1.0
FW_TWAS_rep_2,GCA_963746195.1,0.013624093133119622,X_fa,1.0,true,true,lcfa_beta_oxidation,high,etfA;etfB;fadA;fadB;fadD;fadE,"",6,6,1.0,1.0,1.0
FW_TWAS_rep_2,GCA_963746195.1,0.013624093133119622,X_ac_et,0.7333333333333333,true,true,ethanol_acetate_chain_initiation,medium,acs;adh;aldh;bcd;crt;etfA;etfB;hbd;thl,"",9,12,0.7333333333333333,1.0,1.0
FW_TWAS_rep_2,GCA_963746195.1,0.013624093133119622,X_ac_lac,0.0,false,true,lactate_acetate_chain_initiation,none,acs;bcd;crt;etfA;etfB;hbd;pfor;thl,lctD;one_of(lctB|lctC),8,13,0.625,0.75,0.8888888888888888
FW_TWAS_rep_2,GCA_963746195.1,0.013624093133119622,X_chain_et,0.0,false,true,ethanol_reverse_beta_oxidation,none,adh;aldh;bcd;crt;etfA;etfB;hbd;thl,cat,8,10,0.6923076923076923,0.8888888888888888,1.0
FW_TWAS_rep_2,GCA_963746195.1,0.013624093133119622,X_chain_lac,0.0,false,true,lactate_reverse_beta_oxidation,none,bcd;crt;etfA;etfB;hbd;pfor;thl,cat;lctD;one_of(lctB|lctC),7,11,0.5714285714285714,0.7,0.7777777777777778
FW_TWAS_rep_2,GCA_963746195.1,0.013624093133119622,X_VFA_deg,0.6890624999999999,false,true,syntrophic_butyrate_oxidation,partial,bcd;crt;etfA;etfB;hbd;hydA;thl,one_of(rnfB),7,9,0.75,0.875,1.0
FW_TWAS_rep_2,GCA_963746195.1,0.013624093133119622,X_Me_ac,0.0,false,true,acetoclastic_acs,none,acs,forbidden(mvhG);mcrA;one_of(cdhC|cdhD|cdhE),1,7,0.2222222222222222,0.3333333333333333,0.25
FW_TWAS_rep_2,GCA_963746195.1,0.013624093133119622,X_Me_CO2,0.0,false,true,hydrogenotrophic_core,none,"",mcrA;one_of(fwdA);one_of(ftr);one_of(mch);one_of(mtd|mer),0,8,0.0,0.0,0.0
FW_TWAS_rep_2,GCA_963746195.1,0.013624093133119622,X_et,0.5,true,true,ethanol_to_acetyl_coa,low,acs;adh;aldh,"",3,6,0.5,1.0,1.0
FW_TWAS_rep_2,GCA_963746195.1,0.013624093133119622,X_lac,0.08027777777777777,false,true,lactate_to_pyruvate,partial,pfor,lctD;one_of(lctB|lctC|rnfB),1,5,0.25,0.3333333333333333,0.3333333333333333
FW_TWAS_rep_2,GCA_034676565.1,0.0097857263371014,X_ch,0.5714285714285714,false,true,starch_utilization,partial,cazy_GH13;susC,"",2,4,0.5714285714285714,1.0,1.0
FW_TWAS_rep_2,GCA_034676565.1,0.0097857263371014,X_pr,0.7058823529411765,true,true,peptide_scavenging,medium,dppA;dppB;dppC;endopeptidase;oppA;oppB;pepA;pepN;pepQ,"",9,13,0.7058823529411765,1.0,1.0
FW_TWAS_rep_2,GCA_034676565.1,0.0097857263371014,X_li,0.6666666666666666,true,true,lipolysis,low,acylglycerol_lipase;fadD;lysophospholipase;phospholipase,"",4,6,0.6666666666666666,1.0,1.0
FW_TWAS_rep_2,GCA_034676565.1,0.0097857263371014,X_su,0.48636363636363633,false,true,hexose_fermentation,partial,gapA;lctD;pfkA;pfor;pgi;pyk,one_of(ptsG|glcP),6,9,0.5454545454545454,0.8333333333333334,1.0
FW_TWAS_rep_2,GCA_034676565.1,0.0097857263371014,X_aa,0.9,true,true,general_amino_acid_catabolism,high,dppA;gdh;ilvE;oppA;pfor;tdcB,"",6,7,0.9,1.0,1.0
FW_TWAS_rep_2,GCA_034676565.1,0.0097857263371014,X_fa,1.0,true,true,lcfa_beta_oxidation,high,etfA;etfB;fadA;fadB;fadD;fadE,"",6,6,1.0,1.0,1.0
FW_TWAS_rep_2,GCA_034676565.1,0.0097857263371014,X_ac_et,0.8666666666666667,true,true,ethanol_acetate_chain_initiation,medium,ackA;acs;adh;aldh;bcd;crt;etfA;etfB;hbd;pta;thl,"",11,12,0.8666666666666667,1.0,1.0
FW_TWAS_rep_2,GCA_034676565.1,0.0097857263371014,X_ac_lac,1.0,true,true,lactate_acetate_chain_initiation,high,ackA;acs;bcd;crt;etfA;etfB;hbd;lctB;lctC;lctD;pfor;pta;thl,"",13,13,1.0,1.0,1.0
FW_TWAS_rep_2,GCA_034676565.1,0.0097857263371014,X_chain_et,0.0,false,true,ethanol_reverse_beta_oxidation,none,adh;aldh;bcd;crt;etfA;etfB;hbd;thl,cat,8,10,0.6923076923076923,0.8888888888888888,1.0
FW_TWAS_rep_2,GCA_034676565.1,0.0097857263371014,X_chain_lac,0.0,false,true,lactate_reverse_beta_oxidation,none,bcd;crt;etfA;etfB;hbd;lctB;lctC;lctD;pfor;thl,cat,10,11,0.8571428571428571,0.9,1.0
FW_TWAS_rep_2,GCA_034676565.1,0.0097857263371014,X_VFA_deg,1.0,true,true,syntrophic_butyrate_oxidation,high,bcd;crt;etfA;etfB;fdhA;hbd;hydA;rnfB;thl,"",9,9,1.0,1.0,1.0
FW_TWAS_rep_2,GCA_034676565.1,0.0097857263371014,X_Me_ac,0.0,false,true,acetoclastic_ack_pta,none,ackA;cdhC;pta,mcrA,3,8,0.3333333333333333,0.75,0.6
FW_TWAS_rep_2,GCA_034676565.1,0.0097857263371014,X_Me_CO2,0.0,false,true,hydrogenotrophic_core,none,fwdA;mer,mcrA;one_of(ftr);one_of(mch),2,8,0.2222222222222222,0.4,0.3333333333333333
FW_TWAS_rep_2,GCA_034676565.1,0.0097857263371014,X_et,0.7,true,true,ethanol_to_acetyl_coa,medium,ackA;acs;adh;aldh;pta,"",5,6,0.7,1.0,1.0
FW_TWAS_rep_2,GCA_034676565.1,0.0097857263371014,X_lac,1.0,true,true,lactate_to_pyruvate,high,lctB;lctC;lctD;pfor;rnfB,"",5,5,1.0,1.0,1.0
FW_TWAS_rep_2,GCA_032654705.1,0.009617006917496203,X_ch,1.0,true,true,starch_utilization,high,agl;cazy_GH13;susC;susD,"",4,4,1.0,1.0,1.0
FW_TWAS_rep_2,GCA_032654705.1,0.009617006917496203,X_pr,1.0,true,true,proteolysis_and_peptide_import,high,dtpT;endopeptidase;extracellular_protease;oppA;oppB;pepN;pepO,"",7,7,1.0,1.0,1.0
FW_TWAS_rep_2,GCA_032654705.1,0.009617006917496203,X_li,0.3333333333333333,false,true,lipolysis,partial,acylglycerol_lipase;fadD,"",2,6,0.3333333333333333,1.0,1.0
FW_TWAS_rep_2,GCA_032654705.1,0.009617006917496203,X_su,0.48636363636363633,false,true,hexose_fermentation,partial,gapA;lctD;pfkA;pfor;pgi;pyk,one_of(ptsG|glcP),6,9,0.5454545454545454,0.8333333333333334,1.0
FW_TWAS_rep_2,GCA_032654705.1,0.009617006917496203,X_aa,1.0,true,true,general_amino_acid_catabolism,high,dppA;dtpT;gdh;ilvE;oppA;pfor;tdcB,"",7,7,1.0,1.0,1.0
FW_TWAS_rep_2,GCA_032654705.1,0.009617006917496203,X_fa,1.0,true,true,lcfa_beta_oxidation,high,etfA;etfB;fadA;fadB;fadD;fadE,"",6,6,1.0,1.0,1.0
FW_TWAS_rep_2,GCA_032654705.1,0.009617006917496203,X_ac_et,0.0,false,true,ethanol_acetate_chain_initiation,none,acs;adh;bcd;crt;etfA;etfB;hbd;pta;thl,one_of(adhE|aldh),9,12,0.7333333333333333,0.8571428571428571,1.0
FW_TWAS_rep_2,GCA_032654705.1,0.009617006917496203,X_ac_lac,0.9375,true,true,lactate_acetate_chain_initiation,high,acs;bcd;crt;etfA;etfB;hbd;lctB;lctC;lctD;pfor;pta;thl,"",12,13,0.9375,1.0,1.0
FW_TWAS_rep_2,GCA_032654705.1,0.009617006917496203,X_chain_et,0.0,false,true,ethanol_reverse_beta_oxidation,none,adh;bcd;cat;crt;etfA;etfB;hbd;thl,one_of(adhE|aldh),8,10,0.7692307692307693,0.8888888888888888,1.0
FW_TWAS_rep_2,GCA_032654705.1,0.009617006917496203,X_chain_lac,1.0,true,true,lactate_reverse_beta_oxidation,high,bcd;cat;crt;etfA;etfB;hbd;lctB;lctC;lctD;pfor;thl,"",11,11,1.0,1.0,1.0
FW_TWAS_rep_2,GCA_032654705.1,0.009617006917496203,X_VFA_deg,1.0,true,true,syntrophic_butyrate_oxidation,high,bcd;crt;etfA;etfB;fdhA;hbd;hydA;rnfB;thl,"",9,9,1.0,1.0,1.0
FW_TWAS_rep_2,GCA_032654705.1,0.009617006917496203,X_Me_ac,0.0,false,true,acetoclastic_ack_pta,none,pta,mcrA;ackA;one_of(cdhC|cdhD|cdhE),1,8,0.1111111111111111,0.25,0.2
FW_TWAS_rep_2,GCA_032654705.1,0.009617006917496203,X_Me_CO2,0.0,false,true,hydrogenotrophic_core,none,fwdA,mcrA;one_of(ftr);one_of(mch);one_of(mtd|mer),1,8,0.1111111111111111,0.2,0.16666666666666666
FW_TWAS_rep_2,GCA_032654705.1,0.009617006917496203,X_et,0.31333333333333335,false,true,ethanol_to_acetyl_coa,partial,acs;adh;pta,one_of(adhE|aldh),3,6,0.4,0.6666666666666666,1.0
FW_TWAS_rep_2,GCA_032654705.1,0.009617006917496203,X_lac,1.0,true,true,lactate_to_pyruvate,high,lctB;lctC;lctD;pfor;rnfB,"",5,5,1.0,1.0,1.0
FW_TWAS_rep_2,GCA_044224235.1,0.008899949384174119,X_ch,0.06508928571428572,false,true,starch_utilization,partial,susC,cazy_GH13,1,4,0.14285714285714285,0.5,0.5
FW_TWAS_rep_2,GCA_044224235.1,0.008899949384174119,X_pr,1.0,true,true,proteolysis_and_peptide_import,high,dtpT;endopeptidase;extracellular_protease;oppA;oppB;pepN;pepO,"",7,7,1.0,1.0,1.0
FW_TWAS_rep_2,GCA_044224235.1,0.008899949384174119,X_li,0.3333333333333333,false,true,lipolysis,partial,acylglycerol_lipase;fadD,"",2,6,0.3333333333333333,1.0,1.0
FW_TWAS_rep_2,GCA_044224235.1,0.008899949384174119,X_su,0.22313131313131312,false,true,hexose_fermentation,partial,gapA;lctD;pfkA;pyk,pgi;one_of(ptsG|glcP),4,9,0.36363636363636365,0.6666666666666666,0.6666666666666666
FW_TWAS_rep_2,GCA_044224235.1,0.008899949384174119,X_aa,0.39166666666666666,false,true,general_amino_acid_catabolism,partial,dppA;dtpT;gdh;oppA,one_of(pfor),4,7,0.5,0.6666666666666666,1.0
FW_TWAS_rep_2,GCA_044224235.1,0.008899949384174119,X_fa,1.0,true,true,lcfa_beta_oxidation,high,etfA;etfB;fadA;fadB;fadD;fadE,"",6,6,1.0,1.0,1.0
FW_TWAS_rep_2,GCA_044224235.1,0.008899949384174119,X_ac_et,0.8,true,true,ethanol_acetate_chain_initiation,medium,acs;adh;aldh;bcd;crt;etfA;etfB;hbd;pta;thl,"",10,12,0.8,1.0,1.0
FW_TWAS_rep_2,GCA_044224235.1,0.008899949384174119,X_ac_lac,0.0,false,true,lactate_acetate_chain_initiation,none,acs;bcd;crt;etfA;etfB;hbd;lctB;lctC;lctD;pta;thl,one_of(pfor),11,13,0.875,0.875,1.0
FW_TWAS_rep_2,GCA_044224235.1,0.008899949384174119,X_chain_et,0.8461538461538461,true,true,ethanol_reverse_beta_oxidation,medium,adh;aldh;bcd;cat;crt;etfA;etfB;hbd;thl,"",9,10,0.8461538461538461,1.0,1.0
FW_TWAS_rep_2,GCA_044224235.1,0.008899949384174119,X_chain_lac,0.0,false,true,lactate_reverse_beta_oxidation,none,bcd;cat;crt;etfA;etfB;hbd;lctB;lctC;lctD;thl,one_of(pfor),10,11,0.9285714285714286,0.9,1.0
FW_TWAS_rep_2,GCA_044224235.1,0.008899949384174119,X_VFA_deg,0.8421875,false,true,syntrophic_butyrate_oxidation,partial,bcd;crt;etfA;etfB;fdhA;hbd;hydA;thl,one_of(rnfB),8,9,0.9166666666666666,0.875,1.0
FW_TWAS_rep_2,GCA_044224235.1,0.008899949384174119,X_Me_ac,0.0,false,true,acetoclastic_ack_pta,none,pta,mcrA;ackA;one_of(cdhC|cdhD|cdhE),1,8,0.1111111111111111,0.25,0.2
FW_TWAS_rep_2,GCA_044224235.1,0.008899949384174119,X_Me_CO2,0.0,false,true,hydrogenotrophic_core,none,fwdA,mcrA;one_of(ftr);one_of(mch);one_of(mtd|mer),1,8,0.1111111111111111,0.2,0.16666666666666666
FW_TWAS_rep_2,GCA_044224235.1,0.008899949384174119,X_et,0.6,true,true,ethanol_to_acetyl_coa,low,acs;adh;aldh;pta,"",4,6,0.6,1.0,1.0
FW_TWAS_rep_2,GCA_044224235.1,0.008899949384174119,X_lac,0.4895833333333333,false,true,lactate_to_pyruvate,partial,lctB;lctC;lctD,pfor,3,5,0.625,0.6666666666666666,1.0
FW_TWAS_rep_2,GCA_044223705.1,0.007381474607727349,X_ch,0.7142857142857143,true,true,starch_utilization,medium,agl;cazy_GH13,"",2,4,0.7142857142857143,1.0,1.0
FW_TWAS_rep_2,GCA_044223705.1,0.007381474607727349,X_pr,0.8235294117647058,true,true,peptide_scavenging,medium,dppA;dppB;dppC;dtpT;oppA;oppB;pepA;pepN;pepO;pepQ;pepT,"",11,13,0.8235294117647058,1.0,1.0
FW_TWAS_rep_2,GCA_044223705.1,0.007381474607727349,X_li,0.5,true,true,lipolysis,low,esterase;fadD;lipase,"",3,6,0.5,1.0,1.0
FW_TWAS_rep_2,GCA_044223705.1,0.007381474607727349,X_su,0.6692307692307693,false,true,entner_doudoroff,partial,adhE;eda;edd;gapA;pfor;pyk,one_of(ptsG|glcP),6,9,0.7692307692307693,0.8,1.0
FW_TWAS_rep_2,GCA_044223705.1,0.007381474607727349,X_aa,1.0,true,true,general_amino_acid_catabolism,high,dppA;dtpT;gdh;ilvE;oppA;pfor;tdcB,"",7,7,1.0,1.0,1.0
FW_TWAS_rep_2,GCA_044223705.1,0.007381474607727349,X_fa,1.0,true,true,lcfa_beta_oxidation,high,etfA;etfB;fadA;fadB;fadD;fadE,"",6,6,1.0,1.0,1.0
FW_TWAS_rep_2,GCA_044223705.1,0.007381474607727349,X_ac_et,0.9333333333333333,true,true,ethanol_acetate_chain_initiation,high,acs;adh;adhE;aldh;bcd;crt;etfA;etfB;hbd;pta;thl,"",11,12,0.9333333333333333,1.0,1.0
FW_TWAS_rep_2,GCA_044223705.1,0.007381474607727349,X_ac_lac,0.0,false,true,lactate_acetate_chain_initiation,none,acs;bcd;crt;etfA;etfB;hbd;lctC;pfor;pta;thl,lctD,10,13,0.75,0.875,1.0
FW_TWAS_rep_2,GCA_044223705.1,0.007381474607727349,X_chain_et,0.0,false,true,ethanol_reverse_beta_oxidation,none,adh;adhE;aldh;bcd;crt;etfA;etfB;hbd;thl,cat,9,10,0.8461538461538461,0.8888888888888888,1.0
FW_TWAS_rep_2,GCA_044223705.1,0.007381474607727349,X_chain_lac,0.0,false,true,lactate_reverse_beta_oxidation,none,bcd;crt;etfA;etfB;hbd;lctC;pfor;thl,cat;lctD,8,11,0.6428571428571429,0.8,0.8888888888888888
FW_TWAS_rep_2,GCA_044223705.1,0.007381474607727349,X_VFA_deg,0.853125,false,true,syntrophic_propionate_mmc,partial,fdhA;hydA;mdh;mmcE;mmcF;mmcG;pfor;sucC;sucD,one_of(fumB),9,10,0.9285714285714286,0.875,1.0
FW_TWAS_rep_2,GCA_044223705.1,0.007381474607727349,X_Me_ac,0.0,false,true,acetoclastic_ack_pta,none,pta,mcrA;ackA;one_of(cdhC|cdhD|cdhE),1,8,0.1111111111111111,0.25,0.2
FW_TWAS_rep_2,GCA_044223705.1,0.007381474607727349,X_Me_CO2,0.0,false,true,hydrogenotrophic_core,none,fwdA,mcrA;one_of(ftr);one_of(mch);one_of(mtd|mer),1,8,0.1111111111111111,0.2,0.16666666666666666
FW_TWAS_rep_2,GCA_044223705.1,0.007381474607727349,X_et,0.9,true,true,ethanol_to_acetyl_coa,high,acs;adh;adhE;aldh;pta,"",5,6,0.9,1.0,1.0
FW_TWAS_rep_2,GCA_044223705.1,0.007381474607727349,X_lac,0.23010416666666667,false,true,lactate_to_pyruvate,partial,lctC;pfor,lctD,2,5,0.375,0.6666666666666666,0.6666666666666666
FW_TWAS_rep_2,GCA_044230475.1,0.007170575333220854,X_ch,0.03283203125,false,true,xylan_utilization,partial,xylB,xylA;one_of(cazy_GH10|cazy_GH11);one_of(cazy_GH43|cazy_CBM6),1,6,0.125,0.25,0.25
FW_TWAS_rep_2,GCA_044230475.1,0.007170575333220854,X_pr,0.8235294117647058,true,true,peptide_scavenging,medium,dppA;dppB;dppC;dtpT;oppA;oppB;pepA;pepN;pepO;pepQ;pepT,"",11,13,0.8235294117647058,1.0,1.0
FW_TWAS_rep_2,GCA_044230475.1,0.007170575333220854,X_li,0.5,true,true,lipolysis,low,acylglycerol_lipase;fadD;lysophospholipase,"",3,6,0.5,1.0,1.0
FW_TWAS_rep_2,GCA_044230475.1,0.007170575333220854,X_su,0.6484848484848486,false,true,pentose_fermentation,partial,adhE;gapA;pfor;pyk;xylB;xylF,xylA,6,8,0.7272727272727273,0.8333333333333334,1.0
FW_TWAS_rep_2,GCA_044230475.1,0.007170575333220854,X_aa,1.0,true,true,general_amino_acid_catabolism,high,dppA;dtpT;gdh;ilvE;oppA;pfor;tdcB,"",7,7,1.0,1.0,1.0
FW_TWAS_rep_2,GCA_044230475.1,0.007170575333220854,X_fa,1.0,true,true,lcfa_beta_oxidation,high,etfA;etfB;fadA;fadB;fadD;fadE,"",6,6,1.0,1.0,1.0
FW_TWAS_rep_2,GCA_044230475.1,0.007170575333220854,X_ac_et,0.9333333333333333,true,true,ethanol_acetate_chain_initiation,high,acs;adh;adhE;aldh;bcd;crt;etfA;etfB;hbd;pta;thl,"",11,12,0.9333333333333333,1.0,1.0
FW_TWAS_rep_2,GCA_044230475.1,0.007170575333220854,X_ac_lac,0.0,false,true,lactate_acetate_chain_initiation,none,acs;bcd;crt;etfA;etfB;hbd;lctC;pfor;pta;thl,lctD,10,13,0.75,0.875,1.0
FW_TWAS_rep_2,GCA_044230475.1,0.007170575333220854,X_chain_et,0.0,false,true,ethanol_reverse_beta_oxidation,none,adh;adhE;aldh;bcd;crt;etfA;etfB;hbd;thl,cat,9,10,0.8461538461538461,0.8888888888888888,1.0
FW_TWAS_rep_2,GCA_044230475.1,0.007170575333220854,X_chain_lac,0.0,false,true,lactate_reverse_beta_oxidation,none,bcd;crt;etfA;etfB;hbd;lctC;pfor;thl,cat;lctD,8,11,0.6428571428571429,0.8,0.8888888888888888
FW_TWAS_rep_2,GCA_044230475.1,0.007170575333220854,X_VFA_deg,0.853125,false,true,syntrophic_propionate_mmc,partial,fdhA;hydA;mdh;mmcE;mmcF;mmcG;pfor;sucC;sucD,one_of(fumB),9,10,0.9285714285714286,0.875,1.0
FW_TWAS_rep_2,GCA_044230475.1,0.007170575333220854,X_Me_ac,0.0,false,true,acetoclastic_ack_pta,none,mtrA;pta,mcrA;ackA;one_of(cdhC|cdhD|cdhE),2,8,0.2222222222222222,0.25,0.4
FW_TWAS_rep_2,GCA_044230475.1,0.007170575333220854,X_Me_CO2,0.0,false,true,hydrogenotrophic_core,none,fwdA;mtrA,mcrA;one_of(ftr);one_of(mch);one_of(mtd|mer),2,8,0.2222222222222222,0.2,0.3333333333333333
FW_TWAS_rep_2,GCA_044230475.1,0.007170575333220854,X_et,0.9,true,true,ethanol_to_acetyl_coa,high,acs;adh;adhE;aldh;pta,"",5,6,0.9,1.0,1.0
FW_TWAS_rep_2,GCA_044230475.1,0.007170575333220854,X_lac,0.23010416666666667,false,true,lactate_to_pyruvate,partial,lctC;pfor,lctD,2,5,0.375,0.6666666666666666,0.6666666666666666
FW_TWAS_rep_2,GCF_002978245.1,0.0070018559136156575,X_ch,0.8571428571428571,true,true,starch_utilization,medium,agl;cazy_GH13;susC,"",3,4,0.8571428571428571,1.0,1.0
FW_TWAS_rep_2,GCF_002978245.1,0.0070018559136156575,X_pr,0.9411764705882353,true,true,peptide_scavenging,high,dppA;dppB;dppC;dtpT;endopeptidase;oppA;oppB;pepA;pepD;pepN;pepQ;pepT,"",12,13,0.9411764705882353,1.0,1.0
FW_TWAS_rep_2,GCF_002978245.1,0.0070018559136156575,X_li,0.75,true,true,lipolysis,medium,acylglycerol_lipase;esterase;fadD;lysophospholipase;phospholipase,"",5,6,0.75,1.0,1.0
FW_TWAS_rep_2,GCF_002978245.1,0.0070018559136156575,X_su,0.9230769230769231,true,true,entner_doudoroff,high,adhE;eda;edd;gapA;glcP;pfor;ptsG;pyk,"",8,9,0.9230769230769231,1.0,1.0
FW_TWAS_rep_2,GCF_002978245.1,0.0070018559136156575,X_aa,0.8,true,true,general_amino_acid_catabolism,medium,dppA;dtpT;ilvE;oppA;pfor;tdcB,"",6,7,0.8,1.0,1.0
FW_TWAS_rep_2,GCF_002978245.1,0.0070018559136156575,X_fa,0.9,true,true,lcfa_beta_oxidation,high,etfA;fadA;fadB;fadD;fadE,"",5,6,0.9,1.0,1.0
FW_TWAS_rep_2,GCF_002978245.1,0.0070018559136156575,X_ac_et,0.0,false,true,ethanol_acetate_chain_initiation,none,ackA;acs;adh;adhE;aldh;bcd;crt;etfA;hbd;pta;thl,etfB,11,12,0.9333333333333333,0.8571428571428571,1.0
FW_TWAS_rep_2,GCF_002978245.1,0.0070018559136156575,X_ac_lac,0.0,false,true,lactate_acetate_chain_initiation,none,ackA;acs;bcd;crt;etfA;hbd;pfor;pta;thl,etfB;lctD;one_of(lctB|lctC),9,13,0.6875,0.625,1.0
FW_TWAS_rep_2,GCF_002978245.1,0.0070018559136156575,X_chain_et,0.0,false,true,ethanol_reverse_beta_oxidation,none,adh;adhE;aldh;bcd;crt;etfA;hbd;thl,etfB;cat,8,10,0.7692307692307693,0.7777777777777778,1.0
FW_TWAS_rep_2,GCF_002978245.1,0.0070018559136156575,X_chain_lac,0.0,false,true,lactate_reverse_beta_oxidation,none,bcd;crt;etfA;hbd;pfor;thl,etfB;cat;lctD;one_of(lctB|lctC),6,11,0.5,0.6,0.6666666666666666
FW_TWAS_rep_2,GCF_002978245.1,0.0070018559136156575,X_VFA_deg,0.8421875,false,true,syntrophic_butyrate_oxidation,partial,bcd;crt;etfA;fdhA;hbd;hydA;rnfB;thl,etfB,8,9,0.9166666666666666,0.875,1.0
FW_TWAS_rep_2,GCF_002978245.1,0.0070018559136156575,X_Me_ac,0.0,false,true,acetoclastic_ack_pta,none,ackA;pta,mcrA;one_of(cdhC|cdhD|cdhE),2,8,0.2222222222222222,0.5,0.4
FW_TWAS_rep_2,GCF_002978245.1,0.0070018559136156575,X_Me_CO2,0.0,false,true,hydrogenotrophic_core,none,mer,mcrA;one_of(fwdA);one_of(ftr);one_of(mch),1,8,0.1111111111111111,0.2,0.16666666666666666
FW_TWAS_rep_2,GCF_002978245.1,0.0070018559136156575,X_et,1.0,true,true,ethanol_to_acetyl_coa,high,ackA;acs;adh;adhE;aldh;pta,"",6,6,1.0,1.0,1.0
FW_TWAS_rep_2,GCF_002978245.1,0.0070018559136156575,X_lac,0.23010416666666667,false,true,lactate_to_pyruvate,partial,pfor;rnfB,lctD,2,5,0.375,0.6666666666666666,0.6666666666666666
FW_TWAS_rep_2,GCA_963736865.1,0.00641133794499747,X_ch,0.1952678571428572,false,true,starch_utilization,partial,cazy_GH13,one_of(susC|susD|agl),1,4,0.42857142857142855,0.5,0.5
FW_TWAS_rep_2,GCA_963736865.1,0.00641133794499747,X_pr,0.8181818181818182,true,true,proteolysis_and_peptide_import,medium,endopeptidase;extracellular_protease;oppA;oppB;pepN,"",5,7,0.8181818181818182,1.0,1.0
FW_TWAS_rep_2,GCA_963736865.1,0.00641133794499747,X_li,0.75,true,true,lipolysis,medium,fadD;lipase;lysophospholipase;phospholipase,"",4,6,0.75,1.0,1.0
FW_TWAS_rep_2,GCA_963736865.1,0.00641133794499747,X_su,0.5674242424242425,false,true,hexose_fermentation,partial,adhE;gapA;lctD;pfkA;pfor;pgi;pyk,one_of(ptsG|glcP),7,9,0.6363636363636364,0.8333333333333334,1.0
FW_TWAS_rep_2,GCA_963736865.1,0.00641133794499747,X_aa,0.8,true,true,general_amino_acid_catabolism,medium,gdh;ilvE;oppA;pfor;tdcB,"",5,7,0.8,1.0,1.0
FW_TWAS_rep_2,GCA_963736865.1,0.00641133794499747,X_fa,1.0,true,true,lcfa_beta_oxidation,high,etfA;etfB;fadA;fadB;fadD;fadE,"",6,6,1.0,1.0,1.0
FW_TWAS_rep_2,GCA_963736865.1,0.00641133794499747,X_ac_et,0.9333333333333333,true,true,ethanol_acetate_chain_initiation,high,ackA;acs;adh;adhE;bcd;crt;etfA;etfB;hbd;pta;thl,"",11,12,0.9333333333333333,1.0,1.0
FW_TWAS_rep_2,GCA_963736865.1,0.00641133794499747,X_ac_lac,1.0,true,true,lactate_acetate_chain_initiation,high,ackA;acs;bcd;crt;etfA;etfB;hbd;lctB;lctC;lctD;pfor;pta;thl,"",13,13,1.0,1.0,1.0
FW_TWAS_rep_2,GCA_963736865.1,0.00641133794499747,X_chain_et,0.9230769230769231,true,true,ethanol_reverse_beta_oxidation,high,adh;adhE;bcd;cat;crt;etfA;etfB;hbd;thl,"",9,10,0.9230769230769231,1.0,1.0
FW_TWAS_rep_2,GCA_963736865.1,0.00641133794499747,X_chain_lac,1.0,true,true,lactate_reverse_beta_oxidation,high,bcd;cat;crt;etfA;etfB;hbd;lctB;lctC;lctD;pfor;thl,"",11,11,1.0,1.0,1.0
FW_TWAS_rep_2,GCA_963736865.1,0.00641133794499747,X_VFA_deg,1.0,true,true,syntrophic_propionate_mmc,high,fdhA;fumB;hydA;mdh;mmcE;mmcF;mmcG;pfor;sucC;sucD,"",10,10,1.0,1.0,1.0
FW_TWAS_rep_2,GCA_963736865.1,0.00641133794499747,X_Me_ac,0.0,false,true,acetoclastic_ack_pta,none,ackA;cdhC;pta,mcrA,3,8,0.3333333333333333,0.75,0.6
FW_TWAS_rep_2,GCA_963736865.1,0.00641133794499747,X_Me_CO2,0.0,false,true,hydrogenotrophic_core,none,"",mcrA;one_of(fwdA);one_of(ftr);one_of(mch);one_of(mtd|mer),0,8,0.0,0.0,0.0
FW_TWAS_rep_2,GCA_963736865.1,0.00641133794499747,X_et,0.8,true,true,ethanol_to_acetyl_coa,medium,ackA;acs;adh;adhE;pta,"",5,6,0.8,1.0,1.0
FW_TWAS_rep_2,GCA_963736865.1,0.00641133794499747,X_lac,1.0,true,true,lactate_to_pyruvate,high,lctB;lctC;lctD;pfor;rnfB,"",5,5,1.0,1.0,1.0
FW_TWAS_rep_2,GCA_044238845.1,0.005694280411675384,X_ch,0.06508928571428572,false,true,starch_utilization,partial,susC,cazy_GH13,1,4,0.14285714285714285,0.5,0.5
FW_TWAS_rep_2,GCA_044238845.1,0.005694280411675384,X_pr,1.0,true,true,peptide_scavenging,high,dppA;dppB;dppC;dtpT;endopeptidase;oppA;oppB;pepA;pepD;pepN;pepO;pepQ;pepT,"",13,13,1.0,1.0,1.0
FW_TWAS_rep_2,GCA_044238845.1,0.005694280411675384,X_li,0.5833333333333334,true,true,lipolysis,low,acylglycerol_lipase;esterase;fadD;lysophospholipase,"",4,6,0.5833333333333334,1.0,1.0
FW_TWAS_rep_2,GCA_044238845.1,0.005694280411675384,X_su,0.2971384615384616,false,true,entner_doudoroff,partial,adhE;edd;gapA;pyk,eda;one_of(ptsG|glcP),4,9,0.46153846153846156,0.6,0.8
FW_TWAS_rep_2,GCA_044238845.1,0.005694280411675384,X_aa,0.705,false,true,general_amino_acid_catabolism,partial,dppA;dtpT;gdh;ilvE;oppA;tdcB,one_of(pfor),6,7,0.9,0.6666666666666666,1.0
FW_TWAS_rep_2,GCA_044238845.1,0.005694280411675384,X_fa,0.9,true,true,lcfa_beta_oxidation,high,etfA;fadA;fadB;fadD;fadE,"",5,6,0.9,1.0,1.0
FW_TWAS_rep_2,GCA_044238845.1,0.005694280411675384,X_ac_et,0.0,false,true,ethanol_acetate_chain_initiation,none,acs;adh;adhE;aldh;bcd;crt;etfA;hbd;pta;thl,etfB,10,12,0.8666666666666667,0.8571428571428571,1.0
FW_TWAS_rep_2,GCA_044238845.1,0.005694280411675384,X_ac_lac,0.0,false,true,lactate_acetate_chain_initiation,none,acs;bcd;crt;etfA;hbd;pta;thl,etfB;lctD;one_of(lctB|lctC);one_of(pfor),7,13,0.5625,0.5,0.7777777777777778
FW_TWAS_rep_2,GCA_044238845.1,0.005694280411675384,X_chain_et,0.0,false,true,ethanol_reverse_beta_oxidation,none,adh;adhE;aldh;bcd;cat;crt;etfA;hbd;thl,etfB,9,10,0.9230769230769231,0.8888888888888888,1.0
FW_TWAS_rep_2,GCA_044238845.1,0.005694280411675384,X_chain_lac,0.0,false,true,lactate_reverse_beta_oxidation,none,bcd;cat;crt;etfA;hbd;thl,etfB;lctD;one_of(lctB|lctC);one_of(pfor),6,11,0.5714285714285714,0.6,0.6666666666666666
FW_TWAS_rep_2,GCA_044238845.1,0.005694280411675384,X_VFA_deg,0.7874999999999999,false,true,syntrophic_propionate_mmc,partial,fdhA;hydA;mdh;mmcE;mmcF;mmcG;sucC;sucD,one_of(fumB),8,10,0.8571428571428571,0.875,1.0
FW_TWAS_rep_2,GCA_044238845.1,0.005694280411675384,X_Me_ac,0.0,false,true,acetoclastic_ack_pta,none,pta,mcrA;ackA;one_of(cdhC|cdhD|cdhE),1,8,0.1111111111111111,0.25,0.2
FW_TWAS_rep_2,GCA_044238845.1,0.005694280411675384,X_Me_CO2,0.0,false,true,hydrogenotrophic_core,none,"",mcrA;one_of(fwdA);one_of(ftr);one_of(mch);one_of(mtd|mer),0,8,0.0,0.0,0.0
FW_TWAS_rep_2,GCA_044238845.1,0.005694280411675384,X_et,0.9,true,true,ethanol_to_acetyl_coa,high,acs;adh;adhE;aldh;pta,"",5,6,0.9,1.0,1.0
FW_TWAS_rep_2,GCA_044238845.1,0.005694280411675384,X_lac,0.0,false,true,lactate_to_pyruvate,none,"",lctD;pfor;one_of(lctB|lctC|rnfB),0,5,0.0,0.0,0.0
FW_TWAS_rep_2,GCA_963779235.1,0.005441201282267589,X_ch,0.7142857142857143,true,true,starch_utilization,medium,agl;cazy_GH13,"",2,4,0.7142857142857143,1.0,1.0
FW_TWAS_rep_2,GCA_963779235.1,0.005441201282267589,X_pr,0.7647058823529411,true,true,peptide_scavenging,medium,dppA;dppB;dppC;dtpT;oppA;oppB;pepA;pepN;pepQ;pepT,"",10,13,0.7647058823529411,1.0,1.0
FW_TWAS_rep_2,GCA_963779235.1,0.005441201282267589,X_li,0.8333333333333334,true,true,lipolysis,medium,acylglycerol_lipase;esterase;fadD;lipase;lysophospholipase,"",5,6,0.8333333333333334,1.0,1.0
FW_TWAS_rep_2,GCA_963779235.1,0.005441201282267589,X_su,0.46578461538461546,false,true,entner_doudoroff,partial,adhE;eda;edd;pyk,one_of(ptsG|glcP),4,9,0.6153846153846154,0.8,0.8
FW_TWAS_rep_2,GCA_963779235.1,0.005441201282267589,X_aa,0.705,false,true,general_amino_acid_catabolism,partial,dppA;dtpT;gdh;ilvE;oppA;tdcB,one_of(pfor),6,7,0.9,0.6666666666666666,1.0
FW_TWAS_rep_2,GCA_963779235.1,0.005441201282267589,X_fa,1.0,true,true,lcfa_beta_oxidation,high,etfA;etfB;fadA;fadB;fadD;fadE,"",6,6,1.0,1.0,1.0
FW_TWAS_rep_2,GCA_963779235.1,0.005441201282267589,X_ac_et,1.0,true,true,ethanol_acetate_chain_initiation,high,ackA;acs;adh;adhE;aldh;bcd;crt;etfA;etfB;hbd;pta;thl,"",12,12,1.0,1.0,1.0
FW_TWAS_rep_2,GCA_963779235.1,0.005441201282267589,X_ac_lac,0.0,false,true,lactate_acetate_chain_initiation,none,ackA;acs;bcd;crt;etfA;etfB;hbd;lctB;lctC;pta;thl,lctD;one_of(pfor),11,13,0.8125,0.75,1.0
FW_TWAS_rep_2,GCA_963779235.1,0.005441201282267589,X_chain_et,0.0,false,true,ethanol_reverse_beta_oxidation,none,adh;adhE;aldh;bcd;crt;etfA;etfB;hbd;thl,cat,9,10,0.8461538461538461,0.8888888888888888,1.0
FW_TWAS_rep_2,GCA_963779235.1,0.005441201282267589,X_chain_lac,0.0,false,true,lactate_reverse_beta_oxidation,none,bcd;crt;etfA;etfB;hbd;lctB;lctC;thl,cat;lctD;one_of(pfor),8,11,0.6428571428571429,0.7,0.8888888888888888
FW_TWAS_rep_2,GCA_963779235.1,0.005441201282267589,X_VFA_deg,0.8421875,false,true,syntrophic_butyrate_oxidation,partial,bcd;crt;etfA;etfB;fdhA;hbd;hydA;thl,one_of(rnfB),8,9,0.9166666666666666,0.875,1.0
FW_TWAS_rep_2,GCA_963779235.1,0.005441201282267589,X_Me_ac,0.0,false,true,acetoclastic_ack_pta,none,ackA;pta,mcrA;one_of(cdhC|cdhD|cdhE),2,8,0.2222222222222222,0.5,0.4
FW_TWAS_rep_2,GCA_963779235.1,0.005441201282267589,X_Me_CO2,0.0,false,true,hydrogenotrophic_core,none,fwdA,mcrA;one_of(ftr);one_of(mch);one_of(mtd|mer),1,8,0.1111111111111111,0.2,0.16666666666666666
FW_TWAS_rep_2,GCA_963779235.1,0.005441201282267589,X_et,1.0,true,true,ethanol_to_acetyl_coa,high,ackA;acs;adh;adhE;aldh;pta,"",6,6,1.0,1.0,1.0
FW_TWAS_rep_2,GCA_963779235.1,0.005441201282267589,X_lac,0.11097222222222222,false,true,lactate_to_pyruvate,partial,lctB;lctC,lctD;pfor,2,5,0.25,0.3333333333333333,0.6666666666666666
FW_TWAS_rep_2,GCA_943370345.1,0.010587143580226083,X_ch,1.0,true,true,pectin_utilization,high,cazy_CE8;cazy_GH43;cazy_PL1;susC;susD,"",5,5,1.0,1.0,1.0
FW_TWAS_rep_2,GCA_943370345.1,0.010587143580226083,X_pr,0.9090909090909091,true,true,proteolysis_and_peptide_import,high,dtpT;endopeptidase;extracellular_protease;oppA;oppB;pepN,"",6,7,0.9090909090909091,1.0,1.0
FW_TWAS_rep_2,GCA_943370345.1,0.010587143580226083,X_li,0.5833333333333334,true,true,lipolysis,low,acylglycerol_lipase;esterase;fadD;lysophospholipase,"",4,6,0.5833333333333334,1.0,1.0
FW_TWAS_rep_2,GCA_943370345.1,0.010587143580226083,X_su,0.6692307692307693,false,true,entner_doudoroff,partial,adhE;eda;edd;gapA;lctD;pfor,one_of(ptsG|glcP),6,9,0.7692307692307693,0.8,1.0
FW_TWAS_rep_2,GCA_943370345.1,0.010587143580226083,X_aa,1.0,true,true,general_amino_acid_catabolism,high,dppA;dtpT;gdh;ilvE;oppA;pfor;tdcB,"",7,7,1.0,1.0,1.0
FW_TWAS_rep_2,GCA_943370345.1,0.010587143580226083,X_fa,1.0,true,true,lcfa_beta_oxidation,high,etfA;etfB;fadA;fadB;fadD;fadE,"",6,6,1.0,1.0,1.0
FW_TWAS_rep_2,GCA_943370345.1,0.010587143580226083,X_ac_et,0.8666666666666667,true,true,ethanol_acetate_chain_initiation,medium,acs;adh;adhE;bcd;crt;etfA;etfB;hbd;pta;thl,"",10,12,0.8666666666666667,1.0,1.0
FW_TWAS_rep_2,GCA_943370345.1,0.010587143580226083,X_ac_lac,0.9375,true,true,lactate_acetate_chain_initiation,high,acs;bcd;crt;etfA;etfB;hbd;lctB;lctC;lctD;pfor;pta;thl,"",12,13,0.9375,1.0,1.0
FW_TWAS_rep_2,GCA_943370345.1,0.010587143580226083,X_chain_et,0.9230769230769231,true,true,ethanol_reverse_beta_oxidation,high,adh;adhE;bcd;cat;crt;etfA;etfB;hbd;thl,"",9,10,0.9230769230769231,1.0,1.0
FW_TWAS_rep_2,GCA_943370345.1,0.010587143580226083,X_chain_lac,1.0,true,true,lactate_reverse_beta_oxidation,high,bcd;cat;crt;etfA;etfB;hbd;lctB;lctC;lctD;pfor;thl,"",11,11,1.0,1.0,1.0
FW_TWAS_rep_2,GCA_943370345.1,0.010587143580226083,X_VFA_deg,1.0,true,true,syntrophic_butyrate_oxidation,high,bcd;crt;etfA;etfB;fdhA;hbd;hydA;rnfB;thl,"",9,9,1.0,1.0,1.0
FW_TWAS_rep_2,GCA_943370345.1,0.010587143580226083,X_Me_ac,0.0,false,true,acetoclastic_ack_pta,none,pta,mcrA;ackA;one_of(cdhC|cdhD|cdhE),1,8,0.1111111111111111,0.25,0.2
FW_TWAS_rep_2,GCA_943370345.1,0.010587143580226083,X_Me_CO2,0.0,false,true,hydrogenotrophic_core,none,fwdA,mcrA;one_of(ftr);one_of(mch);one_of(mtd|mer),1,8,0.1111111111111111,0.2,0.16666666666666666
FW_TWAS_rep_2,GCA_943370345.1,0.010587143580226083,X_et,0.7,true,true,ethanol_to_acetyl_coa,medium,acs;adh;adhE;pta,"",4,6,0.7,1.0,1.0
FW_TWAS_rep_2,GCA_943370345.1,0.010587143580226083,X_lac,1.0,true,true,lactate_to_pyruvate,high,lctB;lctC;lctD;pfor;rnfB,"",5,5,1.0,1.0,1.0
FW_TWAS_rep_2,GCA_031972215.1,0.004977222878353299,X_ch,0.040138888888888884,false,true,cellulose_utilization,partial,bgl,one_of(cazy_GH5|cazy_GH9|cazy_GH48);one_of(cazy_CBM3|cazy_GH48),1,5,0.125,0.3333333333333333,0.3333333333333333
FW_TWAS_rep_2,GCA_031972215.1,0.004977222878353299,X_pr,0.27647058823529413,false,true,peptide_scavenging,partial,dppA;oppA;pepN;pepQ,one_of(oppB|dppB|dppC|dtpT),4,13,0.35294117647058826,0.6666666666666666,1.0
FW_TWAS_rep_2,GCA_031972215.1,0.004977222878353299,X_li,0.0759375,false,true,lipolysis,partial,acylglycerol_lipase,one_of(fadD|esterase),1,6,0.16666666666666666,0.5,0.5
FW_TWAS_rep_2,GCA_031972215.1,0.004977222878353299,X_su,0.05838383838383838,false,true,hexose_fermentation,partial,gapA;pyk,pgi;pfkA;one_of(ptsG|glcP);one_of(pfor|adhE|lctD),2,9,0.18181818181818182,0.3333333333333333,0.3333333333333333
FW_TWAS_rep_2,GCA_031972215.1,0.004977222878353299,X_aa,0.31333333333333335,false,true,general_amino_acid_catabolism,partial,dppA;oppA;tdcB,one_of(pfor),3,7,0.4,0.6666666666666666,1.0
FW_TWAS_rep_2,GCA_031972215.1,0.004977222878353299,X_fa,0.0,false,true,lcfa_beta_oxidation,none,"",fadD;fadE;fadB;fadA;one_of(etfA|etfB),0,6,0.0,0.0,0.0
FW_TWAS_rep_2,GCA_031972215.1,0.004977222878353299,X_ac_et,0.0,false,true,ethanol_acetate_chain_initiation,none,ackA;crt,thl;bcd;etfA;etfB;one_of(adhE|adh);one_of(adhE|aldh),2,12,0.13333333333333333,0.14285714285714285,0.25
FW_TWAS_rep_2,GCA_031972215.1,0.004977222878353299,X_ac_lac,0.0,false,true,lactate_acetate_chain_initiation,none,ackA;crt,thl;bcd;etfA;etfB;lctD;one_of(lctB|lctC);one_of(pfor),2,13,0.125,0.125,0.2222222222222222
FW_TWAS_rep_2,GCA_031972215.1,0.004977222878353299,X_chain_et,0.0,false,true,ethanol_reverse_beta_oxidation,none,crt,bcd;etfA;etfB;cat;one_of(thl);one_of(hbd);one_of(adhE|adh);one_of(adhE|aldh),1,10,0.07692307692307693,0.1111111111111111,0.125
FW_TWAS_rep_2,GCA_031972215.1,0.004977222878353299,X_chain_lac,0.0,false,true,lactate_reverse_beta_oxidation,none,crt,bcd;etfA;etfB;cat;lctD;one_of(thl);one_of(hbd);one_of(lctB|lctC);one_of(pfor),1,11,0.07142857142857142,0.1,0.1111111111111111
FW_TWAS_rep_2,GCA_031972215.1,0.004977222878353299,X_VFA_deg,0.01591517857142857,false,true,syntrophic_butyrate_oxidation,partial,crt,bcd;etfA;etfB;one_of(thl);one_of(hbd);one_of(hydA|fdhA);one_of(rnfB),1,9,0.08333333333333333,0.125,0.14285714285714285
FW_TWAS_rep_2,GCA_031972215.1,0.004977222878353299,X_Me_ac,0.0,false,true,acetoclastic_ack_pta,none,ackA,mcrA;pta;one_of(cdhC|cdhD|cdhE),1,8,0.1111111111111111,0.25,0.2
FW_TWAS_rep_2,GCA_031972215.1,0.004977222878353299,X_Me_CO2,0.0,false,true,hydrogenotrophic_core,none,"",mcrA;one_of(fwdA);one_of(ftr);one_of(mch);one_of(mtd|mer),0,8,0.0,0.0,0.0
FW_TWAS_rep_2,GCA_031972215.1,0.004977222878353299,X_et,0.03211111111111111,false,true,ethanol_to_acetyl_coa,partial,ackA,one_of(adhE|adh);one_of(adhE|aldh),1,6,0.1,0.3333333333333333,0.3333333333333333
FW_TWAS_rep_2,GCA_031972215.1,0.004977222878353299,X_lac,0.0,false,true,lactate_to_pyruvate,none,"",lctD;pfor;one_of(lctB|lctC|rnfB),0,5,0.0,0.0,0.0
FW_TWAS_rep_2,GCA_937898325.1,0.00442888476463641,X_ch,0.8571428571428571,true,true,starch_utilization,medium,agl;cazy_GH13;susC,"",3,4,0.8571428571428571,1.0,1.0
FW_TWAS_rep_2,GCA_937898325.1,0.00442888476463641,X_pr,0.7647058823529411,true,true,peptide_scavenging,medium,dppA;dppB;dppC;endopeptidase;oppA;oppB;pepA;pepD;pepQ;pepT,"",10,13,0.7647058823529411,1.0,1.0
FW_TWAS_rep_2,GCA_937898325.1,0.00442888476463641,X_li,0.4166666666666667,true,true,lipolysis,low,acylglycerol_lipase;esterase;lysophospholipase,"",3,6,0.4166666666666667,1.0,1.0
FW_TWAS_rep_2,GCA_937898325.1,0.00442888476463641,X_su,0.9090909090909091,true,true,pentose_fermentation,high,adhE;gapA;pfor;pyk;xylA;xylB;xylF,"",7,8,0.9090909090909091,1.0,1.0
FW_TWAS_rep_2,GCA_937898325.1,0.00442888476463641,X_aa,1.0,true,true,glycine_stickland,high,grdA;grdB;oppA;oppB;pfor,"",5,5,1.0,1.0,1.0
FW_TWAS_rep_2,GCA_937898325.1,0.00442888476463641,X_fa,0.2738,false,true,lcfa_beta_oxidation,partial,etfA;fadA;fadB,fadD;fadE,3,6,0.5,0.6,0.6
FW_TWAS_rep_2,GCA_937898325.1,0.00442888476463641,X_ac_et,0.0,false,true,ethanol_acetate_chain_initiation,none,ackA;adh;adhE;crt;etfA;hbd;pta;thl,bcd;etfB,8,12,0.6666666666666666,0.7142857142857143,1.0
FW_TWAS_rep_2,GCA_937898325.1,0.00442888476463641,X_ac_lac,0.0,false,true,lactate_acetate_chain_initiation,none,ackA;crt;etfA;hbd;pfor;pta;thl,bcd;etfB;lctD;one_of(lctB|lctC),7,13,0.5,0.5,0.7777777777777778
FW_TWAS_rep_2,GCA_937898325.1,0.00442888476463641,X_chain_et,0.0,false,true,ethanol_reverse_beta_oxidation,none,adh;adhE;cat;crt;etfA;hbd;thl,bcd;etfB,7,10,0.6923076923076923,0.7777777777777778,0.875
FW_TWAS_rep_2,GCA_937898325.1,0.00442888476463641,X_chain_lac,0.0,false,true,lactate_reverse_beta_oxidation,none,cat;crt;etfA;hbd;pfor;thl,bcd;etfB;lctD;one_of(lctB|lctC),6,11,0.5,0.6,0.6666666666666666
FW_TWAS_rep_2,GCA_937898325.1,0.00442888476463641,X_VFA_deg,0.628125,false,true,syntrophic_butyrate_oxidation,partial,crt;etfA;fdhA;hbd;hydA;rnfB;thl,bcd;etfB,7,9,0.75,0.75,1.0
FW_TWAS_rep_2,GCA_937898325.1,0.00442888476463641,X_Me_ac,0.0,false,true,acetoclastic_ack_pta,none,ackA;cdhC;pta,mcrA,3,8,0.3333333333333333,0.75,0.6
FW_TWAS_rep_2,GCA_937898325.1,0.00442888476463641,X_Me_CO2,0.0,false,true,hydrogenotrophic_core,none,"",mcrA;one_of(fwdA);one_of(ftr);one_of(mch);one_of(mtd|mer),0,8,0.0,0.0,0.0
FW_TWAS_rep_2,GCA_937898325.1,0.00442888476463641,X_et,0.7,true,true,ethanol_to_acetyl_coa,medium,ackA;adh;adhE;pta,"",4,6,0.7,1.0,1.0
FW_TWAS_rep_2,GCA_937898325.1,0.00442888476463641,X_lac,0.23010416666666667,false,true,lactate_to_pyruvate,partial,pfor;rnfB,lctD,2,5,0.375,0.6666666666666666,0.6666666666666666
FW_TWAS_rep_2,GCA_044227805.1,0.00438670490973511,X_ch,1.0,true,true,starch_utilization,high,agl;cazy_GH13;susC;susD,"",4,4,1.0,1.0,1.0
FW_TWAS_rep_2,GCA_044227805.1,0.00438670490973511,X_pr,1.0,true,true,peptide_scavenging,high,dppA;dppB;dppC;dtpT;endopeptidase;oppA;oppB;pepA;pepD;pepN;pepO;pepQ;pepT,"",13,13,1.0,1.0,1.0
FW_TWAS_rep_2,GCA_044227805.1,0.00438670490973511,X_li,0.3333333333333333,false,true,lipolysis,partial,fadD;lysophospholipase,"",2,6,0.3333333333333333,1.0,1.0
FW_TWAS_rep_2,GCA_044227805.1,0.00438670490973511,X_su,0.6484848484848486,false,true,hexose_fermentation,partial,adhE;glcP;lctD;pfkA;pfor;pgi;pyk,gapA,7,9,0.7272727272727273,0.8333333333333334,1.0
FW_TWAS_rep_2,GCA_044227805.1,0.00438670490973511,X_aa,1.0,true,true,general_amino_acid_catabolism,high,dppA;dtpT;gdh;ilvE;oppA;pfor;tdcB,"",7,7,1.0,1.0,1.0
FW_TWAS_rep_2,GCA_044227805.1,0.00438670490973511,X_fa,1.0,true,true,lcfa_beta_oxidation,high,etfA;etfB;fadA;fadB;fadD;fadE,"",6,6,1.0,1.0,1.0
FW_TWAS_rep_2,GCA_044227805.1,0.00438670490973511,X_ac_et,0.8666666666666667,true,true,ethanol_acetate_chain_initiation,medium,acs;adh;adhE;bcd;crt;etfA;etfB;hbd;pta;thl,"",10,12,0.8666666666666667,1.0,1.0
FW_TWAS_rep_2,GCA_044227805.1,0.00438670490973511,X_ac_lac,0.9375,true,true,lactate_acetate_chain_initiation,high,acs;bcd;crt;etfA;etfB;hbd;lctB;lctC;lctD;pfor;pta;thl,"",12,13,0.9375,1.0,1.0
FW_TWAS_rep_2,GCA_044227805.1,0.00438670490973511,X_chain_et,0.9230769230769231,true,true,ethanol_reverse_beta_oxidation,high,adh;adhE;bcd;cat;crt;etfA;etfB;hbd;thl,"",9,10,0.9230769230769231,1.0,1.0
FW_TWAS_rep_2,GCA_044227805.1,0.00438670490973511,X_chain_lac,1.0,true,true,lactate_reverse_beta_oxidation,high,bcd;cat;crt;etfA;etfB;hbd;lctB;lctC;lctD;pfor;thl,"",11,11,1.0,1.0,1.0
FW_TWAS_rep_2,GCA_044227805.1,0.00438670490973511,X_VFA_deg,1.0,true,true,syntrophic_butyrate_oxidation,high,bcd;crt;etfA;etfB;fdhA;hbd;hydA;rnfB;thl,"",9,9,1.0,1.0,1.0
FW_TWAS_rep_2,GCA_044227805.1,0.00438670490973511,X_Me_ac,0.0,false,true,acetoclastic_ack_pta,none,pta,mcrA;ackA;one_of(cdhC|cdhD|cdhE),1,8,0.1111111111111111,0.25,0.2
FW_TWAS_rep_2,GCA_044227805.1,0.00438670490973511,X_Me_CO2,0.0,false,true,hydrogenotrophic_core,none,fwdA,mcrA;one_of(ftr);one_of(mch);one_of(mtd|mer),1,8,0.1111111111111111,0.2,0.16666666666666666
FW_TWAS_rep_2,GCA_044227805.1,0.00438670490973511,X_et,0.7,true,true,ethanol_to_acetyl_coa,medium,acs;adh;adhE;pta,"",4,6,0.7,1.0,1.0
FW_TWAS_rep_2,GCA_044227805.1,0.00438670490973511,X_lac,1.0,true,true,lactate_to_pyruvate,high,lctB;lctC;lctD;pfor;rnfB,"",5,5,1.0,1.0,1.0
FW_TWAS_rep_2,GCA_005518185.1,0.00438670490973511,X_ch,0.8571428571428571,true,true,starch_utilization,medium,agl;cazy_GH13;susC,"",3,4,0.8571428571428571,1.0,1.0
FW_TWAS_rep_2,GCA_005518185.1,0.00438670490973511,X_pr,0.7272727272727273,true,true,proteolysis_and_peptide_import,medium,dtpT;extracellular_protease;oppA;pepN;pepO,"",5,7,0.7272727272727273,1.0,1.0
FW_TWAS_rep_2,GCA_005518185.1,0.00438670490973511,X_li,0.5833333333333334,true,true,lipolysis,low,acylglycerol_lipase;esterase;fadD;lysophospholipase,"",4,6,0.5833333333333334,1.0,1.0
FW_TWAS_rep_2,GCA_005518185.1,0.00438670490973511,X_su,0.6023076923076923,false,true,entner_doudoroff,partial,adhE;eda;edd;gapA;pyk,one_of(ptsG|glcP),5,9,0.6923076923076923,0.8,1.0
FW_TWAS_rep_2,GCA_005518185.1,0.00438670490973511,X_aa,0.705,false,true,general_amino_acid_catabolism,partial,dppA;dtpT;gdh;ilvE;oppA;tdcB,one_of(pfor),6,7,0.9,0.6666666666666666,1.0
FW_TWAS_rep_2,GCA_005518185.1,0.00438670490973511,X_fa,1.0,true,true,lcfa_beta_oxidation,high,etfA;etfB;fadA;fadB;fadD;fadE,"",6,6,1.0,1.0,1.0
FW_TWAS_rep_2,GCA_005518185.1,0.00438670490973511,X_ac_et,0.9333333333333333,true,true,ethanol_acetate_chain_initiation,high,acs;adh;adhE;aldh;bcd;crt;etfA;etfB;hbd;pta;thl,"",11,12,0.9333333333333333,1.0,1.0
FW_TWAS_rep_2,GCA_005518185.1,0.00438670490973511,X_ac_lac,0.0,false,true,lactate_acetate_chain_initiation,none,acs;bcd;crt;etfA;etfB;hbd;pta;thl,lctD;one_of(lctB|lctC);one_of(pfor),8,13,0.625,0.625,0.8888888888888888
FW_TWAS_rep_2,GCA_005518185.1,0.00438670490973511,X_chain_et,1.0,true,true,ethanol_reverse_beta_oxidation,high,adh;adhE;aldh;bcd;cat;crt;etfA;etfB;hbd;thl,"",10,10,1.0,1.0,1.0
FW_TWAS_rep_2,GCA_005518185.1,0.00438670490973511,X_chain_lac,0.0,false,true,lactate_reverse_beta_oxidation,none,bcd;cat;crt;etfA;etfB;hbd;thl,lctD;one_of(lctB|lctC);one_of(pfor),7,11,0.6428571428571429,0.7,0.7777777777777778
FW_TWAS_rep_2,GCA_005518185.1,0.00438670490973511,X_VFA_deg,0.9285714285714286,true,true,syntrophic_propionate_mmc,high,fdhA;fumB;hydA;mdh;mmcE;mmcF;mmcG;sucC;sucD,"",9,10,0.9285714285714286,1.0,1.0
FW_TWAS_rep_2,GCA_005518185.1,0.00438670490973511,X_Me_ac,0.0,false,true,acetoclastic_ack_pta,none,pta,mcrA;ackA;one_of(cdhC|cdhD|cdhE),1,8,0.1111111111111111,0.25,0.2
FW_TWAS_rep_2,GCA_005518185.1,0.00438670490973511,X_Me_CO2,0.0,false,true,hydrogenotrophic_core,none,mer,mcrA;one_of(fwdA);one_of(ftr);one_of(mch),1,8,0.1111111111111111,0.2,0.16666666666666666
FW_TWAS_rep_2,GCA_005518185.1,0.00438670490973511,X_et,0.9,true,true,ethanol_to_acetyl_coa,high,acs;adh;adhE;aldh;pta,"",5,6,0.9,1.0,1.0
FW_TWAS_rep_2,GCA_005518185.1,0.00438670490973511,X_lac,0.0,false,true,lactate_to_pyruvate,none,"",lctD;pfor;one_of(lctB|lctC|rnfB),0,5,0.0,0.0,0.0
FW_TWAS_rep_2,GCA_048499395.1,0.004344525054833811,X_ch,0.8571428571428571,true,true,starch_utilization,medium,agl;cazy_GH13;susC,"",3,4,0.8571428571428571,1.0,1.0
FW_TWAS_rep_2,GCA_048499395.1,0.004344525054833811,X_pr,0.9090909090909091,true,true,proteolysis_and_peptide_import,high,dtpT;endopeptidase;extracellular_protease;oppA;oppB;pepN,"",6,7,0.9090909090909091,1.0,1.0
FW_TWAS_rep_2,GCA_048499395.1,0.004344525054833811,X_li,0.5833333333333334,true,true,lipolysis,low,acylglycerol_lipase;esterase;fadD;lysophospholipase,"",4,6,0.5833333333333334,1.0,1.0
FW_TWAS_rep_2,GCA_048499395.1,0.004344525054833811,X_su,0.8461538461538461,true,true,entner_doudoroff,medium,adhE;eda;edd;gapA;glcP;pfor;pyk,"",7,9,0.8461538461538461,1.0,1.0
FW_TWAS_rep_2,GCA_048499395.1,0.004344525054833811,X_aa,1.0,true,true,general_amino_acid_catabolism,high,dppA;dtpT;gdh;ilvE;oppA;pfor;tdcB,"",7,7,1.0,1.0,1.0
FW_TWAS_rep_2,GCA_048499395.1,0.004344525054833811,X_fa,1.0,true,true,lcfa_beta_oxidation,high,etfA;etfB;fadA;fadB;fadD;fadE,"",6,6,1.0,1.0,1.0
FW_TWAS_rep_2,GCA_048499395.1,0.004344525054833811,X_ac_et,1.0,true,true,ethanol_acetate_chain_initiation,high,ackA;acs;adh;adhE;aldh;bcd;crt;etfA;etfB;hbd;pta;thl,"",12,12,1.0,1.0,1.0
FW_TWAS_rep_2,GCA_048499395.1,0.004344525054833811,X_ac_lac,0.0,false,true,lactate_acetate_chain_initiation,none,ackA;acs;bcd;crt;etfA;etfB;hbd;lctB;lctC;pfor;pta;thl,lctD,12,13,0.875,0.875,1.0
FW_TWAS_rep_2,GCA_048499395.1,0.004344525054833811,X_chain_et,0.0,false,true,ethanol_reverse_beta_oxidation,none,adh;adhE;aldh;bcd;crt;etfA;etfB;hbd;thl,cat,9,10,0.8461538461538461,0.8888888888888888,1.0
FW_TWAS_rep_2,GCA_048499395.1,0.004344525054833811,X_chain_lac,0.0,false,true,lactate_reverse_beta_oxidation,none,bcd;crt;etfA;etfB;hbd;lctB;lctC;pfor;thl,cat;lctD,9,11,0.7142857142857143,0.8,1.0
FW_TWAS_rep_2,GCA_048499395.1,0.004344525054833811,X_VFA_deg,1.0,true,true,syntrophic_propionate_mmc,high,fdhA;fumB;hydA;mdh;mmcE;mmcF;mmcG;pfor;sucC;sucD,"",10,10,1.0,1.0,1.0
FW_TWAS_rep_2,GCA_048499395.1,0.004344525054833811,X_Me_ac,0.0,false,true,acetoclastic_ack_pta,none,ackA;pta,mcrA;one_of(cdhC|cdhD|cdhE),2,8,0.2222222222222222,0.5,0.4
FW_TWAS_rep_2,GCA_048499395.1,0.004344525054833811,X_Me_CO2,0.0,false,true,hydrogenotrophic_core,none,fwdA,mcrA;one_of(ftr);one_of(mch);one_of(mtd|mer),1,8,0.1111111111111111,0.2,0.16666666666666666
FW_TWAS_rep_2,GCA_048499395.1,0.004344525054833811,X_et,1.0,true,true,ethanol_to_acetyl_coa,high,ackA;acs;adh;adhE;aldh;pta,"",6,6,1.0,1.0,1.0
FW_TWAS_rep_2,GCA_048499395.1,0.004344525054833811,X_lac,0.4895833333333333,false,true,lactate_to_pyruvate,partial,lctB;lctC;pfor;rnfB,lctD,4,5,0.625,0.6666666666666666,1.0
FW_TWAS_rep_2,GCA_041910895.1,0.005778640121477982,X_ch,0.06508928571428572,false,true,starch_utilization,partial,susC,cazy_GH13,1,4,0.14285714285714285,0.5,0.5
FW_TWAS_rep_2,GCA_041910895.1,0.005778640121477982,X_pr,0.6470588235294118,true,true,peptide_scavenging,low,dppA;dtpT;endopeptidase;oppA;pepA;pepN;pepQ,"",7,13,0.6470588235294118,1.0,1.0
FW_TWAS_rep_2,GCA_041910895.1,0.005778640121477982,X_li,0.75,true,true,lipolysis,medium,acylglycerol_lipase;fadD;lipase;lysophospholipase,"",4,6,0.75,1.0,1.0
FW_TWAS_rep_2,GCA_041910895.1,0.005778640121477982,X_su,0.7692307692307693,true,true,entner_doudoroff,medium,adhE;eda;edd;gapA;glcP;pyk,"",6,9,0.7692307692307693,1.0,1.0
FW_TWAS_rep_2,GCA_041910895.1,0.005778640121477982,X_aa,0.705,false,true,general_amino_acid_catabolism,partial,dppA;dtpT;gdh;ilvE;oppA;tdcB,one_of(pfor),6,7,0.9,0.6666666666666666,1.0
FW_TWAS_rep_2,GCA_041910895.1,0.005778640121477982,X_fa,1.0,true,true,lcfa_beta_oxidation,high,etfA;etfB;fadA;fadB;fadD;fadE,"",6,6,1.0,1.0,1.0
FW_TWAS_rep_2,GCA_041910895.1,0.005778640121477982,X_ac_et,0.9333333333333333,true,true,ethanol_acetate_chain_initiation,high,ackA;acs;adh;adhE;aldh;bcd;crt;etfA;etfB;hbd;thl,"",11,12,0.9333333333333333,1.0,1.0
FW_TWAS_rep_2,GCA_041910895.1,0.005778640121477982,X_ac_lac,0.0,false,true,lactate_acetate_chain_initiation,none,ackA;acs;bcd;crt;etfA;etfB;hbd;thl,lctD;one_of(lctB|lctC);one_of(pfor),8,13,0.625,0.625,0.8888888888888888
FW_TWAS_rep_2,GCA_041910895.1,0.005778640121477982,X_chain_et,1.0,true,true,ethanol_reverse_beta_oxidation,high,adh;adhE;aldh;bcd;cat;crt;etfA;etfB;hbd;thl,"",10,10,1.0,1.0,1.0
FW_TWAS_rep_2,GCA_041910895.1,0.005778640121477982,X_chain_lac,0.0,false,true,lactate_reverse_beta_oxidation,none,bcd;cat;crt;etfA;etfB;hbd;thl,lctD;one_of(lctB|lctC);one_of(pfor),7,11,0.6428571428571429,0.7,0.7777777777777778
FW_TWAS_rep_2,GCA_041910895.1,0.005778640121477982,X_VFA_deg,1.0,true,true,syntrophic_butyrate_oxidation,high,bcd;crt;etfA;etfB;fdhA;hbd;hydA;rnfB;thl,"",9,9,1.0,1.0,1.0
FW_TWAS_rep_2,GCA_041910895.1,0.005778640121477982,X_Me_ac,0.0,false,true,acetoclastic_ack_pta,none,ackA,mcrA;pta;one_of(cdhC|cdhD|cdhE),1,8,0.1111111111111111,0.25,0.2
FW_TWAS_rep_2,GCA_041910895.1,0.005778640121477982,X_Me_CO2,0.0,false,true,hydrogenotrophic_core,none,mer,mcrA;one_of(fwdA);one_of(ftr);one_of(mch),1,8,0.1111111111111111,0.2,0.16666666666666666
FW_TWAS_rep_2,GCA_041910895.1,0.005778640121477982,X_et,0.9,true,true,ethanol_to_acetyl_coa,high,ackA;acs;adh;adhE;aldh,"",5,6,0.9,1.0,1.0
FW_TWAS_rep_2,GCA_041910895.1,0.005778640121477982,X_lac,0.040138888888888884,false,true,lactate_to_pyruvate,partial,rnfB,lctD;pfor,1,5,0.125,0.3333333333333333,0.3333333333333333
FW_TWAS_rep_2,GCA_027492415.1,0.004133625780327316,X_ch,0.06508928571428572,false,true,starch_utilization,partial,susC,cazy_GH13,1,4,0.14285714285714285,0.5,0.5
FW_TWAS_rep_2,GCA_027492415.1,0.004133625780327316,X_pr,0.6470588235294118,true,true,peptide_scavenging,low,dppA;dppB;dppC;oppA;oppB;pepA;pepN;pepQ;pepT,"",9,13,0.6470588235294118,1.0,1.0
FW_TWAS_rep_2,GCA_027492415.1,0.004133625780327316,X_li,0.3333333333333333,false,true,lipolysis,partial,acylglycerol_lipase;fadD,"",2,6,0.3333333333333333,1.0,1.0
FW_TWAS_rep_2,GCA_027492415.1,0.004133625780327316,X_su,0.48636363636363633,false,true,hexose_fermentation,partial,adhE;gapA;pfkA;pfor;pgi;pyk,one_of(ptsG|glcP),6,9,0.5454545454545454,0.8333333333333334,1.0
FW_TWAS_rep_2,GCA_027492415.1,0.004133625780327316,X_aa,0.7,true,true,general_amino_acid_catabolism,medium,dppA;gdh;oppA;pfor;tdcB,"",5,7,0.7,1.0,1.0
FW_TWAS_rep_2,GCA_027492415.1,0.004133625780327316,X_fa,1.0,true,true,lcfa_beta_oxidation,high,etfA;etfB;fadA;fadB;fadD;fadE,"",6,6,1.0,1.0,1.0
FW_TWAS_rep_2,GCA_027492415.1,0.004133625780327316,X_ac_et,0.9333333333333333,true,true,ethanol_acetate_chain_initiation,high,acs;adh;adhE;aldh;bcd;crt;etfA;etfB;hbd;pta;thl,"",11,12,0.9333333333333333,1.0,1.0
FW_TWAS_rep_2,GCA_027492415.1,0.004133625780327316,X_ac_lac,0.0,false,true,lactate_acetate_chain_initiation,none,acs;bcd;crt;etfA;etfB;hbd;pfor;pta;thl,lctD;one_of(lctB|lctC),9,13,0.6875,0.75,1.0
FW_TWAS_rep_2,GCA_027492415.1,0.004133625780327316,X_chain_et,0.0,false,true,ethanol_reverse_beta_oxidation,none,adh;adhE;aldh;bcd;crt;etfA;etfB;hbd;thl,cat,9,10,0.8461538461538461,0.8888888888888888,1.0
FW_TWAS_rep_2,GCA_027492415.1,0.004133625780327316,X_chain_lac,0.0,false,true,lactate_reverse_beta_oxidation,none,bcd;crt;etfA;etfB;hbd;pfor;thl,cat;lctD;one_of(lctB|lctC),7,11,0.5714285714285714,0.7,0.7777777777777778
FW_TWAS_rep_2,GCA_027492415.1,0.004133625780327316,X_VFA_deg,1.0,true,true,syntrophic_butyrate_oxidation,high,bcd;crt;etfA;etfB;fdhA;hbd;hydA;rnfB;thl,"",9,9,1.0,1.0,1.0
FW_TWAS_rep_2,GCA_027492415.1,0.004133625780327316,X_Me_ac,0.0,false,true,acetoclastic_ack_pta,none,pta,mcrA;ackA;one_of(cdhC|cdhD|cdhE),1,8,0.1111111111111111,0.25,0.2
FW_TWAS_rep_2,GCA_027492415.1,0.004133625780327316,X_Me_CO2,0.0,false,true,hydrogenotrophic_core,none,"",mcrA;one_of(fwdA);one_of(ftr);one_of(mch);one_of(mtd|mer),0,8,0.0,0.0,0.0
FW_TWAS_rep_2,GCA_027492415.1,0.004133625780327316,X_et,0.9,true,true,ethanol_to_acetyl_coa,high,acs;adh;adhE;aldh;pta,"",5,6,0.9,1.0,1.0
FW_TWAS_rep_2,GCA_027492415.1,0.004133625780327316,X_lac,0.23010416666666667,false,true,lactate_to_pyruvate,partial,pfor;rnfB,lctD,2,5,0.375,0.6666666666666666,0.6666666666666666
FW_TWAS_rep_2,GCA_963695105.1,0.0037961869411169227,X_ch,0.7142857142857143,true,true,starch_utilization,medium,agl;cazy_GH13,"",2,4,0.7142857142857143,1.0,1.0
FW_TWAS_rep_2,GCA_963695105.1,0.0037961869411169227,X_pr,0.6470588235294118,true,true,peptide_scavenging,low,dppA;dppB;dppC;endopeptidase;oppA;oppB;pepA;pepQ,"",8,13,0.6470588235294118,1.0,1.0
FW_TWAS_rep_2,GCA_963695105.1,0.0037961869411169227,X_li,0.75,true,true,lipolysis,medium,acylglycerol_lipase;fadD;lipase;lysophospholipase,"",4,6,0.75,1.0,1.0
FW_TWAS_rep_2,GCA_963695105.1,0.0037961869411169227,X_su,0.6484848484848486,false,true,hexose_fermentation,partial,adhE;lctD;pfkA;pfor;pgi;ptsG;pyk,gapA,7,9,0.7272727272727273,0.8333333333333334,1.0
FW_TWAS_rep_2,GCA_963695105.1,0.0037961869411169227,X_aa,0.7,true,true,general_amino_acid_catabolism,medium,dppA;gdh;oppA;pfor;tdcB,"",5,7,0.7,1.0,1.0
FW_TWAS_rep_2,GCA_963695105.1,0.0037961869411169227,X_fa,1.0,true,true,lcfa_beta_oxidation,high,etfA;etfB;fadA;fadB;fadD;fadE,"",6,6,1.0,1.0,1.0
FW_TWAS_rep_2,GCA_963695105.1,0.0037961869411169227,X_ac_et,0.9333333333333333,true,true,ethanol_acetate_chain_initiation,high,ackA;acs;adh;adhE;bcd;crt;etfA;etfB;hbd;pta;thl,"",11,12,0.9333333333333333,1.0,1.0
FW_TWAS_rep_2,GCA_963695105.1,0.0037961869411169227,X_ac_lac,1.0,true,true,lactate_acetate_chain_initiation,high,ackA;acs;bcd;crt;etfA;etfB;hbd;lctB;lctC;lctD;pfor;pta;thl,"",13,13,1.0,1.0,1.0
FW_TWAS_rep_2,GCA_963695105.1,0.0037961869411169227,X_chain_et,0.9230769230769231,true,true,ethanol_reverse_beta_oxidation,high,adh;adhE;bcd;cat;crt;etfA;etfB;hbd;thl,"",9,10,0.9230769230769231,1.0,1.0
FW_TWAS_rep_2,GCA_963695105.1,0.0037961869411169227,X_chain_lac,1.0,true,true,lactate_reverse_beta_oxidation,high,bcd;cat;crt;etfA;etfB;hbd;lctB;lctC;lctD;pfor;thl,"",11,11,1.0,1.0,1.0
FW_TWAS_rep_2,GCA_963695105.1,0.0037961869411169227,X_VFA_deg,1.0,true,true,syntrophic_propionate_mmc,high,fdhA;fumB;hydA;mdh;mmcE;mmcF;mmcG;pfor;sucC;sucD,"",10,10,1.0,1.0,1.0
FW_TWAS_rep_2,GCA_963695105.1,0.0037961869411169227,X_Me_ac,0.0,false,true,acetoclastic_ack_pta,none,ackA;cdhC;pta,mcrA,3,8,0.3333333333333333,0.75,0.6
FW_TWAS_rep_2,GCA_963695105.1,0.0037961869411169227,X_Me_CO2,0.0,false,true,hydrogenotrophic_core,none,fwdA,mcrA;one_of(ftr);one_of(mch);one_of(mtd|mer),1,8,0.1111111111111111,0.2,0.16666666666666666
FW_TWAS_rep_2,GCA_963695105.1,0.0037961869411169227,X_et,0.8,true,true,ethanol_to_acetyl_coa,medium,ackA;acs;adh;adhE;pta,"",5,6,0.8,1.0,1.0
FW_TWAS_rep_2,GCA_963695105.1,0.0037961869411169227,X_lac,1.0,true,true,lactate_to_pyruvate,high,lctB;lctC;lctD;pfor;rnfB,"",5,5,1.0,1.0,1.0
FW_TWAS_rep_2,GCA_044227005.1,0.0037540070862156234,X_ch,0.7142857142857143,true,true,starch_utilization,medium,agl;cazy_GH13,"",2,4,0.7142857142857143,1.0,1.0
FW_TWAS_rep_2,GCA_044227005.1,0.0037540070862156234,X_pr,0.8181818181818182,true,true,proteolysis_and_peptide_import,medium,endopeptidase;extracellular_protease;oppA;oppB;pepN,"",5,7,0.8181818181818182,1.0,1.0
FW_TWAS_rep_2,GCA_044227005.1,0.0037540070862156234,X_li,0.5833333333333334,true,true,lipolysis,low,acylglycerol_lipase;esterase;fadD;lysophospholipase,"",4,6,0.5833333333333334,1.0,1.0
FW_TWAS_rep_2,GCA_044227005.1,0.0037540070862156234,X_su,0.7361538461538462,false,true,entner_doudoroff,partial,adhE;eda;edd;gapA;lctD;pfor;pyk,one_of(ptsG|glcP),7,9,0.8461538461538461,0.8,1.0
FW_TWAS_rep_2,GCA_044227005.1,0.0037540070862156234,X_aa,0.7,true,true,general_amino_acid_catabolism,medium,dppA;gdh;oppA;pfor;tdcB,"",5,7,0.7,1.0,1.0
FW_TWAS_rep_2,GCA_044227005.1,0.0037540070862156234,X_fa,1.0,true,true,lcfa_beta_oxidation,high,etfA;etfB;fadA;fadB;fadD;fadE,"",6,6,1.0,1.0,1.0
FW_TWAS_rep_2,GCA_044227005.1,0.0037540070862156234,X_ac_et,0.9333333333333333,true,true,ethanol_acetate_chain_initiation,high,acs;adh;adhE;aldh;bcd;crt;etfA;etfB;hbd;pta;thl,"",11,12,0.9333333333333333,1.0,1.0
FW_TWAS_rep_2,GCA_044227005.1,0.0037540070862156234,X_ac_lac,0.9375,true,true,lactate_acetate_chain_initiation,high,acs;bcd;crt;etfA;etfB;hbd;lctB;lctC;lctD;pfor;pta;thl,"",12,13,0.9375,1.0,1.0
FW_TWAS_rep_2,GCA_044227005.1,0.0037540070862156234,X_chain_et,0.0,false,true,ethanol_reverse_beta_oxidation,none,adh;adhE;aldh;bcd;crt;etfA;etfB;hbd;thl,cat,9,10,0.8461538461538461,0.8888888888888888,1.0
FW_TWAS_rep_2,GCA_044227005.1,0.0037540070862156234,X_chain_lac,0.0,false,true,lactate_reverse_beta_oxidation,none,bcd;crt;etfA;etfB;hbd;lctB;lctC;lctD;pfor;thl,cat,10,11,0.8571428571428571,0.9,1.0
FW_TWAS_rep_2,GCA_044227005.1,0.0037540070862156234,X_VFA_deg,1.0,true,true,syntrophic_butyrate_oxidation,high,bcd;crt;etfA;etfB;fdhA;hbd;hydA;rnfB;thl,"",9,9,1.0,1.0,1.0
FW_TWAS_rep_2,GCA_044227005.1,0.0037540070862156234,X_Me_ac,0.0,false,true,acetoclastic_ack_pta,none,pta,mcrA;ackA;one_of(cdhC|cdhD|cdhE),1,8,0.1111111111111111,0.25,0.2
FW_TWAS_rep_2,GCA_044227005.1,0.0037540070862156234,X_Me_CO2,0.0,false,true,hydrogenotrophic_core,none,fwdA;mer,mcrA;one_of(ftr);one_of(mch),2,8,0.2222222222222222,0.4,0.3333333333333333
FW_TWAS_rep_2,GCA_044227005.1,0.0037540070862156234,X_et,0.9,true,true,ethanol_to_acetyl_coa,high,acs;adh;adhE;aldh;pta,"",5,6,0.9,1.0,1.0
FW_TWAS_rep_2,GCA_044227005.1,0.0037540070862156234,X_lac,1.0,true,true,lactate_to_pyruvate,high,lctB;lctC;lctD;pfor;rnfB,"",5,5,1.0,1.0,1.0
FW_TWAS_rep_2,GCA_964527785.1,0.0034587481019065294,X_ch,0.06508928571428572,false,true,starch_utilization,partial,susC,cazy_GH13,1,4,0.14285714285714285,0.5,0.5
FW_TWAS_rep_2,GCA_964527785.1,0.0034587481019065294,X_pr,0.6470588235294118,true,true,peptide_scavenging,low,dppA;dppB;dppC;oppA;oppB;pepA;pepN;pepQ;pepT,"",9,13,0.6470588235294118,1.0,1.0
FW_TWAS_rep_2,GCA_964527785.1,0.0034587481019065294,X_li,0.75,true,true,lipolysis,medium,acylglycerol_lipase;fadD;lipase;lysophospholipase,"",4,6,0.75,1.0,1.0
FW_TWAS_rep_2,GCA_964527785.1,0.0034587481019065294,X_su,0.48636363636363633,false,true,hexose_fermentation,partial,adhE;gapA;pfkA;pfor;pgi;pyk,one_of(ptsG|glcP),6,9,0.5454545454545454,0.8333333333333334,1.0
FW_TWAS_rep_2,GCA_964527785.1,0.0034587481019065294,X_aa,0.9,true,true,general_amino_acid_catabolism,high,dppA;gdh;ilvE;oppA;pfor;tdcB,"",6,7,0.9,1.0,1.0
FW_TWAS_rep_2,GCA_964527785.1,0.0034587481019065294,X_fa,1.0,true,true,lcfa_beta_oxidation,high,etfA;etfB;fadA;fadB;fadD;fadE,"",6,6,1.0,1.0,1.0
FW_TWAS_rep_2,GCA_964527785.1,0.0034587481019065294,X_ac_et,0.8666666666666667,true,true,ethanol_acetate_chain_initiation,medium,acs;adh;adhE;bcd;crt;etfA;etfB;hbd;pta;thl,"",10,12,0.8666666666666667,1.0,1.0
FW_TWAS_rep_2,GCA_964527785.1,0.0034587481019065294,X_ac_lac,0.0,false,true,lactate_acetate_chain_initiation,none,acs;bcd;crt;etfA;etfB;hbd;pfor;pta;thl,lctD;one_of(lctB|lctC),9,13,0.6875,0.75,1.0
FW_TWAS_rep_2,GCA_964527785.1,0.0034587481019065294,X_chain_et,0.0,false,true,ethanol_reverse_beta_oxidation,none,adh;adhE;bcd;crt;etfA;etfB;hbd;thl,cat,8,10,0.7692307692307693,0.8888888888888888,1.0
FW_TWAS_rep_2,GCA_964527785.1,0.0034587481019065294,X_chain_lac,0.0,false,true,lactate_reverse_beta_oxidation,none,bcd;crt;etfA;etfB;hbd;pfor;thl,cat;lctD;one_of(lctB|lctC),7,11,0.5714285714285714,0.7,0.7777777777777778
FW_TWAS_rep_2,GCA_964527785.1,0.0034587481019065294,X_VFA_deg,0.853125,false,true,syntrophic_propionate_mmc,partial,fdhA;hydA;mdh;mmcE;mmcF;mmcG;pfor;sucC;sucD,one_of(fumB),9,10,0.9285714285714286,0.875,1.0
FW_TWAS_rep_2,GCA_964527785.1,0.0034587481019065294,X_Me_ac,0.0,false,true,acetoclastic_ack_pta,none,pta,mcrA;ackA;one_of(cdhC|cdhD|cdhE),1,8,0.1111111111111111,0.25,0.2
FW_TWAS_rep_2,GCA_964527785.1,0.0034587481019065294,X_Me_CO2,0.0,false,true,hydrogenotrophic_core,none,fwdA,mcrA;one_of(ftr);one_of(mch);one_of(mtd|mer),1,8,0.1111111111111111,0.2,0.16666666666666666
FW_TWAS_rep_2,GCA_964527785.1,0.0034587481019065294,X_et,0.7,true,true,ethanol_to_acetyl_coa,medium,acs;adh;adhE;pta,"",4,6,0.7,1.0,1.0
FW_TWAS_rep_2,GCA_964527785.1,0.0034587481019065294,X_lac,0.08027777777777777,false,true,lactate_to_pyruvate,partial,pfor,lctD;one_of(lctB|lctC|rnfB),1,5,0.25,0.3333333333333333,0.3333333333333333
FW_TWAS_rep_2,GCA_044229175.1,0.002994769697992239,X_ch,0.11390625000000001,false,true,xylan_utilization,partial,xylA;xylB,one_of(cazy_GH10|cazy_GH11);one_of(cazy_GH43|cazy_CBM6),2,6,0.25,0.5,0.5
FW_TWAS_rep_2,GCA_044229175.1,0.002994769697992239,X_pr,0.8823529411764706,true,true,peptide_scavenging,medium,dppA;dppB;dppC;dtpT;oppA;oppB;pepA;pepD;pepN;pepO;pepQ;pepT,"",12,13,0.8823529411764706,1.0,1.0
FW_TWAS_rep_2,GCA_044229175.1,0.002994769697992239,X_li,0.8333333333333334,true,true,lipolysis,medium,acylglycerol_lipase;esterase;fadD;lipase;lysophospholipase,"",5,6,0.8333333333333334,1.0,1.0
FW_TWAS_rep_2,GCA_044229175.1,0.002994769697992239,X_su,0.6692307692307693,false,true,entner_doudoroff,partial,adhE;eda;edd;gapA;pfor;pyk,one_of(ptsG|glcP),6,9,0.7692307692307693,0.8,1.0
FW_TWAS_rep_2,GCA_044229175.1,0.002994769697992239,X_aa,1.0,true,true,general_amino_acid_catabolism,high,dppA;dtpT;gdh;ilvE;oppA;pfor;tdcB,"",7,7,1.0,1.0,1.0
FW_TWAS_rep_2,GCA_044229175.1,0.002994769697992239,X_fa,1.0,true,true,lcfa_beta_oxidation,high,etfA;etfB;fadA;fadB;fadD;fadE,"",6,6,1.0,1.0,1.0
FW_TWAS_rep_2,GCA_044229175.1,0.002994769697992239,X_ac_et,0.9333333333333333,true,true,ethanol_acetate_chain_initiation,high,acs;adh;adhE;aldh;bcd;crt;etfA;etfB;hbd;pta;thl,"",11,12,0.9333333333333333,1.0,1.0
FW_TWAS_rep_2,GCA_044229175.1,0.002994769697992239,X_ac_lac,0.0,false,true,lactate_acetate_chain_initiation,none,acs;bcd;crt;etfA;etfB;hbd;lctC;pfor;pta;thl,lctD,10,13,0.75,0.875,1.0
FW_TWAS_rep_2,GCA_044229175.1,0.002994769697992239,X_chain_et,1.0,true,true,ethanol_reverse_beta_oxidation,high,adh;adhE;aldh;bcd;cat;crt;etfA;etfB;hbd;thl,"",10,10,1.0,1.0,1.0
FW_TWAS_rep_2,GCA_044229175.1,0.002994769697992239,X_chain_lac,0.0,false,true,lactate_reverse_beta_oxidation,none,bcd;cat;crt;etfA;etfB;hbd;lctC;pfor;thl,lctD,9,11,0.7857142857142857,0.9,1.0
FW_TWAS_rep_2,GCA_044229175.1,0.002994769697992239,X_VFA_deg,1.0,true,true,syntrophic_butyrate_oxidation,high,bcd;crt;etfA;etfB;fdhA;hbd;hydA;rnfB;thl,"",9,9,1.0,1.0,1.0
FW_TWAS_rep_2,GCA_044229175.1,0.002994769697992239,X_Me_ac,0.0,false,true,acetoclastic_ack_pta,none,pta,mcrA;ackA;one_of(cdhC|cdhD|cdhE),1,8,0.1111111111111111,0.25,0.2
FW_TWAS_rep_2,GCA_044229175.1,0.002994769697992239,X_Me_CO2,0.0,false,true,hydrogenotrophic_core,none,fwdA,mcrA;one_of(ftr);one_of(mch);one_of(mtd|mer),1,8,0.1111111111111111,0.2,0.16666666666666666
FW_TWAS_rep_2,GCA_044229175.1,0.002994769697992239,X_et,0.9,true,true,ethanol_to_acetyl_coa,high,acs;adh;adhE;aldh;pta,"",5,6,0.9,1.0,1.0
FW_TWAS_rep_2,GCA_044229175.1,0.002994769697992239,X_lac,0.39166666666666666,false,true,lactate_to_pyruvate,partial,lctC;pfor;rnfB,lctD,3,5,0.5,0.6666666666666666,1.0
FW_TWAS_rep_2,GCA_963748985.1,0.0028682301332883416,X_ch,0.7142857142857143,true,true,starch_utilization,medium,agl;cazy_GH13,"",2,4,0.7142857142857143,1.0,1.0
FW_TWAS_rep_2,GCA_963748985.1,0.0028682301332883416,X_pr,0.7647058823529411,true,true,peptide_scavenging,medium,dppA;dppB;dppC;dtpT;oppA;oppB;pepA;pepD;pepO;pepQ,"",10,13,0.7647058823529411,1.0,1.0
FW_TWAS_rep_2,GCA_963748985.1,0.0028682301332883416,X_li,0.5,true,true,lipolysis,low,acylglycerol_lipase;fadD;lysophospholipase,"",3,6,0.5,1.0,1.0
FW_TWAS_rep_2,GCA_963748985.1,0.0028682301332883416,X_su,0.8461538461538461,true,true,entner_doudoroff,medium,adhE;eda;edd;gapA;glcP;pfor;pyk,"",7,9,0.8461538461538461,1.0,1.0
FW_TWAS_rep_2,GCA_963748985.1,0.0028682301332883416,X_aa,1.0,true,true,general_amino_acid_catabolism,high,dppA;dtpT;gdh;ilvE;oppA;pfor;tdcB,"",7,7,1.0,1.0,1.0
FW_TWAS_rep_2,GCA_963748985.1,0.0028682301332883416,X_fa,0.9,true,true,lcfa_beta_oxidation,high,etfA;fadA;fadB;fadD;fadE,"",5,6,0.9,1.0,1.0
FW_TWAS_rep_2,GCA_963748985.1,0.0028682301332883416,X_ac_et,0.0,false,true,ethanol_acetate_chain_initiation,none,acs;adh;adhE;aldh;bcd;crt;etfA;hbd;pta;thl,etfB,10,12,0.8666666666666667,0.8571428571428571,1.0
FW_TWAS_rep_2,GCA_963748985.1,0.0028682301332883416,X_ac_lac,0.0,false,true,lactate_acetate_chain_initiation,none,acs;bcd;crt;etfA;hbd;lctB;pfor;pta;thl,etfB;lctD,9,13,0.6875,0.75,1.0
FW_TWAS_rep_2,GCA_963748985.1,0.0028682301332883416,X_chain_et,0.0,false,true,ethanol_reverse_beta_oxidation,none,adh;adhE;aldh;bcd;crt;etfA;hbd;thl,etfB;cat,8,10,0.7692307692307693,0.7777777777777778,1.0
FW_TWAS_rep_2,GCA_963748985.1,0.0028682301332883416,X_chain_lac,0.0,false,true,lactate_reverse_beta_oxidation,none,bcd;crt;etfA;hbd;lctB;pfor;thl,etfB;cat;lctD,7,11,0.5714285714285714,0.7,0.7777777777777778
FW_TWAS_rep_2,GCA_963748985.1,0.0028682301332883416,X_VFA_deg,0.853125,false,true,syntrophic_propionate_mmc,partial,fdhA;fumB;hydA;mdh;mmcE;mmcF;pfor;sucC;sucD,mmcG,9,10,0.9285714285714286,0.875,1.0
FW_TWAS_rep_2,GCA_963748985.1,0.0028682301332883416,X_Me_ac,0.0,false,true,acetoclastic_ack_pta,none,cdhC;pta,mcrA;ackA,2,8,0.2222222222222222,0.5,0.4
FW_TWAS_rep_2,GCA_963748985.1,0.0028682301332883416,X_Me_CO2,0.0,false,true,hydrogenotrophic_core,none,mer,mcrA;one_of(fwdA);one_of(ftr);one_of(mch),1,8,0.1111111111111111,0.2,0.16666666666666666
FW_TWAS_rep_2,GCA_963748985.1,0.0028682301332883416,X_et,0.9,true,true,ethanol_to_acetyl_coa,high,acs;adh;adhE;aldh;pta,"",5,6,0.9,1.0,1.0
FW_TWAS_rep_2,GCA_963748985.1,0.0028682301332883416,X_lac,0.39166666666666666,false,true,lactate_to_pyruvate,partial,lctB;pfor;rnfB,lctD,3,5,0.5,0.6666666666666666,1.0
FW_TWAS_rep_2,GCA_044224815.1,0.0026995107136831447,X_ch,0.7142857142857143,true,true,starch_utilization,medium,agl;cazy_GH13,"",2,4,0.7142857142857143,1.0,1.0
FW_TWAS_rep_2,GCA_044224815.1,0.0026995107136831447,X_pr,1.0,true,true,peptide_scavenging,high,dppA;dppB;dppC;dtpT;endopeptidase;oppA;oppB;pepA;pepD;pepN;pepO;pepQ;pepT,"",13,13,1.0,1.0,1.0
FW_TWAS_rep_2,GCA_044224815.1,0.0026995107136831447,X_li,0.75,true,true,lipolysis,medium,acylglycerol_lipase;fadD;lipase;lysophospholipase,"",4,6,0.75,1.0,1.0
FW_TWAS_rep_2,GCA_044224815.1,0.0026995107136831447,X_su,0.7272727272727273,true,true,hexose_fermentation,medium,adhE;gapA;glcP;pfkA;pfor;pgi;pyk,"",7,9,0.7272727272727273,1.0,1.0
FW_TWAS_rep_2,GCA_044224815.1,0.0026995107136831447,X_aa,1.0,true,true,general_amino_acid_catabolism,high,dppA;dtpT;gdh;ilvE;oppA;pfor;tdcB,"",7,7,1.0,1.0,1.0
FW_TWAS_rep_2,GCA_044224815.1,0.0026995107136831447,X_fa,1.0,true,true,lcfa_beta_oxidation,high,etfA;etfB;fadA;fadB;fadD;fadE,"",6,6,1.0,1.0,1.0
FW_TWAS_rep_2,GCA_044224815.1,0.0026995107136831447,X_ac_et,0.8666666666666667,true,true,ethanol_acetate_chain_initiation,medium,acs;adh;adhE;bcd;crt;etfA;etfB;hbd;pta;thl,"",10,12,0.8666666666666667,1.0,1.0
FW_TWAS_rep_2,GCA_044224815.1,0.0026995107136831447,X_ac_lac,0.0,false,true,lactate_acetate_chain_initiation,none,acs;bcd;crt;etfA;etfB;hbd;lctB;pfor;pta;thl,lctD,10,13,0.75,0.875,1.0
FW_TWAS_rep_2,GCA_044224815.1,0.0026995107136831447,X_chain_et,0.9230769230769231,true,true,ethanol_reverse_beta_oxidation,high,adh;adhE;bcd;cat;crt;etfA;etfB;hbd;thl,"",9,10,0.9230769230769231,1.0,1.0
FW_TWAS_rep_2,GCA_044224815.1,0.0026995107136831447,X_chain_lac,0.0,false,true,lactate_reverse_beta_oxidation,none,bcd;cat;crt;etfA;etfB;hbd;lctB;pfor;thl,lctD,9,11,0.7857142857142857,0.9,1.0
FW_TWAS_rep_2,GCA_044224815.1,0.0026995107136831447,X_VFA_deg,1.0,true,true,syntrophic_propionate_mmc,high,fdhA;fumB;hydA;mdh;mmcE;mmcF;mmcG;pfor;sucC;sucD,"",10,10,1.0,1.0,1.0
FW_TWAS_rep_2,GCA_044224815.1,0.0026995107136831447,X_Me_ac,0.0,false,true,acetoclastic_ack_pta,none,mtrA;pta,mcrA;ackA;one_of(cdhC|cdhD|cdhE),2,8,0.2222222222222222,0.25,0.4
FW_TWAS_rep_2,GCA_044224815.1,0.0026995107136831447,X_Me_CO2,0.0,false,true,hydrogenotrophic_core,none,fwdA;mer;mtrA,mcrA;one_of(ftr);one_of(mch),3,8,0.3333333333333333,0.4,0.5
FW_TWAS_rep_2,GCA_044224815.1,0.0026995107136831447,X_et,0.7,true,true,ethanol_to_acetyl_coa,medium,acs;adh;adhE;pta,"",4,6,0.7,1.0,1.0
FW_TWAS_rep_2,GCA_044224815.1,0.0026995107136831447,X_lac,0.39166666666666666,false,true,lactate_to_pyruvate,partial,lctB;pfor;rnfB,lctD,3,5,0.5,0.6666666666666666,1.0
FW_TWAS_rep_2,GCA_937869105.1,0.0026151510038805465,X_ch,1.0,true,true,starch_utilization,high,agl;cazy_GH13;susC;susD,"",4,4,1.0,1.0,1.0
FW_TWAS_rep_2,GCA_937869105.1,0.0026151510038805465,X_pr,0.7272727272727273,true,true,proteolysis_and_peptide_import,medium,dtpT;endopeptidase;extracellular_protease;pepN;pepO,"",5,7,0.7272727272727273,1.0,1.0
FW_TWAS_rep_2,GCA_937869105.1,0.0026151510038805465,X_li,0.75,true,true,lipolysis,medium,acylglycerol_lipase;fadD;lipase;lysophospholipase,"",4,6,0.75,1.0,1.0
FW_TWAS_rep_2,GCA_937869105.1,0.0026151510038805465,X_su,0.8461538461538461,true,true,entner_doudoroff,medium,adhE;eda;edd;gapA;glcP;pfor;pyk,"",7,9,0.8461538461538461,1.0,1.0
FW_TWAS_rep_2,GCA_937869105.1,0.0026151510038805465,X_aa,0.8,true,true,general_amino_acid_catabolism,medium,dtpT;gdh;ilvE;pfor;tdcB,"",5,7,0.8,1.0,1.0
FW_TWAS_rep_2,GCA_937869105.1,0.0026151510038805465,X_fa,1.0,true,true,lcfa_beta_oxidation,high,etfA;etfB;fadA;fadB;fadD;fadE,"",6,6,1.0,1.0,1.0
FW_TWAS_rep_2,GCA_937869105.1,0.0026151510038805465,X_ac_et,1.0,true,true,ethanol_acetate_chain_initiation,high,ackA;acs;adh;adhE;aldh;bcd;crt;etfA;etfB;hbd;pta;thl,"",12,12,1.0,1.0,1.0
FW_TWAS_rep_2,GCA_937869105.1,0.0026151510038805465,X_ac_lac,0.0,false,true,lactate_acetate_chain_initiation,none,ackA;acs;bcd;crt;etfA;etfB;hbd;lctB;pfor;pta;thl,lctD,11,13,0.8125,0.875,1.0
FW_TWAS_rep_2,GCA_937869105.1,0.0026151510038805465,X_chain_et,1.0,true,true,ethanol_reverse_beta_oxidation,high,adh;adhE;aldh;bcd;cat;crt;etfA;etfB;hbd;thl,"",10,10,1.0,1.0,1.0
FW_TWAS_rep_2,GCA_937869105.1,0.0026151510038805465,X_chain_lac,0.0,false,true,lactate_reverse_beta_oxidation,none,bcd;cat;crt;etfA;etfB;hbd;lctB;pfor;thl,lctD,9,11,0.7857142857142857,0.9,1.0
FW_TWAS_rep_2,GCA_937869105.1,0.0026151510038805465,X_VFA_deg,1.0,true,true,syntrophic_butyrate_oxidation,high,bcd;crt;etfA;etfB;fdhA;hbd;hydA;rnfB;thl,"",9,9,1.0,1.0,1.0
FW_TWAS_rep_2,GCA_937869105.1,0.0026151510038805465,X_Me_ac,0.0,false,true,acetoclastic_ack_pta,none,ackA;pta,mcrA;one_of(cdhC|cdhD|cdhE),2,8,0.2222222222222222,0.5,0.4
FW_TWAS_rep_2,GCA_937869105.1,0.0026151510038805465,X_Me_CO2,0.0,false,true,hydrogenotrophic_core,none,fwdA;mer,mcrA;one_of(ftr);one_of(mch),2,8,0.2222222222222222,0.4,0.3333333333333333
FW_TWAS_rep_2,GCA_937869105.1,0.0026151510038805465,X_et,1.0,true,true,ethanol_to_acetyl_coa,high,ackA;acs;adh;adhE;aldh;pta,"",6,6,1.0,1.0,1.0
FW_TWAS_rep_2,GCA_937869105.1,0.0026151510038805465,X_lac,0.39166666666666666,false,true,lactate_to_pyruvate,partial,lctB;pfor;rnfB,lctD,3,5,0.5,0.6666666666666666,1.0
FW_TWAS_rep_2,GCA_963814475.1,0.0024886114391766494,X_ch,0.06508928571428572,false,true,starch_utilization,partial,susC,cazy_GH13,1,4,0.14285714285714285,0.5,0.5
FW_TWAS_rep_2,GCA_963814475.1,0.0024886114391766494,X_pr,1.0,true,true,proteolysis_and_peptide_import,high,dtpT;endopeptidase;extracellular_protease;oppA;oppB;pepN;pepO,"",7,7,1.0,1.0,1.0
FW_TWAS_rep_2,GCA_963814475.1,0.0024886114391766494,X_li,0.6666666666666666,true,true,lipolysis,low,acylglycerol_lipase;fadD;lysophospholipase;phospholipase,"",4,6,0.6666666666666666,1.0,1.0
FW_TWAS_rep_2,GCA_963814475.1,0.0024886114391766494,X_su,0.12426136363636364,false,true,hexose_fermentation,partial,pfkA;pfor;pyk,pgi;gapA;one_of(ptsG|glcP),3,9,0.2727272727272727,0.5,0.5
FW_TWAS_rep_2,GCA_963814475.1,0.0024886114391766494,X_aa,0.8,true,true,general_amino_acid_catabolism,medium,dppA;dtpT;gdh;oppA;pfor;tdcB,"",6,7,0.8,1.0,1.0
FW_TWAS_rep_2,GCA_963814475.1,0.0024886114391766494,X_fa,1.0,true,true,lcfa_beta_oxidation,high,etfA;etfB;fadA;fadB;fadD;fadE,"",6,6,1.0,1.0,1.0
FW_TWAS_rep_2,GCA_963814475.1,0.0024886114391766494,X_ac_et,0.0,false,true,ethanol_acetate_chain_initiation,none,acs;adh;bcd;crt;etfA;etfB;hbd;thl,one_of(adhE|aldh),8,12,0.6666666666666666,0.8571428571428571,1.0
FW_TWAS_rep_2,GCA_963814475.1,0.0024886114391766494,X_ac_lac,0.0,false,true,lactate_acetate_chain_initiation,none,acs;bcd;crt;etfA;etfB;hbd;lctB;lctC;pfor;thl,lctD,10,13,0.75,0.875,1.0
FW_TWAS_rep_2,GCA_963814475.1,0.0024886114391766494,X_chain_et,0.0,false,true,ethanol_reverse_beta_oxidation,none,adh;bcd;cat;crt;etfA;etfB;hbd;thl,one_of(adhE|aldh),8,10,0.7692307692307693,0.8888888888888888,1.0
FW_TWAS_rep_2,GCA_963814475.1,0.0024886114391766494,X_chain_lac,0.0,false,true,lactate_reverse_beta_oxidation,none,bcd;cat;crt;etfA;etfB;hbd;lctB;lctC;pfor;thl,lctD,10,11,0.8571428571428571,0.9,1.0
FW_TWAS_rep_2,GCA_963814475.1,0.0024886114391766494,X_VFA_deg,0.7218749999999999,false,true,syntrophic_propionate_mmc,partial,hydA;mdh;mmcE;mmcF;mmcG;pfor;sucC;sucD,one_of(fumB),8,10,0.7857142857142857,0.875,1.0
FW_TWAS_rep_2,GCA_963814475.1,0.0024886114391766494,X_Me_ac,0.0,false,true,acetoclastic_acs,none,acs,forbidden(mvhG);mcrA;one_of(cdhC|cdhD|cdhE),1,7,0.2222222222222222,0.3333333333333333,0.25
FW_TWAS_rep_2,GCA_963814475.1,0.0024886114391766494,X_Me_CO2,0.0,false,true,hydrogenotrophic_core,none,"",mcrA;one_of(fwdA);one_of(ftr);one_of(mch);one_of(mtd|mer),0,8,0.0,0.0,0.0
FW_TWAS_rep_2,GCA_963814475.1,0.0024886114391766494,X_et,0.18408333333333332,false,true,ethanol_to_acetyl_coa,partial,acs;adh,one_of(adhE|aldh),2,6,0.3,0.6666666666666666,0.6666666666666666
FW_TWAS_rep_2,GCA_963814475.1,0.0024886114391766494,X_lac,0.39166666666666666,false,true,lactate_to_pyruvate,partial,lctB;lctC;pfor,lctD,3,5,0.5,0.6666666666666666,1.0
FW_TWAS_rep_2,GCA_036839835.1,0.002404251729374051,X_ch,0.040138888888888884,false,true,cellulose_utilization,partial,bgl,one_of(cazy_GH5|cazy_GH9|cazy_GH48);one_of(cazy_CBM3|cazy_GH48),1,5,0.125,0.3333333333333333,0.3333333333333333
FW_TWAS_rep_2,GCA_036839835.1,0.002404251729374051,X_pr,0.3225490196078431,false,true,peptide_scavenging,partial,dppA;oppA;pepD;pepN;pepQ,one_of(oppB|dppB|dppC|dtpT),5,13,0.4117647058823529,0.6666666666666666,1.0
FW_TWAS_rep_2,GCA_036839835.1,0.002404251729374051,X_li,0.0,false,true,lipolysis,none,"",one_of(lipase|lysophospholipase|acylglycerol_lipase|phospholipase);one_of(fadD|esterase),0,6,0.0,0.0,0.0
FW_TWAS_rep_2,GCA_036839835.1,0.002404251729374051,X_su,0.1656818181818182,false,true,hexose_fermentation,partial,gapA;glcP;pyk,pgi;pfkA;one_of(pfor|adhE|lctD),3,9,0.36363636363636365,0.5,0.5
FW_TWAS_rep_2,GCA_036839835.1,0.002404251729374051,X_aa,0.08877777777777779,false,true,general_amino_acid_catabolism,partial,dppA;oppA,one_of(gdh|ilvE|tdcB);one_of(pfor),2,7,0.2,0.3333333333333333,0.6666666666666666
FW_TWAS_rep_2,GCA_036839835.1,0.002404251729374051,X_fa,0.0,false,true,lcfa_beta_oxidation,none,"",fadD;fadE;fadB;fadA;one_of(etfA|etfB),0,6,0.0,0.0,0.0
FW_TWAS_rep_2,GCA_036839835.1,0.002404251729374051,X_ac_et,0.0,false,true,ethanol_acetate_chain_initiation,none,crt,thl;bcd;etfA;etfB;one_of(acs|ackA|pta);one_of(adhE|adh);one_of(adhE|aldh),1,12,0.06666666666666667,0.0,0.125
FW_TWAS_rep_2,GCA_036839835.1,0.002404251729374051,X_ac_lac,0.0,false,true,lactate_acetate_chain_initiation,none,crt,thl;bcd;etfA;etfB;lctD;one_of(acs|ackA|pta);one_of(lctB|lctC);one_of(pfor),1,13,0.0625,0.0,0.1111111111111111
FW_TWAS_rep_2,GCA_036839835.1,0.002404251729374051,X_chain_et,0.0,false,true,ethanol_reverse_beta_oxidation,none,crt,bcd;etfA;etfB;cat;one_of(thl);one_of(hbd);one_of(adhE|adh);one_of(adhE|aldh),1,10,0.07692307692307693,0.1111111111111111,0.125
FW_TWAS_rep_2,GCA_036839835.1,0.002404251729374051,X_chain_lac,0.0,false,true,lactate_reverse_beta_oxidation,none,crt,bcd;etfA;etfB;cat;lctD;one_of(thl);one_of(hbd);one_of(lctB|lctC);one_of(pfor),1,11,0.07142857142857142,0.1,0.1111111111111111
FW_TWAS_rep_2,GCA_036839835.1,0.002404251729374051,X_VFA_deg,0.01591517857142857,false,true,syntrophic_butyrate_oxidation,partial,crt,bcd;etfA;etfB;one_of(thl);one_of(hbd);one_of(hydA|fdhA);one_of(rnfB),1,9,0.08333333333333333,0.125,0.14285714285714285
FW_TWAS_rep_2,GCA_036839835.1,0.002404251729374051,X_Me_ac,0.0,false,true,acetoclastic_ack_pta,none,"",mcrA;ackA;pta;one_of(cdhC|cdhD|cdhE),0,8,0.0,0.0,0.0
FW_TWAS_rep_2,GCA_036839835.1,0.002404251729374051,X_Me_CO2,0.0,false,true,hydrogenotrophic_core,none,"",mcrA;one_of(fwdA);one_of(ftr);one_of(mch);one_of(mtd|mer),0,8,0.0,0.0,0.0
FW_TWAS_rep_2,GCA_036839835.1,0.002404251729374051,X_et,0.0,false,true,ethanol_to_acetyl_coa,none,"",one_of(adhE|adh);one_of(adhE|aldh);one_of(acs|pta|ackA),0,6,0.0,0.0,0.0
FW_TWAS_rep_2,GCA_036839835.1,0.002404251729374051,X_lac,0.0,false,true,lactate_to_pyruvate,none,"",lctD;pfor;one_of(lctB|lctC|rnfB),0,5,0.0,0.0,0.0
FW_TWAS_rep_2,GCF_003115115.2,0.0022777121646701537,X_ch,0.8571428571428571,true,true,starch_utilization,medium,agl;cazy_GH13;susC,"",3,4,0.8571428571428571,1.0,1.0
FW_TWAS_rep_2,GCF_003115115.2,0.0022777121646701537,X_pr,0.9411764705882353,true,true,peptide_scavenging,high,dppA;dppB;dppC;dtpT;endopeptidase;oppA;oppB;pepA;pepD;pepN;pepQ;pepT,"",12,13,0.9411764705882353,1.0,1.0
FW_TWAS_rep_2,GCF_003115115.2,0.0022777121646701537,X_li,0.75,true,true,lipolysis,medium,acylglycerol_lipase;esterase;fadD;lysophospholipase;phospholipase,"",5,6,0.75,1.0,1.0
FW_TWAS_rep_2,GCF_003115115.2,0.0022777121646701537,X_su,0.9230769230769231,true,true,entner_doudoroff,high,adhE;eda;edd;gapA;glcP;pfor;ptsG;pyk,"",8,9,0.9230769230769231,1.0,1.0
FW_TWAS_rep_2,GCF_003115115.2,0.0022777121646701537,X_aa,1.0,true,true,general_amino_acid_catabolism,high,dppA;dtpT;gdh;ilvE;oppA;pfor;tdcB,"",7,7,1.0,1.0,1.0
FW_TWAS_rep_2,GCF_003115115.2,0.0022777121646701537,X_fa,0.9,true,true,lcfa_beta_oxidation,high,etfA;fadA;fadB;fadD;fadE,"",5,6,0.9,1.0,1.0
FW_TWAS_rep_2,GCF_003115115.2,0.0022777121646701537,X_ac_et,0.0,false,true,ethanol_acetate_chain_initiation,none,ackA;acs;adh;adhE;aldh;bcd;crt;etfA;hbd;pta;thl,etfB,11,12,0.9333333333333333,0.8571428571428571,1.0
FW_TWAS_rep_2,GCF_003115115.2,0.0022777121646701537,X_ac_lac,0.0,false,true,lactate_acetate_chain_initiation,none,ackA;acs;bcd;crt;etfA;hbd;pfor;pta;thl,etfB;lctD;one_of(lctB|lctC),9,13,0.6875,0.625,1.0
FW_TWAS_rep_2,GCF_003115115.2,0.0022777121646701537,X_chain_et,0.0,false,true,ethanol_reverse_beta_oxidation,none,adh;adhE;aldh;bcd;cat;crt;etfA;hbd;thl,etfB,9,10,0.9230769230769231,0.8888888888888888,1.0
FW_TWAS_rep_2,GCF_003115115.2,0.0022777121646701537,X_chain_lac,0.0,false,true,lactate_reverse_beta_oxidation,none,bcd;cat;crt;etfA;hbd;pfor;thl,etfB;lctD;one_of(lctB|lctC),7,11,0.6428571428571429,0.7,0.7777777777777778
FW_TWAS_rep_2,GCF_003115115.2,0.0022777121646701537,X_VFA_deg,0.8421875,false,true,syntrophic_butyrate_oxidation,partial,bcd;crt;etfA;fdhA;hbd;hydA;rnfB;thl,etfB,8,9,0.9166666666666666,0.875,1.0
FW_TWAS_rep_2,GCF_003115115.2,0.0022777121646701537,X_Me_ac,0.0,false,true,acetoclastic_ack_pta,none,ackA;pta,mcrA;one_of(cdhC|cdhD|cdhE),2,8,0.2222222222222222,0.5,0.4
FW_TWAS_rep_2,GCF_003115115.2,0.0022777121646701537,X_Me_CO2,0.0,false,true,hydrogenotrophic_core,none,mer,mcrA;one_of(fwdA);one_of(ftr);one_of(mch),1,8,0.1111111111111111,0.2,0.16666666666666666
FW_TWAS_rep_2,GCF_003115115.2,0.0022777121646701537,X_et,1.0,true,true,ethanol_to_acetyl_coa,high,ackA;acs;adh;adhE;aldh;pta,"",6,6,1.0,1.0,1.0
FW_TWAS_rep_2,GCF_003115115.2,0.0022777121646701537,X_lac,0.23010416666666667,false,true,lactate_to_pyruvate,partial,pfor;rnfB,lctD,2,5,0.375,0.6666666666666666,0.6666666666666666
FW_TWAS_rep_2,GCA_044222245.1,0.0022355323097688544,X_ch,0.7142857142857143,true,true,starch_utilization,medium,agl;cazy_GH13,"",2,4,0.7142857142857143,1.0,1.0
FW_TWAS_rep_2,GCA_044222245.1,0.0022355323097688544,X_pr,0.8181818181818182,true,true,proteolysis_and_peptide_import,medium,dtpT;extracellular_protease;oppA;oppB;pepN;pepO,"",6,7,0.8181818181818182,1.0,1.0
FW_TWAS_rep_2,GCA_044222245.1,0.0022355323097688544,X_li,0.8333333333333334,true,true,lipolysis,medium,acylglycerol_lipase;esterase;fadD;lipase;lysophospholipase,"",5,6,0.8333333333333334,1.0,1.0
FW_TWAS_rep_2,GCA_044222245.1,0.0022355323097688544,X_su,0.6484848484848486,false,true,pentose_fermentation,partial,adhE;gapA;pfor;pyk;xylB;xylF,xylA,6,8,0.7272727272727273,0.8333333333333334,1.0
FW_TWAS_rep_2,GCA_044222245.1,0.0022355323097688544,X_aa,1.0,true,true,general_amino_acid_catabolism,high,dppA;dtpT;gdh;ilvE;oppA;pfor;tdcB,"",7,7,1.0,1.0,1.0
FW_TWAS_rep_2,GCA_044222245.1,0.0022355323097688544,X_fa,1.0,true,true,lcfa_beta_oxidation,high,etfA;etfB;fadA;fadB;fadD;fadE,"",6,6,1.0,1.0,1.0
FW_TWAS_rep_2,GCA_044222245.1,0.0022355323097688544,X_ac_et,0.9333333333333333,true,true,ethanol_acetate_chain_initiation,high,ackA;acs;adh;adhE;aldh;bcd;crt;etfA;etfB;hbd;thl,"",11,12,0.9333333333333333,1.0,1.0
FW_TWAS_rep_2,GCA_044222245.1,0.0022355323097688544,X_ac_lac,0.0,false,true,lactate_acetate_chain_initiation,none,ackA;acs;bcd;crt;etfA;etfB;hbd;lctB;pfor;thl,lctD,10,13,0.75,0.875,1.0
FW_TWAS_rep_2,GCA_044222245.1,0.0022355323097688544,X_chain_et,1.0,true,true,ethanol_reverse_beta_oxidation,high,adh;adhE;aldh;bcd;cat;crt;etfA;etfB;hbd;thl,"",10,10,1.0,1.0,1.0
FW_TWAS_rep_2,GCA_044222245.1,0.0022355323097688544,X_chain_lac,0.0,false,true,lactate_reverse_beta_oxidation,none,bcd;cat;crt;etfA;etfB;hbd;lctB;pfor;thl,lctD,9,11,0.7857142857142857,0.9,1.0
FW_TWAS_rep_2,GCA_044222245.1,0.0022355323097688544,X_VFA_deg,1.0,true,true,syntrophic_propionate_mmc,high,fdhA;fumB;hydA;mdh;mmcE;mmcF;mmcG;pfor;sucC;sucD,"",10,10,1.0,1.0,1.0
FW_TWAS_rep_2,GCA_044222245.1,0.0022355323097688544,X_Me_ac,0.0,false,true,acetoclastic_ack_pta,none,ackA,mcrA;pta;one_of(cdhC|cdhD|cdhE),1,8,0.1111111111111111,0.25,0.2
FW_TWAS_rep_2,GCA_044222245.1,0.0022355323097688544,X_Me_CO2,0.0,false,true,hydrogenotrophic_core,none,fwdA;mer,mcrA;one_of(ftr);one_of(mch),2,8,0.2222222222222222,0.4,0.3333333333333333
FW_TWAS_rep_2,GCA_044222245.1,0.0022355323097688544,X_et,0.9,true,true,ethanol_to_acetyl_coa,high,ackA;acs;adh;adhE;aldh,"",5,6,0.9,1.0,1.0
FW_TWAS_rep_2,GCA_044222245.1,0.0022355323097688544,X_lac,0.23010416666666667,false,true,lactate_to_pyruvate,partial,lctB;pfor,lctD,2,5,0.375,0.6666666666666666,0.6666666666666666
FW_TWAS_rep_2,GCA_021808285.1,0.002193352454867555,X_ch,0.7142857142857143,true,true,starch_utilization,medium,agl;cazy_GH13,"",2,4,0.7142857142857143,1.0,1.0
FW_TWAS_rep_2,GCA_021808285.1,0.002193352454867555,X_pr,0.4117647058823529,true,true,peptide_scavenging,low,dtpT;pepA;pepN;pepO;pepQ;pepT,"",6,13,0.4117647058823529,1.0,1.0
FW_TWAS_rep_2,GCA_021808285.1,0.002193352454867555,X_li,0.5833333333333334,true,true,lipolysis,low,acylglycerol_lipase;esterase;fadD;lysophospholipase,"",4,6,0.5833333333333334,1.0,1.0
FW_TWAS_rep_2,GCA_021808285.1,0.002193352454867555,X_su,0.34933846153846154,false,true,entner_doudoroff,partial,adhE;edd;gapA;glcP,eda,4,9,0.46153846153846156,0.8,0.8
FW_TWAS_rep_2,GCA_021808285.1,0.002193352454867555,X_aa,0.5483333333333333,false,true,general_amino_acid_catabolism,partial,dtpT;gdh;ilvE;tdcB,one_of(pfor),4,7,0.7,0.6666666666666666,1.0
FW_TWAS_rep_2,GCA_021808285.1,0.002193352454867555,X_fa,1.0,true,true,lcfa_beta_oxidation,high,etfA;etfB;fadA;fadB;fadD;fadE,"",6,6,1.0,1.0,1.0
FW_TWAS_rep_2,GCA_021808285.1,0.002193352454867555,X_ac_et,0.8666666666666667,true,true,ethanol_acetate_chain_initiation,medium,acs;adh;adhE;aldh;bcd;crt;etfA;etfB;hbd;thl,"",10,12,0.8666666666666667,1.0,1.0
FW_TWAS_rep_2,GCA_021808285.1,0.002193352454867555,X_ac_lac,0.0,false,true,lactate_acetate_chain_initiation,none,acs;bcd;crt;etfA;etfB;hbd;lctB;thl,lctD;one_of(pfor),8,13,0.625,0.75,0.8888888888888888
FW_TWAS_rep_2,GCA_021808285.1,0.002193352454867555,X_chain_et,1.0,true,true,ethanol_reverse_beta_oxidation,high,adh;adhE;aldh;bcd;cat;crt;etfA;etfB;hbd;thl,"",10,10,1.0,1.0,1.0
FW_TWAS_rep_2,GCA_021808285.1,0.002193352454867555,X_chain_lac,0.0,false,true,lactate_reverse_beta_oxidation,none,bcd;cat;crt;etfA;etfB;hbd;lctB;thl,lctD;one_of(pfor),8,11,0.7142857142857143,0.8,0.8888888888888888
FW_TWAS_rep_2,GCA_021808285.1,0.002193352454867555,X_VFA_deg,1.0,true,true,syntrophic_butyrate_oxidation,high,bcd;crt;etfA;etfB;fdhA;hbd;hydA;rnfB;thl,"",9,9,1.0,1.0,1.0
FW_TWAS_rep_2,GCA_021808285.1,0.002193352454867555,X_Me_ac,0.0,false,true,acetoclastic_acs,none,acs,mcrA;one_of(cdhC|cdhD|cdhE),1,7,0.2222222222222222,0.3333333333333333,0.25
FW_TWAS_rep_2,GCA_021808285.1,0.002193352454867555,X_Me_CO2,0.0,false,true,hydrogenotrophic_core,none,mer,mcrA;one_of(fwdA);one_of(ftr);one_of(mch),1,8,0.1111111111111111,0.2,0.16666666666666666
FW_TWAS_rep_2,GCA_021808285.1,0.002193352454867555,X_et,0.8,true,true,ethanol_to_acetyl_coa,medium,acs;adh;adhE;aldh,"",4,6,0.8,1.0,1.0
FW_TWAS_rep_2,GCA_021808285.1,0.002193352454867555,X_lac,0.11097222222222222,false,true,lactate_to_pyruvate,partial,lctB;rnfB,lctD;pfor,2,5,0.25,0.3333333333333333,0.6666666666666666
FW_TWAS_rep_2,GCA_963798355.1,0.0018980934705584613,X_ch,0.7142857142857143,true,true,starch_utilization,medium,agl;cazy_GH13,"",2,4,0.7142857142857143,1.0,1.0
FW_TWAS_rep_2,GCA_963798355.1,0.0018980934705584613,X_pr,0.7272727272727273,true,true,proteolysis_and_peptide_import,medium,extracellular_protease;oppA;oppB;pepN;pepO,"",5,7,0.7272727272727273,1.0,1.0
FW_TWAS_rep_2,GCA_963798355.1,0.0018980934705584613,X_li,0.5833333333333334,true,true,lipolysis,low,acylglycerol_lipase;esterase;fadD;lysophospholipase,"",4,6,0.5833333333333334,1.0,1.0
FW_TWAS_rep_2,GCA_963798355.1,0.0018980934705584613,X_su,0.7272727272727273,true,true,hexose_fermentation,medium,adhE;gapA;glcP;pfkA;pfor;pgi;pyk,"",7,9,0.7272727272727273,1.0,1.0
FW_TWAS_rep_2,GCA_963798355.1,0.0018980934705584613,X_aa,0.7,true,true,general_amino_acid_catabolism,medium,dppA;ilvE;oppA;pfor;tdcB,"",5,7,0.7,1.0,1.0
FW_TWAS_rep_2,GCA_963798355.1,0.0018980934705584613,X_fa,1.0,true,true,lcfa_beta_oxidation,high,etfA;etfB;fadA;fadB;fadD;fadE,"",6,6,1.0,1.0,1.0
FW_TWAS_rep_2,GCA_963798355.1,0.0018980934705584613,X_ac_et,0.9333333333333333,true,true,ethanol_acetate_chain_initiation,high,ackA;acs;adh;adhE;aldh;bcd;crt;etfA;etfB;hbd;thl,"",11,12,0.9333333333333333,1.0,1.0
FW_TWAS_rep_2,GCA_963798355.1,0.0018980934705584613,X_ac_lac,0.0,false,true,lactate_acetate_chain_initiation,none,ackA;acs;bcd;crt;etfA;etfB;hbd;pfor;thl,lctD;one_of(lctB|lctC),9,13,0.6875,0.75,1.0
FW_TWAS_rep_2,GCA_963798355.1,0.0018980934705584613,X_chain_et,0.0,false,true,ethanol_reverse_beta_oxidation,none,adh;adhE;aldh;bcd;crt;etfA;etfB;hbd;thl,cat,9,10,0.8461538461538461,0.8888888888888888,1.0
FW_TWAS_rep_2,GCA_963798355.1,0.0018980934705584613,X_chain_lac,0.0,false,true,lactate_reverse_beta_oxidation,none,bcd;crt;etfA;etfB;hbd;pfor;thl,cat;lctD;one_of(lctB|lctC),7,11,0.5714285714285714,0.7,0.7777777777777778
FW_TWAS_rep_2,GCA_963798355.1,0.0018980934705584613,X_VFA_deg,1.0,true,true,syntrophic_propionate_mmc,high,fdhA;fumB;hydA;mdh;mmcE;mmcF;mmcG;pfor;sucC;sucD,"",10,10,1.0,1.0,1.0
FW_TWAS_rep_2,GCA_963798355.1,0.0018980934705584613,X_Me_ac,0.0,false,true,acetoclastic_ack_pta,none,ackA,mcrA;pta;one_of(cdhC|cdhD|cdhE),1,8,0.1111111111111111,0.25,0.2
FW_TWAS_rep_2,GCA_963798355.1,0.0018980934705584613,X_Me_CO2,0.0,false,true,hydrogenotrophic_core,none,mer,mcrA;one_of(fwdA);one_of(ftr);one_of(mch),1,8,0.1111111111111111,0.2,0.16666666666666666
FW_TWAS_rep_2,GCA_963798355.1,0.0018980934705584613,X_et,0.9,true,true,ethanol_to_acetyl_coa,high,ackA;acs;adh;adhE;aldh,"",5,6,0.9,1.0,1.0
FW_TWAS_rep_2,GCA_963798355.1,0.0018980934705584613,X_lac,0.23010416666666667,false,true,lactate_to_pyruvate,partial,pfor;rnfB,lctD,2,5,0.375,0.6666666666666666,0.6666666666666666
FW_TWAS_rep_2,GCA_004297465.1,0.0018980934705584613,X_ch,0.06508928571428572,false,true,starch_utilization,partial,susC,cazy_GH13,1,4,0.14285714285714285,0.5,0.5
FW_TWAS_rep_2,GCA_004297465.1,0.0018980934705584613,X_pr,0.8181818181818182,true,true,proteolysis_and_peptide_import,medium,endopeptidase;extracellular_protease;oppA;oppB;pepO,"",5,7,0.8181818181818182,1.0,1.0
FW_TWAS_rep_2,GCA_004297465.1,0.0018980934705584613,X_li,0.5833333333333334,true,true,lipolysis,low,acylglycerol_lipase;esterase;fadD;lysophospholipase,"",4,6,0.5833333333333334,1.0,1.0
FW_TWAS_rep_2,GCA_004297465.1,0.0018980934705584613,X_su,0.46846153846153843,false,true,entner_doudoroff,partial,edd;gapA;glcP;pfor;pyk,eda,5,9,0.5384615384615384,0.8,1.0
FW_TWAS_rep_2,GCA_004297465.1,0.0018980934705584613,X_aa,0.7,true,true,general_amino_acid_catabolism,medium,dppA;ilvE;oppA;pfor;tdcB,"",5,7,0.7,1.0,1.0
FW_TWAS_rep_2,GCA_004297465.1,0.0018980934705584613,X_fa,1.0,true,true,lcfa_beta_oxidation,high,etfA;etfB;fadA;fadB;fadD;fadE,"",6,6,1.0,1.0,1.0
FW_TWAS_rep_2,GCA_004297465.1,0.0018980934705584613,X_ac_et,0.8,true,true,ethanol_acetate_chain_initiation,medium,acs;adh;aldh;bcd;crt;etfA;etfB;hbd;pta;thl,"",10,12,0.8,1.0,1.0
FW_TWAS_rep_2,GCA_004297465.1,0.0018980934705584613,X_ac_lac,0.0,false,true,lactate_acetate_chain_initiation,none,acs;bcd;crt;etfA;etfB;hbd;lctB;pfor;pta;thl,lctD,10,13,0.75,0.875,1.0
FW_TWAS_rep_2,GCA_004297465.1,0.0018980934705584613,X_chain_et,0.8461538461538461,true,true,ethanol_reverse_beta_oxidation,medium,adh;aldh;bcd;cat;crt;etfA;etfB;hbd;thl,"",9,10,0.8461538461538461,1.0,1.0
FW_TWAS_rep_2,GCA_004297465.1,0.0018980934705584613,X_chain_lac,0.0,false,true,lactate_reverse_beta_oxidation,none,bcd;cat;crt;etfA;etfB;hbd;lctB;pfor;thl,lctD,9,11,0.7857142857142857,0.9,1.0
FW_TWAS_rep_2,GCA_004297465.1,0.0018980934705584613,X_VFA_deg,1.0,true,true,syntrophic_propionate_mmc,high,fdhA;fumB;hydA;mdh;mmcE;mmcF;mmcG;pfor;sucC;sucD,"",10,10,1.0,1.0,1.0
FW_TWAS_rep_2,GCA_004297465.1,0.0018980934705584613,X_Me_ac,0.0,false,true,acetoclastic_ack_pta,none,pta,mcrA;ackA;one_of(cdhC|cdhD|cdhE),1,8,0.1111111111111111,0.25,0.2
FW_TWAS_rep_2,GCA_004297465.1,0.0018980934705584613,X_Me_CO2,0.0,false,true,hydrogenotrophic_core,none,"",mcrA;one_of(fwdA);one_of(ftr);one_of(mch);one_of(mtd|mer),0,8,0.0,0.0,0.0
FW_TWAS_rep_2,GCA_004297465.1,0.0018980934705584613,X_et,0.6,true,true,ethanol_to_acetyl_coa,low,acs;adh;aldh;pta,"",4,6,0.6,1.0,1.0
FW_TWAS_rep_2,GCA_004297465.1,0.0018980934705584613,X_lac,0.39166666666666666,false,true,lactate_to_pyruvate,partial,lctB;pfor;rnfB,lctD,3,5,0.5,0.6666666666666666,1.0
FW_TWAS_rep_2,GCA_018604165.1,0.0018559136156571622,X_ch,0.08027777777777777,false,true,cellulose_utilization,partial,cazy_GH5,bgl;one_of(cazy_CBM3|cazy_GH48),1,5,0.25,0.3333333333333333,0.3333333333333333
FW_TWAS_rep_2,GCA_018604165.1,0.0018559136156571622,X_pr,1.0,true,true,proteolysis_and_peptide_import,high,dtpT;endopeptidase;extracellular_protease;oppA;oppB;pepN;pepO,"",7,7,1.0,1.0,1.0
FW_TWAS_rep_2,GCA_018604165.1,0.0018559136156571622,X_li,0.3333333333333333,false,true,lipolysis,partial,acylglycerol_lipase;fadD,"",2,6,0.3333333333333333,1.0,1.0
FW_TWAS_rep_2,GCA_018604165.1,0.0018559136156571622,X_su,0.22313131313131312,false,true,hexose_fermentation,partial,gapA;lctD;pfkA;pyk,pgi;one_of(ptsG|glcP),4,9,0.36363636363636365,0.6666666666666666,0.6666666666666666
FW_TWAS_rep_2,GCA_018604165.1,0.0018559136156571622,X_aa,0.5483333333333333,false,true,general_amino_acid_catabolism,partial,dppA;dtpT;gdh;ilvE;oppA,one_of(pfor),5,7,0.7,0.6666666666666666,1.0
FW_TWAS_rep_2,GCA_018604165.1,0.0018559136156571622,X_fa,1.0,true,true,lcfa_beta_oxidation,high,etfA;etfB;fadA;fadB;fadD;fadE,"",6,6,1.0,1.0,1.0
FW_TWAS_rep_2,GCA_018604165.1,0.0018559136156571622,X_ac_et,0.0,false,true,ethanol_acetate_chain_initiation,none,acs;adh;bcd;crt;etfA;etfB;hbd;pta;thl,one_of(adhE|aldh),9,12,0.7333333333333333,0.8571428571428571,1.0
FW_TWAS_rep_2,GCA_018604165.1,0.0018559136156571622,X_ac_lac,0.0,false,true,lactate_acetate_chain_initiation,none,acs;bcd;crt;etfA;etfB;hbd;lctB;lctC;lctD;pta;thl,one_of(pfor),11,13,0.875,0.875,1.0
FW_TWAS_rep_2,GCA_018604165.1,0.0018559136156571622,X_chain_et,0.0,false,true,ethanol_reverse_beta_oxidation,none,adh;bcd;cat;crt;etfA;etfB;hbd;thl,one_of(adhE|aldh),8,10,0.7692307692307693,0.8888888888888888,1.0
FW_TWAS_rep_2,GCA_018604165.1,0.0018559136156571622,X_chain_lac,0.0,false,true,lactate_reverse_beta_oxidation,none,bcd;cat;crt;etfA;etfB;hbd;lctB;lctC;lctD;thl,one_of(pfor),10,11,0.9285714285714286,0.9,1.0
FW_TWAS_rep_2,GCA_018604165.1,0.0018559136156571622,X_VFA_deg,0.8421875,false,true,syntrophic_butyrate_oxidation,partial,bcd;crt;etfA;etfB;fdhA;hbd;hydA;thl,one_of(rnfB),8,9,0.9166666666666666,0.875,1.0
FW_TWAS_rep_2,GCA_018604165.1,0.0018559136156571622,X_Me_ac,0.0,false,true,acetoclastic_ack_pta,none,pta,mcrA;ackA;one_of(cdhC|cdhD|cdhE),1,8,0.1111111111111111,0.25,0.2
FW_TWAS_rep_2,GCA_018604165.1,0.0018559136156571622,X_Me_CO2,0.0,false,true,hydrogenotrophic_core,none,"",mcrA;one_of(fwdA);one_of(ftr);one_of(mch);one_of(mtd|mer),0,8,0.0,0.0,0.0
FW_TWAS_rep_2,GCA_018604165.1,0.0018559136156571622,X_et,0.31333333333333335,false,true,ethanol_to_acetyl_coa,partial,acs;adh;pta,one_of(adhE|aldh),3,6,0.4,0.6666666666666666,1.0
FW_TWAS_rep_2,GCA_018604165.1,0.0018559136156571622,X_lac,0.4895833333333333,false,true,lactate_to_pyruvate,partial,lctB;lctC;lctD,pfor,3,5,0.625,0.6666666666666666,1.0
FW_TWAS_rep_2,GCF_049943315.1,0.002488611439176649,X_ch,0.8571428571428571,true,true,starch_utilization,medium,agl;cazy_GH13;susC,"",3,4,0.8571428571428571,1.0,1.0
FW_TWAS_rep_2,GCF_049943315.1,0.002488611439176649,X_pr,0.9411764705882353,true,true,peptide_scavenging,high,dppA;dppB;dppC;dtpT;endopeptidase;oppA;oppB;pepA;pepD;pepN;pepQ;pepT,"",12,13,0.9411764705882353,1.0,1.0
FW_TWAS_rep_2,GCF_049943315.1,0.002488611439176649,X_li,0.75,true,true,lipolysis,medium,acylglycerol_lipase;esterase;fadD;lysophospholipase;phospholipase,"",5,6,0.75,1.0,1.0
FW_TWAS_rep_2,GCF_049943315.1,0.002488611439176649,X_su,0.9230769230769231,true,true,entner_doudoroff,high,adhE;eda;edd;gapA;glcP;pfor;ptsG;pyk,"",8,9,0.9230769230769231,1.0,1.0
FW_TWAS_rep_2,GCF_049943315.1,0.002488611439176649,X_aa,1.0,true,true,general_amino_acid_catabolism,high,dppA;dtpT;gdh;ilvE;oppA;pfor;tdcB,"",7,7,1.0,1.0,1.0
FW_TWAS_rep_2,GCF_049943315.1,0.002488611439176649,X_fa,0.9,true,true,lcfa_beta_oxidation,high,etfA;fadA;fadB;fadD;fadE,"",5,6,0.9,1.0,1.0
FW_TWAS_rep_2,GCF_049943315.1,0.002488611439176649,X_ac_et,0.0,false,true,ethanol_acetate_chain_initiation,none,ackA;acs;adh;adhE;aldh;bcd;crt;etfA;hbd;pta;thl,etfB,11,12,0.9333333333333333,0.8571428571428571,1.0
FW_TWAS_rep_2,GCF_049943315.1,0.002488611439176649,X_ac_lac,0.0,false,true,lactate_acetate_chain_initiation,none,ackA;acs;bcd;crt;etfA;hbd;pfor;pta;thl,etfB;lctD;one_of(lctB|lctC),9,13,0.6875,0.625,1.0
FW_TWAS_rep_2,GCF_049943315.1,0.002488611439176649,X_chain_et,0.0,false,true,ethanol_reverse_beta_oxidation,none,adh;adhE;aldh;bcd;cat;crt;etfA;hbd;thl,etfB,9,10,0.9230769230769231,0.8888888888888888,1.0
FW_TWAS_rep_2,GCF_049943315.1,0.002488611439176649,X_chain_lac,0.0,false,true,lactate_reverse_beta_oxidation,none,bcd;cat;crt;etfA;hbd;pfor;thl,etfB;lctD;one_of(lctB|lctC),7,11,0.6428571428571429,0.7,0.7777777777777778
FW_TWAS_rep_2,GCF_049943315.1,0.002488611439176649,X_VFA_deg,0.8421875,false,true,syntrophic_butyrate_oxidation,partial,bcd;crt;etfA;fdhA;hbd;hydA;rnfB;thl,etfB,8,9,0.9166666666666666,0.875,1.0
FW_TWAS_rep_2,GCF_049943315.1,0.002488611439176649,X_Me_ac,0.0,false,true,acetoclastic_ack_pta,none,ackA;pta,mcrA;one_of(cdhC|cdhD|cdhE),2,8,0.2222222222222222,0.5,0.4
FW_TWAS_rep_2,GCF_049943315.1,0.002488611439176649,X_Me_CO2,0.0,false,true,hydrogenotrophic_core,none,mer,mcrA;one_of(fwdA);one_of(ftr);one_of(mch),1,8,0.1111111111111111,0.2,0.16666666666666666
FW_TWAS_rep_2,GCF_049943315.1,0.002488611439176649,X_et,1.0,true,true,ethanol_to_acetyl_coa,high,ackA;acs;adh;adhE;aldh;pta,"",6,6,1.0,1.0,1.0
FW_TWAS_rep_2,GCF_049943315.1,0.002488611439176649,X_lac,0.23010416666666667,false,true,lactate_to_pyruvate,partial,pfor;rnfB,lctD,2,5,0.375,0.6666666666666666,0.6666666666666666
FW_TWAS_rep_2,GCA_044355585.1,0.0017293740509532647,X_ch,0.7142857142857143,true,true,starch_utilization,medium,agl;cazy_GH13,"",2,4,0.7142857142857143,1.0,1.0
FW_TWAS_rep_2,GCA_044355585.1,0.0017293740509532647,X_pr,1.0,true,true,proteolysis_and_peptide_import,high,dtpT;endopeptidase;extracellular_protease;oppA;oppB;pepN;pepO,"",7,7,1.0,1.0,1.0
FW_TWAS_rep_2,GCA_044355585.1,0.0017293740509532647,X_li,0.5,true,true,lipolysis,low,acylglycerol_lipase;fadD;lysophospholipase,"",3,6,0.5,1.0,1.0
FW_TWAS_rep_2,GCA_044355585.1,0.0017293740509532647,X_su,0.9090909090909091,true,true,pentose_fermentation,high,adhE;gapA;pfor;pyk;xylA;xylB;xylF,"",7,8,0.9090909090909091,1.0,1.0
FW_TWAS_rep_2,GCA_044355585.1,0.0017293740509532647,X_aa,0.8,true,true,general_amino_acid_catabolism,medium,dppA;dtpT;gdh;ilvE;oppA;pfor,"",6,7,0.8,1.0,1.0
FW_TWAS_rep_2,GCA_044355585.1,0.0017293740509532647,X_fa,0.046079999999999996,false,true,lcfa_beta_oxidation,partial,fadD,fadE;fadB;fadA;one_of(etfA|etfB),1,6,0.2,0.2,0.2
FW_TWAS_rep_2,GCA_044355585.1,0.0017293740509532647,X_ac_et,0.0,false,true,ethanol_acetate_chain_initiation,none,ackA;acs;adhE;aldh,thl;bcd;etfA;etfB,4,12,0.3333333333333333,0.42857142857142855,0.5
FW_TWAS_rep_2,GCA_044355585.1,0.0017293740509532647,X_ac_lac,0.0,false,true,lactate_acetate_chain_initiation,none,ackA;acs;lctB;pfor,thl;bcd;etfA;etfB;lctD,4,13,0.25,0.375,0.4444444444444444
FW_TWAS_rep_2,GCA_044355585.1,0.0017293740509532647,X_chain_et,0.0,false,true,ethanol_reverse_beta_oxidation,none,adhE;aldh,bcd;etfA;etfB;cat;one_of(thl);one_of(hbd);one_of(crt),2,10,0.23076923076923078,0.2222222222222222,0.25
FW_TWAS_rep_2,GCA_044355585.1,0.0017293740509532647,X_chain_lac,0.0,false,true,lactate_reverse_beta_oxidation,none,lctB;pfor,bcd;etfA;etfB;cat;lctD;one_of(thl);one_of(hbd);one_of(crt),2,11,0.14285714285714285,0.2,0.2222222222222222
FW_TWAS_rep_2,GCA_044355585.1,0.0017293740509532647,X_VFA_deg,0.7178571428571429,false,true,syntrophic_propionate_mmc,partial,fdhA;hydA;mdh;mmcE;mmcF;pfor;sucC;sucD,mmcG;one_of(fumB),8,10,0.8571428571428571,0.75,1.0
FW_TWAS_rep_2,GCA_044355585.1,0.0017293740509532647,X_Me_ac,0.0,false,true,acetoclastic_ack_pta,none,ackA,mcrA;pta;one_of(cdhC|cdhD|cdhE),1,8,0.1111111111111111,0.25,0.2
FW_TWAS_rep_2,GCA_044355585.1,0.0017293740509532647,X_Me_CO2,0.0,false,true,hydrogenotrophic_core,none,fwdA,mcrA;one_of(ftr);one_of(mch);one_of(mtd|mer),1,8,0.1111111111111111,0.2,0.16666666666666666
FW_TWAS_rep_2,GCA_044355585.1,0.0017293740509532647,X_et,0.7,true,true,ethanol_to_acetyl_coa,medium,ackA;acs;adhE;aldh,"",4,6,0.7,1.0,1.0
FW_TWAS_rep_2,GCA_044355585.1,0.0017293740509532647,X_lac,0.39166666666666666,false,true,lactate_to_pyruvate,partial,lctB;pfor;rnfB,lctD,3,5,0.5,0.6666666666666666,1.0
FW_TWAS_rep_2,GCA_041904965.1,0.0017293740509532647,X_ch,0.0,false,true,xylan_utilization,none,"",xylA;xylB;one_of(cazy_GH10|cazy_GH11);one_of(cazy_GH43|cazy_CBM6),0,6,0.0,0.0,0.0
FW_TWAS_rep_2,GCA_041904965.1,0.0017293740509532647,X_pr,0.7647058823529411,true,true,peptide_scavenging,medium,dppA;dppB;dppC;endopeptidase;oppA;oppB;pepA;pepN;pepQ;pepT,"",10,13,0.7647058823529411,1.0,1.0
FW_TWAS_rep_2,GCA_041904965.1,0.0017293740509532647,X_li,1.0,true,true,lipolysis,high,acylglycerol_lipase;esterase;fadD;lipase;lysophospholipase;phospholipase,"",6,6,1.0,1.0,1.0
FW_TWAS_rep_2,GCA_041904965.1,0.0017293740509532647,X_su,0.6023076923076923,false,true,entner_doudoroff,partial,adhE;eda;edd;gapA;pyk,one_of(ptsG|glcP),5,9,0.6923076923076923,0.8,1.0
FW_TWAS_rep_2,GCA_041904965.1,0.0017293740509532647,X_aa,0.6266666666666667,false,true,general_amino_acid_catabolism,partial,dppA;gdh;ilvE;oppA;tdcB,one_of(pfor),5,7,0.8,0.6666666666666666,1.0
FW_TWAS_rep_2,GCA_041904965.1,0.0017293740509532647,X_fa,1.0,true,true,lcfa_beta_oxidation,high,etfA;etfB;fadA;fadB;fadD;fadE,"",6,6,1.0,1.0,1.0
FW_TWAS_rep_2,GCA_041904965.1,0.0017293740509532647,X_ac_et,0.8,true,true,ethanol_acetate_chain_initiation,medium,acs;adh;adhE;bcd;crt;etfA;etfB;hbd;thl,"",9,12,0.8,1.0,1.0
FW_TWAS_rep_2,GCA_041904965.1,0.0017293740509532647,X_ac_lac,0.0,false,true,lactate_acetate_chain_initiation,none,acs;bcd;crt;etfA;etfB;hbd;lctB;lctC;thl,lctD;one_of(pfor),9,13,0.6875,0.75,1.0
FW_TWAS_rep_2,GCA_041904965.1,0.0017293740509532647,X_chain_et,0.9230769230769231,true,true,ethanol_reverse_beta_oxidation,high,adh;adhE;bcd;cat;crt;etfA;etfB;hbd;thl,"",9,10,0.9230769230769231,1.0,1.0
FW_TWAS_rep_2,GCA_041904965.1,0.0017293740509532647,X_chain_lac,0.0,false,true,lactate_reverse_beta_oxidation,none,bcd;cat;crt;etfA;etfB;hbd;lctB;lctC;thl,lctD;one_of(pfor),9,11,0.7857142857142857,0.8,1.0
FW_TWAS_rep_2,GCA_041904965.1,0.0017293740509532647,X_VFA_deg,1.0,true,true,syntrophic_butyrate_oxidation,high,bcd;crt;etfA;etfB;fdhA;hbd;hydA;rnfB;thl,"",9,9,1.0,1.0,1.0
FW_TWAS_rep_2,GCA_041904965.1,0.0017293740509532647,X_Me_ac,0.0,false,true,acetoclastic_acs,none,acs;cdhC,mcrA,2,7,0.3333333333333333,0.6666666666666666,0.5
FW_TWAS_rep_2,GCA_041904965.1,0.0017293740509532647,X_Me_CO2,0.0,false,true,hydrogenotrophic_core,none,fwdA;mer,mcrA;one_of(ftr);one_of(mch),2,8,0.2222222222222222,0.4,0.3333333333333333
FW_TWAS_rep_2,GCA_041904965.1,0.0017293740509532647,X_et,0.6,true,true,ethanol_to_acetyl_coa,low,acs;adh;adhE,"",3,6,0.6,1.0,1.0
FW_TWAS_rep_2,GCA_041904965.1,0.0017293740509532647,X_lac,0.2125,false,true,lactate_to_pyruvate,partial,lctB;lctC;rnfB,lctD;pfor,3,5,0.375,0.3333333333333333,1.0
FW_TWAS_rep_2,GCA_964404795.1,0.0016450143411506665,X_ch,0.040138888888888884,false,true,cellulose_utilization,partial,bgl,one_of(cazy_GH5|cazy_GH9|cazy_GH48);one_of(cazy_CBM3|cazy_GH48),1,5,0.125,0.3333333333333333,0.3333333333333333
FW_TWAS_rep_2,GCA_964404795.1,0.0016450143411506665,X_pr,0.27647058823529413,false,true,peptide_scavenging,partial,dppA;oppA;pepN;pepQ,one_of(oppB|dppB|dppC|dtpT),4,13,0.35294117647058826,0.6666666666666666,1.0
FW_TWAS_rep_2,GCA_964404795.1,0.0016450143411506665,X_li,0.0,false,true,lipolysis,none,"",one_of(lipase|lysophospholipase|acylglycerol_lipase|phospholipase);one_of(fadD|esterase),0,6,0.0,0.0,0.0
FW_TWAS_rep_2,GCA_964404795.1,0.0016450143411506665,X_su,0.05838383838383838,false,true,hexose_fermentation,partial,gapA;pyk,pgi;pfkA;one_of(ptsG|glcP);one_of(pfor|adhE|lctD),2,9,0.18181818181818182,0.3333333333333333,0.3333333333333333
FW_TWAS_rep_2,GCA_964404795.1,0.0016450143411506665,X_aa,0.08877777777777779,false,true,general_amino_acid_catabolism,partial,dppA;oppA,one_of(gdh|ilvE|tdcB);one_of(pfor),2,7,0.2,0.3333333333333333,0.6666666666666666
FW_TWAS_rep_2,GCA_964404795.1,0.0016450143411506665,X_fa,0.0,false,true,lcfa_beta_oxidation,none,"",fadD;fadE;fadB;fadA;one_of(etfA|etfB),0,6,0.0,0.0,0.0
FW_TWAS_rep_2,GCA_964404795.1,0.0016450143411506665,X_ac_et,0.0,false,true,ethanol_acetate_chain_initiation,none,"",thl;bcd;etfA;etfB;one_of(acs|ackA|pta);one_of(adhE|adh);one_of(adhE|aldh),0,12,0.0,0.0,0.0
FW_TWAS_rep_2,GCA_964404795.1,0.0016450143411506665,X_ac_lac,0.0,false,true,lactate_acetate_chain_initiation,none,"",thl;bcd;etfA;etfB;lctD;one_of(acs|ackA|pta);one_of(lctB|lctC);one_of(pfor),0,13,0.0,0.0,0.0
FW_TWAS_rep_2,GCA_964404795.1,0.0016450143411506665,X_chain_et,0.0,false,true,ethanol_reverse_beta_oxidation,none,"",bcd;etfA;etfB;cat;one_of(thl);one_of(hbd);one_of(crt);one_of(adhE|adh);one_of(adhE|aldh),0,10,0.0,0.0,0.0
FW_TWAS_rep_2,GCA_964404795.1,0.0016450143411506665,X_chain_lac,0.0,false,true,lactate_reverse_beta_oxidation,none,"",bcd;etfA;etfB;cat;lctD;one_of(thl);one_of(hbd);one_of(crt);one_of(lctB|lctC);one_of(pfor),0,11,0.0,0.0,0.0
FW_TWAS_rep_2,GCA_964404795.1,0.0016450143411506665,X_VFA_deg,0.0,false,true,syntrophic_propionate_mmc,none,"",mmcE;mmcF;mmcG;sucC;sucD;one_of(fumB);one_of(mdh);one_of(hydA|fdhA),0,10,0.0,0.0,0.0
FW_TWAS_rep_2,GCA_964404795.1,0.0016450143411506665,X_Me_ac,0.0,false,true,acetoclastic_ack_pta,none,"",mcrA;ackA;pta;one_of(cdhC|cdhD|cdhE),0,8,0.0,0.0,0.0
FW_TWAS_rep_2,GCA_964404795.1,0.0016450143411506665,X_Me_CO2,0.0,false,true,hydrogenotrophic_core,none,"",mcrA;one_of(fwdA);one_of(ftr);one_of(mch);one_of(mtd|mer),0,8,0.0,0.0,0.0
FW_TWAS_rep_2,GCA_964404795.1,0.0016450143411506665,X_et,0.0,false,true,ethanol_to_acetyl_coa,none,"",one_of(adhE|adh);one_of(adhE|aldh);one_of(acs|pta|ackA),0,6,0.0,0.0,0.0
FW_TWAS_rep_2,GCA_964404795.1,0.0016450143411506665,X_lac,0.0,false,true,lactate_to_pyruvate,none,"",lctD;pfor;one_of(lctB|lctC|rnfB),0,5,0.0,0.0,0.0
FW_TWAS_rep_2,GCA_965229115.1,0.0016028344862493674,X_ch,0.8571428571428571,true,true,starch_utilization,medium,agl;cazy_GH13;susC,"",3,4,0.8571428571428571,1.0,1.0
FW_TWAS_rep_2,GCA_965229115.1,0.0016028344862493674,X_pr,0.8235294117647058,true,true,peptide_scavenging,medium,dppA;dppB;dppC;dtpT;oppA;oppB;pepA;pepN;pepO;pepQ;pepT,"",11,13,0.8235294117647058,1.0,1.0
FW_TWAS_rep_2,GCA_965229115.1,0.0016028344862493674,X_li,0.5833333333333334,true,true,lipolysis,low,acylglycerol_lipase;esterase;fadD;lysophospholipase,"",4,6,0.5833333333333334,1.0,1.0
FW_TWAS_rep_2,GCA_965229115.1,0.0016028344862493674,X_su,0.6023076923076923,false,true,entner_doudoroff,partial,adhE;eda;edd;gapA;pyk,one_of(ptsG|glcP),5,9,0.6923076923076923,0.8,1.0
FW_TWAS_rep_2,GCA_965229115.1,0.0016028344862493674,X_aa,0.705,false,true,general_amino_acid_catabolism,partial,dppA;dtpT;gdh;ilvE;oppA;tdcB,one_of(pfor),6,7,0.9,0.6666666666666666,1.0
FW_TWAS_rep_2,GCA_965229115.1,0.0016028344862493674,X_fa,1.0,true,true,lcfa_beta_oxidation,high,etfA;etfB;fadA;fadB;fadD;fadE,"",6,6,1.0,1.0,1.0
FW_TWAS_rep_2,GCA_965229115.1,0.0016028344862493674,X_ac_et,0.9333333333333333,true,true,ethanol_acetate_chain_initiation,high,ackA;acs;adh;adhE;aldh;bcd;crt;etfA;etfB;hbd;thl,"",11,12,0.9333333333333333,1.0,1.0
FW_TWAS_rep_2,GCA_965229115.1,0.0016028344862493674,X_ac_lac,0.0,false,true,lactate_acetate_chain_initiation,none,ackA;acs;bcd;crt;etfA;etfB;hbd;thl,lctD;one_of(lctB|lctC);one_of(pfor),8,13,0.625,0.625,0.8888888888888888
FW_TWAS_rep_2,GCA_965229115.1,0.0016028344862493674,X_chain_et,1.0,true,true,ethanol_reverse_beta_oxidation,high,adh;adhE;aldh;bcd;cat;crt;etfA;etfB;hbd;thl,"",10,10,1.0,1.0,1.0
FW_TWAS_rep_2,GCA_965229115.1,0.0016028344862493674,X_chain_lac,0.0,false,true,lactate_reverse_beta_oxidation,none,bcd;cat;crt;etfA;etfB;hbd;thl,lctD;one_of(lctB|lctC);one_of(pfor),7,11,0.6428571428571429,0.7,0.7777777777777778
FW_TWAS_rep_2,GCA_965229115.1,0.0016028344862493674,X_VFA_deg,1.0,true,true,syntrophic_butyrate_oxidation,high,bcd;crt;etfA;etfB;fdhA;hbd;hydA;rnfB;thl,"",9,9,1.0,1.0,1.0
FW_TWAS_rep_2,GCA_965229115.1,0.0016028344862493674,X_Me_ac,0.0,false,true,acetoclastic_ack_pta,none,ackA,mcrA;pta;one_of(cdhC|cdhD|cdhE),1,8,0.1111111111111111,0.25,0.2
FW_TWAS_rep_2,GCA_965229115.1,0.0016028344862493674,X_Me_CO2,0.0,false,true,hydrogenotrophic_core,none,fwdA;mer,mcrA;one_of(ftr);one_of(mch),2,8,0.2222222222222222,0.4,0.3333333333333333
FW_TWAS_rep_2,GCA_965229115.1,0.0016028344862493674,X_et,0.9,true,true,ethanol_to_acetyl_coa,high,ackA;acs;adh;adhE;aldh,"",5,6,0.9,1.0,1.0
FW_TWAS_rep_2,GCA_965229115.1,0.0016028344862493674,X_lac,0.040138888888888884,false,true,lactate_to_pyruvate,partial,rnfB,lctD;pfor,1,5,0.125,0.3333333333333333,0.3333333333333333
FW_TWAS_rep_2,GCA_937858715.1,0.001560654631348068,X_ch,1.0,true,true,pectin_utilization,high,cazy_CE8;cazy_GH43;cazy_PL1;susC;susD,"",5,5,1.0,1.0,1.0
FW_TWAS_rep_2,GCA_937858715.1,0.001560654631348068,X_pr,0.7272727272727273,true,true,proteolysis_and_peptide_import,medium,dtpT;endopeptidase;extracellular_protease;pepN;pepO,"",5,7,0.7272727272727273,1.0,1.0
FW_TWAS_rep_2,GCA_937858715.1,0.001560654631348068,X_li,0.5,true,true,lipolysis,low,acylglycerol_lipase;fadD;lysophospholipase,"",3,6,0.5,1.0,1.0
FW_TWAS_rep_2,GCA_937858715.1,0.001560654631348068,X_su,0.9230769230769231,true,true,entner_doudoroff,high,adhE;eda;edd;gapA;glcP;lctD;pfor;pyk,"",8,9,0.9230769230769231,1.0,1.0
FW_TWAS_rep_2,GCA_937858715.1,0.001560654631348068,X_aa,0.8,true,true,general_amino_acid_catabolism,medium,dtpT;gdh;ilvE;pfor;tdcB,"",5,7,0.8,1.0,1.0
FW_TWAS_rep_2,GCA_937858715.1,0.001560654631348068,X_fa,1.0,true,true,lcfa_beta_oxidation,high,etfA;etfB;fadA;fadB;fadD;fadE,"",6,6,1.0,1.0,1.0
FW_TWAS_rep_2,GCA_937858715.1,0.001560654631348068,X_ac_et,0.9333333333333333,true,true,ethanol_acetate_chain_initiation,high,ackA;acs;adh;adhE;bcd;crt;etfA;etfB;hbd;pta;thl,"",11,12,0.9333333333333333,1.0,1.0
FW_TWAS_rep_2,GCA_937858715.1,0.001560654631348068,X_ac_lac,1.0,true,true,lactate_acetate_chain_initiation,high,ackA;acs;bcd;crt;etfA;etfB;hbd;lctB;lctC;lctD;pfor;pta;thl,"",13,13,1.0,1.0,1.0
FW_TWAS_rep_2,GCA_937858715.1,0.001560654631348068,X_chain_et,0.9230769230769231,true,true,ethanol_reverse_beta_oxidation,high,adh;adhE;bcd;cat;crt;etfA;etfB;hbd;thl,"",9,10,0.9230769230769231,1.0,1.0
FW_TWAS_rep_2,GCA_937858715.1,0.001560654631348068,X_chain_lac,1.0,true,true,lactate_reverse_beta_oxidation,high,bcd;cat;crt;etfA;etfB;hbd;lctB;lctC;lctD;pfor;thl,"",11,11,1.0,1.0,1.0
FW_TWAS_rep_2,GCA_937858715.1,0.001560654631348068,X_VFA_deg,1.0,true,true,syntrophic_butyrate_oxidation,high,bcd;crt;etfA;etfB;fdhA;hbd;hydA;rnfB;thl,"",9,9,1.0,1.0,1.0
FW_TWAS_rep_2,GCA_937858715.1,0.001560654631348068,X_Me_ac,0.0,false,true,acetoclastic_ack_pta,none,ackA;pta,mcrA;one_of(cdhC|cdhD|cdhE),2,8,0.2222222222222222,0.5,0.4
FW_TWAS_rep_2,GCA_937858715.1,0.001560654631348068,X_Me_CO2,0.0,false,true,hydrogenotrophic_core,none,fwdA,mcrA;one_of(ftr);one_of(mch);one_of(mtd|mer),1,8,0.1111111111111111,0.2,0.16666666666666666
FW_TWAS_rep_2,GCA_937858715.1,0.001560654631348068,X_et,0.8,true,true,ethanol_to_acetyl_coa,medium,ackA;acs;adh;adhE;pta,"",5,6,0.8,1.0,1.0
FW_TWAS_rep_2,GCA_937858715.1,0.001560654631348068,X_lac,1.0,true,true,lactate_to_pyruvate,high,lctB;lctC;lctD;pfor;rnfB,"",5,5,1.0,1.0,1.0
FW_TWAS_rep_2,GCF_030238425.1,0.001518474776446769,X_ch,0.8571428571428571,true,true,starch_utilization,medium,agl;cazy_GH13;susC,"",3,4,0.8571428571428571,1.0,1.0
FW_TWAS_rep_2,GCF_030238425.1,0.001518474776446769,X_pr,0.9411764705882353,true,true,peptide_scavenging,high,dppA;dppB;dppC;dtpT;endopeptidase;oppA;oppB;pepA;pepD;pepN;pepQ;pepT,"",12,13,0.9411764705882353,1.0,1.0
FW_TWAS_rep_2,GCF_030238425.1,0.001518474776446769,X_li,0.6666666666666666,true,true,lipolysis,low,acylglycerol_lipase;fadD;lysophospholipase;phospholipase,"",4,6,0.6666666666666666,1.0,1.0
FW_TWAS_rep_2,GCF_030238425.1,0.001518474776446769,X_su,1.0,true,true,hexose_fermentation,high,adhE;gapA;glcP;lctD;pfkA;pfor;pgi;ptsG;pyk,"",9,9,1.0,1.0,1.0
FW_TWAS_rep_2,GCF_030238425.1,0.001518474776446769,X_aa,1.0,true,true,general_amino_acid_catabolism,high,dppA;dtpT;gdh;ilvE;oppA;pfor;tdcB,"",7,7,1.0,1.0,1.0
FW_TWAS_rep_2,GCF_030238425.1,0.001518474776446769,X_fa,0.9,true,true,lcfa_beta_oxidation,high,etfA;fadA;fadB;fadD;fadE,"",5,6,0.9,1.0,1.0
FW_TWAS_rep_2,GCF_030238425.1,0.001518474776446769,X_ac_et,0.0,false,true,ethanol_acetate_chain_initiation,none,ackA;acs;adh;adhE;aldh;bcd;crt;etfA;hbd;pta;thl,etfB,11,12,0.9333333333333333,0.8571428571428571,1.0
FW_TWAS_rep_2,GCF_030238425.1,0.001518474776446769,X_ac_lac,0.0,false,true,lactate_acetate_chain_initiation,none,ackA;acs;bcd;crt;etfA;hbd;lctB;lctC;lctD;pfor;pta;thl,etfB,12,13,0.9375,0.875,1.0
FW_TWAS_rep_2,GCF_030238425.1,0.001518474776446769,X_chain_et,0.0,false,true,ethanol_reverse_beta_oxidation,none,adh;adhE;aldh;bcd;cat;crt;etfA;hbd;thl,etfB,9,10,0.9230769230769231,0.8888888888888888,1.0
FW_TWAS_rep_2,GCF_030238425.1,0.001518474776446769,X_chain_lac,0.0,false,true,lactate_reverse_beta_oxidation,none,bcd;cat;crt;etfA;hbd;lctB;lctC;lctD;pfor;thl,etfB,10,11,0.9285714285714286,0.9,1.0
FW_TWAS_rep_2,GCF_030238425.1,0.001518474776446769,X_VFA_deg,0.8421875,false,true,syntrophic_butyrate_oxidation,partial,bcd;crt;etfA;fdhA;hbd;hydA;rnfB;thl,etfB,8,9,0.9166666666666666,0.875,1.0
FW_TWAS_rep_2,GCF_030238425.1,0.001518474776446769,X_Me_ac,0.0,false,true,acetoclastic_ack_pta,none,ackA;pta,mcrA;one_of(cdhC|cdhD|cdhE),2,8,0.2222222222222222,0.5,0.4
FW_TWAS_rep_2,GCF_030238425.1,0.001518474776446769,X_Me_CO2,0.0,false,true,hydrogenotrophic_core,none,mer,mcrA;one_of(fwdA);one_of(ftr);one_of(mch),1,8,0.1111111111111111,0.2,0.16666666666666666
FW_TWAS_rep_2,GCF_030238425.1,0.001518474776446769,X_et,1.0,true,true,ethanol_to_acetyl_coa,high,ackA;acs;adh;adhE;aldh;pta,"",6,6,1.0,1.0,1.0
FW_TWAS_rep_2,GCF_030238425.1,0.001518474776446769,X_lac,1.0,true,true,lactate_to_pyruvate,high,lctB;lctC;lctD;pfor;rnfB,"",5,5,1.0,1.0,1.0
FW_TWAS_rep_2,GCA_044369385.1,0.001518474776446769,X_ch,0.0,false,true,xylan_utilization,none,"",xylA;xylB;one_of(cazy_GH10|cazy_GH11);one_of(cazy_GH43|cazy_CBM6),0,6,0.0,0.0,0.0
FW_TWAS_rep_2,GCA_044369385.1,0.001518474776446769,X_pr,0.6470588235294118,true,true,peptide_scavenging,low,dppA;dppB;dppC;oppA;oppB;pepA;pepN;pepQ;pepT,"",9,13,0.6470588235294118,1.0,1.0
FW_TWAS_rep_2,GCA_044369385.1,0.001518474776446769,X_li,0.5833333333333334,true,true,lipolysis,low,acylglycerol_lipase;esterase;fadD;lysophospholipase,"",4,6,0.5833333333333334,1.0,1.0
FW_TWAS_rep_2,GCA_044369385.1,0.001518474776446769,X_su,0.8461538461538461,true,true,entner_doudoroff,medium,adhE;eda;edd;gapA;glcP;lctD;pyk,"",7,9,0.8461538461538461,1.0,1.0
FW_TWAS_rep_2,GCA_044369385.1,0.001518474776446769,X_aa,0.3230357142857143,false,true,proline_stickland,partial,oppA;oppB;prdB,prdA;one_of(pfor),3,5,0.5714285714285714,0.5,0.75
FW_TWAS_rep_2,GCA_044369385.1,0.001518474776446769,X_fa,1.0,true,true,lcfa_beta_oxidation,high,etfA;etfB;fadA;fadB;fadD;fadE,"",6,6,1.0,1.0,1.0
FW_TWAS_rep_2,GCA_044369385.1,0.001518474776446769,X_ac_et,0.8666666666666667,true,true,ethanol_acetate_chain_initiation,medium,acs;adh;adhE;bcd;crt;etfA;etfB;hbd;pta;thl,"",10,12,0.8666666666666667,1.0,1.0
FW_TWAS_rep_2,GCA_044369385.1,0.001518474776446769,X_ac_lac,0.0,false,true,lactate_acetate_chain_initiation,none,acs;bcd;crt;etfA;etfB;hbd;lctB;lctC;lctD;pta;thl,one_of(pfor),11,13,0.875,0.875,1.0
FW_TWAS_rep_2,GCA_044369385.1,0.001518474776446769,X_chain_et,0.9230769230769231,true,true,ethanol_reverse_beta_oxidation,high,adh;adhE;bcd;cat;crt;etfA;etfB;hbd;thl,"",9,10,0.9230769230769231,1.0,1.0
FW_TWAS_rep_2,GCA_044369385.1,0.001518474776446769,X_chain_lac,0.0,false,true,lactate_reverse_beta_oxidation,none,bcd;cat;crt;etfA;etfB;hbd;lctB;lctC;lctD;thl,one_of(pfor),10,11,0.9285714285714286,0.9,1.0
FW_TWAS_rep_2,GCA_044369385.1,0.001518474776446769,X_VFA_deg,1.0,true,true,syntrophic_butyrate_oxidation,high,bcd;crt;etfA;etfB;fdhA;hbd;hydA;rnfB;thl,"",9,9,1.0,1.0,1.0
FW_TWAS_rep_2,GCA_044369385.1,0.001518474776446769,X_Me_ac,0.0,false,true,acetoclastic_ack_pta,none,pta,mcrA;ackA;one_of(cdhC|cdhD|cdhE),1,8,0.1111111111111111,0.25,0.2
FW_TWAS_rep_2,GCA_044369385.1,0.001518474776446769,X_Me_CO2,0.0,false,true,hydrogenotrophic_core,none,fwdA;mer,mcrA;one_of(ftr);one_of(mch),2,8,0.2222222222222222,0.4,0.3333333333333333
FW_TWAS_rep_2,GCA_044369385.1,0.001518474776446769,X_et,0.7,true,true,ethanol_to_acetyl_coa,medium,acs;adh;adhE;pta,"",4,6,0.7,1.0,1.0
FW_TWAS_rep_2,GCA_044369385.1,0.001518474776446769,X_lac,0.5875,false,true,lactate_to_pyruvate,partial,lctB;lctC;lctD;rnfB,pfor,4,5,0.75,0.6666666666666666,1.0
FW_TWAS_rep_2,GCA_044351045.1,0.0013497553568415724,X_ch,0.5714285714285714,false,true,starch_utilization,partial,cazy_GH13;susC,"",2,4,0.5714285714285714,1.0,1.0
FW_TWAS_rep_2,GCA_044351045.1,0.0013497553568415724,X_pr,0.8181818181818182,true,true,proteolysis_and_peptide_import,medium,endopeptidase;extracellular_protease;oppA;oppB;pepN,"",5,7,0.8181818181818182,1.0,1.0
FW_TWAS_rep_2,GCA_044351045.1,0.0013497553568415724,X_li,0.5,true,true,lipolysis,low,acylglycerol_lipase;fadD;lysophospholipase,"",3,6,0.5,1.0,1.0
FW_TWAS_rep_2,GCA_044351045.1,0.0013497553568415724,X_su,0.3613952020202021,false,true,hexose_fermentation,partial,adhE;gapA;pfkA;pgi;pyk,one_of(ptsG|glcP),5,9,0.45454545454545453,0.8333333333333334,0.8333333333333334
FW_TWAS_rep_2,GCA_044351045.1,0.0013497553568415724,X_aa,0.47,false,true,general_amino_acid_catabolism,partial,dppA;ilvE;oppA;tdcB,one_of(pfor),4,7,0.6,0.6666666666666666,1.0
FW_TWAS_rep_2,GCA_044351045.1,0.0013497553568415724,X_fa,0.046079999999999996,false,true,lcfa_beta_oxidation,partial,fadD,fadE;fadB;fadA;one_of(etfA|etfB),1,6,0.2,0.2,0.2
FW_TWAS_rep_2,GCA_044351045.1,0.0013497553568415724,X_ac_et,0.0,false,true,ethanol_acetate_chain_initiation,none,ackA;acs;adh;adhE;aldh;crt;pta,thl;bcd;etfA;etfB,7,12,0.5333333333333333,0.42857142857142855,0.875
FW_TWAS_rep_2,GCA_044351045.1,0.0013497553568415724,X_ac_lac,0.0,false,true,lactate_acetate_chain_initiation,none,ackA;acs;crt;lctB;lctC;pta,thl;bcd;etfA;etfB;lctD;one_of(pfor),6,13,0.375,0.25,0.6666666666666666
FW_TWAS_rep_2,GCA_044351045.1,0.0013497553568415724,X_chain_et,0.0,false,true,ethanol_reverse_beta_oxidation,none,adh;adhE;aldh;crt,bcd;etfA;etfB;cat;one_of(thl);one_of(hbd),4,10,0.38461538461538464,0.3333333333333333,0.5
FW_TWAS_rep_2,GCA_044351045.1,0.0013497553568415724,X_chain_lac,0.0,false,true,lactate_reverse_beta_oxidation,none,crt;lctB;lctC,bcd;etfA;etfB;cat;lctD;one_of(thl);one_of(hbd);one_of(pfor),3,11,0.21428571428571427,0.2,0.3333333333333333
FW_TWAS_rep_2,GCA_044351045.1,0.0013497553568415724,X_VFA_deg,0.255234375,false,true,syntrophic_propionate_mmc,partial,fdhA;hydA;mdh;sucC;sucD,mmcE;mmcF;mmcG;one_of(fumB),5,10,0.5,0.5,0.625
FW_TWAS_rep_2,GCA_044351045.1,0.0013497553568415724,X_Me_ac,0.0,false,true,acetoclastic_ack_pta,none,ackA;cdhC;pta,mcrA,3,8,0.3333333333333333,0.75,0.6
FW_TWAS_rep_2,GCA_044351045.1,0.0013497553568415724,X_Me_CO2,0.0,false,true,hydrogenotrophic_core,none,ftr;fwdA;mch,mcrA;one_of(mtd|mer),3,8,0.3333333333333333,0.6,0.5
FW_TWAS_rep_2,GCA_044351045.1,0.0013497553568415724,X_et,1.0,true,true,ethanol_to_acetyl_coa,high,ackA;acs;adh;adhE;aldh;pta,"",6,6,1.0,1.0,1.0
FW_TWAS_rep_2,GCA_044351045.1,0.0013497553568415724,X_lac,0.2125,false,true,lactate_to_pyruvate,partial,lctB;lctC;rnfB,lctD;pfor,3,5,0.375,0.3333333333333333,1.0
FW_TWAS_rep_2,GCA_964560345.1,0.0013075755019402733,X_ch,1.0,true,true,starch_utilization,high,agl;cazy_GH13;susC;susD,"",4,4,1.0,1.0,1.0
FW_TWAS_rep_2,GCA_964560345.1,0.0013075755019402733,X_pr,1.0,true,true,proteolysis_and_peptide_import,high,dtpT;endopeptidase;extracellular_protease;oppA;oppB;pepN;pepO,"",7,7,1.0,1.0,1.0
FW_TWAS_rep_2,GCA_964560345.1,0.0013075755019402733,X_li,0.5833333333333334,true,true,lipolysis,low,acylglycerol_lipase;esterase;fadD;lysophospholipase,"",4,6,0.5833333333333334,1.0,1.0
FW_TWAS_rep_2,GCA_964560345.1,0.0013075755019402733,X_su,0.8181818181818182,true,true,hexose_fermentation,medium,adhE;gapA;glcP;lctD;pfkA;pfor;pgi;pyk,"",8,9,0.8181818181818182,1.0,1.0
FW_TWAS_rep_2,GCA_964560345.1,0.0013075755019402733,X_aa,1.0,true,true,general_amino_acid_catabolism,high,dppA;dtpT;gdh;ilvE;oppA;pfor;tdcB,"",7,7,1.0,1.0,1.0
FW_TWAS_rep_2,GCA_964560345.1,0.0013075755019402733,X_fa,1.0,true,true,lcfa_beta_oxidation,high,etfA;etfB;fadA;fadB;fadD;fadE,"",6,6,1.0,1.0,1.0
FW_TWAS_rep_2,GCA_964560345.1,0.0013075755019402733,X_ac_et,0.9333333333333333,true,true,ethanol_acetate_chain_initiation,high,acs;adh;adhE;aldh;bcd;crt;etfA;etfB;hbd;pta;thl,"",11,12,0.9333333333333333,1.0,1.0
FW_TWAS_rep_2,GCA_964560345.1,0.0013075755019402733,X_ac_lac,0.9375,true,true,lactate_acetate_chain_initiation,high,acs;bcd;crt;etfA;etfB;hbd;lctB;lctC;lctD;pfor;pta;thl,"",12,13,0.9375,1.0,1.0
FW_TWAS_rep_2,GCA_964560345.1,0.0013075755019402733,X_chain_et,1.0,true,true,ethanol_reverse_beta_oxidation,high,adh;adhE;aldh;bcd;cat;crt;etfA;etfB;hbd;thl,"",10,10,1.0,1.0,1.0
FW_TWAS_rep_2,GCA_964560345.1,0.0013075755019402733,X_chain_lac,1.0,true,true,lactate_reverse_beta_oxidation,high,bcd;cat;crt;etfA;etfB;hbd;lctB;lctC;lctD;pfor;thl,"",11,11,1.0,1.0,1.0
FW_TWAS_rep_2,GCA_964560345.1,0.0013075755019402733,X_VFA_deg,1.0,true,true,syntrophic_propionate_mmc,high,fdhA;fumB;hydA;mdh;mmcE;mmcF;mmcG;pfor;sucC;sucD,"",10,10,1.0,1.0,1.0
FW_TWAS_rep_2,GCA_964560345.1,0.0013075755019402733,X_Me_ac,0.0,false,true,acetoclastic_ack_pta,none,pta,mcrA;ackA;one_of(cdhC|cdhD|cdhE),1,8,0.1111111111111111,0.25,0.2
FW_TWAS_rep_2,GCA_964560345.1,0.0013075755019402733,X_Me_CO2,0.0,false,true,hydrogenotrophic_core,none,fwdA;mer,mcrA;one_of(ftr);one_of(mch),2,8,0.2222222222222222,0.4,0.3333333333333333
FW_TWAS_rep_2,GCA_964560345.1,0.0013075755019402733,X_et,0.9,true,true,ethanol_to_acetyl_coa,high,acs;adh;adhE;aldh;pta,"",5,6,0.9,1.0,1.0
FW_TWAS_rep_2,GCA_964560345.1,0.0013075755019402733,X_lac,1.0,true,true,lactate_to_pyruvate,high,lctB;lctC;lctD;pfor;rnfB,"",5,5,1.0,1.0,1.0
FW_TWAS_rep_2,GCA_963712105.1,0.003205668972498735,X_ch,0.7142857142857143,true,true,starch_utilization,medium,agl;cazy_GH13,"",2,4,0.7142857142857143,1.0,1.0
FW_TWAS_rep_2,GCA_963712105.1,0.003205668972498735,X_pr,0.8181818181818182,true,true,proteolysis_and_peptide_import,medium,endopeptidase;extracellular_protease;oppA;oppB;pepN,"",5,7,0.8181818181818182,1.0,1.0
FW_TWAS_rep_2,GCA_963712105.1,0.003205668972498735,X_li,0.9166666666666666,true,true,lipolysis,high,acylglycerol_lipase;fadD;lipase;lysophospholipase;phospholipase,"",5,6,0.9166666666666666,1.0,1.0
FW_TWAS_rep_2,GCA_963712105.1,0.003205668972498735,X_su,0.9230769230769231,true,true,entner_doudoroff,high,adhE;eda;edd;gapA;glcP;lctD;pfor;pyk,"",8,9,0.9230769230769231,1.0,1.0
FW_TWAS_rep_2,GCA_963712105.1,0.003205668972498735,X_aa,0.9,true,true,general_amino_acid_catabolism,high,dppA;gdh;ilvE;oppA;pfor;tdcB,"",6,7,0.9,1.0,1.0
FW_TWAS_rep_2,GCA_963712105.1,0.003205668972498735,X_fa,1.0,true,true,lcfa_beta_oxidation,high,etfA;etfB;fadA;fadB;fadD;fadE,"",6,6,1.0,1.0,1.0
FW_TWAS_rep_2,GCA_963712105.1,0.003205668972498735,X_ac_et,1.0,true,true,ethanol_acetate_chain_initiation,high,ackA;acs;adh;adhE;aldh;bcd;crt;etfA;etfB;hbd;pta;thl,"",12,12,1.0,1.0,1.0
FW_TWAS_rep_2,GCA_963712105.1,0.003205668972498735,X_ac_lac,1.0,true,true,lactate_acetate_chain_initiation,high,ackA;acs;bcd;crt;etfA;etfB;hbd;lctB;lctC;lctD;pfor;pta;thl,"",13,13,1.0,1.0,1.0
FW_TWAS_rep_2,GCA_963712105.1,0.003205668972498735,X_chain_et,1.0,true,true,ethanol_reverse_beta_oxidation,high,adh;adhE;aldh;bcd;cat;crt;etfA;etfB;hbd;thl,"",10,10,1.0,1.0,1.0
FW_TWAS_rep_2,GCA_963712105.1,0.003205668972498735,X_chain_lac,1.0,true,true,lactate_reverse_beta_oxidation,high,bcd;cat;crt;etfA;etfB;hbd;lctB;lctC;lctD;pfor;thl,"",11,11,1.0,1.0,1.0
FW_TWAS_rep_2,GCA_963712105.1,0.003205668972498735,X_VFA_deg,1.0,true,true,syntrophic_butyrate_oxidation,high,bcd;crt;etfA;etfB;fdhA;hbd;hydA;rnfB;thl,"",9,9,1.0,1.0,1.0
FW_TWAS_rep_2,GCA_963712105.1,0.003205668972498735,X_Me_ac,0.0,false,true,acetoclastic_ack_pta,none,ackA;pta,mcrA;one_of(cdhC|cdhD|cdhE),2,8,0.2222222222222222,0.5,0.4
FW_TWAS_rep_2,GCA_963712105.1,0.003205668972498735,X_Me_CO2,0.0,false,true,hydrogenotrophic_core,none,fwdA,mcrA;one_of(ftr);one_of(mch);one_of(mtd|mer),1,8,0.1111111111111111,0.2,0.16666666666666666
FW_TWAS_rep_2,GCA_963712105.1,0.003205668972498735,X_et,1.0,true,true,ethanol_to_acetyl_coa,high,ackA;acs;adh;adhE;aldh;pta,"",6,6,1.0,1.0,1.0
FW_TWAS_rep_2,GCA_963712105.1,0.003205668972498735,X_lac,1.0,true,true,lactate_to_pyruvate,high,lctB;lctC;lctD;pfor;rnfB,"",5,5,1.0,1.0,1.0
FW_TWAS_rep_2,GCA_041908585.1,0.0011388560823350768,X_ch,0.8571428571428571,true,true,starch_utilization,medium,agl;cazy_GH13;susC,"",3,4,0.8571428571428571,1.0,1.0
FW_TWAS_rep_2,GCA_041908585.1,0.0011388560823350768,X_pr,0.8181818181818182,true,true,proteolysis_and_peptide_import,medium,dtpT;endopeptidase;extracellular_protease;oppA;pepN,"",5,7,0.8181818181818182,1.0,1.0
FW_TWAS_rep_2,GCA_041908585.1,0.0011388560823350768,X_li,0.5,true,true,lipolysis,low,acylglycerol_lipase;fadD;phospholipase,"",3,6,0.5,1.0,1.0
FW_TWAS_rep_2,GCA_041908585.1,0.0011388560823350768,X_su,0.48636363636363633,false,true,hexose_fermentation,partial,adhE;gapA;pfkA;pfor;pgi;pyk,one_of(ptsG|glcP),6,9,0.5454545454545454,0.8333333333333334,1.0
FW_TWAS_rep_2,GCA_041908585.1,0.0011388560823350768,X_aa,1.0,true,true,general_amino_acid_catabolism,high,dppA;dtpT;gdh;ilvE;oppA;pfor;tdcB,"",7,7,1.0,1.0,1.0
FW_TWAS_rep_2,GCA_041908585.1,0.0011388560823350768,X_fa,1.0,true,true,lcfa_beta_oxidation,high,etfA;etfB;fadA;fadB;fadD;fadE,"",6,6,1.0,1.0,1.0
FW_TWAS_rep_2,GCA_041908585.1,0.0011388560823350768,X_ac_et,1.0,true,true,ethanol_acetate_chain_initiation,high,ackA;acs;adh;adhE;aldh;bcd;crt;etfA;etfB;hbd;pta;thl,"",12,12,1.0,1.0,1.0
FW_TWAS_rep_2,GCA_041908585.1,0.0011388560823350768,X_ac_lac,0.0,false,true,lactate_acetate_chain_initiation,none,ackA;acs;bcd;crt;etfA;etfB;hbd;lctB;lctC;pfor;pta;thl,lctD,12,13,0.875,0.875,1.0
FW_TWAS_rep_2,GCA_041908585.1,0.0011388560823350768,X_chain_et,0.0,false,true,ethanol_reverse_beta_oxidation,none,adh;adhE;aldh;bcd;crt;etfA;etfB;hbd;thl,cat,9,10,0.8461538461538461,0.8888888888888888,1.0
FW_TWAS_rep_2,GCA_041908585.1,0.0011388560823350768,X_chain_lac,0.0,false,true,lactate_reverse_beta_oxidation,none,bcd;crt;etfA;etfB;hbd;lctB;lctC;pfor;thl,cat;lctD,9,11,0.7142857142857143,0.8,1.0
FW_TWAS_rep_2,GCA_041908585.1,0.0011388560823350768,X_VFA_deg,1.0,true,true,syntrophic_propionate_mmc,high,fdhA;fumB;hydA;mdh;mmcE;mmcF;mmcG;pfor;sucC;sucD,"",10,10,1.0,1.0,1.0
FW_TWAS_rep_2,GCA_041908585.1,0.0011388560823350768,X_Me_ac,0.0,false,true,acetoclastic_ack_pta,none,ackA;pta,mcrA;one_of(cdhC|cdhD|cdhE),2,8,0.2222222222222222,0.5,0.4
FW_TWAS_rep_2,GCA_041908585.1,0.0011388560823350768,X_Me_CO2,0.0,false,true,hydrogenotrophic_core,none,"",mcrA;one_of(fwdA);one_of(ftr);one_of(mch);one_of(mtd|mer),0,8,0.0,0.0,0.0
FW_TWAS_rep_2,GCA_041908585.1,0.0011388560823350768,X_et,1.0,true,true,ethanol_to_acetyl_coa,high,ackA;acs;adh;adhE;aldh;pta,"",6,6,1.0,1.0,1.0
FW_TWAS_rep_2,GCA_041908585.1,0.0011388560823350768,X_lac,0.4895833333333333,false,true,lactate_to_pyruvate,partial,lctB;lctC;pfor;rnfB,lctD,4,5,0.625,0.6666666666666666,1.0
FW_TWAS_rep_2,GCA_039808765.1,0.0011388560823350768,X_ch,0.0,false,true,xylan_utilization,none,"",xylA;xylB;one_of(cazy_GH10|cazy_GH11);one_of(cazy_GH43|cazy_CBM6),0,6,0.0,0.0,0.0
FW_TWAS_rep_2,GCA_039808765.1,0.0011388560823350768,X_pr,0.6470588235294118,true,true,peptide_scavenging,low,dppA;dppB;dppC;endopeptidase;oppA;oppB;pepA;pepQ,"",8,13,0.6470588235294118,1.0,1.0
FW_TWAS_rep_2,GCA_039808765.1,0.0011388560823350768,X_li,0.5,true,true,lipolysis,low,acylglycerol_lipase;fadD;lysophospholipase,"",3,6,0.5,1.0,1.0
FW_TWAS_rep_2,GCA_039808765.1,0.0011388560823350768,X_su,0.22313131313131312,false,true,hexose_fermentation,partial,gapA;pfkA;pgi;pyk,one_of(ptsG|glcP);one_of(pfor|adhE|lctD),4,9,0.36363636363636365,0.6666666666666666,0.6666666666666666
FW_TWAS_rep_2,GCA_039808765.1,0.0011388560823350768,X_aa,0.47,false,true,general_amino_acid_catabolism,partial,dppA;gdh;ilvE;oppA,one_of(pfor),4,7,0.6,0.6666666666666666,1.0
FW_TWAS_rep_2,GCA_039808765.1,0.0011388560823350768,X_fa,0.32856,false,true,lcfa_beta_oxidation,partial,fadA;fadB;fadD,fadE;one_of(etfA|etfB),3,6,0.6,0.6,0.6
FW_TWAS_rep_2,GCA_039808765.1,0.0011388560823350768,X_ac_et,0.0,false,true,ethanol_acetate_chain_initiation,none,ackA;acs;adh;crt;hbd;pta;thl,bcd;etfA;etfB;one_of(adhE|aldh),7,12,0.5333333333333333,0.42857142857142855,0.875
FW_TWAS_rep_2,GCA_039808765.1,0.0011388560823350768,X_ac_lac,0.0,false,true,lactate_acetate_chain_initiation,none,ackA;acs;crt;hbd;pta;thl,bcd;etfA;etfB;lctD;one_of(lctB|lctC);one_of(pfor),6,13,0.4375,0.25,0.6666666666666666
FW_TWAS_rep_2,GCA_039808765.1,0.0011388560823350768,X_chain_et,0.0,false,true,ethanol_reverse_beta_oxidation,none,adh;cat;crt;hbd;thl,bcd;etfA;etfB;one_of(adhE|aldh),5,10,0.46153846153846156,0.5555555555555556,0.625
FW_TWAS_rep_2,GCA_039808765.1,0.0011388560823350768,X_chain_lac,0.0,false,true,lactate_reverse_beta_oxidation,none,cat;crt;hbd;thl,bcd;etfA;etfB;lctD;one_of(lctB|lctC);one_of(pfor),4,11,0.35714285714285715,0.4,0.4444444444444444
FW_TWAS_rep_2,GCA_039808765.1,0.0011388560823350768,X_VFA_deg,0.45735119047619044,false,true,syntrophic_butyrate_oxidation,partial,crt;fdhA;hbd;hydA;rnfB;thl,bcd;etfA;etfB,6,9,0.6666666666666666,0.625,0.8571428571428571
FW_TWAS_rep_2,GCA_039808765.1,0.0011388560823350768,X_Me_ac,0.0,false,true,acetoclastic_ack_pta,none,ackA;pta,mcrA;one_of(cdhC|cdhD|cdhE),2,8,0.2222222222222222,0.5,0.4
FW_TWAS_rep_2,GCA_039808765.1,0.0011388560823350768,X_Me_CO2,0.0,false,true,hydrogenotrophic_core,none,"",mcrA;one_of(fwdA);one_of(ftr);one_of(mch);one_of(mtd|mer),0,8,0.0,0.0,0.0
FW_TWAS_rep_2,GCA_039808765.1,0.0011388560823350768,X_et,0.39166666666666666,false,true,ethanol_to_acetyl_coa,partial,ackA;acs;adh;pta,one_of(adhE|aldh),4,6,0.5,0.6666666666666666,1.0
FW_TWAS_rep_2,GCA_039808765.1,0.0011388560823350768,X_lac,0.040138888888888884,false,true,lactate_to_pyruvate,partial,rnfB,lctD;pfor,1,5,0.125,0.3333333333333333,0.3333333333333333
FW_TWAS_rep_2,GCA_964247385.1,0.0011388560823350768,X_ch,0.7142857142857143,true,true,starch_utilization,medium,agl;cazy_GH13,"",2,4,0.7142857142857143,1.0,1.0
FW_TWAS_rep_2,GCA_964247385.1,0.0011388560823350768,X_pr,0.7272727272727273,true,true,proteolysis_and_peptide_import,medium,dtpT;extracellular_protease;oppA;oppB;pepO,"",5,7,0.7272727272727273,1.0,1.0
FW_TWAS_rep_2,GCA_964247385.1,0.0011388560823350768,X_li,0.5,true,true,lipolysis,low,acylglycerol_lipase;fadD;lysophospholipase,"",3,6,0.5,1.0,1.0
FW_TWAS_rep_2,GCA_964247385.1,0.0011388560823350768,X_su,0.3613952020202021,false,true,hexose_fermentation,partial,gapA;pfkA;pfor;pgi;pyk,one_of(ptsG|glcP),5,9,0.45454545454545453,0.8333333333333334,0.8333333333333334
FW_TWAS_rep_2,GCA_964247385.1,0.0011388560823350768,X_aa,1.0,true,true,general_amino_acid_catabolism,high,dppA;dtpT;gdh;ilvE;oppA;pfor;tdcB,"",7,7,1.0,1.0,1.0
FW_TWAS_rep_2,GCA_964247385.1,0.0011388560823350768,X_fa,1.0,true,true,lcfa_beta_oxidation,high,etfA;etfB;fadA;fadB;fadD;fadE,"",6,6,1.0,1.0,1.0
FW_TWAS_rep_2,GCA_964247385.1,0.0011388560823350768,X_ac_et,0.0,false,true,ethanol_acetate_chain_initiation,none,ackA;acs;aldh;bcd;crt;etfA;etfB;hbd;thl,one_of(adhE|adh),9,12,0.7333333333333333,0.8571428571428571,1.0
FW_TWAS_rep_2,GCA_964247385.1,0.0011388560823350768,X_ac_lac,0.0,false,true,lactate_acetate_chain_initiation,none,ackA;acs;bcd;crt;etfA;etfB;hbd;lctB;lctC;pfor;thl,lctD,11,13,0.8125,0.875,1.0
FW_TWAS_rep_2,GCA_964247385.1,0.0011388560823350768,X_chain_et,0.0,false,true,ethanol_reverse_beta_oxidation,none,aldh;bcd;cat;crt;etfA;etfB;hbd;thl,one_of(adhE|adh),8,10,0.7692307692307693,0.8888888888888888,1.0
FW_TWAS_rep_2,GCA_964247385.1,0.0011388560823350768,X_chain_lac,0.0,false,true,lactate_reverse_beta_oxidation,none,bcd;cat;crt;etfA;etfB;hbd;lctB;lctC;pfor;thl,lctD,10,11,0.8571428571428571,0.9,1.0
FW_TWAS_rep_2,GCA_964247385.1,0.0011388560823350768,X_VFA_deg,1.0,true,true,syntrophic_butyrate_oxidation,high,bcd;crt;etfA;etfB;fdhA;hbd;hydA;rnfB;thl,"",9,9,1.0,1.0,1.0
FW_TWAS_rep_2,GCA_964247385.1,0.0011388560823350768,X_Me_ac,0.0,false,true,acetoclastic_ack_pta,none,ackA;cdhC,mcrA;pta,2,8,0.2222222222222222,0.5,0.4
FW_TWAS_rep_2,GCA_964247385.1,0.0011388560823350768,X_Me_CO2,0.0,false,true,hydrogenotrophic_core,none,"",mcrA;one_of(fwdA);one_of(ftr);one_of(mch);one_of(mtd|mer),0,8,0.0,0.0,0.0
FW_TWAS_rep_2,GCA_964247385.1,0.0011388560823350768,X_et,0.31333333333333335,false,true,ethanol_to_acetyl_coa,partial,ackA;acs;aldh,one_of(adhE|adh),3,6,0.4,0.6666666666666666,1.0
FW_TWAS_rep_2,GCA_964247385.1,0.0011388560823350768,X_lac,0.4895833333333333,false,true,lactate_to_pyruvate,partial,lctB;lctC;pfor;rnfB,lctD,4,5,0.625,0.6666666666666666,1.0
FW_TWAS_rep_2,GCA_013287665.1,0.0010123165176311793,X_ch,0.0,false,true,xylan_utilization,none,"",xylA;xylB;one_of(cazy_GH10|cazy_GH11);one_of(cazy_GH43|cazy_CBM6),0,6,0.0,0.0,0.0
FW_TWAS_rep_2,GCA_013287665.1,0.0010123165176311793,X_pr,0.045000000000000005,false,true,peptide_scavenging,partial,pepA;pepQ,one_of(oppA|dppA|dtpT);one_of(oppB|dppB|dppC|dtpT),2,13,0.11764705882352941,0.3333333333333333,0.5
FW_TWAS_rep_2,GCA_013287665.1,0.0010123165176311793,X_li,0.5,true,true,lipolysis,low,acylglycerol_lipase;fadD;lysophospholipase,"",3,6,0.5,1.0,1.0
FW_TWAS_rep_2,GCA_013287665.1,0.0010123165176311793,X_su,0.05838383838383838,false,true,hexose_fermentation,partial,pfkA;pgi,gapA;pyk;one_of(ptsG|glcP);one_of(pfor|adhE|lctD),2,9,0.18181818181818182,0.3333333333333333,0.3333333333333333
FW_TWAS_rep_2,GCA_013287665.1,0.0010123165176311793,X_aa,0.17755555555555558,false,true,general_amino_acid_catabolism,partial,gdh;tdcB,one_of(pfor);one_of(oppA|dppA|dtpT),2,7,0.4,0.3333333333333333,0.6666666666666666
FW_TWAS_rep_2,GCA_013287665.1,0.0010123165176311793,X_fa,1.0,true,true,lcfa_beta_oxidation,high,etfA;etfB;fadA;fadB;fadD;fadE,"",6,6,1.0,1.0,1.0
FW_TWAS_rep_2,GCA_013287665.1,0.0010123165176311793,X_ac_et,0.0,false,true,ethanol_acetate_chain_initiation,none,ackA;acs;adh;bcd;crt;etfA;etfB;hbd;pta;thl,one_of(adhE|aldh),10,12,0.8,0.8571428571428571,1.0
FW_TWAS_rep_2,GCA_013287665.1,0.0010123165176311793,X_ac_lac,0.0,false,true,lactate_acetate_chain_initiation,none,ackA;acs;bcd;crt;etfA;etfB;hbd;pta;thl,lctD;one_of(lctB|lctC);one_of(pfor),9,13,0.6875,0.625,1.0
FW_TWAS_rep_2,GCA_013287665.1,0.0010123165176311793,X_chain_et,0.0,false,true,ethanol_reverse_beta_oxidation,none,adh;bcd;crt;etfA;etfB;hbd;thl,cat;one_of(adhE|aldh),7,10,0.6153846153846154,0.7777777777777778,0.875
FW_TWAS_rep_2,GCA_013287665.1,0.0010123165176311793,X_chain_lac,0.0,false,true,lactate_reverse_beta_oxidation,none,bcd;crt;etfA;etfB;hbd;thl,cat;lctD;one_of(lctB|lctC);one_of(pfor),6,11,0.5,0.6,0.6666666666666666
FW_TWAS_rep_2,GCA_013287665.1,0.0010123165176311793,X_VFA_deg,0.8421875,false,true,syntrophic_butyrate_oxidation,partial,bcd;crt;etfA;etfB;fdhA;hbd;hydA;thl,one_of(rnfB),8,9,0.9166666666666666,0.875,1.0
FW_TWAS_rep_2,GCA_013287665.1,0.0010123165176311793,X_Me_ac,0.0,false,true,acetoclastic_ack_pta,none,ackA;pta,mcrA;one_of(cdhC|cdhD|cdhE),2,8,0.2222222222222222,0.5,0.4
FW_TWAS_rep_2,GCA_013287665.1,0.0010123165176311793,X_Me_CO2,0.0,false,true,hydrogenotrophic_core,none,"",mcrA;one_of(fwdA);one_of(ftr);one_of(mch);one_of(mtd|mer),0,8,0.0,0.0,0.0
FW_TWAS_rep_2,GCA_013287665.1,0.0010123165176311793,X_et,0.39166666666666666,false,true,ethanol_to_acetyl_coa,partial,ackA;acs;adh;pta,one_of(adhE|aldh),4,6,0.5,0.6666666666666666,1.0
FW_TWAS_rep_2,GCA_013287665.1,0.0010123165176311793,X_lac,0.0,false,true,lactate_to_pyruvate,none,"",lctD;pfor;one_of(lctB|lctC|rnfB),0,5,0.0,0.0,0.0
FW_TWAS_rep_2,GCA_937871805.1,0.0017293740509532647,X_ch,0.0656640625,false,true,xylan_utilization,partial,cazy_GH10,xylA;xylB;one_of(cazy_GH43|cazy_CBM6),1,6,0.25,0.25,0.25
FW_TWAS_rep_2,GCA_937871805.1,0.0017293740509532647,X_pr,0.4568181818181818,false,true,proteolysis_and_peptide_import,partial,extracellular_protease;oppA;pepN,"",3,7,0.5454545454545454,1.0,0.75
FW_TWAS_rep_2,GCA_937871805.1,0.0017293740509532647,X_li,0.0,false,true,lipolysis,none,"",one_of(lipase|lysophospholipase|acylglycerol_lipase|phospholipase);one_of(fadD|esterase),0,6,0.0,0.0,0.0
FW_TWAS_rep_2,GCA_937871805.1,0.0017293740509532647,X_su,0.05838383838383838,false,true,hexose_fermentation,partial,gapA;pyk,pgi;pfkA;one_of(ptsG|glcP);one_of(pfor|adhE|lctD),2,9,0.18181818181818182,0.3333333333333333,0.3333333333333333
FW_TWAS_rep_2,GCA_937871805.1,0.0017293740509532647,X_aa,0.08877777777777779,false,true,general_amino_acid_catabolism,partial,dppA;oppA,one_of(gdh|ilvE|tdcB);one_of(pfor),2,7,0.2,0.3333333333333333,0.6666666666666666
FW_TWAS_rep_2,GCA_937871805.1,0.0017293740509532647,X_fa,0.0,false,true,lcfa_beta_oxidation,none,"",fadD;fadE;fadB;fadA;one_of(etfA|etfB),0,6,0.0,0.0,0.0
FW_TWAS_rep_2,GCA_937871805.1,0.0017293740509532647,X_ac_et,0.0,false,true,ethanol_acetate_chain_initiation,none,adh,thl;bcd;etfA;etfB;one_of(acs|ackA|pta);one_of(adhE|aldh),1,12,0.06666666666666667,0.14285714285714285,0.125
FW_TWAS_rep_2,GCA_937871805.1,0.0017293740509532647,X_ac_lac,0.0,false,true,lactate_acetate_chain_initiation,none,"",thl;bcd;etfA;etfB;lctD;one_of(acs|ackA|pta);one_of(lctB|lctC);one_of(pfor),0,13,0.0,0.0,0.0
FW_TWAS_rep_2,GCA_937871805.1,0.0017293740509532647,X_chain_et,0.0,false,true,ethanol_reverse_beta_oxidation,none,adh,bcd;etfA;etfB;cat;one_of(thl);one_of(hbd);one_of(crt);one_of(adhE|aldh),1,10,0.07692307692307693,0.1111111111111111,0.125
FW_TWAS_rep_2,GCA_937871805.1,0.0017293740509532647,X_chain_lac,0.0,false,true,lactate_reverse_beta_oxidation,none,"",bcd;etfA;etfB;cat;lctD;one_of(thl);one_of(hbd);one_of(crt);one_of(lctB|lctC);one_of(pfor),0,11,0.0,0.0,0.0
FW_TWAS_rep_2,GCA_937871805.1,0.0017293740509532647,X_VFA_deg,0.0,false,true,syntrophic_propionate_mmc,none,"",mmcE;mmcF;mmcG;sucC;sucD;one_of(fumB);one_of(mdh);one_of(hydA|fdhA),0,10,0.0,0.0,0.0
FW_TWAS_rep_2,GCA_937871805.1,0.0017293740509532647,X_Me_ac,0.0,false,true,acetoclastic_ack_pta,none,"",mcrA;ackA;pta;one_of(cdhC|cdhD|cdhE),0,8,0.0,0.0,0.0
FW_TWAS_rep_2,GCA_937871805.1,0.0017293740509532647,X_Me_CO2,0.0,false,true,hydrogenotrophic_core,none,"",mcrA;one_of(fwdA);one_of(ftr);one_of(mch);one_of(mtd|mer),0,8,0.0,0.0,0.0
FW_TWAS_rep_2,GCA_937871805.1,0.0017293740509532647,X_et,0.06422222222222222,false,true,ethanol_to_acetyl_coa,partial,adh,one_of(adhE|aldh);one_of(acs|pta|ackA),1,6,0.2,0.3333333333333333,0.3333333333333333
FW_TWAS_rep_2,GCA_937871805.1,0.0017293740509532647,X_lac,0.0,false,true,lactate_to_pyruvate,none,"",lctD;pfor;one_of(lctB|lctC|rnfB),0,5,0.0,0.0,0.0
FW_TWAS_rep_2,GCA_025361645.1,0.0009279568078285811,X_ch,0.09174603174603173,false,true,pectin_utilization,partial,cazy_CE8,cazy_PL1;one_of(susC|susD),1,5,0.2857142857142857,0.3333333333333333,0.3333333333333333
FW_TWAS_rep_2,GCA_025361645.1,0.0009279568078285811,X_pr,0.17386363636363636,false,true,proteolysis_and_peptide_import,partial,endopeptidase;extracellular_protease,one_of(oppA|oppB|dtpT);one_of(pepN|pepO),2,7,0.45454545454545453,0.3333333333333333,0.5
FW_TWAS_rep_2,GCA_025361645.1,0.0009279568078285811,X_li,0.16875,false,true,lipolysis,partial,esterase;fadD,one_of(lipase|lysophospholipase|acylglycerol_lipase|phospholipase),2,6,0.25,0.5,1.0
FW_TWAS_rep_2,GCA_025361645.1,0.0009279568078285811,X_su,0.1922727272727273,false,true,hexose_fermentation,partial,adhE;pfkA;pfor;pgi,gapA;pyk;one_of(ptsG|glcP),4,9,0.36363636363636365,0.5,0.6666666666666666
FW_TWAS_rep_2,GCA_025361645.1,0.0009279568078285811,X_aa,0.39166666666666666,false,true,general_amino_acid_catabolism,partial,gdh;pfor;tdcB,one_of(oppA|dppA|dtpT),3,7,0.5,0.6666666666666666,1.0
FW_TWAS_rep_2,GCA_025361645.1,0.0009279568078285811,X_fa,0.046079999999999996,false,true,lcfa_beta_oxidation,partial,fadD,fadE;fadB;fadA;one_of(etfA|etfB),1,6,0.2,0.2,0.2
FW_TWAS_rep_2,GCA_025361645.1,0.0009279568078285811,X_ac_et,0.0,false,true,ethanol_acetate_chain_initiation,none,acs;adhE;aldh,thl;bcd;etfA;etfB,3,12,0.26666666666666666,0.42857142857142855,0.375
FW_TWAS_rep_2,GCA_025361645.1,0.0009279568078285811,X_ac_lac,0.0,false,true,lactate_acetate_chain_initiation,none,acs;lctB;lctC;pfor,thl;bcd;etfA;etfB;lctD,4,13,0.25,0.375,0.4444444444444444
FW_TWAS_rep_2,GCA_025361645.1,0.0009279568078285811,X_chain_et,0.0,false,true,ethanol_reverse_beta_oxidation,none,adhE;aldh,bcd;etfA;etfB;cat;one_of(thl);one_of(hbd);one_of(crt),2,10,0.23076923076923078,0.2222222222222222,0.25
FW_TWAS_rep_2,GCA_025361645.1,0.0009279568078285811,X_chain_lac,0.0,false,true,lactate_reverse_beta_oxidation,none,lctB;lctC;pfor,bcd;etfA;etfB;cat;lctD;one_of(thl);one_of(hbd);one_of(crt),3,11,0.21428571428571427,0.2,0.3333333333333333
FW_TWAS_rep_2,GCA_025361645.1,0.0009279568078285811,X_VFA_deg,0.14825892857142856,false,true,syntrophic_propionate_mmc,partial,fdhA;fumB;hydA;pfor,mmcE;mmcF;mmcG;sucC;sucD;one_of(mdh),4,10,0.42857142857142855,0.25,0.5
FW_TWAS_rep_2,GCA_025361645.1,0.0009279568078285811,X_Me_ac,0.0,false,true,acetoclastic_acs,none,acs;cdhC;cdhD;cdhE;mcrA;mcrB;mtrA,forbidden(mvhD);forbidden(mvhG),7,7,1.0,1.0,1.0
FW_TWAS_rep_2,GCA_025361645.1,0.0009279568078285811,X_Me_CO2,1.0,true,true,hydrogenotrophic_core,high,ftr;fwdA;mch;mcrA;mcrB;mer;mtd;mtrA,"",8,8,1.0,1.0,1.0
FW_TWAS_rep_2,GCA_025361645.1,0.0009279568078285811,X_et,0.6,true,true,ethanol_to_acetyl_coa,low,acs;adhE;aldh,"",3,6,0.6,1.0,1.0
FW_TWAS_rep_2,GCA_025361645.1,0.0009279568078285811,X_lac,0.4895833333333333,false,true,lactate_to_pyruvate,partial,lctB;lctC;pfor;rnfB,lctD,4,5,0.625,0.6666666666666666,1.0
FW_TWAS_rep_2,GCA_900299265.1,0.0007170575333220854,X_ch,0.0,false,true,xylan_utilization,none,"",xylA;xylB;one_of(cazy_GH10|cazy_GH11);one_of(cazy_GH43|cazy_CBM6),0,6,0.0,0.0,0.0
FW_TWAS_rep_2,GCA_900299265.1,0.0007170575333220854,X_pr,0.6363636363636364,true,true,proteolysis_and_peptide_import,low,extracellular_protease;oppA;oppB;pepN,"",4,7,0.6363636363636364,1.0,1.0
FW_TWAS_rep_2,GCA_900299265.1,0.0007170575333220854,X_li,0.8333333333333334,true,true,lipolysis,medium,acylglycerol_lipase;esterase;fadD;lipase;lysophospholipase,"",5,6,0.8333333333333334,1.0,1.0
FW_TWAS_rep_2,GCA_900299265.1,0.0007170575333220854,X_su,0.2971384615384616,false,true,entner_doudoroff,partial,edd;gapA;lctD;pyk,eda;one_of(ptsG|glcP),4,9,0.46153846153846156,0.6,0.8
FW_TWAS_rep_2,GCA_900299265.1,0.0007170575333220854,X_aa,0.39166666666666666,false,true,general_amino_acid_catabolism,partial,ilvE;oppA;tdcB,one_of(pfor),3,7,0.5,0.6666666666666666,1.0
FW_TWAS_rep_2,GCA_900299265.1,0.0007170575333220854,X_fa,1.0,true,true,lcfa_beta_oxidation,high,etfA;etfB;fadA;fadB;fadD;fadE,"",6,6,1.0,1.0,1.0
FW_TWAS_rep_2,GCA_900299265.1,0.0007170575333220854,X_ac_et,0.0,false,true,ethanol_acetate_chain_initiation,none,acs;adh;bcd;crt;etfA;etfB;hbd;pta;thl,one_of(adhE|aldh),9,12,0.7333333333333333,0.8571428571428571,1.0
FW_TWAS_rep_2,GCA_900299265.1,0.0007170575333220854,X_ac_lac,0.0,false,true,lactate_acetate_chain_initiation,none,acs;bcd;crt;etfA;etfB;hbd;lctB;lctC;lctD;pta;thl,one_of(pfor),11,13,0.875,0.875,1.0
FW_TWAS_rep_2,GCA_900299265.1,0.0007170575333220854,X_chain_et,0.0,false,true,ethanol_reverse_beta_oxidation,none,adh;bcd;cat;crt;etfA;etfB;hbd;thl,one_of(adhE|aldh),8,10,0.7692307692307693,0.8888888888888888,1.0
FW_TWAS_rep_2,GCA_900299265.1,0.0007170575333220854,X_chain_lac,0.0,false,true,lactate_reverse_beta_oxidation,none,bcd;cat;crt;etfA;etfB;hbd;lctB;lctC;lctD;thl,one_of(pfor),10,11,0.9285714285714286,0.9,1.0
FW_TWAS_rep_2,GCA_900299265.1,0.0007170575333220854,X_VFA_deg,1.0,true,true,syntrophic_butyrate_oxidation,high,bcd;crt;etfA;etfB;fdhA;hbd;hydA;rnfB;thl,"",9,9,1.0,1.0,1.0
FW_TWAS_rep_2,GCA_900299265.1,0.0007170575333220854,X_Me_ac,0.0,false,true,acetoclastic_ack_pta,none,pta,mcrA;ackA;one_of(cdhC|cdhD|cdhE),1,8,0.1111111111111111,0.25,0.2
FW_TWAS_rep_2,GCA_900299265.1,0.0007170575333220854,X_Me_CO2,0.0,false,true,hydrogenotrophic_core,none,fwdA,mcrA;one_of(ftr);one_of(mch);one_of(mtd|mer),1,8,0.1111111111111111,0.2,0.16666666666666666
FW_TWAS_rep_2,GCA_900299265.1,0.0007170575333220854,X_et,0.31333333333333335,false,true,ethanol_to_acetyl_coa,partial,acs;adh;pta,one_of(adhE|aldh),3,6,0.4,0.6666666666666666,1.0
FW_TWAS_rep_2,GCA_900299265.1,0.0007170575333220854,X_lac,0.5875,false,true,lactate_to_pyruvate,partial,lctB;lctC;lctD;rnfB,pfor,4,5,0.75,0.6666666666666666,1.0
FW_TWAS_rep_2,GCA_963814445.1,0.0006748776784207862,X_ch,1.0,true,true,pectin_utilization,high,cazy_CE8;cazy_GH43;cazy_PL1;susC;susD,"",5,5,1.0,1.0,1.0
FW_TWAS_rep_2,GCA_963814445.1,0.0006748776784207862,X_pr,1.0,true,true,proteolysis_and_peptide_import,high,dtpT;endopeptidase;extracellular_protease;oppA;oppB;pepN;pepO,"",7,7,1.0,1.0,1.0
FW_TWAS_rep_2,GCA_963814445.1,0.0006748776784207862,X_li,0.5,true,true,lipolysis,low,acylglycerol_lipase;fadD;lysophospholipase,"",3,6,0.5,1.0,1.0
FW_TWAS_rep_2,GCA_963814445.1,0.0006748776784207862,X_su,0.9230769230769231,true,true,entner_doudoroff,high,adhE;eda;edd;gapA;glcP;lctD;pfor;pyk,"",8,9,0.9230769230769231,1.0,1.0
FW_TWAS_rep_2,GCA_963814445.1,0.0006748776784207862,X_aa,1.0,true,true,general_amino_acid_catabolism,high,dppA;dtpT;gdh;ilvE;oppA;pfor;tdcB,"",7,7,1.0,1.0,1.0
FW_TWAS_rep_2,GCA_963814445.1,0.0006748776784207862,X_fa,1.0,true,true,lcfa_beta_oxidation,high,etfA;etfB;fadA;fadB;fadD;fadE,"",6,6,1.0,1.0,1.0
FW_TWAS_rep_2,GCA_963814445.1,0.0006748776784207862,X_ac_et,0.9333333333333333,true,true,ethanol_acetate_chain_initiation,high,acs;adh;adhE;aldh;bcd;crt;etfA;etfB;hbd;pta;thl,"",11,12,0.9333333333333333,1.0,1.0
FW_TWAS_rep_2,GCA_963814445.1,0.0006748776784207862,X_ac_lac,0.9375,true,true,lactate_acetate_chain_initiation,high,acs;bcd;crt;etfA;etfB;hbd;lctB;lctC;lctD;pfor;pta;thl,"",12,13,0.9375,1.0,1.0
FW_TWAS_rep_2,GCA_963814445.1,0.0006748776784207862,X_chain_et,1.0,true,true,ethanol_reverse_beta_oxidation,high,adh;adhE;aldh;bcd;cat;crt;etfA;etfB;hbd;thl,"",10,10,1.0,1.0,1.0
FW_TWAS_rep_2,GCA_963814445.1,0.0006748776784207862,X_chain_lac,1.0,true,true,lactate_reverse_beta_oxidation,high,bcd;cat;crt;etfA;etfB;hbd;lctB;lctC;lctD;pfor;thl,"",11,11,1.0,1.0,1.0
FW_TWAS_rep_2,GCA_963814445.1,0.0006748776784207862,X_VFA_deg,1.0,true,true,syntrophic_butyrate_oxidation,high,bcd;crt;etfA;etfB;fdhA;hbd;hydA;rnfB;thl,"",9,9,1.0,1.0,1.0
FW_TWAS_rep_2,GCA_963814445.1,0.0006748776784207862,X_Me_ac,0.0,false,true,acetoclastic_ack_pta,none,pta,mcrA;ackA;one_of(cdhC|cdhD|cdhE),1,8,0.1111111111111111,0.25,0.2
FW_TWAS_rep_2,GCA_963814445.1,0.0006748776784207862,X_Me_CO2,0.0,false,true,hydrogenotrophic_core,none,fwdA,mcrA;one_of(ftr);one_of(mch);one_of(mtd|mer),1,8,0.1111111111111111,0.2,0.16666666666666666
FW_TWAS_rep_2,GCA_963814445.1,0.0006748776784207862,X_et,0.9,true,true,ethanol_to_acetyl_coa,high,acs;adh;adhE;aldh;pta,"",5,6,0.9,1.0,1.0
FW_TWAS_rep_2,GCA_963814445.1,0.0006748776784207862,X_lac,1.0,true,true,lactate_to_pyruvate,high,lctB;lctC;lctD;pfor;rnfB,"",5,5,1.0,1.0,1.0
FW_TWAS_rep_2,GCA_937868245.1,0.0006748776784207862,X_ch,0.06508928571428572,false,true,starch_utilization,partial,susC,cazy_GH13,1,4,0.14285714285714285,0.5,0.5
FW_TWAS_rep_2,GCA_937868245.1,0.0006748776784207862,X_pr,0.6470588235294118,true,true,peptide_scavenging,low,dppA;dppB;dppC;oppA;oppB;pepA;pepN;pepQ;pepT,"",9,13,0.6470588235294118,1.0,1.0
FW_TWAS_rep_2,GCA_937868245.1,0.0006748776784207862,X_li,0.5,true,true,lipolysis,low,acylglycerol_lipase;fadD;lysophospholipase,"",3,6,0.5,1.0,1.0
FW_TWAS_rep_2,GCA_937868245.1,0.0006748776784207862,X_su,0.48636363636363633,false,true,hexose_fermentation,partial,adhE;gapA;pfkA;pfor;pgi;pyk,one_of(ptsG|glcP),6,9,0.5454545454545454,0.8333333333333334,1.0
FW_TWAS_rep_2,GCA_937868245.1,0.0006748776784207862,X_aa,0.7,true,true,general_amino_acid_catabolism,medium,dppA;gdh;ilvE;oppA;pfor,"",5,7,0.7,1.0,1.0
FW_TWAS_rep_2,GCA_937868245.1,0.0006748776784207862,X_fa,1.0,true,true,lcfa_beta_oxidation,high,etfA;etfB;fadA;fadB;fadD;fadE,"",6,6,1.0,1.0,1.0
FW_TWAS_rep_2,GCA_937868245.1,0.0006748776784207862,X_ac_et,0.8666666666666667,true,true,ethanol_acetate_chain_initiation,medium,acs;adh;adhE;bcd;crt;etfA;etfB;hbd;pta;thl,"",10,12,0.8666666666666667,1.0,1.0
FW_TWAS_rep_2,GCA_937868245.1,0.0006748776784207862,X_ac_lac,0.0,false,true,lactate_acetate_chain_initiation,none,acs;bcd;crt;etfA;etfB;hbd;pfor;pta;thl,lctD;one_of(lctB|lctC),9,13,0.6875,0.75,1.0
FW_TWAS_rep_2,GCA_937868245.1,0.0006748776784207862,X_chain_et,0.0,false,true,ethanol_reverse_beta_oxidation,none,adh;adhE;bcd;crt;etfA;etfB;hbd;thl,cat,8,10,0.7692307692307693,0.8888888888888888,1.0
FW_TWAS_rep_2,GCA_937868245.1,0.0006748776784207862,X_chain_lac,0.0,false,true,lactate_reverse_beta_oxidation,none,bcd;crt;etfA;etfB;hbd;pfor;thl,cat;lctD;one_of(lctB|lctC),7,11,0.5714285714285714,0.7,0.7777777777777778
FW_TWAS_rep_2,GCA_937868245.1,0.0006748776784207862,X_VFA_deg,0.8421875,false,true,syntrophic_butyrate_oxidation,partial,bcd;crt;etfA;etfB;fdhA;hbd;hydA;thl,one_of(rnfB),8,9,0.9166666666666666,0.875,1.0
FW_TWAS_rep_2,GCA_937868245.1,0.0006748776784207862,X_Me_ac,0.0,false,true,acetoclastic_ack_pta,none,pta,mcrA;ackA;one_of(cdhC|cdhD|cdhE),1,8,0.1111111111111111,0.25,0.2
FW_TWAS_rep_2,GCA_937868245.1,0.0006748776784207862,X_Me_CO2,0.0,false,true,hydrogenotrophic_core,none,fwdA,mcrA;one_of(ftr);one_of(mch);one_of(mtd|mer),1,8,0.1111111111111111,0.2,0.16666666666666666
FW_TWAS_rep_2,GCA_937868245.1,0.0006748776784207862,X_et,0.7,true,true,ethanol_to_acetyl_coa,medium,acs;adh;adhE;pta,"",4,6,0.7,1.0,1.0
FW_TWAS_rep_2,GCA_937868245.1,0.0006748776784207862,X_lac,0.08027777777777777,false,true,lactate_to_pyruvate,partial,pfor,lctD;one_of(lctB|lctC|rnfB),1,5,0.25,0.3333333333333333,0.3333333333333333
FW_TWAS_rep_2,GCA_943369995.1,0.000590517968618188,X_ch,0.08027777777777777,false,true,cellulose_utilization,partial,cazy_GH9,bgl;one_of(cazy_CBM3|cazy_GH48),1,5,0.25,0.3333333333333333,0.3333333333333333
FW_TWAS_rep_2,GCA_943369995.1,0.000590517968618188,X_pr,0.8235294117647058,true,true,peptide_scavenging,medium,dppA;dppB;dppC;dtpT;oppA;oppB;pepA;pepN;pepO;pepQ;pepT,"",11,13,0.8235294117647058,1.0,1.0
FW_TWAS_rep_2,GCA_943369995.1,0.000590517968618188,X_li,0.5833333333333334,true,true,lipolysis,low,acylglycerol_lipase;esterase;fadD;lysophospholipase,"",4,6,0.5833333333333334,1.0,1.0
FW_TWAS_rep_2,GCA_943369995.1,0.000590517968618188,X_su,0.31748737373737373,false,true,hexose_fermentation,partial,adhE;gapA;pfkA;pfor;pyk,pgi;one_of(ptsG|glcP),5,9,0.45454545454545453,0.6666666666666666,0.8333333333333334
FW_TWAS_rep_2,GCA_943369995.1,0.000590517968618188,X_aa,0.8,true,true,general_amino_acid_catabolism,medium,dppA;dtpT;gdh;ilvE;oppA;pfor,"",6,7,0.8,1.0,1.0
FW_TWAS_rep_2,GCA_943369995.1,0.000590517968618188,X_fa,1.0,true,true,lcfa_beta_oxidation,high,etfA;etfB;fadA;fadB;fadD;fadE,"",6,6,1.0,1.0,1.0
FW_TWAS_rep_2,GCA_943369995.1,0.000590517968618188,X_ac_et,0.9333333333333333,true,true,ethanol_acetate_chain_initiation,high,acs;adh;adhE;aldh;bcd;crt;etfA;etfB;hbd;pta;thl,"",11,12,0.9333333333333333,1.0,1.0
FW_TWAS_rep_2,GCA_943369995.1,0.000590517968618188,X_ac_lac,0.0,false,true,lactate_acetate_chain_initiation,none,acs;bcd;crt;etfA;etfB;hbd;pfor;pta;thl,lctD;one_of(lctB|lctC),9,13,0.6875,0.75,1.0
FW_TWAS_rep_2,GCA_943369995.1,0.000590517968618188,X_chain_et,1.0,true,true,ethanol_reverse_beta_oxidation,high,adh;adhE;aldh;bcd;cat;crt;etfA;etfB;hbd;thl,"",10,10,1.0,1.0,1.0
FW_TWAS_rep_2,GCA_943369995.1,0.000590517968618188,X_chain_lac,0.0,false,true,lactate_reverse_beta_oxidation,none,bcd;cat;crt;etfA;etfB;hbd;pfor;thl,lctD;one_of(lctB|lctC),8,11,0.7142857142857143,0.8,0.8888888888888888
FW_TWAS_rep_2,GCA_943369995.1,0.000590517968618188,X_VFA_deg,0.853125,false,true,syntrophic_propionate_mmc,partial,fdhA;hydA;mdh;mmcE;mmcF;mmcG;pfor;sucC;sucD,one_of(fumB),9,10,0.9285714285714286,0.875,1.0
FW_TWAS_rep_2,GCA_943369995.1,0.000590517968618188,X_Me_ac,0.0,false,true,acetoclastic_ack_pta,none,pta,mcrA;ackA;one_of(cdhC|cdhD|cdhE),1,8,0.1111111111111111,0.25,0.2
FW_TWAS_rep_2,GCA_943369995.1,0.000590517968618188,X_Me_CO2,0.0,false,true,hydrogenotrophic_core,none,"",mcrA;one_of(fwdA);one_of(ftr);one_of(mch);one_of(mtd|mer),0,8,0.0,0.0,0.0
FW_TWAS_rep_2,GCA_943369995.1,0.000590517968618188,X_et,0.9,true,true,ethanol_to_acetyl_coa,high,acs;adh;adhE;aldh;pta,"",5,6,0.9,1.0,1.0
FW_TWAS_rep_2,GCA_943369995.1,0.000590517968618188,X_lac,0.08027777777777777,false,true,lactate_to_pyruvate,partial,pfor,lctD;one_of(lctB|lctC|rnfB),1,5,0.25,0.3333333333333333,0.3333333333333333
FW_TWAS_rep_2,GCA_964451255.1,0.0005061582588155897,X_ch,0.7142857142857143,true,true,starch_utilization,medium,agl;cazy_GH13,"",2,4,0.7142857142857143,1.0,1.0
FW_TWAS_rep_2,GCA_964451255.1,0.0005061582588155897,X_pr,0.6470588235294118,true,true,peptide_scavenging,low,dppA;dppB;dppC;oppA;oppB;pepA;pepN;pepQ;pepT,"",9,13,0.6470588235294118,1.0,1.0
FW_TWAS_rep_2,GCA_964451255.1,0.0005061582588155897,X_li,0.0759375,false,true,lipolysis,partial,fadD,one_of(lipase|lysophospholipase|acylglycerol_lipase|phospholipase),1,6,0.16666666666666666,0.5,0.5
FW_TWAS_rep_2,GCA_964451255.1,0.0005061582588155897,X_su,0.6363636363636364,true,true,hexose_fermentation,low,gapA;glcP;lctD;pfkA;pgi;pyk,"",6,9,0.6363636363636364,1.0,1.0
FW_TWAS_rep_2,GCA_964451255.1,0.0005061582588155897,X_aa,0.6266666666666667,false,true,general_amino_acid_catabolism,partial,dppA;gdh;ilvE;oppA;tdcB,one_of(pfor),5,7,0.8,0.6666666666666666,1.0
FW_TWAS_rep_2,GCA_964451255.1,0.0005061582588155897,X_fa,1.0,true,true,lcfa_beta_oxidation,high,etfA;etfB;fadA;fadB;fadD;fadE,"",6,6,1.0,1.0,1.0
FW_TWAS_rep_2,GCA_964451255.1,0.0005061582588155897,X_ac_et,0.0,false,true,ethanol_acetate_chain_initiation,none,acs;adh;bcd;crt;etfA;etfB;hbd;thl,one_of(adhE|aldh),8,12,0.6666666666666666,0.8571428571428571,1.0
FW_TWAS_rep_2,GCA_964451255.1,0.0005061582588155897,X_ac_lac,0.0,false,true,lactate_acetate_chain_initiation,none,acs;bcd;crt;etfA;etfB;hbd;lctB;lctC;lctD;thl,one_of(pfor),10,13,0.8125,0.875,1.0
FW_TWAS_rep_2,GCA_964451255.1,0.0005061582588155897,X_chain_et,0.0,false,true,ethanol_reverse_beta_oxidation,none,adh;bcd;cat;crt;etfA;etfB;hbd;thl,one_of(adhE|aldh),8,10,0.7692307692307693,0.8888888888888888,1.0
FW_TWAS_rep_2,GCA_964451255.1,0.0005061582588155897,X_chain_lac,0.0,false,true,lactate_reverse_beta_oxidation,none,bcd;cat;crt;etfA;etfB;hbd;lctB;lctC;lctD;thl,one_of(pfor),10,11,0.9285714285714286,0.9,1.0
FW_TWAS_rep_2,GCA_964451255.1,0.0005061582588155897,X_VFA_deg,0.8421875,false,true,syntrophic_butyrate_oxidation,partial,bcd;crt;etfA;etfB;fdhA;hbd;hydA;thl,one_of(rnfB),8,9,0.9166666666666666,0.875,1.0
FW_TWAS_rep_2,GCA_964451255.1,0.0005061582588155897,X_Me_ac,0.0,false,true,acetoclastic_acs,none,acs,mcrA;one_of(cdhC|cdhD|cdhE),1,7,0.2222222222222222,0.3333333333333333,0.25
FW_TWAS_rep_2,GCA_964451255.1,0.0005061582588155897,X_Me_CO2,0.0,false,true,hydrogenotrophic_core,none,"",mcrA;one_of(fwdA);one_of(ftr);one_of(mch);one_of(mtd|mer),0,8,0.0,0.0,0.0
FW_TWAS_rep_2,GCA_964451255.1,0.0005061582588155897,X_et,0.18408333333333332,false,true,ethanol_to_acetyl_coa,partial,acs;adh,one_of(adhE|aldh),2,6,0.3,0.6666666666666666,0.6666666666666666
FW_TWAS_rep_2,GCA_964451255.1,0.0005061582588155897,X_lac,0.4895833333333333,false,true,lactate_to_pyruvate,partial,lctB;lctC;lctD,pfor,3,5,0.625,0.6666666666666666,1.0
FW_TWAS_rep_2,GCA_044378235.1,0.00046397840391429056,X_ch,0.7142857142857143,true,true,starch_utilization,medium,agl;cazy_GH13,"",2,4,0.7142857142857143,1.0,1.0
FW_TWAS_rep_2,GCA_044378235.1,0.00046397840391429056,X_pr,0.6363636363636364,true,true,proteolysis_and_peptide_import,low,dtpT;endopeptidase;extracellular_protease;pepO,"",4,7,0.6363636363636364,1.0,1.0
FW_TWAS_rep_2,GCA_044378235.1,0.00046397840391429056,X_li,0.5833333333333334,true,true,lipolysis,low,acylglycerol_lipase;esterase;fadD;lysophospholipase,"",4,6,0.5833333333333334,1.0,1.0
FW_TWAS_rep_2,GCA_044378235.1,0.00046397840391429056,X_su,0.6692307692307693,false,true,entner_doudoroff,partial,adhE;eda;edd;gapA;lctD;pyk,one_of(ptsG|glcP),6,9,0.7692307692307693,0.8,1.0
FW_TWAS_rep_2,GCA_044378235.1,0.00046397840391429056,X_aa,0.5483333333333333,false,true,general_amino_acid_catabolism,partial,dtpT;gdh;ilvE;tdcB,one_of(pfor),4,7,0.7,0.6666666666666666,1.0
FW_TWAS_rep_2,GCA_044378235.1,0.00046397840391429056,X_fa,0.52983,false,true,lcfa_beta_oxidation,partial,etfA;fadA;fadB;fadD,fadE,4,6,0.7,0.8,0.8
FW_TWAS_rep_2,GCA_044378235.1,0.00046397840391429056,X_ac_et,0.0,false,true,ethanol_acetate_chain_initiation,none,ackA;acs;adh;adhE;aldh;crt;etfA;thl,bcd;etfB,8,12,0.6666666666666666,0.7142857142857143,1.0
FW_TWAS_rep_2,GCA_044378235.1,0.00046397840391429056,X_ac_lac,0.0,false,true,lactate_acetate_chain_initiation,none,ackA;acs;crt;etfA;lctB;lctC;lctD;thl,bcd;etfB;one_of(pfor),8,13,0.625,0.625,0.8888888888888888
FW_TWAS_rep_2,GCA_044378235.1,0.00046397840391429056,X_chain_et,0.0,false,true,ethanol_reverse_beta_oxidation,none,adh;adhE;aldh;cat;crt;etfA;thl,bcd;etfB;one_of(hbd),7,10,0.6923076923076923,0.6666666666666666,0.875
FW_TWAS_rep_2,GCA_044378235.1,0.00046397840391429056,X_chain_lac,0.0,false,true,lactate_reverse_beta_oxidation,none,cat;crt;etfA;lctB;lctC;lctD;thl,bcd;etfB;one_of(hbd);one_of(pfor),7,11,0.6428571428571429,0.6,0.7777777777777778
FW_TWAS_rep_2,GCA_044378235.1,0.00046397840391429056,X_VFA_deg,0.45735119047619044,false,true,syntrophic_butyrate_oxidation,partial,crt;etfA;fdhA;hydA;rnfB;thl,bcd;etfB;one_of(hbd),6,9,0.6666666666666666,0.625,0.8571428571428571
FW_TWAS_rep_2,GCA_044378235.1,0.00046397840391429056,X_Me_ac,0.0,false,true,acetoclastic_ack_pta,none,ackA,mcrA;pta;one_of(cdhC|cdhD|cdhE),1,8,0.1111111111111111,0.25,0.2
FW_TWAS_rep_2,GCA_044378235.1,0.00046397840391429056,X_Me_CO2,0.0,false,true,hydrogenotrophic_core,none,ftr;fwdA;mch,mcrA;one_of(mtd|mer),3,8,0.3333333333333333,0.6,0.5
FW_TWAS_rep_2,GCA_044378235.1,0.00046397840391429056,X_et,0.9,true,true,ethanol_to_acetyl_coa,high,ackA;acs;adh;adhE;aldh,"",5,6,0.9,1.0,1.0
FW_TWAS_rep_2,GCA_044378235.1,0.00046397840391429056,X_lac,0.5875,false,true,lactate_to_pyruvate,partial,lctB;lctC;lctD;rnfB,pfor,4,5,0.75,0.6666666666666666,1.0
FW_TWAS_rep_2,GCA_044229135.1,0.0003374388392103931,X_ch,0.7142857142857143,true,true,starch_utilization,medium,agl;cazy_GH13,"",2,4,0.7142857142857143,1.0,1.0
FW_TWAS_rep_2,GCA_044229135.1,0.0003374388392103931,X_pr,1.0,true,true,peptide_scavenging,high,dppA;dppB;dppC;dtpT;endopeptidase;oppA;oppB;pepA;pepD;pepN;pepO;pepQ;pepT,"",13,13,1.0,1.0,1.0
FW_TWAS_rep_2,GCA_044229135.1,0.0003374388392103931,X_li,0.5833333333333334,true,true,lipolysis,low,acylglycerol_lipase;esterase;fadD;lysophospholipase,"",4,6,0.5833333333333334,1.0,1.0
FW_TWAS_rep_2,GCA_044229135.1,0.0003374388392103931,X_su,0.7272727272727273,true,true,hexose_fermentation,medium,adhE;gapA;pfkA;pfor;pgi;ptsG;pyk,"",7,9,0.7272727272727273,1.0,1.0
FW_TWAS_rep_2,GCA_044229135.1,0.0003374388392103931,X_aa,1.0,true,true,general_amino_acid_catabolism,high,dppA;dtpT;gdh;ilvE;oppA;pfor;tdcB,"",7,7,1.0,1.0,1.0
FW_TWAS_rep_2,GCA_044229135.1,0.0003374388392103931,X_fa,1.0,true,true,lcfa_beta_oxidation,high,etfA;etfB;fadA;fadB;fadD;fadE,"",6,6,1.0,1.0,1.0
FW_TWAS_rep_2,GCA_044229135.1,0.0003374388392103931,X_ac_et,1.0,true,true,ethanol_acetate_chain_initiation,high,ackA;acs;adh;adhE;aldh;bcd;crt;etfA;etfB;hbd;pta;thl,"",12,12,1.0,1.0,1.0
FW_TWAS_rep_2,GCA_044229135.1,0.0003374388392103931,X_ac_lac,0.0,false,true,lactate_acetate_chain_initiation,none,ackA;acs;bcd;crt;etfA;etfB;hbd;pfor;pta;thl,lctD;one_of(lctB|lctC),10,13,0.75,0.75,1.0
FW_TWAS_rep_2,GCA_044229135.1,0.0003374388392103931,X_chain_et,1.0,true,true,ethanol_reverse_beta_oxidation,high,adh;adhE;aldh;bcd;cat;crt;etfA;etfB;hbd;thl,"",10,10,1.0,1.0,1.0
FW_TWAS_rep_2,GCA_044229135.1,0.0003374388392103931,X_chain_lac,0.0,false,true,lactate_reverse_beta_oxidation,none,bcd;cat;crt;etfA;etfB;hbd;pfor;thl,lctD;one_of(lctB|lctC),8,11,0.7142857142857143,0.8,0.8888888888888888
FW_TWAS_rep_2,GCA_044229135.1,0.0003374388392103931,X_VFA_deg,0.853125,false,true,syntrophic_propionate_mmc,partial,fdhA;hydA;mdh;mmcE;mmcF;mmcG;pfor;sucC;sucD,one_of(fumB),9,10,0.9285714285714286,0.875,1.0
FW_TWAS_rep_2,GCA_044229135.1,0.0003374388392103931,X_Me_ac,0.0,false,true,acetoclastic_ack_pta,none,ackA;pta,mcrA;one_of(cdhC|cdhD|cdhE),2,8,0.2222222222222222,0.5,0.4
FW_TWAS_rep_2,GCA_044229135.1,0.0003374388392103931,X_Me_CO2,0.0,false,true,hydrogenotrophic_core,none,fwdA,mcrA;one_of(ftr);one_of(mch);one_of(mtd|mer),1,8,0.1111111111111111,0.2,0.16666666666666666
FW_TWAS_rep_2,GCA_044229135.1,0.0003374388392103931,X_et,1.0,true,true,ethanol_to_acetyl_coa,high,ackA;acs;adh;adhE;aldh;pta,"",6,6,1.0,1.0,1.0
FW_TWAS_rep_2,GCA_044229135.1,0.0003374388392103931,X_lac,0.08027777777777777,false,true,lactate_to_pyruvate,partial,pfor,lctD;one_of(lctB|lctC|rnfB),1,5,0.25,0.3333333333333333,0.3333333333333333
FW_TWAS_rep_2,GCA_964448465.1,0.000295258984309094,X_ch,0.0,false,true,xylan_utilization,none,"",xylA;xylB;one_of(cazy_GH10|cazy_GH11);one_of(cazy_GH43|cazy_CBM6),0,6,0.0,0.0,0.0
FW_TWAS_rep_2,GCA_964448465.1,0.000295258984309094,X_pr,0.08375,false,true,peptide_scavenging,partial,pepD;pepQ;pepT,one_of(oppA|dppA|dtpT);one_of(oppB|dppB|dppC|dtpT),3,13,0.17647058823529413,0.3333333333333333,0.75
FW_TWAS_rep_2,GCA_964448465.1,0.000295258984309094,X_li,0.11390625000000001,false,true,lipolysis,partial,lipase,one_of(fadD|esterase),1,6,0.25,0.5,0.5
FW_TWAS_rep_2,GCA_964448465.1,0.000295258984309094,X_su,0.05838383838383838,false,true,hexose_fermentation,partial,gapA;pyk,pgi;pfkA;one_of(ptsG|glcP);one_of(pfor|adhE|lctD),2,9,0.18181818181818182,0.3333333333333333,0.3333333333333333
FW_TWAS_rep_2,GCA_964448465.1,0.000295258984309094,X_aa,0.0,false,true,general_amino_acid_catabolism,none,"",one_of(gdh|ilvE|tdcB);one_of(pfor);one_of(oppA|dppA|dtpT),0,7,0.0,0.0,0.0
FW_TWAS_rep_2,GCA_964448465.1,0.000295258984309094,X_fa,0.0,false,true,lcfa_beta_oxidation,none,"",fadD;fadE;fadB;fadA;one_of(etfA|etfB),0,6,0.0,0.0,0.0
FW_TWAS_rep_2,GCA_964448465.1,0.000295258984309094,X_ac_et,0.0,false,true,ethanol_acetate_chain_initiation,none,"",thl;bcd;etfA;etfB;one_of(acs|ackA|pta);one_of(adhE|adh);one_of(adhE|aldh),0,12,0.0,0.0,0.0
FW_TWAS_rep_2,GCA_964448465.1,0.000295258984309094,X_ac_lac,0.0,false,true,lactate_acetate_chain_initiation,none,"",thl;bcd;etfA;etfB;lctD;one_of(acs|ackA|pta);one_of(lctB|lctC);one_of(pfor),0,13,0.0,0.0,0.0
FW_TWAS_rep_2,GCA_964448465.1,0.000295258984309094,X_chain_et,0.0,false,true,ethanol_reverse_beta_oxidation,none,"",bcd;etfA;etfB;cat;one_of(thl);one_of(hbd);one_of(crt);one_of(adhE|adh);one_of(adhE|aldh),0,10,0.0,0.0,0.0
FW_TWAS_rep_2,GCA_964448465.1,0.000295258984309094,X_chain_lac,0.0,false,true,lactate_reverse_beta_oxidation,none,"",bcd;etfA;etfB;cat;lctD;one_of(thl);one_of(hbd);one_of(crt);one_of(lctB|lctC);one_of(pfor),0,11,0.0,0.0,0.0
FW_TWAS_rep_2,GCA_964448465.1,0.000295258984309094,X_VFA_deg,0.0,false,true,syntrophic_propionate_mmc,none,"",mmcE;mmcF;mmcG;sucC;sucD;one_of(fumB);one_of(mdh);one_of(hydA|fdhA),0,10,0.0,0.0,0.0
FW_TWAS_rep_2,GCA_964448465.1,0.000295258984309094,X_Me_ac,0.0,false,true,acetoclastic_ack_pta,none,"",mcrA;ackA;pta;one_of(cdhC|cdhD|cdhE),0,8,0.0,0.0,0.0
FW_TWAS_rep_2,GCA_964448465.1,0.000295258984309094,X_Me_CO2,0.0,false,true,hydrogenotrophic_core,none,"",mcrA;one_of(fwdA);one_of(ftr);one_of(mch);one_of(mtd|mer),0,8,0.0,0.0,0.0
FW_TWAS_rep_2,GCA_964448465.1,0.000295258984309094,X_et,0.0,false,true,ethanol_to_acetyl_coa,none,"",one_of(adhE|adh);one_of(adhE|aldh);one_of(acs|pta|ackA),0,6,0.0,0.0,0.0
FW_TWAS_rep_2,GCA_964448465.1,0.000295258984309094,X_lac,0.0,false,true,lactate_to_pyruvate,none,"",lctD;pfor;one_of(lctB|lctC|rnfB),0,5,0.0,0.0,0.0
FW_TWAS_rep_2,GCA_044220735.1,0.00025307912940779483,X_ch,0.7142857142857143,true,true,starch_utilization,medium,agl;cazy_GH13,"",2,4,0.7142857142857143,1.0,1.0
FW_TWAS_rep_2,GCA_044220735.1,0.00025307912940779483,X_pr,0.47058823529411764,true,true,peptide_scavenging,low,dtpT;endopeptidase;pepA;pepD;pepQ;pepT,"",6,13,0.47058823529411764,1.0,1.0
FW_TWAS_rep_2,GCA_044220735.1,0.00025307912940779483,X_li,0.5833333333333334,true,true,lipolysis,low,acylglycerol_lipase;esterase;fadD;lysophospholipase,"",4,6,0.5833333333333334,1.0,1.0
FW_TWAS_rep_2,GCA_044220735.1,0.00025307912940779483,X_su,0.6692307692307693,false,true,entner_doudoroff,partial,adhE;eda;edd;gapA;pfor;pyk,one_of(ptsG|glcP),6,9,0.7692307692307693,0.8,1.0
FW_TWAS_rep_2,GCA_044220735.1,0.00025307912940779483,X_aa,0.8,true,true,general_amino_acid_catabolism,medium,dtpT;gdh;ilvE;pfor;tdcB,"",5,7,0.8,1.0,1.0
FW_TWAS_rep_2,GCA_044220735.1,0.00025307912940779483,X_fa,0.9,true,true,lcfa_beta_oxidation,high,etfA;fadA;fadB;fadD;fadE,"",5,6,0.9,1.0,1.0
FW_TWAS_rep_2,GCA_044220735.1,0.00025307912940779483,X_ac_et,0.0,false,true,ethanol_acetate_chain_initiation,none,ackA;acs;adh;adhE;bcd;crt;etfA;thl,etfB,8,12,0.7333333333333333,0.8571428571428571,1.0
FW_TWAS_rep_2,GCA_044220735.1,0.00025307912940779483,X_ac_lac,0.0,false,true,lactate_acetate_chain_initiation,none,ackA;acs;bcd;crt;etfA;lctB;pfor;thl,etfB;lctD,8,13,0.625,0.75,0.8888888888888888
FW_TWAS_rep_2,GCA_044220735.1,0.00025307912940779483,X_chain_et,0.0,false,true,ethanol_reverse_beta_oxidation,none,adh;adhE;bcd;cat;crt;etfA;thl,etfB;one_of(hbd),7,10,0.7692307692307693,0.7777777777777778,0.875
FW_TWAS_rep_2,GCA_044220735.1,0.00025307912940779483,X_chain_lac,0.0,false,true,lactate_reverse_beta_oxidation,none,bcd;cat;crt;etfA;lctB;pfor;thl,etfB;lctD;one_of(hbd),7,11,0.6428571428571429,0.7,0.7777777777777778
FW_TWAS_rep_2,GCA_044220735.1,0.00025307912940779483,X_VFA_deg,0.6979166666666667,false,true,syntrophic_butyrate_oxidation,partial,bcd;crt;etfA;fdhA;hydA;rnfB;thl,etfB;one_of(hbd),7,9,0.8333333333333334,0.75,1.0
FW_TWAS_rep_2,GCA_044220735.1,0.00025307912940779483,X_Me_ac,0.0,false,true,acetoclastic_ack_pta,none,ackA,mcrA;pta;one_of(cdhC|cdhD|cdhE),1,8,0.1111111111111111,0.25,0.2
FW_TWAS_rep_2,GCA_044220735.1,0.00025307912940779483,X_Me_CO2,0.0,false,true,hydrogenotrophic_core,none,ftr;fwdA;mch,mcrA;one_of(mtd|mer),3,8,0.3333333333333333,0.6,0.5
FW_TWAS_rep_2,GCA_044220735.1,0.00025307912940779483,X_et,0.7,true,true,ethanol_to_acetyl_coa,medium,ackA;acs;adh;adhE,"",4,6,0.7,1.0,1.0
FW_TWAS_rep_2,GCA_044220735.1,0.00025307912940779483,X_lac,0.39166666666666666,false,true,lactate_to_pyruvate,partial,lctB;pfor;rnfB,lctD,3,5,0.5,0.6666666666666666,1.0
FW_TWAS_rep_2,GCA_963779155.1,0.00012653956470389742,X_ch,0.2892857142857143,false,true,starch_utilization,partial,agl;susC,cazy_GH13,2,4,0.42857142857142855,0.5,1.0
FW_TWAS_rep_2,GCA_963779155.1,0.00012653956470389742,X_pr,0.8181818181818182,true,true,proteolysis_and_peptide_import,medium,endopeptidase;extracellular_protease;oppA;oppB;pepN,"",5,7,0.8181818181818182,1.0,1.0
FW_TWAS_rep_2,GCA_963779155.1,0.00012653956470389742,X_li,0.8333333333333334,true,true,lipolysis,medium,acylglycerol_lipase;esterase;fadD;lipase;lysophospholipase,"",5,6,0.8333333333333334,1.0,1.0
FW_TWAS_rep_2,GCA_963779155.1,0.00012653956470389742,X_su,0.8181818181818182,true,true,hexose_fermentation,medium,adhE;gapA;glcP;lctD;pfkA;pfor;pgi;pyk,"",8,9,0.8181818181818182,1.0,1.0
FW_TWAS_rep_2,GCA_963779155.1,0.00012653956470389742,X_aa,0.9,true,true,general_amino_acid_catabolism,high,dppA;gdh;ilvE;oppA;pfor;tdcB,"",6,7,0.9,1.0,1.0
FW_TWAS_rep_2,GCA_963779155.1,0.00012653956470389742,X_fa,1.0,true,true,lcfa_beta_oxidation,high,etfA;etfB;fadA;fadB;fadD;fadE,"",6,6,1.0,1.0,1.0
FW_TWAS_rep_2,GCA_963779155.1,0.00012653956470389742,X_ac_et,0.8666666666666667,true,true,ethanol_acetate_chain_initiation,medium,acs;adh;adhE;bcd;crt;etfA;etfB;hbd;pta;thl,"",10,12,0.8666666666666667,1.0,1.0
FW_TWAS_rep_2,GCA_963779155.1,0.00012653956470389742,X_ac_lac,0.9375,true,true,lactate_acetate_chain_initiation,high,acs;bcd;crt;etfA;etfB;hbd;lctB;lctC;lctD;pfor;pta;thl,"",12,13,0.9375,1.0,1.0
FW_TWAS_rep_2,GCA_963779155.1,0.00012653956470389742,X_chain_et,0.9230769230769231,true,true,ethanol_reverse_beta_oxidation,high,adh;adhE;bcd;cat;crt;etfA;etfB;hbd;thl,"",9,10,0.9230769230769231,1.0,1.0
FW_TWAS_rep_2,GCA_963779155.1,0.00012653956470389742,X_chain_lac,1.0,true,true,lactate_reverse_beta_oxidation,high,bcd;cat;crt;etfA;etfB;hbd;lctB;lctC;lctD;pfor;thl,"",11,11,1.0,1.0,1.0
FW_TWAS_rep_2,GCA_963779155.1,0.00012653956470389742,X_VFA_deg,1.0,true,true,syntrophic_butyrate_oxidation,high,bcd;crt;etfA;etfB;fdhA;hbd;hydA;rnfB;thl,"",9,9,1.0,1.0,1.0
FW_TWAS_rep_2,GCA_963779155.1,0.00012653956470389742,X_Me_ac,0.0,false,true,acetoclastic_ack_pta,none,cdhC;pta,mcrA;ackA,2,8,0.2222222222222222,0.5,0.4
FW_TWAS_rep_2,GCA_963779155.1,0.00012653956470389742,X_Me_CO2,0.0,false,true,hydrogenotrophic_core,none,ftr;fwdA;mch;mer,mcrA,4,8,0.4444444444444444,0.8,0.6666666666666666
FW_TWAS_rep_2,GCA_963779155.1,0.00012653956470389742,X_et,0.7,true,true,ethanol_to_acetyl_coa,medium,acs;adh;adhE;pta,"",4,6,0.7,1.0,1.0
FW_TWAS_rep_2,GCA_963779155.1,0.00012653956470389742,X_lac,1.0,true,true,lactate_to_pyruvate,high,lctB;lctC;lctD;pfor;rnfB,"",5,5,1.0,1.0,1.0
