sample,genome_id,gene_id,marker_id,bits,evalue,fident
FW_TWAS_AS_rep_1,GCA_044230255.1,JBGARK010000007.1,susD,205,5.082e-58,0.37
FW_TWAS_AS_rep_1,GCA_044230255.1,JBGARK010000005.1,susC,484,3.418e-146,0.336
FW_TWAS_AS_rep_1,GCA_044230255.1,JBGARK010000011.1,fdhA,44,2.9e-6,0.197
FW_TWAS_AS_rep_1,GCA_044230255.1,JBGARK010000002.1,fadB,192,8.002e-56,0.407
FW_TWAS_AS_rep_1,GCA_044230255.1,JBGARK010000001.1,susD,129,5.463e-33,0.278
FW_TWAS_AS_rep_1,GCA_044230255.1,JBGARK010000010.1,susC,703,2.033e-220,0.43
FW_TWAS_AS_rep_1,GCA_044230255.1,JBGARK010000003.1,etfA,163,1.323e-46,0.426
FW_TWAS_AS_rep_1,GCA_044230255.1,JBGARK010000007.1,frhB,43,2.033e-7,0.383
FW_TWAS_AS_rep_1,GCA_044230255.1,JBGARK010000011.1,extracellular_protease,126,6.523e-31,0.339
FW_TWAS_AS_rep_1,GCA_044230255.1,JBGARK010000003.1,hydA,82,1.209e-18,0.278
FW_TWAS_AS_rep_1,GCA_044230255.1,JBGARK010000002.1,dppA,158,4.185e-42,0.274
FW_TWAS_AS_rep_1,GCA_044230255.1,JBGARK010000001.1,cazy_GH13,128,2.562e-32,0.316
FW_TWAS_AS_rep_1,GCA_044230255.1,JBGARK010000006.1,acs,738,1.562e-238,0.553
FW_TWAS_AS_rep_1,GCA_044230255.1,JBGARK010000007.1,pfkA,286,6.932e-88,0.49
FW_TWAS_AS_rep_1,GCA_044230255.1,JBGARK010000003.1,fdhA,48,5.068e-8,0.432
FW_TWAS_AS_rep_1,GCA_044230255.1,JBGARK010000001.1,pfor,42,3.194e-6,0.279
FW_TWAS_AS_rep_1,GCA_044230255.1,JBGARK010000002.1,ilvE,66,4.795e-14,0.282
FW_TWAS_AS_rep_1,GCA_044230255.1,JBGARK010000006.1,fadD,113,1.015e-27,0.25
FW_TWAS_AS_rep_1,GCA_044230255.1,JBGARK010000006.1,fadB,88,2.404e-21,0.308
FW_TWAS_AS_rep_1,GCA_044230255.1,JBGARK010000001.1,rnfB,42,4.222e-6,0.365
FW_TWAS_AS_rep_1,GCA_044230255.1,JBGARK010000005.1,fadE,240,5.375e-71,0.398
FW_TWAS_AS_rep_1,GCA_044230255.1,JBGARK010000001.1,hbd,240,5.136e-73,0.482
FW_TWAS_AS_rep_1,GCA_044230255.1,JBGARK010000007.1,pepN,169,1.043e-44,0.289
FW_TWAS_AS_rep_1,GCA_044230255.1,JBGARK010000005.1,dppC,184,1.152e-52,0.434
FW_TWAS_AS_rep_1,GCA_044230255.1,JBGARK010000009.1,fadE,268,2.245e-80,0.425
FW_TWAS_AS_rep_1,GCA_044230255.1,JBGARK010000001.1,sucC,363,9.327e-113,0.478
FW_TWAS_AS_rep_1,GCA_044230255.1,JBGARK010000001.1,extracellular_protease,69,3.222e-14,0.285
FW_TWAS_AS_rep_1,GCA_044230255.1,JBGARK010000011.1,endopeptidase,219,1.307e-63,0.401
FW_TWAS_AS_rep_1,GCA_044230255.1,JBGARK010000005.1,susD,139,2.479e-36,0.3
FW_TWAS_AS_rep_1,GCA_044230255.1,JBGARK010000003.1,fadB,133,2.351e-36,0.395
FW_TWAS_AS_rep_1,GCA_044230255.1,JBGARK010000007.1,susC,689,5.436e-214,0.403
FW_TWAS_AS_rep_1,GCA_044230255.1,JBGARK010000001.1,gdh,509,6.242e-162,0.56
FW_TWAS_AS_rep_1,GCA_044230255.1,JBGARK010000010.1,etfA,44,1.779e-6,0.361
FW_TWAS_AS_rep_1,GCA_044230255.1,JBGARK010000005.1,bcd,345,3.578e-107,0.466
FW_TWAS_AS_rep_1,GCA_044230255.1,JBGARK010000004.1,thl,271,1.026e-81,0.432
FW_TWAS_AS_rep_1,GCA_044230255.1,JBGARK010000001.1,cat,259,1.03e-80,0.604
FW_TWAS_AS_rep_1,GCA_044230255.1,JBGARK010000007.1,gdh,58,4.322e-11,0.542
FW_TWAS_AS_rep_1,GCA_044230255.1,JBGARK010000003.1,pgi,661,3.862e-214,0.614
FW_TWAS_AS_rep_1,GCA_044230255.1,JBGARK010000007.1,pfor,45,9.836e-7,0.225
FW_TWAS_AS_rep_1,GCA_044230255.1,JBGARK010000003.1,hbd,85,1.055e-20,0.435
FW_TWAS_AS_rep_1,GCA_044230255.1,JBGARK010000010.1,hbd,136,2.756e-34,0.312
FW_TWAS_AS_rep_1,GCA_044230255.1,JBGARK010000002.1,pepT,234,8.302e-69,0.389
FW_TWAS_AS_rep_1,GCA_044230255.1,JBGARK010000004.1,fadD,224,1.415e-63,0.326
FW_TWAS_AS_rep_1,GCA_044230255.1,JBGARK010000007.1,frhG,48,9.703e-9,0.274
FW_TWAS_AS_rep_1,GCA_044230255.1,JBGARK010000013.1,lctB,231,1.014e-70,0.445
FW_TWAS_AS_rep_1,GCA_044230255.1,JBGARK010000006.1,lctD,85,4.911e-21,0.316
FW_TWAS_AS_rep_1,GCA_044230255.1,JBGARK010000010.1,pepQ,138,2.575e-36,0.358
FW_TWAS_AS_rep_1,GCA_044230255.1,JBGARK010000007.1,etfB,132,2.058e-36,0.358
FW_TWAS_AS_rep_1,GCA_044230255.1,JBGARK010000001.1,frhG,41,7.375e-6,0.358
FW_TWAS_AS_rep_1,GCA_044230255.1,JBGARK010000001.1,fadB,166,9.519e-48,0.348
FW_TWAS_AS_rep_1,GCA_044230255.1,JBGARK010000010.1,crt,57,1.96e-10,0.285
FW_TWAS_AS_rep_1,GCA_044230255.1,JBGARK010000007.1,mvhG,51,1.186e-9,0.327
FW_TWAS_AS_rep_1,GCA_044230255.1,JBGARK010000008.1,fadD,49,1.965e-8,0.254
FW_TWAS_AS_rep_1,GCA_044230255.1,JBGARK010000002.1,agl,79,2.302e-17,0.268
FW_TWAS_AS_rep_1,GCA_044230255.1,JBGARK010000007.1,folD,310,7.16e-97,0.563
FW_TWAS_AS_rep_1,GCA_044230255.1,JBGARK010000009.1,bcd,365,1.016e-113,0.518
FW_TWAS_AS_rep_1,GCA_044230255.1,JBGARK010000008.1,ilvE,248,1.17e-74,0.406
FW_TWAS_AS_rep_1,GCA_044230255.1,JBGARK010000007.1,acs,52,4.881e-9,0.216
FW_TWAS_AS_rep_1,GCA_044230255.1,JBGARK010000003.1,mmcF,168,1.204e-50,0.606
FW_TWAS_AS_rep_1,GCA_044230255.1,JBGARK010000004.1,hbd,181,7.233e-49,0.31
FW_TWAS_AS_rep_1,GCA_044230255.1,JBGARK010000004.1,fadA,332,6.897e-103,0.47
FW_TWAS_AS_rep_1,GCA_044230255.1,JBGARK010000007.1,pyk,363,6.671e-112,0.437
FW_TWAS_AS_rep_1,GCA_044230255.1,JBGARK010000004.1,mmcF,75,1.292e-15,0.283
FW_TWAS_AS_rep_1,GCA_044230255.1,JBGARK010000002.1,adh,72,7.096e-16,0.259
FW_TWAS_AS_rep_1,GCA_044230255.1,JBGARK010000007.1,fadD,330,3.695e-99,0.385
FW_TWAS_AS_rep_1,GCA_044230255.1,JBGARK010000004.1,dtpT,324,1.792e-97,0.37
FW_TWAS_AS_rep_1,GCA_044230255.1,JBGARK010000004.1,mmcG,104,9.061e-29,0.412
FW_TWAS_AS_rep_1,GCA_044230255.1,JBGARK010000004.1,crt,127,2.424e-34,0.332
FW_TWAS_AS_rep_1,GCA_044230255.1,JBGARK010000003.1,crt,200,1.722e-59,0.426
FW_TWAS_AS_rep_1,GCA_044230255.1,JBGARK010000004.1,etfA,93,6.657e-23,0.296
FW_TWAS_AS_rep_1,GCA_044230255.1,JBGARK010000010.1,fadB,125,3.879e-31,0.3
FW_TWAS_AS_rep_1,GCA_044230255.1,JBGARK010000008.1,acs,61,5.751e-12,0.227
FW_TWAS_AS_rep_1,GCA_044230255.1,JBGARK010000010.1,susD,172,1.313e-47,0.347
FW_TWAS_AS_rep_1,GCA_044230255.1,JBGARK010000006.1,pepN,99,4.06e-23,0.256
FW_TWAS_AS_rep_1,GCA_044230255.1,JBGARK010000003.1,cazy_GH43,60,2.498e-11,0.264
FW_TWAS_AS_rep_1,GCA_044230255.1,JBGARK010000006.1,lctC,384,1.92e-119,0.462
FW_TWAS_AS_rep_1,GCA_044230255.1,JBGARK010000004.1,lctB,73,1.769e-16,0.261
FW_TWAS_AS_rep_1,GCA_044230255.1,JBGARK010000008.1,susC,327,1.288e-93,0.296
FW_TWAS_AS_rep_1,GCA_044230255.1,JBGARK010000006.1,crt,160,4.928e-46,0.376
FW_TWAS_AS_rep_1,GCA_044230255.1,JBGARK010000005.1,oppB,201,2.643e-58,0.486
FW_TWAS_AS_rep_1,GCA_044230255.1,JBGARK010000014.1,mdh,241,7.238e-73,0.443
FW_TWAS_AS_rep_1,GCA_044230255.1,JBGARK010000002.1,fadE,199,1.794e-57,0.361
FW_TWAS_AS_rep_1,GCA_044230255.1,JBGARK010000002.1,dppB,217,3.529e-64,0.4
FW_TWAS_AS_rep_1,GCA_044230255.1,JBGARK010000009.1,extracellular_protease,122,1.598e-30,0.411
FW_TWAS_AS_rep_1,GCA_044230255.1,JBGARK010000003.1,lysophospholipase,53,4.466e-10,0.277
FW_TWAS_AS_rep_1,GCA_044230255.1,JBGARK010000002.1,oppB,169,1.295e-47,0.355
FW_TWAS_AS_rep_1,GCA_044230255.1,JBGARK010000003.1,mmcE,675,4.193e-219,0.636
FW_TWAS_AS_rep_1,GCA_044230255.1,JBGARK010000002.1,susC,84,5.255e-19,0.298
FW_TWAS_AS_rep_1,GCA_044230255.1,JBGARK010000001.1,fwdA,46,3.785e-7,0.415
FW_TWAS_AS_rep_1,GCA_044230255.1,JBGARK010000002.1,cazy_GH13,98,2.746e-23,0.294
FW_TWAS_AS_rep_1,GCA_044230255.1,JBGARK010000003.1,thl,416,1.791e-131,0.56
FW_TWAS_AS_rep_1,GCA_044230255.1,JBGARK010000001.1,susC,644,4.88e-200,0.405
FW_TWAS_AS_rep_1,GCA_044230255.1,JBGARK010000002.1,oppA,189,2.538e-52,0.304
FW_TWAS_AS_rep_1,GCA_044230255.1,JBGARK010000003.1,fadA,349,3.013e-108,0.503
FW_TWAS_AS_rep_1,GCA_044230255.1,JBGARK010000001.1,agl,83,2.648e-18,0.329
FW_TWAS_AS_rep_1,GCA_044230255.1,JBGARK010000003.1,frhG,45,8.244e-8,0.328
FW_TWAS_AS_rep_1,GCA_044230255.1,JBGARK010000002.1,hbd,302,5.282e-94,0.538
FW_TWAS_AS_rep_1,GCA_044230255.1,JBGARK010000004.1,fadB,139,9.196e-36,0.328
FW_TWAS_AS_rep_1,GCA_044230255.1,JBGARK010000014.1,gapA,290,2.905e-89,0.48
FW_TWAS_AS_rep_1,GCA_044230255.1,JBGARK010000006.1,adh,61,1.793e-12,0.278
FW_TWAS_AS_rep_1,GCA_044230255.1,JBGARK010000004.1,mmcE,285,9.052e-80,0.362
FW_TWAS_AS_rep_1,GCA_044230255.1,JBGARK010000002.1,sucD,348,3.136e-110,0.615
FW_TWAS_AS_rep_1,GCA_044230255.1,JBGARK010000002.1,bcd,262,9.09e-79,0.389
FW_TWAS_AS_rep_1,GCA_044230255.1,JBGARK010000002.1,pepN,68,8.463e-14,0.297
FW_TWAS_AS_rep_1,GCA_044230255.1,JBGARK010000001.1,pepN,49,7.883e-8,0.242
FW_TWAS_AS_rep_1,GCA_044230255.1,JBGARK010000004.1,susC,86,2.454e-19,0.232
FW_TWAS_AS_rep_1,GCA_044230255.1,JBGARK010000009.1,pta,162,1.363e-42,0.328
FW_TWAS_AS_rep_1,GCA_044230255.1,JBGARK010000008.1,adh,48,1.878e-8,0.272
FW_TWAS_AS_rep_1,GCA_044230255.1,JBGARK010000007.1,etfA,197,1.216e-57,0.403
FW_TWAS_AS_rep_1,GCA_044230255.1,JBGARK010000004.1,acs,76,3.532e-16,0.232
FW_TWAS_AS_rep_1,GCA_044230255.1,JBGARK010000001.1,sucD,102,1.026e-24,0.446
FW_TWAS_AS_rep_1,GCA_035410845.1,DAONRV010000001.1,cazy_GH9,82,6.262e-18,0.248
FW_TWAS_AS_rep_1,GCA_035410845.1,DAONRV010000035.1,hydA,40,3.938e-7,0.295
FW_TWAS_AS_rep_1,GCA_035410845.1,DAONRV010000002.1,cazy_PL1,59,3.546e-11,0.325
FW_TWAS_AS_rep_1,GCA_035410845.1,DAONRV010000015.1,edd,234,1.411e-66,0.313
FW_TWAS_AS_rep_1,GCA_035410845.1,DAONRV010000044.1,cazy_CBM6,74,6.223e-16,0.355
FW_TWAS_AS_rep_1,GCA_035410845.1,DAONRV010000025.1,extracellular_protease,219,1.194e-61,0.398
FW_TWAS_AS_rep_1,GCA_035410845.1,DAONRV010000004.1,pfor,1405,0.0,0.6
FW_TWAS_AS_rep_1,GCA_035410845.1,DAONRV010000005.1,cazy_CE8,273,1.56e-83,0.505
FW_TWAS_AS_rep_1,GCA_035410845.1,DAONRV010000019.1,hbd,220,9.509e-64,0.384
FW_TWAS_AS_rep_1,GCA_035410845.1,DAONRV010000004.1,hydA,55,4.319e-10,0.276
FW_TWAS_AS_rep_1,GCA_035410845.1,DAONRV010000002.1,susD,100,1.196e-23,0.252
FW_TWAS_AS_rep_1,GCA_035410845.1,DAONRV010000002.1,frhB,56,1.066e-10,0.26
FW_TWAS_AS_rep_1,GCA_035410845.1,DAONRV010000026.1,esterase,198,3.385e-55,0.319
FW_TWAS_AS_rep_1,GCA_035410845.1,DAONRV010000006.1,pfkA,232,2.633e-69,0.415
FW_TWAS_AS_rep_1,GCA_035410845.1,DAONRV010000021.1,susD,82,6.158e-18,0.292
FW_TWAS_AS_rep_1,GCA_035410845.1,DAONRV010000010.1,esterase,183,3.425e-50,0.304
FW_TWAS_AS_rep_1,GCA_035410845.1,DAONRV010000028.1,glcP,208,3.307e-59,0.324
FW_TWAS_AS_rep_1,GCA_035410845.1,DAONRV010000001.1,susD,171,1.116e-46,0.323
FW_TWAS_AS_rep_1,GCA_035410845.1,DAONRV010000035.1,xylF,254,5.188e-77,0.42
FW_TWAS_AS_rep_1,GCA_035410845.1,DAONRV010000026.1,acylglycerol_lipase,178,1.393e-51,0.347
FW_TWAS_AS_rep_1,GCA_035410845.1,DAONRV010000008.1,hbd,40,6e-6,0.264
FW_TWAS_AS_rep_1,GCA_035410845.1,DAONRV010000026.1,cazy_GH43,89,3.511e-20,0.313
FW_TWAS_AS_rep_1,GCA_035410845.1,DAONRV010000006.1,etfB,119,2.297e-31,0.379
FW_TWAS_AS_rep_1,GCA_035410845.1,DAONRV010000030.1,fadD,228,8.481e-65,0.341
FW_TWAS_AS_rep_1,GCA_035410845.1,DAONRV010000005.1,cazy_GH13,134,5.382e-34,0.33
FW_TWAS_AS_rep_1,GCA_035410845.1,DAONRV010000008.1,susC,57,2.657e-10,0.298
FW_TWAS_AS_rep_1,GCA_035410845.1,DAONRV010000010.1,cazy_GH5,109,2.859e-27,0.317
FW_TWAS_AS_rep_1,GCA_035410845.1,DAONRV010000003.1,cazy_PL1,131,1.335e-33,0.39
FW_TWAS_AS_rep_1,GCA_035410845.1,DAONRV010000001.1,cazy_GH13,71,1.257e-14,0.25
FW_TWAS_AS_rep_1,GCA_035410845.1,DAONRV010000046.1,cazy_GH13,75,7.263e-16,0.263
FW_TWAS_AS_rep_1,GCA_035410845.1,DAONRV010000003.1,cazy_GH43,47,7.727e-8,0.246
FW_TWAS_AS_rep_1,GCA_035410845.1,DAONRV010000028.1,susD,132,6.616e-34,0.287
FW_TWAS_AS_rep_1,GCA_035410845.1,DAONRV010000017.1,susC,600,1.215e-183,0.376
FW_TWAS_AS_rep_1,GCA_035410845.1,DAONRV010000004.1,susC,58,1.162e-10,0.259
FW_TWAS_AS_rep_1,GCA_035410845.1,DAONRV010000001.1,dtpT,100,5.783e-24,0.259
FW_TWAS_AS_rep_1,GCA_035410845.1,DAONRV010000013.1,pgi,102,1.017e-24,0.3
FW_TWAS_AS_rep_1,GCA_035410845.1,DAONRV010000016.1,tdcB,224,4.585e-67,0.426
FW_TWAS_AS_rep_1,GCA_035410845.1,DAONRV010000046.1,agl,45,1.031e-6,0.263
FW_TWAS_AS_rep_1,GCA_035410845.1,DAONRV010000030.1,mmcF,126,1.24e-31,0.519
FW_TWAS_AS_rep_1,GCA_035410845.1,DAONRV010000001.1,pepD,208,1.456e-62,0.501
FW_TWAS_AS_rep_1,GCA_035410845.1,DAONRV010000030.1,mmcE,501,6.481e-156,0.533
FW_TWAS_AS_rep_1,GCA_035410845.1,DAONRV010000018.1,acs,140,1.946e-36,0.269
FW_TWAS_AS_rep_1,GCA_035410845.1,DAONRV010000002.1,cazy_CE8,223,2.121e-60,0.422
FW_TWAS_AS_rep_1,GCA_035410845.1,DAONRV010000036.1,susD,132,3.505e-34,0.325
FW_TWAS_AS_rep_1,GCA_035410845.1,DAONRV010000001.1,hydA,41,5.697e-7,0.357
FW_TWAS_AS_rep_1,GCA_035410845.1,DAONRV010000002.1,mmcG,98,1.416e-26,0.387
FW_TWAS_AS_rep_1,GCA_035410845.1,DAONRV010000010.1,cazy_CBM6,79,1.316e-17,0.463
FW_TWAS_AS_rep_1,GCA_035410845.1,DAONRV010000022.1,susC,571,6.279e-175,0.368
FW_TWAS_AS_rep_1,GCA_035410845.1,DAONRV010000019.1,adh,76,3.18e-17,0.291
FW_TWAS_AS_rep_1,GCA_035410845.1,DAONRV010000012.1,fdhA,64,1.509e-12,0.44
FW_TWAS_AS_rep_1,GCA_035410845.1,DAONRV010000008.1,pepT,261,7.692e-78,0.419
FW_TWAS_AS_rep_1,GCA_035410845.1,DAONRV010000049.1,susC,271,1.924e-75,0.267
FW_TWAS_AS_rep_1,GCA_035410845.1,DAONRV010000006.1,bcd,173,8.847e-47,0.324
FW_TWAS_AS_rep_1,GCA_035410845.1,DAONRV010000037.1,susD,70,1.879e-16,0.361
FW_TWAS_AS_rep_1,GCA_035410845.1,DAONRV010000009.1,cazy_GH43,78,1.972e-17,0.295
FW_TWAS_AS_rep_1,GCA_035410845.1,DAONRV010000003.1,folD,299,4.09e-93,0.545
FW_TWAS_AS_rep_1,GCA_035410845.1,DAONRV010000041.1,susC,78,5.921e-17,0.409
FW_TWAS_AS_rep_1,GCA_035410845.1,DAONRV010000012.1,hydA,516,1.361e-162,0.463
FW_TWAS_AS_rep_1,GCA_035410845.1,DAONRV010000002.1,frhG,51,2.499e-9,0.428
FW_TWAS_AS_rep_1,GCA_035410845.1,DAONRV010000001.1,cazy_GH43,45,3.774e-7,0.278
FW_TWAS_AS_rep_1,GCA_035410845.1,DAONRV010000010.1,glcP,182,6.793e-51,0.304
FW_TWAS_AS_rep_1,GCA_035410845.1,DAONRV010000019.1,pta,243,6.439e-73,0.468
FW_TWAS_AS_rep_1,GCA_035410845.1,DAONRV010000003.1,endopeptidase,276,2.499e-79,0.369
FW_TWAS_AS_rep_1,GCA_035410845.1,DAONRV010000024.1,cazy_GH43,55,1.035e-9,0.244
FW_TWAS_AS_rep_1,GCA_035410845.1,DAONRV010000010.1,cazy_GH43,129,1.196e-32,0.315
FW_TWAS_AS_rep_1,GCA_035410845.1,DAONRV010000009.1,pepD,537,8.514e-172,0.556
FW_TWAS_AS_rep_1,GCA_035410845.1,DAONRV010000012.1,rnfB,45,9.609e-7,0.367
FW_TWAS_AS_rep_1,GCA_035410845.1,DAONRV010000021.1,susC,197,1.971e-56,0.331
FW_TWAS_AS_rep_1,GCA_035410845.1,DAONRV010000006.1,fadE,158,4.771e-42,0.345
FW_TWAS_AS_rep_1,GCA_035410845.1,DAONRV010000005.1,glcP,212,1.015e-60,0.318
FW_TWAS_AS_rep_1,GCA_035410845.1,DAONRV010000003.1,susD,149,4.873e-39,0.319
FW_TWAS_AS_rep_1,GCA_035410845.1,DAONRV010000002.1,tdcB,94,7.558e-23,0.295
FW_TWAS_AS_rep_1,GCA_035410845.1,DAONRV010000009.1,acs,65,7.22e-13,0.227
FW_TWAS_AS_rep_1,GCA_035410845.1,DAONRV010000001.1,ilvE,258,2.885e-78,0.446
FW_TWAS_AS_rep_1,GCA_035410845.1,DAONRV010000002.1,adhE,105,7.332e-26,0.265
FW_TWAS_AS_rep_1,GCA_035410845.1,DAONRV010000005.1,gdh,549,6.098e-177,0.612
FW_TWAS_AS_rep_1,GCA_035410845.1,DAONRV010000040.1,susC,41,1.191e-6,0.357
FW_TWAS_AS_rep_1,GCA_035410845.1,DAONRV010000004.1,adh,69,4.702e-15,0.26
FW_TWAS_AS_rep_1,GCA_035410845.1,DAONRV010000016.1,cazy_GH9,172,8.73e-47,0.344
FW_TWAS_AS_rep_1,GCA_035410845.1,DAONRV010000019.1,ackA,409,2.57e-129,0.548
FW_TWAS_AS_rep_1,GCA_035410845.1,DAONRV010000016.1,mdh,284,1.703e-87,0.5
FW_TWAS_AS_rep_1,GCA_035410845.1,DAONRV010000009.1,susC,66,4.692e-13,0.283
FW_TWAS_AS_rep_1,GCA_035410845.1,DAONRV010000006.1,etfA,207,1.065e-60,0.383
FW_TWAS_AS_rep_1,GCA_035410845.1,DAONRV010000018.1,sucD,333,4.408e-105,0.583
FW_TWAS_AS_rep_1,GCA_035410845.1,DAONRV010000011.1,cazy_GH10,132,3.849e-33,0.345
FW_TWAS_AS_rep_1,GCA_035410845.1,DAONRV010000002.1,susC,629,1.24e-194,0.383
FW_TWAS_AS_rep_1,GCA_035410845.1,DAONRV010000002.1,rnfB,85,2.961e-20,0.309
FW_TWAS_AS_rep_1,GCA_035410845.1,DAONRV010000004.1,pepQ,173,1.288e-46,0.329
FW_TWAS_AS_rep_1,GCA_035410845.1,DAONRV010000002.1,cazy_GH5,94,6.925e-22,0.286
FW_TWAS_AS_rep_1,GCA_035410845.1,DAONRV010000005.1,susD,82,4.752e-18,0.281
FW_TWAS_AS_rep_1,GCA_035410845.1,DAONRV010000032.1,fhs,614,2.697e-197,0.546
FW_TWAS_AS_rep_1,GCA_035410845.1,DAONRV010000002.1,cazy_GH43,142,4.657e-37,0.339
FW_TWAS_AS_rep_1,GCA_035410845.1,DAONRV010000038.1,susC,345,1.5e-99,0.305
FW_TWAS_AS_rep_1,GCA_035410845.1,DAONRV010000022.1,susD,132,7.596e-34,0.263
FW_TWAS_AS_rep_1,GCA_035410845.1,DAONRV010000036.1,susC,464,1.424e-138,0.34
FW_TWAS_AS_rep_1,GCA_035410845.1,DAONRV010000035.1,frhG,40,2.087e-7,0.292
FW_TWAS_AS_rep_1,GCA_035410845.1,DAONRV010000033.1,susC,516,7.596e-156,0.347
FW_TWAS_AS_rep_1,GCA_035410845.1,DAONRV010000026.1,eda,132,8.882e-37,0.359
FW_TWAS_AS_rep_1,GCA_035410845.1,DAONRV010000017.1,susD,198,2.784e-55,0.308
FW_TWAS_AS_rep_1,GCA_035410845.1,DAONRV010000031.1,pepD,481,1.222e-152,0.505
FW_TWAS_AS_rep_1,GCA_035410845.1,DAONRV010000002.1,fadD,267,1.745e-77,0.334
FW_TWAS_AS_rep_1,GCA_035410845.1,DAONRV010000039.1,susC,611,1.13e-188,0.381
FW_TWAS_AS_rep_1,GCA_035410845.1,DAONRV010000018.1,fadD,201,2.189e-56,0.305
FW_TWAS_AS_rep_1,GCA_035410845.1,DAONRV010000003.1,susC,529,7.053e-161,0.34
FW_TWAS_AS_rep_1,GCA_035410845.1,DAONRV010000005.1,xylA,523,4.609e-168,0.566
FW_TWAS_AS_rep_1,GCA_035410845.1,DAONRV010000025.1,lctB,42,9.052e-6,0.234
FW_TWAS_AS_rep_1,GCA_035410845.1,DAONRV010000018.1,cazy_GH13,45,1.131e-6,0.317
FW_TWAS_AS_rep_1,GCA_035410845.1,DAONRV010000021.1,fadD,278,1.489e-81,0.369
FW_TWAS_AS_rep_1,GCA_035410845.1,DAONRV010000011.1,susD,120,5.554e-30,0.266
FW_TWAS_AS_rep_1,GCA_035410845.1,DAONRV010000021.1,acs,82,4.104e-18,0.223
FW_TWAS_AS_rep_1,GCA_035410845.1,DAONRV010000025.1,lctC,45,9.877e-7,0.336
FW_TWAS_AS_rep_1,GCA_035410845.1,DAONRV010000015.1,extracellular_protease,99,2.249e-23,0.306
FW_TWAS_AS_rep_1,GCA_035410845.1,DAONRV010000002.1,ilvE,74,8.019e-17,0.343
FW_TWAS_AS_rep_1,GCA_035410845.1,DAONRV010000018.1,sucC,319,2.043e-98,0.435
FW_TWAS_AS_rep_1,GCA_035410845.1,DAONRV010000021.1,pfkA,81,8.557e-18,0.303
FW_TWAS_AS_rep_1,GCA_035410845.1,DAONRV010000005.1,susC,717,1.391e-225,0.426
FW_TWAS_AS_rep_1,GCA_035410845.1,DAONRV010000039.1,pepN,132,1.317e-33,0.283
FW_TWAS_AS_rep_1,GCA_035410845.1,DAONRV010000005.1,agl,55,1.36e-9,0.329
FW_TWAS_AS_rep_1,GCA_035410845.1,DAONRV010000011.1,cazy_CBM6,70,3.031e-14,0.365
FW_TWAS_AS_rep_1,GCA_035410845.1,DAONRV010000001.1,susC,463,3.016e-138,0.324
FW_TWAS_AS_rep_1,GCA_035410845.1,DAONRV010000011.1,susC,509,6.845e-153,0.328
FW_TWAS_AS_rep_1,GCA_035410845.1,DAONRV010000009.1,adh,63,7.253e-13,0.31
FW_TWAS_AS_rep_1,GCA_035410845.1,DAONRV010000004.1,rnfB,47,3.654e-10,0.468
FW_TWAS_AS_rep_1,GCA_035410845.1,DAONRV010000010.1,cazy_GH10,143,3.321e-38,0.284
FW_TWAS_AS_rep_1,GCA_035410845.1,DAONRV010000039.1,susD,123,5.153e-31,0.273
FW_TWAS_AS_rep_1,GCA_035410845.1,DAONRV010000004.1,frhB,40,6.133e-8,0.477
FW_TWAS_AS_rep_1,GCA_035410845.1,DAONRV010000028.1,susC,587,1.298e-180,0.368
FW_TWAS_AS_rep_1,GCA_035410845.1,DAONRV010000006.1,gapA,484,1.263e-156,0.716
FW_TWAS_AS_rep_1,GCA_035410845.1,DAONRV010000009.1,cazy_GH10,249,9.283e-75,0.41
FW_TWAS_AS_rep_1,GCA_035410845.1,DAONRV010000007.1,esterase,248,2.856e-72,0.341
FW_TWAS_AS_rep_1,GCA_035410845.1,DAONRV010000008.1,pta,127,1.229e-31,0.301
FW_TWAS_AS_rep_1,GCA_035410845.1,DAONRV010000002.1,pepQ,123,2.543e-31,0.296
FW_TWAS_AS_rep_1,GCA_035410845.1,DAONRV010000001.1,endopeptidase,222,2.325e-64,0.431
FW_TWAS_AS_rep_1,GCA_035410845.1,DAONRV010000010.1,susD,166,8.976e-45,0.296
FW_TWAS_AS_rep_1,GCA_035410845.1,DAONRV010000019.1,fumB,717,2.379e-233,0.671
FW_TWAS_AS_rep_1,GCA_035410845.1,DAONRV010000024.1,acylglycerol_lipase,58,1.558e-11,0.327
FW_TWAS_AS_rep_1,GCA_035410845.1,DAONRV010000010.1,susC,630,1.738e-193,0.393
FW_TWAS_AS_rep_1,GCA_035410845.1,DAONRV010000009.1,fadD,366,3.573e-111,0.416
FW_TWAS_AS_rep_1,GCA_035410845.1,DAONRV010000037.1,susC,368,4.651e-107,0.281
FW_TWAS_AS_rep_1,GCA_035351355.1,DAOPWA010000011.1,gapA,486,2.862e-157,0.712
FW_TWAS_AS_rep_1,GCA_035351355.1,DAOPWA010000003.1,pgi,99,9.825e-24,0.297
FW_TWAS_AS_rep_1,GCA_035351355.1,DAOPWA010000010.1,acs,86,2.108e-19,0.249
FW_TWAS_AS_rep_1,GCA_035351355.1,DAOPWA010000009.1,cazy_GH5,114,8.645e-29,0.33
FW_TWAS_AS_rep_1,GCA_035351355.1,DAOPWA010000002.1,cat,286,4.441e-90,0.652
FW_TWAS_AS_rep_1,GCA_035351355.1,DAOPWA010000013.1,frhB,46,5.697e-8,0.403
FW_TWAS_AS_rep_1,GCA_035351355.1,DAOPWA010000003.1,pepD,452,9.352e-143,0.482
FW_TWAS_AS_rep_1,GCA_035351355.1,DAOPWA010000019.1,susC,662,1.063e-204,0.4
FW_TWAS_AS_rep_1,GCA_035351355.1,DAOPWA010000013.1,hydA,50,3.056e-9,0.388
FW_TWAS_AS_rep_1,GCA_035351355.1,DAOPWA010000014.1,xylA,286,8.102e-89,0.585
FW_TWAS_AS_rep_1,GCA_035351355.1,DAOPWA010000001.1,susD,162,1.316e-43,0.299
FW_TWAS_AS_rep_1,GCA_035351355.1,DAOPWA010000003.1,cazy_GH5,58,4.508e-11,0.234
FW_TWAS_AS_rep_1,GCA_035351355.1,DAOPWA010000001.1,susC,601,1.936e-185,0.365
FW_TWAS_AS_rep_1,GCA_035351355.1,DAOPWA010000020.1,frhG,41,1.195e-7,0.323
FW_TWAS_AS_rep_1,GCA_035351355.1,DAOPWA010000010.1,pepT,61,3.266e-12,0.262
FW_TWAS_AS_rep_1,GCA_035351355.1,DAOPWA010000004.1,rnfB,78,5.345e-18,0.319
FW_TWAS_AS_rep_1,GCA_035351355.1,DAOPWA010000014.1,pepQ,95,1.635e-22,0.294
FW_TWAS_AS_rep_1,GCA_035351355.1,DAOPWA010000004.1,pepD,504,1.649e-160,0.503
FW_TWAS_AS_rep_1,GCA_035351355.1,DAOPWA010000014.1,glcP,197,1.421e-55,0.312
FW_TWAS_AS_rep_1,GCA_035351355.1,DAOPWA010000026.1,tdcB,80,5.122e-18,0.32
FW_TWAS_AS_rep_1,GCA_035351355.1,DAOPWA010000003.1,eda,101,3.429e-27,0.402
FW_TWAS_AS_rep_1,GCA_035351355.1,DAOPWA010000004.1,frhB,43,9.26e-7,0.396
FW_TWAS_AS_rep_1,GCA_035351355.1,DAOPWA010000003.1,extracellular_protease,142,4.517e-36,0.343
FW_TWAS_AS_rep_1,GCA_035351355.1,DAOPWA010000001.1,mmcF,133,9.477e-34,0.518
FW_TWAS_AS_rep_1,GCA_035351355.1,DAOPWA010000001.1,mmcE,498,3.713e-155,0.519
FW_TWAS_AS_rep_1,GCA_035351355.1,DAOPWA010000011.1,ackA,380,3.006e-119,0.51
FW_TWAS_AS_rep_1,GCA_035351355.1,DAOPWA010000003.1,fdhA,67,1.264e-13,0.515
FW_TWAS_AS_rep_1,GCA_035351355.1,DAOPWA010000010.1,susD,150,2.861e-39,0.279
FW_TWAS_AS_rep_1,GCA_035351355.1,DAOPWA010000010.1,cazy_GH43,68,1.948e-14,0.276
FW_TWAS_AS_rep_1,GCA_035351355.1,DAOPWA010000004.1,endopeptidase,242,2.397e-69,0.513
FW_TWAS_AS_rep_1,GCA_035351355.1,DAOPWA010000019.1,esterase,178,1.286e-48,0.317
FW_TWAS_AS_rep_1,GCA_035351355.1,DAOPWA010000002.1,fadA,319,4.547e-98,0.477
FW_TWAS_AS_rep_1,GCA_035351355.1,DAOPWA010000001.1,cazy_GH13,49,3.889e-8,0.3
FW_TWAS_AS_rep_1,GCA_035351355.1,DAOPWA010000004.1,dtpT,204,1.459e-57,0.313
FW_TWAS_AS_rep_1,GCA_035351355.1,DAOPWA010000020.1,hydA,44,9.434e-9,0.357
FW_TWAS_AS_rep_1,GCA_035351355.1,DAOPWA010000013.1,rnfB,41,3.306e-6,0.328
FW_TWAS_AS_rep_1,GCA_035351355.1,DAOPWA010000018.1,susC,611,3.469e-189,0.399
FW_TWAS_AS_rep_1,GCA_035351355.1,DAOPWA010000015.1,acs,51,1.018e-8,0.214
FW_TWAS_AS_rep_1,GCA_035351355.1,DAOPWA010000012.1,mmcG,110,1.656e-30,0.392
FW_TWAS_AS_rep_1,GCA_035351355.1,DAOPWA010000014.1,pfor,1420,0.0,0.614
FW_TWAS_AS_rep_1,GCA_035351355.1,DAOPWA010000018.1,susD,119,1.152e-29,0.266
FW_TWAS_AS_rep_1,GCA_035351355.1,DAOPWA010000038.1,hydA,509,2.288e-160,0.451
FW_TWAS_AS_rep_1,GCA_035351355.1,DAOPWA010000018.1,agl,112,5.395e-28,0.266
FW_TWAS_AS_rep_1,GCA_035351355.1,DAOPWA010000014.1,susD,155,1.612e-41,0.308
FW_TWAS_AS_rep_1,GCA_035351355.1,DAOPWA010000001.1,agl,49,5.129e-8,0.35
FW_TWAS_AS_rep_1,GCA_035351355.1,DAOPWA010000015.1,fadD,264,3.334e-77,0.354
FW_TWAS_AS_rep_1,GCA_035351355.1,DAOPWA010000019.1,cazy_GH9,165,2.588e-44,0.324
FW_TWAS_AS_rep_1,GCA_035351355.1,DAOPWA010000002.1,fadD,240,3.724e-69,0.355
FW_TWAS_AS_rep_1,GCA_035351355.1,DAOPWA010000020.1,frhB,42,8.702e-8,0.4
FW_TWAS_AS_rep_1,GCA_035351355.1,DAOPWA010000003.1,pepT,74,7.736e-16,0.287
FW_TWAS_AS_rep_1,GCA_035351355.1,DAOPWA010000019.1,susD,123,4.54e-31,0.27
FW_TWAS_AS_rep_1,GCA_035351355.1,DAOPWA010000016.1,cazy_GH9,160,1.191e-41,0.277
FW_TWAS_AS_rep_1,GCA_035351355.1,DAOPWA010000005.1,endopeptidase,213,8.07e-61,0.363
FW_TWAS_AS_rep_1,GCA_035351355.1,DAOPWA010000024.1,susC,709,3.454e-222,0.405
FW_TWAS_AS_rep_1,GCA_035351355.1,DAOPWA010000003.1,hydA,461,6.789e-144,0.426
FW_TWAS_AS_rep_1,GCA_035351355.1,DAOPWA010000009.1,pfkA,263,9.667e-79,0.505
FW_TWAS_AS_rep_1,GCA_035351355.1,DAOPWA010000001.1,esterase,240,4.02e-69,0.346
FW_TWAS_AS_rep_1,GCA_035351355.1,DAOPWA010000020.1,dtpT,101,1.88e-24,0.249
FW_TWAS_AS_rep_1,GCA_035351355.1,DAOPWA010000011.1,pta,130,4.204e-35,0.329
FW_TWAS_AS_rep_1,GCA_035351355.1,DAOPWA010000021.1,esterase,200,1.327e-56,0.311
FW_TWAS_AS_rep_1,GCA_035351355.1,DAOPWA010000010.1,susC,644,2.311e-199,0.39
FW_TWAS_AS_rep_1,GCA_035351355.1,DAOPWA010000002.1,acs,85,4.41e-18,0.24
FW_TWAS_AS_rep_1,GCA_035351355.1,DAOPWA010000010.1,fadD,251,3.611e-73,0.331
FW_TWAS_AS_rep_1,GCA_035351355.1,DAOPWA010000004.1,pepT,247,3.573e-73,0.389
FW_TWAS_AS_rep_1,GCA_035351355.1,DAOPWA010000010.1,cazy_GH10,250,4.666e-75,0.391
FW_TWAS_AS_rep_1,GCA_035351355.1,DAOPWA010000004.1,frhG,43,9.26e-7,0.387
FW_TWAS_AS_rep_1,GCA_035351355.1,DAOPWA010000002.1,thl,360,2.427e-112,0.508
FW_TWAS_AS_rep_1,GCA_035351355.1,DAOPWA010000003.1,susC,347,9.066e-103,0.344
FW_TWAS_AS_rep_1,GCA_035351355.1,DAOPWA010000016.1,susC,332,2.351e-95,0.288
FW_TWAS_AS_rep_1,GCA_035351355.1,DAOPWA010000003.1,frhG,57,1.114e-10,0.388
FW_TWAS_AS_rep_1,GCA_035351355.1,DAOPWA010000014.1,susC,549,2.195e-167,0.348
FW_TWAS_AS_rep_1,GCA_035351355.1,DAOPWA010000018.1,cazy_GH13,114,1.255e-28,0.312
FW_TWAS_AS_rep_1,GCA_035351355.1,DAOPWA010000034.1,acs,61,8.227e-12,0.211
FW_TWAS_AS_rep_1,GCA_035351355.1,DAOPWA010000038.1,fdhA,57,1.752e-10,0.4
FW_TWAS_AS_rep_1,GCA_035351355.1,DAOPWA010000039.1,susC,345,2.507e-99,0.306
FW_TWAS_AS_rep_1,GCA_035351355.1,DAOPWA010000001.1,gdh,551,1.441e-177,0.632
FW_TWAS_AS_rep_1,GCA_035351355.1,DAOPWA010000004.1,pepQ,67,2.496e-14,0.278
FW_TWAS_AS_rep_1,GCA_035351355.1,DAOPWA010000045.1,susC,147,7.693e-40,0.305
FW_TWAS_AS_rep_1,GCA_035351355.1,DAOPWA010000034.1,fadD,292,3.405e-86,0.371
FW_TWAS_AS_rep_1,GCA_035351355.1,DAOPWA010000020.1,pepQ,152,7.401e-40,0.298
FW_TWAS_AS_rep_1,GCA_035351355.1,DAOPWA010000003.1,rnfB,44,8.698e-9,0.425
FW_TWAS_AS_rep_1,GCA_035351355.1,DAOPWA010000033.1,fhs,604,2.063e-193,0.547
FW_TWAS_AS_rep_1,GCA_035351355.1,DAOPWA010000012.1,folD,310,1.71e-96,0.555
FW_TWAS_AS_rep_1,GCA_035351355.1,DAOPWA010000021.1,cazy_GH43,126,4.198e-32,0.332
FW_TWAS_AS_rep_1,GCA_963746195.1,CAVVAS010000007.1,fadD,247,1.314e-71,0.34
FW_TWAS_AS_rep_1,GCA_963746195.1,CAVVAS010000005.1,crt,164,2.594e-47,0.379
FW_TWAS_AS_rep_1,GCA_963746195.1,CAVVAS010000005.1,extracellular_protease,101,3.432e-24,0.269
FW_TWAS_AS_rep_1,GCA_963746195.1,CAVVAS010000005.1,ilvE,83,3.111e-20,0.34
FW_TWAS_AS_rep_1,GCA_963746195.1,CAVVAS010000005.1,susD,122,3.745e-33,0.376
FW_TWAS_AS_rep_1,GCA_963746195.1,CAVVAS010000005.1,pfor,42,6.821e-6,0.33
FW_TWAS_AS_rep_1,GCA_963746195.1,CAVVAS010000005.1,cazy_GH9,71,1.661e-14,0.328
FW_TWAS_AS_rep_1,GCA_963746195.1,CAVVAS010000005.1,etfB,145,6.857e-41,0.368
FW_TWAS_AS_rep_1,GCA_963746195.1,CAVVAS010000005.1,mmcG,102,1.235e-27,0.433
FW_TWAS_AS_rep_1,GCA_963746195.1,CAVVAS010000005.1,cazy_GH13,233,4.764e-67,0.407
FW_TWAS_AS_rep_1,GCA_963746195.1,CAVVAS010000006.1,bcd,359,2.593e-112,0.481
FW_TWAS_AS_rep_1,GCA_963746195.1,CAVVAS010000006.1,fadE,259,6.071e-78,0.418
FW_TWAS_AS_rep_1,GCA_963746195.1,CAVVAS010000006.1,gapA,287,4.678e-88,0.468
FW_TWAS_AS_rep_1,GCA_963746195.1,CAVVAS010000007.1,dppB,122,5.546e-31,0.344
FW_TWAS_AS_rep_1,GCA_963746195.1,CAVVAS010000007.1,pepO,561,2.922e-177,0.447
FW_TWAS_AS_rep_1,GCA_963746195.1,CAVVAS010000001.1,frhG,43,3.369e-7,0.328
FW_TWAS_AS_rep_1,GCA_963746195.1,CAVVAS010000005.1,mmcE,300,1.083e-84,0.371
FW_TWAS_AS_rep_1,GCA_963746195.1,CAVVAS010000003.1,susC,44,3.602e-6,0.262
FW_TWAS_AS_rep_1,GCA_963746195.1,CAVVAS010000001.1,frhB,40,4.84e-6,0.27
FW_TWAS_AS_rep_1,GCA_963746195.1,CAVVAS010000008.1,fadE,232,6.244e-68,0.43
FW_TWAS_AS_rep_1,GCA_963746195.1,CAVVAS010000005.1,etfA,191,1.651e-55,0.381
FW_TWAS_AS_rep_1,GCA_963746195.1,CAVVAS010000001.1,bcd,231,6.963e-68,0.368
FW_TWAS_AS_rep_1,GCA_963746195.1,CAVVAS010000006.1,acs,753,7.199e-244,0.587
FW_TWAS_AS_rep_1,GCA_963746195.1,CAVVAS010000001.1,mvhG,41,1.398e-6,0.454
FW_TWAS_AS_rep_1,GCA_963746195.1,CAVVAS010000007.1,lipase,50,4.578e-8,0.442
FW_TWAS_AS_rep_1,GCA_963746195.1,CAVVAS010000005.1,pfkA,308,4.503e-96,0.516
FW_TWAS_AS_rep_1,GCA_963746195.1,CAVVAS010000007.1,oppA,113,1.004e-27,0.25
FW_TWAS_AS_rep_1,GCA_963746195.1,CAVVAS010000008.1,bcd,154,1.28e-41,0.33
FW_TWAS_AS_rep_1,GCA_963746195.1,CAVVAS010000007.1,susD,139,3.634e-38,0.337
FW_TWAS_AS_rep_1,GCA_963746195.1,CAVVAS010000001.1,pepA,297,1.203e-90,0.442
FW_TWAS_AS_rep_1,GCA_963746195.1,CAVVAS010000005.1,pepT,68,3.398e-14,0.254
FW_TWAS_AS_rep_1,GCA_963746195.1,CAVVAS010000001.1,fadE,236,2.317e-67,0.384
FW_TWAS_AS_rep_1,GCA_963746195.1,CAVVAS010000001.1,endopeptidase,44,4.379e-6,0.279
FW_TWAS_AS_rep_1,GCA_963746195.1,CAVVAS010000001.1,susC,562,1.084e-172,0.37
FW_TWAS_AS_rep_1,GCA_963746195.1,CAVVAS010000007.1,susC,716,3.736e-224,0.417
FW_TWAS_AS_rep_1,GCA_963746195.1,CAVVAS010000005.1,pepQ,126,1.11e-32,0.285
FW_TWAS_AS_rep_1,GCA_963746195.1,CAVVAS010000004.1,susD,77,1.702e-16,0.331
FW_TWAS_AS_rep_1,GCA_963746195.1,CAVVAS010000007.1,dppA,110,9.601e-27,0.221
FW_TWAS_AS_rep_1,GCA_963746195.1,CAVVAS010000007.1,oppB,141,8.314e-38,0.307
FW_TWAS_AS_rep_1,GCA_963746195.1,CAVVAS010000004.1,aldh,44,1.656e-6,0.219
FW_TWAS_AS_rep_1,GCA_963746195.1,CAVVAS010000005.1,fadA,325,2.83e-100,0.482
FW_TWAS_AS_rep_1,GCA_963746195.1,CAVVAS010000005.1,acylglycerol_lipase,48,1.826e-8,0.275
FW_TWAS_AS_rep_1,GCA_963746195.1,CAVVAS010000005.1,hbd,244,5.935e-73,0.413
FW_TWAS_AS_rep_1,GCA_963746195.1,CAVVAS010000001.1,susD,93,7.915e-22,0.271
FW_TWAS_AS_rep_1,GCA_963746195.1,CAVVAS010000003.1,ilvE,267,7.976e-81,0.42
FW_TWAS_AS_rep_1,GCA_963746195.1,CAVVAS010000008.1,mmcE,478,2.451e-148,0.525
FW_TWAS_AS_rep_1,GCA_963746195.1,CAVVAS010000001.1,hydA,72,1.308e-15,0.276
FW_TWAS_AS_rep_1,GCA_963746195.1,CAVVAS010000006.1,endopeptidase,53,1.904e-9,0.217
FW_TWAS_AS_rep_1,GCA_963746195.1,CAVVAS010000008.1,mmcF,121,4.25e-30,0.461
FW_TWAS_AS_rep_1,GCA_963746195.1,CAVVAS010000006.1,fadD,117,5.687e-29,0.257
FW_TWAS_AS_rep_1,GCA_963746195.1,CAVVAS010000005.1,fadD,266,2.727e-77,0.35
FW_TWAS_AS_rep_1,GCA_963746195.1,CAVVAS010000005.1,agl,170,2.641e-46,0.294
FW_TWAS_AS_rep_1,GCA_963746195.1,CAVVAS010000007.1,pepN,209,6.168e-57,0.3
FW_TWAS_AS_rep_1,GCA_963746195.1,CAVVAS010000005.1,sucD,328,4.088e-103,0.586
FW_TWAS_AS_rep_1,GCA_963746195.1,CAVVAS010000005.1,pepN,48,9.01e-8,0.233
FW_TWAS_AS_rep_1,GCA_963746195.1,CAVVAS010000005.1,thl,410,1.164e-129,0.573
FW_TWAS_AS_rep_1,GCA_963746195.1,CAVVAS010000005.1,fadE,274,6.717e-83,0.417
FW_TWAS_AS_rep_1,GCA_963746195.1,CAVVAS010000005.1,pyk,149,2.391e-42,0.4
FW_TWAS_AS_rep_1,GCA_963746195.1,CAVVAS010000004.1,susC,646,8.226e-201,0.406
FW_TWAS_AS_rep_1,GCA_963746195.1,CAVVAS010000006.1,tdcB,226,1.863e-67,0.412
FW_TWAS_AS_rep_1,GCA_963746195.1,CAVVAS010000007.1,dppC,116,2.254e-29,0.293
FW_TWAS_AS_rep_1,GCA_963746195.1,CAVVAS010000005.1,dtpT,422,2.187e-132,0.484
FW_TWAS_AS_rep_1,GCA_963746195.1,CAVVAS010000004.1,adh,94,1.517e-23,0.302
FW_TWAS_AS_rep_1,GCA_963746195.1,CAVVAS010000008.1,pepN,67,2.599e-13,0.243
FW_TWAS_AS_rep_1,GCA_963746195.1,CAVVAS010000006.1,gdh,465,4.446e-147,0.524
FW_TWAS_AS_rep_1,GCA_963746195.1,CAVVAS010000005.1,bcd,378,1.749e-118,0.529
FW_TWAS_AS_rep_1,GCA_963746195.1,CAVVAS010000007.1,pepQ,101,2.226e-24,0.279
FW_TWAS_AS_rep_1,GCA_963746195.1,CAVVAS010000005.1,susC,449,4.012e-138,0.387
FW_TWAS_AS_rep_1,GCA_963746195.1,CAVVAS010000001.1,extracellular_protease,143,8.501e-37,0.347
FW_TWAS_AS_rep_1,GCA_963746195.1,CAVVAS010000005.1,glcP,206,4.18e-59,0.324
FW_TWAS_AS_rep_1,GCA_963746195.1,CAVVAS010000004.1,cazy_GH13,74,2.887e-15,0.267
FW_TWAS_AS_rep_1,GCA_963746195.1,CAVVAS010000005.1,fadB,169,1.993e-47,0.312
FW_TWAS_AS_rep_1,GCA_963746195.1,CAVVAS010000007.1,acs,136,5.071e-35,0.274
FW_TWAS_AS_rep_1,GCA_034676565.1,JAUCCD010000021.1,acylglycerol_lipase,54,5.731e-10,0.26
FW_TWAS_AS_rep_1,GCA_034676565.1,JAUCCD010000017.1,pepQ,65,8.866e-14,0.272
FW_TWAS_AS_rep_1,GCA_034676565.1,JAUCCD010000041.1,crt,190,2.191e-54,0.388
FW_TWAS_AS_rep_1,GCA_034676565.1,JAUCCD010000035.1,etfB,308,1.755e-96,0.682
FW_TWAS_AS_rep_1,GCA_034676565.1,JAUCCD010000041.1,adh,56,9.165e-11,0.303
FW_TWAS_AS_rep_1,GCA_034676565.1,JAUCCD010000002.1,acs,115,3.71e-29,0.313
FW_TWAS_AS_rep_1,GCA_034676565.1,JAUCCD010000018.1,etfA,79,1.549e-18,0.32
FW_TWAS_AS_rep_1,GCA_034676565.1,JAUCCD010000030.1,fwdA,44,1.773e-6,0.355
FW_TWAS_AS_rep_1,GCA_034676565.1,JAUCCD010000031.1,sucD,318,6.813e-100,0.554
FW_TWAS_AS_rep_1,GCA_034676565.1,JAUCCD010000018.1,bcd,98,8.091e-23,0.258
FW_TWAS_AS_rep_1,GCA_034676565.1,JAUCCD010000018.1,thl,278,7.142e-84,0.439
FW_TWAS_AS_rep_1,GCA_034676565.1,JAUCCD010000035.1,aldh,46,4.312e-7,0.266
FW_TWAS_AS_rep_1,GCA_034676565.1,JAUCCD010000001.1,fadA,251,9.285e-75,0.418
FW_TWAS_AS_rep_1,GCA_034676565.1,JAUCCD010000029.1,acylglycerol_lipase,50,7.367e-9,0.341
FW_TWAS_AS_rep_1,GCA_034676565.1,JAUCCD010000043.1,endopeptidase,94,6.578e-22,0.328
FW_TWAS_AS_rep_1,GCA_034676565.1,JAUCCD010000036.1,adh,64,1.565e-13,0.298
FW_TWAS_AS_rep_1,GCA_034676565.1,JAUCCD010000035.1,hbd,234,2.036e-65,0.408
FW_TWAS_AS_rep_1,GCA_034676565.1,JAUCCD010000028.1,frhB,45,7.105e-7,0.343
FW_TWAS_AS_rep_1,GCA_034676565.1,JAUCCD010000020.1,pgi,599,8.539e-192,0.581
FW_TWAS_AS_rep_1,GCA_034676565.1,JAUCCD010000024.1,lctB,63,5.832e-12,0.25
FW_TWAS_AS_rep_1,GCA_034676565.1,JAUCCD010000026.1,crt,143,4.094e-40,0.373
FW_TWAS_AS_rep_1,GCA_034676565.1,JAUCCD010000028.1,rnfB,46,5.015e-9,0.333
FW_TWAS_AS_rep_1,GCA_034676565.1,JAUCCD010000012.1,pepA,386,6.496e-119,0.485
FW_TWAS_AS_rep_1,GCA_034676565.1,JAUCCD010000020.1,oppB,136,3.37e-35,0.35
FW_TWAS_AS_rep_1,GCA_034676565.1,JAUCCD010000002.1,fadE,145,1.418e-37,0.338
FW_TWAS_AS_rep_1,GCA_034676565.1,JAUCCD010000035.1,bcd,130,2.228e-33,0.317
FW_TWAS_AS_rep_1,GCA_034676565.1,JAUCCD010000012.1,rnfB,221,1.067e-67,0.666
FW_TWAS_AS_rep_1,GCA_034676565.1,JAUCCD010000028.1,ilvE,154,4.506e-43,0.345
FW_TWAS_AS_rep_1,GCA_034676565.1,JAUCCD010000035.1,acylglycerol_lipase,54,4.034e-10,0.276
FW_TWAS_AS_rep_1,GCA_034676565.1,JAUCCD010000032.1,cazy_GH5,91,1.158e-21,0.285
FW_TWAS_AS_rep_1,GCA_034676565.1,JAUCCD010000021.1,tdcB,89,4.087e-21,0.298
FW_TWAS_AS_rep_1,GCA_034676565.1,JAUCCD010000003.1,hydA,86,4.662e-19,0.301
FW_TWAS_AS_rep_1,GCA_034676565.1,JAUCCD010000001.1,fadE,312,5.497e-96,0.476
FW_TWAS_AS_rep_1,GCA_034676565.1,JAUCCD010000003.1,gdh,1170,0.0,0.554
FW_TWAS_AS_rep_1,GCA_034676565.1,JAUCCD010000036.1,thl,244,3.052e-73,0.442
FW_TWAS_AS_rep_1,GCA_034676565.1,JAUCCD010000035.1,mer,112,9.326e-28,0.305
FW_TWAS_AS_rep_1,GCA_034676565.1,JAUCCD010000018.1,fadB,162,6.682e-46,0.35
FW_TWAS_AS_rep_1,GCA_034676565.1,JAUCCD010000023.1,gapA,175,7.703e-50,0.363
FW_TWAS_AS_rep_1,GCA_034676565.1,JAUCCD010000032.1,mmcE,523,7.396e-163,0.517
FW_TWAS_AS_rep_1,GCA_034676565.1,JAUCCD010000031.1,etfA,126,1.605e-33,0.383
FW_TWAS_AS_rep_1,GCA_034676565.1,JAUCCD010000026.1,fadB,141,1.222e-36,0.328
FW_TWAS_AS_rep_1,GCA_034676565.1,JAUCCD010000021.1,fdhA,349,1.398e-104,0.367
FW_TWAS_AS_rep_1,GCA_034676565.1,JAUCCD010000028.1,acs,460,1.195e-143,0.45
FW_TWAS_AS_rep_1,GCA_034676565.1,JAUCCD010000029.1,lysophospholipase,53,1.344e-9,0.369
FW_TWAS_AS_rep_1,GCA_034676565.1,JAUCCD010000031.1,sucC,385,1.005e-120,0.503
FW_TWAS_AS_rep_1,GCA_034676565.1,JAUCCD010000012.1,gapA,291,2.478e-89,0.489
FW_TWAS_AS_rep_1,GCA_034676565.1,JAUCCD010000032.1,fadB,74,1.316e-16,0.312
FW_TWAS_AS_rep_1,GCA_034676565.1,JAUCCD010000035.1,fdhA,353,6.757e-104,0.336
FW_TWAS_AS_rep_1,GCA_034676565.1,JAUCCD010000003.1,fdhA,123,1.691e-30,0.233
FW_TWAS_AS_rep_1,GCA_034676565.1,JAUCCD010000001.1,crt,136,2.304e-37,0.388
FW_TWAS_AS_rep_1,GCA_034676565.1,JAUCCD010000004.1,phospholipase,94,1.992e-22,0.307
FW_TWAS_AS_rep_1,GCA_034676565.1,JAUCCD010000018.1,fadE,104,1.664e-24,0.275
FW_TWAS_AS_rep_1,GCA_034676565.1,JAUCCD010000041.1,fadD,134,1.346e-34,0.287
FW_TWAS_AS_rep_1,GCA_034676565.1,JAUCCD010000021.1,hydA,109,1.834e-26,0.313
FW_TWAS_AS_rep_1,GCA_034676565.1,JAUCCD010000026.1,etfA,74,1.044e-16,0.29
FW_TWAS_AS_rep_1,GCA_034676565.1,JAUCCD010000032.1,etfA,58,1.645e-11,0.293
FW_TWAS_AS_rep_1,GCA_034676565.1,JAUCCD010000035.1,fadE,153,3.228e-41,0.35
FW_TWAS_AS_rep_1,GCA_034676565.1,JAUCCD010000036.1,fumB,108,8.868e-29,0.338
FW_TWAS_AS_rep_1,GCA_034676565.1,JAUCCD010000041.1,bcd,141,5.281e-38,0.293
FW_TWAS_AS_rep_1,GCA_034676565.1,JAUCCD010000020.1,cazy_GH13,54,1.688e-9,0.245
FW_TWAS_AS_rep_1,GCA_034676565.1,JAUCCD010000041.1,etfB,109,1.259e-28,0.374
FW_TWAS_AS_rep_1,GCA_034676565.1,JAUCCD010000002.1,fadD,123,7.231e-32,0.31
FW_TWAS_AS_rep_1,GCA_034676565.1,JAUCCD010000018.1,crt,139,1.207e-38,0.357
FW_TWAS_AS_rep_1,GCA_034676565.1,JAUCCD010000008.1,tdcB,333,1.307e-97,0.465
FW_TWAS_AS_rep_1,GCA_034676565.1,JAUCCD010000012.1,acs,226,3.147e-64,0.343
FW_TWAS_AS_rep_1,GCA_034676565.1,JAUCCD010000041.1,etfA,144,1.776e-39,0.397
FW_TWAS_AS_rep_1,GCA_034676565.1,JAUCCD010000020.1,acs,200,3.463e-60,0.577
FW_TWAS_AS_rep_1,GCA_034676565.1,JAUCCD010000018.1,hbd,178,2.732e-51,0.404
FW_TWAS_AS_rep_1,GCA_034676565.1,JAUCCD010000001.1,fadD,216,9.542e-61,0.322
FW_TWAS_AS_rep_1,GCA_034676565.1,JAUCCD010000035.1,adh,54,2.285e-10,0.349
FW_TWAS_AS_rep_1,GCA_034676565.1,JAUCCD010000037.1,folD,335,1.658e-105,0.58
FW_TWAS_AS_rep_1,GCA_034676565.1,JAUCCD010000028.1,pyk,332,2.924e-101,0.426
FW_TWAS_AS_rep_1,GCA_034676565.1,JAUCCD010000028.1,fadD,219,3.812e-62,0.338
FW_TWAS_AS_rep_1,GCA_034676565.1,JAUCCD010000012.1,pyk,364,3.325e-112,0.455
FW_TWAS_AS_rep_1,GCA_034676565.1,JAUCCD010000012.1,frhB,47,3.436e-8,0.411
FW_TWAS_AS_rep_1,GCA_034676565.1,JAUCCD010000012.1,pfkA,74,5.035e-16,0.302
FW_TWAS_AS_rep_1,GCA_034676565.1,JAUCCD010000001.1,acs,138,2.751e-35,0.26
FW_TWAS_AS_rep_1,GCA_034676565.1,JAUCCD010000018.1,ackA,341,1.109e-103,0.495
FW_TWAS_AS_rep_1,GCA_034676565.1,JAUCCD010000034.1,fadE,48,6.743e-8,0.405
FW_TWAS_AS_rep_1,GCA_034676565.1,JAUCCD010000032.1,crt,137,1.241e-37,0.37
FW_TWAS_AS_rep_1,GCA_034676565.1,JAUCCD010000028.1,tdcB,70,6.287e-15,0.284
FW_TWAS_AS_rep_1,GCA_034676565.1,JAUCCD010000032.1,edd,223,8.807e-63,0.323
FW_TWAS_AS_rep_1,GCA_034676565.1,JAUCCD010000034.1,endopeptidase,174,2.553e-50,0.474
FW_TWAS_AS_rep_1,GCA_034676565.1,JAUCCD010000012.1,cdhC,50,3.236e-9,0.343
FW_TWAS_AS_rep_1,GCA_034676565.1,JAUCCD010000012.1,acylglycerol_lipase,43,1.247e-6,0.239
FW_TWAS_AS_rep_1,GCA_034676565.1,JAUCCD010000028.1,edd,235,4.344e-67,0.323
FW_TWAS_AS_rep_1,GCA_034676565.1,JAUCCD010000044.1,thl,157,9.82e-46,0.487
FW_TWAS_AS_rep_1,GCA_034676565.1,JAUCCD010000041.1,acylglycerol_lipase,46,1.617e-7,0.35
FW_TWAS_AS_rep_1,GCA_034676565.1,JAUCCD010000012.1,frhG,48,1.419e-8,0.285
FW_TWAS_AS_rep_1,GCA_034676565.1,JAUCCD010000035.1,fadD,232,1.322e-66,0.336
FW_TWAS_AS_rep_1,GCA_034676565.1,JAUCCD010000015.1,mdh,175,3.918e-49,0.436
FW_TWAS_AS_rep_1,GCA_034676565.1,JAUCCD010000012.1,pepN,401,7.413e-119,0.409
FW_TWAS_AS_rep_1,GCA_034676565.1,JAUCCD010000032.1,fadD,212,9.755e-60,0.349
FW_TWAS_AS_rep_1,GCA_034676565.1,JAUCCD010000020.1,dppB,128,3.207e-34,0.286
FW_TWAS_AS_rep_1,GCA_034676565.1,JAUCCD010000044.1,fadA,159,1.492e-46,0.474
FW_TWAS_AS_rep_1,GCA_034676565.1,JAUCCD010000028.1,acylglycerol_lipase,41,3.031e-6,0.379
FW_TWAS_AS_rep_1,GCA_034676565.1,JAUCCD010000012.1,pepQ,163,1.318e-44,0.372
FW_TWAS_AS_rep_1,GCA_034676565.1,JAUCCD010000035.1,thl,274,4.55e-81,0.422
FW_TWAS_AS_rep_1,GCA_034676565.1,JAUCCD010000003.1,lctB,229,5.233e-69,0.508
FW_TWAS_AS_rep_1,GCA_034676565.1,JAUCCD010000003.1,pepN,79,2.585e-17,0.28
FW_TWAS_AS_rep_1,GCA_034676565.1,JAUCCD010000045.1,endopeptidase,87,1.306e-20,0.296
FW_TWAS_AS_rep_1,GCA_034676565.1,JAUCCD010000012.1,fadD,170,7.747e-46,0.31
FW_TWAS_AS_rep_1,GCA_034676565.1,JAUCCD010000002.1,etfA,317,2.202e-98,0.646
FW_TWAS_AS_rep_1,GCA_034676565.1,JAUCCD010000028.1,hbd,323,9.249e-102,0.587
FW_TWAS_AS_rep_1,GCA_034676565.1,JAUCCD010000035.1,etfA,292,2.428e-90,0.577
FW_TWAS_AS_rep_1,GCA_034676565.1,JAUCCD010000002.1,crt,158,2.696e-45,0.394
FW_TWAS_AS_rep_1,GCA_034676565.1,JAUCCD010000028.1,adh,77,6.868e-18,0.278
FW_TWAS_AS_rep_1,GCA_034676565.1,JAUCCD010000001.1,thl,400,6.121e-126,0.588
FW_TWAS_AS_rep_1,GCA_034676565.1,JAUCCD010000012.1,hydA,50,2.406e-9,0.355
FW_TWAS_AS_rep_1,GCA_034676565.1,JAUCCD010000035.1,fadA,336,3.962e-104,0.497
FW_TWAS_AS_rep_1,GCA_034676565.1,JAUCCD010000032.1,mmcF,123,1.356e-30,0.507
FW_TWAS_AS_rep_1,GCA_034676565.1,JAUCCD010000018.1,fadA,356,1.365e-110,0.528
FW_TWAS_AS_rep_1,GCA_034676565.1,JAUCCD010000030.1,susC,65,7.094e-13,0.214
FW_TWAS_AS_rep_1,GCA_034676565.1,JAUCCD010000001.1,etfA,63,3.734e-13,0.284
FW_TWAS_AS_rep_1,GCA_034676565.1,JAUCCD010000045.1,tdcB,325,2e-98,0.447
FW_TWAS_AS_rep_1,GCA_034676565.1,JAUCCD010000020.1,dppC,118,1.228e-29,0.307
FW_TWAS_AS_rep_1,GCA_034676565.1,JAUCCD010000044.1,fadE,104,2.067e-24,0.282
FW_TWAS_AS_rep_1,GCA_034676565.1,JAUCCD010000002.1,bcd,122,2.189e-30,0.312
FW_TWAS_AS_rep_1,GCA_034676565.1,JAUCCD010000022.1,endopeptidase,273,2.127e-81,0.401
FW_TWAS_AS_rep_1,GCA_034676565.1,JAUCCD010000031.1,gdh,111,5.75e-28,0.328
FW_TWAS_AS_rep_1,GCA_034676565.1,JAUCCD010000003.1,fadD,66,3.464e-13,0.241
FW_TWAS_AS_rep_1,GCA_034676565.1,JAUCCD010000026.1,thl,322,3.972e-99,0.485
FW_TWAS_AS_rep_1,GCA_034676565.1,JAUCCD010000041.1,fadB,106,2.531e-26,0.321
FW_TWAS_AS_rep_1,GCA_034676565.1,JAUCCD010000012.1,pfor,46,2.504e-7,0.257
FW_TWAS_AS_rep_1,GCA_034676565.1,JAUCCD010000005.1,lysophospholipase,166,6.692e-48,0.409
FW_TWAS_AS_rep_1,GCA_034676565.1,JAUCCD010000003.1,lctD,86,4.363e-21,0.313
FW_TWAS_AS_rep_1,GCA_034676565.1,JAUCCD010000020.1,dppA,101,1.089e-23,0.234
FW_TWAS_AS_rep_1,GCA_034676565.1,JAUCCD010000044.1,bcd,98,7.544e-23,0.275
FW_TWAS_AS_rep_1,GCA_034676565.1,JAUCCD010000010.1,fdhA,126,1.832e-31,0.268
FW_TWAS_AS_rep_1,GCA_034676565.1,JAUCCD010000004.1,pta,116,2.423e-28,0.263
FW_TWAS_AS_rep_1,GCA_034676565.1,JAUCCD010000033.1,acs,51,3.095e-9,0.325
FW_TWAS_AS_rep_1,GCA_034676565.1,JAUCCD010000026.1,fadA,341,1.203e-105,0.513
FW_TWAS_AS_rep_1,GCA_034676565.1,JAUCCD010000035.1,fadB,398,9.222e-120,0.355
FW_TWAS_AS_rep_1,GCA_034676565.1,JAUCCD010000031.1,crt,287,7.592e-89,0.63
FW_TWAS_AS_rep_1,GCA_034676565.1,JAUCCD010000032.1,acs,68,8.615e-14,0.242
FW_TWAS_AS_rep_1,GCA_034676565.1,JAUCCD010000028.1,fadB,188,6.58e-55,0.401
FW_TWAS_AS_rep_1,GCA_034676565.1,JAUCCD010000002.1,etfB,300,1.051e-93,0.661
FW_TWAS_AS_rep_1,GCA_034676565.1,JAUCCD010000031.1,fadB,116,2.445e-30,0.37
FW_TWAS_AS_rep_1,GCA_034676565.1,JAUCCD010000020.1,oppA,115,3.714e-28,0.257
FW_TWAS_AS_rep_1,GCA_034676565.1,JAUCCD010000002.1,ilvE,48,1.61e-7,0.307
FW_TWAS_AS_rep_1,GCA_034676565.1,JAUCCD010000003.1,acs,242,7.752e-69,0.279
FW_TWAS_AS_rep_1,GCA_034676565.1,JAUCCD010000043.1,aldh,42,5.781e-6,0.232
FW_TWAS_AS_rep_1,GCA_034676565.1,JAUCCD010000018.1,pta,221,9.493e-64,0.495
FW_TWAS_AS_rep_1,GCA_034676565.1,JAUCCD010000022.1,gdh,397,2.272e-125,0.663
FW_TWAS_AS_rep_1,GCA_034676565.1,JAUCCD010000035.1,crt,229,4.539e-69,0.488
FW_TWAS_AS_rep_1,GCA_034676565.1,JAUCCD010000003.1,frhG,43,2.033e-7,0.247
FW_TWAS_AS_rep_1,GCA_034676565.1,JAUCCD010000001.1,bcd,400,1.743e-126,0.525
FW_TWAS_AS_rep_1,GCA_034676565.1,JAUCCD010000035.1,acs,144,1.291e-37,0.272
FW_TWAS_AS_rep_1,GCA_034676565.1,JAUCCD010000036.1,fadA,213,1.982e-62,0.438
FW_TWAS_AS_rep_1,GCA_034676565.1,JAUCCD010000003.1,lctC,441,1.539e-138,0.514
FW_TWAS_AS_rep_1,GCA_034676565.1,JAUCCD010000041.1,fadE,177,6.175e-50,0.341
FW_TWAS_AS_rep_1,GCA_034676565.1,JAUCCD010000026.1,hbd,251,4.645e-73,0.488
FW_TWAS_AS_rep_1,GCA_032654705.1,JAULAZ010000003.1,bcd,368,1.008e-114,0.514
FW_TWAS_AS_rep_1,GCA_032654705.1,JAULAZ010000003.1,gapA,296,3.182e-90,0.482
FW_TWAS_AS_rep_1,GCA_032654705.1,JAULAZ010000003.1,extracellular_protease,131,2.293e-33,0.394
FW_TWAS_AS_rep_1,GCA_032654705.1,JAULAZ010000003.1,fhs,673,4.685e-217,0.6
FW_TWAS_AS_rep_1,GCA_032654705.1,JAULAZ010000003.1,dppB,214,8.434e-63,0.406
FW_TWAS_AS_rep_1,GCA_032654705.1,JAULAZ010000003.1,fwdA,48,8.661e-8,0.375
FW_TWAS_AS_rep_1,GCA_032654705.1,JAULAZ010000003.1,agl,83,1.55e-18,0.327
FW_TWAS_AS_rep_1,GCA_032654705.1,JAULAZ010000003.1,cat,267,3.027e-83,0.6
FW_TWAS_AS_rep_1,GCA_032654705.1,JAULAZ010000003.1,thl,406,2.473e-128,0.57
FW_TWAS_AS_rep_1,GCA_032654705.1,JAULAZ010000003.1,pepQ,137,3.472e-36,0.304
FW_TWAS_AS_rep_1,GCA_032654705.1,JAULAZ010000003.1,susD,177,1.698e-48,0.316
FW_TWAS_AS_rep_1,GCA_032654705.1,JAULAZ010000003.1,mmcE,698,8.056e-227,0.67
FW_TWAS_AS_rep_1,GCA_032654705.1,JAULAZ010000003.1,pfor,1421,0.0,0.601
FW_TWAS_AS_rep_1,GCA_032654705.1,JAULAZ010000003.1,pyk,387,4.735e-120,0.461
FW_TWAS_AS_rep_1,GCA_032654705.1,JAULAZ010000003.1,ilvE,262,1.683e-79,0.418
FW_TWAS_AS_rep_1,GCA_032654705.1,JAULAZ010000003.1,dppC,194,2.676e-55,0.357
FW_TWAS_AS_rep_1,GCA_032654705.1,JAULAZ010000003.1,rnfB,87,1.298e-20,0.317
FW_TWAS_AS_rep_1,GCA_032654705.1,JAULAZ010000003.1,pepN,190,3.744e-51,0.32
FW_TWAS_AS_rep_1,GCA_032654705.1,JAULAZ010000003.1,frhB,45,6.402e-7,0.437
FW_TWAS_AS_rep_1,GCA_032654705.1,JAULAZ010000003.1,pfkA,287,2.505e-88,0.487
FW_TWAS_AS_rep_1,GCA_032654705.1,JAULAZ010000003.1,mmcF,182,1.918e-55,0.631
FW_TWAS_AS_rep_1,GCA_032654705.1,JAULAZ010000003.1,gdh,593,2.256e-191,0.629
FW_TWAS_AS_rep_1,GCA_032654705.1,JAULAZ010000003.1,fdhA,584,5.757e-181,0.424
FW_TWAS_AS_rep_1,GCA_032654705.1,JAULAZ010000003.1,mdh,250,6.573e-76,0.453
FW_TWAS_AS_rep_1,GCA_032654705.1,JAULAZ010000003.1,acylglycerol_lipase,45,2.659e-7,0.254
FW_TWAS_AS_rep_1,GCA_032654705.1,JAULAZ010000003.1,hbd,294,4.361e-90,0.551
FW_TWAS_AS_rep_1,GCA_032654705.1,JAULAZ010000003.1,frhG,45,7.226e-8,0.23
FW_TWAS_AS_rep_1,GCA_032654705.1,JAULAZ010000003.1,adh,44,5.208e-7,0.236
FW_TWAS_AS_rep_1,GCA_032654705.1,JAULAZ010000003.1,sucC,370,2.283e-115,0.487
FW_TWAS_AS_rep_1,GCA_032654705.1,JAULAZ010000003.1,lctD,86,2.44e-21,0.327
FW_TWAS_AS_rep_1,GCA_032654705.1,JAULAZ010000003.1,susC,695,3.143e-217,0.411
FW_TWAS_AS_rep_1,GCA_032654705.1,JAULAZ010000003.1,cazy_GH13,122,2.47e-30,0.324
FW_TWAS_AS_rep_1,GCA_032654705.1,JAULAZ010000003.1,etfA,192,4.755e-56,0.391
FW_TWAS_AS_rep_1,GCA_032654705.1,JAULAZ010000003.1,mvhG,48,8.863e-9,0.3
FW_TWAS_AS_rep_1,GCA_032654705.1,JAULAZ010000003.1,fadA,362,4.87e-113,0.513
FW_TWAS_AS_rep_1,GCA_032654705.1,JAULAZ010000003.1,tdcB,91,3.385e-21,0.294
FW_TWAS_AS_rep_1,GCA_032654705.1,JAULAZ010000003.1,dppA,194,6.003e-54,0.281
FW_TWAS_AS_rep_1,GCA_032654705.1,JAULAZ010000003.1,etfB,154,1.488e-43,0.389
FW_TWAS_AS_rep_1,GCA_032654705.1,JAULAZ010000003.1,fadE,274,2.51e-82,0.424
FW_TWAS_AS_rep_1,GCA_032654705.1,JAULAZ010000003.1,acs,733,1.288e-236,0.558
FW_TWAS_AS_rep_1,GCA_032654705.1,JAULAZ010000003.1,oppB,203,1.209e-58,0.369
FW_TWAS_AS_rep_1,GCA_032654705.1,JAULAZ010000003.1,pta,164,3.321e-43,0.328
FW_TWAS_AS_rep_1,GCA_032654705.1,JAULAZ010000003.1,pepO,551,2.022e-173,0.447
FW_TWAS_AS_rep_1,GCA_032654705.1,JAULAZ010000003.1,endopeptidase,229,4.795e-67,0.413
FW_TWAS_AS_rep_1,GCA_032654705.1,JAULAZ010000003.1,pgi,673,1.271e-217,0.628
FW_TWAS_AS_rep_1,GCA_032654705.1,JAULAZ010000003.1,mmcG,89,6.938e-23,0.396
FW_TWAS_AS_rep_1,GCA_032654705.1,JAULAZ010000003.1,folD,307,1.037e-95,0.574
FW_TWAS_AS_rep_1,GCA_032654705.1,JAULAZ010000003.1,hydA,97,1.902e-22,0.301
FW_TWAS_AS_rep_1,GCA_032654705.1,JAULAZ010000003.1,pepT,228,2.175e-66,0.394
FW_TWAS_AS_rep_1,GCA_032654705.1,JAULAZ010000003.1,xylB,63,2.214e-12,0.232
FW_TWAS_AS_rep_1,GCA_032654705.1,JAULAZ010000003.1,dtpT,392,5.704e-121,0.434
FW_TWAS_AS_rep_1,GCA_032654705.1,JAULAZ010000004.1,tdcB,55,5.013e-10,0.289
FW_TWAS_AS_rep_1,GCA_032654705.1,JAULAZ010000003.1,fadD,330,5.023e-99,0.395
FW_TWAS_AS_rep_1,GCA_032654705.1,JAULAZ010000003.1,lctB,235,3.928e-72,0.462
FW_TWAS_AS_rep_1,GCA_032654705.1,JAULAZ010000003.1,sucD,334,3.912e-105,0.576
FW_TWAS_AS_rep_1,GCA_032654705.1,JAULAZ010000003.1,lctC,382,6.083e-119,0.484
FW_TWAS_AS_rep_1,GCA_032654705.1,JAULAZ010000003.1,crt,214,1.604e-64,0.453
FW_TWAS_AS_rep_1,GCA_032654705.1,JAULAZ010000003.1,fadB,173,9.012e-49,0.385
FW_TWAS_AS_rep_1,GCA_032654705.1,JAULAZ010000003.1,oppA,205,1.302e-57,0.303
FW_TWAS_AS_rep_1,GCA_044224235.1,JBGAKV010000080.1,pfkA,256,2.001e-77,0.436
FW_TWAS_AS_rep_1,GCA_044224235.1,JBGAKV010000002.1,etfA,173,1.25e-48,0.436
FW_TWAS_AS_rep_1,GCA_044224235.1,JBGAKV010000068.1,fadB,90,5.195e-22,0.305
FW_TWAS_AS_rep_1,GCA_044224235.1,JBGAKV010000013.1,thl,276,1.748e-83,0.411
FW_TWAS_AS_rep_1,GCA_044224235.1,JBGAKV010000009.1,fadB,181,4.075e-51,0.328
FW_TWAS_AS_rep_1,GCA_044224235.1,JBGAKV010000008.1,oppA,122,1.579e-30,0.261
FW_TWAS_AS_rep_1,GCA_044224235.1,JBGAKV010000013.1,susC,63,5.044e-12,0.271
FW_TWAS_AS_rep_1,GCA_044224235.1,JBGAKV010000092.1,extracellular_protease,130,1.536e-32,0.35
FW_TWAS_AS_rep_1,GCA_044224235.1,JBGAKV010000097.1,bcd,396,3.556e-125,0.539
FW_TWAS_AS_rep_1,GCA_044224235.1,JBGAKV010000030.1,gdh,65,3.819e-13,0.545
FW_TWAS_AS_rep_1,GCA_044224235.1,JBGAKV010000009.1,fadA,328,2.813e-100,0.48
FW_TWAS_AS_rep_1,GCA_044224235.1,JBGAKV010000033.1,susC,53,3.894e-9,0.277
FW_TWAS_AS_rep_1,GCA_044224235.1,JBGAKV010000008.1,oppB,117,5.486e-30,0.276
FW_TWAS_AS_rep_1,GCA_044224235.1,JBGAKV010000091.1,extracellular_protease,88,7.12e-20,0.297
FW_TWAS_AS_rep_1,GCA_044224235.1,JBGAKV010000018.1,adh,61,3.175e-12,0.252
FW_TWAS_AS_rep_1,GCA_044224235.1,JBGAKV010000028.1,susC,383,7.589e-112,0.294
FW_TWAS_AS_rep_1,GCA_044224235.1,JBGAKV010000068.1,crt,176,2.955e-51,0.395
FW_TWAS_AS_rep_1,GCA_044224235.1,JBGAKV010000013.1,bcd,276,5.045e-81,0.386
FW_TWAS_AS_rep_1,GCA_044224235.1,JBGAKV010000052.1,pepN,149,2.155e-39,0.379
FW_TWAS_AS_rep_1,GCA_044224235.1,JBGAKV010000089.1,gdh,89,1.927e-20,0.259
FW_TWAS_AS_rep_1,GCA_044224235.1,JBGAKV010000005.1,pepO,662,8.438e-212,0.494
FW_TWAS_AS_rep_1,GCA_044224235.1,JBGAKV010000008.1,dppC,102,1.223e-24,0.288
FW_TWAS_AS_rep_1,GCA_044224235.1,JBGAKV010000002.1,mmcF,172,3.121e-52,0.597
FW_TWAS_AS_rep_1,GCA_044224235.1,JBGAKV010000028.1,sucC,367,1.383e-114,0.489
FW_TWAS_AS_rep_1,GCA_044224235.1,JBGAKV010000001.1,oppA,208,1.873e-58,0.294
FW_TWAS_AS_rep_1,GCA_044224235.1,JBGAKV010000001.1,susC,81,1.604e-17,0.229
FW_TWAS_AS_rep_1,GCA_044224235.1,JBGAKV010000018.1,folD,287,1.617e-88,0.541
FW_TWAS_AS_rep_1,GCA_044224235.1,JBGAKV010000077.1,endopeptidase,51,2.315e-9,0.317
FW_TWAS_AS_rep_1,GCA_044224235.1,JBGAKV010000029.1,fadE,258,2.122e-77,0.415
FW_TWAS_AS_rep_1,GCA_044224235.1,JBGAKV010000009.1,etfA,195,6.169e-57,0.425
FW_TWAS_AS_rep_1,GCA_044224235.1,JBGAKV010000013.1,fadE,235,5.367e-67,0.375
FW_TWAS_AS_rep_1,GCA_044224235.1,JBGAKV010000007.1,bcd,243,4.338e-72,0.371
FW_TWAS_AS_rep_1,GCA_044224235.1,JBGAKV010000015.1,mmcE,304,8.755e-86,0.377
FW_TWAS_AS_rep_1,GCA_044224235.1,JBGAKV010000060.1,pepN,145,1.044e-37,0.27
FW_TWAS_AS_rep_1,GCA_044224235.1,JBGAKV010000021.1,lctD,85,5.047e-21,0.322
FW_TWAS_AS_rep_1,GCA_044224235.1,JBGAKV010000002.1,lctC,390,1.121e-121,0.449
FW_TWAS_AS_rep_1,GCA_044224235.1,JBGAKV010000001.1,thl,423,2.924e-134,0.593
FW_TWAS_AS_rep_1,GCA_044224235.1,JBGAKV010000036.1,dppB,207,2.665e-60,0.392
FW_TWAS_AS_rep_1,GCA_044224235.1,JBGAKV010000063.1,mvhG,40,5.658e-6,0.5
FW_TWAS_AS_rep_1,GCA_044224235.1,JBGAKV010000034.1,mvhG,47,1.766e-8,0.318
FW_TWAS_AS_rep_1,GCA_044224235.1,JBGAKV010000047.1,dtpT,319,1.073e-96,0.408
FW_TWAS_AS_rep_1,GCA_044224235.1,JBGAKV010000001.1,dppA,184,9.311e-51,0.264
FW_TWAS_AS_rep_1,GCA_044224235.1,JBGAKV010000009.1,etfB,144,3.792e-40,0.35
FW_TWAS_AS_rep_1,GCA_044224235.1,JBGAKV010000010.1,dtpT,425,2.459e-132,0.458
FW_TWAS_AS_rep_1,GCA_044224235.1,JBGAKV010000009.1,hbd,273,1.97e-82,0.435
FW_TWAS_AS_rep_1,GCA_044224235.1,JBGAKV010000021.1,dtpT,313,8.565e-94,0.383
FW_TWAS_AS_rep_1,GCA_044224235.1,JBGAKV010000079.1,frhG,41,1.594e-6,0.328
FW_TWAS_AS_rep_1,GCA_044224235.1,JBGAKV010000051.1,pepA,312,1.962e-94,0.471
FW_TWAS_AS_rep_1,GCA_044224235.1,JBGAKV010000079.1,hydA,68,2.723e-14,0.252
FW_TWAS_AS_rep_1,GCA_044224235.1,JBGAKV010000006.1,gapA,304,4.824e-94,0.483
FW_TWAS_AS_rep_1,GCA_044224235.1,JBGAKV010000028.1,sucD,101,1.366e-24,0.452
FW_TWAS_AS_rep_1,GCA_044224235.1,JBGAKV010000009.1,thl,313,3.903e-95,0.458
FW_TWAS_AS_rep_1,GCA_044224235.1,JBGAKV010000007.1,pepN,117,1.022e-28,0.3
FW_TWAS_AS_rep_1,GCA_044224235.1,JBGAKV010000078.1,acs,741,1.468e-239,0.57
FW_TWAS_AS_rep_1,GCA_044224235.1,JBGAKV010000013.1,fadB,128,7.705e-32,0.303
FW_TWAS_AS_rep_1,GCA_044224235.1,JBGAKV010000002.1,endopeptidase,46,2.337e-7,0.311
FW_TWAS_AS_rep_1,GCA_044224235.1,JBGAKV010000002.1,crt,222,4.195e-65,0.463
FW_TWAS_AS_rep_1,GCA_044224235.1,JBGAKV010000016.1,acylglycerol_lipase,54,3.678e-10,0.302
FW_TWAS_AS_rep_1,GCA_044224235.1,JBGAKV010000008.1,dppA,77,1.619e-16,0.223
FW_TWAS_AS_rep_1,GCA_044224235.1,JBGAKV010000062.1,extracellular_protease,53,4.776e-9,0.329
FW_TWAS_AS_rep_1,GCA_044224235.1,JBGAKV010000029.1,bcd,368,2.744e-115,0.498
FW_TWAS_AS_rep_1,GCA_044224235.1,JBGAKV010000061.1,extracellular_protease,50,1.746e-7,0.38
FW_TWAS_AS_rep_1,GCA_044224235.1,JBGAKV010000051.1,pepN,218,5.095e-61,0.335
FW_TWAS_AS_rep_1,GCA_044224235.1,JBGAKV010000013.1,fadA,346,2.322e-107,0.494
FW_TWAS_AS_rep_1,GCA_044224235.1,JBGAKV010000018.1,sucD,338,5.997e-106,0.583
FW_TWAS_AS_rep_1,GCA_044224235.1,JBGAKV010000010.1,gapA,200,1.498e-56,0.387
FW_TWAS_AS_rep_1,GCA_044224235.1,JBGAKV010000013.1,fadD,341,7.028e-103,0.406
FW_TWAS_AS_rep_1,GCA_044224235.1,JBGAKV010000034.1,fwdA,50,1.704e-8,0.305
FW_TWAS_AS_rep_1,GCA_044224235.1,JBGAKV010000002.1,pepQ,160,5.168e-43,0.331
FW_TWAS_AS_rep_1,GCA_044224235.1,JBGAKV010000002.1,fadB,135,1.086e-35,0.387
FW_TWAS_AS_rep_1,GCA_044224235.1,JBGAKV010000002.1,pyk,370,6.597e-114,0.441
FW_TWAS_AS_rep_1,GCA_044224235.1,JBGAKV010000063.1,hydA,66,1.044e-13,0.252
FW_TWAS_AS_rep_1,GCA_044224235.1,JBGAKV010000006.1,lctB,230,2.619e-69,0.447
FW_TWAS_AS_rep_1,GCA_044224235.1,JBGAKV010000013.1,acs,50,1.921e-8,0.255
FW_TWAS_AS_rep_1,GCA_044224235.1,JBGAKV010000063.1,frhG,44,2.994e-7,0.252
FW_TWAS_AS_rep_1,GCA_044224235.1,JBGAKV010000013.1,fhs,580,1.881e-185,0.544
FW_TWAS_AS_rep_1,GCA_044224235.1,JBGAKV010000035.1,mdh,282,3.7e-87,0.487
FW_TWAS_AS_rep_1,GCA_044224235.1,JBGAKV010000028.1,fadB,195,2.412e-57,0.407
FW_TWAS_AS_rep_1,GCA_044224235.1,JBGAKV010000028.1,hbd,312,1.232e-97,0.545
FW_TWAS_AS_rep_1,GCA_044224235.1,JBGAKV010000049.1,oppB,198,7.592e-57,0.461
FW_TWAS_AS_rep_1,GCA_044224235.1,JBGAKV010000008.1,adh,52,1.295e-9,0.3
FW_TWAS_AS_rep_1,GCA_044224235.1,JBGAKV010000015.1,extracellular_protease,59,5.847e-11,0.32
FW_TWAS_AS_rep_1,GCA_044224235.1,JBGAKV010000018.1,susC,58,1.737e-10,0.273
FW_TWAS_AS_rep_1,GCA_044224235.1,JBGAKV010000001.1,fadA,263,3.343e-79,0.419
FW_TWAS_AS_rep_1,GCA_044224235.1,JBGAKV010000036.1,oppB,175,1.492e-49,0.345
FW_TWAS_AS_rep_1,GCA_044224235.1,JBGAKV010000097.1,fadE,284,1.152e-86,0.43
FW_TWAS_AS_rep_1,GCA_044224235.1,JBGAKV010000001.1,pepQ,167,1.186e-45,0.343
FW_TWAS_AS_rep_1,GCA_044224235.1,JBGAKV010000078.1,aldh,54,1.414e-9,0.256
FW_TWAS_AS_rep_1,GCA_044224235.1,JBGAKV010000078.1,fadD,120,8.413e-30,0.264
FW_TWAS_AS_rep_1,GCA_044224235.1,JBGAKV010000049.1,dppC,189,6.651e-54,0.447
FW_TWAS_AS_rep_1,GCA_044224235.1,JBGAKV010000011.1,susC,66,3.589e-13,0.354
FW_TWAS_AS_rep_1,GCA_044224235.1,JBGAKV010000001.1,pepO,583,4.086e-184,0.465
FW_TWAS_AS_rep_1,GCA_044224235.1,JBGAKV010000017.1,pta,179,6.117e-48,0.334
FW_TWAS_AS_rep_1,GCA_044224235.1,JBGAKV010000079.1,frhB,42,1.187e-6,0.288
FW_TWAS_AS_rep_1,GCA_044224235.1,JBGAKV010000007.1,gdh,460,7.33e-145,0.51
FW_TWAS_AS_rep_1,GCA_044224235.1,JBGAKV010000008.1,dppB,125,1.405e-32,0.282
FW_TWAS_AS_rep_1,GCA_044224235.1,JBGAKV010000057.1,gdh,115,1.537e-29,0.303
FW_TWAS_AS_rep_1,GCA_044224235.1,JBGAKV010000019.1,mmcG,112,7.551e-31,0.438
FW_TWAS_AS_rep_1,GCA_044224235.1,JBGAKV010000021.1,lctC,49,4.612e-9,0.257
FW_TWAS_AS_rep_1,GCA_044224235.1,JBGAKV010000007.1,fadE,196,4.221e-56,0.362
FW_TWAS_AS_rep_1,GCA_044224235.1,JBGAKV010000013.1,hbd,137,9.6e-35,0.268
FW_TWAS_AS_rep_1,GCA_044224235.1,JBGAKV010000021.1,gdh,450,7.118e-143,0.539
FW_TWAS_AS_rep_1,GCA_044224235.1,JBGAKV010000050.1,cat,267,1.311e-83,0.625
FW_TWAS_AS_rep_1,GCA_044224235.1,JBGAKV010000045.1,fdhA,203,2.876e-55,0.276
FW_TWAS_AS_rep_1,GCA_044230475.1,JBGARA010000065.1,etfA,120,7.053e-33,0.368
FW_TWAS_AS_rep_1,GCA_044230475.1,JBGARA010000104.1,acylglycerol_lipase,56,1.253e-10,0.239
FW_TWAS_AS_rep_1,GCA_044230475.1,JBGARA010000040.1,pepN,167,1.027e-43,0.29
FW_TWAS_AS_rep_1,GCA_044230475.1,JBGARA010000010.1,tdcB,335,1.044e-103,0.501
FW_TWAS_AS_rep_1,GCA_044230475.1,JBGARA010000053.1,adh,59,7.462e-12,0.264
FW_TWAS_AS_rep_1,GCA_044230475.1,JBGARA010000004.1,fdhA,561,7.353e-173,0.383
FW_TWAS_AS_rep_1,GCA_044230475.1,JBGARA010000098.1,crt,66,5.997e-13,0.286
FW_TWAS_AS_rep_1,GCA_044230475.1,JBGARA010000038.1,lctC,43,1.076e-6,0.292
FW_TWAS_AS_rep_1,GCA_044230475.1,JBGARA010000040.1,extracellular_protease,139,1.138e-35,0.301
FW_TWAS_AS_rep_1,GCA_044230475.1,JBGARA010000064.1,pepO,587,1.364e-185,0.458
FW_TWAS_AS_rep_1,GCA_044230475.1,JBGARA010000002.1,etfA,168,1.456e-48,0.419
FW_TWAS_AS_rep_1,GCA_044230475.1,JBGARA010000014.1,fadE,231,9.002e-66,0.358
FW_TWAS_AS_rep_1,GCA_044230475.1,JBGARA010000098.1,hbd,149,1.593e-38,0.356
FW_TWAS_AS_rep_1,GCA_044230475.1,JBGARA010000005.1,sucD,114,5.351e-29,0.469
FW_TWAS_AS_rep_1,GCA_044230475.1,JBGARA010000032.1,crt,172,8.881e-50,0.412
FW_TWAS_AS_rep_1,GCA_044230475.1,JBGARA010000028.1,fadB,209,1.092e-61,0.429
FW_TWAS_AS_rep_1,GCA_044230475.1,JBGARA010000032.1,aldh,50,1.567e-8,0.266
FW_TWAS_AS_rep_1,GCA_044230475.1,JBGARA010000013.1,mvhG,42,1.266e-6,0.516
FW_TWAS_AS_rep_1,GCA_044230475.1,JBGARA010000013.1,frhG,48,1.18e-8,0.234
FW_TWAS_AS_rep_1,GCA_044230475.1,JBGARA010000073.1,frhB,43,1.865e-6,0.411
FW_TWAS_AS_rep_1,GCA_044230475.1,JBGARA010000098.1,fadB,141,5.681e-36,0.322
FW_TWAS_AS_rep_1,GCA_044230475.1,JBGARA010000073.1,pfor,42,5.691e-6,0.316
FW_TWAS_AS_rep_1,GCA_044230475.1,JBGARA010000130.1,ilvE,137,7.324e-37,0.32
FW_TWAS_AS_rep_1,GCA_044230475.1,JBGARA010000079.1,bcd,354,1.871e-110,0.496
FW_TWAS_AS_rep_1,GCA_044230475.1,JBGARA010000078.1,mmcE,702,1.91e-227,0.639
FW_TWAS_AS_rep_1,GCA_044230475.1,JBGARA010000014.1,thl,321,4.764e-99,0.476
FW_TWAS_AS_rep_1,GCA_044230475.1,JBGARA010000019.1,pfkA,217,1.102e-63,0.397
FW_TWAS_AS_rep_1,GCA_044230475.1,JBGARA010000001.1,mtrA,161,2.924e-44,0.484
FW_TWAS_AS_rep_1,GCA_044230475.1,JBGARA010000036.1,extracellular_protease,84,5.696e-19,0.257
FW_TWAS_AS_rep_1,GCA_044230475.1,JBGARA010000041.1,fadD,262,1.018e-76,0.362
FW_TWAS_AS_rep_1,GCA_044230475.1,JBGARA010000100.1,pepN,81,2.698e-18,0.248
FW_TWAS_AS_rep_1,GCA_044230475.1,JBGARA010000007.1,acs,486,2.767e-151,0.424
FW_TWAS_AS_rep_1,GCA_044230475.1,JBGARA010000044.1,xylB,49,2.407e-8,0.227
FW_TWAS_AS_rep_1,GCA_044230475.1,JBGARA010000032.1,etfA,106,4.43e-27,0.325
FW_TWAS_AS_rep_1,GCA_044230475.1,JBGARA010000027.1,pyk,354,1.633e-108,0.441
FW_TWAS_AS_rep_1,GCA_044230475.1,JBGARA010000004.1,acs,94,1.118e-21,0.258
FW_TWAS_AS_rep_1,GCA_044230475.1,JBGARA010000115.1,pta,241,1.121e-72,0.449
FW_TWAS_AS_rep_1,GCA_044230475.1,JBGARA010000005.1,xylF,275,3.658e-84,0.472
FW_TWAS_AS_rep_1,GCA_044230475.1,JBGARA010000014.1,fadA,404,1.238e-127,0.558
FW_TWAS_AS_rep_1,GCA_044230475.1,JBGARA010000098.1,thl,316,1.149e-97,0.496
FW_TWAS_AS_rep_1,GCA_044230475.1,JBGARA010000065.1,fadB,112,3.588e-30,0.383
FW_TWAS_AS_rep_1,GCA_044230475.1,JBGARA010000032.1,fadB,91,4.55e-22,0.313
FW_TWAS_AS_rep_1,GCA_044230475.1,JBGARA010000006.1,hydA,41,4.535e-6,0.289
FW_TWAS_AS_rep_1,GCA_044230475.1,JBGARA010000024.1,extracellular_protease,151,4.649e-39,0.353
FW_TWAS_AS_rep_1,GCA_044230475.1,JBGARA010000031.1,aldh,447,2.511e-139,0.47
FW_TWAS_AS_rep_1,GCA_044230475.1,JBGARA010000042.1,oppA,156,1.617e-41,0.263
FW_TWAS_AS_rep_1,GCA_044230475.1,JBGARA010000103.1,prdB,153,2.266e-43,0.352
FW_TWAS_AS_rep_1,GCA_044230475.1,JBGARA010000002.1,crt,246,2.239e-75,0.52
FW_TWAS_AS_rep_1,GCA_044230475.1,JBGARA010000028.1,thl,400,4.295e-126,0.571
FW_TWAS_AS_rep_1,GCA_044230475.1,JBGARA010000037.1,acs,106,1.378e-25,0.248
FW_TWAS_AS_rep_1,GCA_044230475.1,JBGARA010000031.1,tdcB,173,1.191e-49,0.37
FW_TWAS_AS_rep_1,GCA_044230475.1,JBGARA010000040.1,fadD,289,2.912e-82,0.357
FW_TWAS_AS_rep_1,GCA_044230475.1,JBGARA010000037.1,extracellular_protease,167,9.488e-46,0.369
FW_TWAS_AS_rep_1,GCA_044230475.1,JBGARA010000031.1,adhE,388,3.645e-119,0.478
FW_TWAS_AS_rep_1,GCA_044230475.1,JBGARA010000008.1,pepN,74,1.202e-15,0.225
FW_TWAS_AS_rep_1,GCA_044230475.1,JBGARA010000026.1,oppA,311,1.755e-91,0.328
FW_TWAS_AS_rep_1,GCA_044230475.1,JBGARA010000026.1,dppB,249,6.851e-76,0.422
FW_TWAS_AS_rep_1,GCA_044230475.1,JBGARA010000003.1,extracellular_protease,194,2.404e-54,0.433
FW_TWAS_AS_rep_1,GCA_044230475.1,JBGARA010000026.1,folD,319,4.777e-99,0.492
FW_TWAS_AS_rep_1,GCA_044230475.1,JBGARA010000010.1,extracellular_protease,104,1.245e-24,0.337
FW_TWAS_AS_rep_1,GCA_044230475.1,JBGARA010000079.1,fadE,271,6.121e-82,0.46
FW_TWAS_AS_rep_1,GCA_044230475.1,JBGARA010000003.1,adh,66,2.734e-14,0.307
FW_TWAS_AS_rep_1,GCA_044230475.1,JBGARA010000012.1,dtpT,277,8.176e-82,0.357
FW_TWAS_AS_rep_1,GCA_044230475.1,JBGARA010000002.1,fadB,117,2.733e-31,0.375
FW_TWAS_AS_rep_1,GCA_044230475.1,JBGARA010000055.1,pepN,74,7.362e-16,0.249
FW_TWAS_AS_rep_1,GCA_044230475.1,JBGARA010000041.1,acs,180,1.995e-49,0.304
FW_TWAS_AS_rep_1,GCA_044230475.1,JBGARA010000079.1,mmcG,124,2.567e-35,0.453
FW_TWAS_AS_rep_1,GCA_044230475.1,JBGARA010000026.1,oppB,342,1.725e-107,0.582
FW_TWAS_AS_rep_1,GCA_044230475.1,JBGARA010000028.1,fadA,302,3.114e-92,0.437
FW_TWAS_AS_rep_1,GCA_044230475.1,JBGARA010000005.1,tdcB,239,3.333e-72,0.437
FW_TWAS_AS_rep_1,GCA_044230475.1,JBGARA010000014.1,bcd,259,4.051e-75,0.38
FW_TWAS_AS_rep_1,GCA_044230475.1,JBGARA010000016.1,mmcE,689,1.86e-223,0.64
FW_TWAS_AS_rep_1,GCA_044230475.1,JBGARA010000026.1,extracellular_protease,125,4.72e-31,0.335
FW_TWAS_AS_rep_1,GCA_044230475.1,JBGARA010000002.1,acs,119,1.082e-28,0.279
FW_TWAS_AS_rep_1,GCA_044230475.1,JBGARA010000064.1,pepQ,191,7.514e-54,0.358
FW_TWAS_AS_rep_1,GCA_044230475.1,JBGARA010000054.1,fwdA,41,7.303e-6,0.363
FW_TWAS_AS_rep_1,GCA_044230475.1,JBGARA010000017.1,fadE,257,5.99e-77,0.401
FW_TWAS_AS_rep_1,GCA_044230475.1,JBGARA010000107.1,hydA,42,1.212e-6,0.289
FW_TWAS_AS_rep_1,GCA_044230475.1,JBGARA010000002.1,fadD,130,4.943e-32,0.279
FW_TWAS_AS_rep_1,GCA_044230475.1,JBGARA010000022.1,gdh,456,4.14e-145,0.519
FW_TWAS_AS_rep_1,GCA_044230475.1,JBGARA010000011.1,frhG,40,3.992e-6,0.343
FW_TWAS_AS_rep_1,GCA_044230475.1,JBGARA010000005.1,sucC,413,8.193e-131,0.543
FW_TWAS_AS_rep_1,GCA_044230475.1,JBGARA010000026.1,dppC,274,4.847e-84,0.464
FW_TWAS_AS_rep_1,GCA_044230475.1,JBGARA010000107.1,fdhA,487,1.395e-151,0.409
FW_TWAS_AS_rep_1,GCA_044230475.1,JBGARA010000040.1,acs,100,3.497e-23,0.24
FW_TWAS_AS_rep_1,GCA_044230475.1,JBGARA010000041.1,pepT,211,2.944e-60,0.369
FW_TWAS_AS_rep_1,GCA_044230475.1,JBGARA010000006.1,fdhA,520,1.218e-161,0.408
FW_TWAS_AS_rep_1,GCA_044230475.1,JBGARA010000037.1,fadD,353,1.166e-106,0.399
FW_TWAS_AS_rep_1,GCA_044230475.1,JBGARA010000017.1,pepN,126,2.877e-32,0.273
FW_TWAS_AS_rep_1,GCA_044230475.1,JBGARA010000005.1,pepA,404,1.328e-125,0.463
FW_TWAS_AS_rep_1,GCA_044230475.1,JBGARA010000081.1,fwdA,53,2.517e-9,0.227
FW_TWAS_AS_rep_1,GCA_044230475.1,JBGARA010000026.1,dppA,232,2.82e-65,0.283
FW_TWAS_AS_rep_1,GCA_044230475.1,JBGARA010000060.1,extracellular_protease,147,6.758e-39,0.37
FW_TWAS_AS_rep_1,GCA_044230475.1,JBGARA010000007.1,fadD,263,1.364e-72,0.314
FW_TWAS_AS_rep_1,GCA_044230475.1,JBGARA010000004.1,pepN,63,3.181e-12,0.233
FW_TWAS_AS_rep_1,GCA_044230475.1,JBGARA010000004.1,hydA,93,5.263e-21,0.3
FW_TWAS_AS_rep_1,GCA_044230475.1,JBGARA010000013.1,hydA,111,7.905e-27,0.323
FW_TWAS_AS_rep_1,GCA_044230475.1,JBGARA010000067.1,fadE,239,1.14e-70,0.389
FW_TWAS_AS_rep_1,GCA_044230475.1,JBGARA010000065.1,mmcF,197,5.177e-61,0.717
FW_TWAS_AS_rep_1,GCA_044230475.1,JBGARA010000001.1,mmcG,44,7.389e-7,0.344
FW_TWAS_AS_rep_1,GCA_044230475.1,JBGARA010000043.1,lysophospholipase,51,1.631e-9,0.252
FW_TWAS_AS_rep_1,GCA_044230475.1,JBGARA010000046.1,dppC,242,4.636e-74,0.489
FW_TWAS_AS_rep_1,GCA_044230475.1,JBGARA010000026.1,mdh,315,1.786e-98,0.538
FW_TWAS_AS_rep_1,GCA_044230475.1,JBGARA010000013.1,fdhA,147,7.16e-38,0.271
FW_TWAS_AS_rep_1,GCA_044230475.1,JBGARA010000054.1,etfA,204,7.258e-60,0.395
FW_TWAS_AS_rep_1,GCA_044230475.1,JBGARA010000067.1,bcd,276,2.304e-83,0.406
FW_TWAS_AS_rep_1,GCA_044230475.1,JBGARA010000007.1,pepT,76,8.747e-18,0.318
FW_TWAS_AS_rep_1,GCA_044230475.1,JBGARA010000017.1,bcd,340,2.015e-105,0.458
FW_TWAS_AS_rep_1,GCA_044230475.1,JBGARA010000055.1,fhs,684,2.484e-221,0.612
FW_TWAS_AS_rep_1,GCA_044230475.1,JBGARA010000011.1,sucD,361,6.784e-114,0.598
FW_TWAS_AS_rep_1,GCA_044230475.1,JBGARA010000028.1,hbd,324,1.473e-101,0.577
FW_TWAS_AS_rep_1,GCA_044230475.1,JBGARA010000054.1,etfB,124,2.053e-33,0.408
FW_TWAS_AS_rep_1,GCA_044230475.1,JBGARA010000088.1,gapA,344,6.703e-108,0.523
FW_TWAS_AS_rep_1,GCA_044230475.1,JBGARA010000046.1,oppB,253,9.623e-78,0.49
FW_TWAS_AS_rep_1,GCA_044230475.1,JBGARA010000075.1,acs,783,1.513e-253,0.584
FW_TWAS_AS_rep_1,GCA_044230475.1,JBGARA010000011.1,pepQ,61,2.494e-12,0.274
FW_TWAS_AS_rep_1,GCA_044230475.1,JBGARA010000013.1,lysophospholipase,55,3.564e-10,0.247
FW_TWAS_AS_rep_1,GCA_044230475.1,JBGARA010000065.1,crt,141,2.171e-39,0.363
FW_TWAS_AS_rep_1,GCA_044230475.1,JBGARA010000004.1,fadD,358,3.152e-108,0.406
FW_TWAS_AS_rep_1,GCA_044230475.1,JBGARA010000075.1,fadD,139,1.321e-35,0.275
FW_TWAS_AS_rep_1,GCA_044230475.1,JBGARA010000046.1,dppB,243,4.713e-73,0.409
FW_TWAS_AS_rep_1,GCA_044230475.1,JBGARA010000098.1,fadA,380,9.949e-120,0.558
FW_TWAS_AS_rep_1,GCA_044230475.1,JBGARA010000106.1,pepN,162,1.898e-42,0.26
FW_TWAS_AS_rep_1,GCA_044230475.1,JBGARA010000073.1,frhG,42,5.691e-6,0.35
FW_TWAS_AS_rep_1,GCA_044230475.1,JBGARA010000003.1,fdhA,181,2.935e-48,0.284
FW_TWAS_AS_rep_1,GCA_044230475.1,JBGARA010000042.1,dppA,203,4.747e-57,0.31
FW_TWAS_AS_rep_1,GCF_002978245.1,NZ_NRMR01000015.1,rnfB,197,8.991e-60,0.581
FW_TWAS_AS_rep_1,GCF_002978245.1,NZ_NRMR01000249.1,fadE,111,7.886e-31,0.503
FW_TWAS_AS_rep_1,GCF_002978245.1,NZ_NRMR01000015.1,dppC,198,1.142e-57,0.433
FW_TWAS_AS_rep_1,GCF_002978245.1,NZ_NRMR01000002.1,glcP,42,4.405e-6,0.246
FW_TWAS_AS_rep_1,GCF_002978245.1,NZ_NRMR01000007.1,pepA,262,4.031e-78,0.459
FW_TWAS_AS_rep_1,GCF_002978245.1,NZ_NRMR01000007.1,ptsG,330,3.073e-100,0.401
FW_TWAS_AS_rep_1,GCF_002978245.1,NZ_NRMR01000019.1,pfkA,144,3.313e-39,0.368
FW_TWAS_AS_rep_1,GCF_002978245.1,NZ_NRMR01000019.1,oppA,88,7.35e-20,0.247
FW_TWAS_AS_rep_1,GCF_002978245.1,NZ_NRMR01000023.1,pepQ,79,2.054e-17,0.256
FW_TWAS_AS_rep_1,GCF_002978245.1,NZ_NRMR01000005.1,sucD,379,2.386e-120,0.662
FW_TWAS_AS_rep_1,GCF_002978245.1,NZ_NRMR01000001.1,edd,830,3.719e-271,0.668
FW_TWAS_AS_rep_1,GCF_002978245.1,NZ_NRMR01000018.1,aldh,70,1.782e-14,0.25
FW_TWAS_AS_rep_1,GCF_002978245.1,NZ_NRMR01000015.1,frhB,48,8.391e-9,0.51
FW_TWAS_AS_rep_1,GCF_002978245.1,NZ_NRMR01000006.1,dppA,276,1.428e-81,0.328
FW_TWAS_AS_rep_1,GCF_002978245.1,NZ_NRMR01000034.1,bcd,101,1.296e-23,0.277
FW_TWAS_AS_rep_1,GCF_002978245.1,NZ_NRMR01000027.1,dppA,218,5.824e-62,0.311
FW_TWAS_AS_rep_1,GCF_002978245.1,NZ_NRMR01000011.1,adh,63,3.376e-13,0.246
FW_TWAS_AS_rep_1,GCF_002978245.1,NZ_NRMR01000038.1,bgl,211,1.379e-60,0.325
FW_TWAS_AS_rep_1,GCF_002978245.1,NZ_NRMR01000023.1,hbd,205,4.044e-56,0.341
FW_TWAS_AS_rep_1,GCF_002978245.1,NZ_NRMR01000002.1,dppB,444,3.179e-142,0.675
FW_TWAS_AS_rep_1,GCF_002978245.1,NZ_NRMR01000031.1,edd,225,1.191e-63,0.316
FW_TWAS_AS_rep_1,GCF_002978245.1,NZ_NRMR01000004.1,fdhA,649,1.966e-202,0.479
FW_TWAS_AS_rep_1,GCF_002978245.1,NZ_NRMR01000005.1,cazy_CE8,84,6.047e-19,0.302
FW_TWAS_AS_rep_1,GCF_002978245.1,NZ_NRMR01000002.1,fdhA,306,1.308e-88,0.321
FW_TWAS_AS_rep_1,GCF_002978245.1,NZ_NRMR01000001.1,etfA,59,1.364e-11,0.33
FW_TWAS_AS_rep_1,GCF_002978245.1,NZ_NRMR01000022.1,oppA,216,1.479e-61,0.325
FW_TWAS_AS_rep_1,GCF_002978245.1,NZ_NRMR01000034.1,pepD,521,3.731e-166,0.542
FW_TWAS_AS_rep_1,GCF_002978245.1,NZ_NRMR01000008.1,pepA,347,2.454e-106,0.44
FW_TWAS_AS_rep_1,GCF_002978245.1,NZ_NRMR01000018.1,rnfB,44,2.91e-7,0.262
FW_TWAS_AS_rep_1,GCF_002978245.1,NZ_NRMR01000023.1,thl,287,1.445e-87,0.464
FW_TWAS_AS_rep_1,GCF_002978245.1,NZ_NRMR01000018.1,frhB,44,1.611e-7,0.365
FW_TWAS_AS_rep_1,GCF_002978245.1,NZ_NRMR01000001.1,dppC,250,1.042e-75,0.464
FW_TWAS_AS_rep_1,GCF_002978245.1,NZ_NRMR01000023.1,fadA,378,7.495e-119,0.542
FW_TWAS_AS_rep_1,GCF_002978245.1,NZ_NRMR01000003.1,fadD,131,4.334e-33,0.276
FW_TWAS_AS_rep_1,GCF_002978245.1,NZ_NRMR01000023.1,crt,133,1.287e-33,0.35
FW_TWAS_AS_rep_1,GCF_002978245.1,NZ_NRMR01000002.1,rnfB,42,2.424e-6,0.242
FW_TWAS_AS_rep_1,GCF_002978245.1,NZ_NRMR01000004.1,folD,330,4.028e-103,0.597
FW_TWAS_AS_rep_1,GCF_002978245.1,NZ_NRMR01000015.1,oppB,170,2.793e-48,0.387
FW_TWAS_AS_rep_1,GCF_002978245.1,NZ_NRMR01000005.1,cazy_GH13,196,2.688e-54,0.368
FW_TWAS_AS_rep_1,GCF_002978245.1,NZ_NRMR01000019.1,oppB,185,9.531e-53,0.339
FW_TWAS_AS_rep_1,GCF_002978245.1,NZ_NRMR01000014.1,crt,136,2.844e-37,0.373
FW_TWAS_AS_rep_1,GCF_002978245.1,NZ_NRMR01000022.1,frhB,45,2.968e-7,0.431
FW_TWAS_AS_rep_1,GCF_002978245.1,NZ_NRMR01000001.1,acs,154,1.008e-40,0.283
FW_TWAS_AS_rep_1,GCF_002978245.1,NZ_NRMR01000022.1,agl,165,2.982e-44,0.307
FW_TWAS_AS_rep_1,GCF_002978245.1,NZ_NRMR01000012.1,oppA,415,1.822e-128,0.455
FW_TWAS_AS_rep_1,GCF_002978245.1,NZ_NRMR01000014.1,ackA,367,9.331e-115,0.51
FW_TWAS_AS_rep_1,GCF_002978245.1,NZ_NRMR01000010.1,crt,48,3.701e-8,0.417
FW_TWAS_AS_rep_1,GCF_002978245.1,NZ_NRMR01000027.1,dppB,289,2.163e-89,0.462
FW_TWAS_AS_rep_1,GCF_002978245.1,NZ_NRMR01000013.1,gapA,246,8.462e-74,0.399
FW_TWAS_AS_rep_1,GCF_002978245.1,NZ_NRMR01000012.1,pfor,1385,0.0,0.6
FW_TWAS_AS_rep_1,GCF_002978245.1,NZ_NRMR01000001.1,dppA,434,4.794e-135,0.423
FW_TWAS_AS_rep_1,GCF_002978245.1,NZ_NRMR01000022.1,fdhA,227,5.12e-63,0.284
FW_TWAS_AS_rep_1,GCF_002978245.1,NZ_NRMR01000010.1,xylF,336,3.348e-105,0.548
FW_TWAS_AS_rep_1,GCF_002978245.1,NZ_NRMR01000031.1,ilvE,168,1.308e-47,0.355
FW_TWAS_AS_rep_1,GCF_002978245.1,NZ_NRMR01000006.1,fdhA,220,6.541e-61,0.291
FW_TWAS_AS_rep_1,GCF_002978245.1,NZ_NRMR01000001.1,eda,225,7.165e-69,0.532
FW_TWAS_AS_rep_1,GCF_002978245.1,NZ_NRMR01000007.1,fadD,152,3.464e-40,0.292
FW_TWAS_AS_rep_1,GCF_002978245.1,NZ_NRMR01000013.1,pepQ,185,1.395e-51,0.357
FW_TWAS_AS_rep_1,GCF_002978245.1,NZ_NRMR01000015.1,dppA,105,2.834e-25,0.245
FW_TWAS_AS_rep_1,GCF_002978245.1,NZ_NRMR01000019.1,dppC,134,8.402e-36,0.349
FW_TWAS_AS_rep_1,GCF_002978245.1,NZ_NRMR01000018.1,pyk,462,1.032e-145,0.553
FW_TWAS_AS_rep_1,GCF_002978245.1,NZ_NRMR01000009.1,pepQ,69,4.835e-15,0.283
FW_TWAS_AS_rep_1,GCF_002978245.1,NZ_NRMR01000001.1,fdhA,372,3.698e-109,0.344
FW_TWAS_AS_rep_1,GCF_002978245.1,NZ_NRMR01000001.1,adh,59,6.818e-12,0.274
FW_TWAS_AS_rep_1,GCF_002978245.1,NZ_NRMR01000017.1,adh,63,3.581e-13,0.27
FW_TWAS_AS_rep_1,GCF_002978245.1,NZ_NRMR01000023.1,lysophospholipase,207,8.427e-61,0.432
FW_TWAS_AS_rep_1,GCF_002978245.1,NZ_NRMR01000027.1,oppA,192,2.53e-53,0.318
FW_TWAS_AS_rep_1,GCF_002978245.1,NZ_NRMR01000018.1,frhG,44,1.611e-7,0.377
FW_TWAS_AS_rep_1,GCF_002978245.1,NZ_NRMR01000022.1,dppB,253,7.305e-77,0.456
FW_TWAS_AS_rep_1,GCF_002978245.1,NZ_NRMR01000017.1,gapA,494,4.034e-160,0.713
FW_TWAS_AS_rep_1,GCF_002978245.1,NZ_NRMR01000027.1,dppC,252,7.055e-77,0.48
FW_TWAS_AS_rep_1,GCF_002978245.1,NZ_NRMR01000041.1,dppA,789,1.226e-257,0.727
FW_TWAS_AS_rep_1,GCF_002978245.1,NZ_NRMR01000005.1,agl,258,4.216e-75,0.371
FW_TWAS_AS_rep_1,GCF_002978245.1,NZ_NRMR01000041.1,oppA,199,2.59e-55,0.3
FW_TWAS_AS_rep_1,GCF_002978245.1,NZ_NRMR01000018.1,frhA,100,9.767e-24,0.265
FW_TWAS_AS_rep_1,GCF_002978245.1,NZ_NRMR01000011.1,thl,406,5.829e-128,0.576
FW_TWAS_AS_rep_1,GCF_002978245.1,NZ_NRMR01000008.1,mer,60,8.528e-12,0.376
FW_TWAS_AS_rep_1,GCF_002978245.1,NZ_NRMR01000038.1,ptsG,49,3.625e-8,0.33
FW_TWAS_AS_rep_1,GCF_002978245.1,NZ_NRMR01000012.1,fdhA,190,5.09e-51,0.277
FW_TWAS_AS_rep_1,GCF_002978245.1,NZ_NRMR01000004.1,ptsG,380,1.434e-117,0.45
FW_TWAS_AS_rep_1,GCF_002978245.1,NZ_NRMR01000018.1,hydA,46,7.03e-8,0.333
FW_TWAS_AS_rep_1,GCF_002978245.1,NZ_NRMR01000006.1,pepN,423,3.618e-127,0.42
FW_TWAS_AS_rep_1,GCF_002978245.1,NZ_NRMR01000006.1,ptsG,519,1.006e-165,0.573
FW_TWAS_AS_rep_1,GCF_002978245.1,NZ_NRMR01000302.1,etfA,52,1.156e-10,0.378
FW_TWAS_AS_rep_1,GCF_002978245.1,NZ_NRMR01000011.1,bgl,204,7.879e-58,0.316
FW_TWAS_AS_rep_1,GCF_002978245.1,NZ_NRMR01000014.1,pta,222,9.845e-62,0.44
FW_TWAS_AS_rep_1,GCF_002978245.1,NZ_NRMR01000014.1,fadA,246,2.179e-72,0.4
FW_TWAS_AS_rep_1,GCF_002978245.1,NZ_NRMR01000024.1,endopeptidase,289,9.49e-87,0.411
FW_TWAS_AS_rep_1,GCF_002978245.1,NZ_NRMR01000002.1,adhE,224,1.725e-65,0.389
FW_TWAS_AS_rep_1,GCF_002978245.1,NZ_NRMR01000002.1,oppB,240,8.547e-73,0.464
FW_TWAS_AS_rep_1,GCF_002978245.1,NZ_NRMR01000001.1,fadD,267,5.094e-78,0.366
FW_TWAS_AS_rep_1,GCF_002978245.1,NZ_NRMR01000009.1,cazy_GH43,113,2.475e-29,0.289
FW_TWAS_AS_rep_1,GCF_002978245.1,NZ_NRMR01000005.1,sucC,381,7.167e-120,0.517
FW_TWAS_AS_rep_1,GCF_002978245.1,NZ_NRMR01000004.1,cazy_GH13,121,3.856e-30,0.311
FW_TWAS_AS_rep_1,GCF_002978245.1,NZ_NRMR01000021.1,ptsG,76,6.735e-19,0.479
FW_TWAS_AS_rep_1,GCF_002978245.1,NZ_NRMR01000015.1,adhE,44,1.229e-6,0.23
FW_TWAS_AS_rep_1,GCF_002978245.1,NZ_NRMR01000014.1,thl,225,2.037e-65,0.354
FW_TWAS_AS_rep_1,GCF_002978245.1,NZ_NRMR01000023.1,phospholipase,214,9.605e-64,0.425
FW_TWAS_AS_rep_1,GCF_002978245.1,NZ_NRMR01000003.1,cazy_GH13,166,1.378e-44,0.355
FW_TWAS_AS_rep_1,GCF_002978245.1,NZ_NRMR01000023.1,fadB,1026,0.0,0.728
FW_TWAS_AS_rep_1,GCF_002978245.1,NZ_NRMR01000007.1,pta,128,7.063e-32,0.309
FW_TWAS_AS_rep_1,GCF_002978245.1,NZ_NRMR01000014.1,frhG,45,1.172e-7,0.358
FW_TWAS_AS_rep_1,GCF_002978245.1,NZ_NRMR01000008.1,mdh,152,3.471e-42,0.372
FW_TWAS_AS_rep_1,GCF_002978245.1,NZ_NRMR01000001.1,pyk,371,7.899e-115,0.483
FW_TWAS_AS_rep_1,GCF_002978245.1,NZ_NRMR01000006.1,oppA,423,1.01e-131,0.448
FW_TWAS_AS_rep_1,GCF_002978245.1,NZ_NRMR01000011.1,fadD,138,2.931e-35,0.336
FW_TWAS_AS_rep_1,GCF_002978245.1,NZ_NRMR01000014.1,hydA,40,3.876e-6,0.327
FW_TWAS_AS_rep_1,GCF_002978245.1,NZ_NRMR01000010.1,cazy_GH13,104,7.741e-25,0.291
FW_TWAS_AS_rep_1,GCF_002978245.1,NZ_NRMR01000022.1,adh,72,3.326e-16,0.269
FW_TWAS_AS_rep_1,GCF_002978245.1,NZ_NRMR01000001.1,dppB,263,1.814e-80,0.445
FW_TWAS_AS_rep_1,GCF_002978245.1,NZ_NRMR01000022.1,rnfB,42,2.884e-6,0.368
FW_TWAS_AS_rep_1,GCF_002978245.1,NZ_NRMR01000005.1,acs,81,1.955e-17,0.247
FW_TWAS_AS_rep_1,GCF_002978245.1,NZ_NRMR01000019.1,dppA,65,5.607e-13,0.197
FW_TWAS_AS_rep_1,GCF_002978245.1,NZ_NRMR01000011.1,acs,104,8.071e-25,0.246
FW_TWAS_AS_rep_1,GCF_002978245.1,NZ_NRMR01000013.1,bgl,218,7.671e-63,0.317
FW_TWAS_AS_rep_1,GCF_002978245.1,NZ_NRMR01000010.1,pfkA,254,5.385e-77,0.449
FW_TWAS_AS_rep_1,GCF_002978245.1,NZ_NRMR01000019.1,dppB,174,3.899e-49,0.325
FW_TWAS_AS_rep_1,GCF_002978245.1,NZ_NRMR01000021.1,bgl,232,1.848e-67,0.322
FW_TWAS_AS_rep_1,GCF_002978245.1,NZ_NRMR01000001.1,aldh,415,3.692e-124,0.509
FW_TWAS_AS_rep_1,GCF_002978245.1,NZ_NRMR01000084.1,adhE,160,8.619e-47,0.392
FW_TWAS_AS_rep_1,GCF_002978245.1,NZ_NRMR01000010.1,xylA,496,1.387e-158,0.541
FW_TWAS_AS_rep_1,GCF_002978245.1,NZ_NRMR01000002.1,pfkA,48,2.348e-8,0.416
FW_TWAS_AS_rep_1,GCF_002978245.1,NZ_NRMR01000022.1,cazy_GH13,173,6.177e-47,0.36
FW_TWAS_AS_rep_1,GCF_002978245.1,NZ_NRMR01000008.1,endopeptidase,188,2.744e-54,0.399
FW_TWAS_AS_rep_1,GCF_002978245.1,NZ_NRMR01000001.1,tdcB,50,7.501e-9,0.257
FW_TWAS_AS_rep_1,GCF_002978245.1,NZ_NRMR01000022.1,dppA,633,2.926e-204,0.591
FW_TWAS_AS_rep_1,GCF_002978245.1,NZ_NRMR01000031.1,tdcB,303,4.169e-91,0.455
FW_TWAS_AS_rep_1,GCF_002978245.1,NZ_NRMR01000027.1,oppB,261,1.017e-79,0.491
FW_TWAS_AS_rep_1,GCF_002978245.1,NZ_NRMR01000036.1,susC,46,7.161e-7,0.34
FW_TWAS_AS_rep_1,GCF_002978245.1,NZ_NRMR01000023.1,acylglycerol_lipase,91,1.479e-21,0.278
FW_TWAS_AS_rep_1,GCF_002978245.1,NZ_NRMR01000017.1,pfkA,251,2.029e-76,0.487
FW_TWAS_AS_rep_1,GCF_002978245.1,NZ_NRMR01000302.1,crt,57,1.995e-12,0.43
FW_TWAS_AS_rep_1,GCF_002978245.1,NZ_NRMR01000011.1,ptsG,446,1.092e-139,0.5
FW_TWAS_AS_rep_1,GCF_002978245.1,NZ_NRMR01000003.1,pgi,726,2.64e-235,0.682
FW_TWAS_AS_rep_1,GCF_002978245.1,NZ_NRMR01000015.1,dtpT,289,3.07e-86,0.367
FW_TWAS_AS_rep_1,GCF_002978245.1,NZ_NRMR01000004.1,hydA,87,2.057e-19,0.267
FW_TWAS_AS_rep_1,GCF_002978245.1,NZ_NRMR01000008.1,pfkA,57,7.539e-11,0.281
FW_TWAS_AS_rep_1,GCF_002978245.1,NZ_NRMR01000010.1,agl,89,3.005e-20,0.271
FW_TWAS_AS_rep_1,GCF_002978245.1,NZ_NRMR01000003.1,adhE,108,6.615e-27,0.257
FW_TWAS_AS_rep_1,GCF_002978245.1,NZ_NRMR01000015.1,fumB,742,3.959e-241,0.652
FW_TWAS_AS_rep_1,GCF_002978245.1,NZ_NRMR01000012.1,rnfB,40,4.698e-6,0.28
FW_TWAS_AS_rep_1,GCF_002978245.1,NZ_NRMR01000002.1,oppA,222,3.705e-63,0.313
FW_TWAS_AS_rep_1,GCF_002978245.1,NZ_NRMR01000014.1,mvhG,42,1.837e-6,0.323
FW_TWAS_AS_rep_1,GCF_002978245.1,NZ_NRMR01000001.1,oppA,445,1.286e-138,0.468
FW_TWAS_AS_rep_1,GCF_002978245.1,NZ_NRMR01000006.1,pepT,258,5.175e-77,0.406
FW_TWAS_AS_rep_1,GCF_002978245.1,NZ_NRMR01000055.1,gapA,351,1.48e-110,0.548
FW_TWAS_AS_rep_1,GCF_002978245.1,NZ_NRMR01000012.1,dppA,278,1.192e-81,0.353
FW_TWAS_AS_rep_1,GCF_002978245.1,NZ_NRMR01000028.1,glcP,224,4.566e-64,0.314
FW_TWAS_AS_rep_1,GCF_002978245.1,NZ_NRMR01000034.1,fadE,78,1.597e-16,0.25
FW_TWAS_AS_rep_1,GCF_002978245.1,NZ_NRMR01000013.1,pfkA,57,1.23e-10,0.261
FW_TWAS_AS_rep_1,GCF_002978245.1,NZ_NRMR01000022.1,frhG,41,5.087e-6,0.4
FW_TWAS_AS_rep_1,GCF_002978245.1,NZ_NRMR01000015.1,dppB,166,4.524e-47,0.386
FW_TWAS_AS_rep_1,GCF_002978245.1,NZ_NRMR01000015.1,bgl,268,1.726e-79,0.354
FW_TWAS_AS_rep_1,GCF_002978245.1,NZ_NRMR01000014.1,fdhA,66,4.161e-13,0.235
FW_TWAS_AS_rep_1,GCF_002978245.1,NZ_NRMR01000004.1,agl,100,1.162e-23,0.284
FW_TWAS_AS_rep_1,GCF_002978245.1,NZ_NRMR01000013.1,glcP,228,8.248e-66,0.329
FW_TWAS_AS_rep_1,GCF_002978245.1,NZ_NRMR01000023.1,etfA,113,1.944e-27,0.383
FW_TWAS_AS_rep_1,GCF_002978245.1,NZ_NRMR01000302.1,fadB,53,3.321e-11,0.382
FW_TWAS_AS_rep_1,GCF_002978245.1,NZ_NRMR01000003.1,acs,830,3.092e-270,0.606
FW_TWAS_AS_rep_1,GCF_002978245.1,NZ_NRMR01000011.1,fadA,323,2.906e-99,0.505
FW_TWAS_AS_rep_1,GCF_002978245.1,NZ_NRMR01000004.1,glcP,195,1.149e-54,0.306
FW_TWAS_AS_rep_1,GCF_002978245.1,NZ_NRMR01000014.1,etfA,108,9.233e-26,0.35
FW_TWAS_AS_rep_1,GCF_002978245.1,NZ_NRMR01000002.1,dppA,771,1.075e-251,0.691
FW_TWAS_AS_rep_1,GCF_002978245.1,NZ_NRMR01000001.1,adhE,1087,0.0,0.642
FW_TWAS_AS_rep_1,GCF_002978245.1,NZ_NRMR01000005.1,fadD,94,3.862e-21,0.241
FW_TWAS_AS_rep_1,GCF_002978245.1,NZ_NRMR01000012.1,esterase,214,3.582e-60,0.341
FW_TWAS_AS_rep_1,GCF_002978245.1,NZ_NRMR01000015.1,pfkA,59,1.326e-11,0.403
FW_TWAS_AS_rep_1,GCF_002978245.1,NZ_NRMR01000018.1,fdhA,542,7.173e-168,0.437
FW_TWAS_AS_rep_1,GCF_002978245.1,NZ_NRMR01000014.1,hbd,210,1.06e-57,0.344
FW_TWAS_AS_rep_1,GCF_002978245.1,NZ_NRMR01000016.1,eda,112,2.746e-30,0.357
FW_TWAS_AS_rep_1,GCF_002978245.1,NZ_NRMR01000021.1,extracellular_protease,113,2.843e-27,0.306
FW_TWAS_AS_rep_1,GCF_002978245.1,NZ_NRMR01000022.1,oppB,210,3.366e-62,0.444
FW_TWAS_AS_rep_1,GCF_002978245.1,NZ_NRMR01000249.1,bcd,96,1.23e-25,0.404
FW_TWAS_AS_rep_1,GCF_002978245.1,NZ_NRMR01000016.1,ptsG,260,5.586e-76,0.351
FW_TWAS_AS_rep_1,GCF_002978245.1,NZ_NRMR01000018.1,adhE,68,4.123e-14,0.25
FW_TWAS_AS_rep_1,GCF_002978245.1,NZ_NRMR01000012.1,aldh,51,1.203e-8,0.226
FW_TWAS_AS_rep_1,GCF_002978245.1,NZ_NRMR01000005.1,ptsG,319,1.403e-94,0.414
FW_TWAS_AS_rep_1,GCF_002978245.1,NZ_NRMR01000015.1,ptsG,339,3.498e-103,0.411
FW_TWAS_AS_rep_1,GCF_002978245.1,NZ_NRMR01000036.1,cazy_GH13,75,8.514e-16,0.261
FW_TWAS_AS_rep_1,GCF_002978245.1,NZ_NRMR01000015.1,mer,64,5.453e-13,0.292
FW_TWAS_AS_rep_1,GCF_002978245.1,NZ_NRMR01000001.1,oppB,312,3.145e-97,0.53
FW_TWAS_AS_rep_1,GCF_002978245.1,NZ_NRMR01000025.1,mdh,182,4.395e-52,0.355
FW_TWAS_AS_rep_1,GCF_002978245.1,NZ_NRMR01000014.1,fadB,445,3.066e-136,0.395
FW_TWAS_AS_rep_1,GCF_002978245.1,NZ_NRMR01000022.1,dppC,186,1.738e-54,0.411
FW_TWAS_AS_rep_1,GCF_002978245.1,NZ_NRMR01000003.1,agl,256,2.936e-74,0.364
FW_TWAS_AS_rep_1,GCF_002978245.1,NZ_NRMR01000014.1,frhB,43,6.766e-7,0.357
FW_TWAS_AS_rep_1,GCF_002978245.1,NZ_NRMR01000012.1,endopeptidase,235,1.44e-66,0.368
FW_TWAS_AS_rep_1,GCF_002978245.1,NZ_NRMR01000002.1,dppC,419,1.264e-134,0.706
FW_TWAS_AS_rep_1,GCF_002978245.1,NZ_NRMR01000002.1,cazy_GH13,79,4.92e-17,0.288
FW_TWAS_AS_rep_1,GCF_002978245.1,NZ_NRMR01000041.1,pepT,209,2.24e-58,0.369
FW_TWAS_AS_rep_1,GCA_044223705.1,JBGALS010000002.1,acs,346,4.545e-100,0.295
FW_TWAS_AS_rep_1,GCA_044223705.1,JBGALS010000001.1,hydA,121,7.16e-30,0.326
FW_TWAS_AS_rep_1,GCA_044223705.1,JBGALS010000008.1,fadD,124,3.857e-31,0.272
FW_TWAS_AS_rep_1,GCA_044223705.1,JBGALS010000015.1,extracellular_protease,154,1.542e-40,0.383
FW_TWAS_AS_rep_1,GCA_044223705.1,JBGALS010000018.1,frhB,49,2.981e-8,0.382
FW_TWAS_AS_rep_1,GCA_044223705.1,JBGALS010000001.1,thl,330,4.018e-102,0.492
FW_TWAS_AS_rep_1,GCA_044223705.1,JBGALS010000001.1,adhE,64,1.28e-12,0.231
FW_TWAS_AS_rep_1,GCA_044223705.1,JBGALS010000001.1,fhs,689,1.304e-222,0.614
FW_TWAS_AS_rep_1,GCA_044223705.1,JBGALS010000001.1,mmcE,703,2.044e-228,0.667
FW_TWAS_AS_rep_1,GCA_044223705.1,JBGALS010000005.1,sucD,117,7.895e-30,0.486
FW_TWAS_AS_rep_1,GCA_044223705.1,JBGALS010000012.1,pfkA,44,8.318e-7,0.263
FW_TWAS_AS_rep_1,GCA_044223705.1,JBGALS010000001.1,folD,328,1.029e-102,0.559
FW_TWAS_AS_rep_1,GCA_044223705.1,JBGALS010000005.1,sucC,419,5.964e-133,0.553
FW_TWAS_AS_rep_1,GCA_044223705.1,JBGALS010000001.1,adh,69,5.306e-15,0.266
FW_TWAS_AS_rep_1,GCA_044223705.1,JBGALS010000008.1,aldh,62,5.589e-12,0.232
FW_TWAS_AS_rep_1,GCA_044223705.1,JBGALS010000009.1,thl,405,6.175e-128,0.56
FW_TWAS_AS_rep_1,GCA_044223705.1,JBGALS010000001.1,ilvE,142,1.088e-38,0.342
FW_TWAS_AS_rep_1,GCA_044223705.1,JBGALS010000019.1,frhG,40,3.304e-6,0.343
FW_TWAS_AS_rep_1,GCA_044223705.1,JBGALS010000005.1,xylF,284,6.825e-87,0.474
FW_TWAS_AS_rep_1,GCA_044223705.1,JBGALS010000001.1,lctC,42,2.326e-6,0.281
FW_TWAS_AS_rep_1,GCA_044223705.1,JBGALS010000001.1,oppA,201,2.188e-55,0.291
FW_TWAS_AS_rep_1,GCA_044223705.1,JBGALS010000026.1,tdcB,317,5.487e-97,0.456
FW_TWAS_AS_rep_1,GCA_044223705.1,JBGALS010000004.1,agl,109,5.824e-27,0.288
FW_TWAS_AS_rep_1,GCA_044223705.1,JBGALS010000007.1,dppB,119,4.225e-31,0.295
FW_TWAS_AS_rep_1,GCA_044223705.1,JBGALS010000001.1,pepT,210,5.229e-60,0.353
FW_TWAS_AS_rep_1,GCA_044223705.1,JBGALS010000019.1,sucD,371,4.826e-118,0.67
FW_TWAS_AS_rep_1,GCA_044223705.1,JBGALS010000001.1,mmcG,117,4.704e-33,0.445
FW_TWAS_AS_rep_1,GCA_044223705.1,JBGALS010000001.1,fadB,138,4.327e-35,0.344
FW_TWAS_AS_rep_1,GCA_044223705.1,JBGALS010000001.1,prdB,139,1.207e-38,0.342
FW_TWAS_AS_rep_1,GCA_044223705.1,JBGALS010000002.1,crt,185,2.238e-54,0.45
FW_TWAS_AS_rep_1,GCA_044223705.1,JBGALS010000001.1,acs,172,6.859e-47,0.276
FW_TWAS_AS_rep_1,GCA_044223705.1,JBGALS010000001.1,fadE,271,3.32e-82,0.454
FW_TWAS_AS_rep_1,GCA_044223705.1,JBGALS010000003.1,fdhA,591,3.599e-184,0.437
FW_TWAS_AS_rep_1,GCA_044223705.1,JBGALS010000008.1,acs,767,2.286e-248,0.574
FW_TWAS_AS_rep_1,GCA_044223705.1,JBGALS010000015.1,pfkA,221,4.689e-65,0.417
FW_TWAS_AS_rep_1,GCA_044223705.1,JBGALS010000004.1,cazy_GH13,141,2.805e-36,0.318
FW_TWAS_AS_rep_1,GCA_044223705.1,JBGALS010000002.1,pyk,363,6.916e-112,0.437
FW_TWAS_AS_rep_1,GCA_044223705.1,JBGALS010000002.1,etfA,100,3.54e-25,0.337
FW_TWAS_AS_rep_1,GCA_044223705.1,JBGALS010000002.1,fadE,231,3.746e-68,0.396
FW_TWAS_AS_rep_1,GCA_044223705.1,JBGALS010000001.1,pepQ,171,1.957e-47,0.336
FW_TWAS_AS_rep_1,GCA_044223705.1,JBGALS010000001.1,fadA,403,2.584e-127,0.558
FW_TWAS_AS_rep_1,GCA_044223705.1,JBGALS010000004.1,bcd,347,3.038e-108,0.468
FW_TWAS_AS_rep_1,GCA_044223705.1,JBGALS010000001.1,fadD,354,4.293e-107,0.411
FW_TWAS_AS_rep_1,GCA_044223705.1,JBGALS010000016.1,mmcF,189,1.9e-57,0.706
FW_TWAS_AS_rep_1,GCA_044223705.1,JBGALS010000009.1,gapA,336,1.76e-105,0.519
FW_TWAS_AS_rep_1,GCA_044223705.1,JBGALS010000001.1,hbd,143,2.011e-36,0.349
FW_TWAS_AS_rep_1,GCA_044223705.1,JBGALS010000010.1,pepQ,65,1.002e-13,0.294
FW_TWAS_AS_rep_1,GCA_044223705.1,JBGALS010000003.1,extracellular_protease,174,4.716e-48,0.406
FW_TWAS_AS_rep_1,GCA_044223705.1,JBGALS010000002.1,bcd,152,2.431e-41,0.307
FW_TWAS_AS_rep_1,GCA_044223705.1,JBGALS010000001.1,fdhA,136,1.316e-34,0.277
FW_TWAS_AS_rep_1,GCA_044223705.1,JBGALS010000005.1,pepN,187,4.156e-50,0.324
FW_TWAS_AS_rep_1,GCA_044223705.1,JBGALS010000001.1,tdcB,265,2.359e-80,0.478
FW_TWAS_AS_rep_1,GCA_044223705.1,JBGALS010000009.1,hbd,326,6.959e-103,0.577
FW_TWAS_AS_rep_1,GCA_044223705.1,JBGALS010000005.1,ilvE,137,6.293e-37,0.308
FW_TWAS_AS_rep_1,GCA_044223705.1,JBGALS010000005.1,pepQ,148,7.601e-39,0.299
FW_TWAS_AS_rep_1,GCA_044223705.1,JBGALS010000005.1,mmcE,711,7.188e-231,0.656
FW_TWAS_AS_rep_1,GCA_044223705.1,JBGALS010000011.1,acs,63,3.901e-12,0.226
FW_TWAS_AS_rep_1,GCA_044223705.1,JBGALS010000013.1,fdhA,47,4.022e-7,0.207
FW_TWAS_AS_rep_1,GCA_044223705.1,JBGALS010000006.1,extracellular_protease,157,1.114e-44,0.398
FW_TWAS_AS_rep_1,GCA_044223705.1,JBGALS010000001.1,mdh,311,5.427e-97,0.537
FW_TWAS_AS_rep_1,GCA_044223705.1,JBGALS010000005.1,gdh,459,9.677e-146,0.526
FW_TWAS_AS_rep_1,GCA_044223705.1,JBGALS010000009.1,fadB,201,8.434e-60,0.425
FW_TWAS_AS_rep_1,GCA_044223705.1,JBGALS010000012.1,adh,79,3.158e-18,0.323
FW_TWAS_AS_rep_1,GCA_044223705.1,JBGALS010000005.1,acs,93,3.973e-21,0.229
FW_TWAS_AS_rep_1,GCA_044223705.1,JBGALS010000008.1,pepT,154,1.074e-41,0.328
FW_TWAS_AS_rep_1,GCA_044223705.1,JBGALS010000002.1,aldh,55,4.46e-10,0.226
FW_TWAS_AS_rep_1,GCA_044223705.1,JBGALS010000012.1,cazy_GH43,152,3.739e-40,0.332
FW_TWAS_AS_rep_1,GCA_044223705.1,JBGALS010000006.1,dppA,196,1.037e-54,0.302
FW_TWAS_AS_rep_1,GCA_044223705.1,JBGALS010000014.1,esterase,47,9.136e-8,0.295
FW_TWAS_AS_rep_1,GCA_044223705.1,JBGALS010000014.1,fadE,243,3.671e-72,0.396
FW_TWAS_AS_rep_1,GCA_044223705.1,JBGALS010000001.1,pepN,188,3.055e-50,0.309
FW_TWAS_AS_rep_1,GCA_044223705.1,JBGALS010000009.1,fadA,316,3.49e-97,0.447
FW_TWAS_AS_rep_1,GCA_044223705.1,JBGALS010000006.1,dppB,231,3.148e-69,0.405
FW_TWAS_AS_rep_1,GCA_044223705.1,JBGALS010000004.1,etfA,170,5.015e-49,0.423
FW_TWAS_AS_rep_1,GCA_044223705.1,JBGALS010000007.1,oppB,142,1.779e-38,0.379
FW_TWAS_AS_rep_1,GCA_044223705.1,JBGALS010000003.1,adh,65,8.28e-14,0.276
FW_TWAS_AS_rep_1,GCA_044223705.1,JBGALS010000016.1,fadB,93,2.677e-23,0.343
FW_TWAS_AS_rep_1,GCA_044223705.1,JBGALS010000007.1,oppA,144,1.822e-37,0.265
FW_TWAS_AS_rep_1,GCA_044223705.1,JBGALS010000019.1,etfB,145,6.631e-41,0.402
FW_TWAS_AS_rep_1,GCA_044223705.1,JBGALS010000004.1,extracellular_protease,44,4.811e-6,0.29
FW_TWAS_AS_rep_1,GCA_044223705.1,JBGALS010000004.1,fadE,258,1.449e-77,0.412
FW_TWAS_AS_rep_1,GCA_044223705.1,JBGALS010000005.1,pepA,413,3.533e-129,0.492
FW_TWAS_AS_rep_1,GCA_044223705.1,JBGALS010000016.1,aldh,442,1.679e-137,0.477
FW_TWAS_AS_rep_1,GCA_044223705.1,JBGALS010000003.1,pepO,606,2.246e-192,0.469
FW_TWAS_AS_rep_1,GCA_044223705.1,JBGALS010000012.1,eda,183,2.527e-54,0.412
FW_TWAS_AS_rep_1,GCA_044223705.1,JBGALS010000016.1,adhE,404,2.252e-124,0.493
FW_TWAS_AS_rep_1,GCA_044223705.1,JBGALS010000007.1,dppA,128,2.272e-32,0.265
FW_TWAS_AS_rep_1,GCA_044223705.1,JBGALS010000004.1,pepT,54,1.307e-9,0.252
FW_TWAS_AS_rep_1,GCA_044223705.1,JBGALS010000006.1,oppB,250,8.093e-77,0.479
FW_TWAS_AS_rep_1,GCA_044223705.1,JBGALS010000006.1,oppA,171,1.281e-46,0.277
FW_TWAS_AS_rep_1,GCA_044223705.1,JBGALS010000006.1,dppC,235,1.678e-71,0.458
FW_TWAS_AS_rep_1,GCA_044223705.1,JBGALS010000008.1,gdh,44,9.749e-7,0.285
FW_TWAS_AS_rep_1,GCA_044223705.1,JBGALS010000002.1,fadD,256,5.966e-75,0.354
FW_TWAS_AS_rep_1,GCA_044223705.1,JBGALS010000014.1,adh,72,3.736e-16,0.285
FW_TWAS_AS_rep_1,GCA_044223705.1,JBGALS010000002.1,fwdA,56,2.705e-10,0.222
FW_TWAS_AS_rep_1,GCA_044223705.1,JBGALS010000004.1,pepN,124,4.075e-31,0.269
FW_TWAS_AS_rep_1,GCA_044223705.1,JBGALS010000001.1,edd,239,2.149e-68,0.324
FW_TWAS_AS_rep_1,GCA_044223705.1,JBGALS010000001.1,dppA,160,3.548e-42,0.292
FW_TWAS_AS_rep_1,GCA_044223705.1,JBGALS010000001.1,mvhG,44,3.775e-7,0.545
FW_TWAS_AS_rep_1,GCA_044223705.1,JBGALS010000004.1,crt,242,1.305e-73,0.515
FW_TWAS_AS_rep_1,GCA_044223705.1,JBGALS010000018.1,pfor,1425,0.0,0.612
FW_TWAS_AS_rep_1,GCA_044223705.1,JBGALS010000002.1,cazy_GH9,168,2.836e-44,0.295
FW_TWAS_AS_rep_1,GCA_044223705.1,JBGALS010000009.1,lipase,64,1.355e-12,0.279
FW_TWAS_AS_rep_1,GCA_044223705.1,JBGALS010000004.1,fadB,133,3.171e-36,0.32
FW_TWAS_AS_rep_1,GCA_044223705.1,JBGALS010000007.1,dppC,115,1.174e-29,0.35
FW_TWAS_AS_rep_1,GCA_044223705.1,JBGALS010000007.1,pta,233,1.371e-69,0.435
FW_TWAS_AS_rep_1,GCA_044223705.1,JBGALS010000002.1,tdcB,224,7.349e-67,0.447
FW_TWAS_AS_rep_1,GCA_044223705.1,JBGALS010000016.1,tdcB,168,8.353e-48,0.347
FW_TWAS_AS_rep_1,GCA_044223705.1,JBGALS010000007.1,pepN,87,1.156e-19,0.225
FW_TWAS_AS_rep_1,GCA_044223705.1,JBGALS010000014.1,bcd,273,2.673e-82,0.403
FW_TWAS_AS_rep_1,GCA_044223705.1,JBGALS010000002.1,pepT,105,2.491e-26,0.311
FW_TWAS_AS_rep_1,GCA_044223705.1,JBGALS010000016.1,crt,131,4.356e-36,0.334
FW_TWAS_AS_rep_1,GCA_044223705.1,JBGALS010000011.1,fadD,347,2.451e-104,0.371
FW_TWAS_AS_rep_1,GCA_044223705.1,JBGALS010000016.1,etfA,93,2.677e-23,0.382
FW_TWAS_AS_rep_1,GCA_044223705.1,JBGALS010000001.1,crt,66,4.723e-13,0.314
FW_TWAS_AS_rep_1,GCA_044223705.1,JBGALS010000019.1,etfA,205,1.279e-59,0.414
FW_TWAS_AS_rep_1,GCA_044223705.1,JBGALS010000001.1,extracellular_protease,147,1.34e-37,0.32
FW_TWAS_AS_rep_1,GCA_044223705.1,JBGALS010000001.1,frhG,49,8.322e-9,0.258
FW_TWAS_AS_rep_1,GCA_044223705.1,JBGALS010000001.1,bcd,355,3.714e-111,0.498
FW_TWAS_AS_rep_1,GCA_044223705.1,JBGALS010000005.1,fadD,271,2.785e-76,0.346
FW_TWAS_AS_rep_1,GCA_044223705.1,JBGALS010000012.1,cazy_CE8,270,2.573e-77,0.484
FW_TWAS_AS_rep_1,GCA_044223705.1,JBGALS010000006.1,tdcB,68,4.509e-14,0.267
FW_TWAS_AS_rep_1,GCA_044223705.1,JBGALS010000001.1,dtpT,270,2.818e-79,0.351
FW_TWAS_AS_rep_1,GCA_040766305.1,JAXGQS010000015.1,oppB,172,9.261e-48,0.366
FW_TWAS_AS_rep_1,GCA_040766305.1,JAXGQS010000014.1,folD,327,2.708e-103,0.586
FW_TWAS_AS_rep_1,GCA_040766305.1,JAXGQS010000016.1,mvhD,174,4.361e-46,0.567
FW_TWAS_AS_rep_1,GCA_040766305.1,JAXGQS010000033.1,mtrA,181,1.023e-52,0.589
FW_TWAS_AS_rep_1,GCA_040766305.1,JAXGQS010000022.1,pepD,507,7.65e-161,0.504
FW_TWAS_AS_rep_1,GCA_040766305.1,JAXGQS010000029.1,mcrA,775,4.18e-253,0.681
FW_TWAS_AS_rep_1,GCA_040766305.1,JAXGQS010000016.1,hydA,54,1.026e-11,0.423
FW_TWAS_AS_rep_1,GCA_040766305.1,JAXGQS010000017.1,frhB,48,6.81e-10,0.416
FW_TWAS_AS_rep_1,GCA_040766305.1,JAXGQS010000018.1,frhB,45,3.135e-8,0.384
FW_TWAS_AS_rep_1,GCA_040766305.1,JAXGQS010000014.1,mch,284,2.424e-87,0.457
FW_TWAS_AS_rep_1,GCA_040766305.1,JAXGQS010000020.1,frhB,43,2.748e-8,0.437
FW_TWAS_AS_rep_1,GCA_040766305.1,JAXGQS010000014.1,fadD,220,6.668e-62,0.31
FW_TWAS_AS_rep_1,GCA_040766305.1,JAXGQS010000014.1,acs,169,2.904e-45,0.281
FW_TWAS_AS_rep_1,GCA_040766305.1,JAXGQS010000016.1,lctB,68,3.356e-14,0.237
FW_TWAS_AS_rep_1,GCA_040766305.1,JAXGQS010000023.1,rnfB,44,1.338e-6,0.267
FW_TWAS_AS_rep_1,GCA_040766305.1,JAXGQS010000021.1,pfor,44,1.164e-6,0.232
FW_TWAS_AS_rep_1,GCA_040766305.1,JAXGQS010000029.1,pfor,42,2.551e-6,0.329
FW_TWAS_AS_rep_1,GCA_040766305.1,JAXGQS010000016.1,edd,234,5.742e-67,0.321
FW_TWAS_AS_rep_1,GCA_040766305.1,JAXGQS010000015.1,hydA,44,1.64e-6,0.481
FW_TWAS_AS_rep_1,GCA_040766305.1,JAXGQS010000021.1,fdhA,56,3.153e-10,0.355
FW_TWAS_AS_rep_1,GCA_040766305.1,JAXGQS010000016.1,mvhG,126,3.08e-31,0.469
FW_TWAS_AS_rep_1,GCA_040766305.1,JAXGQS010000017.1,frhG,55,4.335e-12,0.321
FW_TWAS_AS_rep_1,GCA_040766305.1,JAXGQS010000016.1,frhB,49,4.511e-10,0.431
FW_TWAS_AS_rep_1,GCA_040766305.1,JAXGQS010000014.1,fdhA,696,3.14e-219,0.425
FW_TWAS_AS_rep_1,GCA_040766305.1,JAXGQS010000017.1,pfor,40,7.013e-7,0.319
FW_TWAS_AS_rep_1,GCA_040766305.1,JAXGQS010000014.1,extracellular_protease,172,7.667e-45,0.369
FW_TWAS_AS_rep_1,GCA_040766305.1,JAXGQS010000015.1,dppC,154,2.775e-43,0.364
FW_TWAS_AS_rep_1,GCA_040766305.1,JAXGQS010000028.1,fdhA,668,5.804e-214,0.54
FW_TWAS_AS_rep_1,GCA_040766305.1,JAXGQS010000018.1,pepD,49,4.177e-8,0.277
FW_TWAS_AS_rep_1,GCA_040766305.1,JAXGQS010000014.1,rnfB,42,1.118e-6,0.246
FW_TWAS_AS_rep_1,GCA_040766305.1,JAXGQS010000014.1,pfor,52,2.625e-9,0.352
FW_TWAS_AS_rep_1,GCA_040766305.1,JAXGQS010000029.1,hydA,43,1.45e-6,0.311
FW_TWAS_AS_rep_1,GCA_040766305.1,JAXGQS010000014.1,frhB,49,1.316e-8,0.431
FW_TWAS_AS_rep_1,GCA_040766305.1,JAXGQS010000015.1,dppB,208,1.034e-59,0.395
FW_TWAS_AS_rep_1,GCA_040766305.1,JAXGQS010000023.1,fadD,139,9.548e-36,0.275
FW_TWAS_AS_rep_1,GCA_040766305.1,JAXGQS010000015.1,frhB,44,2.164e-6,0.446
FW_TWAS_AS_rep_1,GCA_040766305.1,JAXGQS010000032.1,mtrA,220,1.499e-66,0.473
FW_TWAS_AS_rep_1,GCA_040766305.1,JAXGQS010000027.1,mer,299,6.505e-93,0.48
FW_TWAS_AS_rep_1,GCA_040766305.1,JAXGQS010000025.1,frhB,46,4.245e-8,0.446
FW_TWAS_AS_rep_1,GCA_040766305.1,JAXGQS010000023.1,acs,285,2.134e-83,0.366
FW_TWAS_AS_rep_1,GCA_040766305.1,JAXGQS010000016.1,pgi,129,1.906e-35,0.372
FW_TWAS_AS_rep_1,GCA_040766305.1,JAXGQS010000014.1,lctC,61,5.833e-12,0.3
FW_TWAS_AS_rep_1,GCA_040766305.1,JAXGQS010000018.1,frhG,53,4.772e-11,0.396
FW_TWAS_AS_rep_1,GCA_040766305.1,JAXGQS010000019.1,extracellular_protease,137,1.512e-37,0.509
FW_TWAS_AS_rep_1,GCA_040766305.1,JAXGQS010000023.1,pfor,40,5.52e-6,0.345
FW_TWAS_AS_rep_1,GCA_040766305.1,JAXGQS010000020.1,hydA,96,3.198e-22,0.257
FW_TWAS_AS_rep_1,GCA_040766305.1,JAXGQS010000023.1,frhG,47,2.017e-8,0.444
FW_TWAS_AS_rep_1,GCA_040766305.1,JAXGQS010000024.1,mtd,278,9.997e-86,0.569
FW_TWAS_AS_rep_1,GCA_040766305.1,JAXGQS010000017.1,hydA,43,5.645e-8,0.392
FW_TWAS_AS_rep_1,GCA_040766305.1,JAXGQS010000021.1,endopeptidase,300,3.889e-86,0.46
FW_TWAS_AS_rep_1,GCA_040766305.1,JAXGQS010000029.1,mcrB,577,1.095e-186,0.672
FW_TWAS_AS_rep_1,GCA_040766305.1,JAXGQS010000021.1,frhB,170,2.513e-46,0.336
FW_TWAS_AS_rep_1,GCA_040766305.1,JAXGQS010000021.1,cazy_GH13,113,1.441e-27,0.322
FW_TWAS_AS_rep_1,GCA_040766305.1,JAXGQS010000022.1,tdcB,60,1.356e-11,0.287
FW_TWAS_AS_rep_1,GCA_040766305.1,JAXGQS010000015.1,oppA,152,2.96e-40,0.293
FW_TWAS_AS_rep_1,GCA_040766305.1,JAXGQS010000016.1,pfor,47,8.969e-8,0.326
FW_TWAS_AS_rep_1,GCA_040766305.1,JAXGQS010000025.1,frhG,53,2.718e-10,0.44
FW_TWAS_AS_rep_1,GCA_040766305.1,JAXGQS010000025.1,hydA,46,7.659e-8,0.344
FW_TWAS_AS_rep_1,GCA_040766305.1,JAXGQS010000015.1,adhE,86,1.684e-19,0.254
FW_TWAS_AS_rep_1,GCA_040766305.1,JAXGQS010000014.1,hydA,103,3.87e-24,0.286
FW_TWAS_AS_rep_1,GCA_040766305.1,JAXGQS010000016.1,frhG,50,1.255e-8,0.342
FW_TWAS_AS_rep_1,GCA_040766305.1,JAXGQS010000016.1,cdhC,55,1.423e-11,0.467
FW_TWAS_AS_rep_1,GCA_040766305.1,JAXGQS010000023.1,frhB,44,2.165e-7,0.344
FW_TWAS_AS_rep_1,GCA_040766305.1,JAXGQS010000015.1,fwdA,47,1.149e-7,0.313
FW_TWAS_AS_rep_1,GCA_040766305.1,JAXGQS010000015.1,dppA,145,3.262e-38,0.282
FW_TWAS_AS_rep_1,GCA_040766305.1,JAXGQS010000014.1,cdhC,46,7.238e-8,0.396
FW_TWAS_AS_rep_1,GCA_040766305.1,JAXGQS010000020.1,gdh,477,9.9e-153,0.576
FW_TWAS_AS_rep_1,GCA_040766305.1,JAXGQS010000016.1,fumB,72,8.031e-17,0.358
FW_TWAS_AS_rep_1,GCA_040766305.1,JAXGQS010000020.1,frhG,42,5.179e-8,0.434
FW_TWAS_AS_rep_1,GCA_040766305.1,JAXGQS010000021.1,agl,70,1.655e-14,0.419
FW_TWAS_AS_rep_1,GCA_040766305.1,JAXGQS010000016.1,rnfB,56,1.045e-11,0.315
FW_TWAS_AS_rep_1,GCA_040766305.1,JAXGQS010000014.1,fwdA,516,1.503e-162,0.46
FW_TWAS_AS_rep_1,GCA_040766305.1,JAXGQS010000020.1,fdhA,705,2.022e-222,0.451
FW_TWAS_AS_rep_1,GCA_040766305.1,JAXGQS010000017.1,pepQ,77,5.54e-17,0.265
FW_TWAS_AS_rep_1,GCA_040766305.1,JAXGQS010000018.1,pepT,79,2.376e-17,0.233
FW_TWAS_AS_rep_1,GCA_040766305.1,JAXGQS010000018.1,hydA,42,4.951e-7,0.348
FW_TWAS_AS_rep_1,GCA_040766305.1,JAXGQS010000021.1,hydA,93,8.646e-22,0.302
FW_TWAS_AS_rep_1,GCA_040766305.1,JAXGQS010000021.1,frhG,42,5.321e-6,0.301
FW_TWAS_AS_rep_1,GCA_040766305.1,JAXGQS010000014.1,frhG,44,5.351e-7,0.388
FW_TWAS_AS_rep_1,GCA_040766305.1,JAXGQS010000029.1,frhB,43,1.45e-6,0.29
FW_TWAS_AS_rep_1,GCA_963736865.1,CAVTQQ010000004.1,dppC,113,1.959e-27,0.33
FW_TWAS_AS_rep_1,GCA_963736865.1,CAVTQQ010000004.1,acs,521,1.04e-167,0.609
FW_TWAS_AS_rep_1,GCA_963736865.1,CAVTQQ010000001.1,mmcF,125,1.337e-35,0.504
FW_TWAS_AS_rep_1,GCA_963736865.1,CAVTQQ010000010.1,pgi,571,1.421e-182,0.554
FW_TWAS_AS_rep_1,GCA_963736865.1,CAVTQQ010000004.1,hydA,41,8.516e-7,0.349
FW_TWAS_AS_rep_1,GCA_963736865.1,CAVTQQ010000009.1,oppA,57,9.984e-11,0.315
FW_TWAS_AS_rep_1,GCA_963736865.1,CAVTQQ010000004.1,fadD,235,4.041e-66,0.35
FW_TWAS_AS_rep_1,GCA_963736865.1,CAVTQQ010000001.1,crt,144,2.718e-40,0.383
FW_TWAS_AS_rep_1,GCA_963736865.1,CAVTQQ010000005.1,acs,66,8.146e-14,0.265
FW_TWAS_AS_rep_1,GCA_963736865.1,CAVTQQ010000009.1,adh,74,2.728e-16,0.312
FW_TWAS_AS_rep_1,GCA_963736865.1,CAVTQQ010000001.1,phospholipase,267,2.208e-79,0.509
FW_TWAS_AS_rep_1,GCA_963736865.1,CAVTQQ010000004.1,frhG,40,5.724e-6,0.416
FW_TWAS_AS_rep_1,GCA_963736865.1,CAVTQQ010000008.1,etfA,154,1.844e-46,0.693
FW_TWAS_AS_rep_1,GCA_963736865.1,CAVTQQ010000010.1,adhE,113,1.193e-28,0.35
FW_TWAS_AS_rep_1,GCA_963736865.1,CAVTQQ010000010.1,frhG,42,4.768e-7,0.274
FW_TWAS_AS_rep_1,GCA_963736865.1,CAVTQQ010000007.1,fadA,254,1.444e-69,0.42
FW_TWAS_AS_rep_1,GCA_963736865.1,CAVTQQ010000002.1,pepD,449,2.066e-141,0.492
FW_TWAS_AS_rep_1,GCA_963736865.1,CAVTQQ010000002.1,lipase,44,8.473e-7,0.358
FW_TWAS_AS_rep_1,GCA_963736865.1,CAVTQQ010000010.1,endopeptidase,237,6.946e-67,0.326
FW_TWAS_AS_rep_1,GCA_963736865.1,CAVTQQ010000002.1,frhB,43,4.077e-7,0.403
FW_TWAS_AS_rep_1,GCA_963736865.1,CAVTQQ010000010.1,fadD,68,6.256e-14,0.248
FW_TWAS_AS_rep_1,GCA_963736865.1,CAVTQQ010000005.1,mvhG,58,1.281e-10,0.286
FW_TWAS_AS_rep_1,GCA_963736865.1,CAVTQQ010000005.1,fadD,153,4.749e-41,0.342
FW_TWAS_AS_rep_1,GCA_963736865.1,CAVTQQ010000002.1,etfA,124,1.051e-33,0.366
FW_TWAS_AS_rep_1,GCA_963736865.1,CAVTQQ010000004.1,endopeptidase,121,6.052e-33,0.454
FW_TWAS_AS_rep_1,GCA_963736865.1,CAVTQQ010000001.1,bcd,378,4.891e-118,0.521
FW_TWAS_AS_rep_1,GCA_963736865.1,CAVTQQ010000007.1,rnfB,46,5.357e-9,0.361
FW_TWAS_AS_rep_1,GCA_963736865.1,CAVTQQ010000010.1,hydA,94,1.23e-21,0.296
FW_TWAS_AS_rep_1,GCA_963736865.1,CAVTQQ010000007.1,thl,228,3.648e-66,0.468
FW_TWAS_AS_rep_1,GCA_963736865.1,CAVTQQ010000007.1,acs,132,2.507e-33,0.248
FW_TWAS_AS_rep_1,GCA_963736865.1,CAVTQQ010000001.1,lctB,64,9.001e-13,0.259
FW_TWAS_AS_rep_1,GCA_963736865.1,CAVTQQ010000007.1,hbd,199,5.957e-53,0.401
FW_TWAS_AS_rep_1,GCA_963736865.1,CAVTQQ010000004.1,frhB,46,7.366e-8,0.388
FW_TWAS_AS_rep_1,GCA_963736865.1,CAVTQQ010000004.1,cat,111,4.232e-27,0.331
FW_TWAS_AS_rep_1,GCA_963736865.1,CAVTQQ010000005.1,extracellular_protease,57,2.772e-10,0.368
FW_TWAS_AS_rep_1,GCA_963736865.1,CAVTQQ010000001.1,fdhA,260,4.035e-75,0.381
FW_TWAS_AS_rep_1,GCA_963736865.1,CAVTQQ010000001.1,edd,78,2.961e-17,0.322
FW_TWAS_AS_rep_1,GCA_963736865.1,CAVTQQ010000003.1,bcd,116,6.569e-29,0.311
FW_TWAS_AS_rep_1,GCA_963736865.1,CAVTQQ010000002.1,gdh,48,1.459e-8,0.428
FW_TWAS_AS_rep_1,GCA_963736865.1,CAVTQQ010000004.1,rnfB,130,5.578e-36,0.429
FW_TWAS_AS_rep_1,GCA_963736865.1,CAVTQQ010000010.1,pfor,158,2.282e-43,0.311
FW_TWAS_AS_rep_1,GCA_963736865.1,CAVTQQ010000007.1,mvhG,124,1.021e-33,0.398
FW_TWAS_AS_rep_1,GCA_963736865.1,CAVTQQ010000002.1,fadB,116,6.895e-31,0.378
FW_TWAS_AS_rep_1,GCA_963736865.1,CAVTQQ010000002.1,pepQ,42,1.635e-6,0.275
FW_TWAS_AS_rep_1,GCA_963736865.1,CAVTQQ010000005.1,frhG,47,1.461e-7,0.272
FW_TWAS_AS_rep_1,GCA_963736865.1,CAVTQQ010000010.1,acs,343,2.315e-105,0.419
FW_TWAS_AS_rep_1,GCA_963736865.1,CAVTQQ010000007.1,fadE,89,8.226e-20,0.268
FW_TWAS_AS_rep_1,GCA_963736865.1,CAVTQQ010000005.1,pta,41,4.51e-6,0.25
FW_TWAS_AS_rep_1,GCA_963736865.1,CAVTQQ010000009.1,fadE,88,1.014e-19,0.325
FW_TWAS_AS_rep_1,GCA_963736865.1,CAVTQQ010000003.1,crt,51,1.69e-8,0.347
FW_TWAS_AS_rep_1,GCA_963736865.1,CAVTQQ010000007.1,hydA,84,1.307e-18,0.276
FW_TWAS_AS_rep_1,GCA_963736865.1,CAVTQQ010000007.1,ackA,351,5.27e-106,0.528
FW_TWAS_AS_rep_1,GCA_963736865.1,CAVTQQ010000003.1,fadD,83,1.297e-18,0.398
FW_TWAS_AS_rep_1,GCA_963736865.1,CAVTQQ010000005.1,lctB,227,2.299e-67,0.529
FW_TWAS_AS_rep_1,GCA_963736865.1,CAVTQQ010000004.1,dppB,135,1.528e-36,0.314
FW_TWAS_AS_rep_1,GCA_963736865.1,CAVTQQ010000007.1,pta,226,5.448e-65,0.515
FW_TWAS_AS_rep_1,GCA_963736865.1,CAVTQQ010000009.1,etfB,193,5.573e-57,0.724
FW_TWAS_AS_rep_1,GCA_963736865.1,CAVTQQ010000002.1,crt,278,1.046e-86,0.623
FW_TWAS_AS_rep_1,GCA_963736865.1,CAVTQQ010000009.1,fadB,92,8.021e-22,0.351
FW_TWAS_AS_rep_1,GCA_963736865.1,CAVTQQ010000007.1,frhA,151,4.776e-40,0.278
FW_TWAS_AS_rep_1,GCA_963736865.1,CAVTQQ010000007.1,crt,107,5.113e-25,0.355
FW_TWAS_AS_rep_1,GCA_963736865.1,CAVTQQ010000001.1,mmcG,45,6.298e-8,0.241
FW_TWAS_AS_rep_1,GCA_963736865.1,CAVTQQ010000005.1,rnfB,82,5.021e-19,0.29
FW_TWAS_AS_rep_1,GCA_963736865.1,CAVTQQ010000010.1,crt,138,1.523e-37,0.358
FW_TWAS_AS_rep_1,GCA_963736865.1,CAVTQQ010000009.1,crt,162,3.86e-46,0.382
FW_TWAS_AS_rep_1,GCA_963736865.1,CAVTQQ010000001.1,fadA,253,1.395e-75,0.43
FW_TWAS_AS_rep_1,GCA_963736865.1,CAVTQQ010000003.1,acs,141,6.398e-38,0.33
FW_TWAS_AS_rep_1,GCA_963736865.1,CAVTQQ010000001.1,ilvE,57,5.71e-11,0.297
FW_TWAS_AS_rep_1,GCA_963736865.1,CAVTQQ010000007.1,fadD,226,2.965e-63,0.336
FW_TWAS_AS_rep_1,GCA_963736865.1,CAVTQQ010000005.1,fdhA,272,6.951e-79,0.337
FW_TWAS_AS_rep_1,GCA_963736865.1,CAVTQQ010000007.1,mvhA,434,1.15e-135,0.456
FW_TWAS_AS_rep_1,GCA_963736865.1,CAVTQQ010000001.1,lysophospholipase,45,2.327e-7,0.28
FW_TWAS_AS_rep_1,GCA_963736865.1,CAVTQQ010000010.1,gapA,158,2.064e-42,0.542
FW_TWAS_AS_rep_1,GCA_963736865.1,CAVTQQ010000005.1,cdhC,40,7.552e-6,0.341
FW_TWAS_AS_rep_1,GCA_963736865.1,CAVTQQ010000010.1,pepN,394,3.302e-117,0.398
FW_TWAS_AS_rep_1,GCA_963736865.1,CAVTQQ010000009.1,bcd,48,2.748e-8,0.433
FW_TWAS_AS_rep_1,GCA_963736865.1,CAVTQQ010000004.1,mdh,185,7.506e-53,0.425
FW_TWAS_AS_rep_1,GCA_963736865.1,CAVTQQ010000003.1,fadA,361,1.456e-112,0.526
FW_TWAS_AS_rep_1,GCA_963736865.1,CAVTQQ010000001.1,tdcB,309,1.613e-92,0.501
FW_TWAS_AS_rep_1,GCA_963736865.1,CAVTQQ010000003.1,fadB,119,4.697e-29,0.341
FW_TWAS_AS_rep_1,GCA_963736865.1,CAVTQQ010000009.1,cazy_GH13,79,2.227e-17,0.268
FW_TWAS_AS_rep_1,GCA_963736865.1,CAVTQQ010000005.1,sucC,385,3.275e-121,0.525
FW_TWAS_AS_rep_1,GCA_963736865.1,CAVTQQ010000009.1,fadA,185,6.442e-55,0.611
FW_TWAS_AS_rep_1,GCA_963736865.1,CAVTQQ010000001.1,thl,404,1.765e-127,0.581
FW_TWAS_AS_rep_1,GCA_963736865.1,CAVTQQ010000005.1,mmcF,75,1.231e-15,0.345
FW_TWAS_AS_rep_1,GCA_963736865.1,CAVTQQ010000004.1,oppB,146,2.823e-40,0.348
FW_TWAS_AS_rep_1,GCA_963736865.1,CAVTQQ010000007.1,frhG,82,1.904e-19,0.313
FW_TWAS_AS_rep_1,GCA_963736865.1,CAVTQQ010000005.1,pepA,383,2.286e-118,0.487
FW_TWAS_AS_rep_1,GCA_963736865.1,CAVTQQ010000005.1,lctD,113,1.803e-29,0.4
FW_TWAS_AS_rep_1,GCA_963736865.1,CAVTQQ010000001.1,pepN,61,3.276e-12,0.42
FW_TWAS_AS_rep_1,GCA_963736865.1,CAVTQQ010000003.1,thl,297,8.042e-91,0.437
FW_TWAS_AS_rep_1,GCA_963736865.1,CAVTQQ010000010.1,fadE,162,1.544e-44,0.34
FW_TWAS_AS_rep_1,GCA_963736865.1,CAVTQQ010000007.1,tdcB,80,4.545e-18,0.287
FW_TWAS_AS_rep_1,GCA_963736865.1,CAVTQQ010000002.1,fadD,216,2.652e-61,0.323
FW_TWAS_AS_rep_1,GCA_963736865.1,CAVTQQ010000009.1,thl,166,2.219e-48,0.555
FW_TWAS_AS_rep_1,GCA_963736865.1,CAVTQQ010000002.1,rnfB,102,6.714e-27,0.633
FW_TWAS_AS_rep_1,GCA_963736865.1,CAVTQQ010000001.1,endopeptidase,41,2.56e-6,0.566
FW_TWAS_AS_rep_1,GCA_963736865.1,CAVTQQ010000010.1,pyk,64,4.802e-14,0.458
FW_TWAS_AS_rep_1,GCA_963736865.1,CAVTQQ010000005.1,sucD,315,6.266e-98,0.535
FW_TWAS_AS_rep_1,GCA_963736865.1,CAVTQQ010000007.1,etfA,77,7.827e-16,0.28
FW_TWAS_AS_rep_1,GCA_963736865.1,CAVTQQ010000009.1,hbd,105,3.564e-26,0.368
FW_TWAS_AS_rep_1,GCA_963736865.1,CAVTQQ010000007.1,fdhA,146,1.391e-37,0.242
FW_TWAS_AS_rep_1,GCA_963736865.1,CAVTQQ010000005.1,lctC,376,1.839e-118,0.548
FW_TWAS_AS_rep_1,GCA_963736865.1,CAVTQQ010000010.1,folD,342,1.09e-104,0.622
FW_TWAS_AS_rep_1,GCA_963736865.1,CAVTQQ010000007.1,pfkA,69,1.656e-14,0.261
FW_TWAS_AS_rep_1,GCA_963736865.1,CAVTQQ010000004.1,sucD,53,6.54e-9,0.28
FW_TWAS_AS_rep_1,GCA_963736865.1,CAVTQQ010000003.1,hbd,124,9.59e-31,0.318
FW_TWAS_AS_rep_1,GCA_963736865.1,CAVTQQ010000010.1,pepQ,96,2.332e-24,0.425
FW_TWAS_AS_rep_1,GCA_963736865.1,CAVTQQ010000004.1,fumB,256,4.881e-75,0.363
FW_TWAS_AS_rep_1,GCA_963736865.1,CAVTQQ010000010.1,etfA,90,1.421e-21,0.331
FW_TWAS_AS_rep_1,GCA_963736865.1,CAVTQQ010000003.1,fadE,124,1.566e-31,0.324
FW_TWAS_AS_rep_1,GCA_963736865.1,CAVTQQ010000005.1,mvhD,101,1.401e-23,0.357
FW_TWAS_AS_rep_1,GCA_963736865.1,CAVTQQ010000005.1,hydA,43,6.009e-7,0.302
FW_TWAS_AS_rep_1,GCA_963736865.1,CAVTQQ010000001.1,mmcE,215,6.771e-65,0.497
FW_TWAS_AS_rep_1,GCA_963736865.1,CAVTQQ010000010.1,ilvE,111,1.342e-28,0.368
FW_TWAS_AS_rep_1,GCA_963736865.1,CAVTQQ010000010.1,rnfB,135,9.659e-38,0.472
FW_TWAS_AS_rep_1,GCA_963736865.1,CAVTQQ010000005.1,mmcE,327,1.685e-93,0.398
FW_TWAS_AS_rep_1,GCA_963736865.1,CAVTQQ010000007.1,fadB,315,5.216e-88,0.346
FW_TWAS_AS_rep_1,GCA_963736865.1,CAVTQQ010000009.1,etfA,124,3.637e-32,0.802
FW_TWAS_AS_rep_1,GCA_963736865.1,CAVTQQ010000010.1,bcd,203,1.174e-58,0.345
FW_TWAS_AS_rep_1,GCA_963736865.1,CAVTQQ010000010.1,pta,49,2.181e-10,0.436
FW_TWAS_AS_rep_1,GCA_963736865.1,CAVTQQ010000005.1,ackA,325,6.09e-98,0.51
FW_TWAS_AS_rep_1,GCA_963736865.1,CAVTQQ010000002.1,fdhA,81,6.987e-18,0.285
FW_TWAS_AS_rep_1,GCA_963736865.1,CAVTQQ010000010.1,fdhA,277,1.51e-78,0.314
FW_TWAS_AS_rep_1,GCA_963736865.1,CAVTQQ010000005.1,pfor,227,4.258e-63,0.315
FW_TWAS_AS_rep_1,GCA_963736865.1,CAVTQQ010000002.1,acs,246,2.244e-70,0.303
FW_TWAS_AS_rep_1,GCA_963736865.1,CAVTQQ010000001.1,fadE,286,2.729e-86,0.459
FW_TWAS_AS_rep_1,GCA_943370345.1,CALRQQ020000002.1,susD,114,2.361e-28,0.283
FW_TWAS_AS_rep_1,GCA_943370345.1,CALRQQ020000155.1,susC,55,1.07e-9,0.289
FW_TWAS_AS_rep_1,GCA_943370345.1,CALRQQ020000141.1,pepQ,56,7.994e-11,0.252
FW_TWAS_AS_rep_1,GCA_943370345.1,CALRQQ020000173.1,pfor,1446,0.0,0.627
FW_TWAS_AS_rep_1,GCA_943370345.1,CALRQQ020000013.1,susD,115,1.994e-28,0.279
FW_TWAS_AS_rep_1,GCA_943370345.1,CALRQQ020000411.1,fadE,207,2.071e-59,0.37
FW_TWAS_AS_rep_1,GCA_943370345.1,CALRQQ020000014.1,hbd,88,7.889e-22,0.429
FW_TWAS_AS_rep_1,GCA_943370345.1,CALRQQ020000129.1,susC,437,6.607e-135,0.422
FW_TWAS_AS_rep_1,GCA_943370345.1,CALRQQ020000306.1,ilvE,247,3.053e-74,0.397
FW_TWAS_AS_rep_1,GCA_943370345.1,CALRQQ020000281.1,pepN,59,6.327e-11,0.282
FW_TWAS_AS_rep_1,GCA_943370345.1,CALRQQ020000218.1,gdh,136,2.011e-40,0.642
FW_TWAS_AS_rep_1,GCA_943370345.1,CALRQQ020000259.1,gapA,222,2.188e-67,0.505
FW_TWAS_AS_rep_1,GCA_943370345.1,CALRQQ020000169.1,susC,310,4.726e-91,0.322
FW_TWAS_AS_rep_1,GCA_943370345.1,CALRQQ020000034.1,fadA,344,2.048e-106,0.5
FW_TWAS_AS_rep_1,GCA_943370345.1,CALRQQ020000027.1,agl,45,1.724e-6,0.3
FW_TWAS_AS_rep_1,GCA_943370345.1,CALRQQ020000327.1,etfA,198,5.669e-58,0.397
FW_TWAS_AS_rep_1,GCA_943370345.1,CALRQQ020000118.1,oppB,196,1.151e-56,0.365
FW_TWAS_AS_rep_1,GCA_943370345.1,CALRQQ020000450.1,cazy_GH43,98,1.47e-23,0.317
FW_TWAS_AS_rep_1,GCA_943370345.1,CALRQQ020000115.1,susD,142,2.937e-37,0.287
FW_TWAS_AS_rep_1,GCA_943370345.1,CALRQQ020000212.1,susC,545,7.833e-170,0.437
FW_TWAS_AS_rep_1,GCA_943370345.1,CALRQQ020000118.1,dppB,44,8.104e-7,0.317
FW_TWAS_AS_rep_1,GCA_943370345.1,CALRQQ020000301.1,fadD,159,1.28e-42,0.305
FW_TWAS_AS_rep_1,GCA_943370345.1,CALRQQ020000002.1,cazy_CE8,251,4.036e-76,0.44
FW_TWAS_AS_rep_1,GCA_943370345.1,CALRQQ020000119.1,susC,231,5.388e-66,0.309
FW_TWAS_AS_rep_1,GCA_943370345.1,CALRQQ020000067.1,mmcG,98,1.465e-26,0.404
FW_TWAS_AS_rep_1,GCA_943370345.1,CALRQQ020000301.1,acs,147,1.21e-38,0.272
FW_TWAS_AS_rep_1,GCA_943370345.1,CALRQQ020000265.1,pepN,70,7.904e-15,0.237
FW_TWAS_AS_rep_1,GCA_943370345.1,CALRQQ020000109.1,cazy_GH43,137,1.475e-35,0.345
FW_TWAS_AS_rep_1,GCA_943370345.1,CALRQQ020000035.1,susD,119,2.057e-29,0.281
FW_TWAS_AS_rep_1,GCA_943370345.1,CALRQQ020000235.1,extracellular_protease,130,1.373e-35,0.409
FW_TWAS_AS_rep_1,GCA_943370345.1,CALRQQ020000241.1,lctD,85,6.324e-21,0.32
FW_TWAS_AS_rep_1,GCA_943370345.1,CALRQQ020000005.1,pepT,49,1.577e-8,0.238
FW_TWAS_AS_rep_1,GCA_943370345.1,CALRQQ020000039.1,fwdA,45,1.452e-6,0.414
FW_TWAS_AS_rep_1,GCA_943370345.1,CALRQQ020000034.1,thl,282,3.912e-85,0.453
FW_TWAS_AS_rep_1,GCA_943370345.1,CALRQQ020000411.1,bcd,158,3.132e-43,0.312
FW_TWAS_AS_rep_1,GCA_943370345.1,CALRQQ020000320.1,susC,216,1.706e-64,0.408
FW_TWAS_AS_rep_1,GCA_943370345.1,CALRQQ020000120.1,oppB,179,4.905e-51,0.363
FW_TWAS_AS_rep_1,GCA_943370345.1,CALRQQ020000420.1,susC,118,7.524e-32,0.357
FW_TWAS_AS_rep_1,GCA_943370345.1,CALRQQ020000415.1,susC,252,1.43e-71,0.285
FW_TWAS_AS_rep_1,GCA_943370345.1,CALRQQ020000248.1,cazy_GH43,63,7.042e-13,0.285
FW_TWAS_AS_rep_1,GCA_943370345.1,CALRQQ020000151.1,xylA,500,6.948e-160,0.555
FW_TWAS_AS_rep_1,GCA_943370345.1,CALRQQ020000460.1,cat,259,6.533e-81,0.598
FW_TWAS_AS_rep_1,GCA_943370345.1,CALRQQ020000016.1,mmcF,73,6.701e-15,0.279
FW_TWAS_AS_rep_1,GCA_943370345.1,CALRQQ020000365.1,mvhA,469,6.9e-149,0.487
FW_TWAS_AS_rep_1,GCA_943370345.1,CALRQQ020000044.1,cazy_GH9,164,6.132e-43,0.281
FW_TWAS_AS_rep_1,GCA_943370345.1,CALRQQ020000215.1,lctC,400,1.001e-125,0.485
FW_TWAS_AS_rep_1,GCA_943370345.1,CALRQQ020000215.1,lctD,54,1.292e-10,0.314
FW_TWAS_AS_rep_1,GCA_943370345.1,CALRQQ020000082.1,dtpT,324,1.477e-100,0.489
FW_TWAS_AS_rep_1,GCA_943370345.1,CALRQQ020000400.1,susC,91,1.885e-21,0.354
FW_TWAS_AS_rep_1,GCA_943370345.1,CALRQQ020000054.1,adh,48,2.346e-8,0.226
FW_TWAS_AS_rep_1,GCA_943370345.1,CALRQQ020000130.1,hbd,282,3.523e-87,0.523
FW_TWAS_AS_rep_1,GCA_943370345.1,CALRQQ020000509.1,susC,177,2.927e-52,0.424
FW_TWAS_AS_rep_1,GCA_943370345.1,CALRQQ020000454.1,mmcF,99,1.094e-27,0.505
FW_TWAS_AS_rep_1,GCA_943370345.1,CALRQQ020000466.1,mvhA,115,2.875e-28,0.244
FW_TWAS_AS_rep_1,GCA_943370345.1,CALRQQ020000132.1,gdh,65,3.621e-13,0.507
FW_TWAS_AS_rep_1,GCA_943370345.1,CALRQQ020000105.1,fadE,196,2.248e-56,0.353
FW_TWAS_AS_rep_1,GCA_943370345.1,CALRQQ020000169.1,susD,139,1.714e-36,0.303
FW_TWAS_AS_rep_1,GCA_943370345.1,CALRQQ020000229.1,mmcE,299,3.554e-84,0.364
FW_TWAS_AS_rep_1,GCA_943370345.1,CALRQQ020000142.1,fadE,212,4.497e-63,0.431
FW_TWAS_AS_rep_1,GCA_943370345.1,CALRQQ020000298.1,frhB,41,1.441e-6,0.306
FW_TWAS_AS_rep_1,GCA_943370345.1,CALRQQ020000010.1,folD,303,2.783e-94,0.543
FW_TWAS_AS_rep_1,GCA_943370345.1,CALRQQ020000494.1,lysophospholipase,51,9.683e-9,0.277
FW_TWAS_AS_rep_1,GCA_943370345.1,CALRQQ020000243.1,acylglycerol_lipase,48,2.016e-8,0.237
FW_TWAS_AS_rep_1,GCA_943370345.1,CALRQQ020000242.1,susD,131,2.232e-33,0.288
FW_TWAS_AS_rep_1,GCA_943370345.1,CALRQQ020000002.1,esterase,46,2.253e-7,0.25
FW_TWAS_AS_rep_1,GCA_943370345.1,CALRQQ020000142.1,bcd,292,7.534e-91,0.496
FW_TWAS_AS_rep_1,GCA_943370345.1,CALRQQ020000118.1,dppC,192,1.867e-55,0.364
FW_TWAS_AS_rep_1,GCA_943370345.1,CALRQQ020000131.1,gdh,290,1.02e-91,0.683
FW_TWAS_AS_rep_1,GCA_943370345.1,CALRQQ020000265.1,dppA,177,2.774e-48,0.264
FW_TWAS_AS_rep_1,GCA_943370345.1,CALRQQ020000074.1,pepN,64,1.755e-12,0.234
FW_TWAS_AS_rep_1,GCA_943370345.1,CALRQQ020000027.1,susC,150,1.175e-43,0.489
FW_TWAS_AS_rep_1,GCA_943370345.1,CALRQQ020000001.1,susC,300,8.176e-85,0.277
FW_TWAS_AS_rep_1,GCA_943370345.1,CALRQQ020000483.1,frhG,46,3.049e-8,0.258
FW_TWAS_AS_rep_1,GCA_943370345.1,CALRQQ020000509.1,susD,199,7.177e-56,0.308
FW_TWAS_AS_rep_1,GCA_943370345.1,CALRQQ020000045.1,adhE,99,3.981e-24,0.268
FW_TWAS_AS_rep_1,GCA_943370345.1,CALRQQ020000229.1,mmcF,69,7.92e-14,0.271
FW_TWAS_AS_rep_1,GCA_943370345.1,CALRQQ020000168.1,gdh,41,9.269e-6,0.246
FW_TWAS_AS_rep_1,GCA_943370345.1,CALRQQ020000130.1,fadB,171,3.739e-49,0.38
FW_TWAS_AS_rep_1,GCA_943370345.1,CALRQQ020000360.1,pepN,64,2.51e-13,0.242
FW_TWAS_AS_rep_1,GCA_943370345.1,CALRQQ020000089.1,susC,62,5.136e-12,0.423
FW_TWAS_AS_rep_1,GCA_943370345.1,CALRQQ020000125.1,fadD,223,5.93e-66,0.405
FW_TWAS_AS_rep_1,GCA_943370345.1,CALRQQ020000348.1,susC,57,2.685e-10,0.266
FW_TWAS_AS_rep_1,GCA_943370345.1,CALRQQ020000277.1,cazy_GH13,107,3.043e-26,0.312
FW_TWAS_AS_rep_1,GCA_943370345.1,CALRQQ020000248.1,cazy_GH10,234,3.292e-69,0.383
FW_TWAS_AS_rep_1,GCA_943370345.1,CALRQQ020000298.1,frhG,47,2.221e-8,0.328
FW_TWAS_AS_rep_1,GCA_943370345.1,CALRQQ020000349.1,frhA,103,1.981e-25,0.272
FW_TWAS_AS_rep_1,GCA_943370345.1,CALRQQ020000365.1,frhA,161,1.285e-43,0.307
FW_TWAS_AS_rep_1,GCA_943370345.1,CALRQQ020000008.1,cazy_GH43,65,6.032e-13,0.302
FW_TWAS_AS_rep_1,GCA_943370345.1,CALRQQ020000321.1,susD,117,3.25e-30,0.303
FW_TWAS_AS_rep_1,GCA_943370345.1,CALRQQ020000241.1,lctC,48,1.072e-8,0.567
FW_TWAS_AS_rep_1,GCA_943370345.1,CALRQQ020000105.1,bcd,268,9.099e-81,0.385
FW_TWAS_AS_rep_1,GCA_943370345.1,CALRQQ020000456.1,susC,250,4.513e-73,0.363
FW_TWAS_AS_rep_1,GCA_943370345.1,CALRQQ020000002.1,pfkA,52,1.762e-9,0.238
FW_TWAS_AS_rep_1,GCA_943370345.1,CALRQQ020000521.1,fadB,138,3.675e-38,0.418
FW_TWAS_AS_rep_1,GCA_943370345.1,CALRQQ020000411.1,adh,58,1.751e-11,0.271
FW_TWAS_AS_rep_1,GCA_943370345.1,CALRQQ020000239.1,cazy_GH13,135,7.092e-35,0.337
FW_TWAS_AS_rep_1,GCA_943370345.1,CALRQQ020000365.1,mvhG,126,2.988e-35,0.39
FW_TWAS_AS_rep_1,GCA_943370345.1,CALRQQ020000016.1,mmcE,294,1.198e-82,0.358
FW_TWAS_AS_rep_1,GCA_943370345.1,CALRQQ020000054.1,cazy_CE8,83,5.134e-19,0.3
FW_TWAS_AS_rep_1,GCA_943370345.1,CALRQQ020000311.1,susC,246,1.342e-74,0.494
FW_TWAS_AS_rep_1,GCA_943370345.1,CALRQQ020000017.1,susC,602,3.723e-184,0.374
FW_TWAS_AS_rep_1,GCA_943370345.1,CALRQQ020000158.1,susC,603,9.539e-186,0.375
FW_TWAS_AS_rep_1,GCA_943370345.1,CALRQQ020000013.1,susC,436,3.293e-129,0.317
FW_TWAS_AS_rep_1,GCA_943370345.1,CALRQQ020000001.1,hbd,244,5.646e-74,0.489
FW_TWAS_AS_rep_1,GCA_943370345.1,CALRQQ020000109.1,cazy_PL1,53,1.556e-9,0.277
FW_TWAS_AS_rep_1,GCA_943370345.1,CALRQQ020000089.1,sucD,107,2.018e-26,0.475
FW_TWAS_AS_rep_1,GCA_943370345.1,CALRQQ020000213.1,susD,168,7.147e-46,0.323
FW_TWAS_AS_rep_1,GCA_943370345.1,CALRQQ020000017.1,susD,161,2.902e-43,0.318
FW_TWAS_AS_rep_1,GCA_943370345.1,CALRQQ020000001.1,fadB,180,9.296e-52,0.389
FW_TWAS_AS_rep_1,GCA_943370345.1,CALRQQ020000461.1,hydA,71,2.835e-15,0.269
FW_TWAS_AS_rep_1,GCA_943370345.1,CALRQQ020000116.1,rnfB,42,2.083e-6,0.355
FW_TWAS_AS_rep_1,GCA_943370345.1,CALRQQ020000483.1,mvhG,49,3.733e-9,0.295
FW_TWAS_AS_rep_1,GCA_943370345.1,CALRQQ020000006.1,adh,59,9.007e-12,0.32
FW_TWAS_AS_rep_1,GCA_943370345.1,CALRQQ020000119.1,susD,130,1.891e-33,0.284
FW_TWAS_AS_rep_1,GCA_943370345.1,CALRQQ020000022.1,fadE,224,2.098e-63,0.353
FW_TWAS_AS_rep_1,GCA_943370345.1,CALRQQ020000111.1,susC,617,1.822e-192,0.431
FW_TWAS_AS_rep_1,GCA_943370345.1,CALRQQ020000298.1,hydA,78,2.781e-17,0.264
FW_TWAS_AS_rep_1,GCA_943370345.1,CALRQQ020000199.1,fwdA,45,4.404e-7,0.338
FW_TWAS_AS_rep_1,GCA_943370345.1,CALRQQ020000118.1,acylglycerol_lipase,49,7.306e-9,0.224
FW_TWAS_AS_rep_1,GCA_943370345.1,CALRQQ020000230.1,susC,470,3.597e-145,0.406
FW_TWAS_AS_rep_1,GCA_943370345.1,CALRQQ020000351.1,lctB,62,6.653e-13,0.25
FW_TWAS_AS_rep_1,GCA_943370345.1,CALRQQ020000380.1,frhG,45,9.579e-8,0.241
FW_TWAS_AS_rep_1,GCA_943370345.1,CALRQQ020000388.1,pepQ,144,1.305e-38,0.303
FW_TWAS_AS_rep_1,GCA_943370345.1,CALRQQ020000327.1,etfB,151,4.868e-43,0.408
FW_TWAS_AS_rep_1,GCA_943370345.1,CALRQQ020000511.1,edd,198,2.983e-55,0.338
FW_TWAS_AS_rep_1,GCA_943370345.1,CALRQQ020000295.1,susD,81,5.095e-21,0.449
FW_TWAS_AS_rep_1,GCA_943370345.1,CALRQQ020000099.1,agl,56,1.868e-10,0.304
FW_TWAS_AS_rep_1,GCA_943370345.1,CALRQQ020000050.1,susD,107,1.214e-25,0.286
FW_TWAS_AS_rep_1,GCA_943370345.1,CALRQQ020000521.1,etfA,158,2.515e-45,0.429
FW_TWAS_AS_rep_1,GCA_943370345.1,CALRQQ020000028.1,esterase,206,8.02e-60,0.377
FW_TWAS_AS_rep_1,GCA_943370345.1,CALRQQ020000010.1,susC,144,2.135e-38,0.292
FW_TWAS_AS_rep_1,GCA_943370345.1,CALRQQ020000399.1,lctB,227,3.088e-69,0.464
FW_TWAS_AS_rep_1,GCA_943370345.1,CALRQQ020000001.1,lctC,391,5.766e-122,0.474
FW_TWAS_AS_rep_1,GCA_943370345.1,CALRQQ020000349.1,rnfB,40,5.724e-6,0.343
FW_TWAS_AS_rep_1,GCA_943370345.1,CALRQQ020000354.1,lctB,216,2.528e-65,0.451
FW_TWAS_AS_rep_1,GCA_943370345.1,CALRQQ020000265.1,oppA,195,2.108e-54,0.295
FW_TWAS_AS_rep_1,GCA_943370345.1,CALRQQ020000381.1,mvhG,41,2.259e-6,0.535
FW_TWAS_AS_rep_1,GCA_943370345.1,CALRQQ020000154.1,tdcB,305,3.566e-93,0.427
FW_TWAS_AS_rep_1,GCA_943370345.1,CALRQQ020000058.1,crt,56,4.534e-10,0.252
FW_TWAS_AS_rep_1,GCA_943370345.1,CALRQQ020000173.1,frhB,46,3.966e-7,0.389
FW_TWAS_AS_rep_1,GCA_943370345.1,CALRQQ020000396.1,cazy_GH43,85,6.876e-20,0.303
FW_TWAS_AS_rep_1,GCA_943370345.1,CALRQQ020000290.1,gdh,147,2.523e-43,0.601
FW_TWAS_AS_rep_1,GCA_943370345.1,CALRQQ020000002.1,susC,709,6.094e-221,0.431
FW_TWAS_AS_rep_1,GCA_943370345.1,CALRQQ020000027.1,cazy_GH13,57,4.425e-10,0.285
FW_TWAS_AS_rep_1,GCA_943370345.1,CALRQQ020000018.1,extracellular_protease,70,6.168e-14,0.274
FW_TWAS_AS_rep_1,GCA_943370345.1,CALRQQ020000120.1,dppB,214,3.698e-63,0.409
FW_TWAS_AS_rep_1,GCA_943370345.1,CALRQQ020000089.1,sucC,367,3.139e-114,0.485
FW_TWAS_AS_rep_1,GCA_943370345.1,CALRQQ020000307.1,mdh,254,2.979e-77,0.46
FW_TWAS_AS_rep_1,GCA_943370345.1,CALRQQ020000165.1,gdh,252,1.684e-77,0.476
FW_TWAS_AS_rep_1,GCA_943370345.1,CALRQQ020000466.1,frhG,56,2.121e-10,0.301
FW_TWAS_AS_rep_1,GCA_943370345.1,CALRQQ020000514.1,susC,82,4.593e-18,0.24
FW_TWAS_AS_rep_1,GCA_943370345.1,CALRQQ020000181.1,acs,371,2.355e-115,0.437
FW_TWAS_AS_rep_1,GCA_943370345.1,CALRQQ020000511.1,ilvE,123,1.083e-32,0.347
FW_TWAS_AS_rep_1,GCA_943370345.1,CALRQQ020000365.1,fdhA,48,2.69e-8,0.354
FW_TWAS_AS_rep_1,GCA_943370345.1,CALRQQ020000220.1,pepQ,64,2.906e-13,0.274
FW_TWAS_AS_rep_1,GCA_943370345.1,CALRQQ020000040.1,agl,66,2.065e-13,0.255
FW_TWAS_AS_rep_1,GCA_943370345.1,CALRQQ020000121.1,mmcF,81,3.884e-22,0.812
FW_TWAS_AS_rep_1,GCA_943370345.1,CALRQQ020000023.1,pfkA,257,1.579e-78,0.439
FW_TWAS_AS_rep_1,GCA_943370345.1,CALRQQ020000365.1,frhG,99,3.845e-26,0.335
FW_TWAS_AS_rep_1,GCA_943370345.1,CALRQQ020000202.1,fhs,649,2.822e-209,0.578
FW_TWAS_AS_rep_1,GCA_943370345.1,CALRQQ020000112.1,susC,364,1.701e-109,0.346
FW_TWAS_AS_rep_1,GCA_943370345.1,CALRQQ020000366.1,eda,110,1.395e-29,0.326
FW_TWAS_AS_rep_1,GCA_943370345.1,CALRQQ020000213.1,susC,74,3.59e-19,0.454
FW_TWAS_AS_rep_1,GCA_943370345.1,CALRQQ020000109.1,cazy_CE8,259,7.182e-75,0.47
FW_TWAS_AS_rep_1,GCA_943370345.1,CALRQQ020000032.1,endopeptidase,221,1.994e-64,0.399
FW_TWAS_AS_rep_1,GCA_943370345.1,CALRQQ020000365.1,hydA,123,2.416e-33,0.336
FW_TWAS_AS_rep_1,GCA_943370345.1,CALRQQ020000134.1,dtpT,304,2.098e-90,0.363
FW_TWAS_AS_rep_1,GCA_943370345.1,CALRQQ020000132.1,acs,63,1.908e-13,0.287
FW_TWAS_AS_rep_1,GCA_943370345.1,CALRQQ020000462.1,bgl,311,1.016e-94,0.387
FW_TWAS_AS_rep_1,GCA_943370345.1,CALRQQ020000381.1,frhG,43,3.855e-7,0.274
FW_TWAS_AS_rep_1,GCA_943370345.1,CALRQQ020000050.1,susC,532,6.215e-162,0.349
FW_TWAS_AS_rep_1,GCA_943370345.1,CALRQQ020000072.1,extracellular_protease,55,1.787e-9,0.344
FW_TWAS_AS_rep_1,GCA_943370345.1,CALRQQ020000349.1,frhG,55,4.351e-11,0.285
FW_TWAS_AS_rep_1,GCA_943370345.1,CALRQQ020000242.1,susC,221,4.907e-66,0.402
FW_TWAS_AS_rep_1,GCA_943370345.1,CALRQQ020000058.1,hbd,117,1.36e-28,0.273
FW_TWAS_AS_rep_1,GCA_943370345.1,CALRQQ020000041.1,susC,536,4.67e-163,0.379
FW_TWAS_AS_rep_1,GCA_943370345.1,CALRQQ020000181.1,fadD,86,1.283e-19,0.275
FW_TWAS_AS_rep_1,GCA_943370345.1,CALRQQ020000420.1,susD,82,3.769e-18,0.262
FW_TWAS_AS_rep_1,GCA_943370345.1,CALRQQ020000349.1,mvhA,51,5.139e-9,0.219
FW_TWAS_AS_rep_1,GCA_943370345.1,CALRQQ020000302.1,cazy_GH13,96,2.227e-22,0.34
FW_TWAS_AS_rep_1,GCA_943370345.1,CALRQQ020000273.1,esterase,61,2.002e-13,0.33
FW_TWAS_AS_rep_1,GCA_943370345.1,CALRQQ020000497.1,pepN,100,1.145e-23,0.24
FW_TWAS_AS_rep_1,GCA_943370345.1,CALRQQ020000090.1,crt,164,2.865e-47,0.428
FW_TWAS_AS_rep_1,GCA_943370345.1,CALRQQ020000125.1,cazy_GH43,46,4.925e-8,0.292
FW_TWAS_AS_rep_1,GCA_943370345.1,CALRQQ020000466.1,frhA,124,2.337e-31,0.257
FW_TWAS_AS_rep_1,GCA_943370345.1,CALRQQ020000090.1,fadB,89,1.281e-21,0.307
FW_TWAS_AS_rep_1,GCA_943370345.1,CALRQQ020000039.1,pta,173,8.62e-46,0.345
FW_TWAS_AS_rep_1,GCA_943370345.1,CALRQQ020000408.1,susC,47,8.839e-10,0.384
FW_TWAS_AS_rep_1,GCA_943370345.1,CALRQQ020000074.1,acylglycerol_lipase,41,7.351e-6,0.345
FW_TWAS_AS_rep_1,GCA_943370345.1,CALRQQ020000239.1,agl,94,5.685e-22,0.267
FW_TWAS_AS_rep_1,GCA_943370345.1,CALRQQ020000354.1,lctC,53,9.277e-12,0.52
FW_TWAS_AS_rep_1,GCA_943370345.1,CALRQQ020000035.1,susC,464,9.252e-138,0.325
FW_TWAS_AS_rep_1,GCA_943370345.1,CALRQQ020000042.1,acs,719,1.209e-232,0.566
FW_TWAS_AS_rep_1,GCA_943370345.1,CALRQQ020000112.1,susD,81,4.414e-18,0.292
FW_TWAS_AS_rep_1,GCA_943370345.1,CALRQQ020000408.1,susD,54,1.124e-9,0.299
FW_TWAS_AS_rep_1,GCA_943370345.1,CALRQQ020000493.1,lysophospholipase,50,5.579e-9,0.347
FW_TWAS_AS_rep_1,GCA_943370345.1,CALRQQ020000058.1,fadB,119,4.474e-29,0.295
FW_TWAS_AS_rep_1,GCA_943370345.1,CALRQQ020000277.1,agl,90,8.838e-21,0.269
FW_TWAS_AS_rep_1,GCA_943370345.1,CALRQQ020000132.1,fadD,122,1.643e-33,0.402
FW_TWAS_AS_rep_1,GCA_943370345.1,CALRQQ020000136.1,fwdA,43,2.459e-6,0.375
FW_TWAS_AS_rep_1,GCA_943370345.1,CALRQQ020000271.1,cazy_GH13,116,8.604e-29,0.309
FW_TWAS_AS_rep_1,GCA_943370345.1,CALRQQ020000022.1,bcd,263,1.386e-76,0.381
FW_TWAS_AS_rep_1,GCA_943370345.1,CALRQQ020000173.1,rnfB,43,3.644e-6,0.38
FW_TWAS_AS_rep_1,GCA_943370345.1,CALRQQ020000013.1,xylF,100,6.834e-25,0.319
FW_TWAS_AS_rep_1,GCA_943370345.1,CALRQQ020000521.1,crt,201,5.404e-60,0.444
FW_TWAS_AS_rep_1,GCA_943370345.1,CALRQQ020000380.1,mvhG,48,6.439e-9,0.309
FW_TWAS_AS_rep_1,GCA_943370345.1,CALRQQ020000321.1,susC,582,1.993e-178,0.364
FW_TWAS_AS_rep_1,GCA_943370345.1,CALRQQ020000060.1,cazy_GH13,47,1.854e-7,0.313
FW_TWAS_AS_rep_1,GCA_943370345.1,CALRQQ020000184.1,susC,510,1.196e-157,0.393
FW_TWAS_AS_rep_1,GCA_943370345.1,CALRQQ020000094.1,adh,47,2.588e-8,0.268
FW_TWAS_AS_rep_1,GCA_943370345.1,CALRQQ020000104.1,susC,177,2.508e-51,0.375
FW_TWAS_AS_rep_1,GCA_943370345.1,CALRQQ020000029.1,adhE,191,1.182e-54,0.335
FW_TWAS_AS_rep_1,GCA_943370345.1,CALRQQ020000115.1,susC,533,2.276e-161,0.34
FW_TWAS_AS_rep_1,GCA_943370345.1,CALRQQ020000017.1,cazy_GH43,66,3.361e-13,0.299
FW_TWAS_AS_rep_1,GCA_943370345.1,CALRQQ020000012.1,pepT,41,8.104e-6,0.242
FW_TWAS_AS_rep_1,GCA_943370345.1,CALRQQ020000349.1,hydA,50,3.942e-9,0.366
FW_TWAS_AS_rep_1,GCA_943370345.1,CALRQQ020000104.1,susD,66,2.925e-13,0.259
FW_TWAS_AS_rep_1,GCA_943370345.1,CALRQQ020000042.1,fadD,111,4.652e-27,0.257
FW_TWAS_AS_rep_1,GCA_027492415.1,JAPUEV010000083.1,sucD,57,2.284e-10,0.277
FW_TWAS_AS_rep_1,GCA_027492415.1,JAPUEV010000047.1,frhG,97,2.391e-25,0.35
FW_TWAS_AS_rep_1,GCA_027492415.1,JAPUEV010000257.1,tdcB,99,6.966e-27,0.436
FW_TWAS_AS_rep_1,GCA_027492415.1,JAPUEV010000197.1,oppA,233,1.362e-66,0.307
FW_TWAS_AS_rep_1,GCA_027492415.1,JAPUEV010000248.1,fadD,81,4.919e-19,0.335
FW_TWAS_AS_rep_1,GCA_027492415.1,JAPUEV010000422.1,extracellular_protease,79,3.661e-17,0.287
FW_TWAS_AS_rep_1,GCA_027492415.1,JAPUEV010000338.1,fadD,323,1.712e-96,0.382
FW_TWAS_AS_rep_1,GCA_027492415.1,JAPUEV010000295.1,aldh,51,8.1e-9,0.238
FW_TWAS_AS_rep_1,GCA_027492415.1,JAPUEV010000238.1,oppB,249,5.83e-75,0.421
FW_TWAS_AS_rep_1,GCA_027492415.1,JAPUEV010000412.1,dppA,218,1.56e-61,0.3
FW_TWAS_AS_rep_1,GCA_027492415.1,JAPUEV010000233.1,pta,175,3.733e-50,0.349
FW_TWAS_AS_rep_1,GCA_027492415.1,JAPUEV010000237.1,sucD,349,2.946e-109,0.572
FW_TWAS_AS_rep_1,GCA_027492415.1,JAPUEV010000040.1,adh,91,1.083e-22,0.303
FW_TWAS_AS_rep_1,GCA_027492415.1,JAPUEV010000238.1,dppC,231,9.878e-69,0.388
FW_TWAS_AS_rep_1,GCA_027492415.1,JAPUEV010000213.1,crt,137,7.53e-38,0.338
FW_TWAS_AS_rep_1,GCA_027492415.1,JAPUEV010000228.1,dppA,152,7.56e-40,0.281
FW_TWAS_AS_rep_1,GCA_027492415.1,JAPUEV010000033.1,mvhA,209,6.808e-60,0.313
FW_TWAS_AS_rep_1,GCA_027492415.1,JAPUEV010000238.1,bcd,178,4.115e-54,0.64
FW_TWAS_AS_rep_1,GCA_027492415.1,JAPUEV010000338.1,acs,66,3.013e-13,0.217
FW_TWAS_AS_rep_1,GCA_027492415.1,JAPUEV010000397.1,pyk,383,4.497e-119,0.481
FW_TWAS_AS_rep_1,GCA_027492415.1,JAPUEV010000087.1,thl,397,2.985e-125,0.543
FW_TWAS_AS_rep_1,GCA_027492415.1,JAPUEV010000238.1,fadE,140,5.864e-41,0.52
FW_TWAS_AS_rep_1,GCA_027492415.1,JAPUEV010000292.1,etfA,261,3.074e-79,0.489
FW_TWAS_AS_rep_1,GCA_027492415.1,JAPUEV010000423.1,fadD,163,1.576e-43,0.29
FW_TWAS_AS_rep_1,GCA_027492415.1,JAPUEV010000087.1,fadA,265,5.501e-80,0.428
FW_TWAS_AS_rep_1,GCA_027492415.1,JAPUEV010000268.1,adhE,49,2.803e-8,0.201
FW_TWAS_AS_rep_1,GCA_027492415.1,JAPUEV010000221.1,aldh,64,1.174e-12,0.26
FW_TWAS_AS_rep_1,GCA_027492415.1,JAPUEV010000134.1,pepQ,155,6.152e-43,0.314
FW_TWAS_AS_rep_1,GCA_027492415.1,JAPUEV010000228.1,oppA,190,4.575e-52,0.275
FW_TWAS_AS_rep_1,GCA_027492415.1,JAPUEV010000375.1,gapA,322,5.637e-101,0.58
FW_TWAS_AS_rep_1,GCA_027492415.1,JAPUEV010000047.1,fdhA,55,1.2e-10,0.373
FW_TWAS_AS_rep_1,GCA_027492415.1,JAPUEV010000116.1,pfor,44,8.004e-8,0.309
FW_TWAS_AS_rep_1,GCA_027492415.1,JAPUEV010000161.1,acylglycerol_lipase,46,1.226e-7,0.293
FW_TWAS_AS_rep_1,GCA_027492415.1,JAPUEV010000186.1,pepQ,57,4.512e-11,0.245
FW_TWAS_AS_rep_1,GCA_027492415.1,JAPUEV010000084.1,extracellular_protease,105,9.459e-25,0.307
FW_TWAS_AS_rep_1,GCA_027492415.1,JAPUEV010000232.1,pepN,119,2.998e-29,0.267
FW_TWAS_AS_rep_1,GCA_027492415.1,JAPUEV010000116.1,frhG,43,1.991e-7,0.344
FW_TWAS_AS_rep_1,GCA_027492415.1,JAPUEV010000113.1,mmcE,682,1.069e-220,0.615
FW_TWAS_AS_rep_1,GCA_027492415.1,JAPUEV010000246.1,pfkA,47,6.285e-8,0.306
FW_TWAS_AS_rep_1,GCA_027492415.1,JAPUEV010000055.1,pepN,124,6.309e-31,0.258
FW_TWAS_AS_rep_1,GCA_027492415.1,JAPUEV010000087.1,fadB,144,1.417e-41,0.435
FW_TWAS_AS_rep_1,GCA_027492415.1,JAPUEV010000258.1,mmcF,179,2.622e-54,0.602
FW_TWAS_AS_rep_1,GCA_027492415.1,JAPUEV010000131.1,extracellular_protease,105,8.589e-25,0.301
FW_TWAS_AS_rep_1,GCA_027492415.1,JAPUEV010000242.1,crt,94,3.934e-24,0.348
FW_TWAS_AS_rep_1,GCA_027492415.1,JAPUEV010000009.1,extracellular_protease,71,1.073e-14,0.345
FW_TWAS_AS_rep_1,GCA_027492415.1,JAPUEV010000404.1,pepQ,130,7.942e-34,0.303
FW_TWAS_AS_rep_1,GCA_027492415.1,JAPUEV010000210.1,fadE,181,7.607e-54,0.483
FW_TWAS_AS_rep_1,GCA_027492415.1,JAPUEV010000242.1,etfA,83,3.028e-20,0.28
FW_TWAS_AS_rep_1,GCA_027492415.1,JAPUEV010000252.1,pgi,88,2.442e-20,0.288
FW_TWAS_AS_rep_1,GCA_027492415.1,JAPUEV010000307.1,adh,66,4.366e-14,0.306
FW_TWAS_AS_rep_1,GCA_027492415.1,JAPUEV010000031.1,mdh,282,3.554e-87,0.479
FW_TWAS_AS_rep_1,GCA_027492415.1,JAPUEV010000315.1,thl,356,4.396e-111,0.515
FW_TWAS_AS_rep_1,GCA_027492415.1,JAPUEV010000255.1,adhE,76,2.685e-16,0.238
FW_TWAS_AS_rep_1,GCA_027492415.1,JAPUEV010000210.1,bcd,228,5.901e-70,0.513
FW_TWAS_AS_rep_1,GCA_027492415.1,JAPUEV010000197.1,dppA,218,1.769e-61,0.309
FW_TWAS_AS_rep_1,GCA_027492415.1,JAPUEV010000033.1,frhA,138,1.888e-36,0.252
FW_TWAS_AS_rep_1,GCA_027492415.1,JAPUEV010000292.1,etfB,180,1.025e-52,0.424
FW_TWAS_AS_rep_1,GCA_027492415.1,JAPUEV010000047.1,mvhG,126,4.036e-35,0.367
FW_TWAS_AS_rep_1,GCA_027492415.1,JAPUEV010000068.1,etfA,128,8.52e-35,0.368
FW_TWAS_AS_rep_1,GCA_027492415.1,JAPUEV010000047.1,rnfB,43,7.166e-7,0.264
FW_TWAS_AS_rep_1,GCA_027492415.1,JAPUEV010000412.1,oppA,234,4.663e-67,0.326
FW_TWAS_AS_rep_1,GCA_027492415.1,JAPUEV010000259.1,adh,70,1.324e-15,0.271
FW_TWAS_AS_rep_1,GCA_027492415.1,JAPUEV010000087.1,hbd,179,9.909e-54,0.513
FW_TWAS_AS_rep_1,GCA_027492415.1,JAPUEV010000047.1,hydA,132,1.46e-36,0.355
FW_TWAS_AS_rep_1,GCA_027492415.1,JAPUEV010000259.1,mmcE,681,6.783e-221,0.629
FW_TWAS_AS_rep_1,GCA_027492415.1,JAPUEV010000033.1,mvhG,132,5.266e-36,0.32
FW_TWAS_AS_rep_1,GCA_027492415.1,JAPUEV010000395.1,extracellular_protease,61,5.113e-12,0.309
FW_TWAS_AS_rep_1,GCA_027492415.1,JAPUEV010000255.1,pepT,62,4.916e-14,0.333
FW_TWAS_AS_rep_1,GCA_027492415.1,JAPUEV010000201.1,mmcG,102,5.768e-28,0.389
FW_TWAS_AS_rep_1,GCA_027492415.1,JAPUEV010000279.1,susC,80,3.703e-17,0.304
FW_TWAS_AS_rep_1,GCA_027492415.1,JAPUEV010000023.1,dppB,199,4.213e-58,0.347
FW_TWAS_AS_rep_1,GCA_027492415.1,JAPUEV010000033.1,frhG,85,2.581e-20,0.28
FW_TWAS_AS_rep_1,GCA_027492415.1,JAPUEV010000227.1,susC,55,8.768e-10,0.259
FW_TWAS_AS_rep_1,GCA_027492415.1,JAPUEV010000047.1,mvhA,472,1.051e-149,0.485
FW_TWAS_AS_rep_1,GCA_027492415.1,JAPUEV010000084.1,pepN,173,1.183e-45,0.33
FW_TWAS_AS_rep_1,GCA_027492415.1,JAPUEV010000334.1,extracellular_protease,73,1.804e-15,0.275
FW_TWAS_AS_rep_1,GCA_027492415.1,JAPUEV010000225.1,extracellular_protease,93,1.848e-21,0.323
FW_TWAS_AS_rep_1,GCA_027492415.1,JAPUEV010000423.1,acs,401,1.026e-123,0.399
FW_TWAS_AS_rep_1,GCA_027492415.1,JAPUEV010000068.1,crt,279,1.116e-86,0.565
FW_TWAS_AS_rep_1,GCA_027492415.1,JAPUEV010000063.1,hbd,103,1.172e-26,0.392
FW_TWAS_AS_rep_1,GCA_027492415.1,JAPUEV010000028.1,pepA,370,4.703e-114,0.452
FW_TWAS_AS_rep_1,GCA_027492415.1,JAPUEV010000086.1,gdh,430,4.108e-136,0.505
FW_TWAS_AS_rep_1,GCA_027492415.1,JAPUEV010000228.1,dppC,190,2.42e-54,0.456
FW_TWAS_AS_rep_1,GCA_027492415.1,JAPUEV010000197.1,oppB,211,1.658e-62,0.41
FW_TWAS_AS_rep_1,GCA_027492415.1,JAPUEV010000224.1,fadE,276,1.071e-83,0.43
FW_TWAS_AS_rep_1,GCA_027492415.1,JAPUEV010000394.1,pfor,863,3.88e-280,0.606
FW_TWAS_AS_rep_1,GCA_027492415.1,JAPUEV010000228.1,dppB,215,1.184e-63,0.371
FW_TWAS_AS_rep_1,GCA_027492415.1,JAPUEV010000255.1,aldh,65,5.114e-13,0.23
FW_TWAS_AS_rep_1,GCA_027492415.1,JAPUEV010000315.1,fadA,391,3.346e-123,0.553
FW_TWAS_AS_rep_1,GCA_027492415.1,JAPUEV010000224.1,bcd,327,1.715e-101,0.461
FW_TWAS_AS_rep_1,GCA_027492415.1,JAPUEV010000197.1,dppB,245,1.836e-74,0.426
FW_TWAS_AS_rep_1,GCA_027492415.1,JAPUEV010000068.1,fadB,117,3.533e-31,0.363
FW_TWAS_AS_rep_1,GCA_027492415.1,JAPUEV010000228.1,oppB,223,1.211e-65,0.465
FW_TWAS_AS_rep_1,GCA_027492415.1,JAPUEV010000023.1,dppC,84,1.866e-21,0.333
FW_TWAS_AS_rep_1,GCA_027492415.1,JAPUEV010000023.1,oppB,195,1.281e-56,0.364
FW_TWAS_AS_rep_1,GCA_027492415.1,JAPUEV010000047.1,frhA,170,9.43e-47,0.292
FW_TWAS_AS_rep_1,GCA_044220615.1,JBGAQR010000005.1,etfA,154,1.701e-43,0.418
FW_TWAS_AS_rep_1,GCA_044220615.1,JBGAQR010000003.1,susC,452,1.8e-134,0.316
FW_TWAS_AS_rep_1,GCA_044220615.1,JBGAQR010000005.1,mmcG,96,6.316e-26,0.396
FW_TWAS_AS_rep_1,GCA_044220615.1,JBGAQR010000002.1,mmcF,71,2.073e-14,0.266
FW_TWAS_AS_rep_1,GCA_044220615.1,JBGAQR010000002.1,frhB,40,3.199e-6,0.37
FW_TWAS_AS_rep_1,GCA_044220615.1,JBGAQR010000001.1,sucD,334,1.385e-105,0.598
FW_TWAS_AS_rep_1,GCA_044220615.1,JBGAQR010000005.1,crt,206,1.573e-61,0.435
FW_TWAS_AS_rep_1,GCA_044220615.1,JBGAQR010000001.1,lctC,415,2.698e-130,0.51
FW_TWAS_AS_rep_1,GCA_044220615.1,JBGAQR010000005.1,susD,98,3.817e-23,0.254
FW_TWAS_AS_rep_1,GCA_044220615.1,JBGAQR010000003.1,tdcB,61,4.721e-12,0.271
FW_TWAS_AS_rep_1,GCA_044220615.1,JBGAQR010000005.1,cazy_GH13,128,1.942e-32,0.327
FW_TWAS_AS_rep_1,GCA_044220615.1,JBGAQR010000003.1,pepQ,105,8.258e-26,0.354
FW_TWAS_AS_rep_1,GCA_044220615.1,JBGAQR010000005.1,frhB,45,9.029e-7,0.437
FW_TWAS_AS_rep_1,GCA_044220615.1,JBGAQR010000001.1,cazy_PL1,46,3.941e-7,0.28
FW_TWAS_AS_rep_1,GCA_044220615.1,JBGAQR010000002.1,mmcE,293,2.613e-82,0.358
FW_TWAS_AS_rep_1,GCA_044220615.1,JBGAQR010000004.1,thl,263,4.109e-79,0.397
FW_TWAS_AS_rep_1,GCA_044220615.1,JBGAQR010000001.1,etfB,140,1.764e-38,0.373
FW_TWAS_AS_rep_1,GCA_044220615.1,JBGAQR010000005.1,fadB,172,2.973e-49,0.374
FW_TWAS_AS_rep_1,GCA_044220615.1,JBGAQR010000004.1,agl,171,1.824e-46,0.309
FW_TWAS_AS_rep_1,GCA_044220615.1,JBGAQR010000004.1,acs,109,8.582e-27,0.261
FW_TWAS_AS_rep_1,GCA_044220615.1,JBGAQR010000004.1,folD,302,5.215e-94,0.561
FW_TWAS_AS_rep_1,GCA_044220615.1,JBGAQR010000001.1,adh,63,4.673e-13,0.278
FW_TWAS_AS_rep_1,GCA_044220615.1,JBGAQR010000005.1,fadE,198,6.744e-57,0.353
FW_TWAS_AS_rep_1,GCA_044220615.1,JBGAQR010000006.1,mdh,245,2.713e-74,0.453
FW_TWAS_AS_rep_1,GCA_044220615.1,JBGAQR010000001.1,pfor,43,1.971e-6,0.307
FW_TWAS_AS_rep_1,GCA_044220615.1,JBGAQR010000002.1,susC,659,6.343e-204,0.397
FW_TWAS_AS_rep_1,GCA_044220615.1,JBGAQR010000005.1,bcd,258,2.275e-77,0.379
FW_TWAS_AS_rep_1,GCA_044220615.1,JBGAQR010000005.1,gapA,295,4.566e-91,0.494
FW_TWAS_AS_rep_1,GCA_044220615.1,JBGAQR010000002.1,pfkA,46,1.966e-7,0.259
FW_TWAS_AS_rep_1,GCA_044220615.1,JBGAQR010000004.1,adh,55,1.808e-10,0.298
FW_TWAS_AS_rep_1,GCA_044220615.1,JBGAQR010000004.1,susD,171,5.154e-47,0.343
FW_TWAS_AS_rep_1,GCA_044220615.1,JBGAQR010000005.1,fwdA,49,1.186e-7,0.485
FW_TWAS_AS_rep_1,GCA_044220615.1,JBGAQR010000005.1,rnfB,48,1.296e-7,0.411
FW_TWAS_AS_rep_1,GCA_044220615.1,JBGAQR010000002.1,endopeptidase,48,2.257e-7,0.31
FW_TWAS_AS_rep_1,GCA_044220615.1,JBGAQR010000002.1,adhE,88,1.285e-20,0.271
FW_TWAS_AS_rep_1,GCA_044220615.1,JBGAQR010000002.1,oppB,200,4.191e-58,0.486
FW_TWAS_AS_rep_1,GCA_044220615.1,JBGAQR010000005.1,mmcF,173,7.218e-52,0.609
FW_TWAS_AS_rep_1,GCA_044220615.1,JBGAQR010000002.1,susD,85,4.1e-19,0.303
FW_TWAS_AS_rep_1,GCA_044220615.1,JBGAQR010000002.1,lctC,397,2.817e-124,0.487
FW_TWAS_AS_rep_1,GCA_044220615.1,JBGAQR010000001.1,lctD,50,2.329e-9,0.344
FW_TWAS_AS_rep_1,GCA_044220615.1,JBGAQR010000002.1,edd,217,2.402e-61,0.325
FW_TWAS_AS_rep_1,GCA_044220615.1,JBGAQR010000003.1,dppA,161,7.012e-43,0.25
FW_TWAS_AS_rep_1,GCA_044220615.1,JBGAQR010000002.1,pepN,123,1.166e-30,0.275
FW_TWAS_AS_rep_1,GCA_044220615.1,JBGAQR010000002.1,dppC,186,3.927e-53,0.355
FW_TWAS_AS_rep_1,GCA_044220615.1,JBGAQR010000003.1,extracellular_protease,113,7.445e-28,0.391
FW_TWAS_AS_rep_1,GCA_044220615.1,JBGAQR010000001.1,susD,150,7.7e-40,0.287
FW_TWAS_AS_rep_1,GCA_044220615.1,JBGAQR010000003.1,susD,121,3.879e-30,0.274
FW_TWAS_AS_rep_1,GCA_044220615.1,JBGAQR010000001.1,fadB,129,2.422e-32,0.318
FW_TWAS_AS_rep_1,GCA_044220615.1,JBGAQR010000002.1,hbd,79,7.591e-19,0.387
FW_TWAS_AS_rep_1,GCA_044220615.1,JBGAQR010000004.1,dtpT,310,4.397e-93,0.348
FW_TWAS_AS_rep_1,GCA_044220615.1,JBGAQR010000005.1,susC,666,7.169e-208,0.429
FW_TWAS_AS_rep_1,GCA_044220615.1,JBGAQR010000004.1,bgl,316,3.591e-96,0.388
FW_TWAS_AS_rep_1,GCA_044220615.1,JBGAQR010000005.1,hydA,76,1.426e-16,0.264
FW_TWAS_AS_rep_1,GCA_044220615.1,JBGAQR010000003.1,cazy_GH43,118,8.964e-31,0.334
FW_TWAS_AS_rep_1,GCA_044220615.1,JBGAQR010000004.1,fadA,319,1.665e-98,0.453
FW_TWAS_AS_rep_1,GCA_044220615.1,JBGAQR010000004.1,pepQ,130,7.179e-34,0.358
FW_TWAS_AS_rep_1,GCA_044220615.1,JBGAQR010000004.1,fadD,333,5.612e-100,0.385
FW_TWAS_AS_rep_1,GCA_044220615.1,JBGAQR010000002.1,fadD,108,3.951e-26,0.241
FW_TWAS_AS_rep_1,GCA_044220615.1,JBGAQR010000004.1,gdh,59,1.879e-11,0.545
FW_TWAS_AS_rep_1,GCA_044220615.1,JBGAQR010000001.1,thl,421,1.499e-133,0.591
FW_TWAS_AS_rep_1,GCA_044220615.1,JBGAQR010000006.1,pepN,46,7.335e-7,0.228
FW_TWAS_AS_rep_1,GCA_044220615.1,JBGAQR010000001.1,ilvE,248,1.257e-74,0.409
FW_TWAS_AS_rep_1,GCA_044220615.1,JBGAQR010000005.1,pfor,606,2.31e-196,0.665
FW_TWAS_AS_rep_1,GCA_044220615.1,JBGAQR010000002.1,fadE,255,2.079e-76,0.407
FW_TWAS_AS_rep_1,GCA_044220615.1,JBGAQR010000001.1,fdhA,571,1.576e-176,0.451
FW_TWAS_AS_rep_1,GCA_044220615.1,JBGAQR010000005.1,pepN,186,7.601e-50,0.295
FW_TWAS_AS_rep_1,GCA_044220615.1,JBGAQR010000002.1,crt,168,2.213e-48,0.388
FW_TWAS_AS_rep_1,GCA_044220615.1,JBGAQR010000001.1,lctB,236,2.64e-72,0.454
FW_TWAS_AS_rep_1,GCA_044220615.1,JBGAQR010000006.1,cazy_GH13,87,3.618e-20,0.272
FW_TWAS_AS_rep_1,GCA_044220615.1,JBGAQR010000003.1,pyk,374,1.548e-115,0.448
FW_TWAS_AS_rep_1,GCA_044220615.1,JBGAQR010000004.1,hbd,251,5.969e-77,0.473
FW_TWAS_AS_rep_1,GCA_044220615.1,JBGAQR010000002.1,acs,717,6.016e-231,0.547
FW_TWAS_AS_rep_1,GCA_044220615.1,JBGAQR010000003.1,pfkA,292,3.347e-90,0.496
FW_TWAS_AS_rep_1,GCA_044220615.1,JBGAQR010000004.1,cazy_GH13,218,3.435e-62,0.405
FW_TWAS_AS_rep_1,GCA_044220615.1,JBGAQR010000004.1,cat,265,9.366e-83,0.613
FW_TWAS_AS_rep_1,GCA_044220615.1,JBGAQR010000003.1,sucD,104,1.428e-25,0.443
FW_TWAS_AS_rep_1,GCA_044220615.1,JBGAQR010000002.1,extracellular_protease,81,4.699e-17,0.299
FW_TWAS_AS_rep_1,GCA_044220615.1,JBGAQR010000001.1,mmcE,682,1.918e-221,0.666
FW_TWAS_AS_rep_1,GCA_044220615.1,JBGAQR010000001.1,pepO,655,6.882e-209,0.48
FW_TWAS_AS_rep_1,GCA_044220615.1,JBGAQR010000004.1,ilvE,254,3.346e-76,0.392
FW_TWAS_AS_rep_1,GCA_044220615.1,JBGAQR010000003.1,sucC,353,1.002e-109,0.467
FW_TWAS_AS_rep_1,GCA_044220615.1,JBGAQR010000002.1,mvhG,50,2.191e-9,0.313
FW_TWAS_AS_rep_1,GCA_044220615.1,JBGAQR010000002.1,bcd,359,2.924e-112,0.477
FW_TWAS_AS_rep_1,GCA_044220615.1,JBGAQR010000005.1,hbd,286,1.811e-88,0.526
FW_TWAS_AS_rep_1,GCA_044220615.1,JBGAQR010000002.1,fhs,563,6.311e-180,0.532
FW_TWAS_AS_rep_1,GCA_044220615.1,JBGAQR010000005.1,mvhG,40,3.429e-6,0.454
FW_TWAS_AS_rep_1,GCA_044220615.1,JBGAQR010000001.1,acylglycerol_lipase,42,2.35e-6,0.221
FW_TWAS_AS_rep_1,GCA_044220615.1,JBGAQR010000001.1,pepN,121,2.828e-30,0.243
FW_TWAS_AS_rep_1,GCA_044220615.1,JBGAQR010000004.1,esterase,49,1.58e-8,0.307
FW_TWAS_AS_rep_1,GCA_044220615.1,JBGAQR010000002.1,fadB,92,9.754e-23,0.333
FW_TWAS_AS_rep_1,GCA_044220615.1,JBGAQR010000001.1,cazy_GH13,59,7.094e-11,0.337
FW_TWAS_AS_rep_1,GCA_044220615.1,JBGAQR010000001.1,susC,635,6.029e-196,0.376
FW_TWAS_AS_rep_1,GCA_044220615.1,JBGAQR010000006.1,agl,75,3.243e-16,0.244
FW_TWAS_AS_rep_1,GCA_044220615.1,JBGAQR010000001.1,eda,130,2.6e-36,0.337
FW_TWAS_AS_rep_1,GCA_044220615.1,JBGAQR010000001.1,hydA,99,6.296e-23,0.306
FW_TWAS_AS_rep_1,GCA_044220615.1,JBGAQR010000003.1,adhE,199,1.207e-57,0.352
FW_TWAS_AS_rep_1,GCA_044220615.1,JBGAQR010000004.1,susC,640,5.355e-197,0.379
FW_TWAS_AS_rep_1,GCA_044220615.1,JBGAQR010000002.1,lctD,83,3.128e-20,0.328
FW_TWAS_AS_rep_1,GCA_044220615.1,JBGAQR010000005.1,pepT,225,1.272e-65,0.369
FW_TWAS_AS_rep_1,GCA_044220615.1,JBGAQR010000005.1,agl,90,1.76e-20,0.258
FW_TWAS_AS_rep_1,GCA_044220615.1,JBGAQR010000005.1,thl,322,2.548e-99,0.493
FW_TWAS_AS_rep_1,GCA_044220615.1,JBGAQR010000001.1,frhG,42,6.005e-6,0.297
FW_TWAS_AS_rep_1,GCA_044220615.1,JBGAQR010000001.1,dppB,230,1.901e-68,0.415
FW_TWAS_AS_rep_1,GCA_044220615.1,JBGAQR010000003.1,fadE,274,7.681e-83,0.421
FW_TWAS_AS_rep_1,GCA_044220615.1,JBGAQR010000002.1,pfor,899,8.886e-292,0.586
FW_TWAS_AS_rep_1,GCA_044220615.1,JBGAQR010000003.1,bcd,367,9.294e-115,0.513
FW_TWAS_AS_rep_1,GCA_044220615.1,JBGAQR010000001.1,hbd,126,1.703e-31,0.297
FW_TWAS_AS_rep_1,GCA_044220615.1,JBGAQR010000002.1,xylA,499,6.461e-159,0.537
FW_TWAS_AS_rep_1,GCA_044220615.1,JBGAQR010000005.1,frhG,46,7.134e-8,0.342
FW_TWAS_AS_rep_1,GCA_044220615.1,JBGAQR010000001.1,cazy_CE8,267,6.752e-82,0.479
FW_TWAS_AS_rep_1,GCA_044220615.1,JBGAQR010000001.1,crt,56,4.519e-10,0.306
FW_TWAS_AS_rep_1,GCA_044220615.1,JBGAQR010000003.1,pepT,49,1.763e-8,0.227
FW_TWAS_AS_rep_1,GCA_044220615.1,JBGAQR010000001.1,pfkA,42,3.992e-6,0.377
FW_TWAS_AS_rep_1,GCA_044220615.1,JBGAQR010000001.1,fadA,266,3.055e-80,0.43
FW_TWAS_AS_rep_1,GCA_044220615.1,JBGAQR010000004.1,fadB,169,1.113e-48,0.368
FW_TWAS_AS_rep_1,GCA_044220615.1,JBGAQR010000001.1,oppB,178,8.828e-51,0.364
FW_TWAS_AS_rep_1,GCA_044220615.1,JBGAQR010000001.1,cazy_GH43,131,1.791e-33,0.33
FW_TWAS_AS_rep_1,GCA_044220615.1,JBGAQR010000003.1,pgi,673,4.981e-218,0.629
FW_TWAS_AS_rep_1,GCA_044220615.1,JBGAQR010000006.1,gdh,506,1.409e-161,0.555
FW_TWAS_AS_rep_1,GCA_044220615.1,JBGAQR010000002.1,cazy_GH10,274,2.313e-83,0.451
FW_TWAS_AS_rep_1,GCA_044220615.1,JBGAQR010000001.1,etfA,196,3.683e-57,0.385
FW_TWAS_AS_rep_1,GCA_044220615.1,JBGAQR010000006.1,endopeptidase,54,1.221e-8,0.339
FW_TWAS_AS_rep_1,GCA_044220615.1,JBGAQR010000005.1,fadA,348,1.977e-108,0.527
FW_TWAS_AS_rep_1,GCA_044220615.1,JBGAQR010000001.1,pta,174,2.843e-46,0.335
FW_TWAS_AS_rep_1,GCA_035352255.1,DAOPXL010000362.1,pfkA,262,1.086e-79,0.474
FW_TWAS_AS_rep_1,GCA_035352255.1,DAOPXL010000054.1,frhB,47,3.689e-7,0.368
FW_TWAS_AS_rep_1,GCA_035352255.1,DAOPXL010000411.1,pfkA,47,9.031e-8,0.287
FW_TWAS_AS_rep_1,GCA_035352255.1,DAOPXL010000102.1,dppA,98,2.836e-23,0.259
FW_TWAS_AS_rep_1,GCA_035352255.1,DAOPXL010000416.1,xylA,172,3.574e-52,0.546
FW_TWAS_AS_rep_1,GCA_035352255.1,DAOPXL010000078.1,etfA,44,2.08e-8,0.321
FW_TWAS_AS_rep_1,GCA_035352255.1,DAOPXL010000170.1,thl,81,3.187e-18,0.272
FW_TWAS_AS_rep_1,GCA_035352255.1,DAOPXL010000205.1,gdh,441,8.714e-140,0.524
FW_TWAS_AS_rep_1,GCA_035352255.1,DAOPXL010000232.1,oppB,218,2.291e-65,0.404
FW_TWAS_AS_rep_1,GCA_035352255.1,DAOPXL010000078.1,etfB,53,1.031e-11,0.402
FW_TWAS_AS_rep_1,GCA_035352255.1,DAOPXL010000039.1,frhG,40,2.586e-6,0.404
FW_TWAS_AS_rep_1,GCA_035352255.1,DAOPXL010000068.1,dppA,214,4.837e-60,0.292
FW_TWAS_AS_rep_1,GCA_035352255.1,DAOPXL010000104.1,dppC,111,1.418e-27,0.302
FW_TWAS_AS_rep_1,GCA_035352255.1,DAOPXL010000104.1,oppB,123,2.37e-31,0.359
FW_TWAS_AS_rep_1,GCA_035352255.1,DAOPXL010000039.1,frhB,45,4.927e-8,0.423
FW_TWAS_AS_rep_1,GCA_035352255.1,DAOPXL010000073.1,oppB,210,3.096e-62,0.4
FW_TWAS_AS_rep_1,GCA_035352255.1,DAOPXL010000011.1,cazy_GH13,173,1.751e-46,0.36
FW_TWAS_AS_rep_1,GCA_035352255.1,DAOPXL010000104.1,dppB,86,6.436e-22,0.335
FW_TWAS_AS_rep_1,GCA_035352255.1,DAOPXL010000068.1,oppA,274,2.396e-80,0.333
FW_TWAS_AS_rep_1,GCA_035352255.1,DAOPXL010000048.1,pfor,55,2.996e-10,0.25
FW_TWAS_AS_rep_1,GCA_035352255.1,DAOPXL010000001.1,dppB,162,1.277e-45,0.348
FW_TWAS_AS_rep_1,GCA_035352255.1,DAOPXL010000357.1,oppA,116,4.848e-31,0.324
FW_TWAS_AS_rep_1,GCA_035352255.1,DAOPXL010000171.1,oppA,68,1.287e-15,0.349
FW_TWAS_AS_rep_1,GCA_035352255.1,DAOPXL010000072.1,pepQ,148,4.522e-40,0.32
FW_TWAS_AS_rep_1,GCA_035352255.1,DAOPXL010000232.1,dppB,226,4.063e-68,0.386
FW_TWAS_AS_rep_1,GCA_035352255.1,DAOPXL010000080.1,pgi,60,5.54e-11,0.286
FW_TWAS_AS_rep_1,GCA_035352255.1,DAOPXL010000017.1,adhE,150,9.903e-41,0.31
FW_TWAS_AS_rep_1,GCA_035352255.1,DAOPXL010000314.1,pfkA,48,2.835e-9,0.375
FW_TWAS_AS_rep_1,GCA_035352255.1,DAOPXL010000325.1,xylB,139,8.384e-37,0.31
FW_TWAS_AS_rep_1,GCA_035352255.1,DAOPXL010000325.1,xylF,153,7.5e-43,0.382
FW_TWAS_AS_rep_1,GCA_035352255.1,DAOPXL010000205.1,oppA,82,3.062e-18,0.264
FW_TWAS_AS_rep_1,GCA_035352255.1,DAOPXL010000247.1,frhG,47,8.808e-8,0.326
FW_TWAS_AS_rep_1,GCA_035352255.1,DAOPXL010000196.1,esterase,53,5.478e-10,0.339
FW_TWAS_AS_rep_1,GCA_035352255.1,DAOPXL010000039.1,rnfB,46,2.671e-8,0.342
FW_TWAS_AS_rep_1,GCA_035352255.1,DAOPXL010000192.1,mvhG,53,2.051e-10,0.234
FW_TWAS_AS_rep_1,GCA_035352255.1,DAOPXL010000206.1,agl,235,2.98e-67,0.339
FW_TWAS_AS_rep_1,GCA_035352255.1,DAOPXL010000001.1,dppA,44,1.822e-6,0.244
FW_TWAS_AS_rep_1,GCA_035352255.1,DAOPXL010000280.1,oppA,136,1.526e-37,0.341
FW_TWAS_AS_rep_1,GCA_035352255.1,DAOPXL010000073.1,dppA,109,2.085e-28,0.282
FW_TWAS_AS_rep_1,GCA_035352255.1,DAOPXL010000274.1,tdcB,146,1.729e-40,0.345
FW_TWAS_AS_rep_1,GCA_035352255.1,DAOPXL010000001.1,dppC,162,8.194e-45,0.358
FW_TWAS_AS_rep_1,GCA_035352255.1,DAOPXL010000030.1,dppA,308,4.74e-92,0.365
FW_TWAS_AS_rep_1,GCA_035352255.1,DAOPXL010000144.1,sucC,249,1.32e-74,0.362
FW_TWAS_AS_rep_1,GCA_035352255.1,DAOPXL010000054.1,frhG,50,5.368e-8,0.33
FW_TWAS_AS_rep_1,GCA_035352255.1,DAOPXL010000357.1,dppA,82,1.376e-19,0.292
FW_TWAS_AS_rep_1,GCA_035352255.1,DAOPXL010000028.1,pepN,71,1.046e-14,0.28
FW_TWAS_AS_rep_1,GCA_035352255.1,DAOPXL010000039.1,pfor,49,2.291e-9,0.302
FW_TWAS_AS_rep_1,GCA_035352255.1,DAOPXL010000107.1,agl,226,8.953e-65,0.331
FW_TWAS_AS_rep_1,GCA_035352255.1,DAOPXL010000244.1,pepT,212,1.358e-61,0.383
FW_TWAS_AS_rep_1,GCA_035352255.1,DAOPXL010000079.1,pepT,44,7.746e-7,0.282
FW_TWAS_AS_rep_1,GCA_035352255.1,DAOPXL010000192.1,frhG,57,1.381e-11,0.315
FW_TWAS_AS_rep_1,GCA_035352255.1,DAOPXL010000267.1,fwdA,41,3.297e-6,0.363
FW_TWAS_AS_rep_1,GCA_035352255.1,DAOPXL010000116.1,fwdA,45,5.305e-7,0.339
FW_TWAS_AS_rep_1,GCA_035352255.1,DAOPXL010000046.1,frhG,42,5.427e-6,0.407
FW_TWAS_AS_rep_1,GCA_035352255.1,DAOPXL010000073.1,dppC,240,6.513e-73,0.423
FW_TWAS_AS_rep_1,GCA_035352255.1,DAOPXL010000003.1,dppC,98,1.722e-26,0.46
FW_TWAS_AS_rep_1,GCA_035352255.1,DAOPXL010000144.1,sucD,194,5.496e-58,0.484
FW_TWAS_AS_rep_1,GCA_035352255.1,DAOPXL010000253.1,pepA,350,5.119e-108,0.428
FW_TWAS_AS_rep_1,GCA_035352255.1,DAOPXL010000269.1,pfkA,145,3.946e-41,0.382
FW_TWAS_AS_rep_1,GCA_035352255.1,DAOPXL010000347.1,etfB,87,1.304e-21,0.348
FW_TWAS_AS_rep_1,GCA_035352255.1,DAOPXL010000348.1,cazy_GH13,77,1.472e-16,0.252
FW_TWAS_AS_rep_1,GCA_035352255.1,DAOPXL010000258.1,dtpT,44,1.294e-6,0.359
FW_TWAS_AS_rep_1,GCA_035352255.1,DAOPXL010000001.1,oppA,64,1.758e-12,0.264
FW_TWAS_AS_rep_1,GCA_035352255.1,DAOPXL010000073.1,dppB,231,1.971e-69,0.39
FW_TWAS_AS_rep_1,GCA_035352255.1,DAOPXL010000092.1,adhE,181,1.605e-53,0.428
FW_TWAS_AS_rep_1,GCA_035352255.1,DAOPXL010000107.1,cazy_GH13,187,1.207e-51,0.358
FW_TWAS_AS_rep_1,GCA_035352255.1,DAOPXL010000129.1,oppB,186,2.438e-56,0.521
FW_TWAS_AS_rep_1,GCA_035352255.1,DAOPXL010000368.1,frhB,44,2.361e-6,0.354
FW_TWAS_AS_rep_1,GCA_035352255.1,DAOPXL010000027.1,frhB,50,4.527e-9,0.411
FW_TWAS_AS_rep_1,GCA_035352255.1,DAOPXL010000290.1,sucD,120,3.932e-34,0.496
FW_TWAS_AS_rep_1,GCA_035352255.1,DAOPXL010000003.1,oppB,250,4.968e-76,0.464
FW_TWAS_AS_rep_1,GCA_035352255.1,DAOPXL010000368.1,rnfB,48,1.482e-7,0.375
FW_TWAS_AS_rep_1,GCA_035352255.1,DAOPXL010000091.1,frhB,50,3.126e-11,0.456
FW_TWAS_AS_rep_1,GCA_035352255.1,DAOPXL010000136.1,adhE,169,3.097e-47,0.316
FW_TWAS_AS_rep_1,GCA_035352255.1,DAOPXL010000003.1,dppA,198,1.168e-55,0.291
FW_TWAS_AS_rep_1,GCA_035352255.1,DAOPXL010000003.1,oppA,140,1.288e-36,0.267
FW_TWAS_AS_rep_1,GCA_035352255.1,DAOPXL010000165.1,agl,276,1.347e-81,0.394
FW_TWAS_AS_rep_1,GCA_035352255.1,DAOPXL010000030.1,oppA,339,2.18e-102,0.402
FW_TWAS_AS_rep_1,GCA_035352255.1,DAOPXL010000232.1,dppC,246,9.461e-75,0.452
FW_TWAS_AS_rep_1,GCA_035352255.1,DAOPXL010000111.1,bgl,137,5.534e-37,0.309
FW_TWAS_AS_rep_1,GCA_035352255.1,DAOPXL010000323.1,fwdA,47,1.269e-7,0.218
FW_TWAS_AS_rep_1,GCA_035352255.1,DAOPXL010000003.1,dppB,273,6.376e-84,0.469
FW_TWAS_AS_rep_1,GCA_035352255.1,DAOPXL010000027.1,hydA,55,9.98e-11,0.416
FW_TWAS_AS_rep_1,GCA_035352255.1,DAOPXL010000046.1,fdhA,48,5.391e-9,0.324
FW_TWAS_AS_rep_1,GCA_035352255.1,DAOPXL010000165.1,cazy_GH13,213,4.258e-60,0.38
FW_TWAS_AS_rep_1,GCA_035352255.1,DAOPXL010000347.1,etfA,191,1.428e-54,0.353
FW_TWAS_AS_rep_1,GCA_035352255.1,DAOPXL010000099.1,ackA,311,3.962e-95,0.421
FW_TWAS_AS_rep_1,GCA_035352255.1,DAOPXL010000247.1,hydA,55,3.164e-10,0.297
FW_TWAS_AS_rep_1,GCA_035352255.1,DAOPXL010000091.1,frhG,43,7.176e-9,0.369
FW_TWAS_AS_rep_1,GCA_035352255.1,DAOPXL010000030.1,dppC,293,8.295e-91,0.503
FW_TWAS_AS_rep_1,GCA_035352255.1,DAOPXL010000030.1,oppB,289,1.915e-89,0.505
FW_TWAS_AS_rep_1,GCA_035352255.1,DAOPXL010000027.1,frhG,42,1.124e-6,0.345
FW_TWAS_AS_rep_1,GCA_035352255.1,DAOPXL010000091.1,hydA,42,1.875e-8,0.403
FW_TWAS_AS_rep_1,GCA_035352255.1,DAOPXL010000030.1,dppB,275,2.048e-84,0.478
FW_TWAS_AS_rep_1,GCA_035352255.1,DAOPXL010000146.1,dppA,47,2.985e-9,0.333
FW_TWAS_AS_rep_1,GCA_035352255.1,DAOPXL010000057.1,folD,313,4.693e-98,0.567
FW_TWAS_AS_rep_1,GCA_035352255.1,DAOPXL010000129.1,dppC,195,3.264e-59,0.53
FW_TWAS_AS_rep_1,GCA_035352255.1,DAOPXL010000004.1,pfor,1342,0.0,0.652
FW_TWAS_AS_rep_1,GCA_035352255.1,DAOPXL010000171.1,dppA,60,4.603e-13,0.403
FW_TWAS_AS_rep_1,GCA_035352255.1,DAOPXL010000102.1,oppA,112,8.941e-28,0.283
FW_TWAS_AS_rep_1,GCA_035352255.1,DAOPXL010000013.1,gapA,344,1.365e-107,0.538
FW_TWAS_AS_rep_1,GCA_035352255.1,DAOPXL010000008.1,pfkA,165,9.215e-46,0.319
FW_TWAS_AS_rep_1,GCA_035352255.1,DAOPXL010000048.1,ilvE,306,1.811e-94,0.472
FW_TWAS_AS_rep_1,GCA_035352255.1,DAOPXL010000001.1,oppB,197,1.581e-56,0.412
FW_TWAS_AS_rep_1,GCA_035352255.1,DAOPXL010000129.1,pepQ,82,1.075e-18,0.289
FW_TWAS_AS_rep_1,GCA_035352255.1,DAOPXL010000015.1,fwdA,44,1.567e-6,0.377
FW_TWAS_AS_rep_1,GCA_035352255.1,DAOPXL010000233.1,acs,291,1.042e-86,0.384
FW_TWAS_AS_rep_1,GCA_035352255.1,DAOPXL010000206.1,cazy_GH13,175,1.132e-47,0.356
FW_TWAS_AS_rep_1,GCA_035352255.1,DAOPXL010000039.1,hydA,41,7.675e-7,0.23
FW_TWAS_AS_rep_1,GCA_035352255.1,DAOPXL010000394.1,bgl,77,1.838e-19,0.359
FW_TWAS_AS_rep_1,GCA_035352255.1,DAOPXL010000334.1,oppA,43,5.847e-7,0.272
FW_TWAS_AS_rep_1,GCA_035352255.1,DAOPXL010000247.1,rnfB,51,5.295e-9,0.4
FW_TWAS_AS_rep_1,GCA_035352255.1,DAOPXL010000021.1,pepQ,73,9.767e-16,0.238
FW_TWAS_AS_rep_1,GCA_035352255.1,DAOPXL010000011.1,agl,115,4.148e-28,0.265
FW_TWAS_AS_rep_1,GCA_035352255.1,DAOPXL010000054.1,hydA,89,1.987e-20,0.307
FW_TWAS_AS_rep_1,GCA_035352255.1,DAOPXL010000247.1,frhB,44,8.318e-7,0.414
FW_TWAS_AS_rep_1,GCA_035352255.1,DAOPXL010000011.1,adhE,130,5.256e-37,0.398
FW_TWAS_AS_rep_1,GCA_035352255.1,DAOPXL010000048.1,hydA,44,1.34e-8,0.309
FW_TWAS_AS_rep_1,GCA_035352255.1,DAOPXL010000150.1,sucD,48,2.289e-8,0.307
FW_TWAS_AS_rep_1,GCA_035352255.1,DAOPXL010000073.1,oppA,89,2.056e-21,0.275
FW_TWAS_AS_rep_1,GCA_035352255.1,DAOPXL010000157.1,pepT,215,7.317e-63,0.392
FW_TWAS_AS_rep_1,GCA_035352255.1,DAOPXL010000280.1,dppA,96,5.189e-24,0.302
FW_TWAS_AS_rep_1,GCA_035352255.1,DAOPXL010000255.1,hydA,160,2.372e-46,0.385
FW_TWAS_AS_rep_1,GCA_035417985.1,DAOLQG010000007.1,dppC,202,3.883e-60,0.384
FW_TWAS_AS_rep_1,GCA_035417985.1,DAOLQG010000045.1,cazy_GH13,208,7.157e-58,0.393
FW_TWAS_AS_rep_1,GCA_035417985.1,DAOLQG010000014.1,gdh,65,3.348e-13,0.5
FW_TWAS_AS_rep_1,GCA_035417985.1,DAOLQG010000006.1,dppB,210,7.528e-62,0.376
FW_TWAS_AS_rep_1,GCA_035417985.1,DAOLQG010000001.1,hydA,50,2.153e-10,0.397
FW_TWAS_AS_rep_1,GCA_035417985.1,DAOLQG010000032.1,mmcE,490,1.039e-151,0.421
FW_TWAS_AS_rep_1,GCA_035417985.1,DAOLQG010000017.1,tdcB,42,3.955e-6,0.245
FW_TWAS_AS_rep_1,GCA_035417985.1,DAOLQG010000069.1,ackA,423,4.243e-134,0.566
FW_TWAS_AS_rep_1,GCA_035417985.1,DAOLQG010000004.1,oppB,204,1.942e-60,0.422
FW_TWAS_AS_rep_1,GCA_035417985.1,DAOLQG010000001.1,agl,76,6.505e-16,0.259
FW_TWAS_AS_rep_1,GCA_035417985.1,DAOLQG010000081.1,dppC,271,1.324e-83,0.476
FW_TWAS_AS_rep_1,GCA_035417985.1,DAOLQG010000009.1,ackA,70,4.394e-16,0.406
FW_TWAS_AS_rep_1,GCA_035417985.1,DAOLQG010000046.1,frhG,40,2.169e-7,0.339
FW_TWAS_AS_rep_1,GCA_035417985.1,DAOLQG010000034.1,dppB,145,1.892e-39,0.345
FW_TWAS_AS_rep_1,GCA_035417985.1,DAOLQG010000055.1,lysophospholipase,84,7.254e-20,0.276
FW_TWAS_AS_rep_1,GCA_035417985.1,DAOLQG010000001.1,adh,60,3.593e-12,0.29
FW_TWAS_AS_rep_1,GCA_035417985.1,DAOLQG010000032.1,oppB,155,2.504e-43,0.33
FW_TWAS_AS_rep_1,GCA_035417985.1,DAOLQG010000028.1,fumB,92,6.128e-24,0.352
FW_TWAS_AS_rep_1,GCA_035417985.1,DAOLQG010000046.1,pfor,47,1.451e-7,0.242
FW_TWAS_AS_rep_1,GCA_035417985.1,DAOLQG010000027.1,dppA,130,1.232e-32,0.284
FW_TWAS_AS_rep_1,GCA_035417985.1,DAOLQG010000027.1,dppB,248,8.754e-75,0.413
FW_TWAS_AS_rep_1,GCA_035417985.1,DAOLQG010000018.1,tdcB,112,4.595e-28,0.314
FW_TWAS_AS_rep_1,GCA_035417985.1,DAOLQG010000040.1,adhE,193,1.801e-55,0.336
FW_TWAS_AS_rep_1,GCA_035417985.1,DAOLQG010000032.1,oppA,79,2.636e-17,0.237
FW_TWAS_AS_rep_1,GCA_035417985.1,DAOLQG010000099.1,frhB,51,2.577e-9,0.337
FW_TWAS_AS_rep_1,GCA_035417985.1,DAOLQG010000006.1,dppA,186,1.084e-50,0.334
FW_TWAS_AS_rep_1,GCA_035417985.1,DAOLQG010000001.1,cazy_GH13,132,5.322e-33,0.32
FW_TWAS_AS_rep_1,GCA_035417985.1,DAOLQG010000003.1,pgi,48,1.274e-9,0.352
FW_TWAS_AS_rep_1,GCA_035417985.1,DAOLQG010000027.1,dppC,219,2.888e-63,0.422
FW_TWAS_AS_rep_1,GCA_035417985.1,DAOLQG010000081.1,oppA,173,3.011e-47,0.291
FW_TWAS_AS_rep_1,GCA_035417985.1,DAOLQG010000007.1,pfkA,49,1.438e-8,0.322
FW_TWAS_AS_rep_1,GCA_035417985.1,DAOLQG010000056.1,rnfB,48,5.857e-10,0.356
FW_TWAS_AS_rep_1,GCA_035417985.1,DAOLQG010000034.1,oppB,152,7.87e-41,0.398
FW_TWAS_AS_rep_1,GCA_035417985.1,DAOLQG010000019.1,dppC,184,1.955e-53,0.342
FW_TWAS_AS_rep_1,GCA_035417985.1,DAOLQG010000006.1,oppA,170,1.026e-45,0.311
FW_TWAS_AS_rep_1,GCA_035417985.1,DAOLQG010000099.1,frhG,47,8.242e-8,0.338
FW_TWAS_AS_rep_1,GCA_035417985.1,DAOLQG010000034.1,dppC,134,6.831e-35,0.343
FW_TWAS_AS_rep_1,GCA_035417985.1,DAOLQG010000002.1,xylA,517,3.929e-165,0.557
FW_TWAS_AS_rep_1,GCA_035417985.1,DAOLQG010000010.1,hydA,118,7.621e-29,0.309
FW_TWAS_AS_rep_1,GCA_035417985.1,DAOLQG010000038.1,pepD,436,9.354e-137,0.473
FW_TWAS_AS_rep_1,GCA_035417985.1,DAOLQG010000081.1,oppB,229,6.701e-69,0.431
FW_TWAS_AS_rep_1,GCA_035417985.1,DAOLQG010000056.1,hydA,42,4.489e-6,0.36
FW_TWAS_AS_rep_1,GCA_035417985.1,DAOLQG010000010.1,pepQ,76,1.947e-17,0.297
FW_TWAS_AS_rep_1,GCA_035417985.1,DAOLQG010000081.1,dppB,313,4.319e-97,0.491
FW_TWAS_AS_rep_1,GCA_035417985.1,DAOLQG010000011.1,mmcG,127,5.562e-36,0.484
FW_TWAS_AS_rep_1,GCA_035417985.1,DAOLQG010000026.1,pfor,44,6.53e-7,0.345
FW_TWAS_AS_rep_1,GCA_035417985.1,DAOLQG010000023.1,pfkA,207,4.182e-60,0.396
FW_TWAS_AS_rep_1,GCA_035417985.1,DAOLQG010000038.1,dppB,168,7.503e-48,0.314
FW_TWAS_AS_rep_1,GCA_035417985.1,DAOLQG010000070.1,oppB,192,6.491e-56,0.383
FW_TWAS_AS_rep_1,GCA_035417985.1,DAOLQG010000004.1,oppA,169,1.033e-45,0.285
FW_TWAS_AS_rep_1,GCA_035417985.1,DAOLQG010000001.1,pfor,1387,0.0,0.598
FW_TWAS_AS_rep_1,GCA_035417985.1,DAOLQG010000019.1,oppA,124,7.229e-31,0.236
FW_TWAS_AS_rep_1,GCA_035417985.1,DAOLQG010000021.1,lysophospholipase,47,1.804e-7,0.274
FW_TWAS_AS_rep_1,GCA_035417985.1,DAOLQG010000049.1,fdhA,61,8.142e-12,0.349
FW_TWAS_AS_rep_1,GCA_035417985.1,DAOLQG010000007.1,gapA,332,6.562e-104,0.51
FW_TWAS_AS_rep_1,GCA_035417985.1,DAOLQG010000032.1,dppA,63,3.204e-12,0.221
FW_TWAS_AS_rep_1,GCA_035417985.1,DAOLQG010000070.1,dppC,207,5.045e-61,0.413
FW_TWAS_AS_rep_1,GCA_035417985.1,DAOLQG010000005.1,rnfB,46,2.528e-7,0.288
FW_TWAS_AS_rep_1,GCA_035417985.1,DAOLQG010000019.1,dppA,142,1.229e-36,0.257
FW_TWAS_AS_rep_1,GCA_035417985.1,DAOLQG010000038.1,oppB,205,4.938e-59,0.471
FW_TWAS_AS_rep_1,GCA_035417985.1,DAOLQG010000038.1,oppA,114,5.741e-28,0.261
FW_TWAS_AS_rep_1,GCA_035417985.1,DAOLQG010000010.1,fdhA,736,3.051e-233,0.457
FW_TWAS_AS_rep_1,GCA_035417985.1,DAOLQG010000006.1,dppC,187,6.488e-52,0.445
FW_TWAS_AS_rep_1,GCA_035417985.1,DAOLQG010000004.1,dppC,180,3.611e-52,0.42
FW_TWAS_AS_rep_1,GCA_035417985.1,DAOLQG010000001.1,pta,143,4.001e-39,0.365
FW_TWAS_AS_rep_1,GCA_035417985.1,DAOLQG010000018.1,frhG,42,3.323e-6,0.318
FW_TWAS_AS_rep_1,GCA_035417985.1,DAOLQG010000038.1,dppA,118,2.556e-29,0.278
FW_TWAS_AS_rep_1,GCA_035417985.1,DAOLQG010000007.1,oppB,218,1.376e-64,0.408
FW_TWAS_AS_rep_1,GCA_035417985.1,DAOLQG010000049.1,hydA,465,2.884e-145,0.414
FW_TWAS_AS_rep_1,GCA_035417985.1,DAOLQG010000001.1,rnfB,52,4.252e-9,0.262
FW_TWAS_AS_rep_1,GCA_035417985.1,DAOLQG010000032.1,dppB,156,1.351e-43,0.334
FW_TWAS_AS_rep_1,GCA_035417985.1,DAOLQG010000021.1,cazy_GH13,46,3.913e-7,0.299
FW_TWAS_AS_rep_1,GCA_035417985.1,DAOLQG010000004.1,bgl,374,1.255e-116,0.433
FW_TWAS_AS_rep_1,GCA_035417985.1,DAOLQG010000027.1,oppA,112,4.558e-27,0.244
FW_TWAS_AS_rep_1,GCA_035417985.1,DAOLQG010000001.1,frhB,44,3.337e-8,0.356
FW_TWAS_AS_rep_1,GCA_035417985.1,DAOLQG010000018.1,gdh,448,5.832e-142,0.564
FW_TWAS_AS_rep_1,GCA_035417985.1,DAOLQG010000010.1,ilvE,70,3.399e-15,0.284
FW_TWAS_AS_rep_1,GCA_035417985.1,DAOLQG010000002.1,xylB,169,6.571e-46,0.302
FW_TWAS_AS_rep_1,GCA_035417985.1,DAOLQG010000012.1,agl,103,8.651e-25,0.255
FW_TWAS_AS_rep_1,GCA_035417985.1,DAOLQG010000001.1,frhG,44,1.778e-8,0.328
FW_TWAS_AS_rep_1,GCA_035417985.1,DAOLQG010000005.1,thl,377,4.632e-117,0.528
FW_TWAS_AS_rep_1,GCA_035417985.1,DAOLQG010000007.1,dppB,244,8.225e-74,0.425
FW_TWAS_AS_rep_1,GCA_035417985.1,DAOLQG010000012.1,cazy_GH13,147,3.186e-38,0.332
FW_TWAS_AS_rep_1,GCA_035417985.1,DAOLQG010000007.1,oppA,184,4.808e-51,0.32
FW_TWAS_AS_rep_1,GCA_035417985.1,DAOLQG010000005.1,adh,76,1.441e-17,0.293
FW_TWAS_AS_rep_1,GCA_035417985.1,DAOLQG010000025.1,etfA,235,5.834e-68,0.323
FW_TWAS_AS_rep_1,GCA_035417985.1,DAOLQG010000032.1,dppC,134,3.93e-36,0.314
FW_TWAS_AS_rep_1,GCA_035417985.1,DAOLQG010000008.1,extracellular_protease,201,1.038e-54,0.432
FW_TWAS_AS_rep_1,GCA_035417985.1,DAOLQG010000017.1,cazy_GH13,65,1.05e-12,0.273
FW_TWAS_AS_rep_1,GCA_035417985.1,DAOLQG010000004.1,dppA,184,9.105e-51,0.286
FW_TWAS_AS_rep_1,GCA_035417985.1,DAOLQG010000056.1,pepQ,164,1.321e-45,0.325
FW_TWAS_AS_rep_1,GCA_035417985.1,DAOLQG010000006.1,oppB,214,5.578e-61,0.501
FW_TWAS_AS_rep_1,GCA_035417985.1,DAOLQG010000015.1,pgi,108,1.306e-26,0.31
FW_TWAS_AS_rep_1,GCA_035417985.1,DAOLQG010000005.1,pfor,41,9.366e-6,0.275
FW_TWAS_AS_rep_1,GCA_035417985.1,DAOLQG010000038.1,dppC,177,8.047e-50,0.421
FW_TWAS_AS_rep_1,GCA_035417985.1,DAOLQG010000010.1,rnfB,55,9.682e-10,0.385
FW_TWAS_AS_rep_1,GCA_035417985.1,DAOLQG010000002.1,folD,215,5.533e-64,0.411
FW_TWAS_AS_rep_1,GCA_035417985.1,DAOLQG010000003.1,cat,265,1.089e-82,0.596
FW_TWAS_AS_rep_1,GCA_035417985.1,DAOLQG010000032.1,mmcF,132,2.653e-33,0.5
FW_TWAS_AS_rep_1,GCA_035417985.1,DAOLQG010000046.1,hydA,51,4.096e-11,0.378
FW_TWAS_AS_rep_1,GCA_035417985.1,DAOLQG010000005.1,frhB,44,1.769e-6,0.303
FW_TWAS_AS_rep_1,GCA_035417985.1,DAOLQG010000031.1,fhs,582,3.15e-186,0.542
FW_TWAS_AS_rep_1,GCA_035417985.1,DAOLQG010000039.1,pyk,396,1.942e-123,0.473
FW_TWAS_AS_rep_1,GCA_035417985.1,DAOLQG010000070.1,dppB,203,1.062e-59,0.361
FW_TWAS_AS_rep_1,GCA_035417985.1,DAOLQG010000002.1,cazy_GH13,73,2.718e-15,0.278
FW_TWAS_AS_rep_1,GCA_035417985.1,DAOLQG010000039.1,pfkA,289,1.907e-87,0.476
FW_TWAS_AS_rep_1,GCA_035417985.1,DAOLQG010000045.1,agl,289,1.239e-84,0.382
FW_TWAS_AS_rep_1,GCA_035417985.1,DAOLQG010000025.1,etfB,126,4.591e-32,0.355
FW_TWAS_AS_rep_1,GCA_035417985.1,DAOLQG010000007.1,dppA,211,7.627e-60,0.32
FW_TWAS_AS_rep_1,GCA_035417985.1,DAOLQG010000027.1,oppB,231,2.805e-67,0.436
FW_TWAS_AS_rep_1,GCA_035417985.1,DAOLQG010000037.1,pta,116,3.237e-30,0.287
FW_TWAS_AS_rep_1,GCA_035417985.1,DAOLQG010000055.1,acylglycerol_lipase,164,1.345e-46,0.346
FW_TWAS_AS_rep_1,GCA_035417985.1,DAOLQG010000004.1,dppB,219,3.304e-65,0.434
FW_TWAS_AS_rep_1,GCA_035417985.1,DAOLQG010000019.1,dppB,225,8.85e-67,0.421
FW_TWAS_AS_rep_1,GCA_035417985.1,DAOLQG010000018.1,frhB,51,6.88e-9,0.44
FW_TWAS_AS_rep_1,GCA_035417985.1,DAOLQG010000081.1,dppA,222,3.285e-63,0.323
FW_TWAS_AS_rep_1,GCA_035417985.1,DAOLQG010000005.1,fadA,285,1.621e-85,0.434
FW_TWAS_AS_rep_1,GCA_035417985.1,DAOLQG010000019.1,oppB,198,1.863e-57,0.383
FW_TWAS_AS_rep_1,GCA_035417985.1,DAOLQG010000001.1,ackA,97,2.232e-23,0.273
FW_TWAS_AS_rep_1,GCA_035417985.1,DAOLQG010000002.1,pfkA,118,1.007e-30,0.289
FW_TWAS_AS_rep_1,GCA_035417985.1,DAOLQG010000019.1,cazy_GH13,55,8.633e-10,0.239
FW_TWAS_AS_rep_1,GCA_035417985.1,DAOLQG010000010.1,frhG,42,6.863e-6,0.352
FW_TWAS_AS_rep_1,GCA_035417985.1,DAOLQG010000018.1,rnfB,51,3.917e-9,0.295
FW_TWAS_AS_rep_1,GCA_050287485.1,JBNKBZ010000159.1,pgi,672,3.932e-217,0.636
FW_TWAS_AS_rep_1,GCA_050287485.1,JBNKBZ010000421.1,lctB,244,6.846e-75,0.512
FW_TWAS_AS_rep_1,GCA_050287485.1,JBNKBZ010000173.1,rnfB,41,3.438e-7,0.274
FW_TWAS_AS_rep_1,GCA_050287485.1,JBNKBZ010000055.1,fadB,897,4.484e-292,0.619
FW_TWAS_AS_rep_1,GCA_050287485.1,JBNKBZ010000318.1,acs,83,1.461e-18,0.223
FW_TWAS_AS_rep_1,GCA_050287485.1,JBNKBZ010000318.1,thl,88,1.073e-23,0.51
FW_TWAS_AS_rep_1,GCA_050287485.1,JBNKBZ010000318.1,hbd,198,8.779e-54,0.361
FW_TWAS_AS_rep_1,GCA_050287485.1,JBNKBZ010000168.1,endopeptidase,49,7.761e-11,0.508
FW_TWAS_AS_rep_1,GCA_050287485.1,JBNKBZ010000085.1,agl,59,3.912e-11,0.23
FW_TWAS_AS_rep_1,GCA_050287485.1,JBNKBZ010000253.1,frhA,131,1.797e-34,0.267
FW_TWAS_AS_rep_1,GCA_050287485.1,JBNKBZ010000361.1,frhA,51,8.825e-9,0.224
FW_TWAS_AS_rep_1,GCA_050287485.1,JBNKBZ010000079.1,fadD,323,2.212e-96,0.388
FW_TWAS_AS_rep_1,GCA_050287485.1,JBNKBZ010000287.1,lctC,287,1.683e-88,0.481
FW_TWAS_AS_rep_1,GCA_050287485.1,JBNKBZ010000120.1,acs,859,2.166e-280,0.64
FW_TWAS_AS_rep_1,GCA_050287485.1,JBNKBZ010000149.1,acs,206,8.101e-57,0.285
FW_TWAS_AS_rep_1,GCA_050287485.1,JBNKBZ010000045.1,pepN,393,2.845e-118,0.41
FW_TWAS_AS_rep_1,GCA_050287485.1,JBNKBZ010000085.1,oppA,108,1.002e-25,0.264
FW_TWAS_AS_rep_1,GCA_050287485.1,JBNKBZ010000080.1,etfA,284,1.246e-88,0.619
FW_TWAS_AS_rep_1,GCA_050287485.1,JBNKBZ010000156.1,fwdA,46,2.573e-7,0.428
FW_TWAS_AS_rep_1,GCA_050287485.1,JBNKBZ010000063.1,mvhD,201,2.019e-61,0.569
FW_TWAS_AS_rep_1,GCA_050287485.1,JBNKBZ010000015.1,frhG,43,3.041e-7,0.365
FW_TWAS_AS_rep_1,GCA_050287485.1,JBNKBZ010000341.1,fadD,156,1.686e-41,0.314
FW_TWAS_AS_rep_1,GCA_050287485.1,JBNKBZ010000109.1,etfA,94,3.422e-23,0.302
FW_TWAS_AS_rep_1,GCA_050287485.1,JBNKBZ010000421.1,lctC,171,3.371e-50,0.507
FW_TWAS_AS_rep_1,GCA_050287485.1,JBNKBZ010000354.1,sucC,372,1.916e-116,0.496
FW_TWAS_AS_rep_1,GCA_050287485.1,JBNKBZ010000134.1,etfA,65,1.607e-13,0.404
FW_TWAS_AS_rep_1,GCA_050287485.1,JBNKBZ010000029.1,mvhA,91,8.715e-21,0.231
FW_TWAS_AS_rep_1,GCA_050287485.1,JBNKBZ010000055.1,hbd,189,3.239e-51,0.384
FW_TWAS_AS_rep_1,GCA_050287485.1,JBNKBZ010000290.1,frhA,40,2.98e-7,0.325
FW_TWAS_AS_rep_1,GCA_050287485.1,JBNKBZ010000333.1,dppC,193,3.067e-57,0.438
FW_TWAS_AS_rep_1,GCA_050287485.1,JBNKBZ010000015.1,hydA,45,6.704e-8,0.419
FW_TWAS_AS_rep_1,GCA_050287485.1,JBNKBZ010000056.1,cdhC,46,5.451e-8,0.384
FW_TWAS_AS_rep_1,GCA_050287485.1,JBNKBZ010000321.1,agl,73,3.276e-15,0.418
FW_TWAS_AS_rep_1,GCA_050287485.1,JBNKBZ010000149.1,fadD,171,8.721e-46,0.308
FW_TWAS_AS_rep_1,GCA_050287485.1,JBNKBZ010000325.1,gapA,281,3.913e-86,0.445
FW_TWAS_AS_rep_1,GCA_050287485.1,JBNKBZ010000318.1,crt,109,2.297e-26,0.357
FW_TWAS_AS_rep_1,GCA_050287485.1,JBNKBZ010000211.1,pepQ,167,4.903e-46,0.336
FW_TWAS_AS_rep_1,GCA_050287485.1,JBNKBZ010000029.1,frhA,101,4.491e-24,0.23
FW_TWAS_AS_rep_1,GCA_050287485.1,JBNKBZ010000123.1,fdhA,186,1.215e-49,0.266
FW_TWAS_AS_rep_1,GCA_050287485.1,JBNKBZ010000290.1,mvhG,123,4.647e-32,0.304
FW_TWAS_AS_rep_1,GCA_050287485.1,JBNKBZ010000056.1,rnfB,202,1.173e-61,0.591
FW_TWAS_AS_rep_1,GCA_050287485.1,JBNKBZ010000287.1,lctD,80,4.558e-19,0.45
FW_TWAS_AS_rep_1,GCA_050287485.1,JBNKBZ010000095.1,gdh,441,7.622e-139,0.488
FW_TWAS_AS_rep_1,GCA_050287485.1,JBNKBZ010000109.1,crt,155,1.138e-43,0.397
FW_TWAS_AS_rep_1,GCA_050287485.1,JBNKBZ010000333.1,dppB,299,1.181e-92,0.518
FW_TWAS_AS_rep_1,GCA_050287485.1,JBNKBZ010000085.1,cazy_GH13,86,3.304e-19,0.34
FW_TWAS_AS_rep_1,GCA_050287485.1,JBNKBZ010000085.1,oppB,157,1.663e-43,0.348
FW_TWAS_AS_rep_1,GCA_050287485.1,JBNKBZ010000341.1,acs,46,2.819e-7,0.25
FW_TWAS_AS_rep_1,GCA_050287485.1,JBNKBZ010000182.1,pepA,376,4.361e-116,0.473
FW_TWAS_AS_rep_1,GCA_050287485.1,JBNKBZ010000346.1,acs,535,8.821e-169,0.435
FW_TWAS_AS_rep_1,GCA_050287485.1,JBNKBZ010000147.1,mmcG,179,3.904e-54,0.659
FW_TWAS_AS_rep_1,GCA_050287485.1,JBNKBZ010000055.1,fadD,243,6.604e-70,0.33
FW_TWAS_AS_rep_1,GCA_050287485.1,JBNKBZ010000290.1,frhG,70,7.389e-15,0.282
FW_TWAS_AS_rep_1,GCA_050287485.1,JBNKBZ010000055.1,thl,278,7.395e-84,0.452
FW_TWAS_AS_rep_1,GCA_050287485.1,JBNKBZ010000168.1,fdhA,258,2.267e-73,0.316
FW_TWAS_AS_rep_1,GCA_050287485.1,JBNKBZ010000063.1,pfor,834,5.01e-271,0.601
FW_TWAS_AS_rep_1,GCA_050287485.1,JBNKBZ010000134.1,crt,63,1.191e-12,0.3
FW_TWAS_AS_rep_1,GCA_050287485.1,JBNKBZ010000079.1,acs,94,1.095e-21,0.232
FW_TWAS_AS_rep_1,GCA_050287485.1,JBNKBZ010000361.1,mvhG,40,3.317e-6,0.515
FW_TWAS_AS_rep_1,GCA_050287485.1,JBNKBZ010000134.1,fadB,71,2.871e-15,0.289
FW_TWAS_AS_rep_1,GCA_050287485.1,JBNKBZ010000333.1,dppA,164,3.625e-44,0.277
FW_TWAS_AS_rep_1,GCA_050287485.1,JBNKBZ010000253.1,mvhA,161,1.722e-44,0.293
FW_TWAS_AS_rep_1,GCA_050287485.1,JBNKBZ010000098.1,endopeptidase,180,1.328e-51,0.381
FW_TWAS_AS_rep_1,GCA_050287485.1,JBNKBZ010000313.1,frhG,49,6.119e-8,0.369
FW_TWAS_AS_rep_1,GCA_050287485.1,JBNKBZ010000142.1,pfkA,63,1.478e-12,0.276
FW_TWAS_AS_rep_1,GCA_050287485.1,JBNKBZ010000200.1,endopeptidase,279,2.321e-83,0.45
FW_TWAS_AS_rep_1,GCA_050287485.1,JBNKBZ010000055.1,eda,129,4.656e-36,0.395
FW_TWAS_AS_rep_1,GCA_050287485.1,JBNKBZ010000112.1,ilvE,91,2.933e-22,0.297
FW_TWAS_AS_rep_1,GCA_050287485.1,JBNKBZ010000318.1,etfA,79,3.343e-17,0.333
FW_TWAS_AS_rep_1,GCA_050287485.1,JBNKBZ010000080.1,bcd,119,1.133e-29,0.288
FW_TWAS_AS_rep_1,GCA_050287485.1,JBNKBZ010000080.1,fadE,143,3.092e-37,0.338
FW_TWAS_AS_rep_1,GCA_050287485.1,JBNKBZ010000090.1,fumB,269,3.759e-79,0.368
FW_TWAS_AS_rep_1,GCA_050287485.1,JBNKBZ010000054.1,frhA,56,3.464e-10,0.238
FW_TWAS_AS_rep_1,GCA_050287485.1,JBNKBZ010000135.1,fadA,229,6.804e-68,0.411
FW_TWAS_AS_rep_1,GCA_050287485.1,JBNKBZ010000404.1,frhG,42,9.468e-7,0.29
FW_TWAS_AS_rep_1,GCA_050287485.1,JBNKBZ010000244.1,fumB,273,7.383e-81,0.374
FW_TWAS_AS_rep_1,GCA_050287485.1,JBNKBZ010000307.1,pfor,636,5.403e-205,0.573
FW_TWAS_AS_rep_1,GCA_050287485.1,JBNKBZ010000306.1,tdcB,68,2.575e-14,0.269
FW_TWAS_AS_rep_1,GCA_050287485.1,JBNKBZ010000354.1,sucD,380,3.446e-120,0.651
FW_TWAS_AS_rep_1,GCA_050287485.1,JBNKBZ010000169.1,edd,200,3.079e-56,0.321
FW_TWAS_AS_rep_1,GCA_050287485.1,JBNKBZ010000056.1,frhB,41,1.441e-6,0.465
FW_TWAS_AS_rep_1,GCA_050287485.1,JBNKBZ010000055.1,acs,159,1.98e-42,0.266
FW_TWAS_AS_rep_1,GCA_050287485.1,JBNKBZ010000047.1,ackA,385,1.88e-120,0.528
FW_TWAS_AS_rep_1,GCA_050287485.1,JBNKBZ010000135.1,bcd,114,1.386e-27,0.294
FW_TWAS_AS_rep_1,GCA_050287485.1,JBNKBZ010000355.1,crt,109,3.909e-28,0.298
FW_TWAS_AS_rep_1,GCA_050287485.1,JBNKBZ010000029.1,lctB,59,2.52e-11,0.25
FW_TWAS_AS_rep_1,GCA_050287485.1,JBNKBZ010000301.1,fdhA,51,2.111e-8,0.462
FW_TWAS_AS_rep_1,GCA_050287485.1,JBNKBZ010000290.1,mvhA,63,2.171e-15,0.367
FW_TWAS_AS_rep_1,GCA_050287485.1,JBNKBZ010000318.1,fadD,332,1.106e-99,0.381
FW_TWAS_AS_rep_1,GCA_050287485.1,JBNKBZ010000026.1,folD,345,3.371e-109,0.626
FW_TWAS_AS_rep_1,GCA_050287485.1,JBNKBZ010000055.1,fadA,362,6.929e-113,0.501
FW_TWAS_AS_rep_1,GCA_050287485.1,JBNKBZ010000054.1,frhG,45,5.699e-8,0.318
FW_TWAS_AS_rep_1,GCA_050287485.1,JBNKBZ010000301.1,hydA,66,4.523e-13,0.336
FW_TWAS_AS_rep_1,GCA_050287485.1,JBNKBZ010000245.1,fdhA,259,1.247e-73,0.319
FW_TWAS_AS_rep_1,GCA_050287485.1,JBNKBZ010000213.1,acs,79,1.388e-17,0.24
FW_TWAS_AS_rep_1,GCA_050287485.1,JBNKBZ010000361.1,frhG,41,9.965e-7,0.255
FW_TWAS_AS_rep_1,GCA_050287485.1,JBNKBZ010000182.1,pgi,42,4.951e-7,0.367
FW_TWAS_AS_rep_1,GCA_050287485.1,JBNKBZ010000213.1,tdcB,77,5.16e-17,0.286
FW_TWAS_AS_rep_1,GCA_050287485.1,JBNKBZ010000056.1,hydA,45,7.35e-8,0.338
FW_TWAS_AS_rep_1,GCA_050287485.1,JBNKBZ010000063.1,mvhG,98,8.553e-26,0.365
FW_TWAS_AS_rep_1,GCA_050287485.1,JBNKBZ010000211.1,tdcB,323,8.836e-98,0.439
FW_TWAS_AS_rep_1,GCA_050287485.1,JBNKBZ010000378.1,fadD,157,1.589e-40,0.275
FW_TWAS_AS_rep_1,GCA_050287485.1,JBNKBZ010000244.1,pyk,397,1.058e-122,0.471
FW_TWAS_AS_rep_1,GCA_050287485.1,JBNKBZ010000047.1,pta,203,1.722e-55,0.407
FW_TWAS_AS_rep_1,GCA_050287485.1,JBNKBZ010000085.1,dppA,102,4.892e-24,0.233
FW_TWAS_AS_rep_1,GCA_050287485.1,JBNKBZ010000055.1,etfA,91,1.036e-20,0.358
FW_TWAS_AS_rep_1,GCA_050287485.1,JBNKBZ010000086.1,hydA,43,1.791e-6,0.359
FW_TWAS_AS_rep_1,GCA_050287485.1,JBNKBZ010000135.1,thl,204,2.856e-59,0.393
FW_TWAS_AS_rep_1,GCA_050287485.1,JBNKBZ010000346.1,mmcF,137,9.817e-35,0.51
FW_TWAS_AS_rep_1,GCA_050287485.1,JBNKBZ010000226.1,crt,49,9.811e-9,0.395
FW_TWAS_AS_rep_1,GCA_050287485.1,JBNKBZ010000143.1,pepN,87,2.088e-19,0.235
FW_TWAS_AS_rep_1,GCA_050287485.1,JBNKBZ010000135.1,fadE,103,3.258e-24,0.281
FW_TWAS_AS_rep_1,GCA_050287485.1,JBNKBZ010000346.1,fadD,124,4.64e-31,0.278
FW_TWAS_AS_rep_1,GCA_050287485.1,JBNKBZ010000346.1,mmcE,570,4.753e-179,0.526
FW_TWAS_AS_rep_1,GCA_050287485.1,JBNKBZ010000371.1,rnfB,41,9.813e-8,0.344
FW_TWAS_AS_rep_1,GCA_050287485.1,JBNKBZ010000048.1,pepQ,65,8.029e-14,0.291
FW_TWAS_AS_rep_1,GCA_050287485.1,JBNKBZ010000034.1,etfA,202,6.743e-63,0.83
FW_TWAS_AS_rep_1,GCA_050287485.1,JBNKBZ010000112.1,mdh,171,1.915e-48,0.401
FW_TWAS_AS_rep_1,GCA_050287485.1,JBNKBZ010000213.1,fadD,141,3.71e-37,0.302
FW_TWAS_AS_rep_1,GCA_050287485.1,JBNKBZ010000055.1,crt,112,4.116e-27,0.333
FW_TWAS_AS_rep_1,GCA_050287485.1,JBNKBZ010000080.1,etfB,301,1.655e-94,0.658
FW_TWAS_AS_rep_1,GCA_050287485.1,JBNKBZ010000120.1,fadD,126,1.262e-31,0.26
FW_TWAS_AS_rep_1,GCA_050287485.1,JBNKBZ010000318.1,fadB,355,9.814e-106,0.339
FW_TWAS_AS_rep_1,GCA_050287485.1,JBNKBZ010000318.1,fadA,80,4.411e-21,0.457
FW_TWAS_AS_rep_1,GCA_050287485.1,JBNKBZ010000378.1,acs,85,1.02e-18,0.247
FW_TWAS_AS_rep_1,GCA_050287485.1,JBNKBZ010000333.1,oppA,156,1.369e-41,0.275
FW_TWAS_AS_rep_1,GCA_050287485.1,JBNKBZ010000108.1,pfkA,203,3.991e-59,0.367
FW_TWAS_AS_rep_1,GCA_050287485.1,JBNKBZ010000416.1,lctD,40,3.141e-8,0.545
FW_TWAS_AS_rep_1,GCA_050287485.1,JBNKBZ010000085.1,dppB,147,4.788e-40,0.305
FW_TWAS_AS_rep_1,GCA_050287485.1,JBNKBZ010000015.1,fdhA,119,2.397e-29,0.264
FW_TWAS_AS_rep_1,GCA_050287485.1,JBNKBZ010000333.1,oppB,233,4.487e-70,0.46
FW_TWAS_AS_rep_1,GCA_050287485.1,JBNKBZ010000035.1,gapA,333,3.696e-104,0.5
FW_TWAS_AS_rep_1,GCA_050287485.1,JBNKBZ010000321.1,cazy_GH13,111,8.283e-27,0.303
FW_TWAS_AS_rep_1,GCA_050287485.1,JBNKBZ010000103.1,gdh,51,6.464e-9,0.436
FW_TWAS_AS_rep_1,GCA_050287485.1,JBNKBZ010000015.1,frhB,43,2.249e-7,0.298
FW_TWAS_AS_rep_1,GCA_044227805.1,JBGAWA010000002.1,adh,43,7.535e-7,0.291
FW_TWAS_AS_rep_1,GCA_044227805.1,JBGAWA010000011.1,frhB,47,2.257e-7,0.416
FW_TWAS_AS_rep_1,GCA_044227805.1,JBGAWA010000039.1,lctC,43,5.055e-7,0.472
FW_TWAS_AS_rep_1,GCA_044227805.1,JBGAWA010000160.1,pepN,115,3.095e-28,0.255
FW_TWAS_AS_rep_1,GCA_044227805.1,JBGAWA010000089.1,agl,98,2.045e-23,0.294
FW_TWAS_AS_rep_1,GCA_044227805.1,JBGAWA010000172.1,fadA,184,5.391e-54,0.447
FW_TWAS_AS_rep_1,GCA_044227805.1,JBGAWA010000078.1,etfA,91,2.017e-22,0.315
FW_TWAS_AS_rep_1,GCA_044227805.1,JBGAWA010000088.1,pepO,600,3.202e-190,0.449
FW_TWAS_AS_rep_1,GCA_044227805.1,JBGAWA010000007.1,pfkA,261,2.424e-79,0.454
FW_TWAS_AS_rep_1,GCA_044227805.1,JBGAWA010000061.1,cazy_GH43,59,3.43e-11,0.261
FW_TWAS_AS_rep_1,GCA_044227805.1,JBGAWA010000011.1,cazy_GH13,86,1.118e-19,0.281
FW_TWAS_AS_rep_1,GCA_044227805.1,JBGAWA010000145.1,susC,207,1.825e-58,0.327
FW_TWAS_AS_rep_1,GCA_044227805.1,JBGAWA010000048.1,susC,437,5.194e-135,0.408
FW_TWAS_AS_rep_1,GCA_044227805.1,JBGAWA010000005.1,pepN,216,6.69e-59,0.317
FW_TWAS_AS_rep_1,GCA_044227805.1,JBGAWA010000088.1,sucC,365,3.799e-114,0.488
FW_TWAS_AS_rep_1,GCA_044227805.1,JBGAWA010000122.1,susC,62,6.653e-13,0.341
FW_TWAS_AS_rep_1,GCA_044227805.1,JBGAWA010000108.1,acs,761,5.175e-246,0.591
FW_TWAS_AS_rep_1,GCA_044227805.1,JBGAWA010000078.1,crt,163,7.055e-47,0.395
FW_TWAS_AS_rep_1,GCA_044227805.1,JBGAWA010000054.1,mvhA,446,1.516e-140,0.461
FW_TWAS_AS_rep_1,GCA_044227805.1,JBGAWA010000004.1,susC,716,7.128e-225,0.436
FW_TWAS_AS_rep_1,GCA_044227805.1,JBGAWA010000065.1,fdhA,98,1.37e-25,0.36
FW_TWAS_AS_rep_1,GCA_044227805.1,JBGAWA010000033.1,sucD,326,2.015e-102,0.566
FW_TWAS_AS_rep_1,GCA_044227805.1,JBGAWA010000061.1,bcd,233,5.008e-68,0.357
FW_TWAS_AS_rep_1,GCA_044227805.1,JBGAWA010000054.1,hydA,85,2.534e-19,0.248
FW_TWAS_AS_rep_1,GCA_044227805.1,JBGAWA010000009.1,acs,49,6.202e-8,0.24
FW_TWAS_AS_rep_1,GCA_044227805.1,JBGAWA010000053.1,pyk,334,2.866e-104,0.504
FW_TWAS_AS_rep_1,GCA_044227805.1,JBGAWA010000078.1,endopeptidase,41,8.981e-6,0.25
FW_TWAS_AS_rep_1,GCA_044227805.1,JBGAWA010000024.1,extracellular_protease,73,1.821e-15,0.367
FW_TWAS_AS_rep_1,GCA_044227805.1,JBGAWA010000007.1,extracellular_protease,146,5.217e-38,0.317
FW_TWAS_AS_rep_1,GCA_044227805.1,JBGAWA010000068.1,frhA,95,7.894e-23,0.255
FW_TWAS_AS_rep_1,GCA_044227805.1,JBGAWA010000015.1,susC,302,1.408e-86,0.285
FW_TWAS_AS_rep_1,GCA_044227805.1,JBGAWA010000051.1,hbd,171,3.201e-51,0.537
FW_TWAS_AS_rep_1,GCA_044227805.1,JBGAWA010000092.1,dppA,67,1.811e-13,0.227
FW_TWAS_AS_rep_1,GCA_044227805.1,JBGAWA010000016.1,ilvE,277,2.202e-84,0.438
FW_TWAS_AS_rep_1,GCA_044227805.1,JBGAWA010000045.1,gdh,614,2.23e-199,0.68
FW_TWAS_AS_rep_1,GCA_044227805.1,JBGAWA010000121.1,fadE,260,3.511e-78,0.41
FW_TWAS_AS_rep_1,GCA_044227805.1,JBGAWA010000006.1,cazy_GH13,85,1.267e-18,0.294
FW_TWAS_AS_rep_1,GCA_044227805.1,JBGAWA010000074.1,fadE,269,5.054e-81,0.422
FW_TWAS_AS_rep_1,GCA_044227805.1,JBGAWA010000124.1,etfA,141,1.699e-39,0.4
FW_TWAS_AS_rep_1,GCA_044227805.1,JBGAWA010000102.1,fwdA,49,4.315e-9,0.421
FW_TWAS_AS_rep_1,GCA_044227805.1,JBGAWA010000025.1,fadA,353,3.931e-110,0.524
FW_TWAS_AS_rep_1,GCA_044227805.1,JBGAWA010000012.1,fadB,64,3.665e-15,0.393
FW_TWAS_AS_rep_1,GCA_044227805.1,JBGAWA010000081.1,susC,46,2.66e-7,0.25
FW_TWAS_AS_rep_1,GCA_044227805.1,JBGAWA010000025.1,thl,296,2.011e-90,0.459
FW_TWAS_AS_rep_1,GCA_044227805.1,JBGAWA010000004.1,pepD,66,4.721e-14,0.262
FW_TWAS_AS_rep_1,GCA_044227805.1,JBGAWA010000022.1,folD,325,5.057e-102,0.58
FW_TWAS_AS_rep_1,GCA_044227805.1,JBGAWA010000034.1,susD,167,1.916e-45,0.314
FW_TWAS_AS_rep_1,GCA_044227805.1,JBGAWA010000090.1,susC,106,3.038e-25,0.339
FW_TWAS_AS_rep_1,GCA_044227805.1,JBGAWA010000014.1,susC,58,1.328e-10,0.32
FW_TWAS_AS_rep_1,GCA_044227805.1,JBGAWA010000058.1,mmcF,77,4.358e-16,0.313
FW_TWAS_AS_rep_1,GCA_044227805.1,JBGAWA010000012.1,hbd,130,4.381e-38,0.603
FW_TWAS_AS_rep_1,GCA_044227805.1,JBGAWA010000103.1,pepN,99,3.431e-23,0.24
FW_TWAS_AS_rep_1,GCA_044227805.1,JBGAWA010000154.1,fadA,253,1.646e-75,0.389
FW_TWAS_AS_rep_1,GCA_044227805.1,JBGAWA010000002.1,fadB,172,1.818e-49,0.361
FW_TWAS_AS_rep_1,GCA_044227805.1,JBGAWA010000154.1,thl,426,5.334e-135,0.582
FW_TWAS_AS_rep_1,GCA_044227805.1,JBGAWA010000009.1,fadD,316,6.246e-94,0.356
FW_TWAS_AS_rep_1,GCA_044227805.1,JBGAWA010000019.1,endopeptidase,44,1.175e-6,0.319
FW_TWAS_AS_rep_1,GCA_044227805.1,JBGAWA010000003.1,susC,104,1.775e-24,0.355
FW_TWAS_AS_rep_1,GCA_044227805.1,JBGAWA010000145.1,susD,69,2.511e-14,0.268
FW_TWAS_AS_rep_1,GCA_044227805.1,JBGAWA010000027.1,extracellular_protease,48,3.034e-8,0.329
FW_TWAS_AS_rep_1,GCA_044227805.1,JBGAWA010000068.1,hydA,49,1.91e-9,0.366
FW_TWAS_AS_rep_1,GCA_044227805.1,JBGAWA010000058.1,mmcE,300,1.915e-84,0.372
FW_TWAS_AS_rep_1,GCA_044227805.1,JBGAWA010000005.1,hbd,69,4.379e-15,0.368
FW_TWAS_AS_rep_1,GCA_044227805.1,JBGAWA010000034.1,adhE,57,1.038e-10,0.243
FW_TWAS_AS_rep_1,GCA_044227805.1,JBGAWA010000004.1,susD,118,1.718e-29,0.313
FW_TWAS_AS_rep_1,GCA_044227805.1,JBGAWA010000051.1,fadB,128,2.62e-36,0.429
FW_TWAS_AS_rep_1,GCA_044227805.1,JBGAWA010000005.1,pepO,560,2.694e-176,0.455
FW_TWAS_AS_rep_1,GCA_044227805.1,JBGAWA010000016.1,etfB,147,1.452e-41,0.39
FW_TWAS_AS_rep_1,GCA_044227805.1,JBGAWA010000164.1,oppB,158,5.993e-43,0.298
FW_TWAS_AS_rep_1,GCA_044227805.1,JBGAWA010000092.1,oppA,119,1.752e-29,0.252
FW_TWAS_AS_rep_1,GCA_044227805.1,JBGAWA010000004.1,agl,167,4.637e-45,0.31
FW_TWAS_AS_rep_1,GCA_044227805.1,JBGAWA010000095.1,susC,61,2.777e-11,0.219
FW_TWAS_AS_rep_1,GCA_044227805.1,JBGAWA010000002.1,mvhG,50,1.343e-9,0.321
FW_TWAS_AS_rep_1,GCA_044227805.1,JBGAWA010000016.1,lysophospholipase,42,2.571e-6,0.22
FW_TWAS_AS_rep_1,GCA_044227805.1,JBGAWA010000162.1,fwdA,46,3.989e-7,0.4
FW_TWAS_AS_rep_1,GCA_044227805.1,JBGAWA010000076.1,pepN,50,3.228e-8,0.252
FW_TWAS_AS_rep_1,GCA_044227805.1,JBGAWA010000059.1,crt,209,6.649e-63,0.48
FW_TWAS_AS_rep_1,GCA_044227805.1,JBGAWA010000151.1,pepQ,145,1.125e-38,0.299
FW_TWAS_AS_rep_1,GCA_044227805.1,JBGAWA010000085.1,lctC,374,8.396e-118,0.5
FW_TWAS_AS_rep_1,GCA_044227805.1,JBGAWA010000094.1,susC,327,2.14e-93,0.278
FW_TWAS_AS_rep_1,GCA_044227805.1,JBGAWA010000026.1,extracellular_protease,123,6.092e-31,0.441
FW_TWAS_AS_rep_1,GCA_044227805.1,JBGAWA010000107.1,cazy_GH13,60,2.511e-11,0.25
FW_TWAS_AS_rep_1,GCA_044227805.1,JBGAWA010000037.1,pfkA,49,1.368e-8,0.254
FW_TWAS_AS_rep_1,GCA_044227805.1,JBGAWA010000070.1,endopeptidase,44,2.168e-6,0.337
FW_TWAS_AS_rep_1,GCA_044227805.1,JBGAWA010000051.1,pepN,125,5.981e-31,0.266
FW_TWAS_AS_rep_1,GCA_044227805.1,JBGAWA010000074.1,bcd,367,7.614e-115,0.515
FW_TWAS_AS_rep_1,GCA_044227805.1,JBGAWA010000110.1,mmcE,684,1.331e-221,0.649
FW_TWAS_AS_rep_1,GCA_044227805.1,JBGAWA010000059.1,etfA,163,7.31e-47,0.453
FW_TWAS_AS_rep_1,GCA_044227805.1,JBGAWA010000011.1,pfor,1420,0.0,0.606
FW_TWAS_AS_rep_1,GCA_044227805.1,JBGAWA010000014.1,pgi,131,9.79e-38,0.531
FW_TWAS_AS_rep_1,GCA_044227805.1,JBGAWA010000007.1,pepT,233,1.402e-68,0.389
FW_TWAS_AS_rep_1,GCA_044227805.1,JBGAWA010000036.1,gdh,135,1.276e-35,0.329
FW_TWAS_AS_rep_1,GCA_044227805.1,JBGAWA010000149.1,agl,74,1.263e-15,0.255
FW_TWAS_AS_rep_1,GCA_044227805.1,JBGAWA010000054.1,fdhA,51,6.671e-9,0.298
FW_TWAS_AS_rep_1,GCA_044227805.1,JBGAWA010000011.1,rnfB,45,9.029e-7,0.403
FW_TWAS_AS_rep_1,GCA_044227805.1,JBGAWA010000061.1,fadE,205,1.549e-58,0.359
FW_TWAS_AS_rep_1,GCA_044227805.1,JBGAWA010000048.1,susD,254,1.719e-74,0.402
FW_TWAS_AS_rep_1,GCA_044227805.1,JBGAWA010000047.1,lctB,243,1.232e-74,0.463
FW_TWAS_AS_rep_1,GCA_044227805.1,JBGAWA010000059.1,mmcF,171,1.103e-51,0.621
FW_TWAS_AS_rep_1,GCA_044227805.1,JBGAWA010000048.1,glcP,183,7.438e-51,0.324
FW_TWAS_AS_rep_1,GCA_044227805.1,JBGAWA010000039.1,lctD,72,1.242e-16,0.38
FW_TWAS_AS_rep_1,GCA_044227805.1,JBGAWA010000054.1,frhA,142,1.845e-37,0.276
FW_TWAS_AS_rep_1,GCA_044227805.1,JBGAWA010000008.1,gdh,495,1.828e-157,0.545
FW_TWAS_AS_rep_1,GCA_044227805.1,JBGAWA010000002.1,hbd,250,3.385e-76,0.475
FW_TWAS_AS_rep_1,GCA_044227805.1,JBGAWA010000102.1,rnfB,43,1.964e-6,0.38
FW_TWAS_AS_rep_1,GCA_044227805.1,JBGAWA010000033.1,adh,79,1.517e-18,0.293
FW_TWAS_AS_rep_1,GCA_044227805.1,JBGAWA010000108.1,fadD,124,4.199e-31,0.269
FW_TWAS_AS_rep_1,GCA_044227805.1,JBGAWA010000164.1,dppB,126,4.873e-36,0.459
FW_TWAS_AS_rep_1,GCA_044227805.1,JBGAWA010000011.1,agl,56,1.786e-10,0.262
FW_TWAS_AS_rep_1,GCA_044227805.1,JBGAWA010000011.1,hydA,41,3.837e-7,0.297
FW_TWAS_AS_rep_1,GCA_044227805.1,JBGAWA010000096.1,pepO,627,1.923e-199,0.482
FW_TWAS_AS_rep_1,GCA_044227805.1,JBGAWA010000065.1,pyk,50,8.059e-11,0.457
FW_TWAS_AS_rep_1,GCA_044227805.1,JBGAWA010000004.1,cazy_GH13,204,1.999e-57,0.395
FW_TWAS_AS_rep_1,GCA_044227805.1,JBGAWA010000025.1,fadB,137,9.729e-35,0.319
FW_TWAS_AS_rep_1,GCA_044227805.1,JBGAWA010000025.1,fadE,228,7.864e-65,0.39
FW_TWAS_AS_rep_1,GCA_044227805.1,JBGAWA010000079.1,mvhG,42,1.374e-6,0.454
FW_TWAS_AS_rep_1,GCA_044227805.1,JBGAWA010000079.1,frhG,46,2.996e-8,0.384
FW_TWAS_AS_rep_1,GCA_044227805.1,JBGAWA010000089.1,cazy_GH13,107,2.735e-26,0.297
FW_TWAS_AS_rep_1,GCA_044227805.1,JBGAWA010000054.1,mvhG,127,5.289e-33,0.385
FW_TWAS_AS_rep_1,GCA_044227805.1,JBGAWA010000164.1,dppC,137,3.667e-36,0.308
FW_TWAS_AS_rep_1,GCA_044227805.1,JBGAWA010000019.1,mdh,273,5.231e-84,0.464
FW_TWAS_AS_rep_1,GCA_044227805.1,JBGAWA010000038.1,fhs,572,9.284e-183,0.53
FW_TWAS_AS_rep_1,GCA_044227805.1,JBGAWA010000002.1,hydA,43,2.075e-7,0.296
FW_TWAS_AS_rep_1,GCA_044227805.1,JBGAWA010000118.1,crt,139,1.207e-38,0.338
FW_TWAS_AS_rep_1,GCA_044227805.1,JBGAWA010000025.1,bcd,255,8.387e-74,0.386
FW_TWAS_AS_rep_1,GCA_044227805.1,JBGAWA010000018.1,gdh,44,1.136e-6,0.328
FW_TWAS_AS_rep_1,GCA_044227805.1,JBGAWA010000124.1,crt,281,1.157e-87,0.586
FW_TWAS_AS_rep_1,GCA_044227805.1,JBGAWA010000007.1,pepN,123,1.065e-30,0.282
FW_TWAS_AS_rep_1,GCA_044227805.1,JBGAWA010000172.1,thl,192,1.424e-56,0.441
FW_TWAS_AS_rep_1,GCA_044227805.1,JBGAWA010000059.1,fadB,137,6.207e-38,0.381
FW_TWAS_AS_rep_1,GCA_044227805.1,JBGAWA010000016.1,adh,53,8.212e-10,0.269
FW_TWAS_AS_rep_1,GCA_044227805.1,JBGAWA010000025.1,hbd,138,7.361e-35,0.258
FW_TWAS_AS_rep_1,GCA_044227805.1,JBGAWA010000149.1,cazy_GH13,121,4.91e-30,0.273
FW_TWAS_AS_rep_1,GCA_044227805.1,JBGAWA010000002.1,susD,176,5.998e-49,0.364
FW_TWAS_AS_rep_1,GCA_044227805.1,JBGAWA010000002.1,susC,571,2.147e-176,0.386
FW_TWAS_AS_rep_1,GCA_044227805.1,JBGAWA010000168.1,pepN,140,4.918e-36,0.29
FW_TWAS_AS_rep_1,GCA_044227805.1,JBGAWA010000002.1,mmcG,100,4.019e-27,0.428
FW_TWAS_AS_rep_1,GCA_044227805.1,JBGAWA010000040.1,lysophospholipase,45,4.592e-7,0.241
FW_TWAS_AS_rep_1,GCA_044227805.1,JBGAWA010000016.1,etfA,158,3.059e-47,0.609
FW_TWAS_AS_rep_1,GCA_044227805.1,JBGAWA010000119.1,cat,257,4.514e-80,0.59
FW_TWAS_AS_rep_1,GCA_044227805.1,JBGAWA010000079.1,frhB,42,1.071e-6,0.306
FW_TWAS_AS_rep_1,GCA_044227805.1,JBGAWA010000171.1,tdcB,167,3.116e-49,0.497
FW_TWAS_AS_rep_1,GCA_044227805.1,JBGAWA010000088.1,sucD,99,6.054e-24,0.426
FW_TWAS_AS_rep_1,GCA_044227805.1,JBGAWA010000124.1,fadB,126,3.048e-34,0.4
FW_TWAS_AS_rep_1,GCA_044227805.1,JBGAWA010000043.1,pepA,311,6.963e-96,0.464
FW_TWAS_AS_rep_1,GCA_044227805.1,JBGAWA010000034.1,dtpT,307,1.239e-91,0.367
FW_TWAS_AS_rep_1,GCA_044227805.1,JBGAWA010000027.1,susC,57,2.656e-10,0.24
FW_TWAS_AS_rep_1,GCA_044227805.1,JBGAWA010000002.1,rnfB,42,3.802e-7,0.372
FW_TWAS_AS_rep_1,GCA_044227805.1,JBGAWA010000034.1,susC,641,8.192e-199,0.386
FW_TWAS_AS_rep_1,GCA_044227805.1,JBGAWA010000010.1,pepD,50,6.56e-9,0.272
FW_TWAS_AS_rep_1,GCA_044227805.1,JBGAWA010000121.1,bcd,370,4.53e-116,0.504
FW_TWAS_AS_rep_1,GCA_044227805.1,JBGAWA010000058.1,pta,173,1.066e-47,0.349
FW_TWAS_AS_rep_1,GCA_044227805.1,JBGAWA010000054.1,frhG,87,6.065e-20,0.356
FW_TWAS_AS_rep_1,GCA_031972215.1,DALYFD010000007.1,tdcB,128,1.662e-33,0.356
FW_TWAS_AS_rep_1,GCA_031972215.1,DALYFD010000004.1,crt,41,5.438e-6,0.32
FW_TWAS_AS_rep_1,GCA_031972215.1,DALYFD010000010.1,oppA,119,1.733e-29,0.265
FW_TWAS_AS_rep_1,GCA_031972215.1,DALYFD010000002.1,pyk,346,2.744e-106,0.434
FW_TWAS_AS_rep_1,GCA_031972215.1,DALYFD010000002.1,folD,177,1.42e-51,0.375
FW_TWAS_AS_rep_1,GCA_031972215.1,DALYFD010000001.1,ackA,163,4.587e-45,0.333
FW_TWAS_AS_rep_1,GCA_031972215.1,DALYFD010000001.1,bgl,174,1.088e-48,0.29
FW_TWAS_AS_rep_1,GCA_031972215.1,DALYFD010000010.1,pepQ,84,2.596e-19,0.254
FW_TWAS_AS_rep_1,GCA_031972215.1,DALYFD010000010.1,dppA,78,5.691e-17,0.238
FW_TWAS_AS_rep_1,GCA_031972215.1,DALYFD010000001.1,acylglycerol_lipase,49,8.968e-9,0.278
FW_TWAS_AS_rep_1,GCA_031972215.1,DALYFD010000003.1,gapA,307,8.938e-95,0.468
FW_TWAS_AS_rep_1,GCA_031972215.1,DALYFD010000003.1,pepN,198,2.141e-53,0.325
FW_TWAS_AS_rep_1,GCA_044238845.1,JBIICN010000017.1,dtpT,336,9.186e-102,0.392
FW_TWAS_AS_rep_1,GCA_044238845.1,JBIICN010000002.1,lysophospholipase,55,9.566e-11,0.336
FW_TWAS_AS_rep_1,GCA_044238845.1,JBIICN010000024.1,endopeptidase,46,2.783e-7,0.408
FW_TWAS_AS_rep_1,GCA_044238845.1,JBIICN010000006.1,adh,76,2.834e-17,0.278
FW_TWAS_AS_rep_1,GCA_044238845.1,JBIICN010000009.1,crt,205,1.931e-61,0.44
FW_TWAS_AS_rep_1,GCA_044238845.1,JBIICN010000001.1,endopeptidase,246,1.93e-70,0.452
FW_TWAS_AS_rep_1,GCA_044238845.1,JBIICN010000006.1,thl,302,3.478e-92,0.452
FW_TWAS_AS_rep_1,GCA_044238845.1,JBIICN010000023.1,pyk,372,3.806e-115,0.444
FW_TWAS_AS_rep_1,GCA_044238845.1,JBIICN010000005.1,oppA,212,2.306e-59,0.297
FW_TWAS_AS_rep_1,GCA_044238845.1,JBIICN010000006.1,mmcF,128,5.666e-32,0.51
FW_TWAS_AS_rep_1,GCA_044238845.1,JBIICN010000032.1,pfkA,235,2.761e-70,0.432
FW_TWAS_AS_rep_1,GCA_044238845.1,JBIICN010000008.1,extracellular_protease,130,5.054e-33,0.439
FW_TWAS_AS_rep_1,GCA_044238845.1,JBIICN010000031.1,mmcG,102,1.335e-27,0.401
FW_TWAS_AS_rep_1,GCA_044238845.1,JBIICN010000053.1,acylglycerol_lipase,49,7.553e-9,0.272
FW_TWAS_AS_rep_1,GCA_044238845.1,JBIICN010000026.1,hydA,76,7.712e-17,0.257
FW_TWAS_AS_rep_1,GCA_044238845.1,JBIICN010000026.1,oppA,201,3.299e-56,0.314
FW_TWAS_AS_rep_1,GCA_044238845.1,JBIICN010000014.1,extracellular_protease,145,6.989e-37,0.363
FW_TWAS_AS_rep_1,GCA_044238845.1,JBIICN010000013.1,dppB,221,2.139e-65,0.376
FW_TWAS_AS_rep_1,GCA_044238845.1,JBIICN010000034.1,dppC,116,2.1e-29,0.302
FW_TWAS_AS_rep_1,GCA_044238845.1,JBIICN010000011.1,hbd,306,2.845e-95,0.549
FW_TWAS_AS_rep_1,GCA_044238845.1,JBIICN010000034.1,oppB,130,4.707e-34,0.339
FW_TWAS_AS_rep_1,GCA_044238845.1,JBIICN010000027.1,fadB,183,7.066e-52,0.334
FW_TWAS_AS_rep_1,GCA_044238845.1,JBIICN010000069.1,thl,430,1.628e-136,0.576
FW_TWAS_AS_rep_1,GCA_044238845.1,JBIICN010000052.1,adh,76,1.676e-17,0.304
FW_TWAS_AS_rep_1,GCA_044238845.1,JBIICN010000025.1,fhs,666,3.332e-215,0.598
FW_TWAS_AS_rep_1,GCA_044238845.1,JBIICN010000034.1,oppA,110,1.249e-26,0.25
FW_TWAS_AS_rep_1,GCA_044238845.1,JBIICN010000045.1,pepN,56,8.547e-10,0.231
FW_TWAS_AS_rep_1,GCA_044238845.1,JBIICN010000008.1,bcd,363,3.047e-113,0.471
FW_TWAS_AS_rep_1,GCA_044238845.1,JBIICN010000005.1,ilvE,136,5.989e-37,0.364
FW_TWAS_AS_rep_1,GCA_044238845.1,JBIICN010000010.1,extracellular_protease,45,8.873e-7,0.281
FW_TWAS_AS_rep_1,GCA_044238845.1,JBIICN010000001.1,gdh,94,1.878e-22,0.282
FW_TWAS_AS_rep_1,GCA_044238845.1,JBIICN010000001.1,adhE,91,1.386e-21,0.261
FW_TWAS_AS_rep_1,GCA_044238845.1,JBIICN010000004.1,fadE,206,5.841e-59,0.357
FW_TWAS_AS_rep_1,GCA_044238845.1,JBIICN010000087.1,susC,90,2.059e-20,0.308
FW_TWAS_AS_rep_1,GCA_044238845.1,JBIICN010000052.1,fadB,93,6.404e-23,0.304
FW_TWAS_AS_rep_1,GCA_044238845.1,JBIICN010000007.1,pepN,63,4.44e-12,0.263
FW_TWAS_AS_rep_1,GCA_044238845.1,JBIICN010000006.1,gdh,43,1.927e-6,0.418
FW_TWAS_AS_rep_1,GCA_044238845.1,JBIICN010000012.1,pepT,220,5.362e-64,0.367
FW_TWAS_AS_rep_1,GCA_044238845.1,JBIICN010000012.1,pepN,180,7.948e-48,0.32
FW_TWAS_AS_rep_1,GCA_044238845.1,JBIICN010000043.1,dtpT,296,3.483e-88,0.368
FW_TWAS_AS_rep_1,GCA_044238845.1,JBIICN010000014.1,mmcE,296,2.562e-83,0.371
FW_TWAS_AS_rep_1,GCA_044238845.1,JBIICN010000024.1,esterase,48,6.9e-8,0.291
FW_TWAS_AS_rep_1,GCA_044238845.1,JBIICN010000077.1,endopeptidase,43,1.799e-6,0.304
FW_TWAS_AS_rep_1,GCA_044238845.1,JBIICN010000001.1,sucC,372,1.109e-116,0.486
FW_TWAS_AS_rep_1,GCA_044238845.1,JBIICN010000023.1,acs,760,1.887e-245,0.576
FW_TWAS_AS_rep_1,GCA_044238845.1,JBIICN010000026.1,frhG,42,7.742e-7,0.333
FW_TWAS_AS_rep_1,GCA_044238845.1,JBIICN010000045.1,extracellular_protease,99,1.583e-23,0.293
FW_TWAS_AS_rep_1,GCA_044238845.1,JBIICN010000038.1,pepN,44,4.157e-6,0.227
FW_TWAS_AS_rep_1,GCA_044238845.1,JBIICN010000020.1,gapA,302,8.93e-94,0.472
FW_TWAS_AS_rep_1,GCA_044238845.1,JBIICN010000009.1,etfA,178,4.638e-52,0.476
FW_TWAS_AS_rep_1,GCA_044238845.1,JBIICN010000003.1,pepD,493,1.43e-156,0.514
FW_TWAS_AS_rep_1,GCA_044238845.1,JBIICN010000011.1,gapA,191,1.438e-53,0.369
FW_TWAS_AS_rep_1,GCA_044238845.1,JBIICN010000007.1,fadD,310,1.499e-92,0.373
FW_TWAS_AS_rep_1,GCA_044238845.1,JBIICN010000011.1,fadB,192,4.156e-56,0.414
FW_TWAS_AS_rep_1,GCA_044238845.1,JBIICN010000001.1,acylglycerol_lipase,50,4.961e-9,0.312
FW_TWAS_AS_rep_1,GCA_044238845.1,JBIICN010000021.1,susC,59,5.752e-12,0.26
FW_TWAS_AS_rep_1,GCA_044238845.1,JBIICN010000047.1,ilvE,252,6.801e-76,0.402
FW_TWAS_AS_rep_1,GCA_044238845.1,JBIICN010000049.1,susC,83,2.434e-18,0.256
FW_TWAS_AS_rep_1,GCA_044238845.1,JBIICN010000053.1,dppC,192,2.552e-54,0.452
FW_TWAS_AS_rep_1,GCA_044238845.1,JBIICN010000004.1,bcd,239,3.362e-70,0.363
FW_TWAS_AS_rep_1,GCA_044238845.1,JBIICN010000013.1,fadE,280,2.524e-85,0.437
FW_TWAS_AS_rep_1,GCA_044238845.1,JBIICN010000008.1,dppA,202,1.999e-56,0.28
FW_TWAS_AS_rep_1,GCA_044238845.1,JBIICN010000006.1,fadA,329,1.499e-101,0.491
FW_TWAS_AS_rep_1,GCA_044238845.1,JBIICN010000046.1,extracellular_protease,167,2.141e-43,0.335
FW_TWAS_AS_rep_1,GCA_044238845.1,JBIICN010000002.1,susC,70,3.968e-14,0.423
FW_TWAS_AS_rep_1,GCA_044238845.1,JBIICN010000045.1,adh,75,4.338e-17,0.322
FW_TWAS_AS_rep_1,GCA_044238845.1,JBIICN010000026.1,fdhA,44,5.114e-7,0.45
FW_TWAS_AS_rep_1,GCA_044238845.1,JBIICN010000009.1,fadB,138,2.176e-38,0.412
FW_TWAS_AS_rep_1,GCA_044238845.1,JBIICN010000005.1,edd,220,1.774e-62,0.316
FW_TWAS_AS_rep_1,GCA_044238845.1,JBIICN010000008.1,fadE,259,1.979e-77,0.415
FW_TWAS_AS_rep_1,GCA_044238845.1,JBIICN010000003.1,pepT,78,3.592e-17,0.349
FW_TWAS_AS_rep_1,GCA_044238845.1,JBIICN010000034.1,dppA,90,1.913e-20,0.225
FW_TWAS_AS_rep_1,GCA_044238845.1,JBIICN010000010.1,pepO,636,1.227e-202,0.474
FW_TWAS_AS_rep_1,GCA_044238845.1,JBIICN010000071.1,frhG,48,1.596e-8,0.268
FW_TWAS_AS_rep_1,GCA_044238845.1,JBIICN010000026.1,dppA,158,4.965e-42,0.267
FW_TWAS_AS_rep_1,GCA_044238845.1,JBIICN010000026.1,frhB,44,3.206e-7,0.291
FW_TWAS_AS_rep_1,GCA_044238845.1,JBIICN010000005.1,tdcB,292,7.744e-89,0.42
FW_TWAS_AS_rep_1,GCA_044238845.1,JBIICN010000014.1,etfA,168,1.273e-47,0.367
FW_TWAS_AS_rep_1,GCA_044238845.1,JBIICN010000010.1,adh,63,7.021e-13,0.271
FW_TWAS_AS_rep_1,GCA_044238845.1,JBIICN010000019.1,mdh,249,1.673e-75,0.441
FW_TWAS_AS_rep_1,GCA_044238845.1,JBIICN010000023.1,pepQ,160,1.181e-43,0.321
FW_TWAS_AS_rep_1,GCA_044238845.1,JBIICN010000001.1,folD,326,1.402e-102,0.586
FW_TWAS_AS_rep_1,GCA_044238845.1,JBIICN010000013.1,oppB,181,1.181e-51,0.333
FW_TWAS_AS_rep_1,GCA_044238845.1,JBIICN010000010.1,endopeptidase,42,7.003e-6,0.358
FW_TWAS_AS_rep_1,GCA_044238845.1,JBIICN010000013.1,bcd,390,3.786e-123,0.539
FW_TWAS_AS_rep_1,GCA_044238845.1,JBIICN010000035.1,fadD,64,1.165e-12,0.254
FW_TWAS_AS_rep_1,GCA_044238845.1,JBIICN010000019.1,pepN,78,8.028e-17,0.234
FW_TWAS_AS_rep_1,GCA_044238845.1,JBIICN010000069.1,fadA,287,1.585e-87,0.447
FW_TWAS_AS_rep_1,GCA_044238845.1,JBIICN010000059.1,ilvE,57,5.296e-11,0.263
FW_TWAS_AS_rep_1,GCA_044238845.1,JBIICN010000009.1,adh,64,2.185e-13,0.293
FW_TWAS_AS_rep_1,GCA_044238845.1,JBIICN010000023.1,pepT,67,8.533e-14,0.255
FW_TWAS_AS_rep_1,GCA_044238845.1,JBIICN010000035.1,acs,62,4.706e-12,0.229
FW_TWAS_AS_rep_1,GCA_044238845.1,JBIICN010000027.1,hbd,249,1.804e-74,0.387
FW_TWAS_AS_rep_1,GCA_044238845.1,JBIICN010000002.1,aldh,55,3.973e-10,0.247
FW_TWAS_AS_rep_1,GCA_044238845.1,JBIICN010000003.1,susC,64,3.129e-12,0.226
FW_TWAS_AS_rep_1,GCA_044238845.1,JBIICN010000052.1,crt,175,4.886e-51,0.419
FW_TWAS_AS_rep_1,GCA_044238845.1,JBIICN010000005.1,dppA,214,3.807e-60,0.281
FW_TWAS_AS_rep_1,GCA_044238845.1,JBIICN010000006.1,mmcE,508,5.344e-158,0.439
FW_TWAS_AS_rep_1,GCA_044238845.1,JBIICN010000071.1,mvhG,41,1.797e-6,0.457
FW_TWAS_AS_rep_1,GCA_044238845.1,JBIICN010000008.1,pta,169,1.079e-44,0.344
FW_TWAS_AS_rep_1,GCA_044238845.1,JBIICN010000050.1,acylglycerol_lipase,52,1.22e-9,0.257
FW_TWAS_AS_rep_1,GCA_044238845.1,JBIICN010000008.1,oppA,225,6.905e-64,0.33
FW_TWAS_AS_rep_1,GCA_044238845.1,JBIICN010000053.1,oppB,215,3.414e-62,0.528
FW_TWAS_AS_rep_1,GCA_044238845.1,JBIICN010000027.1,gdh,432,7.67e-137,0.507
FW_TWAS_AS_rep_1,GCA_044238845.1,JBIICN010000007.1,adh,62,7.035e-13,0.263
FW_TWAS_AS_rep_1,GCA_044238845.1,JBIICN010000023.1,fadD,110,1.08e-26,0.249
FW_TWAS_AS_rep_1,GCA_044238845.1,JBIICN010000090.1,cat,254,5.605e-79,0.604
FW_TWAS_AS_rep_1,GCA_044238845.1,JBIICN010000034.1,dppB,143,2.226e-38,0.298
FW_TWAS_AS_rep_1,GCA_044238845.1,JBIICN010000016.1,endopeptidase,228,7.609e-67,0.392
FW_TWAS_AS_rep_1,GCA_044238845.1,JBIICN010000012.1,pepA,281,1.578e-83,0.451
FW_TWAS_AS_rep_1,GCA_044238845.1,JBIICN010000001.1,sucD,319,4.123e-100,0.577
FW_TWAS_AS_rep_1,GCA_963779235.1,CAVZXI010000013.1,sucC,268,1.545e-83,0.574
FW_TWAS_AS_rep_1,GCA_963779235.1,CAVZXI010000032.1,mvhG,42,8.444e-7,0.484
FW_TWAS_AS_rep_1,GCA_963779235.1,CAVZXI010000013.1,pepN,166,8.062e-45,0.296
FW_TWAS_AS_rep_1,GCA_963779235.1,CAVZXI010000024.1,lctC,43,1.076e-6,0.275
FW_TWAS_AS_rep_1,GCA_963779235.1,CAVZXI010000016.1,fadD,54,6.01e-11,0.381
FW_TWAS_AS_rep_1,GCA_963779235.1,CAVZXI010000013.1,acylglycerol_lipase,55,1.444e-10,0.242
FW_TWAS_AS_rep_1,GCA_963779235.1,CAVZXI010000013.1,sucD,114,1.905e-30,0.478
FW_TWAS_AS_rep_1,GCA_963779235.1,CAVZXI010000010.1,fadD,121,5.291e-30,0.291
FW_TWAS_AS_rep_1,GCA_963779235.1,CAVZXI010000032.1,dppB,245,3.933e-74,0.418
FW_TWAS_AS_rep_1,GCA_963779235.1,CAVZXI010000032.1,pepT,121,6.92e-30,0.302
FW_TWAS_AS_rep_1,GCA_963779235.1,CAVZXI010000006.1,xylF,344,1.421e-107,0.545
FW_TWAS_AS_rep_1,GCA_963779235.1,CAVZXI010000011.1,cazy_GH13,76,4.467e-17,0.324
FW_TWAS_AS_rep_1,GCA_963779235.1,CAVZXI010000016.1,thl,198,2.835e-58,0.414
FW_TWAS_AS_rep_1,GCA_963779235.1,CAVZXI010000014.1,acs,132,5.929e-34,0.269
FW_TWAS_AS_rep_1,GCA_963779235.1,CAVZXI010000031.1,cazy_GH43,45,6.085e-9,0.428
FW_TWAS_AS_rep_1,GCA_963779235.1,CAVZXI010000010.1,esterase,164,8.632e-47,0.402
FW_TWAS_AS_rep_1,GCA_963779235.1,CAVZXI010000013.1,pepQ,116,4.423e-29,0.361
FW_TWAS_AS_rep_1,GCA_963779235.1,CAVZXI010000002.1,gdh,48,2.603e-8,0.48
FW_TWAS_AS_rep_1,GCA_963779235.1,CAVZXI010000016.1,xylF,94,7.136e-23,0.315
FW_TWAS_AS_rep_1,GCA_963779235.1,CAVZXI010000009.1,tdcB,294,4.379e-89,0.443
FW_TWAS_AS_rep_1,GCA_963779235.1,CAVZXI010000023.1,bcd,239,1.088e-73,0.54
FW_TWAS_AS_rep_1,GCA_963779235.1,CAVZXI010000032.1,crt,160,1.211e-45,0.369
FW_TWAS_AS_rep_1,GCA_963779235.1,CAVZXI010000016.1,pepQ,64,2.047e-13,0.303
FW_TWAS_AS_rep_1,GCA_963779235.1,CAVZXI010000022.1,aldh,55,5.705e-10,0.24
FW_TWAS_AS_rep_1,GCA_963779235.1,CAVZXI010000032.1,frhG,50,3.14e-9,0.268
FW_TWAS_AS_rep_1,GCA_963779235.1,CAVZXI010000032.1,fadB,102,4.613e-26,0.351
FW_TWAS_AS_rep_1,GCA_963779235.1,CAVZXI010000013.1,oppB,274,2.031e-84,0.475
FW_TWAS_AS_rep_1,GCA_963779235.1,CAVZXI010000002.1,extracellular_protease,106,1.653e-28,0.442
FW_TWAS_AS_rep_1,GCA_963779235.1,CAVZXI010000002.1,hydA,40,7.013e-7,0.337
FW_TWAS_AS_rep_1,GCA_963779235.1,CAVZXI010000006.1,cazy_GH10,250,8.427e-75,0.398
FW_TWAS_AS_rep_1,GCA_963779235.1,CAVZXI010000002.1,pepN,65,1.159e-12,0.241
FW_TWAS_AS_rep_1,GCA_963779235.1,CAVZXI010000019.1,adhE,137,4.375e-39,0.434
FW_TWAS_AS_rep_1,GCA_963779235.1,CAVZXI010000016.1,pepT,90,2.777e-21,0.296
FW_TWAS_AS_rep_1,GCA_963779235.1,CAVZXI010000032.1,dppC,248,1.006e-75,0.496
FW_TWAS_AS_rep_1,GCA_963779235.1,CAVZXI010000002.1,prdB,141,3.755e-40,0.376
FW_TWAS_AS_rep_1,GCA_963779235.1,CAVZXI010000031.1,acs,169,6.969e-46,0.308
FW_TWAS_AS_rep_1,GCA_963779235.1,CAVZXI010000010.1,pfkA,43,1.519e-6,0.337
FW_TWAS_AS_rep_1,GCA_963779235.1,CAVZXI010000033.1,pepQ,123,7.049e-31,0.274
FW_TWAS_AS_rep_1,GCA_963779235.1,CAVZXI010000010.1,etfA,50,1.001e-8,0.351
FW_TWAS_AS_rep_1,GCA_963779235.1,CAVZXI010000010.1,fdhA,231,2.146e-64,0.282
FW_TWAS_AS_rep_1,GCA_963779235.1,CAVZXI010000002.1,adh,68,6.843e-15,0.283
FW_TWAS_AS_rep_1,GCA_963779235.1,CAVZXI010000023.1,edd,251,8.46e-73,0.333
FW_TWAS_AS_rep_1,GCA_963779235.1,CAVZXI010000032.1,hydA,108,9.075e-26,0.328
FW_TWAS_AS_rep_1,GCA_963779235.1,CAVZXI010000030.1,tdcB,43,1.073e-7,0.523
FW_TWAS_AS_rep_1,GCA_963779235.1,CAVZXI010000013.1,mmcE,692,3.164e-224,0.63
FW_TWAS_AS_rep_1,GCA_963779235.1,CAVZXI010000005.1,acs,44,1.741e-7,0.243
FW_TWAS_AS_rep_1,GCA_963779235.1,CAVZXI010000018.1,pepN,85,3.659e-21,0.34
FW_TWAS_AS_rep_1,GCA_963779235.1,CAVZXI010000023.1,fadE,182,6.776e-54,0.441
FW_TWAS_AS_rep_1,GCA_963779235.1,CAVZXI010000023.1,fadD,112,5.345e-31,0.449
FW_TWAS_AS_rep_1,GCA_963779235.1,CAVZXI010000010.1,fadA,168,6.945e-51,0.688
FW_TWAS_AS_rep_1,GCA_963779235.1,CAVZXI010000003.1,pfkA,176,4.494e-51,0.409
FW_TWAS_AS_rep_1,GCA_963779235.1,CAVZXI010000023.1,acs,52,6.641e-10,0.292
FW_TWAS_AS_rep_1,GCA_963779235.1,CAVZXI010000013.1,dppB,251,2.199e-76,0.432
FW_TWAS_AS_rep_1,GCA_963779235.1,CAVZXI010000002.1,fdhA,204,2.148e-56,0.309
FW_TWAS_AS_rep_1,GCA_963779235.1,CAVZXI010000003.1,xylF,259,2.652e-78,0.452
FW_TWAS_AS_rep_1,GCA_963779235.1,CAVZXI010000010.1,lctB,98,2.591e-23,0.334
FW_TWAS_AS_rep_1,GCA_963779235.1,CAVZXI010000006.1,fwdA,54,6.265e-10,0.453
FW_TWAS_AS_rep_1,GCA_963779235.1,CAVZXI010000005.1,pepT,48,9.148e-8,0.301
FW_TWAS_AS_rep_1,GCA_963779235.1,CAVZXI010000032.1,etfB,144,3.765e-40,0.388
FW_TWAS_AS_rep_1,GCA_963779235.1,CAVZXI010000003.1,prdB,115,1.849e-32,0.451
FW_TWAS_AS_rep_1,GCA_963779235.1,CAVZXI010000031.1,adh,72,4.041e-16,0.299
FW_TWAS_AS_rep_1,GCA_963779235.1,CAVZXI010000014.1,agl,79,1.28e-17,0.3
FW_TWAS_AS_rep_1,GCA_963779235.1,CAVZXI010000002.1,pta,226,1.489e-67,0.428
FW_TWAS_AS_rep_1,GCA_963779235.1,CAVZXI010000039.1,esterase,48,5.189e-8,0.286
FW_TWAS_AS_rep_1,GCA_963779235.1,CAVZXI010000007.1,prdB,125,3.258e-35,0.51
FW_TWAS_AS_rep_1,GCA_963779235.1,CAVZXI010000011.1,agl,66,6.455e-14,0.25
FW_TWAS_AS_rep_1,GCA_963779235.1,CAVZXI010000018.1,bgl,235,6.385e-68,0.335
FW_TWAS_AS_rep_1,GCA_963779235.1,CAVZXI010000013.1,ilvE,139,1.166e-37,0.322
FW_TWAS_AS_rep_1,GCA_963779235.1,CAVZXI010000002.1,fadD,266,2.024e-78,0.375
FW_TWAS_AS_rep_1,GCA_963779235.1,CAVZXI010000032.1,fhs,530,2.972e-170,0.613
FW_TWAS_AS_rep_1,GCA_963779235.1,CAVZXI010000010.1,crt,71,1.968e-15,0.322
FW_TWAS_AS_rep_1,GCA_963779235.1,CAVZXI010000010.1,mmcG,127,1.502e-36,0.461
FW_TWAS_AS_rep_1,GCA_963779235.1,CAVZXI010000014.1,cazy_GH13,109,8.338e-27,0.325
FW_TWAS_AS_rep_1,GCA_963779235.1,CAVZXI010000021.1,tdcB,70,1.08e-14,0.271
FW_TWAS_AS_rep_1,GCA_963779235.1,CAVZXI010000039.1,adh,74,8.019e-17,0.312
FW_TWAS_AS_rep_1,GCA_963779235.1,CAVZXI010000013.1,lysophospholipase,42,1.919e-6,0.303
FW_TWAS_AS_rep_1,GCA_963779235.1,CAVZXI010000010.1,eda,186,9.67e-56,0.448
FW_TWAS_AS_rep_1,GCA_963779235.1,CAVZXI010000032.1,pyk,176,8.721e-51,0.416
FW_TWAS_AS_rep_1,GCA_963779235.1,CAVZXI010000013.1,pepA,396,5.023e-123,0.454
FW_TWAS_AS_rep_1,GCA_963779235.1,CAVZXI010000002.1,fadB,130,1.294e-35,0.414
FW_TWAS_AS_rep_1,GCA_963779235.1,CAVZXI010000002.1,dtpT,388,5.709e-119,0.413
FW_TWAS_AS_rep_1,GCA_963779235.1,CAVZXI010000014.1,fadD,243,1.936e-70,0.369
FW_TWAS_AS_rep_1,GCA_963779235.1,CAVZXI010000010.1,fadE,104,3.718e-27,0.374
FW_TWAS_AS_rep_1,GCA_963779235.1,CAVZXI010000010.1,adh,63,5.99e-13,0.264
FW_TWAS_AS_rep_1,GCA_963779235.1,CAVZXI010000007.1,pepQ,139,9.237e-36,0.344
FW_TWAS_AS_rep_1,GCA_963779235.1,CAVZXI010000010.1,bcd,109,9.126e-29,0.388
FW_TWAS_AS_rep_1,GCA_963779235.1,CAVZXI010000002.1,acs,495,3.795e-159,0.619
FW_TWAS_AS_rep_1,GCA_963779235.1,CAVZXI010000010.1,lipase,56,5.528e-10,0.242
FW_TWAS_AS_rep_1,GCA_963779235.1,CAVZXI010000032.1,pepN,70,1.206e-14,0.231
FW_TWAS_AS_rep_1,GCA_963779235.1,CAVZXI010000006.1,cazy_GH5,66,1.35e-14,0.375
FW_TWAS_AS_rep_1,GCA_963779235.1,CAVZXI010000014.1,ackA,408,1.205e-127,0.495
FW_TWAS_AS_rep_1,GCA_963779235.1,CAVZXI010000007.1,pepN,123,7.049e-31,0.273
FW_TWAS_AS_rep_1,GCA_963779235.1,CAVZXI010000016.1,fadB,49,2.53e-9,0.314
FW_TWAS_AS_rep_1,GCA_963779235.1,CAVZXI010000016.1,fadA,198,5.29e-58,0.452
FW_TWAS_AS_rep_1,GCA_963779235.1,CAVZXI010000032.1,fdhA,185,4.722e-54,0.407
FW_TWAS_AS_rep_1,GCA_963779235.1,CAVZXI010000002.1,etfA,172,5.957e-50,0.432
FW_TWAS_AS_rep_1,GCA_963779235.1,CAVZXI010000013.1,oppA,289,1.187e-84,0.407
FW_TWAS_AS_rep_1,GCA_963779235.1,CAVZXI010000022.1,mmcE,685,2.722e-222,0.643
FW_TWAS_AS_rep_1,GCA_963779235.1,CAVZXI010000008.1,bcd,149,2.522e-40,0.312
FW_TWAS_AS_rep_1,GCA_963779235.1,CAVZXI010000019.1,aldh,156,1.224e-45,0.455
FW_TWAS_AS_rep_1,GCA_963779235.1,CAVZXI010000032.1,tdcB,220,8.91e-65,0.426
FW_TWAS_AS_rep_1,GCA_963779235.1,CAVZXI010000006.1,xylB,51,1.156e-10,0.32
FW_TWAS_AS_rep_1,GCA_963779235.1,CAVZXI010000010.1,hbd,71,1.264e-16,0.341
FW_TWAS_AS_rep_1,GCA_963779235.1,CAVZXI010000010.1,thl,147,6.912e-44,0.579
FW_TWAS_AS_rep_1,GCA_963779235.1,CAVZXI010000014.1,extracellular_protease,156,1.583e-42,0.333
FW_TWAS_AS_rep_1,GCA_963779235.1,CAVZXI010000016.1,etfA,58,1.778e-12,0.483
FW_TWAS_AS_rep_1,GCA_963779235.1,CAVZXI010000026.1,extracellular_protease,98,1.241e-25,0.375
FW_TWAS_AS_rep_1,GCA_963779235.1,CAVZXI010000016.1,crt,79,1.677e-19,0.453
FW_TWAS_AS_rep_1,GCA_963779235.1,CAVZXI010000031.1,fadD,193,1.57e-53,0.316
FW_TWAS_AS_rep_1,GCA_963779235.1,CAVZXI010000023.1,adh,74,1.2e-16,0.316
FW_TWAS_AS_rep_1,GCA_963779235.1,CAVZXI010000013.1,dppA,213,2.191e-59,0.34
FW_TWAS_AS_rep_1,GCA_963779235.1,CAVZXI010000030.1,acs,438,3.46e-136,0.449
FW_TWAS_AS_rep_1,GCA_963779235.1,CAVZXI010000002.1,crt,242,4.773e-74,0.507
FW_TWAS_AS_rep_1,GCA_963779235.1,CAVZXI010000032.1,oppB,258,2.873e-79,0.505
FW_TWAS_AS_rep_1,GCA_963779235.1,CAVZXI010000008.1,fadE,237,3.787e-70,0.406
FW_TWAS_AS_rep_1,GCA_963779235.1,CAVZXI010000032.1,etfA,213,4.694e-63,0.408
FW_TWAS_AS_rep_1,GCA_963779235.1,CAVZXI010000032.1,adh,68,4.646e-15,0.273
FW_TWAS_AS_rep_1,GCA_963779235.1,CAVZXI010000010.1,acs,471,2.178e-146,0.437
FW_TWAS_AS_rep_1,GCA_963779235.1,CAVZXI010000013.1,dppC,227,1.603e-68,0.491
FW_TWAS_AS_rep_1,GCA_963779235.1,CAVZXI010000012.1,fadD,111,1.268e-30,0.495
FW_TWAS_AS_rep_1,GCA_963779235.1,CAVZXI010000031.1,cazy_CE8,137,4.92e-39,0.468
FW_TWAS_AS_rep_1,GCA_963779235.1,CAVZXI010000005.1,fadD,292,1.751e-88,0.425
FW_TWAS_AS_rep_1,GCA_963779235.1,CAVZXI010000030.1,fadD,178,2.755e-48,0.292
FW_TWAS_AS_rep_1,GCA_963779235.1,CAVZXI010000010.1,fadB,79,2.579e-19,0.327
FW_TWAS_AS_rep_1,GCA_963779235.1,CAVZXI010000010.1,extracellular_protease,81,6.336e-18,0.264
FW_TWAS_AS_rep_1,GCA_963695105.1,CAVOGC010000049.1,cazy_GH13,88,7.79e-20,0.29
FW_TWAS_AS_rep_1,GCA_963695105.1,CAVOGC010000005.1,hbd,115,4.124e-28,0.292
FW_TWAS_AS_rep_1,GCA_963695105.1,CAVOGC010000040.1,pta,214,4.336e-59,0.41
FW_TWAS_AS_rep_1,GCA_963695105.1,CAVOGC010000051.1,rnfB,43,4.266e-8,0.342
FW_TWAS_AS_rep_1,GCA_963695105.1,CAVOGC010000016.1,crt,164,5.933e-45,0.403
FW_TWAS_AS_rep_1,GCA_963695105.1,CAVOGC010000055.1,dppA,62,7.81e-14,0.591
FW_TWAS_AS_rep_1,GCA_963695105.1,CAVOGC010000040.1,tdcB,347,1.057e-104,0.472
FW_TWAS_AS_rep_1,GCA_963695105.1,CAVOGC010000011.1,dppA,74,1.189e-15,0.226
FW_TWAS_AS_rep_1,GCA_963695105.1,CAVOGC010000005.1,fadA,376,4.82e-118,0.541
FW_TWAS_AS_rep_1,GCA_963695105.1,CAVOGC010000005.1,thl,313,2.781e-96,0.459
FW_TWAS_AS_rep_1,GCA_963695105.1,CAVOGC010000008.1,cat,96,1.881e-22,0.37
FW_TWAS_AS_rep_1,GCA_963695105.1,CAVOGC010000003.1,frhG,43,5.923e-7,0.322
FW_TWAS_AS_rep_1,GCA_963695105.1,CAVOGC010000022.1,fadD,158,1.003e-40,0.286
FW_TWAS_AS_rep_1,GCA_963695105.1,CAVOGC010000020.1,mmcE,515,3.471e-160,0.515
FW_TWAS_AS_rep_1,GCA_963695105.1,CAVOGC010000030.1,frhB,48,5.764e-8,0.448
FW_TWAS_AS_rep_1,GCA_963695105.1,CAVOGC010000027.1,agl,225,2.476e-61,0.348
FW_TWAS_AS_rep_1,GCA_963695105.1,CAVOGC010000055.1,edd,242,5.803e-69,0.331
FW_TWAS_AS_rep_1,GCA_963695105.1,CAVOGC010000029.1,rnfB,41,2.852e-7,0.25
FW_TWAS_AS_rep_1,GCA_963695105.1,CAVOGC010000036.1,gdh,890,8.925e-285,0.538
FW_TWAS_AS_rep_1,GCA_963695105.1,CAVOGC010000012.1,fadD,227,8.638e-65,0.353
FW_TWAS_AS_rep_1,GCA_963695105.1,CAVOGC010000050.1,tdcB,83,1.822e-19,0.29
FW_TWAS_AS_rep_1,GCA_963695105.1,CAVOGC010000035.1,acylglycerol_lipase,43,3.091e-6,0.249
FW_TWAS_AS_rep_1,GCA_963695105.1,CAVOGC010000041.1,pfkA,87,1.02e-19,0.255
FW_TWAS_AS_rep_1,GCA_963695105.1,CAVOGC010000029.1,crt,174,3.712e-50,0.437
FW_TWAS_AS_rep_1,GCA_963695105.1,CAVOGC010000038.1,adhE,220,5.907e-62,0.336
FW_TWAS_AS_rep_1,GCA_963695105.1,CAVOGC010000014.1,mdh,270,5.843e-84,0.57
FW_TWAS_AS_rep_1,GCA_963695105.1,CAVOGC010000016.1,rnfB,40,6.559e-7,0.34
FW_TWAS_AS_rep_1,GCA_963695105.1,CAVOGC010000019.1,pgi,673,2.111e-217,0.633
FW_TWAS_AS_rep_1,GCA_963695105.1,CAVOGC010000008.1,fadB,425,4.38e-126,0.372
FW_TWAS_AS_rep_1,GCA_963695105.1,CAVOGC010000045.1,fadD,241,2.298e-69,0.335
FW_TWAS_AS_rep_1,GCA_963695105.1,CAVOGC010000011.1,mvhA,220,5.64e-65,0.413
FW_TWAS_AS_rep_1,GCA_963695105.1,CAVOGC010000040.1,bcd,114,4.648e-28,0.28
FW_TWAS_AS_rep_1,GCA_963695105.1,CAVOGC010000009.1,fadD,130,1.064e-32,0.311
FW_TWAS_AS_rep_1,GCA_963695105.1,CAVOGC010000038.1,fadD,216,1.735e-61,0.327
FW_TWAS_AS_rep_1,GCA_963695105.1,CAVOGC010000034.1,acs,548,2.3e-173,0.466
FW_TWAS_AS_rep_1,GCA_963695105.1,CAVOGC010000011.1,frhG,94,7.748e-24,0.345
FW_TWAS_AS_rep_1,GCA_963695105.1,CAVOGC010000010.1,fadA,323,1.253e-99,0.482
FW_TWAS_AS_rep_1,GCA_963695105.1,CAVOGC010000055.1,acylglycerol_lipase,49,1.205e-8,0.268
FW_TWAS_AS_rep_1,GCA_963695105.1,CAVOGC010000001.1,pfkA,378,2.308e-113,0.524
FW_TWAS_AS_rep_1,GCA_963695105.1,CAVOGC010000048.1,adhE,123,1.544e-31,0.313
FW_TWAS_AS_rep_1,GCA_963695105.1,CAVOGC010000056.1,dppC,149,9.342e-41,0.39
FW_TWAS_AS_rep_1,GCA_963695105.1,CAVOGC010000040.1,crt,120,1.423e-31,0.346
FW_TWAS_AS_rep_1,GCA_963695105.1,CAVOGC010000022.1,acs,105,1.223e-24,0.245
FW_TWAS_AS_rep_1,GCA_963695105.1,CAVOGC010000029.1,fadB,100,6.667e-25,0.289
FW_TWAS_AS_rep_1,GCA_963695105.1,CAVOGC010000040.1,cazy_GH13,79,3.047e-17,0.273
FW_TWAS_AS_rep_1,GCA_963695105.1,CAVOGC010000028.1,gdh,1653,0.0,0.565
FW_TWAS_AS_rep_1,GCA_963695105.1,CAVOGC010000003.1,hydA,50,2.156e-9,0.366
FW_TWAS_AS_rep_1,GCA_963695105.1,CAVOGC010000049.1,agl,51,2.033e-8,0.269
FW_TWAS_AS_rep_1,GCA_963695105.1,CAVOGC010000048.1,bcd,233,1.106e-66,0.358
FW_TWAS_AS_rep_1,GCA_963695105.1,CAVOGC010000055.1,fumB,256,4.916e-75,0.373
FW_TWAS_AS_rep_1,GCA_963695105.1,CAVOGC010000023.1,pfkA,87,1.02e-19,0.25
FW_TWAS_AS_rep_1,GCA_963695105.1,CAVOGC010000012.1,acs,155,2.992e-41,0.302
FW_TWAS_AS_rep_1,GCA_963695105.1,CAVOGC010000025.1,acs,189,1.093e-52,0.296
FW_TWAS_AS_rep_1,GCA_963695105.1,CAVOGC010000011.1,oppA,85,4.899e-19,0.224
FW_TWAS_AS_rep_1,GCA_963695105.1,CAVOGC010000022.1,acylglycerol_lipase,85,9.398e-22,0.38
FW_TWAS_AS_rep_1,GCA_963695105.1,CAVOGC010000016.1,etfA,88,2.493e-20,0.346
FW_TWAS_AS_rep_1,GCA_963695105.1,CAVOGC010000019.1,acs,418,5.781e-129,0.436
FW_TWAS_AS_rep_1,GCA_963695105.1,CAVOGC010000048.1,mmcE,400,8.304e-122,0.384
FW_TWAS_AS_rep_1,GCA_963695105.1,CAVOGC010000023.1,fadA,257,6.206e-77,0.407
FW_TWAS_AS_rep_1,GCA_963695105.1,CAVOGC010000010.1,fadD,141,2.314e-36,0.276
FW_TWAS_AS_rep_1,GCA_963695105.1,CAVOGC010000048.1,mmcF,132,6.612e-34,0.507
FW_TWAS_AS_rep_1,GCA_963695105.1,CAVOGC010000011.1,mvhG,127,3.5e-35,0.375
FW_TWAS_AS_rep_1,GCA_963695105.1,CAVOGC010000010.1,tdcB,54,6.638e-10,0.27
FW_TWAS_AS_rep_1,GCA_963695105.1,CAVOGC010000003.1,rnfB,220,1.083e-67,0.642
FW_TWAS_AS_rep_1,GCA_963695105.1,CAVOGC010000041.1,fadA,255,2.943e-76,0.407
FW_TWAS_AS_rep_1,GCA_963695105.1,CAVOGC010000005.1,fadD,162,3.038e-43,0.304
FW_TWAS_AS_rep_1,GCA_963695105.1,CAVOGC010000040.1,mvhG,49,2.59e-8,0.246
FW_TWAS_AS_rep_1,GCA_963695105.1,CAVOGC010000055.1,bcd,400,2.289e-126,0.544
FW_TWAS_AS_rep_1,GCA_963695105.1,CAVOGC010000041.1,thl,355,9.997e-111,0.469
FW_TWAS_AS_rep_1,GCA_963695105.1,CAVOGC010000005.1,crt,65,1.037e-12,0.333
FW_TWAS_AS_rep_1,GCA_963695105.1,CAVOGC010000029.1,etfA,110,1.853e-28,0.35
FW_TWAS_AS_rep_1,GCA_963695105.1,CAVOGC010000034.1,ptsG,557,5.717e-175,0.505
FW_TWAS_AS_rep_1,GCA_963695105.1,CAVOGC010000041.1,pfor,47,8.848e-8,0.292
FW_TWAS_AS_rep_1,GCA_963695105.1,CAVOGC010000019.1,fadD,175,3.934e-47,0.305
FW_TWAS_AS_rep_1,GCA_963695105.1,CAVOGC010000038.1,lysophospholipase,187,1.193e-55,0.409
FW_TWAS_AS_rep_1,GCA_963695105.1,CAVOGC010000007.1,agl,59,8.37e-11,0.362
FW_TWAS_AS_rep_1,GCA_963695105.1,CAVOGC010000021.1,agl,295,8.273e-88,0.418
FW_TWAS_AS_rep_1,GCA_963695105.1,CAVOGC010000056.1,pfor,1377,0.0,0.611
FW_TWAS_AS_rep_1,GCA_963695105.1,CAVOGC010000009.1,acs,101,9.868e-24,0.241
FW_TWAS_AS_rep_1,GCA_963695105.1,CAVOGC010000008.1,crt,143,2.021e-36,0.408
FW_TWAS_AS_rep_1,GCA_963695105.1,CAVOGC010000016.1,pepA,371,2.087e-114,0.471
FW_TWAS_AS_rep_1,GCA_963695105.1,CAVOGC010000005.1,etfA,44,1.793e-6,0.327
FW_TWAS_AS_rep_1,GCA_963695105.1,CAVOGC010000008.1,fadA,250,2.247e-73,0.411
FW_TWAS_AS_rep_1,GCA_963695105.1,CAVOGC010000007.1,cazy_GH13,106,4.082e-25,0.286
FW_TWAS_AS_rep_1,GCA_963695105.1,CAVOGC010000045.1,fadE,137,4.056e-35,0.327
FW_TWAS_AS_rep_1,GCA_963695105.1,CAVOGC010000028.1,acylglycerol_lipase,51,3.147e-9,0.265
FW_TWAS_AS_rep_1,GCA_963695105.1,CAVOGC010000011.1,fdhA,59,8.906e-12,0.36
FW_TWAS_AS_rep_1,GCA_963695105.1,CAVOGC010000020.1,sucC,374,4.021e-117,0.523
FW_TWAS_AS_rep_1,GCA_963695105.1,CAVOGC010000040.1,mvhA,112,1.883e-27,0.242
FW_TWAS_AS_rep_1,GCA_963695105.1,CAVOGC010000012.1,lipase,78,3.49e-17,0.258
FW_TWAS_AS_rep_1,GCA_963695105.1,CAVOGC010000040.1,frhA,93,1.763e-21,0.228
FW_TWAS_AS_rep_1,GCA_963695105.1,CAVOGC010000020.1,mmcG,40,1.753e-6,0.274
FW_TWAS_AS_rep_1,GCA_963695105.1,CAVOGC010000023.1,thl,357,1.525e-111,0.472
FW_TWAS_AS_rep_1,GCA_963695105.1,CAVOGC010000020.1,sucD,366,1.292e-116,0.643
FW_TWAS_AS_rep_1,GCA_963695105.1,CAVOGC010000008.1,sucD,366,1.292e-116,0.643
FW_TWAS_AS_rep_1,GCA_963695105.1,CAVOGC010000008.1,thl,244,1.678e-71,0.379
FW_TWAS_AS_rep_1,GCA_963695105.1,CAVOGC010000010.1,lipase,43,8.986e-7,0.336
FW_TWAS_AS_rep_1,GCA_963695105.1,CAVOGC010000003.1,cdhC,48,1.281e-8,0.338
FW_TWAS_AS_rep_1,GCA_963695105.1,CAVOGC010000016.1,fadB,96,1.104e-22,0.35
FW_TWAS_AS_rep_1,GCA_963695105.1,CAVOGC010000008.1,etfA,118,9.808e-29,0.369
FW_TWAS_AS_rep_1,GCA_963695105.1,CAVOGC010000056.1,frhB,42,6.196e-7,0.416
FW_TWAS_AS_rep_1,GCA_963695105.1,CAVOGC010000030.1,rnfB,120,7.831e-31,0.431
FW_TWAS_AS_rep_1,GCA_963695105.1,CAVOGC010000010.1,acs,883,4.754e-288,0.644
FW_TWAS_AS_rep_1,GCA_963695105.1,CAVOGC010000017.1,hydA,85,7.545e-19,0.299
FW_TWAS_AS_rep_1,GCA_963695105.1,CAVOGC010000025.1,fadD,208,7.161e-59,0.305
FW_TWAS_AS_rep_1,GCA_963695105.1,CAVOGC010000056.1,dppB,43,1.346e-6,0.288
FW_TWAS_AS_rep_1,GCA_963695105.1,CAVOGC010000055.1,extracellular_protease,181,3.903e-48,0.365
FW_TWAS_AS_rep_1,GCA_963695105.1,CAVOGC010000004.1,fwdA,50,2.134e-8,0.269
FW_TWAS_AS_rep_1,GCA_963695105.1,CAVOGC010000003.1,lctB,237,1.757e-72,0.491
FW_TWAS_AS_rep_1,GCA_963695105.1,CAVOGC010000040.1,lipase,41,7.375e-6,0.274
FW_TWAS_AS_rep_1,GCA_963695105.1,CAVOGC010000011.1,dppB,168,4.03e-47,0.327
FW_TWAS_AS_rep_1,GCA_963695105.1,CAVOGC010000008.1,acylglycerol_lipase,46,1.127e-7,0.376
FW_TWAS_AS_rep_1,GCA_963695105.1,CAVOGC010000048.1,folD,326,2.235e-102,0.592
FW_TWAS_AS_rep_1,GCA_963695105.1,CAVOGC010000045.1,etfB,318,8.952e-101,0.698
FW_TWAS_AS_rep_1,GCA_963695105.1,CAVOGC010000055.1,fadE,303,5.161e-93,0.481
FW_TWAS_AS_rep_1,GCA_963695105.1,CAVOGC010000003.1,frhB,49,3.909e-9,0.366
FW_TWAS_AS_rep_1,GCA_963695105.1,CAVOGC010000011.1,frhA,67,6.646e-16,0.375
FW_TWAS_AS_rep_1,GCA_963695105.1,CAVOGC010000048.1,fadE,225,6.449e-64,0.369
FW_TWAS_AS_rep_1,GCA_963695105.1,CAVOGC010000017.1,fdhA,132,3.306e-33,0.246
FW_TWAS_AS_rep_1,GCA_963695105.1,CAVOGC010000056.1,oppB,168,2.698e-47,0.438
FW_TWAS_AS_rep_1,GCA_963695105.1,CAVOGC010000008.1,hbd,219,1.216e-59,0.435
FW_TWAS_AS_rep_1,GCA_963695105.1,CAVOGC010000038.1,acs,130,3.766e-33,0.308
FW_TWAS_AS_rep_1,GCA_963695105.1,CAVOGC010000001.1,acylglycerol_lipase,45,3.299e-7,0.346
FW_TWAS_AS_rep_1,GCA_963695105.1,CAVOGC010000020.1,mmcF,132,3.807e-33,0.507
FW_TWAS_AS_rep_1,GCA_963695105.1,CAVOGC010000021.1,cazy_GH13,166,9.105e-45,0.335
FW_TWAS_AS_rep_1,GCA_963695105.1,CAVOGC010000045.1,acs,146,3.558e-38,0.301
FW_TWAS_AS_rep_1,GCA_963695105.1,CAVOGC010000045.1,etfA,341,2.361e-107,0.652
FW_TWAS_AS_rep_1,GCA_963695105.1,CAVOGC010000055.1,bgl,274,3.281e-81,0.448
FW_TWAS_AS_rep_1,GCA_963695105.1,CAVOGC010000041.1,agl,48,9.751e-8,0.238
FW_TWAS_AS_rep_1,GCA_963695105.1,CAVOGC010000017.1,frhG,46,3.733e-8,0.263
FW_TWAS_AS_rep_1,GCA_963695105.1,CAVOGC010000003.1,lctC,432,1.271e-136,0.554
FW_TWAS_AS_rep_1,GCA_963695105.1,CAVOGC010000041.1,cazy_GH13,51,1.855e-8,0.292
FW_TWAS_AS_rep_1,GCA_963695105.1,CAVOGC010000005.1,frhG,49,1.239e-8,0.34
FW_TWAS_AS_rep_1,GCA_963695105.1,CAVOGC010000056.1,pta,216,5.155e-62,0.479
FW_TWAS_AS_rep_1,GCA_963695105.1,CAVOGC010000034.1,mdh,153,5.523e-43,0.449
FW_TWAS_AS_rep_1,GCA_963695105.1,CAVOGC010000017.1,ackA,351,7.549e-107,0.515
FW_TWAS_AS_rep_1,GCA_963695105.1,CAVOGC010000040.1,pyk,125,1.276e-33,0.444
FW_TWAS_AS_rep_1,GCA_963695105.1,CAVOGC010000027.1,cazy_GH13,175,7.379e-46,0.334
FW_TWAS_AS_rep_1,GCA_963695105.1,CAVOGC010000010.1,adh,63,6.223e-13,0.283
FW_TWAS_AS_rep_1,GCA_963695105.1,CAVOGC010000018.1,cazy_GH13,48,8.906e-8,0.238
FW_TWAS_AS_rep_1,GCA_963695105.1,CAVOGC010000030.1,hydA,45,4.089e-7,0.42
FW_TWAS_AS_rep_1,GCA_963695105.1,CAVOGC010000011.1,oppB,178,1.343e-50,0.329
FW_TWAS_AS_rep_1,GCA_963695105.1,CAVOGC010000055.1,fadD,229,4.767e-64,0.314
FW_TWAS_AS_rep_1,GCA_963695105.1,CAVOGC010000034.1,fadD,127,4.89e-32,0.272
FW_TWAS_AS_rep_1,GCA_963695105.1,CAVOGC010000055.1,crt,143,6.568e-40,0.367
FW_TWAS_AS_rep_1,GCA_963695105.1,CAVOGC010000005.1,fadB,114,1.253e-27,0.282
FW_TWAS_AS_rep_1,GCA_963695105.1,CAVOGC010000003.1,mmcE,326,4.641e-93,0.407
FW_TWAS_AS_rep_1,GCA_963695105.1,CAVOGC010000010.1,thl,392,1.938e-123,0.554
FW_TWAS_AS_rep_1,GCA_963695105.1,CAVOGC010000008.1,sucC,374,4.021e-117,0.523
FW_TWAS_AS_rep_1,GCA_963695105.1,CAVOGC010000030.1,lctC,42,5.037e-6,0.351
FW_TWAS_AS_rep_1,GCA_963695105.1,CAVOGC010000045.1,bcd,123,8.254e-31,0.322
FW_TWAS_AS_rep_1,GCA_963695105.1,CAVOGC010000055.1,etfA,95,1.334e-23,0.302
FW_TWAS_AS_rep_1,GCA_963695105.1,CAVOGC010000031.1,crt,64,9.078e-13,0.5
FW_TWAS_AS_rep_1,GCA_963695105.1,CAVOGC010000003.1,lctD,79,5.193e-19,0.33
FW_TWAS_AS_rep_1,GCA_963695105.1,CAVOGC010000011.1,hydA,69,4.036e-15,0.255
FW_TWAS_AS_rep_1,GCA_963695105.1,CAVOGC010000005.1,acs,170,1.267e-44,0.298
FW_TWAS_AS_rep_1,GCA_963695105.1,CAVOGC010000055.1,endopeptidase,188,4.806e-54,0.395
FW_TWAS_AS_rep_1,GCA_963695105.1,CAVOGC010000040.1,pepQ,158,3.798e-41,0.332
FW_TWAS_AS_rep_1,GCA_963695105.1,CAVOGC010000055.1,acs,250,3.289e-71,0.29
FW_TWAS_AS_rep_1,GCA_005518185.1,RKSN01000001.1,fdhA,78,8.551e-17,0.222
FW_TWAS_AS_rep_1,GCA_005518185.1,RKSN01000002.1,etfA,315,8.034e-98,0.647
FW_TWAS_AS_rep_1,GCA_005518185.1,RKSN01000001.1,eda,175,1.246e-51,0.519
FW_TWAS_AS_rep_1,GCA_005518185.1,RKSN01000003.1,extracellular_protease,105,5.287e-25,0.364
FW_TWAS_AS_rep_1,GCA_005518185.1,RKSN01000002.1,fdhA,657,2.675e-204,0.429
FW_TWAS_AS_rep_1,GCA_005518185.1,RKSN01000001.1,fumB,268,3.379e-79,0.384
FW_TWAS_AS_rep_1,GCA_005518185.1,RKSN01000001.1,pepQ,94,2.068e-22,0.321
FW_TWAS_AS_rep_1,GCA_005518185.1,RKSN01000002.1,esterase,192,2.34e-53,0.327
FW_TWAS_AS_rep_1,GCA_005518185.1,RKSN01000002.1,acylglycerol_lipase,219,1.442e-65,0.428
FW_TWAS_AS_rep_1,GCA_005518185.1,RKSN01000002.1,acs,130,4.886e-33,0.264
FW_TWAS_AS_rep_1,GCA_005518185.1,RKSN01000001.1,adhE,61,9.194e-12,0.265
FW_TWAS_AS_rep_1,GCA_005518185.1,RKSN01000001.1,pfkA,161,1.594e-44,0.34
FW_TWAS_AS_rep_1,GCA_005518185.1,RKSN01000003.1,pta,125,7.042e-31,0.305
FW_TWAS_AS_rep_1,GCA_005518185.1,RKSN01000001.1,agl,276,2.676e-81,0.403
FW_TWAS_AS_rep_1,GCA_005518185.1,RKSN01000001.1,pepN,45,7.614e-7,0.218
FW_TWAS_AS_rep_1,GCA_005518185.1,RKSN01000001.1,oppA,66,2.062e-13,0.231
FW_TWAS_AS_rep_1,GCA_005518185.1,RKSN01000001.1,esterase,44,4.869e-7,0.322
FW_TWAS_AS_rep_1,GCA_005518185.1,RKSN01000001.1,frhG,46,8.938e-8,0.275
FW_TWAS_AS_rep_1,GCA_005518185.1,RKSN01000003.1,crt,166,3.414e-48,0.407
FW_TWAS_AS_rep_1,GCA_005518185.1,RKSN01000001.1,pepA,379,2.829e-117,0.496
FW_TWAS_AS_rep_1,GCA_005518185.1,RKSN01000003.1,edd,233,1.607e-66,0.321
FW_TWAS_AS_rep_1,GCA_005518185.1,RKSN01000001.1,dtpT,234,4.847e-68,0.348
FW_TWAS_AS_rep_1,GCA_005518185.1,RKSN01000002.1,fadE,381,1.671e-119,0.507
FW_TWAS_AS_rep_1,GCA_005518185.1,RKSN01000001.1,mmcG,132,7.766e-38,0.471
FW_TWAS_AS_rep_1,GCA_005518185.1,RKSN01000001.1,hydA,83,1.751e-18,0.292
FW_TWAS_AS_rep_1,GCA_005518185.1,RKSN01000003.1,fadD,252,1.498e-72,0.362
FW_TWAS_AS_rep_1,GCA_005518185.1,RKSN01000001.1,bcd,299,1.084e-85,0.424
FW_TWAS_AS_rep_1,GCA_005518185.1,RKSN01000001.1,pgi,362,5.496e-111,0.433
FW_TWAS_AS_rep_1,GCA_005518185.1,RKSN01000002.1,dtpT,338,1.146e-101,0.385
FW_TWAS_AS_rep_1,GCA_005518185.1,RKSN01000001.1,fadA,317,2.11e-97,0.481
FW_TWAS_AS_rep_1,GCA_005518185.1,RKSN01000002.1,adhE,76,1.733e-16,0.259
FW_TWAS_AS_rep_1,GCA_005518185.1,RKSN01000002.1,lysophospholipase,79,4.671e-18,0.312
FW_TWAS_AS_rep_1,GCA_005518185.1,RKSN01000001.1,dppA,62,3.376e-12,0.302
FW_TWAS_AS_rep_1,GCA_005518185.1,RKSN01000001.1,mmcE,543,2.483e-170,0.445
FW_TWAS_AS_rep_1,GCA_005518185.1,RKSN01000001.1,adh,64,5.767e-13,0.243
FW_TWAS_AS_rep_1,GCA_005518185.1,RKSN01000001.1,thl,381,8.721e-119,0.534
FW_TWAS_AS_rep_1,GCA_005518185.1,RKSN01000002.1,mer,104,1.53e-25,0.278
FW_TWAS_AS_rep_1,GCA_005518185.1,RKSN01000001.1,hbd,288,1.153e-89,0.52
FW_TWAS_AS_rep_1,GCA_005518185.1,RKSN01000003.1,fadE,158,2.031e-43,0.306
FW_TWAS_AS_rep_1,GCA_005518185.1,RKSN01000001.1,tdcB,194,2.527e-55,0.404
FW_TWAS_AS_rep_1,GCA_005518185.1,RKSN01000002.1,bcd,254,1.128e-75,0.398
FW_TWAS_AS_rep_1,GCA_005518185.1,RKSN01000001.1,fadE,259,7.723e-78,0.41
FW_TWAS_AS_rep_1,GCA_005518185.1,RKSN01000001.1,ilvE,284,1.825e-86,0.48
FW_TWAS_AS_rep_1,GCA_005518185.1,RKSN01000002.1,adh,59,6.289e-12,0.26
FW_TWAS_AS_rep_1,GCA_005518185.1,RKSN01000001.1,pepD,51,5.774e-9,0.273
FW_TWAS_AS_rep_1,GCA_005518185.1,RKSN01000002.1,etfB,317,4.107e-100,0.7
FW_TWAS_AS_rep_1,GCA_005518185.1,RKSN01000002.1,thl,289,9.728e-88,0.458
FW_TWAS_AS_rep_1,GCA_005518185.1,RKSN01000001.1,gapA,336,3.732e-105,0.534
FW_TWAS_AS_rep_1,GCA_005518185.1,RKSN01000002.1,crt,178,1.056e-51,0.41
FW_TWAS_AS_rep_1,GCA_005518185.1,RKSN01000002.1,pepO,778,1.25e-251,0.585
FW_TWAS_AS_rep_1,GCA_005518185.1,RKSN01000003.1,etfA,77,7.152e-18,0.37
FW_TWAS_AS_rep_1,GCA_005518185.1,RKSN01000001.1,edd,808,1.976e-263,0.681
FW_TWAS_AS_rep_1,GCA_005518185.1,RKSN01000003.1,pepN,386,6.347e-115,0.404
FW_TWAS_AS_rep_1,GCA_005518185.1,RKSN01000002.1,fadD,220,3.309e-62,0.339
FW_TWAS_AS_rep_1,GCA_005518185.1,RKSN01000001.1,crt,275,9.055e-84,0.61
FW_TWAS_AS_rep_1,GCA_005518185.1,RKSN01000003.1,gdh,1170,0.0,0.464
FW_TWAS_AS_rep_1,GCA_005518185.1,RKSN01000001.1,mmcF,130,1.338e-32,0.481
FW_TWAS_AS_rep_1,GCA_005518185.1,RKSN01000002.1,aldh,70,1.173e-14,0.245
FW_TWAS_AS_rep_1,GCA_005518185.1,RKSN01000001.1,etfA,124,2.866e-32,0.405
FW_TWAS_AS_rep_1,GCA_005518185.1,RKSN01000001.1,folD,322,2.728e-100,0.615
FW_TWAS_AS_rep_1,GCA_005518185.1,RKSN01000002.1,gdh,557,3.304e-179,0.587
FW_TWAS_AS_rep_1,GCA_005518185.1,RKSN01000002.1,sucC,400,6.183e-126,0.536
FW_TWAS_AS_rep_1,GCA_005518185.1,RKSN01000001.1,susC,46,4.294e-7,0.305
FW_TWAS_AS_rep_1,GCA_005518185.1,RKSN01000003.1,tdcB,341,7.916e-101,0.446
FW_TWAS_AS_rep_1,GCA_005518185.1,RKSN01000002.1,sucD,114,1.128e-28,0.495
FW_TWAS_AS_rep_1,GCA_005518185.1,RKSN01000003.1,cazy_GH13,67,1.705e-13,0.294
FW_TWAS_AS_rep_1,GCA_005518185.1,RKSN01000002.1,pepQ,215,3.056e-60,0.364
FW_TWAS_AS_rep_1,GCA_005518185.1,RKSN01000001.1,mdh,295,3.599e-91,0.505
FW_TWAS_AS_rep_1,GCA_005518185.1,RKSN01000001.1,acs,833,2.227e-270,0.627
FW_TWAS_AS_rep_1,GCA_005518185.1,RKSN01000002.1,hbd,233,6.285e-66,0.418
FW_TWAS_AS_rep_1,GCA_005518185.1,RKSN01000003.1,acs,160,2.357e-42,0.293
FW_TWAS_AS_rep_1,GCA_005518185.1,RKSN01000001.1,fadB,185,5.255e-54,0.405
FW_TWAS_AS_rep_1,GCA_005518185.1,RKSN01000002.1,folD,325,5.057e-102,0.586
FW_TWAS_AS_rep_1,GCA_005518185.1,RKSN01000003.1,fdhA,187,2.674e-50,0.26
FW_TWAS_AS_rep_1,GCA_005518185.1,RKSN01000003.1,pepQ,64,1.835e-13,0.296
FW_TWAS_AS_rep_1,GCA_005518185.1,RKSN01000002.1,fadA,375,1.095e-117,0.524
FW_TWAS_AS_rep_1,GCA_005518185.1,RKSN01000002.1,cat,259,4.601e-81,0.599
FW_TWAS_AS_rep_1,GCA_005518185.1,RKSN01000002.1,extracellular_protease,109,2.438e-26,0.354
FW_TWAS_AS_rep_1,GCA_005518185.1,RKSN01000001.1,aldh,56,2.594e-10,0.227
FW_TWAS_AS_rep_1,GCA_005518185.1,RKSN01000004.1,pgi,76,8.097e-16,0.276
FW_TWAS_AS_rep_1,GCA_005518185.1,RKSN01000001.1,fadD,293,2.882e-86,0.37
FW_TWAS_AS_rep_1,GCA_005518185.1,RKSN01000003.1,bcd,119,1.671e-30,0.292
FW_TWAS_AS_rep_1,GCA_005518185.1,RKSN01000002.1,fadB,402,1.689e-122,0.361
FW_TWAS_AS_rep_1,GCA_005518185.1,RKSN01000002.1,pyk,358,2e-110,0.458
FW_TWAS_AS_rep_1,GCA_005518185.1,RKSN01000001.1,sucD,385,7.452e-122,0.673
FW_TWAS_AS_rep_1,GCA_005518185.1,RKSN01000001.1,cazy_GH13,161,1.03e-42,0.34
FW_TWAS_AS_rep_1,GCA_005518185.1,RKSN01000002.1,hydA,104,2.69e-24,0.312
FW_TWAS_AS_rep_1,GCA_937898325.1,CALDKN010000036.1,xylF,196,1.035e-56,0.37
FW_TWAS_AS_rep_1,GCA_937898325.1,CALDKN010000178.1,cazy_GH13,224,4.354e-64,0.442
FW_TWAS_AS_rep_1,GCA_937898325.1,CALDKN010000008.1,oppB,233,2.233e-69,0.388
FW_TWAS_AS_rep_1,GCA_937898325.1,CALDKN010000181.1,pfor,1498,0.0,0.638
FW_TWAS_AS_rep_1,GCA_937898325.1,CALDKN010000204.1,cazy_GH13,67,3.515e-13,0.245
FW_TWAS_AS_rep_1,GCA_937898325.1,CALDKN010000164.1,fhs,736,1.97e-239,0.649
FW_TWAS_AS_rep_1,GCA_937898325.1,CALDKN010000202.1,hydA,137,5.817e-37,0.358
FW_TWAS_AS_rep_1,GCA_937898325.1,CALDKN010000002.1,oppB,274,2.794e-84,0.512
FW_TWAS_AS_rep_1,GCA_937898325.1,CALDKN010000030.1,extracellular_protease,40,1.642e-6,0.333
FW_TWAS_AS_rep_1,GCA_937898325.1,CALDKN010000002.1,dppA,214,8.064e-60,0.287
FW_TWAS_AS_rep_1,GCA_937898325.1,CALDKN010000144.1,cazy_GH10,280,6.892e-85,0.462
FW_TWAS_AS_rep_1,GCA_937898325.1,CALDKN010000116.1,dppB,227,1.363e-67,0.415
FW_TWAS_AS_rep_1,GCA_937898325.1,CALDKN010000014.1,dppA,287,5.443e-86,0.361
FW_TWAS_AS_rep_1,GCA_937898325.1,CALDKN010000039.1,oppB,136,1.641e-36,0.291
FW_TWAS_AS_rep_1,GCA_937898325.1,CALDKN010000062.1,xylF,245,3.919e-73,0.443
FW_TWAS_AS_rep_1,GCA_937898325.1,CALDKN010000159.1,xylF,156,7.867e-43,0.336
FW_TWAS_AS_rep_1,GCA_937898325.1,CALDKN010000212.1,oppB,209,3.692e-61,0.475
FW_TWAS_AS_rep_1,GCA_937898325.1,CALDKN010000072.1,dppB,115,1.779e-29,0.308
FW_TWAS_AS_rep_1,GCA_937898325.1,CALDKN010000231.1,crt,48,2.847e-8,0.392
FW_TWAS_AS_rep_1,GCA_937898325.1,CALDKN010000016.1,xylB,145,5.311e-38,0.3
FW_TWAS_AS_rep_1,GCA_937898325.1,CALDKN010000117.1,cazy_GH10,294,1.212e-83,0.486
FW_TWAS_AS_rep_1,GCA_937898325.1,CALDKN010000212.1,dppA,181,5.797e-50,0.277
FW_TWAS_AS_rep_1,GCA_937898325.1,CALDKN010000219.1,pfkA,70,6.132e-15,0.382
FW_TWAS_AS_rep_1,GCA_937898325.1,CALDKN010000073.1,gdh,58,4.153e-11,0.472
FW_TWAS_AS_rep_1,GCA_937898325.1,CALDKN010000130.1,dppC,90,1.801e-21,0.27
FW_TWAS_AS_rep_1,GCA_937898325.1,CALDKN010000120.1,pfor,1455,0.0,0.618
FW_TWAS_AS_rep_1,GCA_937898325.1,CALDKN010000037.1,acylglycerol_lipase,44,1.44e-6,0.423
FW_TWAS_AS_rep_1,GCA_937898325.1,CALDKN010000034.1,dppA,89,1.801e-20,0.243
FW_TWAS_AS_rep_1,GCA_937898325.1,CALDKN010000092.1,cazy_GH43,108,5.51e-27,0.347
FW_TWAS_AS_rep_1,GCA_937898325.1,CALDKN010000014.1,oppA,227,2.233e-65,0.334
FW_TWAS_AS_rep_1,GCA_937898325.1,CALDKN010000064.1,ilvE,338,1.621e-105,0.518
FW_TWAS_AS_rep_1,GCA_937898325.1,CALDKN010000137.1,agl,111,6.544e-27,0.282
FW_TWAS_AS_rep_1,GCA_937898325.1,CALDKN010000089.1,oppB,198,1.293e-57,0.355
FW_TWAS_AS_rep_1,GCA_937898325.1,CALDKN010000040.1,pepQ,195,3.739e-56,0.367
FW_TWAS_AS_rep_1,GCA_937898325.1,CALDKN010000201.1,pepA,379,2.029e-117,0.488
FW_TWAS_AS_rep_1,GCA_937898325.1,CALDKN010000002.1,dppC,262,4.645e-80,0.494
FW_TWAS_AS_rep_1,GCA_937898325.1,CALDKN010000015.1,endopeptidase,355,1.732e-110,0.553
FW_TWAS_AS_rep_1,GCA_937898325.1,CALDKN010000120.1,prdA,93,7.488e-22,0.282
FW_TWAS_AS_rep_1,GCA_937898325.1,CALDKN010000082.1,pta,152,3.179e-42,0.38
FW_TWAS_AS_rep_1,GCA_937898325.1,CALDKN010000034.1,dppC,91,1.121e-23,0.402
FW_TWAS_AS_rep_1,GCA_937898325.1,CALDKN010000031.1,oppA,93,1.434e-21,0.242
FW_TWAS_AS_rep_1,GCA_937898325.1,CALDKN010000219.1,pepT,53,8.115e-10,0.216
FW_TWAS_AS_rep_1,GCA_937898325.1,CALDKN010000020.1,pfkA,156,6.72e-44,0.348
FW_TWAS_AS_rep_1,GCA_937898325.1,CALDKN010000002.1,oppA,165,4.839e-44,0.255
FW_TWAS_AS_rep_1,GCA_937898325.1,CALDKN010000114.1,pfor,42,2.286e-6,0.27
FW_TWAS_AS_rep_1,GCA_937898325.1,CALDKN010000020.1,xylB,113,4.417e-28,0.243
FW_TWAS_AS_rep_1,GCA_937898325.1,CALDKN010000178.1,agl,213,1.201e-60,0.357
FW_TWAS_AS_rep_1,GCA_937898325.1,CALDKN010000011.1,extracellular_protease,154,8.584e-39,0.322
FW_TWAS_AS_rep_1,GCA_937898325.1,CALDKN010000093.1,hbd,205,1.032e-60,0.4
FW_TWAS_AS_rep_1,GCA_937898325.1,CALDKN010000042.1,dppA,80,1.958e-17,0.229
FW_TWAS_AS_rep_1,GCA_937898325.1,CALDKN010000095.1,pepT,84,3.041e-19,0.264
FW_TWAS_AS_rep_1,GCA_937898325.1,CALDKN010000031.1,dppA,116,8.166e-29,0.258
FW_TWAS_AS_rep_1,GCA_937898325.1,CALDKN010000114.1,xylB,124,1.647e-31,0.263
FW_TWAS_AS_rep_1,GCA_937898325.1,CALDKN010000190.1,xylF,189,1.83e-54,0.358
FW_TWAS_AS_rep_1,GCA_937898325.1,CALDKN010000155.1,thl,427,7.07e-135,0.59
FW_TWAS_AS_rep_1,GCA_937898325.1,CALDKN010000212.1,dppC,195,8.667e-58,0.443
FW_TWAS_AS_rep_1,GCA_937898325.1,CALDKN010000120.1,grdB,590,3.683e-191,0.665
FW_TWAS_AS_rep_1,GCA_937898325.1,CALDKN010000164.1,folD,391,3.171e-125,0.701
FW_TWAS_AS_rep_1,GCA_937898325.1,CALDKN010000212.1,adhE,145,2.195e-39,0.322
FW_TWAS_AS_rep_1,GCA_937898325.1,CALDKN010000207.1,dppC,90,3.429e-24,0.392
FW_TWAS_AS_rep_1,GCA_937898325.1,CALDKN010000045.1,adh,56,8.344e-11,0.266
FW_TWAS_AS_rep_1,GCA_937898325.1,CALDKN010000002.1,dppB,250,9.452e-76,0.401
FW_TWAS_AS_rep_1,GCA_937898325.1,CALDKN010000119.1,dppA,217,6.04e-61,0.28
FW_TWAS_AS_rep_1,GCA_937898325.1,CALDKN010000116.1,dppC,188,4.679e-55,0.358
FW_TWAS_AS_rep_1,GCA_937898325.1,CALDKN010000212.1,frhG,44,3.701e-7,0.437
FW_TWAS_AS_rep_1,GCA_937898325.1,CALDKN010000175.1,oppB,191,1.413e-56,0.468
FW_TWAS_AS_rep_1,GCA_937898325.1,CALDKN010000042.1,dppB,137,6.792e-37,0.308
FW_TWAS_AS_rep_1,GCA_937898325.1,CALDKN010000119.1,dppC,258,8.426e-79,0.496
FW_TWAS_AS_rep_1,GCA_937898325.1,CALDKN010000244.1,fdhA,63,2.567e-12,0.457
FW_TWAS_AS_rep_1,GCA_937898325.1,CALDKN010000208.1,dppA,74,3.698e-16,0.255
FW_TWAS_AS_rep_1,GCA_937898325.1,CALDKN010000130.1,oppB,132,3.761e-35,0.301
FW_TWAS_AS_rep_1,GCA_937898325.1,CALDKN010000114.1,frhB,48,3.351e-8,0.299
FW_TWAS_AS_rep_1,GCA_937898325.1,CALDKN010000193.1,extracellular_protease,134,3.384e-34,0.363
FW_TWAS_AS_rep_1,GCA_937898325.1,CALDKN010000081.1,adh,81,3.64e-19,0.308
FW_TWAS_AS_rep_1,GCA_937898325.1,CALDKN010000073.1,cazy_GH13,207,6.231e-58,0.411
FW_TWAS_AS_rep_1,GCA_937898325.1,CALDKN010000072.1,pepT,151,1.004e-42,0.425
FW_TWAS_AS_rep_1,GCA_937898325.1,CALDKN010000175.1,dppB,248,5.175e-75,0.443
FW_TWAS_AS_rep_1,GCA_937898325.1,CALDKN010000231.1,susC,43,3.559e-6,0.287
FW_TWAS_AS_rep_1,GCA_937898325.1,CALDKN010000237.1,oppB,95,2.136e-25,0.424
FW_TWAS_AS_rep_1,GCA_937898325.1,CALDKN010000036.1,pfkA,40,3.835e-6,0.392
FW_TWAS_AS_rep_1,GCA_937898325.1,CALDKN010000116.1,cazy_GH43,156,7.835e-42,0.375
FW_TWAS_AS_rep_1,GCA_937898325.1,CALDKN010000042.1,oppB,158,4.344e-44,0.326
FW_TWAS_AS_rep_1,GCA_937898325.1,CALDKN010000012.1,oppB,53,4.263e-12,0.433
FW_TWAS_AS_rep_1,GCA_937898325.1,CALDKN010000212.1,frhB,47,6.667e-8,0.441
FW_TWAS_AS_rep_1,GCA_937898325.1,CALDKN010000125.1,lysophospholipase,61,1.156e-12,0.324
FW_TWAS_AS_rep_1,GCA_937898325.1,CALDKN010000212.1,cdhC,41,4.8e-6,0.377
FW_TWAS_AS_rep_1,GCA_937898325.1,CALDKN010000082.1,rnfB,44,3.397e-8,0.343
FW_TWAS_AS_rep_1,GCA_937898325.1,CALDKN010000016.1,xylA,550,3.252e-177,0.604
FW_TWAS_AS_rep_1,GCA_937898325.1,CALDKN010000116.1,dppA,132,2.03e-33,0.242
FW_TWAS_AS_rep_1,GCA_937898325.1,CALDKN010000155.1,crt,178,5.681e-52,0.445
FW_TWAS_AS_rep_1,GCA_937898325.1,CALDKN010000039.1,dppB,135,4.09e-36,0.315
FW_TWAS_AS_rep_1,GCA_937898325.1,CALDKN010000155.1,cat,291,1.06e-91,0.663
FW_TWAS_AS_rep_1,GCA_937898325.1,CALDKN010000040.1,fumB,125,1.273e-33,0.353
FW_TWAS_AS_rep_1,GCA_937898325.1,CALDKN010000031.1,dppC,134,3.128e-36,0.323
FW_TWAS_AS_rep_1,GCA_937898325.1,CALDKN010000230.1,acylglycerol_lipase,68,3.558e-14,0.317
FW_TWAS_AS_rep_1,GCA_937898325.1,CALDKN010000155.1,fadB,187,1.027e-54,0.41
FW_TWAS_AS_rep_1,GCA_937898325.1,CALDKN010000217.1,cazy_GH43,126,2.21e-32,0.334
FW_TWAS_AS_rep_1,GCA_937898325.1,CALDKN010000119.1,oppB,278,1.799e-85,0.505
FW_TWAS_AS_rep_1,GCA_937898325.1,CALDKN010000008.1,dppA,145,6.155e-38,0.284
FW_TWAS_AS_rep_1,GCA_937898325.1,CALDKN010000208.1,oppA,63,1.091e-12,0.272
FW_TWAS_AS_rep_1,GCA_937898325.1,CALDKN010000081.1,acylglycerol_lipase,53,1.266e-9,0.256
FW_TWAS_AS_rep_1,GCA_937898325.1,CALDKN010000089.1,dppC,172,6.515e-49,0.396
FW_TWAS_AS_rep_1,GCA_937898325.1,CALDKN010000081.1,fadA,92,1.299e-21,0.287
FW_TWAS_AS_rep_1,GCA_937898325.1,CALDKN010000014.1,dppB,321,2.198e-100,0.521
FW_TWAS_AS_rep_1,GCA_937898325.1,CALDKN010000029.1,gapA,374,1.588e-118,0.571
FW_TWAS_AS_rep_1,GCA_937898325.1,CALDKN010000068.1,extracellular_protease,57,1.138e-11,0.404
FW_TWAS_AS_rep_1,GCA_937898325.1,CALDKN010000175.1,dppA,72,2.931e-15,0.271
FW_TWAS_AS_rep_1,GCA_937898325.1,CALDKN010000219.1,pgi,101,5.289e-24,0.297
FW_TWAS_AS_rep_1,GCA_937898325.1,CALDKN010000175.1,dppC,186,1.131e-54,0.434
FW_TWAS_AS_rep_1,GCA_937898325.1,CALDKN010000027.1,fumB,118,1.389e-32,0.403
FW_TWAS_AS_rep_1,GCA_937898325.1,CALDKN010000151.1,pfkA,81,1.072e-18,0.303
FW_TWAS_AS_rep_1,GCA_937898325.1,CALDKN010000031.1,dppB,144,2.705e-39,0.281
FW_TWAS_AS_rep_1,GCA_937898325.1,CALDKN010000216.1,ackA,80,2.707e-19,0.358
FW_TWAS_AS_rep_1,GCA_937898325.1,CALDKN010000232.1,extracellular_protease,54,5.998e-10,0.261
FW_TWAS_AS_rep_1,GCA_937898325.1,CALDKN010000039.1,oppA,78,7.581e-17,0.24
FW_TWAS_AS_rep_1,GCA_937898325.1,CALDKN010000107.1,pgi,49,6.591e-10,0.317
FW_TWAS_AS_rep_1,GCA_937898325.1,CALDKN010000029.1,xylB,63,2.795e-12,0.244
FW_TWAS_AS_rep_1,GCA_937898325.1,CALDKN010000212.1,oppA,219,6.733e-63,0.323
FW_TWAS_AS_rep_1,GCA_937898325.1,CALDKN010000212.1,pyk,470,3.685e-149,0.539
FW_TWAS_AS_rep_1,GCA_937898325.1,CALDKN010000155.1,hbd,323,1.023e-101,0.599
FW_TWAS_AS_rep_1,GCA_937898325.1,CALDKN010000212.1,pepD,76,1.187e-16,0.313
FW_TWAS_AS_rep_1,GCA_937898325.1,CALDKN010000207.1,oppB,83,5.412e-22,0.364
FW_TWAS_AS_rep_1,GCA_937898325.1,CALDKN010000089.1,dppB,169,8.766e-48,0.322
FW_TWAS_AS_rep_1,GCA_937898325.1,CALDKN010000212.1,pepT,269,6.944e-81,0.43
FW_TWAS_AS_rep_1,GCA_937898325.1,CALDKN010000212.1,rnfB,105,7.207e-27,0.367
FW_TWAS_AS_rep_1,GCA_937898325.1,CALDKN010000008.1,dppC,198,3.049e-57,0.345
FW_TWAS_AS_rep_1,GCA_937898325.1,CALDKN010000244.1,frhG,49,3.811e-8,0.5
FW_TWAS_AS_rep_1,GCA_937898325.1,CALDKN010000012.1,dppC,65,2.184e-16,0.516
FW_TWAS_AS_rep_1,GCA_937898325.1,CALDKN010000120.1,grdA,150,3.443e-45,0.728
FW_TWAS_AS_rep_1,GCA_937898325.1,CALDKN010000175.1,oppA,71,8.947e-15,0.28
FW_TWAS_AS_rep_1,GCA_937898325.1,CALDKN010000137.1,cazy_GH13,180,7.84e-49,0.371
FW_TWAS_AS_rep_1,GCA_937898325.1,CALDKN010000082.1,ackA,94,1.22e-22,0.281
FW_TWAS_AS_rep_1,GCA_937898325.1,CALDKN010000187.1,dppA,119,1.535e-31,0.286
FW_TWAS_AS_rep_1,GCA_937898325.1,CALDKN010000034.1,dppB,181,5.072e-52,0.354
FW_TWAS_AS_rep_1,GCA_937898325.1,CALDKN010000031.1,oppB,156,1.433e-43,0.371
FW_TWAS_AS_rep_1,GCA_937898325.1,CALDKN010000029.1,bgl,381,1.046e-118,0.452
FW_TWAS_AS_rep_1,GCA_937898325.1,CALDKN010000187.1,oppA,121,6.127e-32,0.297
FW_TWAS_AS_rep_1,GCA_937898325.1,CALDKN010000039.1,dppC,101,1.707e-25,0.336
FW_TWAS_AS_rep_1,GCA_937898325.1,CALDKN010000119.1,oppA,162,4.413e-43,0.258
FW_TWAS_AS_rep_1,GCA_937898325.1,CALDKN010000155.1,etfA,162,2.074e-46,0.457
FW_TWAS_AS_rep_1,GCA_937898325.1,CALDKN010000073.1,agl,245,7.817e-71,0.373
FW_TWAS_AS_rep_1,GCA_937898325.1,CALDKN010000014.1,dppC,295,1.011e-91,0.51
FW_TWAS_AS_rep_1,GCA_937898325.1,CALDKN010000073.1,pfkA,127,2.626e-33,0.311
FW_TWAS_AS_rep_1,GCA_937898325.1,CALDKN010000008.1,oppA,123,7.873e-31,0.254
FW_TWAS_AS_rep_1,GCA_937898325.1,CALDKN010000039.1,dppA,59,4.669e-11,0.218
FW_TWAS_AS_rep_1,GCA_937898325.1,CALDKN010000244.1,hydA,494,1.043e-155,0.455
FW_TWAS_AS_rep_1,GCA_937898325.1,CALDKN010000119.1,dppB,247,1.358e-74,0.391
FW_TWAS_AS_rep_1,GCA_937898325.1,CALDKN010000237.1,dppC,80,4.462e-20,0.347
FW_TWAS_AS_rep_1,GCA_937898325.1,CALDKN010000202.1,eda,172,1.214e-50,0.472
FW_TWAS_AS_rep_1,GCA_937898325.1,CALDKN010000117.1,cazy_GH43,116,7.271e-29,0.32
FW_TWAS_AS_rep_1,GCA_937898325.1,CALDKN010000008.1,dppB,214,3.826e-63,0.37
FW_TWAS_AS_rep_1,GCA_937898325.1,CALDKN010000073.1,extracellular_protease,200,5.978e-55,0.413
FW_TWAS_AS_rep_1,GCA_937898325.1,CALDKN010000026.1,endopeptidase,331,3.515e-98,0.608
FW_TWAS_AS_rep_1,GCA_937898325.1,CALDKN010000034.1,oppB,149,5.131e-41,0.312
FW_TWAS_AS_rep_1,GCA_937898325.1,CALDKN010000089.1,dppA,80,1.936e-17,0.222
FW_TWAS_AS_rep_1,GCA_937898325.1,CALDKN010000072.1,oppB,108,9.355e-27,0.351
FW_TWAS_AS_rep_1,GCA_937898325.1,CALDKN010000202.1,fdhA,598,3.771e-192,0.563
FW_TWAS_AS_rep_1,GCA_937898325.1,CALDKN010000082.1,hydA,43,8.686e-8,0.312
FW_TWAS_AS_rep_1,GCA_937898325.1,CALDKN010000184.1,cazy_GH13,49,3.457e-8,0.359
FW_TWAS_AS_rep_1,GCA_937898325.1,CALDKN010000114.1,hydA,49,1.438e-8,0.345
FW_TWAS_AS_rep_1,GCA_937898325.1,CALDKN010000073.1,acylglycerol_lipase,129,1.538e-34,0.328
FW_TWAS_AS_rep_1,GCA_937898325.1,CALDKN010000089.1,oppA,93,2.608e-21,0.245
FW_TWAS_AS_rep_1,GCA_937898325.1,CALDKN010000117.1,esterase,188,2.944e-52,0.308
FW_TWAS_AS_rep_1,GCA_937898325.1,CALDKN010000015.1,frhG,46,2.409e-7,0.418
FW_TWAS_AS_rep_1,GCA_937898325.1,CALDKN010000072.1,dppC,94,2.301e-22,0.319
FW_TWAS_AS_rep_1,GCA_937898325.1,CALDKN010000203.1,extracellular_protease,178,1.923e-49,0.364
FW_TWAS_AS_rep_1,GCA_937898325.1,CALDKN010000212.1,pfkA,263,5.177e-80,0.468
FW_TWAS_AS_rep_1,GCA_937898325.1,CALDKN010000093.1,ackA,432,1.883e-137,0.57
FW_TWAS_AS_rep_1,GCA_937898325.1,CALDKN010000116.1,oppB,213,1.011e-62,0.404
FW_TWAS_AS_rep_1,GCA_937898325.1,CALDKN010000152.1,gdh,460,1.231e-146,0.567
FW_TWAS_AS_rep_1,GCA_937898325.1,CALDKN010000212.1,dppB,198,1.219e-57,0.377
FW_TWAS_AS_rep_1,GCA_937898325.1,CALDKN010000014.1,oppB,258,1.403e-78,0.478
FW_TWAS_AS_rep_1,GCA_937898325.1,CALDKN010000155.1,fadA,319,1.659e-97,0.475
FW_TWAS_AS_rep_1,GCA_937898325.1,CALDKN010000114.1,rnfB,42,3.028e-6,0.346
FW_TWAS_AS_rep_1,GCA_937898325.1,CALDKN010000015.1,frhB,46,1.818e-7,0.382
FW_TWAS_AS_rep_1,GCA_937898325.1,CALDKN010000130.1,dppB,137,7.142e-37,0.307
FW_TWAS_AS_rep_1,GCA_048499395.1,JASNZX010000010.1,pfkA,51,6.504e-9,0.287
FW_TWAS_AS_rep_1,GCA_048499395.1,JASNZX010000003.1,cazy_GH10,297,3.406e-91,0.462
FW_TWAS_AS_rep_1,GCA_048499395.1,JASNZX010000032.1,pfkA,170,4.412e-47,0.393
FW_TWAS_AS_rep_1,GCA_048499395.1,JASNZX010000024.1,etfA,262,7.692e-80,0.504
FW_TWAS_AS_rep_1,GCA_048499395.1,JASNZX010000006.1,extracellular_protease,149,2.355e-39,0.395
FW_TWAS_AS_rep_1,GCA_048499395.1,JASNZX010000038.1,pfor,346,4.186e-103,0.335
FW_TWAS_AS_rep_1,GCA_048499395.1,JASNZX010000002.1,acylglycerol_lipase,55,1.215e-10,0.267
FW_TWAS_AS_rep_1,GCA_048499395.1,JASNZX010000022.1,pfor,41,2.652e-6,0.311
FW_TWAS_AS_rep_1,GCA_048499395.1,JASNZX010000004.1,acs,174,1.63e-47,0.311
FW_TWAS_AS_rep_1,GCA_048499395.1,JASNZX010000008.1,oppA,144,1.839e-37,0.254
FW_TWAS_AS_rep_1,GCA_048499395.1,JASNZX010000006.1,cazy_GH10,222,5.953e-65,0.387
FW_TWAS_AS_rep_1,GCA_048499395.1,JASNZX010000001.1,dppA,366,5.63e-112,0.368
FW_TWAS_AS_rep_1,GCA_048499395.1,JASNZX010000024.1,acs,213,1.666e-59,0.311
FW_TWAS_AS_rep_1,GCA_048499395.1,JASNZX010000017.1,extracellular_protease,85,1.008e-18,0.307
FW_TWAS_AS_rep_1,GCA_048499395.1,JASNZX010000002.1,extracellular_protease,175,8.638e-47,0.385
FW_TWAS_AS_rep_1,GCA_048499395.1,JASNZX010000017.1,cazy_GH43,66,5.521e-14,0.318
FW_TWAS_AS_rep_1,GCA_048499395.1,JASNZX010000006.1,gdh,408,2.397e-127,0.512
FW_TWAS_AS_rep_1,GCA_048499395.1,JASNZX010000022.1,frhG,50,1.542e-9,0.28
FW_TWAS_AS_rep_1,GCA_048499395.1,JASNZX010000024.1,hbd,143,1.098e-36,0.362
FW_TWAS_AS_rep_1,GCA_048499395.1,JASNZX010000021.1,mvhG,44,2.31e-7,0.247
FW_TWAS_AS_rep_1,GCA_048499395.1,JASNZX010000037.1,fdhA,134,1.84e-33,0.23
FW_TWAS_AS_rep_1,GCA_048499395.1,JASNZX010000008.1,cazy_GH5,62,3.967e-12,0.25
FW_TWAS_AS_rep_1,GCA_048499395.1,JASNZX010000035.1,mmcF,124,9.798e-31,0.528
FW_TWAS_AS_rep_1,GCA_048499395.1,JASNZX010000010.1,fdhA,70,1.92e-15,0.469
FW_TWAS_AS_rep_1,GCA_048499395.1,JASNZX010000024.1,bcd,255,1.191e-73,0.398
FW_TWAS_AS_rep_1,GCA_048499395.1,JASNZX010000002.1,cazy_GH13,66,1.685e-13,0.294
FW_TWAS_AS_rep_1,GCA_048499395.1,JASNZX010000007.1,gdh,603,1.483e-194,0.667
FW_TWAS_AS_rep_1,GCA_048499395.1,JASNZX010000001.1,extracellular_protease,69,8.408e-14,0.278
FW_TWAS_AS_rep_1,GCA_048499395.1,JASNZX010000005.1,edd,224,3.023e-63,0.341
FW_TWAS_AS_rep_1,GCA_048499395.1,JASNZX010000031.1,folD,314,1.543e-97,0.569
FW_TWAS_AS_rep_1,GCA_048499395.1,JASNZX010000003.1,acs,164,1.653e-44,0.279
FW_TWAS_AS_rep_1,GCA_048499395.1,JASNZX010000008.1,lctB,86,5.785e-19,0.297
FW_TWAS_AS_rep_1,GCA_048499395.1,JASNZX010000001.1,oppA,449,1.479e-140,0.456
FW_TWAS_AS_rep_1,GCA_048499395.1,JASNZX010000020.1,oppA,370,2.371e-110,0.397
FW_TWAS_AS_rep_1,GCA_048499395.1,JASNZX010000011.1,sucD,63,3.514e-12,0.275
FW_TWAS_AS_rep_1,GCA_048499395.1,JASNZX010000027.1,adhE,165,1.615e-45,0.319
FW_TWAS_AS_rep_1,GCA_048499395.1,JASNZX010000020.1,dppB,260,1.503e-79,0.471
FW_TWAS_AS_rep_1,GCA_048499395.1,JASNZX010000010.1,frhG,98,5.296e-25,0.327
FW_TWAS_AS_rep_1,GCA_048499395.1,JASNZX010000008.1,edd,178,1.083e-47,0.335
FW_TWAS_AS_rep_1,GCA_048499395.1,JASNZX010000011.1,pfor,1494,0.0,0.641
FW_TWAS_AS_rep_1,GCA_048499395.1,JASNZX010000007.1,pfkA,46,1.524e-7,0.38
FW_TWAS_AS_rep_1,GCA_048499395.1,JASNZX010000020.1,aldh,44,1.877e-6,0.248
FW_TWAS_AS_rep_1,GCA_048499395.1,JASNZX010000018.1,acylglycerol_lipase,81,1.041e-18,0.318
FW_TWAS_AS_rep_1,GCA_048499395.1,JASNZX010000005.1,adhE,150,9.003e-40,0.284
FW_TWAS_AS_rep_1,GCA_048499395.1,JASNZX010000002.1,acs,836,3.44e-272,0.628
FW_TWAS_AS_rep_1,GCA_048499395.1,JASNZX010000010.1,frhB,42,2.244e-7,0.276
FW_TWAS_AS_rep_1,GCA_048499395.1,JASNZX010000008.1,agl,55,1.628e-9,0.242
FW_TWAS_AS_rep_1,GCA_048499395.1,JASNZX010000037.1,hydA,46,5.266e-8,0.446
FW_TWAS_AS_rep_1,GCA_048499395.1,JASNZX010000008.1,lysophospholipase,92,1.202e-21,0.285
FW_TWAS_AS_rep_1,GCA_048499395.1,JASNZX010000015.1,frhB,45,2.597e-7,0.319
FW_TWAS_AS_rep_1,GCA_048499395.1,JASNZX010000021.1,tdcB,364,1.565e-113,0.56
FW_TWAS_AS_rep_1,GCA_048499395.1,JASNZX010000032.1,extracellular_protease,55,5.356e-9,0.318
FW_TWAS_AS_rep_1,GCA_048499395.1,JASNZX010000011.1,adhE,51,6.287e-9,0.265
FW_TWAS_AS_rep_1,GCA_048499395.1,JASNZX010000001.1,fwdA,49,4.66e-8,0.264
FW_TWAS_AS_rep_1,GCA_048499395.1,JASNZX010000005.1,pepQ,73,3.055e-16,0.295
FW_TWAS_AS_rep_1,GCA_048499395.1,JASNZX010000011.1,lctB,134,4.347e-35,0.317
FW_TWAS_AS_rep_1,GCA_048499395.1,JASNZX010000023.1,agl,63,4.412e-12,0.267
FW_TWAS_AS_rep_1,GCA_048499395.1,JASNZX010000016.1,sucC,411,9.105e-130,0.551
FW_TWAS_AS_rep_1,GCA_048499395.1,JASNZX010000004.1,extracellular_protease,122,3.005e-30,0.323
FW_TWAS_AS_rep_1,GCA_048499395.1,JASNZX010000024.1,fadE,224,2.189e-63,0.355
FW_TWAS_AS_rep_1,GCA_048499395.1,JASNZX010000002.1,cazy_GH10,136,3.923e-35,0.304
FW_TWAS_AS_rep_1,GCA_048499395.1,JASNZX010000001.1,oppB,340,1.754e-106,0.585
FW_TWAS_AS_rep_1,GCA_048499395.1,JASNZX010000002.1,pta,194,4.202e-56,0.377
FW_TWAS_AS_rep_1,GCA_048499395.1,JASNZX010000028.1,cazy_GH9,179,4.296e-48,0.285
FW_TWAS_AS_rep_1,GCA_048499395.1,JASNZX010000028.1,endopeptidase,268,3.236e-75,0.403
FW_TWAS_AS_rep_1,GCA_048499395.1,JASNZX010000036.1,pfkA,106,4.722e-26,0.301
FW_TWAS_AS_rep_1,GCA_048499395.1,JASNZX010000023.1,cazy_GH13,83,2.41e-18,0.282
FW_TWAS_AS_rep_1,GCA_048499395.1,JASNZX010000024.1,fadD,258,1.368e-74,0.352
FW_TWAS_AS_rep_1,GCA_048499395.1,JASNZX010000004.1,esterase,55,2.375e-10,0.26
FW_TWAS_AS_rep_1,GCA_048499395.1,JASNZX010000021.1,pepN,234,8.628e-65,0.353
FW_TWAS_AS_rep_1,GCA_048499395.1,JASNZX010000026.1,pfkA,123,2.107e-31,0.291
FW_TWAS_AS_rep_1,GCA_048499395.1,JASNZX010000005.1,extracellular_protease,54,7.145e-9,0.472
FW_TWAS_AS_rep_1,GCA_048499395.1,JASNZX010000005.1,pepT,86,1.005e-19,0.277
FW_TWAS_AS_rep_1,GCA_048499395.1,JASNZX010000006.1,xylB,171,1.462e-46,0.318
FW_TWAS_AS_rep_1,GCA_048499395.1,JASNZX010000010.1,extracellular_protease,136,2.309e-35,0.373
FW_TWAS_AS_rep_1,GCA_048499395.1,JASNZX010000011.1,rnfB,40,9.465e-6,0.235
FW_TWAS_AS_rep_1,GCA_048499395.1,JASNZX010000007.1,ilvE,64,2.788e-13,0.265
FW_TWAS_AS_rep_1,GCA_048499395.1,JASNZX010000015.1,frhG,41,3.394e-6,0.298
FW_TWAS_AS_rep_1,GCA_048499395.1,JASNZX010000005.1,ackA,289,5.888e-87,0.435
FW_TWAS_AS_rep_1,GCA_048499395.1,JASNZX010000024.1,crt,78,1.155e-16,0.321
FW_TWAS_AS_rep_1,GCA_048499395.1,JASNZX010000010.1,mvhD,190,4.21e-57,0.632
FW_TWAS_AS_rep_1,GCA_048499395.1,JASNZX010000035.1,mmcE,527,1.525e-164,0.455
FW_TWAS_AS_rep_1,GCA_048499395.1,JASNZX010000022.1,hydA,79,3.785e-17,0.24
FW_TWAS_AS_rep_1,GCA_048499395.1,JASNZX010000001.1,cazy_GH5,89,1.571e-20,0.286
FW_TWAS_AS_rep_1,GCA_048499395.1,JASNZX010000003.1,pyk,353,9.62e-108,0.435
FW_TWAS_AS_rep_1,GCA_048499395.1,JASNZX010000025.1,dppC,42,2.298e-6,0.284
FW_TWAS_AS_rep_1,GCA_048499395.1,JASNZX010000008.1,pfkA,216,1.886e-63,0.378
FW_TWAS_AS_rep_1,GCA_048499395.1,JASNZX010000008.1,cazy_GH13,55,4.359e-10,0.252
FW_TWAS_AS_rep_1,GCA_048499395.1,JASNZX010000001.1,ilvE,83,2.874e-19,0.27
FW_TWAS_AS_rep_1,GCA_048499395.1,JASNZX010000022.1,xylA,564,4.006e-182,0.627
FW_TWAS_AS_rep_1,GCA_048499395.1,JASNZX010000020.1,oppB,269,8.088e-83,0.478
FW_TWAS_AS_rep_1,GCA_048499395.1,JASNZX010000004.1,gdh,59,3.523e-11,0.473
FW_TWAS_AS_rep_1,GCA_048499395.1,JASNZX010000011.1,fdhA,70,6.202e-14,0.205
FW_TWAS_AS_rep_1,GCA_048499395.1,JASNZX010000018.1,glcP,183,1.15e-51,0.329
FW_TWAS_AS_rep_1,GCA_048499395.1,JASNZX010000001.1,dppC,291,1.008e-89,0.494
FW_TWAS_AS_rep_1,GCA_048499395.1,JASNZX010000016.1,sucD,104,2.271e-25,0.5
FW_TWAS_AS_rep_1,GCA_048499395.1,JASNZX010000003.1,cazy_GH43,119,6.911e-30,0.313
FW_TWAS_AS_rep_1,GCA_048499395.1,JASNZX010000003.1,cazy_CBM6,88,8.369e-20,0.445
FW_TWAS_AS_rep_1,GCA_048499395.1,JASNZX010000005.1,cazy_GH43,175,2.033e-48,0.386
FW_TWAS_AS_rep_1,GCA_048499395.1,JASNZX010000024.1,fadA,393,5.241e-124,0.548
FW_TWAS_AS_rep_1,GCA_048499395.1,JASNZX010000020.1,dppA,305,1.086e-88,0.36
FW_TWAS_AS_rep_1,GCA_048499395.1,JASNZX010000001.1,dppB,271,1.977e-83,0.471
FW_TWAS_AS_rep_1,GCA_048499395.1,JASNZX010000036.1,mdh,173,3.302e-49,0.402
FW_TWAS_AS_rep_1,GCA_048499395.1,JASNZX010000030.1,extracellular_protease,78,3.134e-17,0.32
FW_TWAS_AS_rep_1,GCA_048499395.1,JASNZX010000004.1,susC,48,2.679e-7,0.43
FW_TWAS_AS_rep_1,GCA_048499395.1,JASNZX010000011.1,fumB,106,5.848e-28,0.371
FW_TWAS_AS_rep_1,GCA_048499395.1,JASNZX010000016.1,extracellular_protease,77,7.796e-16,0.307
FW_TWAS_AS_rep_1,GCA_048499395.1,JASNZX010000006.1,rnfB,49,9.246e-8,0.428
FW_TWAS_AS_rep_1,GCA_048499395.1,JASNZX010000010.1,rnfB,55,6.482e-10,0.358
FW_TWAS_AS_rep_1,GCA_048499395.1,JASNZX010000010.1,frhA,149,1.784e-39,0.264
FW_TWAS_AS_rep_1,GCA_048499395.1,JASNZX010000010.1,mmcG,87,8.215e-21,0.339
FW_TWAS_AS_rep_1,GCA_048499395.1,JASNZX010000003.1,pfkA,213,1.713e-62,0.387
FW_TWAS_AS_rep_1,GCA_048499395.1,JASNZX010000017.1,xylB,55,6.765e-10,0.222
FW_TWAS_AS_rep_1,GCA_048499395.1,JASNZX010000006.1,hydA,68,8.271e-14,0.346
FW_TWAS_AS_rep_1,GCA_048499395.1,JASNZX010000001.1,cazy_GH43,119,7.363e-31,0.325
FW_TWAS_AS_rep_1,GCA_048499395.1,JASNZX010000024.1,thl,330,4.342e-102,0.492
FW_TWAS_AS_rep_1,GCA_048499395.1,JASNZX010000035.1,mmcG,103,2.64e-28,0.388
FW_TWAS_AS_rep_1,GCA_048499395.1,JASNZX010000011.1,eda,175,1.76e-51,0.452
FW_TWAS_AS_rep_1,GCA_048499395.1,JASNZX010000005.1,aldh,164,1.504e-44,0.296
FW_TWAS_AS_rep_1,GCA_048499395.1,JASNZX010000008.1,dppA,132,1.325e-33,0.252
FW_TWAS_AS_rep_1,GCA_048499395.1,JASNZX010000017.1,pfkA,57,5.068e-11,0.274
FW_TWAS_AS_rep_1,GCA_048499395.1,JASNZX010000010.1,mvhA,523,8.555e-167,0.541
FW_TWAS_AS_rep_1,GCA_048499395.1,JASNZX010000020.1,gapA,415,3.726e-132,0.623
FW_TWAS_AS_rep_1,GCA_048499395.1,JASNZX010000007.1,adhE,159,9.669e-43,0.307
FW_TWAS_AS_rep_1,GCA_048499395.1,JASNZX010000006.1,fdhA,392,3.91e-117,0.35
FW_TWAS_AS_rep_1,GCA_048499395.1,JASNZX010000002.1,fadD,159,7.157e-41,0.3
FW_TWAS_AS_rep_1,GCA_048499395.1,JASNZX010000010.1,lctC,40,5.706e-6,0.256
FW_TWAS_AS_rep_1,GCA_048499395.1,JASNZX010000024.1,fadB,110,2.076e-26,0.256
FW_TWAS_AS_rep_1,GCA_048499395.1,JASNZX010000033.1,cazy_GH5,100,1.189e-24,0.288
FW_TWAS_AS_rep_1,GCA_048499395.1,JASNZX010000024.1,etfB,273,2.726e-84,0.613
FW_TWAS_AS_rep_1,GCA_048499395.1,JASNZX010000010.1,hydA,111,2.781e-29,0.313
FW_TWAS_AS_rep_1,GCA_048499395.1,JASNZX010000006.1,adh,51,3.323e-9,0.301
FW_TWAS_AS_rep_1,GCA_048499395.1,JASNZX010000010.1,mvhG,318,2.279e-99,0.504
FW_TWAS_AS_rep_1,GCA_048499395.1,JASNZX010000002.1,xylB,51,1.149e-8,0.238
FW_TWAS_AS_rep_1,GCA_048499395.1,JASNZX010000021.1,frhG,47,4.01e-8,0.307
FW_TWAS_AS_rep_1,GCA_048499395.1,JASNZX010000004.1,fadD,184,9.283e-51,0.347
FW_TWAS_AS_rep_1,GCA_048499395.1,JASNZX010000005.1,sucD,327,2.473e-102,0.572
FW_TWAS_AS_rep_1,GCA_048499395.1,JASNZX010000003.1,fadD,253,2.839e-74,0.392
FW_TWAS_AS_rep_1,GCA_048499395.1,JASNZX010000006.1,tdcB,61,9.773e-12,0.254
FW_TWAS_AS_rep_1,GCA_048499395.1,JASNZX010000004.1,pepQ,81,2.734e-18,0.291
FW_TWAS_AS_rep_1,GCA_048499395.1,JASNZX010000001.1,fdhA,257,9.688e-73,0.306
FW_TWAS_AS_rep_1,GCA_048499395.1,JASNZX010000013.1,dtpT,444,1.259e-139,0.488
FW_TWAS_AS_rep_1,GCA_048499395.1,JASNZX010000028.1,pgi,194,7.048e-54,0.329
FW_TWAS_AS_rep_1,GCA_048499395.1,JASNZX010000003.1,ilvE,123,7.636e-33,0.328
FW_TWAS_AS_rep_1,GCA_048499395.1,JASNZX010000020.1,dppC,228,3.561e-68,0.442
FW_TWAS_AS_rep_1,GCA_048499395.1,JASNZX010000011.1,aldh,53,2.725e-9,0.252
FW_TWAS_AS_rep_1,GCA_048499395.1,JASNZX010000022.1,fdhA,79,2.864e-17,0.326
FW_TWAS_AS_rep_1,GCA_963814475.1,CAWFDA010000031.1,bcd,369,9.033e-116,0.477
FW_TWAS_AS_rep_1,GCA_963814475.1,CAWFDA010000044.1,mmcE,687,3.513e-223,0.648
FW_TWAS_AS_rep_1,GCA_963814475.1,CAWFDA010000013.1,pepO,559,3.29e-176,0.441
FW_TWAS_AS_rep_1,GCA_963814475.1,CAWFDA010000023.1,mmcG,105,7.478e-28,0.414
FW_TWAS_AS_rep_1,GCA_963814475.1,CAWFDA010000037.1,pepN,104,1.77e-24,0.25
FW_TWAS_AS_rep_1,GCA_963814475.1,CAWFDA010000051.1,extracellular_protease,55,1.024e-10,0.361
FW_TWAS_AS_rep_1,GCA_963814475.1,CAWFDA010000034.1,fadA,340,8.218e-106,0.489
FW_TWAS_AS_rep_1,GCA_963814475.1,CAWFDA010000034.1,mmcE,244,2.658e-71,0.415
FW_TWAS_AS_rep_1,GCA_963814475.1,CAWFDA010000013.1,pepN,189,1.517e-50,0.306
FW_TWAS_AS_rep_1,GCA_963814475.1,CAWFDA010000046.1,dppC,153,2.969e-41,0.336
FW_TWAS_AS_rep_1,GCA_963814475.1,CAWFDA010000001.1,cat,263,1.175e-80,0.622
FW_TWAS_AS_rep_1,GCA_963814475.1,CAWFDA010000034.1,hbd,124,1.217e-30,0.242
FW_TWAS_AS_rep_1,GCA_963814475.1,CAWFDA010000046.1,folD,310,6.866e-97,0.576
FW_TWAS_AS_rep_1,GCA_963814475.1,CAWFDA010000007.1,adh,67,1.286e-14,0.288
FW_TWAS_AS_rep_1,GCA_963814475.1,CAWFDA010000018.1,pepN,99,1.681e-23,0.245
FW_TWAS_AS_rep_1,GCA_963814475.1,CAWFDA010000046.1,acylglycerol_lipase,53,1.344e-9,0.243
FW_TWAS_AS_rep_1,GCA_963814475.1,CAWFDA010000034.1,fadB,126,3.026e-31,0.338
FW_TWAS_AS_rep_1,GCA_963814475.1,CAWFDA010000046.1,pepN,74,2.557e-15,0.232
FW_TWAS_AS_rep_1,GCA_963814475.1,CAWFDA010000034.1,susC,72,8.798e-15,0.258
FW_TWAS_AS_rep_1,GCA_963814475.1,CAWFDA010000049.1,sucD,54,1.678e-10,0.272
FW_TWAS_AS_rep_1,GCA_963814475.1,CAWFDA010000024.1,fadD,85,2.47e-19,0.247
FW_TWAS_AS_rep_1,GCA_963814475.1,CAWFDA010000046.1,dppA,201,2.661e-56,0.28
FW_TWAS_AS_rep_1,GCA_963814475.1,CAWFDA010000034.1,acs,119,1.152e-28,0.252
FW_TWAS_AS_rep_1,GCA_963814475.1,CAWFDA010000013.1,pepQ,84,5.766e-19,0.288
FW_TWAS_AS_rep_1,GCA_963814475.1,CAWFDA010000034.1,mmcF,77,1.594e-16,0.321
FW_TWAS_AS_rep_1,GCA_963814475.1,CAWFDA010000046.1,crt,170,4.208e-49,0.393
FW_TWAS_AS_rep_1,GCA_963814475.1,CAWFDA010000050.1,adh,65,1.015e-13,0.266
FW_TWAS_AS_rep_1,GCA_963814475.1,CAWFDA010000034.1,bcd,207,6.219e-61,0.411
FW_TWAS_AS_rep_1,GCA_963814475.1,CAWFDA010000001.1,susC,46,6.288e-9,0.433
FW_TWAS_AS_rep_1,GCA_963814475.1,CAWFDA010000034.1,fadD,322,1.78e-96,0.381
FW_TWAS_AS_rep_1,GCA_963814475.1,CAWFDA010000013.1,susC,62,4.341e-13,0.288
FW_TWAS_AS_rep_1,GCA_963814475.1,CAWFDA010000023.1,pfkA,49,1.368e-8,0.26
FW_TWAS_AS_rep_1,GCA_963814475.1,CAWFDA010000034.1,dppB,60,9.71e-12,0.282
FW_TWAS_AS_rep_1,GCA_963814475.1,CAWFDA010000031.1,lctB,207,2.926e-62,0.414
FW_TWAS_AS_rep_1,GCA_963814475.1,CAWFDA010000001.1,bcd,242,6.609e-72,0.368
FW_TWAS_AS_rep_1,GCA_963814475.1,CAWFDA010000024.1,bcd,194,8.344e-56,0.341
FW_TWAS_AS_rep_1,GCA_963814475.1,CAWFDA010000034.1,thl,267,2.011e-80,0.414
FW_TWAS_AS_rep_1,GCA_963814475.1,CAWFDA010000034.1,oppB,204,6.147e-59,0.477
FW_TWAS_AS_rep_1,GCA_963814475.1,CAWFDA010000024.1,acs,85,2.47e-19,0.228
FW_TWAS_AS_rep_1,GCA_963814475.1,CAWFDA010000046.1,susC,66,4.929e-13,0.31
FW_TWAS_AS_rep_1,GCA_963814475.1,CAWFDA010000007.1,susC,68,1.503e-13,0.286
FW_TWAS_AS_rep_1,GCA_963814475.1,CAWFDA010000046.1,extracellular_protease,141,6.173e-37,0.457
FW_TWAS_AS_rep_1,GCA_963814475.1,CAWFDA010000001.1,pyk,350,1.507e-107,0.425
FW_TWAS_AS_rep_1,GCA_963814475.1,CAWFDA010000049.1,hbd,309,1.522e-96,0.53
FW_TWAS_AS_rep_1,GCA_963814475.1,CAWFDA010000044.1,dtpT,223,2.654e-66,0.42
FW_TWAS_AS_rep_1,GCA_963814475.1,CAWFDA010000031.1,gdh,79,1.651e-17,0.249
FW_TWAS_AS_rep_1,GCA_963814475.1,CAWFDA010000046.1,thl,322,8.176e-99,0.462
FW_TWAS_AS_rep_1,GCA_963814475.1,CAWFDA010000029.1,phospholipase,201,1.82e-59,0.408
FW_TWAS_AS_rep_1,GCA_963814475.1,CAWFDA010000018.1,pepD,503,5.248e-160,0.51
FW_TWAS_AS_rep_1,GCA_963814475.1,CAWFDA010000034.1,gdh,466,7.82e-148,0.517
FW_TWAS_AS_rep_1,GCA_963814475.1,CAWFDA010000031.1,fadE,271,3.443e-82,0.423
FW_TWAS_AS_rep_1,GCA_963814475.1,CAWFDA010000046.1,fadB,162,5.203e-45,0.307
FW_TWAS_AS_rep_1,GCA_963814475.1,CAWFDA010000013.1,pepA,126,1.696e-36,0.605
FW_TWAS_AS_rep_1,GCA_963814475.1,CAWFDA010000046.1,oppA,188,4.013e-52,0.292
FW_TWAS_AS_rep_1,GCA_963814475.1,CAWFDA010000034.1,extracellular_protease,53,4.889e-9,0.302
FW_TWAS_AS_rep_1,GCA_963814475.1,CAWFDA010000044.1,bgl,323,5.36e-99,0.392
FW_TWAS_AS_rep_1,GCA_963814475.1,CAWFDA010000001.1,fadE,201,6.439e-58,0.344
FW_TWAS_AS_rep_1,GCA_963814475.1,CAWFDA010000013.1,adh,55,1.08e-10,0.288
FW_TWAS_AS_rep_1,GCA_963814475.1,CAWFDA010000023.1,lctC,316,2.284e-96,0.381
FW_TWAS_AS_rep_1,GCA_963814475.1,CAWFDA010000048.1,etfB,154,3.127e-44,0.37
FW_TWAS_AS_rep_1,GCA_963814475.1,CAWFDA010000049.1,fadB,187,1.686e-54,0.387
FW_TWAS_AS_rep_1,GCA_963814475.1,CAWFDA010000011.1,endopeptidase,56,2.831e-10,0.344
FW_TWAS_AS_rep_1,GCA_963814475.1,CAWFDA010000034.1,pfkA,259,6.626e-79,0.487
FW_TWAS_AS_rep_1,GCA_963814475.1,CAWFDA010000045.1,mdh,301,2.246e-93,0.519
FW_TWAS_AS_rep_1,GCA_963814475.1,CAWFDA010000046.1,fadA,336,1.065e-103,0.474
FW_TWAS_AS_rep_1,GCA_963814475.1,CAWFDA010000044.1,extracellular_protease,140,2.055e-35,0.347
FW_TWAS_AS_rep_1,GCA_963814475.1,CAWFDA010000044.1,mvhG,46,2.528e-7,0.288
FW_TWAS_AS_rep_1,GCA_963814475.1,CAWFDA010000034.1,fadE,165,1.216e-46,0.367
FW_TWAS_AS_rep_1,GCA_963814475.1,CAWFDA010000034.1,dppC,188,1.378e-53,0.438
FW_TWAS_AS_rep_1,GCA_963814475.1,CAWFDA010000044.1,tdcB,61,9.554e-12,0.247
FW_TWAS_AS_rep_1,GCA_963814475.1,CAWFDA010000037.1,gdh,461,2.375e-146,0.534
FW_TWAS_AS_rep_1,GCA_963814475.1,CAWFDA010000046.1,sucD,353,6.516e-112,0.597
FW_TWAS_AS_rep_1,GCA_963814475.1,CAWFDA010000051.1,susC,74,3.386e-15,0.293
FW_TWAS_AS_rep_1,GCA_963814475.1,CAWFDA010000007.1,lysophospholipase,42,2.147e-6,0.272
FW_TWAS_AS_rep_1,GCA_963814475.1,CAWFDA010000018.1,thl,41,6.938e-6,0.447
FW_TWAS_AS_rep_1,GCA_963814475.1,CAWFDA010000046.1,hbd,269,2.588e-81,0.412
FW_TWAS_AS_rep_1,GCA_963814475.1,CAWFDA010000046.1,dtpT,300,1.538e-89,0.37
FW_TWAS_AS_rep_1,GCA_963814475.1,CAWFDA010000001.1,pepN,110,5.005e-27,0.295
FW_TWAS_AS_rep_1,GCA_963814475.1,CAWFDA010000046.1,sucC,201,9.078e-62,0.662
FW_TWAS_AS_rep_1,GCA_963814475.1,CAWFDA010000046.1,oppB,196,8.92e-57,0.359
FW_TWAS_AS_rep_1,GCA_963814475.1,CAWFDA010000048.1,etfA,205,2.397e-60,0.395
FW_TWAS_AS_rep_1,GCA_963814475.1,CAWFDA010000044.1,pfor,40,3.679e-6,0.287
FW_TWAS_AS_rep_1,GCA_963814475.1,CAWFDA010000015.1,pepQ,154,2e-41,0.326
FW_TWAS_AS_rep_1,GCA_963814475.1,CAWFDA010000044.1,frhB,42,8.235e-7,0.306
FW_TWAS_AS_rep_1,GCA_963814475.1,CAWFDA010000046.1,adh,63,3.689e-13,0.284
FW_TWAS_AS_rep_1,GCA_963814475.1,CAWFDA010000034.1,frhB,42,6.559e-6,0.318
FW_TWAS_AS_rep_1,GCA_963814475.1,CAWFDA010000044.1,frhG,45,6.501e-8,0.258
FW_TWAS_AS_rep_1,GCA_963814475.1,CAWFDA010000044.1,susC,102,5.583e-24,0.288
FW_TWAS_AS_rep_1,GCA_963814475.1,CAWFDA010000044.1,gdh,59,3.222e-11,0.509
FW_TWAS_AS_rep_1,GCA_963814475.1,CAWFDA010000024.1,fadE,185,7.428e-53,0.309
FW_TWAS_AS_rep_1,GCA_963814475.1,CAWFDA010000044.1,hydA,40,3.403e-6,0.284
FW_TWAS_AS_rep_1,GCA_963814475.1,CAWFDA010000046.1,dppB,239,1.683e-71,0.401
FW_TWAS_AS_rep_1,GCA_963814475.1,CAWFDA010000025.1,susC,71,2.106e-14,0.268
FW_TWAS_AS_rep_1,GCA_035358495.1,DAOPPM010000004.1,pta,124,1.07e-32,0.344
FW_TWAS_AS_rep_1,GCA_035358495.1,DAOPPM010000028.1,frhB,46,7.11e-8,0.425
FW_TWAS_AS_rep_1,GCA_035358495.1,DAOPPM010000018.1,hydA,41,9.048e-8,0.333
FW_TWAS_AS_rep_1,GCA_035358495.1,DAOPPM010000042.1,mvhA,493,2.143e-156,0.524
FW_TWAS_AS_rep_1,GCA_035358495.1,DAOPPM010000010.1,tdcB,67,3.706e-14,0.255
FW_TWAS_AS_rep_1,GCA_035358495.1,DAOPPM010000004.1,rnfB,45,2.736e-7,0.31
FW_TWAS_AS_rep_1,GCA_035358495.1,DAOPPM010000029.1,crt,196,3.072e-58,0.444
FW_TWAS_AS_rep_1,GCA_035358495.1,DAOPPM010000011.1,ackA,69,1.236e-15,0.396
FW_TWAS_AS_rep_1,GCA_035358495.1,DAOPPM010000003.1,frhB,42,2.561e-7,0.333
FW_TWAS_AS_rep_1,GCA_035358495.1,DAOPPM010000041.1,gdh,452,6.241e-143,0.528
FW_TWAS_AS_rep_1,GCA_035358495.1,DAOPPM010000014.1,mvhG,130,1.244e-35,0.301
FW_TWAS_AS_rep_1,GCA_035358495.1,DAOPPM010000028.1,rnfB,48,1.227e-8,0.288
FW_TWAS_AS_rep_1,GCA_035358495.1,DAOPPM010000004.1,hydA,40,8.098e-6,0.452
FW_TWAS_AS_rep_1,GCA_035358495.1,DAOPPM010000028.1,frhG,74,4.233e-16,0.29
FW_TWAS_AS_rep_1,GCA_035358495.1,DAOPPM010000060.1,pfor,93,1.422e-22,0.261
FW_TWAS_AS_rep_1,GCA_035358495.1,DAOPPM010000020.1,fadB,226,8.294e-68,0.458
FW_TWAS_AS_rep_1,GCA_035358495.1,DAOPPM010000013.1,frhB,51,3.03e-9,0.419
FW_TWAS_AS_rep_1,GCA_035358495.1,DAOPPM010000013.1,hydA,58,1.581e-11,0.432
FW_TWAS_AS_rep_1,GCA_035358495.1,DAOPPM010000028.1,pepT,236,1.033e-69,0.409
FW_TWAS_AS_rep_1,GCA_035358495.1,DAOPPM010000026.1,fadE,256,1.078e-76,0.42
FW_TWAS_AS_rep_1,GCA_035358495.1,DAOPPM010000020.1,hbd,327,2.145e-102,0.543
FW_TWAS_AS_rep_1,GCA_035358495.1,DAOPPM010000001.1,extracellular_protease,189,6.342e-50,0.388
FW_TWAS_AS_rep_1,GCA_035358495.1,DAOPPM010000041.1,etfA,201,5.592e-59,0.397
FW_TWAS_AS_rep_1,GCA_035358495.1,DAOPPM010000004.1,gdh,574,1.897e-185,0.621
FW_TWAS_AS_rep_1,GCA_035358495.1,DAOPPM010000005.1,mmcF,168,5.585e-51,0.589
FW_TWAS_AS_rep_1,GCA_035358495.1,DAOPPM010000017.1,mmcG,111,7.796e-31,0.409
FW_TWAS_AS_rep_1,GCA_035358495.1,DAOPPM010000028.1,hydA,51,1.165e-9,0.294
FW_TWAS_AS_rep_1,GCA_035358495.1,DAOPPM010000011.1,hydA,40,5.497e-6,0.353
FW_TWAS_AS_rep_1,GCA_035358495.1,DAOPPM010000009.1,fdhA,67,1.687e-13,0.29
FW_TWAS_AS_rep_1,GCA_035358495.1,DAOPPM010000008.1,oppA,338,2.082e-102,0.38
FW_TWAS_AS_rep_1,GCA_035358495.1,DAOPPM010000005.1,bcd,323,7.644e-100,0.451
FW_TWAS_AS_rep_1,GCA_035358495.1,DAOPPM010000001.1,pgi,136,7.68e-38,0.395
FW_TWAS_AS_rep_1,GCA_035358495.1,DAOPPM010000001.1,pepQ,62,5.651e-13,0.304
FW_TWAS_AS_rep_1,GCA_035358495.1,DAOPPM010000001.1,adh,89,1.816e-21,0.289
FW_TWAS_AS_rep_1,GCA_035358495.1,DAOPPM010000041.1,fumB,133,5.186e-38,0.405
FW_TWAS_AS_rep_1,GCA_035358495.1,DAOPPM010000001.1,folD,349,1.288e-110,0.6
FW_TWAS_AS_rep_1,GCA_035358495.1,DAOPPM010000005.1,fadE,263,1.767e-79,0.418
FW_TWAS_AS_rep_1,GCA_035358495.1,DAOPPM010000003.1,ackA,416,1.093e-131,0.565
FW_TWAS_AS_rep_1,GCA_035358495.1,DAOPPM010000028.1,pfor,44,4.089e-7,0.324
FW_TWAS_AS_rep_1,GCA_035358495.1,DAOPPM010000003.1,extracellular_protease,108,9.794e-26,0.346
FW_TWAS_AS_rep_1,GCA_035358495.1,DAOPPM010000009.1,frhG,51,1.729e-8,0.406
FW_TWAS_AS_rep_1,GCA_035358495.1,DAOPPM010000004.1,frhG,50,9.131e-9,0.439
FW_TWAS_AS_rep_1,GCA_035358495.1,DAOPPM010000028.1,pfkA,248,5.64e-75,0.45
FW_TWAS_AS_rep_1,GCA_035358495.1,DAOPPM010000002.1,rnfB,46,1.558e-7,0.333
FW_TWAS_AS_rep_1,GCA_035358495.1,DAOPPM010000004.1,etfA,192,1.666e-55,0.393
FW_TWAS_AS_rep_1,GCA_035358495.1,DAOPPM010000004.1,etfB,147,8.662e-41,0.332
FW_TWAS_AS_rep_1,GCA_035358495.1,DAOPPM010000029.1,hydA,40,5.663e-7,0.312
FW_TWAS_AS_rep_1,GCA_035358495.1,DAOPPM010000014.1,mvhA,205,1.242e-58,0.33
FW_TWAS_AS_rep_1,GCA_035358495.1,DAOPPM010000017.1,mmcE,647,1.973e-209,0.616
FW_TWAS_AS_rep_1,GCA_035358495.1,DAOPPM010000045.1,pfor,167,2.216e-46,0.339
FW_TWAS_AS_rep_1,GCA_035358495.1,DAOPPM010000004.1,frhB,45,2.736e-7,0.318
FW_TWAS_AS_rep_1,GCA_035358495.1,DAOPPM010000001.1,fhs,653,2.11e-210,0.577
FW_TWAS_AS_rep_1,GCA_035358495.1,DAOPPM010000018.1,pfor,50,1.249e-8,0.265
FW_TWAS_AS_rep_1,GCA_035358495.1,DAOPPM010000018.1,pfkA,205,1.193e-59,0.38
FW_TWAS_AS_rep_1,GCA_035358495.1,DAOPPM010000020.1,thl,396,1.151e-124,0.551
FW_TWAS_AS_rep_1,GCA_035358495.1,DAOPPM010000021.1,pepN,69,6.048e-14,0.232
FW_TWAS_AS_rep_1,GCA_035358495.1,DAOPPM010000008.1,dppB,281,9.87e-87,0.459
FW_TWAS_AS_rep_1,GCA_035358495.1,DAOPPM010000003.1,frhG,49,1.855e-9,0.36
FW_TWAS_AS_rep_1,GCA_035358495.1,DAOPPM010000003.1,mvhG,44,2.583e-7,0.288
FW_TWAS_AS_rep_1,GCA_035358495.1,DAOPPM010000009.1,rnfB,51,1.695e-8,0.434
FW_TWAS_AS_rep_1,GCA_035358495.1,DAOPPM010000020.1,fadA,253,1.655e-75,0.389
FW_TWAS_AS_rep_1,GCA_035358495.1,DAOPPM010000014.1,frhG,85,2.178e-20,0.298
FW_TWAS_AS_rep_1,GCA_035358495.1,DAOPPM010000028.1,mvhD,191,2.655e-58,0.598
FW_TWAS_AS_rep_1,GCA_035358495.1,DAOPPM010000028.1,mvhG,281,4.207e-86,0.441
FW_TWAS_AS_rep_1,GCA_035358495.1,DAOPPM010000029.1,etfA,183,5.081e-54,0.416
FW_TWAS_AS_rep_1,GCA_035358495.1,DAOPPM010000029.1,pepQ,93,8.625e-23,0.307
FW_TWAS_AS_rep_1,GCA_035358495.1,DAOPPM010000026.1,bcd,271,1.463e-81,0.397
FW_TWAS_AS_rep_1,GCA_035358495.1,DAOPPM010000045.1,hydA,52,4.663e-11,0.379
FW_TWAS_AS_rep_1,GCA_035358495.1,DAOPPM010000009.1,frhB,46,4.786e-7,0.475
FW_TWAS_AS_rep_1,GCA_035358495.1,DAOPPM010000042.1,frhA,158,1.803e-42,0.285
FW_TWAS_AS_rep_1,GCA_035358495.1,DAOPPM010000009.1,hydA,513,7.061e-162,0.453
FW_TWAS_AS_rep_1,GCA_035358495.1,DAOPPM010000008.1,oppB,244,7.25e-72,0.521
FW_TWAS_AS_rep_1,GCA_035358495.1,DAOPPM010000008.1,dppC,203,3.298e-58,0.466
FW_TWAS_AS_rep_1,GCA_035358495.1,DAOPPM010000041.1,etfB,127,1.888e-34,0.364
FW_TWAS_AS_rep_1,GCA_035358495.1,DAOPPM010000011.1,gapA,304,2.759e-94,0.477
FW_TWAS_AS_rep_1,GCA_035358495.1,DAOPPM010000014.1,frhA,152,6.4e-41,0.294
FW_TWAS_AS_rep_1,GCA_035358495.1,DAOPPM010000004.1,adhE,121,4.031e-31,0.31
FW_TWAS_AS_rep_1,GCA_035358495.1,DAOPPM010000005.1,extracellular_protease,213,1.327e-57,0.404
FW_TWAS_AS_rep_1,GCA_035358495.1,DAOPPM010000029.1,fadB,164,3.157e-47,0.435
FW_TWAS_AS_rep_1,GCA_035358495.1,DAOPPM010000011.1,lctB,72,1.126e-15,0.252
FW_TWAS_AS_rep_1,GCA_035358495.1,DAOPPM010000025.1,pfkA,211,2.957e-62,0.411
FW_TWAS_AS_rep_1,GCA_035358495.1,DAOPPM010000008.1,dppA,273,3.687e-80,0.326
FW_TWAS_AS_rep_1,GCA_035358495.1,DAOPPM010000028.1,lctB,47,6.966e-8,0.238
FW_TWAS_AS_rep_1,GCA_035358495.1,DAOPPM010000003.1,hydA,47,8.689e-9,0.362
FW_TWAS_AS_rep_1,GCA_035451445.1,DAOTOR010000015.1,hydA,43,5.883e-6,0.365
FW_TWAS_AS_rep_1,GCA_035451445.1,DAOTOR010000006.1,pfor,57,5.165e-11,0.29
FW_TWAS_AS_rep_1,GCA_035451445.1,DAOTOR010000103.1,acs,184,5.282e-51,0.29
FW_TWAS_AS_rep_1,GCA_035451445.1,DAOTOR010000002.1,acs,57,1.158e-10,0.222
FW_TWAS_AS_rep_1,GCA_035451445.1,DAOTOR010000008.1,frhB,46,3.303e-7,0.392
FW_TWAS_AS_rep_1,GCA_035451445.1,DAOTOR010000057.1,hbd,225,6.039e-67,0.392
FW_TWAS_AS_rep_1,GCA_035451445.1,DAOTOR010000011.1,susD,87,1.314e-19,0.266
FW_TWAS_AS_rep_1,GCA_035451445.1,DAOTOR010000022.1,fadD,331,4.101e-99,0.386
FW_TWAS_AS_rep_1,GCA_035451445.1,DAOTOR010000085.1,lctC,361,1.113e-111,0.465
FW_TWAS_AS_rep_1,GCA_035451445.1,DAOTOR010000002.1,pepD,198,4.006e-59,0.486
FW_TWAS_AS_rep_1,GCA_035451445.1,DAOTOR010000006.1,cazy_GH13,66,5.721e-13,0.242
FW_TWAS_AS_rep_1,GCA_035451445.1,DAOTOR010000035.1,pfkA,93,4.299e-22,0.302
FW_TWAS_AS_rep_1,GCA_035451445.1,DAOTOR010000022.1,pepT,82,2.903e-18,0.286
FW_TWAS_AS_rep_1,GCA_035451445.1,DAOTOR010000024.1,cat,218,3.107e-66,0.529
FW_TWAS_AS_rep_1,GCA_035451445.1,DAOTOR010000002.1,rnfB,51,1.473e-8,0.425
FW_TWAS_AS_rep_1,GCA_035451445.1,DAOTOR010000050.1,pepA,282,4.53e-84,0.452
FW_TWAS_AS_rep_1,GCA_035451445.1,DAOTOR010000015.1,pta,120,1.286e-31,0.355
FW_TWAS_AS_rep_1,GCA_035451445.1,DAOTOR010000018.1,fhs,679,8.486e-220,0.597
FW_TWAS_AS_rep_1,GCA_035451445.1,DAOTOR010000038.1,adh,71,1.014e-15,0.285
FW_TWAS_AS_rep_1,GCA_035451445.1,DAOTOR010000043.1,frhB,49,1.377e-8,0.464
FW_TWAS_AS_rep_1,GCA_035451445.1,DAOTOR010000011.1,xylF,44,7.246e-7,0.24
FW_TWAS_AS_rep_1,GCA_035451445.1,DAOTOR010000014.1,etfA,214,3.119e-63,0.395
FW_TWAS_AS_rep_1,GCA_035451445.1,DAOTOR010000006.1,mmcF,139,1.199e-35,0.544
FW_TWAS_AS_rep_1,GCA_035451445.1,DAOTOR010000028.1,ilvE,242,1.229e-72,0.416
FW_TWAS_AS_rep_1,GCA_035451445.1,DAOTOR010000015.1,ackA,100,1.696e-24,0.291
FW_TWAS_AS_rep_1,GCA_035451445.1,DAOTOR010000023.1,fdhA,53,2.803e-9,0.426
FW_TWAS_AS_rep_1,GCA_035451445.1,DAOTOR010000043.1,rnfB,95,2.155e-23,0.321
FW_TWAS_AS_rep_1,GCA_035451445.1,DAOTOR010000080.1,susC,779,5.669e-247,0.436
FW_TWAS_AS_rep_1,GCA_035451445.1,DAOTOR010000028.1,susC,89,4.001e-20,0.293
FW_TWAS_AS_rep_1,GCA_035451445.1,DAOTOR010000006.1,rnfB,44,9.095e-9,0.35
FW_TWAS_AS_rep_1,GCA_035451445.1,DAOTOR010000024.1,fadA,303,1.035e-92,0.456
FW_TWAS_AS_rep_1,GCA_035451445.1,DAOTOR010000038.1,endopeptidase,42,1.389e-6,0.226
FW_TWAS_AS_rep_1,GCA_035451445.1,DAOTOR010000011.1,susC,699,2.901e-219,0.413
FW_TWAS_AS_rep_1,GCA_035451445.1,DAOTOR010000022.1,acs,59,4.735e-11,0.216
FW_TWAS_AS_rep_1,GCA_035451445.1,DAOTOR010000009.1,pepN,114,9.222e-28,0.275
FW_TWAS_AS_rep_1,GCA_035451445.1,DAOTOR010000067.1,sucC,362,6.662e-113,0.473
FW_TWAS_AS_rep_1,GCA_035451445.1,DAOTOR010000091.1,pepD,537,5.856e-172,0.531
FW_TWAS_AS_rep_1,GCA_035451445.1,DAOTOR010000081.1,agl,80,1.416e-17,0.315
FW_TWAS_AS_rep_1,GCA_035451445.1,DAOTOR010000011.1,adh,71,9.726e-16,0.305
FW_TWAS_AS_rep_1,GCA_035451445.1,DAOTOR010000081.1,cazy_GH13,130,8.342e-33,0.314
FW_TWAS_AS_rep_1,GCA_035451445.1,DAOTOR010000007.1,lysophospholipase,44,5.098e-7,0.237
FW_TWAS_AS_rep_1,GCA_035451445.1,DAOTOR010000038.1,lctC,44,2.399e-6,0.333
FW_TWAS_AS_rep_1,GCA_035451445.1,DAOTOR010000106.1,pepQ,108,2.479e-26,0.275
FW_TWAS_AS_rep_1,GCA_035451445.1,DAOTOR010000023.1,hydA,503,1.754e-158,0.453
FW_TWAS_AS_rep_1,GCA_035451445.1,DAOTOR010000003.1,mmcG,114,3.864e-32,0.421
FW_TWAS_AS_rep_1,GCA_035451445.1,DAOTOR010000002.1,frhB,42,6.554e-6,0.415
FW_TWAS_AS_rep_1,GCA_035451445.1,DAOTOR010000054.1,endopeptidase,231,3.468e-66,0.401
FW_TWAS_AS_rep_1,GCA_035451445.1,DAOTOR010000008.1,pta,224,3.901e-66,0.438
FW_TWAS_AS_rep_1,GCA_035451445.1,DAOTOR010000009.1,tdcB,194,1.984e-56,0.364
FW_TWAS_AS_rep_1,GCA_035451445.1,DAOTOR010000019.1,cazy_GH13,150,2.1e-39,0.321
FW_TWAS_AS_rep_1,GCA_035451445.1,DAOTOR010000004.1,pyk,356,1.678e-109,0.435
FW_TWAS_AS_rep_1,GCA_035451445.1,DAOTOR010000007.1,lctB,214,1.597e-64,0.429
FW_TWAS_AS_rep_1,GCA_035451445.1,DAOTOR010000068.1,adh,66,3.893e-14,0.336
FW_TWAS_AS_rep_1,GCA_035451445.1,DAOTOR010000023.1,agl,61,1.139e-11,0.304
FW_TWAS_AS_rep_1,GCA_035451445.1,DAOTOR010000014.1,bcd,177,2.445e-48,0.332
FW_TWAS_AS_rep_1,GCA_035451445.1,DAOTOR010000011.1,gdh,65,3.783e-13,0.539
FW_TWAS_AS_rep_1,GCA_035451445.1,DAOTOR010000047.1,pepN,106,2.307e-25,0.243
FW_TWAS_AS_rep_1,GCA_035451445.1,DAOTOR010000052.1,mvhD,72,2.106e-17,0.323
FW_TWAS_AS_rep_1,GCA_035451445.1,DAOTOR010000037.1,cazy_GH43,70,1.405e-14,0.261
FW_TWAS_AS_rep_1,GCA_035451445.1,DAOTOR010000014.1,susC,48,1.608e-7,0.235
FW_TWAS_AS_rep_1,GCA_035451445.1,DAOTOR010000022.1,pepD,501,1.629e-159,0.51
FW_TWAS_AS_rep_1,GCA_035451445.1,DAOTOR010000007.1,susD,239,1.745e-69,0.363
FW_TWAS_AS_rep_1,GCA_035451445.1,DAOTOR010000002.1,hydA,486,1.415e-152,0.436
FW_TWAS_AS_rep_1,GCA_035451445.1,DAOTOR010000055.1,acylglycerol_lipase,47,6.249e-8,0.282
FW_TWAS_AS_rep_1,GCA_035451445.1,DAOTOR010000057.1,fadB,154,7.539e-43,0.305
FW_TWAS_AS_rep_1,GCA_035451445.1,DAOTOR010000017.1,dtpT,186,1.155e-50,0.285
FW_TWAS_AS_rep_1,GCA_035451445.1,DAOTOR010000014.1,hydA,41,3.033e-7,0.347
FW_TWAS_AS_rep_1,GCA_035451445.1,DAOTOR010000010.1,mdh,276,8.317e-85,0.47
FW_TWAS_AS_rep_1,GCA_035451445.1,DAOTOR010000022.1,pepQ,139,1.173e-36,0.3
FW_TWAS_AS_rep_1,GCA_035451445.1,DAOTOR010000008.1,cdhC,43,4.351e-6,0.262
FW_TWAS_AS_rep_1,GCA_035451445.1,DAOTOR010000018.1,frhG,45,8.222e-7,0.441
FW_TWAS_AS_rep_1,GCA_035451445.1,DAOTOR010000015.1,susC,364,4.206e-105,0.294
FW_TWAS_AS_rep_1,GCA_035451445.1,DAOTOR010000034.1,endopeptidase,42,9.995e-6,0.328
FW_TWAS_AS_rep_1,GCA_035451445.1,DAOTOR010000045.1,gapA,278,4.953e-85,0.421
FW_TWAS_AS_rep_1,GCA_035451445.1,DAOTOR010000002.1,fadD,237,3.67e-68,0.332
FW_TWAS_AS_rep_1,GCA_035451445.1,DAOTOR010000002.1,frhG,57,2.296e-10,0.438
FW_TWAS_AS_rep_1,GCA_035451445.1,DAOTOR010000006.1,fadD,301,2.606e-89,0.356
FW_TWAS_AS_rep_1,GCA_035451445.1,DAOTOR010000002.1,mvhG,102,8.678e-28,0.388
FW_TWAS_AS_rep_1,GCA_035451445.1,DAOTOR010000050.1,gdh,560,1.204e-180,0.603
FW_TWAS_AS_rep_1,GCA_035451445.1,DAOTOR010000007.1,susC,628,9.959e-195,0.382
FW_TWAS_AS_rep_1,GCA_035451445.1,DAOTOR010000005.1,susC,686,2.712e-214,0.394
FW_TWAS_AS_rep_1,GCA_035451445.1,DAOTOR010000023.1,cazy_GH13,120,9.486e-30,0.281
FW_TWAS_AS_rep_1,GCA_035451445.1,DAOTOR010000108.1,cazy_GH13,84,5.942e-19,0.244
FW_TWAS_AS_rep_1,GCA_035451445.1,DAOTOR010000024.1,pgi,601,1.104e-192,0.56
FW_TWAS_AS_rep_1,GCA_035451445.1,DAOTOR010000027.1,lctC,47,3.905e-8,0.256
FW_TWAS_AS_rep_1,GCA_035451445.1,DAOTOR010000003.1,endopeptidase,225,1.056e-65,0.368
FW_TWAS_AS_rep_1,GCA_035451445.1,DAOTOR010000063.1,pfkA,41,4.559e-6,0.281
FW_TWAS_AS_rep_1,GCA_035451445.1,DAOTOR010000014.1,sucD,327,5.228e-103,0.57
FW_TWAS_AS_rep_1,GCA_035451445.1,DAOTOR010000005.1,susD,219,7.096e-63,0.365
FW_TWAS_AS_rep_1,GCA_035451445.1,DAOTOR010000001.1,pfkA,188,9.459e-54,0.366
FW_TWAS_AS_rep_1,GCA_035451445.1,DAOTOR010000057.1,ackA,431,9.23e-137,0.579
FW_TWAS_AS_rep_1,GCA_035451445.1,DAOTOR010000093.1,cazy_GH13,53,3.457e-9,0.273
FW_TWAS_AS_rep_1,GCA_035451445.1,DAOTOR010000008.1,fdhA,66,2.24e-13,0.382
FW_TWAS_AS_rep_1,GCA_035451445.1,DAOTOR010000033.1,pepN,104,8.37e-25,0.257
FW_TWAS_AS_rep_1,GCA_035451445.1,DAOTOR010000002.1,fdhA,70,2.383e-14,0.481
FW_TWAS_AS_rep_1,GCA_035451445.1,DAOTOR010000067.1,sucD,101,1.57e-24,0.443
FW_TWAS_AS_rep_1,GCA_035451445.1,DAOTOR010000014.1,etfB,109,3.815e-28,0.379
FW_TWAS_AS_rep_1,GCA_035451445.1,DAOTOR010000014.1,fadE,164,5.666e-44,0.344
FW_TWAS_AS_rep_1,GCA_035451445.1,DAOTOR010000043.1,adhE,108,6.137e-27,0.249
FW_TWAS_AS_rep_1,GCA_035451445.1,DAOTOR010000002.1,mvhD,194,1.483e-59,0.58
FW_TWAS_AS_rep_1,GCA_035451445.1,DAOTOR010000008.1,hydA,408,1.157e-125,0.401
FW_TWAS_AS_rep_1,GCA_035451445.1,DAOTOR010000002.1,pepQ,60,3.849e-12,0.277
FW_TWAS_AS_rep_1,GCA_035451445.1,DAOTOR010000064.1,dtpT,103,8.134e-25,0.252
FW_TWAS_AS_rep_1,GCA_035451445.1,DAOTOR010000008.1,rnfB,42,5.267e-6,0.293
FW_TWAS_AS_rep_1,GCA_035451445.1,DAOTOR010000093.1,agl,42,8.794e-6,0.46
FW_TWAS_AS_rep_1,GCA_035451445.1,DAOTOR010000010.1,pta,139,1.594e-35,0.308
FW_TWAS_AS_rep_1,GCA_035451445.1,DAOTOR010000080.1,susD,220,9.127e-63,0.355
FW_TWAS_AS_rep_1,GCA_035451445.1,DAOTOR010000024.1,thl,283,8.435e-86,0.435
FW_TWAS_AS_rep_1,GCA_035451445.1,DAOTOR010000006.1,mmcE,515,1.484e-160,0.536
FW_TWAS_AS_rep_1,GCA_035451445.1,DAOTOR010000006.1,hydA,46,1.34e-9,0.357
FW_TWAS_AS_rep_1,GCA_035451445.1,DAOTOR010000002.1,folD,302,3.751e-94,0.55
FW_TWAS_AS_rep_1,GCA_035451445.1,DAOTOR010000108.1,agl,83,1.046e-18,0.252
FW_TWAS_AS_rep_1,GCA_035451445.1,DAOTOR010000027.1,lctD,84,2.819e-20,0.317
FW_TWAS_AS_rep_1,GCA_035451445.1,DAOTOR010000019.1,agl,142,5.265e-37,0.285
FW_TWAS_AS_rep_1,GCA_035451445.1,DAOTOR010000103.1,fadD,160,6.08e-43,0.289
FW_TWAS_AS_rep_1,GCA_035451445.1,DAOTOR010000006.1,acs,76,3.777e-16,0.237
FW_TWAS_AS_rep_1,GCA_035451445.1,DAOTOR010000002.1,gapA,361,5.067e-114,0.547
FW_TWAS_AS_rep_1,GCA_035451445.1,DAOTOR010000006.1,frhB,41,6.178e-8,0.387
FW_TWAS_AS_rep_1,GCA_004138365.1,RXHR01000001.1,rnfB,51,1.64e-8,0.363
FW_TWAS_AS_rep_1,GCA_004138365.1,RXHR01000002.1,fadE,156,3.33e-41,0.352
FW_TWAS_AS_rep_1,GCA_004138365.1,RXHR01000005.1,pepQ,64,2.165e-13,0.29
FW_TWAS_AS_rep_1,GCA_004138365.1,RXHR01000007.1,susD,152,3.047e-40,0.304
FW_TWAS_AS_rep_1,GCA_004138365.1,RXHR01000002.1,pfor,66,1.461e-13,0.256
FW_TWAS_AS_rep_1,GCA_004138365.1,RXHR01000011.1,susD,202,4.657e-57,0.369
FW_TWAS_AS_rep_1,GCA_004138365.1,RXHR01000018.1,susC,490,2.81e-147,0.342
FW_TWAS_AS_rep_1,GCA_004138365.1,RXHR01000001.1,susC,708,9.792e-223,0.414
FW_TWAS_AS_rep_1,GCA_004138365.1,RXHR01000007.1,pgi,86,1.274e-19,0.285
FW_TWAS_AS_rep_1,GCA_004138365.1,RXHR01000004.1,glcP,202,1.925e-57,0.307
FW_TWAS_AS_rep_1,GCA_004138365.1,RXHR01000006.1,susD,234,8.246e-68,0.37
FW_TWAS_AS_rep_1,GCA_004138365.1,RXHR01000004.1,pfkA,206,2.308e-60,0.395
FW_TWAS_AS_rep_1,GCA_004138365.1,RXHR01000008.1,susD,102,2.735e-24,0.308
FW_TWAS_AS_rep_1,GCA_004138365.1,RXHR01000005.1,susC,630,1.057e-194,0.381
FW_TWAS_AS_rep_1,GCA_004138365.1,RXHR01000010.1,eda,138,7.927e-39,0.367
FW_TWAS_AS_rep_1,GCA_004138365.1,RXHR01000001.1,gapA,470,1.382e-151,0.69
FW_TWAS_AS_rep_1,GCA_004138365.1,RXHR01000005.1,cazy_CE8,267,3.364e-77,0.494
FW_TWAS_AS_rep_1,GCA_004138365.1,RXHR01000007.1,frhG,55,5.471e-10,0.402
FW_TWAS_AS_rep_1,GCA_004138365.1,RXHR01000001.1,pepQ,184,3.636e-50,0.322
FW_TWAS_AS_rep_1,GCA_004138365.1,RXHR01000018.1,susD,152,8.412e-40,0.287
FW_TWAS_AS_rep_1,GCA_004138365.1,RXHR01000005.1,gdh,531,1.879e-170,0.59
FW_TWAS_AS_rep_1,GCA_004138365.1,RXHR01000013.1,cazy_GH43,104,6.351e-25,0.297
FW_TWAS_AS_rep_1,GCA_004138365.1,RXHR01000004.1,fadD,263,4.837e-76,0.327
FW_TWAS_AS_rep_1,GCA_004138365.1,RXHR01000006.1,pepD,487,1.398e-154,0.494
FW_TWAS_AS_rep_1,GCA_004138365.1,RXHR01000008.1,cazy_GH43,95,1.387e-21,0.319
FW_TWAS_AS_rep_1,GCA_004138365.1,RXHR01000002.1,sucC,308,1.305e-94,0.424
FW_TWAS_AS_rep_1,GCA_004138365.1,RXHR01000002.1,etfA,196,4.956e-57,0.366
FW_TWAS_AS_rep_1,GCA_004138365.1,RXHR01000004.1,agl,80,1.096e-17,0.259
FW_TWAS_AS_rep_1,GCA_004138365.1,RXHR01000014.1,pepD,194,1.261e-57,0.473
FW_TWAS_AS_rep_1,GCA_004138365.1,RXHR01000001.1,folD,324,8.352e-102,0.59
FW_TWAS_AS_rep_1,GCA_004138365.1,RXHR01000001.1,ackA,445,1.066e-141,0.57
FW_TWAS_AS_rep_1,GCA_004138365.1,RXHR01000022.1,phospholipase,87,5.139e-21,0.323
FW_TWAS_AS_rep_1,GCA_004138365.1,RXHR01000002.1,cazy_GH9,149,3.434e-38,0.275
FW_TWAS_AS_rep_1,GCA_004138365.1,RXHR01000009.1,lysophospholipase,41,4.583e-6,0.244
FW_TWAS_AS_rep_1,GCA_004138365.1,RXHR01000007.1,susC,620,8.737e-192,0.369
FW_TWAS_AS_rep_1,GCA_004138365.1,RXHR01000002.1,susC,604,1.003e-186,0.375
FW_TWAS_AS_rep_1,GCA_004138365.1,RXHR01000002.1,mmcF,123,2.458e-30,0.469
FW_TWAS_AS_rep_1,GCA_004138365.1,RXHR01000001.1,susD,128,3.282e-32,0.271
FW_TWAS_AS_rep_1,GCA_004138365.1,RXHR01000004.1,susD,157,1.052e-41,0.289
FW_TWAS_AS_rep_1,GCA_004138365.1,RXHR01000007.1,fdhA,66,3.06e-13,0.3
FW_TWAS_AS_rep_1,GCA_004138365.1,RXHR01000006.1,cazy_GH5,100,2.335e-24,0.288
FW_TWAS_AS_rep_1,GCA_004138365.1,RXHR01000006.1,susC,786,3.471e-247,0.449
FW_TWAS_AS_rep_1,GCA_004138365.1,RXHR01000010.1,cazy_GH9,69,7.188e-14,0.252
FW_TWAS_AS_rep_1,GCA_004138365.1,RXHR01000013.1,hydA,42,1.837e-6,0.404
FW_TWAS_AS_rep_1,GCA_004138365.1,RXHR01000001.1,gdh,51,6.723e-9,0.519
FW_TWAS_AS_rep_1,GCA_004138365.1,RXHR01000001.1,fadD,235,1.376e-67,0.326
FW_TWAS_AS_rep_1,GCA_004138365.1,RXHR01000005.1,hydA,41,5.169e-8,0.408
FW_TWAS_AS_rep_1,GCA_004138365.1,RXHR01000017.1,fadD,241,3.738e-69,0.318
FW_TWAS_AS_rep_1,GCA_004138365.1,RXHR01000011.1,cazy_GH43,78,9.303e-17,0.284
FW_TWAS_AS_rep_1,GCA_004138365.1,RXHR01000007.1,fumB,749,2.663e-244,0.66
FW_TWAS_AS_rep_1,GCA_004138365.1,RXHR01000011.1,susC,581,1.742e-178,0.362
FW_TWAS_AS_rep_1,GCA_004138365.1,RXHR01000002.1,pepT,236,1.32e-69,0.377
FW_TWAS_AS_rep_1,GCA_004138365.1,RXHR01000016.1,pepT,90,9.7e-21,0.283
FW_TWAS_AS_rep_1,GCA_004138365.1,RXHR01000005.1,frhG,43,1.352e-6,0.387
FW_TWAS_AS_rep_1,GCA_004138365.1,RXHR01000001.1,frhB,46,4.549e-7,0.46
FW_TWAS_AS_rep_1,GCA_004138365.1,RXHR01000005.1,mdh,138,3.001e-37,0.344
FW_TWAS_AS_rep_1,GCA_004138365.1,RXHR01000004.1,cazy_GH10,282,5.492e-86,0.447
FW_TWAS_AS_rep_1,GCA_004138365.1,RXHR01000008.1,pfkA,84,7.986e-19,0.275
FW_TWAS_AS_rep_1,GCA_004138365.1,RXHR01000020.1,adh,66,7.043e-14,0.31
FW_TWAS_AS_rep_1,GCA_004138365.1,RXHR01000007.1,rnfB,55,9.527e-10,0.462
FW_TWAS_AS_rep_1,GCA_004138365.1,RXHR01000005.1,cazy_GH43,165,1.292e-46,0.389
FW_TWAS_AS_rep_1,GCA_004138365.1,RXHR01000002.1,cazy_GH43,124,7.787e-33,0.358
FW_TWAS_AS_rep_1,GCA_004138365.1,RXHR01000016.1,pepD,501,1.04e-159,0.521
FW_TWAS_AS_rep_1,GCA_004138365.1,RXHR01000017.1,acs,59,5.832e-11,0.208
FW_TWAS_AS_rep_1,GCA_004138365.1,RXHR01000002.1,frhB,45,6.135e-7,0.315
FW_TWAS_AS_rep_1,GCA_004138365.1,RXHR01000002.1,etfB,121,2.681e-32,0.397
FW_TWAS_AS_rep_1,GCA_004138365.1,RXHR01000007.1,frhB,54,8.325e-10,0.279
FW_TWAS_AS_rep_1,GCA_004138365.1,RXHR01000002.1,sucD,297,1.784e-91,0.504
FW_TWAS_AS_rep_1,GCA_004138365.1,RXHR01000005.1,esterase,46,3.421e-7,0.265
FW_TWAS_AS_rep_1,GCA_004138365.1,RXHR01000001.1,fadB,109,1.088e-27,0.264
FW_TWAS_AS_rep_1,GCA_004138365.1,RXHR01000001.1,acs,282,2.449e-83,0.355
FW_TWAS_AS_rep_1,GCA_004138365.1,RXHR01000006.1,tdcB,79,4.357e-18,0.259
FW_TWAS_AS_rep_1,GCA_004138365.1,RXHR01000013.1,fdhA,202,5.235e-55,0.254
FW_TWAS_AS_rep_1,GCA_004138365.1,RXHR01000008.1,susC,462,2.683e-138,0.333
FW_TWAS_AS_rep_1,GCA_004138365.1,RXHR01000006.1,dtpT,211,2.812e-59,0.301
FW_TWAS_AS_rep_1,GCA_004138365.1,RXHR01000004.1,cazy_GH9,200,7.957e-56,0.355
FW_TWAS_AS_rep_1,GCA_004138365.1,RXHR01000006.1,acylglycerol_lipase,56,1.091e-10,0.346
FW_TWAS_AS_rep_1,GCA_004138365.1,RXHR01000002.1,mmcE,532,1.158e-165,0.445
FW_TWAS_AS_rep_1,GCA_004138365.1,RXHR01000001.1,cazy_GH13,48,1.591e-7,0.293
FW_TWAS_AS_rep_1,GCA_004138365.1,RXHR01000003.1,endopeptidase,203,1.051e-57,0.383
FW_TWAS_AS_rep_1,GCA_004138365.1,RXHR01000005.1,mmcG,112,2.605e-31,0.392
FW_TWAS_AS_rep_1,GCA_004138365.1,RXHR01000002.1,cazy_GH13,139,7.017e-36,0.332
FW_TWAS_AS_rep_1,GCA_004138365.1,RXHR01000002.1,bcd,163,1.777e-43,0.3
FW_TWAS_AS_rep_1,GCA_004138365.1,RXHR01000001.1,endopeptidase,250,4.813e-72,0.432
FW_TWAS_AS_rep_1,GCA_004138365.1,RXHR01000011.1,extracellular_protease,121,2.158e-30,0.307
FW_TWAS_AS_rep_1,GCA_004138365.1,RXHR01000005.1,cazy_PL1,47,1.662e-7,0.326
FW_TWAS_AS_rep_1,GCA_004138365.1,RXHR01000001.1,mvhD,72,1.901e-17,0.344
FW_TWAS_AS_rep_1,GCA_004138365.1,RXHR01000001.1,pta,241,3.938e-72,0.455
FW_TWAS_AS_rep_1,GCA_004138365.1,RXHR01000010.1,susC,244,5.74e-67,0.257
FW_TWAS_AS_rep_1,GCA_004138365.1,RXHR01000008.1,pyk,353,1.26e-108,0.436
FW_TWAS_AS_rep_1,GCA_004138365.1,RXHR01000020.1,gdh,560,1.013e-180,0.635
FW_TWAS_AS_rep_1,GCA_004138365.1,RXHR01000004.1,susC,728,2.453e-228,0.416
FW_TWAS_AS_rep_1,GCA_004138365.1,RXHR01000016.1,esterase,249,2.852e-72,0.329
FW_TWAS_AS_rep_1,GCA_004138365.1,RXHR01000005.1,pfkA,274,5.868e-84,0.47
FW_TWAS_AS_rep_1,GCA_004138365.1,RXHR01000004.1,cazy_GH13,94,3.123e-22,0.296
FW_TWAS_AS_rep_1,GCA_004138365.1,RXHR01000006.1,ilvE,240,4.444e-72,0.409
FW_TWAS_AS_rep_1,GCA_004138365.1,RXHR01000019.1,tdcB,85,2.038e-19,0.279
FW_TWAS_AS_rep_1,GCA_004138365.1,RXHR01000001.1,fhs,590,6.346e-187,0.538
FW_TWAS_AS_rep_1,GCA_004138365.1,RXHR01000002.1,hydA,44,8.227e-9,0.287
FW_TWAS_AS_rep_1,GCA_004138365.1,RXHR01000014.1,susC,624,3.969e-193,0.379
FW_TWAS_AS_rep_1,GCA_004138365.1,RXHR01000004.1,cazy_GH5,107,6.806e-27,0.292
FW_TWAS_AS_rep_1,GCA_004138365.1,RXHR01000004.1,xylA,528,7.427e-170,0.588
FW_TWAS_AS_rep_1,GCA_004138365.1,RXHR01000002.1,susD,134,3.608e-34,0.276
FW_TWAS_AS_rep_1,GCA_004138365.1,RXHR01000006.1,pta,165,4.724e-47,0.386
FW_TWAS_AS_rep_1,GCA_004138365.1,RXHR01000007.1,hydA,498,1.801e-156,0.449
FW_TWAS_AS_rep_1,GCA_004138365.1,RXHR01000006.1,esterase,229,7.838e-66,0.34
FW_TWAS_AS_rep_1,GCA_004138365.1,RXHR01000002.1,agl,87,1.669e-19,0.272
FW_TWAS_AS_rep_1,GCA_004138365.1,RXHR01000001.1,hbd,166,7.659e-47,0.314
FW_TWAS_AS_rep_1,GCA_004138365.1,RXHR01000004.1,cazy_GH43,89,2.966e-21,0.31
FW_TWAS_AS_rep_1,GCA_004138365.1,RXHR01000019.1,susC,604,5.149e-186,0.355
FW_TWAS_AS_rep_1,GCA_004138365.1,RXHR01000008.1,pfor,1392,0.0,0.609
FW_TWAS_AS_rep_1,GCA_004138365.1,RXHR01000014.1,susD,125,3.308e-31,0.328
FW_TWAS_AS_rep_1,GCA_004138365.1,RXHR01000005.1,rnfB,80,2.076e-18,0.305
FW_TWAS_AS_rep_1,GCA_004138365.1,RXHR01000011.1,glcP,45,4.23e-7,0.233
FW_TWAS_AS_rep_1,GCA_004138365.1,RXHR01000005.1,frhB,48,3.377e-8,0.433
FW_TWAS_AS_rep_1,GCA_004138365.1,RXHR01000020.1,susC,513,4.051e-155,0.332
FW_TWAS_AS_rep_1,GCA_004138365.1,RXHR01000008.1,pepO,624,2.26e-198,0.483
FW_TWAS_AS_rep_1,GCA_004138365.1,RXHR01000005.1,edd,236,4.045e-67,0.313
FW_TWAS_AS_rep_1,GCA_004138365.1,RXHR01000012.1,adh,63,5.062e-13,0.252
FW_TWAS_AS_rep_1,GCA_004138365.1,RXHR01000005.1,adh,57,4.979e-11,0.258
FW_TWAS_AS_rep_1,GCA_004138365.1,RXHR01000005.1,susD,167,3.721e-45,0.312
FW_TWAS_AS_rep_1,GCA_023622505.1,JAMNZC010000076.1,hydA,49,1.74e-8,0.333
FW_TWAS_AS_rep_1,GCA_023622505.1,JAMNZC010000027.1,fumB,125,1.665e-34,0.413
FW_TWAS_AS_rep_1,GCA_023622505.1,JAMNZC010000239.1,frhB,52,1.242e-9,0.541
FW_TWAS_AS_rep_1,GCA_023622505.1,JAMNZC010000229.1,bcd,310,6.253e-95,0.434
FW_TWAS_AS_rep_1,GCA_023622505.1,JAMNZC010000274.1,acs,71,4.96e-18,0.411
FW_TWAS_AS_rep_1,GCA_023622505.1,JAMNZC010000140.1,fdhA,60,1.825e-11,0.466
FW_TWAS_AS_rep_1,GCA_023622505.1,JAMNZC010000140.1,hydA,501,4.713e-158,0.442
FW_TWAS_AS_rep_1,GCA_023622505.1,JAMNZC010000193.1,hydA,41,4.481e-6,0.369
FW_TWAS_AS_rep_1,GCA_023622505.1,JAMNZC010000203.1,dppB,105,4.845e-28,0.345
FW_TWAS_AS_rep_1,GCA_023622505.1,JAMNZC010000058.1,fadA,289,5.564e-88,0.443
FW_TWAS_AS_rep_1,GCA_023622505.1,JAMNZC010000216.1,mcrA,195,4.345e-60,0.661
FW_TWAS_AS_rep_1,GCA_023622505.1,JAMNZC010000011.1,pta,111,8.57e-29,0.311
FW_TWAS_AS_rep_1,GCA_023622505.1,JAMNZC010000229.1,fadE,260,7.268e-78,0.433
FW_TWAS_AS_rep_1,GCA_023622505.1,JAMNZC010000143.1,fdhA,56,3.971e-10,0.43
FW_TWAS_AS_rep_1,GCA_023622505.1,JAMNZC010000149.1,adhE,124,6.711e-32,0.26
FW_TWAS_AS_rep_1,GCA_023622505.1,JAMNZC010000196.1,pepT,142,2.947e-38,0.335
FW_TWAS_AS_rep_1,GCA_023622505.1,JAMNZC010000044.1,xylF,179,1.176e-50,0.337
FW_TWAS_AS_rep_1,GCA_023622505.1,JAMNZC010000041.1,gdh,68,2.759e-14,0.568
FW_TWAS_AS_rep_1,GCA_023622505.1,JAMNZC010000076.1,frhG,51,7.494e-9,0.373
FW_TWAS_AS_rep_1,GCA_023622505.1,JAMNZC010000203.1,oppB,139,1.213e-36,0.383
FW_TWAS_AS_rep_1,GCA_023622505.1,JAMNZC010000266.1,fhs,638,1.415e-205,0.561
FW_TWAS_AS_rep_1,GCA_023622505.1,JAMNZC010000226.1,tdcB,71,1.486e-15,0.25
FW_TWAS_AS_rep_1,GCA_023622505.1,JAMNZC010000010.1,dppA,167,8.542e-45,0.281
FW_TWAS_AS_rep_1,GCA_023622505.1,JAMNZC010000310.1,ackA,98,8.985e-24,0.243
FW_TWAS_AS_rep_1,GCA_023622505.1,JAMNZC010000083.1,frhB,44,4.803e-9,0.391
FW_TWAS_AS_rep_1,GCA_023622505.1,JAMNZC010000058.1,thl,400,2.424e-126,0.534
FW_TWAS_AS_rep_1,GCA_023622505.1,JAMNZC010000162.1,pfor,1400,0.0,0.595
FW_TWAS_AS_rep_1,GCA_023622505.1,JAMNZC010000041.1,fadD,124,8.63e-34,0.382
FW_TWAS_AS_rep_1,GCA_023622505.1,JAMNZC010000066.1,ackA,411,1.466e-129,0.544
FW_TWAS_AS_rep_1,GCA_023622505.1,JAMNZC010000083.1,pta,155,1.289e-43,0.365
FW_TWAS_AS_rep_1,GCA_023622505.1,JAMNZC010000238.1,dppB,50,2.811e-9,0.272
FW_TWAS_AS_rep_1,GCA_023622505.1,JAMNZC010000245.1,pyk,347,2.186e-106,0.429
FW_TWAS_AS_rep_1,GCA_023622505.1,JAMNZC010000261.1,endopeptidase,198,2.457e-53,0.373
FW_TWAS_AS_rep_1,GCA_023622505.1,JAMNZC010000017.1,frhB,42,9.089e-6,0.366
FW_TWAS_AS_rep_1,GCA_023622505.1,JAMNZC010000017.1,frhG,46,3.276e-7,0.4
FW_TWAS_AS_rep_1,GCA_023622505.1,JAMNZC010000164.1,pepQ,140,8.879e-38,0.289
FW_TWAS_AS_rep_1,GCA_023622505.1,JAMNZC010000319.1,gapA,369,3.523e-116,0.555
FW_TWAS_AS_rep_1,GCA_023622505.1,JAMNZC010000321.1,dppA,361,1.607e-110,0.384
FW_TWAS_AS_rep_1,GCA_023622505.1,JAMNZC010000301.1,lysophospholipase,45,4.374e-7,0.315
FW_TWAS_AS_rep_1,GCA_023622505.1,JAMNZC010000082.1,acs,72,1.149e-15,0.301
FW_TWAS_AS_rep_1,GCA_023622505.1,JAMNZC010000017.1,hydA,56,4.233e-10,0.423
FW_TWAS_AS_rep_1,GCA_023622505.1,JAMNZC010000321.1,oppA,462,3.205e-145,0.477
FW_TWAS_AS_rep_1,GCA_023622505.1,JAMNZC010000151.1,oppA,126,4.158e-32,0.261
FW_TWAS_AS_rep_1,GCA_023622505.1,JAMNZC010000239.1,frhG,51,2.942e-9,0.29
FW_TWAS_AS_rep_1,GCA_023622505.1,JAMNZC010000142.1,folD,174,3.998e-50,0.407
FW_TWAS_AS_rep_1,GCA_023622505.1,JAMNZC010000281.1,pepQ,135,1.589e-36,0.38
FW_TWAS_AS_rep_1,GCA_023622505.1,JAMNZC010000016.1,xylB,68,5.815e-14,0.245
FW_TWAS_AS_rep_1,GCA_023622505.1,JAMNZC010000091.1,agl,54,1.923e-9,0.346
FW_TWAS_AS_rep_1,GCA_023622505.1,JAMNZC010000058.1,pepT,66,6.896e-17,0.534
FW_TWAS_AS_rep_1,GCA_023622505.1,JAMNZC010000151.1,dppA,147,8.498e-39,0.278
FW_TWAS_AS_rep_1,GCA_023622505.1,JAMNZC010000011.1,pfkA,161,5.176e-45,0.306
FW_TWAS_AS_rep_1,GCA_023622505.1,JAMNZC010000097.1,rnfB,44,2.617e-9,0.367
FW_TWAS_AS_rep_1,GCA_023622505.1,JAMNZC010000177.1,cat,271,6.698e-85,0.637
FW_TWAS_AS_rep_1,GCA_023622505.1,JAMNZC010000288.1,pfkA,115,4.198e-29,0.309
FW_TWAS_AS_rep_1,GCA_023622505.1,JAMNZC010000082.1,fadD,87,2.338e-20,0.266
FW_TWAS_AS_rep_1,GCA_023622505.1,JAMNZC010000229.1,etfB,159,1.778e-45,0.402
FW_TWAS_AS_rep_1,GCA_023622505.1,JAMNZC010000087.1,adh,74,7.209e-17,0.313
FW_TWAS_AS_rep_1,GCA_023622505.1,JAMNZC010000229.1,frhB,43,2.271e-6,0.328
FW_TWAS_AS_rep_1,GCA_023622505.1,JAMNZC010000239.1,rnfB,109,2.76e-28,0.343
FW_TWAS_AS_rep_1,GCA_023622505.1,JAMNZC010000144.1,acylglycerol_lipase,116,1.722e-30,0.34
FW_TWAS_AS_rep_1,GCA_023622505.1,JAMNZC010000014.1,fadD,67,3.563e-15,0.368
FW_TWAS_AS_rep_1,GCA_023622505.1,JAMNZC010000228.1,acs,44,2.178e-6,0.26
FW_TWAS_AS_rep_1,GCA_023622505.1,JAMNZC010000087.1,dppB,182,1.349e-52,0.34
FW_TWAS_AS_rep_1,GCA_023622505.1,JAMNZC010000203.1,dppC,117,1.66e-29,0.339
FW_TWAS_AS_rep_1,GCA_023622505.1,JAMNZC010000055.1,gdh,589,8.222e-191,0.637
FW_TWAS_AS_rep_1,GCA_023622505.1,JAMNZC010000229.1,hydA,46,3.211e-7,0.363
FW_TWAS_AS_rep_1,GCA_023622505.1,JAMNZC010000269.1,pepQ,66,2.889e-14,0.292
FW_TWAS_AS_rep_1,GCA_023622505.1,JAMNZC010000229.1,etfA,238,2.12e-70,0.431
FW_TWAS_AS_rep_1,GCA_023622505.1,JAMNZC010000010.1,oppA,197,2.026e-54,0.311
FW_TWAS_AS_rep_1,GCA_023622505.1,JAMNZC010000087.1,oppB,196,1.778e-57,0.411
FW_TWAS_AS_rep_1,GCA_023622505.1,JAMNZC010000087.1,dppC,184,1.491e-53,0.379
FW_TWAS_AS_rep_1,GCA_023622505.1,JAMNZC010000076.1,frhB,48,5.347e-8,0.5
FW_TWAS_AS_rep_1,GCA_023622505.1,JAMNZC010000097.1,frhB,51,1.141e-11,0.487
FW_TWAS_AS_rep_1,GCA_023622505.1,JAMNZC010000144.1,lysophospholipase,49,1.286e-8,0.261
FW_TWAS_AS_rep_1,GCA_023622505.1,JAMNZC010000010.1,tdcB,80,9.146e-18,0.245
FW_TWAS_AS_rep_1,GCA_023622505.1,JAMNZC010000228.1,fadD,197,1.99e-54,0.323
FW_TWAS_AS_rep_1,GCA_023622505.1,JAMNZC010000143.1,hydA,490,4.38e-154,0.447
FW_TWAS_AS_rep_1,GCA_023622505.1,JAMNZC010000083.1,frhG,51,1.542e-11,0.377
FW_TWAS_AS_rep_1,GCA_040772985.1,JAXGXB010000001.1,folD,256,3.738e-78,0.468
FW_TWAS_AS_rep_1,GCA_040772985.1,JAXGXB010000001.1,etfA,241,2.087e-71,0.461
FW_TWAS_AS_rep_1,GCA_040772985.1,JAXGXB010000001.1,etfB,164,2.333e-47,0.413
FW_TWAS_AS_rep_1,GCA_040772985.1,JAXGXB010000001.1,adhE,144,1.143e-38,0.321
FW_TWAS_AS_rep_1,GCA_040772985.1,JAXGXB010000001.1,fadE,289,4.458e-88,0.459
FW_TWAS_AS_rep_1,GCA_040772985.1,JAXGXB010000001.1,fadD,267,4.525e-78,0.357
FW_TWAS_AS_rep_1,GCA_040772985.1,JAXGXB010000001.1,extracellular_protease,173,3.652e-45,0.387
FW_TWAS_AS_rep_1,GCA_040772985.1,JAXGXB010000001.1,pepQ,145,8.454e-39,0.323
FW_TWAS_AS_rep_1,GCA_040772985.1,JAXGXB010000001.1,bcd,320,8.301e-99,0.468
FW_TWAS_AS_rep_1,GCA_040772985.1,JAXGXB010000001.1,acs,106,1.024e-25,0.255
FW_TWAS_AS_rep_1,GCA_040772985.1,JAXGXB010000001.1,fumB,115,6.979e-31,0.397
FW_TWAS_AS_rep_1,GCA_040772985.1,JAXGXB010000001.1,mmcG,111,6.604e-31,0.412
FW_TWAS_AS_rep_1,GCA_040772985.1,JAXGXB010000001.1,mmcF,130,1.39e-32,0.535
FW_TWAS_AS_rep_1,GCA_040772985.1,JAXGXB010000001.1,gapA,344,7.101e-108,0.537
FW_TWAS_AS_rep_1,GCA_040772985.1,JAXGXB010000001.1,pfor,1343,0.0,0.588
FW_TWAS_AS_rep_1,GCA_040772985.1,JAXGXB010000001.1,frhG,57,7.267e-14,0.456
FW_TWAS_AS_rep_1,GCA_040772985.1,JAXGXB010000001.1,frhB,51,1.199e-11,0.403
FW_TWAS_AS_rep_1,GCA_040772985.1,JAXGXB010000001.1,pgi,108,1.367e-26,0.289
FW_TWAS_AS_rep_1,GCA_040772985.1,JAXGXB010000001.1,agl,100,1.339e-23,0.259
FW_TWAS_AS_rep_1,GCA_040772985.1,JAXGXB010000001.1,cat,296,1.765e-93,0.685
FW_TWAS_AS_rep_1,GCA_040772985.1,JAXGXB010000001.1,pepT,238,1.594e-70,0.401
FW_TWAS_AS_rep_1,GCA_040772985.1,JAXGXB010000001.1,mmcE,526,4.242e-164,0.536
FW_TWAS_AS_rep_1,GCA_040772985.1,JAXGXB010000001.1,fhs,688,1.863e-222,0.598
FW_TWAS_AS_rep_1,GCA_040772985.1,JAXGXB010000001.1,endopeptidase,46,2.424e-7,0.314
FW_TWAS_AS_rep_1,GCA_040772985.1,JAXGXB010000001.1,gdh,591,2.121e-191,0.635
FW_TWAS_AS_rep_1,GCA_040772985.1,JAXGXB010000001.1,pepD,81,1.978e-18,0.26
FW_TWAS_AS_rep_1,GCA_040772985.1,JAXGXB010000001.1,pfkA,171,7.319e-48,0.349
FW_TWAS_AS_rep_1,GCA_040772985.1,JAXGXB010000001.1,fdhA,77,4.093e-16,0.32
FW_TWAS_AS_rep_1,GCA_040772985.1,JAXGXB010000001.1,thl,381,8.512e-120,0.531
FW_TWAS_AS_rep_1,GCA_040772985.1,JAXGXB010000001.1,pepN,157,1.568e-40,0.272
FW_TWAS_AS_rep_1,GCA_040772985.1,JAXGXB010000001.1,fadA,306,8.02e-94,0.441
FW_TWAS_AS_rep_1,GCA_040772985.1,JAXGXB010000001.1,pta,230,1.074e-68,0.467
FW_TWAS_AS_rep_1,GCA_040772985.1,JAXGXB010000001.1,ackA,406,5.162e-128,0.541
FW_TWAS_AS_rep_1,GCA_040772985.1,JAXGXB010000001.1,hydA,504,1.02e-158,0.451
FW_TWAS_AS_rep_1,GCA_040772985.1,JAXGXB010000001.1,rnfB,97,8.555e-24,0.338
FW_TWAS_AS_rep_1,GCA_040772985.1,JAXGXB010000001.1,pepA,347,3.471e-106,0.458
FW_TWAS_AS_rep_1,GCA_040772985.1,JAXGXB010000001.1,cazy_GH13,145,3.411e-37,0.325
FW_TWAS_AS_rep_1,GCA_044229175.1,JBGATM010000008.1,acylglycerol_lipase,46,3.271e-7,0.308
FW_TWAS_AS_rep_1,GCA_044229175.1,JBGATM010000031.1,thl,355,8.556e-111,0.513
FW_TWAS_AS_rep_1,GCA_044229175.1,JBGATM010000048.1,fdhA,240,7.388e-68,0.304
FW_TWAS_AS_rep_1,GCA_044229175.1,JBGATM010000006.1,pepQ,122,3.999e-30,0.288
FW_TWAS_AS_rep_1,GCA_044229175.1,JBGATM010000018.1,frhG,44,2.079e-7,0.255
FW_TWAS_AS_rep_1,GCA_044229175.1,JBGATM010000002.1,mvhA,452,2.611e-141,0.469
FW_TWAS_AS_rep_1,GCA_044229175.1,JBGATM010000046.1,hbd,294,2.145e-91,0.512
FW_TWAS_AS_rep_1,GCA_044229175.1,JBGATM010000017.1,frhG,49,5.919e-9,0.268
FW_TWAS_AS_rep_1,GCA_044229175.1,JBGATM010000013.1,fadD,204,1.623e-56,0.329
FW_TWAS_AS_rep_1,GCA_044229175.1,JBGATM010000002.1,dppC,227,6.299e-66,0.437
FW_TWAS_AS_rep_1,GCA_044229175.1,JBGATM010000033.1,mvhG,46,9.84e-8,0.274
FW_TWAS_AS_rep_1,GCA_044229175.1,JBGATM010000033.1,gdh,94,6.81e-22,0.269
FW_TWAS_AS_rep_1,GCA_044229175.1,JBGATM010000046.1,fadB,204,2.332e-60,0.397
FW_TWAS_AS_rep_1,GCA_044229175.1,JBGATM010000011.1,pepQ,98,5.033e-23,0.385
FW_TWAS_AS_rep_1,GCA_044229175.1,JBGATM010000013.1,rnfB,78,1.289e-17,0.288
FW_TWAS_AS_rep_1,GCA_044229175.1,JBGATM010000025.1,fdhA,221,1.147e-61,0.284
FW_TWAS_AS_rep_1,GCA_044229175.1,JBGATM010000032.1,pfor,59,4.01e-11,0.257
FW_TWAS_AS_rep_1,GCA_044229175.1,JBGATM010000053.1,lipase,49,6.705e-8,0.322
FW_TWAS_AS_rep_1,GCA_044229175.1,JBGATM010000003.1,dtpT,340,7.413e-104,0.44
FW_TWAS_AS_rep_1,GCA_044229175.1,JBGATM010000012.1,rnfB,44,9.33e-7,0.342
FW_TWAS_AS_rep_1,GCA_044229175.1,JBGATM010000055.1,tdcB,69,6.696e-15,0.269
FW_TWAS_AS_rep_1,GCA_044229175.1,JBGATM010000019.1,crt,142,1.571e-36,0.345
FW_TWAS_AS_rep_1,GCA_044229175.1,JBGATM010000001.1,acs,53,3.742e-9,0.25
FW_TWAS_AS_rep_1,GCA_044229175.1,JBGATM010000004.1,dppA,143,2.604e-37,0.271
FW_TWAS_AS_rep_1,GCA_044229175.1,JBGATM010000002.1,aldh,422,8.308e-132,0.515
FW_TWAS_AS_rep_1,GCA_044229175.1,JBGATM010000004.1,pfor,1461,0.0,0.63
FW_TWAS_AS_rep_1,GCA_044229175.1,JBGATM010000031.1,mmcF,184,2.686e-53,0.674
FW_TWAS_AS_rep_1,GCA_044229175.1,JBGATM010000019.1,etfA,79,3.047e-17,0.368
FW_TWAS_AS_rep_1,GCA_044229175.1,JBGATM010000012.1,acs,140,2.294e-36,0.276
FW_TWAS_AS_rep_1,GCA_044229175.1,JBGATM010000014.1,pepT,57,1.354e-10,0.238
FW_TWAS_AS_rep_1,GCA_044229175.1,JBGATM010000009.1,fadE,204,1.494e-56,0.369
FW_TWAS_AS_rep_1,GCA_044229175.1,JBGATM010000025.1,ilvE,306,1.589e-93,0.493
FW_TWAS_AS_rep_1,GCA_044229175.1,JBGATM010000008.1,frhB,43,2.587e-6,0.413
FW_TWAS_AS_rep_1,GCA_044229175.1,JBGATM010000021.1,tdcB,180,8.843e-52,0.394
FW_TWAS_AS_rep_1,GCA_044229175.1,JBGATM010000002.1,dppB,258,8.426e-79,0.449
FW_TWAS_AS_rep_1,GCA_044229175.1,JBGATM010000054.1,acs,82,3.445e-18,0.25
FW_TWAS_AS_rep_1,GCA_044229175.1,JBGATM010000001.1,sucD,54,2.753e-9,0.296
FW_TWAS_AS_rep_1,GCA_044229175.1,JBGATM010000013.1,crt,116,1.703e-29,0.356
FW_TWAS_AS_rep_1,GCA_044229175.1,JBGATM010000030.1,extracellular_protease,148,4.239e-39,0.438
FW_TWAS_AS_rep_1,GCA_044229175.1,JBGATM010000016.1,pfkA,123,1.202e-31,0.289
FW_TWAS_AS_rep_1,GCA_044229175.1,JBGATM010000009.1,fdhA,519,1.975e-161,0.408
FW_TWAS_AS_rep_1,GCA_044229175.1,JBGATM010000033.1,dtpT,414,1.343e-129,0.493
FW_TWAS_AS_rep_1,GCA_044229175.1,JBGATM010000009.1,pepT,43,3.627e-6,0.276
FW_TWAS_AS_rep_1,GCA_044229175.1,JBGATM010000039.1,crt,128,5.092e-32,0.34
FW_TWAS_AS_rep_1,GCA_044229175.1,JBGATM010000036.1,gapA,350,3.797e-110,0.535
FW_TWAS_AS_rep_1,GCA_044229175.1,JBGATM010000006.1,hydA,86,6.81e-20,0.279
FW_TWAS_AS_rep_1,GCA_044229175.1,JBGATM010000021.1,mdh,174,1.266e-49,0.404
FW_TWAS_AS_rep_1,GCA_044229175.1,JBGATM010000012.1,folD,335,2.086e-105,0.563
FW_TWAS_AS_rep_1,GCA_044229175.1,JBGATM010000014.1,frhG,43,1.903e-6,0.283
FW_TWAS_AS_rep_1,GCA_044229175.1,JBGATM010000001.1,mmcE,646,2.941e-208,0.625
FW_TWAS_AS_rep_1,GCA_044229175.1,JBGATM010000043.1,acylglycerol_lipase,64,4.868e-13,0.278
FW_TWAS_AS_rep_1,GCA_044229175.1,JBGATM010000007.1,fadA,313,2.134e-96,0.465
FW_TWAS_AS_rep_1,GCA_044229175.1,JBGATM010000026.1,fadD,83,2.429e-18,0.256
FW_TWAS_AS_rep_1,GCA_044229175.1,JBGATM010000027.1,pepQ,91,3.473e-21,0.345
FW_TWAS_AS_rep_1,GCA_044229175.1,JBGATM010000022.1,sucD,296,1.895e-92,0.62
FW_TWAS_AS_rep_1,GCA_044229175.1,JBGATM010000012.1,bcd,223,1.408e-65,0.37
FW_TWAS_AS_rep_1,GCA_044229175.1,JBGATM010000006.1,fwdA,55,3.154e-10,0.435
FW_TWAS_AS_rep_1,GCA_044229175.1,JBGATM010000010.1,frhA,109,2.42e-26,0.246
FW_TWAS_AS_rep_1,GCA_044229175.1,JBGATM010000046.1,thl,339,5.988e-103,0.479
FW_TWAS_AS_rep_1,GCA_044229175.1,JBGATM010000007.1,fadE,102,5.352e-24,0.298
FW_TWAS_AS_rep_1,GCA_044229175.1,JBGATM010000007.1,pepD,60,5.552e-12,0.256
FW_TWAS_AS_rep_1,GCA_044229175.1,JBGATM010000006.1,gdh,904,6.801e-283,0.412
FW_TWAS_AS_rep_1,GCA_044229175.1,JBGATM010000009.1,pfor,46,6.287e-7,0.324
FW_TWAS_AS_rep_1,GCA_044229175.1,JBGATM010000029.1,extracellular_protease,173,7.59e-47,0.356
FW_TWAS_AS_rep_1,GCA_044229175.1,JBGATM010000012.1,fadD,192,3.226e-53,0.322
FW_TWAS_AS_rep_1,GCA_044229175.1,JBGATM010000008.1,fdhA,132,5.987e-33,0.256
FW_TWAS_AS_rep_1,GCA_044229175.1,JBGATM010000011.1,rnfB,46,3.265e-8,0.228
FW_TWAS_AS_rep_1,GCA_044229175.1,JBGATM010000002.1,etfA,212,1.396e-59,0.448
FW_TWAS_AS_rep_1,GCA_044229175.1,JBGATM010000003.1,tdcB,277,6.495e-84,0.496
FW_TWAS_AS_rep_1,GCA_044229175.1,JBGATM010000011.1,hydA,48,1.332e-8,0.4
FW_TWAS_AS_rep_1,GCA_044229175.1,JBGATM010000002.1,pepN,72,8.756e-15,0.25
FW_TWAS_AS_rep_1,GCA_044229175.1,JBGATM010000002.1,oppA,141,1.886e-36,0.243
FW_TWAS_AS_rep_1,GCA_044229175.1,JBGATM010000010.1,tdcB,226,2.615e-67,0.45
FW_TWAS_AS_rep_1,GCA_044229175.1,JBGATM010000009.1,bcd,216,1.985e-60,0.355
FW_TWAS_AS_rep_1,GCA_044229175.1,JBGATM010000004.1,acs,503,4.374e-154,0.425
FW_TWAS_AS_rep_1,GCA_044229175.1,JBGATM010000002.1,mvhG,123,3.814e-34,0.365
FW_TWAS_AS_rep_1,GCA_044229175.1,JBGATM010000025.1,edd,246,6.034e-71,0.349
FW_TWAS_AS_rep_1,GCA_044229175.1,JBGATM010000021.1,fadD,137,1.943e-34,0.294
FW_TWAS_AS_rep_1,GCA_044229175.1,JBGATM010000020.1,acylglycerol_lipase,43,5.407e-6,0.229
FW_TWAS_AS_rep_1,GCA_044229175.1,JBGATM010000015.1,fwdA,48,5.572e-8,0.442
FW_TWAS_AS_rep_1,GCA_044229175.1,JBGATM010000024.1,pepT,150,4.903e-40,0.34
FW_TWAS_AS_rep_1,GCA_044229175.1,JBGATM010000019.1,fadB,372,4.12e-112,0.343
FW_TWAS_AS_rep_1,GCA_044229175.1,JBGATM010000002.1,fdhA,53,6.057e-10,0.358
FW_TWAS_AS_rep_1,GCA_044229175.1,JBGATM010000011.1,fdhA,252,4.127e-71,0.31
FW_TWAS_AS_rep_1,GCA_044229175.1,JBGATM010000002.1,frhG,91,2.774e-23,0.345
FW_TWAS_AS_rep_1,GCA_044229175.1,JBGATM010000013.1,pfor,320,2.109e-89,0.256
FW_TWAS_AS_rep_1,GCA_044229175.1,JBGATM010000008.1,crt,88,3.47e-20,0.346
FW_TWAS_AS_rep_1,GCA_044229175.1,JBGATM010000002.1,acs,801,3.787e-260,0.615
FW_TWAS_AS_rep_1,GCA_044229175.1,JBGATM010000014.1,rnfB,44,1.089e-6,0.35
FW_TWAS_AS_rep_1,GCA_044229175.1,JBGATM010000023.1,pyk,413,2.069e-129,0.509
FW_TWAS_AS_rep_1,GCA_044229175.1,JBGATM010000002.1,frhA,151,1.115e-39,0.304
FW_TWAS_AS_rep_1,GCA_044229175.1,JBGATM010000025.1,pepQ,80,3.846e-17,0.335
FW_TWAS_AS_rep_1,GCA_044229175.1,JBGATM010000002.1,dppA,148,1.953e-38,0.257
FW_TWAS_AS_rep_1,GCA_044229175.1,JBGATM010000003.1,gdh,78,1.548e-17,0.273
FW_TWAS_AS_rep_1,GCA_044229175.1,JBGATM010000021.1,acs,106,6.051e-25,0.267
FW_TWAS_AS_rep_1,GCA_044229175.1,JBGATM010000006.1,ilvE,86,2.35e-19,0.307
FW_TWAS_AS_rep_1,GCA_044229175.1,JBGATM010000002.1,xylA,112,2.559e-28,0.303
FW_TWAS_AS_rep_1,GCA_044229175.1,JBGATM010000002.1,etfB,169,1.513e-48,0.457
FW_TWAS_AS_rep_1,GCA_044229175.1,JBGATM010000012.1,fadE,218,5.813e-64,0.388
FW_TWAS_AS_rep_1,GCA_044229175.1,JBGATM010000002.1,adh,63,7.381e-13,0.247
FW_TWAS_AS_rep_1,GCA_044229175.1,JBGATM010000046.1,etfA,162,2.451e-46,0.433
FW_TWAS_AS_rep_1,GCA_044229175.1,JBGATM010000039.1,hbd,196,5.844e-53,0.314
FW_TWAS_AS_rep_1,GCA_044229175.1,JBGATM010000032.1,frhB,48,5.661e-8,0.329
FW_TWAS_AS_rep_1,GCA_044229175.1,JBGATM010000004.1,fadD,198,9.488e-55,0.334
FW_TWAS_AS_rep_1,GCA_044229175.1,JBGATM010000042.1,crt,61,9.694e-12,0.304
FW_TWAS_AS_rep_1,GCA_044229175.1,JBGATM010000042.1,etfA,48,9.31e-8,0.284
FW_TWAS_AS_rep_1,GCA_044229175.1,JBGATM010000010.1,mvhA,124,3.997e-31,0.257
FW_TWAS_AS_rep_1,GCA_044229175.1,JBGATM010000001.1,lysophospholipase,46,3.556e-7,0.308
FW_TWAS_AS_rep_1,GCA_044229175.1,JBGATM010000005.1,pepN,68,1.742e-13,0.25
FW_TWAS_AS_rep_1,GCA_044229175.1,JBGATM010000028.1,adhE,55,5.554e-10,0.242
FW_TWAS_AS_rep_1,GCA_044229175.1,JBGATM010000002.1,adhE,362,4.453e-111,0.479
FW_TWAS_AS_rep_1,GCA_044229175.1,JBGATM010000002.1,susC,44,3.005e-6,0.226
FW_TWAS_AS_rep_1,GCA_044229175.1,JBGATM010000001.1,extracellular_protease,141,2.428e-37,0.338
FW_TWAS_AS_rep_1,GCA_044229175.1,JBGATM010000054.1,fadD,389,4.408e-119,0.415
FW_TWAS_AS_rep_1,GCA_044229175.1,JBGATM010000020.1,acs,196,1.878e-54,0.3
FW_TWAS_AS_rep_1,GCA_044229175.1,JBGATM010000002.1,fadD,122,2.935e-30,0.27
FW_TWAS_AS_rep_1,GCA_044229175.1,JBGATM010000029.1,fhs,646,3.786e-208,0.595
FW_TWAS_AS_rep_1,GCA_044229175.1,JBGATM010000017.1,frhB,42,1.91e-6,0.272
FW_TWAS_AS_rep_1,GCA_044229175.1,JBGATM010000033.1,pepD,244,6.568e-75,0.595
FW_TWAS_AS_rep_1,GCA_044229175.1,JBGATM010000006.1,eda,180,8.699e-53,0.422
FW_TWAS_AS_rep_1,GCA_044229175.1,JBGATM010000019.1,hbd,233,1.175e-65,0.443
FW_TWAS_AS_rep_1,GCA_044229175.1,JBGATM010000001.1,fadE,282,1.165e-85,0.432
FW_TWAS_AS_rep_1,GCA_044229175.1,JBGATM010000018.1,mvhG,41,2.145e-6,0.515
FW_TWAS_AS_rep_1,GCA_044229175.1,JBGATM010000039.1,fadB,428,8.225e-129,0.375
FW_TWAS_AS_rep_1,GCA_044229175.1,JBGATM010000013.1,acs,181,7.641e-49,0.301
FW_TWAS_AS_rep_1,GCA_044229175.1,JBGATM010000007.1,thl,417,4.55e-132,0.587
FW_TWAS_AS_rep_1,GCA_044229175.1,JBGATM010000005.1,cat,263,7.489e-78,0.592
FW_TWAS_AS_rep_1,GCA_044229175.1,JBGATM010000016.1,bcd,149,4.411e-40,0.302
FW_TWAS_AS_rep_1,GCA_044229175.1,JBGATM010000006.1,adh,65,9.87e-14,0.349
FW_TWAS_AS_rep_1,GCA_044229175.1,JBGATM010000014.1,frhB,48,8.845e-8,0.378
FW_TWAS_AS_rep_1,GCA_044229175.1,JBGATM010000002.1,fadB,106,1.726e-27,0.366
FW_TWAS_AS_rep_1,GCA_044229175.1,JBGATM010000006.1,fdhA,463,2.598e-145,0.448
FW_TWAS_AS_rep_1,GCA_044229175.1,JBGATM010000008.1,pfkA,216,3.209e-63,0.4
FW_TWAS_AS_rep_1,GCA_044229175.1,JBGATM010000004.1,pepD,44,1.811e-6,0.283
FW_TWAS_AS_rep_1,GCA_044229175.1,JBGATM010000010.1,frhG,56,2.53e-10,0.303
FW_TWAS_AS_rep_1,GCA_044229175.1,JBGATM010000001.1,bcd,355,1.167e-110,0.505
FW_TWAS_AS_rep_1,GCA_044229175.1,JBGATM010000004.1,oppA,111,3.314e-27,0.272
FW_TWAS_AS_rep_1,GCA_044229175.1,JBGATM010000020.1,fadD,151,9.562e-40,0.289
FW_TWAS_AS_rep_1,GCA_044229175.1,JBGATM010000017.1,fdhA,80,1.326e-17,0.252
FW_TWAS_AS_rep_1,GCA_044229175.1,JBGATM010000002.1,crt,187,3.897e-55,0.446
FW_TWAS_AS_rep_1,GCA_044229175.1,JBGATM010000003.1,oppA,82,1.905e-18,0.234
FW_TWAS_AS_rep_1,GCA_044229175.1,JBGATM010000029.1,mmcE,683,3.886e-221,0.647
FW_TWAS_AS_rep_1,GCA_044229175.1,JBGATM010000013.1,fadB,76,9.268e-17,0.266
FW_TWAS_AS_rep_1,GCA_044229175.1,JBGATM010000020.1,bcd,189,5.441e-53,0.366
FW_TWAS_AS_rep_1,GCA_044229175.1,JBGATM010000005.1,susC,44,3.053e-6,0.368
FW_TWAS_AS_rep_1,GCA_044229175.1,JBGATM010000012.1,fdhA,222,3.355e-60,0.284
FW_TWAS_AS_rep_1,GCA_044229175.1,JBGATM010000020.1,crt,146,2.381e-40,0.379
FW_TWAS_AS_rep_1,GCA_044229175.1,JBGATM010000003.1,pepA,364,1.018e-110,0.516
FW_TWAS_AS_rep_1,GCA_044229175.1,JBGATM010000008.1,pepQ,78,2.759e-17,0.316
FW_TWAS_AS_rep_1,GCA_044229175.1,JBGATM010000001.1,acylglycerol_lipase,158,4.102e-44,0.381
FW_TWAS_AS_rep_1,GCA_044229175.1,JBGATM010000046.1,crt,232,2.327e-70,0.501
FW_TWAS_AS_rep_1,GCA_044229175.1,JBGATM010000010.1,pepO,595,4.479e-177,0.458
FW_TWAS_AS_rep_1,GCA_044229175.1,JBGATM010000046.1,fadA,304,7.677e-91,0.459
FW_TWAS_AS_rep_1,GCA_044229175.1,JBGATM010000008.1,rnfB,44,1.122e-6,0.342
FW_TWAS_AS_rep_1,GCA_044229175.1,JBGATM010000022.1,sucC,378,8.716e-118,0.52
FW_TWAS_AS_rep_1,GCA_044229175.1,JBGATM010000002.1,pgi,745,1.033e-241,0.686
FW_TWAS_AS_rep_1,GCA_044229175.1,JBGATM010000039.1,etfA,93,2.629e-21,0.381
FW_TWAS_AS_rep_1,GCA_044229175.1,JBGATM010000017.1,mvhG,42,1.965e-6,0.484
FW_TWAS_AS_rep_1,GCA_044229175.1,JBGATM010000001.1,pta,196,9.879e-57,0.417
FW_TWAS_AS_rep_1,GCA_044229175.1,JBGATM010000001.1,mmcG,123,4.433e-35,0.438
FW_TWAS_AS_rep_1,GCA_044229175.1,JBGATM010000002.1,xylB,156,1.672e-41,0.305
FW_TWAS_AS_rep_1,GCA_044229175.1,JBGATM010000002.1,oppB,261,9.72e-78,0.47
FW_TWAS_AS_rep_1,GCA_044229175.1,JBGATM010000016.1,fadE,233,1.911e-68,0.399
FW_TWAS_AS_rep_1,GCA_044229175.1,JBGATM010000054.1,fadE,223,1.838e-60,0.336
FW_TWAS_AS_rep_1,GCA_044229175.1,JBGATM010000020.1,fadE,211,2.868e-60,0.402
FW_TWAS_AS_rep_1,GCA_044229175.1,JBGATM010000056.1,pepN,153,5.763e-41,0.295
FW_TWAS_AS_rep_1,GCA_044229175.1,JBGATM010000013.1,etfA,80,7.013e-18,0.303
FW_TWAS_AS_rep_1,GCA_044229175.1,JBGATM010000004.1,adh,64,1.199e-13,0.308
FW_TWAS_AS_rep_1,GCA_044229175.1,JBGATM010000031.1,fadA,328,2.825e-101,0.477
FW_TWAS_AS_rep_1,GCA_044229175.1,JBGATM010000008.1,pfor,45,1.668e-6,0.28
FW_TWAS_AS_rep_1,GCA_044229175.1,JBGATM010000033.1,frhG,53,5.723e-10,0.316
FW_TWAS_AS_rep_1,GCA_044229175.1,JBGATM010000001.1,fadD,87,1.164e-19,0.269
FW_TWAS_AS_rep_1,GCA_044229175.1,JBGATM010000007.1,extracellular_protease,181,2.76e-50,0.375
FW_TWAS_AS_rep_1,GCA_044229175.1,JBGATM010000017.1,hydA,107,4.645e-26,0.316
FW_TWAS_AS_rep_1,GCA_044229175.1,JBGATM010000013.1,lctC,53,2.591e-9,0.318
FW_TWAS_AS_rep_1,GCA_044229175.1,JBGATM010000023.1,tdcB,65,3.154e-13,0.276
FW_TWAS_AS_rep_1,GCA_044229175.1,JBGATM010000018.1,esterase,208,1.714e-57,0.337
FW_TWAS_AS_rep_1,GCA_044229175.1,JBGATM010000054.1,bcd,259,1.683e-71,0.387
FW_TWAS_AS_rep_1,GCA_035374025.1,DAOSOP010000042.1,etfA,98,8.418e-25,0.323
FW_TWAS_AS_rep_1,GCA_035374025.1,DAOSOP010000027.1,fwdA,42,5.747e-6,0.358
FW_TWAS_AS_rep_1,GCA_035374025.1,DAOSOP010000048.1,rnfB,40,1.621e-7,0.354
FW_TWAS_AS_rep_1,GCA_035374025.1,DAOSOP010000007.1,fdhA,55,7.237e-10,0.339
FW_TWAS_AS_rep_1,GCA_035374025.1,DAOSOP010000004.1,extracellular_protease,129,8.673e-32,0.35
FW_TWAS_AS_rep_1,GCA_035374025.1,DAOSOP010000003.1,gapA,132,1.431e-34,0.308
FW_TWAS_AS_rep_1,GCA_035374025.1,DAOSOP010000035.1,rnfB,45,4.86e-7,0.352
FW_TWAS_AS_rep_1,GCA_035374025.1,DAOSOP010000015.1,frhG,48,6.712e-8,0.4
FW_TWAS_AS_rep_1,GCA_035374025.1,DAOSOP010000054.1,pepD,96,4.755e-23,0.274
FW_TWAS_AS_rep_1,GCA_035374025.1,DAOSOP010000019.1,fdhA,84,2.891e-18,0.265
FW_TWAS_AS_rep_1,GCA_035374025.1,DAOSOP010000035.1,hydA,46,2.105e-7,0.262
FW_TWAS_AS_rep_1,GCA_035374025.1,DAOSOP010000019.1,rnfB,55,9.107e-10,0.431
FW_TWAS_AS_rep_1,GCA_035374025.1,DAOSOP010000024.1,pepQ,140,3.196e-37,0.382
FW_TWAS_AS_rep_1,GCA_035374025.1,DAOSOP010000039.1,pepQ,75,3.617e-17,0.304
FW_TWAS_AS_rep_1,GCA_035374025.1,DAOSOP010000007.1,frhG,49,3.586e-8,0.433
FW_TWAS_AS_rep_1,GCA_035374025.1,DAOSOP010000006.1,pfkA,184,1.053e-52,0.35
FW_TWAS_AS_rep_1,GCA_035374025.1,DAOSOP010000021.1,fadE,294,4.832e-90,0.462
FW_TWAS_AS_rep_1,GCA_035374025.1,DAOSOP010000003.1,hydA,48,4.094e-8,0.32
FW_TWAS_AS_rep_1,GCA_035374025.1,DAOSOP010000003.1,adhE,134,1.287e-35,0.304
FW_TWAS_AS_rep_1,GCA_035374025.1,DAOSOP010000034.1,thl,416,8.674e-132,0.571
FW_TWAS_AS_rep_1,GCA_035374025.1,DAOSOP010000002.1,pgi,109,4.186e-27,0.308
FW_TWAS_AS_rep_1,GCA_035374025.1,DAOSOP010000012.1,cat,308,1.27e-97,0.682
FW_TWAS_AS_rep_1,GCA_035374025.1,DAOSOP010000001.1,ackA,98,4.978e-24,0.274
FW_TWAS_AS_rep_1,GCA_035374025.1,DAOSOP010000003.1,frhG,49,1.738e-8,0.379
FW_TWAS_AS_rep_1,GCA_035374025.1,DAOSOP010000027.1,extracellular_protease,143,6.737e-36,0.355
FW_TWAS_AS_rep_1,GCA_035374025.1,DAOSOP010000048.1,hydA,53,4.263e-12,0.418
FW_TWAS_AS_rep_1,GCA_035374025.1,DAOSOP010000034.1,fadA,327,3.717e-101,0.478
FW_TWAS_AS_rep_1,GCA_035374025.1,DAOSOP010000009.1,pepA,349,6.122e-107,0.436
FW_TWAS_AS_rep_1,GCA_035374025.1,DAOSOP010000025.1,frhB,43,1.132e-7,0.365
FW_TWAS_AS_rep_1,GCA_035374025.1,DAOSOP010000020.1,folD,253,3.626e-77,0.452
FW_TWAS_AS_rep_1,GCA_035374025.1,DAOSOP010000003.1,pepN,156,3.284e-40,0.265
FW_TWAS_AS_rep_1,GCA_035374025.1,DAOSOP010000003.1,frhB,48,2.313e-8,0.372
FW_TWAS_AS_rep_1,GCA_035374025.1,DAOSOP010000035.1,frhG,52,3.201e-9,0.365
FW_TWAS_AS_rep_1,GCA_035374025.1,DAOSOP010000013.1,cazy_GH13,150,8.677e-39,0.336
FW_TWAS_AS_rep_1,GCA_035374025.1,DAOSOP010000062.1,extracellular_protease,155,1.187e-39,0.359
FW_TWAS_AS_rep_1,GCA_035374025.1,DAOSOP010000016.1,gdh,51,8.518e-9,0.454
FW_TWAS_AS_rep_1,GCA_035374025.1,DAOSOP010000005.1,pfor,867,1.151e-279,0.562
FW_TWAS_AS_rep_1,GCA_035374025.1,DAOSOP010000013.1,agl,91,1.049e-20,0.238
FW_TWAS_AS_rep_1,GCA_035374025.1,DAOSOP010000007.1,hydA,498,1.734e-156,0.451
FW_TWAS_AS_rep_1,GCA_035374025.1,DAOSOP010000025.1,rnfB,43,1.132e-7,0.368
FW_TWAS_AS_rep_1,GCA_035374025.1,DAOSOP010000048.1,frhB,48,1.428e-10,0.413
FW_TWAS_AS_rep_1,GCA_035374025.1,DAOSOP010000073.1,frhB,48,6.198e-9,0.389
FW_TWAS_AS_rep_1,GCA_035374025.1,DAOSOP010000042.1,etfB,155,4.144e-44,0.413
FW_TWAS_AS_rep_1,GCA_035374025.1,DAOSOP010000025.1,frhG,51,1.679e-10,0.433
FW_TWAS_AS_rep_1,GCA_035374025.1,DAOSOP010000080.1,ackA,415,5.407e-131,0.549
FW_TWAS_AS_rep_1,GCA_035374025.1,DAOSOP010000034.1,mmcF,135,3.74e-34,0.552
FW_TWAS_AS_rep_1,GCA_035374025.1,DAOSOP010000035.1,etfA,255,1.216e-75,0.455
FW_TWAS_AS_rep_1,GCA_035374025.1,DAOSOP010000035.1,frhB,47,1.593e-7,0.333
FW_TWAS_AS_rep_1,GCA_035374025.1,DAOSOP010000007.1,gdh,617,2.835e-200,0.665
FW_TWAS_AS_rep_1,GCA_035374025.1,DAOSOP010000006.1,pta,226,6.275e-67,0.435
FW_TWAS_AS_rep_1,GCA_035374025.1,DAOSOP010000005.1,extracellular_protease,126,4.801e-31,0.321
FW_TWAS_AS_rep_1,GCA_035374025.1,DAOSOP010000025.1,pepT,82,1.253e-18,0.265
FW_TWAS_AS_rep_1,GCA_035374025.1,DAOSOP010000019.1,hydA,80,3.453e-17,0.397
FW_TWAS_AS_rep_1,GCA_035374025.1,DAOSOP010000003.1,rnfB,112,2.855e-29,0.378
FW_TWAS_AS_rep_1,GCA_035374025.1,DAOSOP010000034.1,mmcE,533,2.001e-166,0.539
FW_TWAS_AS_rep_1,GCA_035374025.1,DAOSOP010000011.1,pta,133,3.796e-36,0.358
FW_TWAS_AS_rep_1,GCA_035374025.1,DAOSOP010000007.1,frhB,50,1.185e-8,0.38
FW_TWAS_AS_rep_1,GCA_035374025.1,DAOSOP010000007.1,rnfB,54,1.701e-9,0.357
FW_TWAS_AS_rep_1,GCA_035374025.1,DAOSOP010000005.1,mmcG,111,2.971e-31,0.43
FW_TWAS_AS_rep_1,GCA_035374025.1,DAOSOP010000012.1,fumB,115,3.015e-30,0.311
FW_TWAS_AS_rep_1,GCA_035374025.1,DAOSOP010000073.1,frhG,46,3.766e-8,0.414
FW_TWAS_AS_rep_1,GCA_035374025.1,DAOSOP010000086.1,sucD,62,4.818e-12,0.24
FW_TWAS_AS_rep_1,GCA_035374025.1,DAOSOP010000054.1,pepT,202,1.614e-58,0.375
FW_TWAS_AS_rep_1,GCA_035374025.1,DAOSOP010000015.1,gapA,349,8.965e-110,0.549
FW_TWAS_AS_rep_1,GCA_035374025.1,DAOSOP010000021.1,bcd,326,4.744e-101,0.458
FW_TWAS_AS_rep_1,GCA_035374025.1,DAOSOP010000048.1,frhG,50,3.981e-11,0.434
FW_TWAS_AS_rep_1,GCA_004297465.1,SCUB01000017.1,mmcF,151,5.813e-44,0.582
FW_TWAS_AS_rep_1,GCA_004297465.1,SCUB01000012.1,fadB,308,2.559e-92,0.36
FW_TWAS_AS_rep_1,GCA_004297465.1,SCUB01000001.1,pepA,376,2.171e-116,0.48
FW_TWAS_AS_rep_1,GCA_004297465.1,SCUB01000020.1,fadE,251,7.491e-74,0.442
FW_TWAS_AS_rep_1,GCA_004297465.1,SCUB01000024.1,fadD,180,3.991e-49,0.301
FW_TWAS_AS_rep_1,GCA_004297465.1,SCUB01000001.1,ilvE,60,3.249e-11,0.341
FW_TWAS_AS_rep_1,GCA_004297465.1,SCUB01000024.1,thl,354,1.896e-109,0.521
FW_TWAS_AS_rep_1,GCA_004297465.1,SCUB01000001.1,frhG,44,1.626e-7,0.365
FW_TWAS_AS_rep_1,GCA_004297465.1,SCUB01000017.1,fadB,109,1.807e-26,0.303
FW_TWAS_AS_rep_1,GCA_004297465.1,SCUB01000020.1,fadB,107,4.43e-27,0.359
FW_TWAS_AS_rep_1,GCA_004297465.1,SCUB01000017.1,etfA,63,3.232e-12,0.327
FW_TWAS_AS_rep_1,GCA_004297465.1,SCUB01000019.1,hbd,282,1.712e-87,0.53
FW_TWAS_AS_rep_1,GCA_004297465.1,SCUB01000007.1,fadB,350,5.11e-104,0.331
FW_TWAS_AS_rep_1,GCA_004297465.1,SCUB01000001.1,mmcE,351,4.676e-107,0.399
FW_TWAS_AS_rep_1,GCA_004297465.1,SCUB01000010.1,mmcE,498,2.035e-153,0.513
FW_TWAS_AS_rep_1,GCA_004297465.1,SCUB01000011.1,edd,227,3.122e-64,0.326
FW_TWAS_AS_rep_1,GCA_004297465.1,SCUB01000017.1,fadD,231,1.321e-66,0.382
FW_TWAS_AS_rep_1,GCA_004297465.1,SCUB01000010.1,lctB,103,6.823e-25,0.288
FW_TWAS_AS_rep_1,GCA_004297465.1,SCUB01000023.1,sucD,384,4.378e-118,0.697
FW_TWAS_AS_rep_1,GCA_004297465.1,SCUB01000001.1,bcd,110,1.836e-26,0.297
FW_TWAS_AS_rep_1,GCA_004297465.1,SCUB01000007.1,tdcB,257,6.106e-78,0.501
FW_TWAS_AS_rep_1,GCA_004297465.1,SCUB01000001.1,fadE,95,7.034e-22,0.276
FW_TWAS_AS_rep_1,GCA_004297465.1,SCUB01000019.1,dppB,169,1.695e-47,0.316
FW_TWAS_AS_rep_1,GCA_004297465.1,SCUB01000023.1,dppC,220,8.194e-64,0.448
FW_TWAS_AS_rep_1,GCA_004297465.1,SCUB01000020.1,etfA,107,3.276e-27,0.342
FW_TWAS_AS_rep_1,GCA_004297465.1,SCUB01000007.1,fadA,316,2.367e-97,0.507
FW_TWAS_AS_rep_1,GCA_004297465.1,SCUB01000019.1,adh,59,6.734e-12,0.34
FW_TWAS_AS_rep_1,GCA_004297465.1,SCUB01000007.1,folD,339,6.681e-107,0.619
FW_TWAS_AS_rep_1,GCA_004297465.1,SCUB01000019.1,pepO,41,3.464e-6,0.314
FW_TWAS_AS_rep_1,GCA_004297465.1,SCUB01000010.1,hydA,46,3.211e-7,0.415
FW_TWAS_AS_rep_1,GCA_004297465.1,SCUB01000001.1,frhB,42,9.757e-7,0.365
FW_TWAS_AS_rep_1,GCA_004297465.1,SCUB01000019.1,lysophospholipase,261,2.711e-79,0.482
FW_TWAS_AS_rep_1,GCA_004297465.1,SCUB01000017.1,mmcE,542,1.848e-170,0.522
FW_TWAS_AS_rep_1,GCA_004297465.1,SCUB01000020.1,crt,149,7.567e-42,0.436
FW_TWAS_AS_rep_1,GCA_004297465.1,SCUB01000002.1,fadE,169,5.203e-47,0.331
FW_TWAS_AS_rep_1,GCA_004297465.1,SCUB01000002.1,acs,44,2.394e-6,0.234
FW_TWAS_AS_rep_1,GCA_004297465.1,SCUB01000019.1,pyk,346,2.778e-106,0.43
FW_TWAS_AS_rep_1,GCA_004297465.1,SCUB01000004.1,acs,150,1.099e-39,0.289
FW_TWAS_AS_rep_1,GCA_004297465.1,SCUB01000006.1,pfor,44,2.089e-6,0.247
FW_TWAS_AS_rep_1,GCA_004297465.1,SCUB01000001.1,fdhA,383,1.439e-112,0.354
FW_TWAS_AS_rep_1,GCA_004297465.1,SCUB01000024.1,acs,210,7.497e-59,0.301
FW_TWAS_AS_rep_1,GCA_004297465.1,SCUB01000010.1,fadE,241,1.15e-71,0.482
FW_TWAS_AS_rep_1,GCA_004297465.1,SCUB01000002.1,bcd,194,2.143e-55,0.336
FW_TWAS_AS_rep_1,GCA_004297465.1,SCUB01000023.1,oppB,188,3.908e-53,0.393
FW_TWAS_AS_rep_1,GCA_004297465.1,SCUB01000019.1,dppC,151,2.928e-39,0.398
FW_TWAS_AS_rep_1,GCA_004297465.1,SCUB01000021.1,fadE,256,1.107e-74,0.411
FW_TWAS_AS_rep_1,GCA_004297465.1,SCUB01000010.1,fadA,314,3.043e-91,0.472
FW_TWAS_AS_rep_1,GCA_004297465.1,SCUB01000001.1,hydA,84,1.401e-18,0.27
FW_TWAS_AS_rep_1,GCA_004297465.1,SCUB01000023.1,dppA,117,2.948e-29,0.26
FW_TWAS_AS_rep_1,GCA_004297465.1,SCUB01000007.1,crt,150,9.425e-42,0.415
FW_TWAS_AS_rep_1,GCA_004297465.1,SCUB01000020.1,glcP,65,3.485e-13,0.288
FW_TWAS_AS_rep_1,GCA_004297465.1,SCUB01000017.1,fadE,309,2.35e-94,0.485
FW_TWAS_AS_rep_1,GCA_004297465.1,SCUB01000020.1,bcd,241,1.232e-70,0.406
FW_TWAS_AS_rep_1,GCA_004297465.1,SCUB01000020.1,fadD,209,3.019e-59,0.323
FW_TWAS_AS_rep_1,GCA_004297465.1,SCUB01000004.1,fadD,238,6.653e-69,0.37
FW_TWAS_AS_rep_1,GCA_004297465.1,SCUB01000001.1,mmcF,127,1.812e-36,0.472
FW_TWAS_AS_rep_1,GCA_004297465.1,SCUB01000010.1,fadB,379,4.826e-110,0.336
FW_TWAS_AS_rep_1,GCA_004297465.1,SCUB01000010.1,mmcF,119,2.601e-29,0.464
FW_TWAS_AS_rep_1,GCA_004297465.1,SCUB01000010.1,extracellular_protease,125,6.417e-31,0.363
FW_TWAS_AS_rep_1,GCA_004297465.1,SCUB01000011.1,esterase,51,4.115e-9,0.295
FW_TWAS_AS_rep_1,GCA_004297465.1,SCUB01000019.1,fadE,196,4.131e-56,0.376
FW_TWAS_AS_rep_1,GCA_004297465.1,SCUB01000001.1,mmcG,164,2.586e-49,0.636
FW_TWAS_AS_rep_1,GCA_004297465.1,SCUB01000010.1,acs,512,7.491e-160,0.436
FW_TWAS_AS_rep_1,GCA_004297465.1,SCUB01000023.1,mdh,308,1.472e-95,0.523
FW_TWAS_AS_rep_1,GCA_004297465.1,SCUB01000007.1,thl,302,1.335e-92,0.475
FW_TWAS_AS_rep_1,GCA_004297465.1,SCUB01000011.1,fdhA,636,5.05e-198,0.414
FW_TWAS_AS_rep_1,GCA_004297465.1,SCUB01000001.1,hbd,199,6.009e-54,0.421
FW_TWAS_AS_rep_1,GCA_004297465.1,SCUB01000010.1,thl,260,1.447e-73,0.42
FW_TWAS_AS_rep_1,GCA_004297465.1,SCUB01000019.1,fadA,316,2.11e-96,0.468
FW_TWAS_AS_rep_1,GCA_004297465.1,SCUB01000017.1,hbd,130,8.315e-33,0.32
FW_TWAS_AS_rep_1,GCA_004297465.1,SCUB01000001.1,crt,271,2.913e-83,0.581
FW_TWAS_AS_rep_1,GCA_004297465.1,SCUB01000023.1,oppA,114,3.867e-28,0.262
FW_TWAS_AS_rep_1,GCA_004297465.1,SCUB01000001.1,acs,213,4.907e-60,0.319
FW_TWAS_AS_rep_1,GCA_004297465.1,SCUB01000001.1,fadA,278,1.199e-83,0.418
FW_TWAS_AS_rep_1,GCA_004297465.1,SCUB01000010.1,crt,139,4.445e-38,0.381
FW_TWAS_AS_rep_1,GCA_004297465.1,SCUB01000015.1,cat,253,7.795e-75,0.588
FW_TWAS_AS_rep_1,GCA_004297465.1,SCUB01000020.1,acs,207,1.869e-58,0.304
FW_TWAS_AS_rep_1,GCA_004297465.1,SCUB01000017.1,fadA,108,6.533e-27,0.288
FW_TWAS_AS_rep_1,GCA_004297465.1,SCUB01000024.1,fadA,225,2.614e-65,0.4
FW_TWAS_AS_rep_1,GCA_004297465.1,SCUB01000017.1,aldh,53,4.281e-9,0.225
FW_TWAS_AS_rep_1,GCA_004297465.1,SCUB01000001.1,oppA,89,2.973e-20,0.225
FW_TWAS_AS_rep_1,GCA_004297465.1,SCUB01000007.1,pepQ,200,2.271e-55,0.329
FW_TWAS_AS_rep_1,GCA_004297465.1,SCUB01000024.1,etfA,61,2.58e-12,0.305
FW_TWAS_AS_rep_1,GCA_004297465.1,SCUB01000010.1,pepQ,66,9.802e-14,0.276
FW_TWAS_AS_rep_1,GCA_004297465.1,SCUB01000001.1,dppA,66,3.052e-13,0.267
FW_TWAS_AS_rep_1,GCA_004297465.1,SCUB01000019.1,pepA,250,1.617e-73,0.465
FW_TWAS_AS_rep_1,GCA_004297465.1,SCUB01000012.1,etfA,86,2.19e-19,0.383
FW_TWAS_AS_rep_1,GCA_004297465.1,SCUB01000010.1,hbd,207,7.27e-56,0.343
FW_TWAS_AS_rep_1,GCA_004297465.1,SCUB01000010.1,bcd,229,1.741e-67,0.387
FW_TWAS_AS_rep_1,GCA_004297465.1,SCUB01000007.1,fadE,242,3.948e-67,0.421
FW_TWAS_AS_rep_1,GCA_004297465.1,SCUB01000017.1,bcd,357,4.734e-111,0.498
FW_TWAS_AS_rep_1,GCA_004297465.1,SCUB01000019.1,etfB,301,1.143e-94,0.649
FW_TWAS_AS_rep_1,GCA_004297465.1,SCUB01000021.1,bcd,321,4.505e-97,0.437
FW_TWAS_AS_rep_1,GCA_004297465.1,SCUB01000019.1,oppA,76,4.667e-16,0.211
FW_TWAS_AS_rep_1,GCA_004297465.1,SCUB01000001.1,fadB,354,6.411e-105,0.354
FW_TWAS_AS_rep_1,GCA_004297465.1,SCUB01000011.1,hydA,88,1.147e-19,0.289
FW_TWAS_AS_rep_1,GCA_004297465.1,SCUB01000010.1,etfA,104,2.846e-26,0.379
FW_TWAS_AS_rep_1,GCA_004297465.1,SCUB01000023.1,dppB,229,3.202e-67,0.432
FW_TWAS_AS_rep_1,GCA_004297465.1,SCUB01000024.1,fadB,85,3.123e-20,0.345
FW_TWAS_AS_rep_1,GCA_004297465.1,SCUB01000019.1,fadB,169,1.731e-48,0.371
FW_TWAS_AS_rep_1,GCA_004297465.1,SCUB01000010.1,fadD,175,1.147e-47,0.299
FW_TWAS_AS_rep_1,GCA_004297465.1,SCUB01000015.1,fdhA,65,1.865e-12,0.232
FW_TWAS_AS_rep_1,GCA_004297465.1,SCUB01000019.1,acs,140,1.423e-35,0.28
FW_TWAS_AS_rep_1,GCA_004297465.1,SCUB01000010.1,rnfB,46,3.211e-7,0.415
FW_TWAS_AS_rep_1,GCA_004297465.1,SCUB01000017.1,crt,113,1.929e-27,0.422
FW_TWAS_AS_rep_1,GCA_004297465.1,SCUB01000024.1,crt,113,2.042e-29,0.377
FW_TWAS_AS_rep_1,GCA_004297465.1,SCUB01000012.1,crt,127,2.591e-32,0.386
FW_TWAS_AS_rep_1,GCA_004297465.1,SCUB01000002.1,fadD,108,3.783e-26,0.293
FW_TWAS_AS_rep_1,GCA_004297465.1,SCUB01000023.1,acs,853,3.829e-274,0.625
FW_TWAS_AS_rep_1,GCA_004297465.1,SCUB01000023.1,fadD,203,5.01e-57,0.348
FW_TWAS_AS_rep_1,GCA_004297465.1,SCUB01000019.1,oppB,169,2.305e-47,0.314
FW_TWAS_AS_rep_1,GCA_004297465.1,SCUB01000001.1,thl,255,7.987e-76,0.409
FW_TWAS_AS_rep_1,GCA_004297465.1,SCUB01000009.1,fadB,107,3.075e-27,0.317
FW_TWAS_AS_rep_1,GCA_004297465.1,SCUB01000001.1,rnfB,40,2.382e-6,0.361
FW_TWAS_AS_rep_1,GCA_004297465.1,SCUB01000009.1,hbd,160,3.342e-45,0.402
FW_TWAS_AS_rep_1,GCA_004297465.1,SCUB01000019.1,thl,414,4.483e-130,0.582
FW_TWAS_AS_rep_1,GCA_004297465.1,SCUB01000017.1,fdhA,305,3.135e-89,0.342
FW_TWAS_AS_rep_1,GCA_004297465.1,SCUB01000001.1,etfA,137,1.747e-37,0.345
FW_TWAS_AS_rep_1,GCA_004297465.1,SCUB01000007.1,hbd,226,6.251e-63,0.429
FW_TWAS_AS_rep_1,GCA_004297465.1,SCUB01000001.1,fumB,739,5.97e-240,0.681
FW_TWAS_AS_rep_1,GCA_004297465.1,SCUB01000001.1,pta,128,7.521e-32,0.281
FW_TWAS_AS_rep_1,GCA_004297465.1,SCUB01000004.1,lysophospholipase,53,4.325e-10,0.267
FW_TWAS_AS_rep_1,GCA_004297465.1,SCUB01000023.1,frhG,45,8.776e-8,0.344
FW_TWAS_AS_rep_1,GCA_004297465.1,SCUB01000001.1,extracellular_protease,170,1.77e-46,0.447
FW_TWAS_AS_rep_1,GCA_004297465.1,SCUB01000019.1,etfA,317,3.547e-98,0.613
FW_TWAS_AS_rep_1,GCA_004297465.1,SCUB01000017.1,acs,174,2.615e-47,0.299
FW_TWAS_AS_rep_1,GCA_004297465.1,SCUB01000019.1,dppA,56,7.349e-10,0.239
FW_TWAS_AS_rep_1,GCA_004297465.1,SCUB01000003.1,etfA,69,1.617e-14,0.319
FW_TWAS_AS_rep_1,GCA_004297465.1,SCUB01000021.1,endopeptidase,169,9.051e-47,0.372
FW_TWAS_AS_rep_1,GCA_004297465.1,SCUB01000007.1,bcd,256,1.142e-71,0.404
FW_TWAS_AS_rep_1,GCA_004297465.1,SCUB01000004.1,acylglycerol_lipase,49,7.83e-9,0.36
FW_TWAS_AS_rep_1,GCA_004297465.1,SCUB01000012.1,hbd,203,8.138e-57,0.468
FW_TWAS_AS_rep_1,GCA_004297465.1,SCUB01000010.1,gapA,325,2.771e-101,0.519
FW_TWAS_AS_rep_1,GCA_004297465.1,SCUB01000019.1,fdhA,340,4.079e-99,0.32
FW_TWAS_AS_rep_1,GCA_004297465.1,SCUB01000010.1,pgi,84,4.557e-19,0.296
FW_TWAS_AS_rep_1,GCA_004297465.1,SCUB01000017.1,susC,59,5.465e-11,0.359
FW_TWAS_AS_rep_1,GCA_004297465.1,SCUB01000019.1,bcd,235,4.059e-69,0.378
FW_TWAS_AS_rep_1,GCA_004297465.1,SCUB01000007.1,etfA,87,1.722e-19,0.392
FW_TWAS_AS_rep_1,GCA_004297465.1,SCUB01000023.1,sucC,402,1.466e-126,0.536
FW_TWAS_AS_rep_1,GCA_004297465.1,SCUB01000001.1,fadD,207,4.69e-57,0.321
FW_TWAS_AS_rep_1,GCA_004297465.1,SCUB01000023.1,crt,71,2.704e-15,0.518
FW_TWAS_AS_rep_1,GCA_004297465.1,SCUB01000019.1,fadD,211,4.091e-59,0.333
FW_TWAS_AS_rep_1,GCA_004297465.1,SCUB01000003.1,crt,87,3.899e-20,0.347
FW_TWAS_AS_rep_1,GCA_041910895.1,JAYRPX010000042.1,fadA,297,8.344e-91,0.471
FW_TWAS_AS_rep_1,GCA_041910895.1,JAYRPX010000042.1,acs,134,2.728e-34,0.268
FW_TWAS_AS_rep_1,GCA_041910895.1,JAYRPX010000002.1,oppA,95,2.102e-22,0.262
FW_TWAS_AS_rep_1,GCA_041910895.1,JAYRPX010000011.1,fadB,225,1.024e-65,0.332
FW_TWAS_AS_rep_1,GCA_041910895.1,JAYRPX010000049.1,acs,161,4.004e-43,0.285
FW_TWAS_AS_rep_1,GCA_041910895.1,JAYRPX010000043.1,bcd,96,1.433e-22,0.281
FW_TWAS_AS_rep_1,GCA_041910895.1,JAYRPX010000049.1,fadD,181,1.399e-49,0.317
FW_TWAS_AS_rep_1,GCA_041910895.1,JAYRPX010000042.1,crt,86,4.822e-20,0.293
FW_TWAS_AS_rep_1,GCA_041910895.1,JAYRPX010000054.1,fadD,88,9.722e-22,0.441
FW_TWAS_AS_rep_1,GCA_041910895.1,JAYRPX010000043.1,sucD,116,2.819e-29,0.529
FW_TWAS_AS_rep_1,GCA_041910895.1,JAYRPX010000026.1,adhE,128,1.23e-33,0.3
FW_TWAS_AS_rep_1,GCA_041910895.1,JAYRPX010000043.1,edd,238,8.393e-68,0.343
FW_TWAS_AS_rep_1,GCA_041910895.1,JAYRPX010000035.1,sucD,372,2.117e-118,0.654
FW_TWAS_AS_rep_1,GCA_041910895.1,JAYRPX010000057.1,eda,174,2.431e-51,0.484
FW_TWAS_AS_rep_1,GCA_041910895.1,JAYRPX010000035.1,glcP,46,2.673e-7,0.223
FW_TWAS_AS_rep_1,GCA_041910895.1,JAYRPX010000035.1,pepN,165,3.637e-43,0.334
FW_TWAS_AS_rep_1,GCA_041910895.1,JAYRPX010000020.1,pepA,392,5.606e-122,0.498
FW_TWAS_AS_rep_1,GCA_041910895.1,JAYRPX010000057.1,crt,199,1.049e-58,0.477
FW_TWAS_AS_rep_1,GCA_041910895.1,JAYRPX010000024.1,rnfB,46,2.728e-7,0.375
FW_TWAS_AS_rep_1,GCA_041910895.1,JAYRPX010000028.1,etfA,71,4.354e-15,0.321
FW_TWAS_AS_rep_1,GCA_041910895.1,JAYRPX010000060.1,gdh,43,6.929e-8,0.366
FW_TWAS_AS_rep_1,GCA_041910895.1,JAYRPX010000021.1,pepN,419,8.676e-126,0.406
FW_TWAS_AS_rep_1,GCA_041910895.1,JAYRPX010000021.1,folD,325,7.873e-101,0.612
FW_TWAS_AS_rep_1,GCA_041910895.1,JAYRPX010000023.1,etfA,79,4.548e-18,0.281
FW_TWAS_AS_rep_1,GCA_041910895.1,JAYRPX010000002.1,etfB,304,5.972e-96,0.687
FW_TWAS_AS_rep_1,GCA_041910895.1,JAYRPX010000002.1,fadA,364,5.596e-114,0.543
FW_TWAS_AS_rep_1,GCA_041910895.1,JAYRPX010000002.1,dppA,68,4.184e-14,0.224
FW_TWAS_AS_rep_1,GCA_041910895.1,JAYRPX010000026.1,acs,146,1.839e-38,0.288
FW_TWAS_AS_rep_1,GCA_041910895.1,JAYRPX010000035.1,fadD,147,1.143e-38,0.308
FW_TWAS_AS_rep_1,GCA_041910895.1,JAYRPX010000002.1,fadE,243,1.144e-72,0.438
FW_TWAS_AS_rep_1,GCA_041910895.1,JAYRPX010000043.1,sucC,393,2.223e-123,0.53
FW_TWAS_AS_rep_1,GCA_041910895.1,JAYRPX010000028.1,rnfB,42,6.1e-7,0.338
FW_TWAS_AS_rep_1,GCA_041910895.1,JAYRPX010000057.1,fadB,171,6.763e-47,0.369
FW_TWAS_AS_rep_1,GCA_041910895.1,JAYRPX010000012.1,fdhA,118,1.271e-28,0.255
FW_TWAS_AS_rep_1,GCA_041910895.1,JAYRPX010000011.1,acs,103,9.371e-25,0.244
FW_TWAS_AS_rep_1,GCA_041910895.1,JAYRPX010000049.1,adh,43,1.458e-6,0.211
FW_TWAS_AS_rep_1,GCA_041910895.1,JAYRPX010000049.1,fadE,219,1.083e-63,0.376
FW_TWAS_AS_rep_1,GCA_041910895.1,JAYRPX010000052.1,gdh,109,3.748e-28,0.328
FW_TWAS_AS_rep_1,GCA_041910895.1,JAYRPX010000021.1,fadE,141,1.328e-36,0.345
FW_TWAS_AS_rep_1,GCA_041910895.1,JAYRPX010000014.1,fadD,233,4.407e-68,0.391
FW_TWAS_AS_rep_1,GCA_041910895.1,JAYRPX010000035.1,acs,124,1.919e-31,0.263
FW_TWAS_AS_rep_1,GCA_041910895.1,JAYRPX010000050.1,gdh,100,2.274e-25,0.297
FW_TWAS_AS_rep_1,GCA_041910895.1,JAYRPX010000002.1,bcd,309,3.48e-95,0.469
FW_TWAS_AS_rep_1,GCA_041910895.1,JAYRPX010000026.1,bcd,256,4.347e-75,0.396
FW_TWAS_AS_rep_1,GCA_041910895.1,JAYRPX010000034.1,lipase,42,1.389e-6,0.288
FW_TWAS_AS_rep_1,GCA_041910895.1,JAYRPX010000045.1,fadD,154,1.076e-40,0.285
FW_TWAS_AS_rep_1,GCA_041910895.1,JAYRPX010000044.1,acs,842,5.959e-274,0.625
FW_TWAS_AS_rep_1,GCA_041910895.1,JAYRPX010000046.1,fadD,147,2.114e-38,0.289
FW_TWAS_AS_rep_1,GCA_041910895.1,JAYRPX010000026.1,fadD,188,2.798e-52,0.321
FW_TWAS_AS_rep_1,GCA_041910895.1,JAYRPX010000023.1,fadE,173,1.587e-48,0.34
FW_TWAS_AS_rep_1,GCA_041910895.1,JAYRPX010000043.1,etfA,316,1.221e-98,0.633
FW_TWAS_AS_rep_1,GCA_041910895.1,JAYRPX010000045.1,acs,104,7.465e-25,0.261
FW_TWAS_AS_rep_1,GCA_041910895.1,JAYRPX010000010.1,acylglycerol_lipase,63,8.018e-13,0.235
FW_TWAS_AS_rep_1,GCA_041910895.1,JAYRPX010000028.1,adh,53,5.596e-10,0.269
FW_TWAS_AS_rep_1,GCA_041910895.1,JAYRPX010000028.1,fadD,235,2.253e-67,0.331
FW_TWAS_AS_rep_1,GCA_041910895.1,JAYRPX010000002.1,gapA,326,2.075e-101,0.521
FW_TWAS_AS_rep_1,GCA_041910895.1,JAYRPX010000057.1,hbd,268,1.956e-79,0.526
FW_TWAS_AS_rep_1,GCA_041910895.1,JAYRPX010000035.1,fadA,299,1.816e-91,0.474
FW_TWAS_AS_rep_1,GCA_041910895.1,JAYRPX010000057.1,etfA,103,3.497e-26,0.347
FW_TWAS_AS_rep_1,GCA_041910895.1,JAYRPX010000016.1,fumB,269,1.38e-79,0.375
FW_TWAS_AS_rep_1,GCA_041910895.1,JAYRPX010000055.1,gdh,1104,0.0,0.434
FW_TWAS_AS_rep_1,GCA_041910895.1,JAYRPX010000024.1,frhB,44,1.1e-6,0.428
FW_TWAS_AS_rep_1,GCA_041910895.1,JAYRPX010000032.1,glcP,43,2.466e-6,0.264
FW_TWAS_AS_rep_1,GCA_041910895.1,JAYRPX010000042.1,bcd,254,2.067e-76,0.387
FW_TWAS_AS_rep_1,GCA_041910895.1,JAYRPX010000032.1,etfA,106,3.533e-27,0.376
FW_TWAS_AS_rep_1,GCA_041910895.1,JAYRPX010000049.1,crt,171,1.784e-48,0.393
FW_TWAS_AS_rep_1,GCA_041910895.1,JAYRPX010000028.1,thl,253,5.657e-75,0.405
FW_TWAS_AS_rep_1,GCA_041910895.1,JAYRPX010000035.1,mmcF,130,1.571e-32,0.482
FW_TWAS_AS_rep_1,GCA_041910895.1,JAYRPX010000026.1,mer,92,1.363e-21,0.293
FW_TWAS_AS_rep_1,GCA_041910895.1,JAYRPX010000045.1,adhE,41,8.978e-6,0.22
FW_TWAS_AS_rep_1,GCA_041910895.1,JAYRPX010000049.1,fadB,109,1.423e-27,0.332
FW_TWAS_AS_rep_1,GCA_041910895.1,JAYRPX010000033.1,adh,63,4.821e-13,0.267
FW_TWAS_AS_rep_1,GCA_041910895.1,JAYRPX010000021.1,hbd,289,1.221e-89,0.51
FW_TWAS_AS_rep_1,GCA_041910895.1,JAYRPX010000061.1,pepQ,57,4.582e-11,0.28
FW_TWAS_AS_rep_1,GCA_041910895.1,JAYRPX010000034.1,pepQ,189,3.024e-51,0.344
FW_TWAS_AS_rep_1,GCA_041910895.1,JAYRPX010000009.1,crt,151,2.257e-42,0.398
FW_TWAS_AS_rep_1,GCA_041910895.1,JAYRPX010000039.1,acs,57,1.663e-10,0.261
FW_TWAS_AS_rep_1,GCA_041910895.1,JAYRPX010000007.1,tdcB,140,2.275e-38,0.397
FW_TWAS_AS_rep_1,GCA_041910895.1,JAYRPX010000035.1,thl,399,9.743e-126,0.557
FW_TWAS_AS_rep_1,GCA_041910895.1,JAYRPX010000035.1,pgi,352,5.129e-107,0.417
FW_TWAS_AS_rep_1,GCA_041910895.1,JAYRPX010000029.1,ackA,293,6.281e-90,0.507
FW_TWAS_AS_rep_1,GCA_041910895.1,JAYRPX010000002.1,acs,58,6.862e-11,0.25
FW_TWAS_AS_rep_1,GCA_041910895.1,JAYRPX010000032.1,crt,274,6.642e-85,0.597
FW_TWAS_AS_rep_1,GCA_041910895.1,JAYRPX010000045.1,pepQ,89,7.537e-21,0.402
FW_TWAS_AS_rep_1,GCA_041910895.1,JAYRPX010000034.1,crt,62,8.132e-13,0.467
FW_TWAS_AS_rep_1,GCA_041910895.1,JAYRPX010000035.1,mmcE,549,9.822e-172,0.458
FW_TWAS_AS_rep_1,GCA_041910895.1,JAYRPX010000002.1,hbd,159,1.926e-41,0.314
FW_TWAS_AS_rep_1,GCA_041910895.1,JAYRPX010000026.1,fadE,247,3.771e-72,0.421
FW_TWAS_AS_rep_1,GCA_041910895.1,JAYRPX010000051.1,adhE,42,3.773e-6,0.264
FW_TWAS_AS_rep_1,GCA_041910895.1,JAYRPX010000038.1,endopeptidase,158,2.764e-44,0.37
FW_TWAS_AS_rep_1,GCA_041910895.1,JAYRPX010000024.1,acylglycerol_lipase,42,1.947e-6,0.283
FW_TWAS_AS_rep_1,GCA_041910895.1,JAYRPX010000049.1,etfA,98,5.921e-24,0.298
FW_TWAS_AS_rep_1,GCA_041910895.1,JAYRPX010000028.1,acs,494,8.13e-155,0.44
FW_TWAS_AS_rep_1,GCA_041910895.1,JAYRPX010000035.1,mmcG,140,1.104e-40,0.503
FW_TWAS_AS_rep_1,GCA_041910895.1,JAYRPX010000042.1,adh,58,1.195e-11,0.316
FW_TWAS_AS_rep_1,GCA_041910895.1,JAYRPX010000023.1,crt,134,6.82e-37,0.354
FW_TWAS_AS_rep_1,GCA_041910895.1,JAYRPX010000021.1,fadB,205,1.203e-60,0.446
FW_TWAS_AS_rep_1,GCA_041910895.1,JAYRPX010000042.1,pyk,346,7.452e-106,0.423
FW_TWAS_AS_rep_1,GCA_041910895.1,JAYRPX010000021.1,bcd,122,1.579e-30,0.293
FW_TWAS_AS_rep_1,GCA_041910895.1,JAYRPX010000011.1,hbd,224,3.522e-65,0.414
FW_TWAS_AS_rep_1,GCA_041910895.1,JAYRPX010000042.1,thl,351,2.792e-109,0.507
FW_TWAS_AS_rep_1,GCA_041910895.1,JAYRPX010000034.1,cat,240,5.235e-74,0.572
FW_TWAS_AS_rep_1,GCA_041910895.1,JAYRPX010000033.1,bcd,173,3.087e-48,0.296
FW_TWAS_AS_rep_1,GCA_041910895.1,JAYRPX010000042.1,fadE,283,3.596e-86,0.457
FW_TWAS_AS_rep_1,GCA_041910895.1,JAYRPX010000057.1,fadA,320,2.37e-98,0.487
FW_TWAS_AS_rep_1,GCA_041910895.1,JAYRPX010000026.1,aldh,49,3.579e-8,0.261
FW_TWAS_AS_rep_1,GCA_041910895.1,JAYRPX010000057.1,edd,816,1.386e-265,0.674
FW_TWAS_AS_rep_1,GCA_041910895.1,JAYRPX010000057.1,thl,321,9.283e-99,0.478
FW_TWAS_AS_rep_1,GCA_041910895.1,JAYRPX010000028.1,fdhA,85,5.995e-19,0.215
FW_TWAS_AS_rep_1,GCA_041910895.1,JAYRPX010000011.1,adh,53,5.291e-10,0.306
FW_TWAS_AS_rep_1,GCA_041910895.1,JAYRPX010000002.1,mmcG,44,1.319e-7,0.317
FW_TWAS_AS_rep_1,GCA_041910895.1,JAYRPX010000029.1,adh,68,1.378e-14,0.26
FW_TWAS_AS_rep_1,GCA_041910895.1,JAYRPX010000042.1,fdhA,667,3.972e-209,0.434
FW_TWAS_AS_rep_1,GCA_041910895.1,JAYRPX010000011.1,fadD,132,1.121e-33,0.262
FW_TWAS_AS_rep_1,GCA_041910895.1,JAYRPX010000044.1,fadD,137,6.721e-35,0.27
FW_TWAS_AS_rep_1,GCA_041910895.1,JAYRPX010000046.1,acs,129,1.079e-32,0.267
FW_TWAS_AS_rep_1,GCA_041910895.1,JAYRPX010000046.1,fadA,79,1.116e-17,0.257
FW_TWAS_AS_rep_1,GCA_041910895.1,JAYRPX010000043.1,lysophospholipase,175,2.347e-49,0.353
FW_TWAS_AS_rep_1,GCA_041910895.1,JAYRPX010000034.1,ilvE,289,1.005e-88,0.48
FW_TWAS_AS_rep_1,GCA_041910895.1,JAYRPX010000035.1,crt,150,8.678e-42,0.386
FW_TWAS_AS_rep_1,GCA_041910895.1,JAYRPX010000032.1,fadB,100,1.877e-25,0.373
FW_TWAS_AS_rep_1,GCA_041910895.1,JAYRPX010000028.1,fadA,306,2.44e-93,0.435
FW_TWAS_AS_rep_1,GCA_041910895.1,JAYRPX010000011.1,etfA,74,2.085e-16,0.35
FW_TWAS_AS_rep_1,GCA_041910895.1,JAYRPX010000049.1,bcd,214,8.114e-62,0.324
FW_TWAS_AS_rep_1,GCA_041910895.1,JAYRPX010000023.1,bcd,205,2.436e-59,0.375
FW_TWAS_AS_rep_1,GCA_041910895.1,JAYRPX010000009.1,etfA,88,2.669e-21,0.321
FW_TWAS_AS_rep_1,GCA_041910895.1,JAYRPX010000028.1,hbd,209,1.216e-57,0.379
FW_TWAS_AS_rep_1,GCA_041910895.1,JAYRPX010000034.1,acs,74,1.193e-15,0.242
FW_TWAS_AS_rep_1,GCA_041910895.1,JAYRPX010000002.1,etfA,317,3.157e-98,0.613
FW_TWAS_AS_rep_1,GCA_041910895.1,JAYRPX010000011.1,thl,287,1.769e-87,0.454
FW_TWAS_AS_rep_1,GCA_041910895.1,JAYRPX010000002.1,fadD,42,4.784e-6,0.307
FW_TWAS_AS_rep_1,GCA_041910895.1,JAYRPX010000028.1,frhG,46,5.116e-8,0.275
FW_TWAS_AS_rep_1,GCA_041910895.1,JAYRPX010000043.1,fadE,82,3.328e-18,0.248
FW_TWAS_AS_rep_1,GCA_041910895.1,JAYRPX010000034.1,tdcB,323,5.44e-99,0.467
FW_TWAS_AS_rep_1,GCA_041910895.1,JAYRPX010000033.1,cat,225,4.507e-69,0.549
FW_TWAS_AS_rep_1,GCA_041910895.1,JAYRPX010000002.1,fdhA,393,5.934e-117,0.367
FW_TWAS_AS_rep_1,GCA_041910895.1,JAYRPX010000035.1,mdh,294,6.437e-91,0.505
FW_TWAS_AS_rep_1,GCA_041910895.1,JAYRPX010000043.1,etfB,313,6.685e-99,0.704
FW_TWAS_AS_rep_1,GCA_041910895.1,JAYRPX010000033.1,fadE,228,1.14e-66,0.371
FW_TWAS_AS_rep_1,GCA_041910895.1,JAYRPX010000034.1,fadD,126,7.767e-32,0.289
FW_TWAS_AS_rep_1,GCA_041910895.1,JAYRPX010000042.1,hydA,94,1.338e-21,0.311
FW_TWAS_AS_rep_1,GCA_041910895.1,JAYRPX010000029.1,hbd,189,2.69e-55,0.395
FW_TWAS_AS_rep_1,GCA_041910895.1,JAYRPX010000002.1,crt,51,2.415e-8,0.264
FW_TWAS_AS_rep_1,GCA_041910895.1,JAYRPX010000024.1,mmcG,44,1.832e-7,0.246
FW_TWAS_AS_rep_1,GCA_041910895.1,JAYRPX010000046.1,thl,62,3.629e-12,0.252
FW_TWAS_AS_rep_1,GCA_041910895.1,JAYRPX010000058.1,dtpT,464,3.036e-145,0.537
FW_TWAS_AS_rep_1,GCA_041910895.1,JAYRPX010000039.1,fadD,116,2.314e-28,0.302
FW_TWAS_AS_rep_1,GCA_041910895.1,JAYRPX010000028.1,crt,113,1.367e-27,0.365
FW_TWAS_AS_rep_1,GCA_041910895.1,JAYRPX010000002.1,thl,359,8.836e-112,0.533
FW_TWAS_AS_rep_1,GCA_041910895.1,JAYRPX010000011.1,fadA,325,3.078e-100,0.487
FW_TWAS_AS_rep_1,GCA_041910895.1,JAYRPX010000002.1,fadB,114,1.498e-27,0.313
FW_TWAS_AS_rep_1,GCA_041910895.1,JAYRPX010000034.1,acylglycerol_lipase,49,9.661e-9,0.338
FW_TWAS_AS_rep_1,GCA_041910895.1,JAYRPX010000011.1,fadE,285,1.11e-86,0.468
FW_TWAS_AS_rep_1,GCA_041910895.1,JAYRPX010000038.1,fdhA,57,4.516e-10,0.224
FW_TWAS_AS_rep_1,GCA_041910895.1,JAYRPX010000042.1,fadD,229,1.427e-65,0.354
FW_TWAS_AS_rep_1,GCA_041910895.1,JAYRPX010000028.1,fadB,389,2.347e-117,0.345
FW_TWAS_AS_rep_1,GCA_041910895.1,JAYRPX010000028.1,pepA,284,3.681e-85,0.427
FW_TWAS_AS_rep_1,GCA_041910895.1,JAYRPX010000035.1,susC,58,8.376e-11,0.194
FW_TWAS_AS_rep_1,GCA_041910895.1,JAYRPX010000011.1,crt,162,2.487e-45,0.394
FW_TWAS_AS_rep_1,GCA_041910895.1,JAYRPX010000011.1,bcd,252,3.547e-75,0.39
FW_TWAS_AS_rep_1,GCA_041910895.1,JAYRPX010000028.1,hydA,85,7.914e-19,0.287
FW_TWAS_AS_rep_1,GCA_937871025.1,CALMXB010000003.1,frhG,69,8.981e-16,0.31
FW_TWAS_AS_rep_1,GCA_937871025.1,CALMXB010000012.1,dppB,302,3.828e-93,0.49
FW_TWAS_AS_rep_1,GCA_937871025.1,CALMXB010000024.1,aldh,477,3.871e-151,0.529
FW_TWAS_AS_rep_1,GCA_937871025.1,CALMXB010000016.1,extracellular_protease,123,2.876e-30,0.309
FW_TWAS_AS_rep_1,GCA_937871025.1,CALMXB010000003.1,mmcG,130,1.452e-37,0.457
FW_TWAS_AS_rep_1,GCA_937871025.1,CALMXB010000003.1,crt,42,2.977e-6,0.34
FW_TWAS_AS_rep_1,GCA_937871025.1,CALMXB010000003.1,fdhA,133,8.085e-34,0.238
FW_TWAS_AS_rep_1,GCA_937871025.1,CALMXB010000004.1,bgl,175,1.986e-48,0.309
FW_TWAS_AS_rep_1,GCA_937871025.1,CALMXB010000016.1,fadD,42,3.376e-6,0.262
FW_TWAS_AS_rep_1,GCA_937871025.1,CALMXB010000003.1,folD,354,2.613e-109,0.634
FW_TWAS_AS_rep_1,GCA_937871025.1,CALMXB010000004.1,frhG,48,5.901e-9,0.393
FW_TWAS_AS_rep_1,GCA_937871025.1,CALMXB010000004.1,cat,74,1.334e-16,0.275
FW_TWAS_AS_rep_1,GCA_937871025.1,CALMXB010000019.1,pfor,47,2.425e-7,0.244
FW_TWAS_AS_rep_1,GCA_937871025.1,CALMXB010000003.1,lysophospholipase,90,7.678e-22,0.273
FW_TWAS_AS_rep_1,GCA_937871025.1,CALMXB010000003.1,fadD,194,6.003e-54,0.31
FW_TWAS_AS_rep_1,GCA_937871025.1,CALMXB010000019.1,pyk,390,4.58e-121,0.475
FW_TWAS_AS_rep_1,GCA_937871025.1,CALMXB010000012.1,dppA,169,2.372e-45,0.312
FW_TWAS_AS_rep_1,GCA_937871025.1,CALMXB010000018.1,frhA,75,2.58e-16,0.201
FW_TWAS_AS_rep_1,GCA_937871025.1,CALMXB010000016.1,tdcB,68,4.668e-14,0.299
FW_TWAS_AS_rep_1,GCA_937871025.1,CALMXB010000003.1,mvhG,147,1.694e-42,0.443
FW_TWAS_AS_rep_1,GCA_937871025.1,CALMXB010000003.1,pfkA,203,6.596e-59,0.392
FW_TWAS_AS_rep_1,GCA_937871025.1,CALMXB010000019.1,mer,194,3.697e-56,0.338
FW_TWAS_AS_rep_1,GCA_937871025.1,CALMXB010000004.1,thl,340,6.228e-105,0.512
FW_TWAS_AS_rep_1,GCA_937871025.1,CALMXB010000003.1,mvhA,507,5.73e-161,0.516
FW_TWAS_AS_rep_1,GCA_937871025.1,CALMXB010000012.1,dppC,278,1.872e-85,0.487
FW_TWAS_AS_rep_1,GCA_937871025.1,CALMXB010000012.1,oppB,228,2.558e-68,0.416
FW_TWAS_AS_rep_1,GCA_937871025.1,CALMXB010000003.1,agl,275,9.661e-81,0.387
FW_TWAS_AS_rep_1,GCA_937871025.1,CALMXB010000009.1,fhs,648,1.578e-207,0.558
FW_TWAS_AS_rep_1,GCA_937871025.1,CALMXB010000003.1,mmcF,181,2.75e-55,0.674
FW_TWAS_AS_rep_1,GCA_937871025.1,CALMXB010000009.1,pepQ,68,5.038e-14,0.309
FW_TWAS_AS_rep_1,GCA_937871025.1,CALMXB010000019.1,frhG,47,3.481e-8,0.301
FW_TWAS_AS_rep_1,GCA_937871025.1,CALMXB010000019.1,pfkA,146,1.42e-39,0.313
FW_TWAS_AS_rep_1,GCA_937871025.1,CALMXB010000016.1,agl,114,2.596e-28,0.285
FW_TWAS_AS_rep_1,GCA_937871025.1,CALMXB010000004.1,oppB,185,3.703e-53,0.329
FW_TWAS_AS_rep_1,GCA_937871025.1,CALMXB010000003.1,acylglycerol_lipase,264,2.836e-81,0.435
FW_TWAS_AS_rep_1,GCA_937871025.1,CALMXB010000010.1,extracellular_protease,188,3.774e-51,0.295
FW_TWAS_AS_rep_1,GCA_937871025.1,CALMXB010000003.1,sucC,318,2.688e-98,0.454
FW_TWAS_AS_rep_1,GCA_937871025.1,CALMXB010000003.1,pepQ,60,4.314e-12,0.299
FW_TWAS_AS_rep_1,GCA_937871025.1,CALMXB010000019.1,hydA,42,6.668e-7,0.366
FW_TWAS_AS_rep_1,GCA_937871025.1,CALMXB010000024.1,adhE,355,3.532e-109,0.455
FW_TWAS_AS_rep_1,GCA_937871025.1,CALMXB010000018.1,pepT,238,4.162e-69,0.392
FW_TWAS_AS_rep_1,GCA_937871025.1,CALMXB010000004.1,fadA,360,1.016e-111,0.518
FW_TWAS_AS_rep_1,GCA_937871025.1,CALMXB010000018.1,tdcB,248,6.997e-75,0.444
FW_TWAS_AS_rep_1,GCA_937871025.1,CALMXB010000004.1,dppB,207,1.065e-60,0.363
FW_TWAS_AS_rep_1,GCA_937871025.1,CALMXB010000003.1,oppB,115,2.424e-29,0.29
FW_TWAS_AS_rep_1,GCA_937871025.1,CALMXB010000023.1,acs,357,3.367e-109,0.38
FW_TWAS_AS_rep_1,GCA_937871025.1,CALMXB010000004.1,hydA,96,3.642e-22,0.284
FW_TWAS_AS_rep_1,GCA_937871025.1,CALMXB010000018.1,hydA,45,4.26e-8,0.333
FW_TWAS_AS_rep_1,GCA_937871025.1,CALMXB010000016.1,cazy_GH13,154,4.331e-41,0.322
FW_TWAS_AS_rep_1,GCA_937871025.1,CALMXB010000003.1,gapA,338,6.779e-106,0.517
FW_TWAS_AS_rep_1,GCA_937871025.1,CALMXB010000004.1,frhB,44,1.228e-7,0.303
FW_TWAS_AS_rep_1,GCA_937871025.1,CALMXB010000003.1,cazy_GH13,190,2.72e-52,0.352
FW_TWAS_AS_rep_1,GCA_937871025.1,CALMXB010000003.1,frhA,187,5.267e-52,0.305
FW_TWAS_AS_rep_1,GCA_937871025.1,CALMXB010000003.1,acs,164,4.194e-44,0.284
FW_TWAS_AS_rep_1,GCA_937871025.1,CALMXB010000003.1,dppA,144,1.319e-37,0.258
FW_TWAS_AS_rep_1,GCA_937871025.1,CALMXB010000004.1,gdh,420,1.005e-132,0.518
FW_TWAS_AS_rep_1,GCA_937871025.1,CALMXB010000003.1,dppC,95,1.319e-22,0.294
FW_TWAS_AS_rep_1,GCA_937871025.1,CALMXB010000004.1,pfor,1468,0.0,0.63
FW_TWAS_AS_rep_1,GCA_937871025.1,CALMXB010000004.1,dppA,96,1.876e-22,0.271
FW_TWAS_AS_rep_1,GCA_937871025.1,CALMXB010000012.1,oppA,121,2.645e-30,0.286
FW_TWAS_AS_rep_1,GCA_937871025.1,CALMXB010000003.1,dppB,115,3.262e-29,0.3
FW_TWAS_AS_rep_1,GCA_937871025.1,CALMXB010000003.1,hydA,113,1.831e-27,0.282
FW_TWAS_AS_rep_1,GCA_937871025.1,CALMXB010000009.1,agl,310,1.016e-92,0.415
FW_TWAS_AS_rep_1,GCA_937871025.1,CALMXB010000004.1,oppA,105,5.376e-25,0.255
FW_TWAS_AS_rep_1,GCA_937871025.1,CALMXB010000018.1,frhG,53,7.196e-11,0.316
FW_TWAS_AS_rep_1,GCA_937871025.1,CALMXB010000023.1,fadD,134,1.694e-34,0.287
FW_TWAS_AS_rep_1,GCA_937871025.1,CALMXB010000003.1,mmcE,719,1.232e-232,0.662
FW_TWAS_AS_rep_1,GCA_937871025.1,CALMXB010000018.1,mvhG,54,5.29e-11,0.269
FW_TWAS_AS_rep_1,GCA_937871025.1,CALMXB010000009.1,cazy_GH13,201,3.044e-56,0.374
FW_TWAS_AS_rep_1,GCA_937871025.1,CALMXB010000019.1,mvhG,40,8.431e-6,0.278
FW_TWAS_AS_rep_1,GCA_937871025.1,CALMXB010000003.1,sucD,290,8.517e-90,0.534
FW_TWAS_AS_rep_1,GCA_937871025.1,CALMXB010000006.1,aldh,53,2.261e-9,0.243
FW_TWAS_AS_rep_1,GCA_937871025.1,CALMXB010000016.1,pepQ,133,3.902e-35,0.382
FW_TWAS_AS_rep_1,GCA_937871025.1,CALMXB010000003.1,pgi,67,3.231e-13,0.303
FW_TWAS_AS_rep_1,GCA_937871025.1,CALMXB010000004.1,pfkA,265,8.473e-81,0.495
FW_TWAS_AS_rep_1,GCA_937871025.1,CALMXB010000004.1,dppC,184,9.367e-53,0.335
FW_TWAS_AS_rep_1,GCA_937871025.1,CALMXB010000003.1,tdcB,197,1.175e-57,0.385
FW_TWAS_AS_rep_1,GCA_937871025.1,CALMXB010000004.1,fdhA,166,1.455e-43,0.252
FW_TWAS_AS_rep_1,GCA_937871025.1,CALMXB010000006.1,acylglycerol_lipase,50,4.698e-9,0.349
FW_TWAS_AS_rep_1,GCF_030238425.1,NZ_JASSKE010000002.1,gapA,493,1.037e-159,0.719
FW_TWAS_AS_rep_1,GCF_030238425.1,NZ_JASSKE010000016.1,glcP,66,1.481e-13,0.273
FW_TWAS_AS_rep_1,GCF_030238425.1,NZ_JASSKE010000002.1,fadD,259,1.942e-75,0.36
FW_TWAS_AS_rep_1,GCF_030238425.1,NZ_JASSKE010000014.1,frhB,43,3.161e-7,0.363
FW_TWAS_AS_rep_1,GCF_030238425.1,NZ_JASSKE010000001.1,rnfB,43,1.396e-6,0.488
FW_TWAS_AS_rep_1,GCF_030238425.1,NZ_JASSKE010000002.1,pfor,1395,0.0,0.601
FW_TWAS_AS_rep_1,GCF_030238425.1,NZ_JASSKE010000008.1,fadD,133,5.845e-34,0.283
FW_TWAS_AS_rep_1,GCF_030238425.1,NZ_JASSKE010000005.1,fumB,746,4.876e-243,0.665
FW_TWAS_AS_rep_1,GCF_030238425.1,NZ_JASSKE010000003.1,pepQ,151,2.145e-41,0.332
FW_TWAS_AS_rep_1,GCF_030238425.1,NZ_JASSKE010000002.1,endopeptidase,230,7.695e-65,0.43
FW_TWAS_AS_rep_1,GCF_030238425.1,NZ_JASSKE010000001.1,agl,92,3.174e-21,0.273
FW_TWAS_AS_rep_1,GCF_030238425.1,NZ_JASSKE010000001.1,hydA,41,2.56e-6,0.361
FW_TWAS_AS_rep_1,GCF_030238425.1,NZ_JASSKE010000007.1,xylA,499,4.103e-159,0.552
FW_TWAS_AS_rep_1,GCF_030238425.1,NZ_JASSKE010000005.1,acs,834,2.806e-271,0.603
FW_TWAS_AS_rep_1,GCF_030238425.1,NZ_JASSKE010000010.1,pepA,351,1.088e-107,0.438
FW_TWAS_AS_rep_1,GCF_030238425.1,NZ_JASSKE010000019.1,susC,44,1.987e-6,0.318
FW_TWAS_AS_rep_1,GCF_030238425.1,NZ_JASSKE010000012.1,mdh,157,6.767e-44,0.388
FW_TWAS_AS_rep_1,GCF_030238425.1,NZ_JASSKE010000002.1,ptsG,325,9.046e-97,0.401
FW_TWAS_AS_rep_1,GCF_030238425.1,NZ_JASSKE010000014.1,frhG,44,1.292e-7,0.381
FW_TWAS_AS_rep_1,GCF_030238425.1,NZ_JASSKE010000011.1,fadD,130,1.064e-32,0.329
FW_TWAS_AS_rep_1,GCF_030238425.1,NZ_JASSKE010000011.1,thl,401,1.545e-126,0.573
FW_TWAS_AS_rep_1,GCF_030238425.1,NZ_JASSKE010000003.1,frhB,44,2.785e-7,0.371
FW_TWAS_AS_rep_1,GCF_030238425.1,NZ_JASSKE010000008.1,adhE,120,1.09e-30,0.272
FW_TWAS_AS_rep_1,GCF_030238425.1,NZ_JASSKE010000015.1,pfkA,258,3.067e-78,0.471
FW_TWAS_AS_rep_1,GCF_030238425.1,NZ_JASSKE010000018.1,etfA,109,3.458e-26,0.372
FW_TWAS_AS_rep_1,GCF_030238425.1,NZ_JASSKE010000010.1,fadB,98,6.419e-25,0.358
FW_TWAS_AS_rep_1,GCF_030238425.1,NZ_JASSKE010000003.1,oppA,98,4.752e-23,0.237
FW_TWAS_AS_rep_1,GCF_030238425.1,NZ_JASSKE010000002.1,dppA,417,1.726e-129,0.41
FW_TWAS_AS_rep_1,GCF_030238425.1,NZ_JASSKE010000007.1,cazy_GH13,96,1.87e-22,0.273
FW_TWAS_AS_rep_1,GCF_030238425.1,NZ_JASSKE010000001.1,lctC,446,8.733e-141,0.488
FW_TWAS_AS_rep_1,GCF_030238425.1,NZ_JASSKE010000001.1,folD,327,1.733e-102,0.589
FW_TWAS_AS_rep_1,GCF_030238425.1,NZ_JASSKE010000002.1,frhG,41,2.622e-6,0.307
FW_TWAS_AS_rep_1,GCF_030238425.1,NZ_JASSKE010000015.1,rnfB,41,5.662e-6,0.289
FW_TWAS_AS_rep_1,GCF_030238425.1,NZ_JASSKE010000007.1,crt,48,3.791e-8,0.392
FW_TWAS_AS_rep_1,GCF_030238425.1,NZ_JASSKE010000001.1,ptsG,517,4.832e-165,0.57
FW_TWAS_AS_rep_1,GCF_030238425.1,NZ_JASSKE010000017.1,endopeptidase,287,3.177e-86,0.401
FW_TWAS_AS_rep_1,GCF_030238425.1,NZ_JASSKE010000013.1,cazy_GH13,68,5.533e-14,0.239
FW_TWAS_AS_rep_1,GCF_030238425.1,NZ_JASSKE010000005.1,sucD,372,1.151e-118,0.609
FW_TWAS_AS_rep_1,GCF_030238425.1,NZ_JASSKE010000007.1,ptsG,50,2.778e-8,0.322
FW_TWAS_AS_rep_1,GCF_030238425.1,NZ_JASSKE010000008.1,pfkA,61,5.777e-12,0.26
FW_TWAS_AS_rep_1,GCF_030238425.1,NZ_JASSKE010000001.1,pepD,521,1.732e-166,0.538
FW_TWAS_AS_rep_1,GCF_030238425.1,NZ_JASSKE010000001.1,dppB,284,1.19e-87,0.441
FW_TWAS_AS_rep_1,GCF_030238425.1,NZ_JASSKE010000003.1,pepA,259,4.23e-77,0.434
FW_TWAS_AS_rep_1,GCF_030238425.1,NZ_JASSKE010000002.1,etfA,136,6.863e-37,0.347
FW_TWAS_AS_rep_1,GCF_030238425.1,NZ_JASSKE010000002.1,oppA,443,2.459e-138,0.461
FW_TWAS_AS_rep_1,GCF_030238425.1,NZ_JASSKE010000011.1,pepQ,194,2.201e-54,0.369
FW_TWAS_AS_rep_1,GCF_030238425.1,NZ_JASSKE010000005.1,oppB,192,1.554e-56,0.408
FW_TWAS_AS_rep_1,GCF_030238425.1,NZ_JASSKE010000018.1,lysophospholipase,205,4.6e-60,0.436
FW_TWAS_AS_rep_1,GCF_030238425.1,NZ_JASSKE010000012.1,endopeptidase,188,2.059e-54,0.399
FW_TWAS_AS_rep_1,GCF_030238425.1,NZ_JASSKE010000003.1,fadB,445,2.783e-136,0.379
FW_TWAS_AS_rep_1,GCF_030238425.1,NZ_JASSKE010000012.1,tdcB,321,5.216e-100,0.517
FW_TWAS_AS_rep_1,GCF_030238425.1,NZ_JASSKE010000001.1,fdhA,190,2.965e-51,0.27
FW_TWAS_AS_rep_1,GCF_030238425.1,NZ_JASSKE010000001.1,lctB,229,4.035e-70,0.497
FW_TWAS_AS_rep_1,GCF_030238425.1,NZ_JASSKE010000003.1,mvhG,42,9.882e-7,0.323
FW_TWAS_AS_rep_1,GCF_030238425.1,NZ_JASSKE010000010.1,agl,259,5.629e-75,0.374
FW_TWAS_AS_rep_1,GCF_030238425.1,NZ_JASSKE010000003.1,fdhA,367,9.529e-109,0.334
FW_TWAS_AS_rep_1,GCF_030238425.1,NZ_JASSKE010000005.1,dppB,248,2.216e-74,0.453
FW_TWAS_AS_rep_1,GCF_030238425.1,NZ_JASSKE010000024.1,edd,178,9.37e-48,0.319
FW_TWAS_AS_rep_1,GCF_030238425.1,NZ_JASSKE010000009.1,dppC,244,6.09e-74,0.464
FW_TWAS_AS_rep_1,GCF_030238425.1,NZ_JASSKE010000002.1,dtpT,279,5.607e-83,0.333
FW_TWAS_AS_rep_1,GCF_030238425.1,NZ_JASSKE010000008.1,oppA,407,5.417e-126,0.449
FW_TWAS_AS_rep_1,GCF_030238425.1,NZ_JASSKE010000005.1,fdhA,450,1.95e-140,0.436
FW_TWAS_AS_rep_1,GCF_030238425.1,NZ_JASSKE010000009.1,dppB,266,2.365e-81,0.452
FW_TWAS_AS_rep_1,GCF_030238425.1,NZ_JASSKE010000011.1,hydA,46,5.964e-7,0.36
FW_TWAS_AS_rep_1,GCF_030238425.1,NZ_JASSKE010000011.1,rnfB,40,3.557e-6,0.233
FW_TWAS_AS_rep_1,GCF_030238425.1,NZ_JASSKE010000020.1,bcd,106,4.838e-25,0.284
FW_TWAS_AS_rep_1,GCF_030238425.1,NZ_JASSKE010000005.1,pepD,136,8.393e-38,0.429
FW_TWAS_AS_rep_1,GCF_030238425.1,NZ_JASSKE010000018.1,tdcB,303,4.169e-91,0.463
FW_TWAS_AS_rep_1,GCF_030238425.1,NZ_JASSKE010000001.1,sucD,381,2.066e-121,0.672
FW_TWAS_AS_rep_1,GCF_030238425.1,NZ_JASSKE010000004.1,frhG,42,2.2e-6,0.313
FW_TWAS_AS_rep_1,GCF_030238425.1,NZ_JASSKE010000002.1,frhB,49,6.228e-9,0.51
FW_TWAS_AS_rep_1,GCF_030238425.1,NZ_JASSKE010000003.1,lysophospholipase,66,2.792e-14,0.28
FW_TWAS_AS_rep_1,GCF_030238425.1,NZ_JASSKE010000003.1,adhE,201,5.994e-58,0.354
FW_TWAS_AS_rep_1,GCF_030238425.1,NZ_JASSKE010000005.1,dppC,236,1.28e-71,0.453
FW_TWAS_AS_rep_1,GCF_030238425.1,NZ_JASSKE010000002.1,hydA,45,1.399e-7,0.351
FW_TWAS_AS_rep_1,GCF_030238425.1,NZ_JASSKE010000002.1,eda,215,1.985e-65,0.532
FW_TWAS_AS_rep_1,GCF_030238425.1,NZ_JASSKE010000002.1,fumB,743,6.031e-242,0.665
FW_TWAS_AS_rep_1,GCF_030238425.1,NZ_JASSKE010000010.1,cat,99,1.275e-23,0.3
FW_TWAS_AS_rep_1,GCF_030238425.1,NZ_JASSKE010000001.1,xylF,90,1.211e-21,0.282
FW_TWAS_AS_rep_1,GCF_030238425.1,NZ_JASSKE010000002.1,acs,160,1.497e-42,0.279
FW_TWAS_AS_rep_1,GCF_030238425.1,NZ_JASSKE010000016.1,adhE,235,8.699e-70,0.368
FW_TWAS_AS_rep_1,GCF_030238425.1,NZ_JASSKE010000003.1,acs,47,1.614e-7,0.225
FW_TWAS_AS_rep_1,GCF_030238425.1,NZ_JASSKE010000013.1,fdhA,137,1.286e-34,0.259
FW_TWAS_AS_rep_1,GCF_030238425.1,NZ_JASSKE010000002.1,edd,824,1.228e-268,0.678
FW_TWAS_AS_rep_1,GCF_030238425.1,NZ_JASSKE010000001.1,frhA,99,2.585e-23,0.236
FW_TWAS_AS_rep_1,GCF_030238425.1,NZ_JASSKE010000009.1,dppA,305,4.664e-91,0.373
FW_TWAS_AS_rep_1,GCF_030238425.1,NZ_JASSKE010000018.1,hbd,198,8.012e-54,0.37
FW_TWAS_AS_rep_1,GCF_030238425.1,NZ_JASSKE010000003.1,hbd,213,1.318e-58,0.355
FW_TWAS_AS_rep_1,GCF_030238425.1,NZ_JASSKE010000003.1,dppC,130,9.153e-35,0.339
FW_TWAS_AS_rep_1,GCF_030238425.1,NZ_JASSKE010000001.1,oppB,252,1.731e-76,0.477
FW_TWAS_AS_rep_1,GCF_030238425.1,NZ_JASSKE010000009.1,adhE,1101,0.0,0.65
FW_TWAS_AS_rep_1,GCF_030238425.1,NZ_JASSKE010000004.1,fadD,168,1.471e-45,0.291
FW_TWAS_AS_rep_1,GCF_030238425.1,NZ_JASSKE010000007.1,xylF,340,3.376e-106,0.571
FW_TWAS_AS_rep_1,GCF_030238425.1,NZ_JASSKE010000019.1,glcP,43,1.915e-6,0.229
FW_TWAS_AS_rep_1,GCF_030238425.1,NZ_JASSKE010000005.1,adhE,409,4.177e-127,0.501
FW_TWAS_AS_rep_1,GCF_030238425.1,NZ_JASSKE010000018.1,pepQ,87,7.008e-20,0.281
FW_TWAS_AS_rep_1,GCF_030238425.1,NZ_JASSKE010000011.1,gapA,263,1.508e-79,0.403
FW_TWAS_AS_rep_1,GCF_030238425.1,NZ_JASSKE010000007.1,eda,113,1.472e-30,0.344
FW_TWAS_AS_rep_1,GCF_030238425.1,NZ_JASSKE010000011.1,glcP,221,7.181e-64,0.332
FW_TWAS_AS_rep_1,GCF_030238425.1,NZ_JASSKE010000002.1,oppB,166,2.457e-47,0.373
FW_TWAS_AS_rep_1,GCF_030238425.1,NZ_JASSKE010000006.1,cazy_GH13,71,9.818e-15,0.272
FW_TWAS_AS_rep_1,GCF_030238425.1,NZ_JASSKE010000008.1,lctB,89,1.559e-20,0.243
FW_TWAS_AS_rep_1,GCF_030238425.1,NZ_JASSKE010000003.1,pfkA,149,4.989e-41,0.375
FW_TWAS_AS_rep_1,GCF_030238425.1,NZ_JASSKE010000003.1,dppB,164,1.06e-45,0.301
FW_TWAS_AS_rep_1,GCF_030238425.1,NZ_JASSKE010000002.1,cat,73,1.631e-15,0.301
FW_TWAS_AS_rep_1,GCF_030238425.1,NZ_JASSKE010000014.1,hydA,49,3.458e-9,0.363
FW_TWAS_AS_rep_1,GCF_030238425.1,NZ_JASSKE010000006.1,fdhA,123,2.025e-30,0.247
FW_TWAS_AS_rep_1,GCF_030238425.1,NZ_JASSKE010000009.1,oppA,463,4.585e-145,0.467
FW_TWAS_AS_rep_1,GCF_030238425.1,NZ_JASSKE010000018.1,edd,226,8.631e-64,0.324
FW_TWAS_AS_rep_1,GCF_030238425.1,NZ_JASSKE010000020.1,fadE,74,1.978e-15,0.254
FW_TWAS_AS_rep_1,GCF_030238425.1,NZ_JASSKE010000003.1,hydA,44,1.901e-6,0.327
FW_TWAS_AS_rep_1,GCF_030238425.1,NZ_JASSKE010000002.1,pyk,459,4.228e-144,0.551
FW_TWAS_AS_rep_1,GCF_030238425.1,NZ_JASSKE010000016.1,pfkA,63,9.138e-13,0.282
FW_TWAS_AS_rep_1,GCF_030238425.1,NZ_JASSKE010000018.1,fadB,1045,0.0,0.73
FW_TWAS_AS_rep_1,GCF_030238425.1,NZ_JASSKE010000005.1,crt,159,2.267e-45,0.408
FW_TWAS_AS_rep_1,GCF_030238425.1,NZ_JASSKE010000003.1,oppB,173,6.57e-49,0.323
FW_TWAS_AS_rep_1,GCF_030238425.1,NZ_JASSKE010000004.1,fadE,184,1.417e-52,0.343
FW_TWAS_AS_rep_1,GCF_030238425.1,NZ_JASSKE010000005.1,etfA,124,1.221e-33,0.372
FW_TWAS_AS_rep_1,GCF_030238425.1,NZ_JASSKE010000003.1,fadD,127,8.736e-33,0.28
FW_TWAS_AS_rep_1,GCF_030238425.1,NZ_JASSKE010000011.1,ptsG,298,4.661e-89,0.378
FW_TWAS_AS_rep_1,GCF_030238425.1,NZ_JASSKE010000005.1,aldh,580,1.044e-185,0.575
FW_TWAS_AS_rep_1,GCF_030238425.1,NZ_JASSKE010000005.1,sucC,353,3.931e-110,0.481
FW_TWAS_AS_rep_1,GCF_030238425.1,NZ_JASSKE010000001.1,dtpT,264,2.823e-77,0.355
FW_TWAS_AS_rep_1,GCF_030238425.1,NZ_JASSKE010000010.1,crt,115,1.172e-30,0.325
FW_TWAS_AS_rep_1,GCF_030238425.1,NZ_JASSKE010000002.1,rnfB,192,5.385e-58,0.585
FW_TWAS_AS_rep_1,GCF_030238425.1,NZ_JASSKE010000001.1,pepN,408,3.441e-122,0.408
FW_TWAS_AS_rep_1,GCF_030238425.1,NZ_JASSKE010000005.1,fadD,131,3.455e-33,0.272
FW_TWAS_AS_rep_1,GCF_030238425.1,NZ_JASSKE010000001.1,dppC,252,1.32e-76,0.473
FW_TWAS_AS_rep_1,GCF_030238425.1,NZ_JASSKE010000001.1,cazy_GH13,126,1.318e-31,0.322
FW_TWAS_AS_rep_1,GCF_030238425.1,NZ_JASSKE010000004.1,etfA,138,1.694e-37,0.378
FW_TWAS_AS_rep_1,GCF_030238425.1,NZ_JASSKE010000008.1,mvhA,109,1.985e-26,0.226
FW_TWAS_AS_rep_1,GCF_030238425.1,NZ_JASSKE010000019.1,acs,121,1.556e-30,0.266
FW_TWAS_AS_rep_1,GCF_030238425.1,NZ_JASSKE010000006.1,dtpT,263,1.326e-77,0.332
FW_TWAS_AS_rep_1,GCF_030238425.1,NZ_JASSKE010000003.1,crt,132,8.288e-36,0.361
FW_TWAS_AS_rep_1,GCF_030238425.1,NZ_JASSKE010000014.1,frhA,102,2.07e-24,0.258
FW_TWAS_AS_rep_1,GCF_030238425.1,NZ_JASSKE010000002.1,adh,48,2.459e-8,0.245
FW_TWAS_AS_rep_1,GCF_030238425.1,NZ_JASSKE010000004.1,mmcG,42,4.768e-7,0.292
FW_TWAS_AS_rep_1,GCF_030238425.1,NZ_JASSKE010000008.1,dppA,286,1.657e-84,0.344
FW_TWAS_AS_rep_1,GCF_030238425.1,NZ_JASSKE010000005.1,dtpT,259,2.245e-76,0.379
FW_TWAS_AS_rep_1,GCF_030238425.1,NZ_JASSKE010000011.1,bgl,207,6.412e-59,0.318
FW_TWAS_AS_rep_1,GCF_030238425.1,NZ_JASSKE010000003.1,thl,420,3.757e-133,0.626
FW_TWAS_AS_rep_1,GCF_030238425.1,NZ_JASSKE010000011.1,mmcE,298,7.25e-92,0.496
FW_TWAS_AS_rep_1,GCF_030238425.1,NZ_JASSKE010000002.1,bcd,174,8.835e-49,0.322
FW_TWAS_AS_rep_1,GCF_030238425.1,NZ_JASSKE010000002.1,gdh,566,2.113e-182,0.642
FW_TWAS_AS_rep_1,GCF_030238425.1,NZ_JASSKE010000001.1,dppA,227,2.768e-64,0.317
FW_TWAS_AS_rep_1,GCF_030238425.1,NZ_JASSKE010000012.1,ackA,376,8.058e-118,0.488
FW_TWAS_AS_rep_1,GCF_030238425.1,NZ_JASSKE010000003.1,pta,212,7.684e-62,0.404
FW_TWAS_AS_rep_1,GCF_030238425.1,NZ_JASSKE010000018.1,eda,120,3.278e-32,0.418
FW_TWAS_AS_rep_1,GCF_030238425.1,NZ_JASSKE010000016.1,etfA,90,1.593e-21,0.334
FW_TWAS_AS_rep_1,GCF_030238425.1,NZ_JASSKE010000008.1,frhA,135,9.955e-35,0.259
FW_TWAS_AS_rep_1,GCF_030238425.1,NZ_JASSKE010000003.1,ackA,372,2.971e-116,0.51
FW_TWAS_AS_rep_1,GCF_030238425.1,NZ_JASSKE010000005.1,cat,87,1.161e-19,0.308
FW_TWAS_AS_rep_1,GCF_030238425.1,NZ_JASSKE010000009.1,oppB,311,5.075e-97,0.535
FW_TWAS_AS_rep_1,GCF_030238425.1,NZ_JASSKE010000006.1,dppB,438,1.477e-140,0.663
FW_TWAS_AS_rep_1,GCF_030238425.1,NZ_JASSKE010000011.1,adh,63,3.529e-13,0.241
FW_TWAS_AS_rep_1,GCF_030238425.1,NZ_JASSKE010000007.1,bgl,216,2.558e-62,0.318
FW_TWAS_AS_rep_1,GCF_030238425.1,NZ_JASSKE010000006.1,dppA,775,2.26e-253,0.689
FW_TWAS_AS_rep_1,GCF_030238425.1,NZ_JASSKE010000003.1,fadA,310,3.522e-95,0.497
FW_TWAS_AS_rep_1,GCF_030238425.1,NZ_JASSKE010000015.1,fdhA,308,2.153e-89,0.323
FW_TWAS_AS_rep_1,GCF_030238425.1,NZ_JASSKE010000001.1,frhG,44,7.1e-7,0.223
FW_TWAS_AS_rep_1,GCF_030238425.1,NZ_JASSKE010000002.1,pfkA,259,3.562e-79,0.488
FW_TWAS_AS_rep_1,GCF_030238425.1,NZ_JASSKE010000001.1,oppA,201,6.078e-56,0.327
FW_TWAS_AS_rep_1,GCF_030238425.1,NZ_JASSKE010000018.1,ilvE,162,1.774e-45,0.357
FW_TWAS_AS_rep_1,GCF_030238425.1,NZ_JASSKE010000003.1,acylglycerol_lipase,46,1.005e-7,0.304
FW_TWAS_AS_rep_1,GCF_030238425.1,NZ_JASSKE010000001.1,mvhA,105,2.898e-25,0.224
FW_TWAS_AS_rep_1,GCF_030238425.1,NZ_JASSKE010000006.1,oppB,246,1.064e-74,0.475
FW_TWAS_AS_rep_1,GCF_030238425.1,NZ_JASSKE010000011.1,acs,112,4.064e-27,0.266
FW_TWAS_AS_rep_1,GCF_030238425.1,NZ_JASSKE010000003.1,cat,289,3.284e-91,0.613
FW_TWAS_AS_rep_1,GCF_030238425.1,NZ_JASSKE010000007.1,adhE,231,2.221e-68,0.391
FW_TWAS_AS_rep_1,GCF_030238425.1,NZ_JASSKE010000001.1,fadD,151,8.131e-40,0.297
FW_TWAS_AS_rep_1,GCF_030238425.1,NZ_JASSKE010000005.1,dppA,139,3.781e-36,0.257
FW_TWAS_AS_rep_1,GCF_030238425.1,NZ_JASSKE010000002.1,fdhA,298,5.198e-86,0.319
FW_TWAS_AS_rep_1,GCF_030238425.1,NZ_JASSKE010000008.1,lctC,47,1.704e-7,0.25
FW_TWAS_AS_rep_1,GCF_030238425.1,NZ_JASSKE010000004.1,crt,163,2.586e-46,0.393
FW_TWAS_AS_rep_1,GCF_030238425.1,NZ_JASSKE010000018.1,acylglycerol_lipase,74,3.917e-16,0.248
FW_TWAS_AS_rep_1,GCF_030238425.1,NZ_JASSKE010000011.1,fadA,320,1.207e-98,0.493
FW_TWAS_AS_rep_1,GCF_030238425.1,NZ_JASSKE010000002.1,glcP,63,1.353e-12,0.303
FW_TWAS_AS_rep_1,GCF_030238425.1,NZ_JASSKE010000001.1,sucC,376,7.685e-118,0.501
FW_TWAS_AS_rep_1,GCF_030238425.1,NZ_JASSKE010000018.1,phospholipase,222,2.53e-66,0.437
FW_TWAS_AS_rep_1,GCF_030238425.1,NZ_JASSKE010000001.1,lctD,68,8.471e-15,0.372
FW_TWAS_AS_rep_1,GCF_030238425.1,NZ_JASSKE010000003.1,frhG,46,9.635e-8,0.274
FW_TWAS_AS_rep_1,GCF_030238425.1,NZ_JASSKE010000019.1,fadD,136,4.619e-35,0.302
FW_TWAS_AS_rep_1,GCF_030238425.1,NZ_JASSKE010000004.1,glcP,80,8.781e-18,0.22
FW_TWAS_AS_rep_1,GCF_030238425.1,NZ_JASSKE010000002.1,dppC,235,3.395e-71,0.47
FW_TWAS_AS_rep_1,GCF_030238425.1,NZ_JASSKE010000001.1,pepT,258,4.486e-77,0.416
FW_TWAS_AS_rep_1,GCF_030238425.1,NZ_JASSKE010000005.1,rnfB,44,4.18e-7,0.284
FW_TWAS_AS_rep_1,GCF_030238425.1,NZ_JASSKE010000009.1,fdhA,53,5.457e-9,0.228
FW_TWAS_AS_rep_1,GCF_030238425.1,NZ_JASSKE010000003.1,aldh,213,8.22e-61,0.359
FW_TWAS_AS_rep_1,GCF_030238425.1,NZ_JASSKE010000006.1,oppA,231,3.217e-66,0.319
FW_TWAS_AS_rep_1,GCF_030238425.1,NZ_JASSKE010000010.1,cazy_GH13,177,5.038e-48,0.37
FW_TWAS_AS_rep_1,GCF_030238425.1,NZ_JASSKE010000001.1,acs,518,8.274e-163,0.443
FW_TWAS_AS_rep_1,GCF_030238425.1,NZ_JASSKE010000005.1,ackA,69,1.236e-15,0.418
FW_TWAS_AS_rep_1,GCF_030238425.1,NZ_JASSKE010000012.1,mer,56,1.459e-10,0.245
FW_TWAS_AS_rep_1,GCF_030238425.1,NZ_JASSKE010000003.1,adh,49,7.455e-9,0.258
FW_TWAS_AS_rep_1,GCF_030238425.1,NZ_JASSKE010000018.1,thl,276,7.139e-84,0.453
FW_TWAS_AS_rep_1,GCF_030238425.1,NZ_JASSKE010000005.1,fadB,119,9.194e-32,0.392
FW_TWAS_AS_rep_1,GCF_030238425.1,NZ_JASSKE010000018.1,crt,131,7.816e-33,0.377
FW_TWAS_AS_rep_1,GCF_030238425.1,NZ_JASSKE010000006.1,dppC,421,3.587e-135,0.71
FW_TWAS_AS_rep_1,GCF_030238425.1,NZ_JASSKE010000018.1,fadA,359,2.053e-112,0.521
FW_TWAS_AS_rep_1,GCF_030238425.1,NZ_JASSKE010000004.1,frhB,41,3.879e-6,0.386
FW_TWAS_AS_rep_1,GCF_030238425.1,NZ_JASSKE010000004.1,fadB,107,2.547e-27,0.302
FW_TWAS_AS_rep_1,GCF_030238425.1,NZ_JASSKE010000001.1,adhE,163,4.359e-45,0.285
FW_TWAS_AS_rep_1,GCF_030238425.1,NZ_JASSKE010000005.1,pgi,727,3.676e-236,0.689
FW_TWAS_AS_rep_1,GCF_030238425.1,NZ_JASSKE010000009.1,aldh,426,6.91e-128,0.509
FW_TWAS_AS_rep_1,GCF_030238425.1,NZ_JASSKE010000007.1,rnfB,42,7.234e-7,0.298
FW_TWAS_AS_rep_1,GCF_030238425.1,NZ_JASSKE010000002.1,fadE,176,1.912e-49,0.324
FW_TWAS_AS_rep_1,GCF_030238425.1,NZ_JASSKE010000002.1,dppB,234,2.149e-70,0.377
FW_TWAS_AS_rep_1,GCF_030238425.1,NZ_JASSKE010000003.1,lctB,86,8.139e-20,0.294
FW_TWAS_AS_rep_1,GCF_030238425.1,NZ_JASSKE010000002.1,adhE,48,5.713e-8,0.233
FW_TWAS_AS_rep_1,GCF_030238425.1,NZ_JASSKE010000004.1,pepQ,71,8.402e-16,0.27
FW_TWAS_AS_rep_1,GCF_030238425.1,NZ_JASSKE010000003.1,etfA,114,8.056e-28,0.361
FW_TWAS_AS_rep_1,GCF_030238425.1,NZ_JASSKE010000004.1,acs,156,1.084e-41,0.268
FW_TWAS_AS_rep_1,GCF_030238425.1,NZ_JASSKE010000005.1,oppA,136,2.9e-35,0.252
FW_TWAS_AS_rep_1,GCF_030238425.1,NZ_JASSKE010000018.1,ptsG,415,2.419e-129,0.468
FW_TWAS_AS_rep_1,GCF_030238425.1,NZ_JASSKE010000007.1,agl,91,9.197e-21,0.263
FW_TWAS_AS_rep_1,GCF_030238425.1,NZ_JASSKE010000010.1,etfA,100,2.563e-25,0.34
FW_TWAS_AS_rep_1,GCA_964634325.1,CAZWJF010000059.1,fadB,405,8.089e-120,0.351
FW_TWAS_AS_rep_1,GCA_964634325.1,CAZWJF010000002.1,lysophospholipase,269,2.11e-81,0.484
FW_TWAS_AS_rep_1,GCA_964634325.1,CAZWJF010000060.1,bcd,387,1.386e-121,0.536
FW_TWAS_AS_rep_1,GCA_964634325.1,CAZWJF010000013.1,pepA,265,1.752e-78,0.452
FW_TWAS_AS_rep_1,GCA_964634325.1,CAZWJF010000010.1,fadD,153,5.842e-40,0.287
FW_TWAS_AS_rep_1,GCA_964634325.1,CAZWJF010000142.1,dppA,100,5.201e-24,0.304
FW_TWAS_AS_rep_1,GCA_964634325.1,CAZWJF010000015.1,fdhA,130,1.587e-32,0.242
FW_TWAS_AS_rep_1,GCA_964634325.1,CAZWJF010000115.1,crt,151,1.253e-42,0.375
FW_TWAS_AS_rep_1,GCA_964634325.1,CAZWJF010000185.1,acs,141,4.931e-36,0.27
FW_TWAS_AS_rep_1,GCA_964634325.1,CAZWJF010000060.1,fadA,244,1.39e-67,0.417
FW_TWAS_AS_rep_1,GCA_964634325.1,CAZWJF010000021.1,lctC,445,1.915e-136,0.492
FW_TWAS_AS_rep_1,GCA_964634325.1,CAZWJF010000010.1,fadB,76,1.429e-16,0.308
FW_TWAS_AS_rep_1,GCA_964634325.1,CAZWJF010000014.1,lysophospholipase,44,5.89e-7,0.241
FW_TWAS_AS_rep_1,GCA_964634325.1,CAZWJF010000078.1,dppA,200,4.661e-56,0.301
FW_TWAS_AS_rep_1,GCA_964634325.1,CAZWJF010000060.1,fadE,305,1.444e-93,0.493
FW_TWAS_AS_rep_1,GCA_964634325.1,CAZWJF010000012.1,mmcE,395,2.473e-120,0.454
FW_TWAS_AS_rep_1,GCA_964634325.1,CAZWJF010000014.1,esterase,53,8.115e-10,0.313
FW_TWAS_AS_rep_1,GCA_964634325.1,CAZWJF010000027.1,fadE,182,7.128e-51,0.33
FW_TWAS_AS_rep_1,GCA_964634325.1,CAZWJF010000059.1,crt,117,2.684e-28,0.365
FW_TWAS_AS_rep_1,GCA_964634325.1,CAZWJF010000086.1,acs,149,1.03e-38,0.275
FW_TWAS_AS_rep_1,GCA_964634325.1,CAZWJF010000008.1,rnfB,44,7.997e-7,0.362
FW_TWAS_AS_rep_1,GCA_964634325.1,CAZWJF010000003.1,frhB,42,1.064e-6,0.365
FW_TWAS_AS_rep_1,GCA_964634325.1,CAZWJF010000060.1,thl,364,1.569e-106,0.521
FW_TWAS_AS_rep_1,GCA_964634325.1,CAZWJF010000059.1,bcd,90,5.373e-21,0.29
FW_TWAS_AS_rep_1,GCA_964634325.1,CAZWJF010000006.1,cat,112,2.571e-27,0.318
FW_TWAS_AS_rep_1,GCA_964634325.1,CAZWJF010000049.1,fadB,261,4.947e-76,0.308
FW_TWAS_AS_rep_1,GCA_964634325.1,CAZWJF010000040.1,fadD,214,3.884e-60,0.313
FW_TWAS_AS_rep_1,GCA_964634325.1,CAZWJF010000058.1,thl,427,3.956e-135,0.583
FW_TWAS_AS_rep_1,GCA_964634325.1,CAZWJF010000059.1,thl,258,8.925e-77,0.408
FW_TWAS_AS_rep_1,GCA_964634325.1,CAZWJF010000070.1,bcd,253,1.258e-75,0.392
FW_TWAS_AS_rep_1,GCA_964634325.1,CAZWJF010000165.1,oppB,117,1.683e-32,0.426
FW_TWAS_AS_rep_1,GCA_964634325.1,CAZWJF010000001.1,fadB,95,1.875e-23,0.343
FW_TWAS_AS_rep_1,GCA_964634325.1,CAZWJF010000086.1,fadD,166,6.106e-44,0.301
FW_TWAS_AS_rep_1,GCA_964634325.1,CAZWJF010000004.1,fadB,81,9.905e-19,0.303
FW_TWAS_AS_rep_1,GCA_964634325.1,CAZWJF010000019.1,mmcE,511,1.024e-158,0.528
FW_TWAS_AS_rep_1,GCA_964634325.1,CAZWJF010000026.1,hbd,229,1.146e-63,0.332
FW_TWAS_AS_rep_1,GCA_964634325.1,CAZWJF010000003.1,fadD,139,7.275e-36,0.284
FW_TWAS_AS_rep_1,GCA_964634325.1,CAZWJF010000145.1,etfA,91,2.774e-22,0.312
FW_TWAS_AS_rep_1,GCA_964634325.1,CAZWJF010000132.1,bcd,224,7.684e-66,0.348
FW_TWAS_AS_rep_1,GCA_964634325.1,CAZWJF010000047.1,acs,192,1.266e-53,0.298
FW_TWAS_AS_rep_1,GCA_964634325.1,CAZWJF010000007.1,oppB,222,5.657e-66,0.426
FW_TWAS_AS_rep_1,GCA_964634325.1,CAZWJF010000040.1,acs,131,2.275e-33,0.26
FW_TWAS_AS_rep_1,GCA_964634325.1,CAZWJF010000132.1,fadE,243,2.537e-72,0.371
FW_TWAS_AS_rep_1,GCA_964634325.1,CAZWJF010000012.1,mmcF,134,3.71e-34,0.521
FW_TWAS_AS_rep_1,GCA_964634325.1,CAZWJF010000007.1,fdhA,622,1.126e-193,0.411
FW_TWAS_AS_rep_1,GCA_964634325.1,CAZWJF010000009.1,oppB,175,1.494e-48,0.342
FW_TWAS_AS_rep_1,GCA_964634325.1,CAZWJF010000007.1,dppC,214,7.53e-62,0.45
FW_TWAS_AS_rep_1,GCA_964634325.1,CAZWJF010000004.1,folD,313,1.226e-97,0.576
FW_TWAS_AS_rep_1,GCA_964634325.1,CAZWJF010000015.1,mvhG,46,1.642e-7,0.237
FW_TWAS_AS_rep_1,GCA_964634325.1,CAZWJF010000010.1,acylglycerol_lipase,55,1.976e-10,0.287
FW_TWAS_AS_rep_1,GCA_964634325.1,CAZWJF010000170.1,bcd,115,6.264e-29,0.275
FW_TWAS_AS_rep_1,GCA_964634325.1,CAZWJF010000002.1,bcd,154,1.392e-41,0.316
FW_TWAS_AS_rep_1,GCA_964634325.1,CAZWJF010000005.1,crt,138,2.722e-35,0.381
FW_TWAS_AS_rep_1,GCA_964634325.1,CAZWJF010000010.1,etfA,59,2.586e-11,0.377
FW_TWAS_AS_rep_1,GCA_964634325.1,CAZWJF010000006.1,fdhA,298,7.745e-86,0.321
FW_TWAS_AS_rep_1,GCA_964634325.1,CAZWJF010000005.1,etfA,79,5.382e-17,0.316
FW_TWAS_AS_rep_1,GCA_964634325.1,CAZWJF010000006.1,fadE,291,5.804e-89,0.44
FW_TWAS_AS_rep_1,GCA_964634325.1,CAZWJF010000007.1,ilvE,285,6.639e-87,0.487
FW_TWAS_AS_rep_1,GCA_964634325.1,CAZWJF010000005.1,pepA,366,2.123e-112,0.482
FW_TWAS_AS_rep_1,GCA_964634325.1,CAZWJF010000012.1,sucC,416,8.674e-132,0.543
FW_TWAS_AS_rep_1,GCA_964634325.1,CAZWJF010000012.1,mdh,289,9.771e-89,0.505
FW_TWAS_AS_rep_1,GCA_964634325.1,CAZWJF010000009.1,dppB,184,9.957e-52,0.336
FW_TWAS_AS_rep_1,GCA_964634325.1,CAZWJF010000012.1,adh,53,5.658e-10,0.315
FW_TWAS_AS_rep_1,GCA_964634325.1,CAZWJF010000082.1,lysophospholipase,67,4.583e-14,0.297
FW_TWAS_AS_rep_1,GCA_964634325.1,CAZWJF010000001.1,fadD,179,1.067e-48,0.322
FW_TWAS_AS_rep_1,GCA_964634325.1,CAZWJF010000029.1,tdcB,295,1.72e-89,0.483
FW_TWAS_AS_rep_1,GCA_964634325.1,CAZWJF010000036.1,acs,150,1.218e-39,0.281
FW_TWAS_AS_rep_1,GCA_964634325.1,CAZWJF010000013.1,acs,132,9.534e-34,0.267
FW_TWAS_AS_rep_1,GCA_964634325.1,CAZWJF010000022.1,bcd,267,3.661e-80,0.39
FW_TWAS_AS_rep_1,GCA_964634325.1,CAZWJF010000049.1,hbd,199,1.808e-55,0.318
FW_TWAS_AS_rep_1,GCA_964634325.1,CAZWJF010000003.1,fdhA,77,2.222e-16,0.241
FW_TWAS_AS_rep_1,GCA_964634325.1,CAZWJF010000015.1,hydA,41,4.067e-6,0.302
FW_TWAS_AS_rep_1,GCA_964634325.1,CAZWJF010000007.1,fadD,191,7.864e-52,0.32
FW_TWAS_AS_rep_1,GCA_964634325.1,CAZWJF010000173.1,dppB,186,6.204e-53,0.338
FW_TWAS_AS_rep_1,GCA_964634325.1,CAZWJF010000058.1,fadA,328,5.591e-101,0.475
FW_TWAS_AS_rep_1,GCA_964634325.1,CAZWJF010000051.1,crt,133,1.782e-36,0.368
FW_TWAS_AS_rep_1,GCA_964634325.1,CAZWJF010000007.1,dppB,252,2.001e-76,0.449
FW_TWAS_AS_rep_1,GCA_964634325.1,CAZWJF010000047.1,fadB,106,1.387e-28,0.424
FW_TWAS_AS_rep_1,GCA_964634325.1,CAZWJF010000003.1,frhG,44,2.454e-7,0.365
FW_TWAS_AS_rep_1,GCA_964634325.1,CAZWJF010000006.1,thl,80,9.215e-18,0.234
FW_TWAS_AS_rep_1,GCA_964634325.1,CAZWJF010000050.1,hbd,284,8.023e-88,0.517
FW_TWAS_AS_rep_1,GCA_964634325.1,CAZWJF010000027.1,fadA,386,2.595e-121,0.538
FW_TWAS_AS_rep_1,GCA_964634325.1,CAZWJF010000014.1,pfor,47,8.127e-8,0.284
FW_TWAS_AS_rep_1,GCA_964634325.1,CAZWJF010000008.1,etfA,125,1.207e-32,0.379
FW_TWAS_AS_rep_1,GCA_964634325.1,CAZWJF010000009.1,fadE,281,6.124e-85,0.467
FW_TWAS_AS_rep_1,GCA_964634325.1,CAZWJF010000006.1,fadD,194,3.585e-53,0.332
FW_TWAS_AS_rep_1,GCA_964634325.1,CAZWJF010000020.1,esterase,42,2.147e-6,0.366
FW_TWAS_AS_rep_1,GCA_964634325.1,CAZWJF010000027.1,pyk,171,1.455e-46,0.318
FW_TWAS_AS_rep_1,GCA_964634325.1,CAZWJF010000006.1,dppC,225,2.41e-63,0.448
FW_TWAS_AS_rep_1,GCA_964634325.1,CAZWJF010000184.1,pepQ,79,9.679e-18,0.276
FW_TWAS_AS_rep_1,GCA_964634325.1,CAZWJF010000057.1,frhB,42,5.219e-6,0.267
FW_TWAS_AS_rep_1,GCA_964634325.1,CAZWJF010000008.1,fadE,231,1.123e-67,0.389
FW_TWAS_AS_rep_1,GCA_964634325.1,CAZWJF010000044.1,frhA,149,8.94e-40,0.269
FW_TWAS_AS_rep_1,GCA_964634325.1,CAZWJF010000057.1,fdhA,328,1.255e-95,0.317
FW_TWAS_AS_rep_1,GCA_964634325.1,CAZWJF010000015.1,lctB,42,4.278e-6,0.282
FW_TWAS_AS_rep_1,GCA_964634325.1,CAZWJF010000007.1,acs,172,7.883e-46,0.306
FW_TWAS_AS_rep_1,GCA_964634325.1,CAZWJF010000014.1,fadD,210,6.023e-59,0.335
FW_TWAS_AS_rep_1,GCA_964634325.1,CAZWJF010000044.1,mvhA,184,1.378e-51,0.298
FW_TWAS_AS_rep_1,GCA_964634325.1,CAZWJF010000052.1,fdhA,98,1.447e-22,0.25
FW_TWAS_AS_rep_1,GCA_964634325.1,CAZWJF010000008.1,tdcB,66,1.492e-13,0.287
FW_TWAS_AS_rep_1,GCA_964634325.1,CAZWJF010000185.1,fadD,230,9.034e-64,0.354
FW_TWAS_AS_rep_1,GCA_964634325.1,CAZWJF010000008.1,mmcG,46,6.94e-8,0.288
FW_TWAS_AS_rep_1,GCA_964634325.1,CAZWJF010000008.1,fadA,342,8.324e-106,0.51
FW_TWAS_AS_rep_1,GCA_964634325.1,CAZWJF010000006.1,adh,49,8.131e-9,0.242
FW_TWAS_AS_rep_1,GCA_964634325.1,CAZWJF010000008.1,fadD,195,8.2e-54,0.32
FW_TWAS_AS_rep_1,GCA_964634325.1,CAZWJF010000019.1,acs,138,2.187e-35,0.257
FW_TWAS_AS_rep_1,GCA_964634325.1,CAZWJF010000002.1,fadE,232,2.444e-68,0.408
FW_TWAS_AS_rep_1,GCA_964634325.1,CAZWJF010000010.1,fadE,136,1.046e-34,0.322
FW_TWAS_AS_rep_1,GCA_964634325.1,CAZWJF010000002.1,fadD,186,2.992e-50,0.291
FW_TWAS_AS_rep_1,GCA_964634325.1,CAZWJF010000007.1,etfA,77,3.818e-17,0.288
FW_TWAS_AS_rep_1,GCA_964634325.1,CAZWJF010000006.1,mvhA,127,4.18e-32,0.245
FW_TWAS_AS_rep_1,GCA_964634325.1,CAZWJF010000009.1,fadD,206,1.34e-57,0.339
FW_TWAS_AS_rep_1,GCA_964634325.1,CAZWJF010000033.1,bcd,313,5.864e-96,0.445
FW_TWAS_AS_rep_1,GCA_964634325.1,CAZWJF010000026.1,crt,124,7.196e-33,0.355
FW_TWAS_AS_rep_1,GCA_964634325.1,CAZWJF010000115.1,fadB,87,4.975e-21,0.312
FW_TWAS_AS_rep_1,GCA_964634325.1,CAZWJF010000134.1,fadD,168,3.302e-44,0.323
FW_TWAS_AS_rep_1,GCA_964634325.1,CAZWJF010000170.1,fadE,142,1.268e-37,0.312
FW_TWAS_AS_rep_1,GCA_964634325.1,CAZWJF010000022.1,fadE,451,1.232e-143,0.582
FW_TWAS_AS_rep_1,GCA_964634325.1,CAZWJF010000026.1,fadE,184,2.124e-52,0.334
FW_TWAS_AS_rep_1,GCA_964634325.1,CAZWJF010000001.1,lysophospholipase,67,1.382e-13,0.269
FW_TWAS_AS_rep_1,GCA_964634325.1,CAZWJF010000004.1,crt,162,4.085e-46,0.391
FW_TWAS_AS_rep_1,GCA_964634325.1,CAZWJF010000009.1,acs,158,7.101e-42,0.309
FW_TWAS_AS_rep_1,GCA_964634325.1,CAZWJF010000027.1,crt,156,4.174e-44,0.392
FW_TWAS_AS_rep_1,GCA_964634325.1,CAZWJF010000028.1,acs,273,2.148e-80,0.343
FW_TWAS_AS_rep_1,GCA_964634325.1,CAZWJF010000010.1,crt,124,1.58e-32,0.356
FW_TWAS_AS_rep_1,GCA_964634325.1,CAZWJF010000081.1,bcd,137,3.984e-35,0.323
FW_TWAS_AS_rep_1,GCA_964634325.1,CAZWJF010000053.1,etfA,59,8.04e-12,0.296
FW_TWAS_AS_rep_1,GCA_964634325.1,CAZWJF010000025.1,fadE,92,3.606e-21,0.294
FW_TWAS_AS_rep_1,GCA_964634325.1,CAZWJF010000006.1,frhA,126,9.798e-32,0.257
FW_TWAS_AS_rep_1,GCA_964634325.1,CAZWJF010000024.1,fadD,131,3.531e-33,0.271
FW_TWAS_AS_rep_1,GCA_964634325.1,CAZWJF010000078.1,dppC,206,2.867e-61,0.42
FW_TWAS_AS_rep_1,GCA_964634325.1,CAZWJF010000057.1,fadD,140,2.204e-35,0.273
FW_TWAS_AS_rep_1,GCA_964634325.1,CAZWJF010000003.1,hydA,81,1.053e-17,0.276
FW_TWAS_AS_rep_1,GCA_964634325.1,CAZWJF010000078.1,dppB,191,1.294e-55,0.398
FW_TWAS_AS_rep_1,GCA_964634325.1,CAZWJF010000053.1,crt,129,6.767e-35,0.36
FW_TWAS_AS_rep_1,GCA_964634325.1,CAZWJF010000044.1,frhG,79,2.988e-18,0.344
FW_TWAS_AS_rep_1,GCA_964634325.1,CAZWJF010000014.1,etfA,185,1.116e-52,0.396
FW_TWAS_AS_rep_1,GCA_964634325.1,CAZWJF010000028.1,fadD,190,1.233e-52,0.313
FW_TWAS_AS_rep_1,GCA_964634325.1,CAZWJF010000009.1,dppC,139,4.147e-37,0.357
FW_TWAS_AS_rep_1,GCA_964634325.1,CAZWJF010000027.1,bcd,136,1.817e-35,0.31
FW_TWAS_AS_rep_1,GCA_964634325.1,CAZWJF010000081.1,fadE,154,9.094e-41,0.352
FW_TWAS_AS_rep_1,GCA_964634325.1,CAZWJF010000004.1,cat,247,1.29e-76,0.572
FW_TWAS_AS_rep_1,GCA_964634325.1,CAZWJF010000001.1,pepQ,196,5.888e-54,0.336
FW_TWAS_AS_rep_1,GCA_964634325.1,CAZWJF010000004.1,etfA,59,1.91e-11,0.319
FW_TWAS_AS_rep_1,GCA_964634325.1,CAZWJF010000008.1,bcd,151,7.645e-41,0.309
FW_TWAS_AS_rep_1,GCA_964634325.1,CAZWJF010000003.1,bcd,74,4.432e-16,0.264
FW_TWAS_AS_rep_1,GCA_964634325.1,CAZWJF010000001.1,crt,138,1.324e-37,0.349
FW_TWAS_AS_rep_1,GCA_964634325.1,CAZWJF010000007.1,hydA,100,3.716e-23,0.324
FW_TWAS_AS_rep_1,GCA_964634325.1,CAZWJF010000021.1,lctB,293,7.34e-92,0.585
FW_TWAS_AS_rep_1,GCA_964634325.1,CAZWJF010000070.1,fadE,237,3.173e-70,0.395
FW_TWAS_AS_rep_1,GCA_964634325.1,CAZWJF010000081.1,fadD,171,2.91e-46,0.314
FW_TWAS_AS_rep_1,GCA_964634325.1,CAZWJF010000007.1,crt,114,2.272e-29,0.342
FW_TWAS_AS_rep_1,GCA_964634325.1,CAZWJF010000158.1,bcd,155,3.152e-41,0.309
FW_TWAS_AS_rep_1,GCA_964634325.1,CAZWJF010000025.1,bcd,87,1.347e-19,0.238
FW_TWAS_AS_rep_1,GCA_964634325.1,CAZWJF010000183.1,hydA,102,1.168e-24,0.304
FW_TWAS_AS_rep_1,GCA_964634325.1,CAZWJF010000033.1,acs,139,4.248e-35,0.269
FW_TWAS_AS_rep_1,GCA_964634325.1,CAZWJF010000088.1,crt,57,8.234e-13,0.336
FW_TWAS_AS_rep_1,GCA_964634325.1,CAZWJF010000002.1,acs,526,4.345e-165,0.445
FW_TWAS_AS_rep_1,GCA_964634325.1,CAZWJF010000010.1,acs,143,5.454e-37,0.28
FW_TWAS_AS_rep_1,GCA_964634325.1,CAZWJF010000002.1,edd,210,2.417e-58,0.316
FW_TWAS_AS_rep_1,GCA_964634325.1,CAZWJF010000019.1,fadD,146,5.165e-38,0.264
FW_TWAS_AS_rep_1,GCA_964634325.1,CAZWJF010000006.1,crt,264,2.05e-81,0.545
FW_TWAS_AS_rep_1,GCA_964634325.1,CAZWJF010000173.1,oppB,174,8.486e-49,0.339
FW_TWAS_AS_rep_1,GCA_964634325.1,CAZWJF010000004.1,lysophospholipase,44,6.673e-7,0.245
FW_TWAS_AS_rep_1,GCA_964634325.1,CAZWJF010000021.1,lctD,85,8.47e-19,0.333
FW_TWAS_AS_rep_1,GCA_964634325.1,CAZWJF010000131.1,mmcE,308,8.022e-92,0.361
FW_TWAS_AS_rep_1,GCA_964634325.1,CAZWJF010000047.1,etfA,76,3.57e-18,0.378
FW_TWAS_AS_rep_1,GCA_964634325.1,CAZWJF010000014.1,thl,57,1.491e-10,0.25
FW_TWAS_AS_rep_1,GCA_964634325.1,CAZWJF010000001.1,acylglycerol_lipase,114,5.219e-28,0.306
FW_TWAS_AS_rep_1,GCA_964634325.1,CAZWJF010000026.1,etfA,87,1.821e-19,0.373
FW_TWAS_AS_rep_1,GCA_964634325.1,CAZWJF010000002.1,adh,44,6.101e-7,0.235
FW_TWAS_AS_rep_1,GCA_964634325.1,CAZWJF010000002.1,acylglycerol_lipase,55,2.642e-10,0.297
FW_TWAS_AS_rep_1,GCA_964634325.1,CAZWJF010000009.1,oppA,94,1.266e-21,0.238
FW_TWAS_AS_rep_1,GCA_964634325.1,CAZWJF010000026.1,gdh,355,1.079e-109,0.466
FW_TWAS_AS_rep_1,GCA_964634325.1,CAZWJF010000009.1,pgi,559,2.218e-178,0.56
FW_TWAS_AS_rep_1,GCA_964634325.1,CAZWJF010000006.1,pta,215,1.184e-63,0.501
FW_TWAS_AS_rep_1,GCA_964634325.1,CAZWJF010000027.1,thl,293,1.697e-89,0.443
FW_TWAS_AS_rep_1,GCA_964634325.1,CAZWJF010000014.1,acs,151,8.485e-40,0.294
FW_TWAS_AS_rep_1,GCA_964634325.1,CAZWJF010000078.1,oppB,198,1.487e-58,0.417
FW_TWAS_AS_rep_1,GCA_964634325.1,CAZWJF010000012.1,sucD,403,2.282e-126,0.673
FW_TWAS_AS_rep_1,GCA_964634325.1,CAZWJF010000009.1,crt,103,7.821e-26,0.314
FW_TWAS_AS_rep_1,GCA_964634325.1,CAZWJF010000006.1,bcd,252,2.787e-75,0.38
FW_TWAS_AS_rep_1,GCA_964634325.1,CAZWJF010000058.1,lysophospholipase,76,2.159e-17,0.294
FW_TWAS_AS_rep_1,GCA_964634325.1,CAZWJF010000002.1,crt,139,1.658e-38,0.365
FW_TWAS_AS_rep_1,GCA_964634325.1,CAZWJF010000008.1,pta,125,6.589e-31,0.277
FW_TWAS_AS_rep_1,GCA_964634325.1,CAZWJF010000001.1,thl,310,2.457e-89,0.454
FW_TWAS_AS_rep_1,GCA_964634325.1,CAZWJF010000006.1,oppB,206,2.231e-60,0.415
FW_TWAS_AS_rep_1,GCA_964634325.1,CAZWJF010000036.1,fadA,293,1.155e-88,0.457
FW_TWAS_AS_rep_1,GCA_964634325.1,CAZWJF010000057.1,acs,72,1.157e-14,0.24
FW_TWAS_AS_rep_1,GCA_964634325.1,CAZWJF010000001.1,fadA,325,2.902e-94,0.472
FW_TWAS_AS_rep_1,GCA_964634325.1,CAZWJF010000015.1,edd,213,1.641e-59,0.313
FW_TWAS_AS_rep_1,GCA_964634325.1,CAZWJF010000047.1,fadD,220,7.68e-63,0.339
FW_TWAS_AS_rep_1,GCA_964634325.1,CAZWJF010000060.1,fadD,155,7.441e-41,0.297
FW_TWAS_AS_rep_1,GCA_964634325.1,CAZWJF010000158.1,fadE,250,1.134e-72,0.417
FW_TWAS_AS_rep_1,GCA_964634325.1,CAZWJF010000008.1,thl,294,2.884e-89,0.448
FW_TWAS_AS_rep_1,GCA_964634325.1,CAZWJF010000031.1,crt,169,1.599e-49,0.46
FW_TWAS_AS_rep_1,GCA_964634325.1,CAZWJF010000032.1,etfA,65,1.146e-13,0.261
FW_TWAS_AS_rep_1,GCA_964634325.1,CAZWJF010000059.1,fadA,313,7.585e-96,0.452
FW_TWAS_AS_rep_1,GCA_964634325.1,CAZWJF010000029.1,bcd,223,1.606e-63,0.374
FW_TWAS_AS_rep_1,GCA_964634325.1,CAZWJF010000010.1,bcd,107,8.866e-26,0.284
FW_TWAS_AS_rep_1,GCA_964634325.1,CAZWJF010000001.1,mmcG,40,6.755e-6,0.304
FW_TWAS_AS_rep_1,GCA_964634325.1,CAZWJF010000015.1,frhG,51,7.494e-9,0.273
FW_TWAS_AS_rep_1,GCA_964634325.1,CAZWJF010000145.1,crt,132,3.865e-36,0.361
FW_TWAS_AS_rep_1,GCA_964634325.1,CAZWJF010000047.1,crt,104,6.623e-28,0.398
FW_TWAS_AS_rep_1,GCA_964634325.1,CAZWJF010000015.1,mvhA,100,7.986e-24,0.413
FW_TWAS_AS_rep_1,GCA_964634325.1,CAZWJF010000088.1,etfA,48,6.319e-10,0.319
FW_TWAS_AS_rep_1,GCA_964634325.1,CAZWJF010000078.1,oppA,194,4.266e-54,0.31
FW_TWAS_AS_rep_1,GCA_964634325.1,CAZWJF010000007.1,oppA,176,5.22e-48,0.308
FW_TWAS_AS_rep_1,GCA_964634325.1,CAZWJF010000027.1,fadB,88,3.317e-21,0.363
FW_TWAS_AS_rep_1,GCA_964634325.1,CAZWJF010000048.1,gapA,338,2.239e-105,0.509
FW_TWAS_AS_rep_1,GCA_964634325.1,CAZWJF010000010.1,lysophospholipase,73,3.135e-16,0.29
FW_TWAS_AS_rep_1,GCA_964634325.1,CAZWJF010000006.1,oppA,109,2.259e-26,0.263
FW_TWAS_AS_rep_1,GCA_964634325.1,CAZWJF010000013.1,fadD,236,3.654e-68,0.35
FW_TWAS_AS_rep_1,GCA_964634325.1,CAZWJF010000024.1,acs,863,2.665e-281,0.645
FW_TWAS_AS_rep_1,GCA_964634325.1,CAZWJF010000008.1,hydA,44,7.997e-7,0.403
FW_TWAS_AS_rep_1,GCA_964634325.1,CAZWJF010000060.1,acs,309,7.328e-92,0.374
FW_TWAS_AS_rep_1,GCA_964634325.1,CAZWJF010000032.1,crt,109,5.067e-28,0.302
FW_TWAS_AS_rep_1,GCA_964634325.1,CAZWJF010000029.1,fadE,247,1.384e-71,0.416
FW_TWAS_AS_rep_1,GCA_964634325.1,CAZWJF010000036.1,fadD,172,3.269e-46,0.304
FW_TWAS_AS_rep_1,GCA_964634325.1,CAZWJF010000088.1,bcd,210,4.007e-61,0.369
FW_TWAS_AS_rep_1,GCA_964634325.1,CAZWJF010000059.1,etfA,90,2.935e-20,0.326
FW_TWAS_AS_rep_1,GCA_964634325.1,CAZWJF010000050.1,fadB,181,2.199e-52,0.382
FW_TWAS_AS_rep_1,GCA_964634325.1,CAZWJF010000024.1,ackA,272,1.279e-82,0.451
FW_TWAS_AS_rep_1,GCA_964634325.1,CAZWJF010000005.1,fdhA,185,4.681e-50,0.269
FW_TWAS_AS_rep_1,GCA_964634325.1,CAZWJF010000008.1,crt,302,1.002e-92,0.596
FW_TWAS_AS_rep_1,GCA_964634325.1,CAZWJF010000006.1,acs,163,1.132e-43,0.291
FW_TWAS_AS_rep_1,GCA_964634325.1,CAZWJF010000059.1,hbd,209,1.381e-56,0.337
FW_TWAS_AS_rep_1,GCA_964634325.1,CAZWJF010000165.1,dppC,147,3.652e-43,0.496
FW_TWAS_AS_rep_1,GCA_964634325.1,CAZWJF010000081.1,acs,146,2.443e-38,0.288
FW_TWAS_AS_rep_1,GCA_964634325.1,CAZWJF010000033.1,fadE,249,6.548e-74,0.414
FW_TWAS_AS_rep_1,GCA_964634325.1,CAZWJF010000145.1,bcd,238,1.653e-69,0.369
FW_TWAS_AS_rep_1,GCA_964634325.1,CAZWJF010000011.1,edd,211,1.05e-57,0.327
FW_TWAS_AS_rep_1,GCA_964634325.1,CAZWJF010000001.1,acs,165,4.397e-44,0.293
FW_TWAS_AS_rep_1,GCA_964634325.1,CAZWJF010000009.1,bcd,278,7.395e-84,0.424
FW_TWAS_AS_rep_1,GCA_964634325.1,CAZWJF010000007.1,frhA,41,6.696e-6,0.325
FW_TWAS_AS_rep_1,GCA_964634325.1,CAZWJF010000007.1,dppA,157,7.891e-42,0.284
FW_TWAS_AS_rep_1,GCA_964634325.1,CAZWJF010000033.1,mmcG,179,3.474e-52,0.681
FW_TWAS_AS_rep_1,GCA_964634325.1,CAZWJF010000013.1,fumB,734,1.657e-234,0.674
FW_TWAS_AS_rep_1,GCA_964634325.1,CAZWJF010000051.1,mmcG,48,3.069e-8,0.257
FW_TWAS_AS_rep_1,GCA_964634325.1,CAZWJF010000003.1,mmcE,108,3.616e-26,0.312
FW_TWAS_AS_rep_1,GCA_964634325.1,CAZWJF010000014.1,etfB,149,3.465e-41,0.381
FW_TWAS_AS_rep_1,GCA_964634325.1,CAZWJF010000070.1,endopeptidase,150,7.02e-40,0.351
FW_TWAS_AS_rep_1,GCA_964634325.1,CAZWJF010000008.1,fadB,124,2.967e-32,0.368
FW_TWAS_AS_rep_1,GCA_964634325.1,CAZWJF010000008.1,frhG,54,1.083e-10,0.362
FW_TWAS_AS_rep_1,GCA_964634325.1,CAZWJF010000003.1,acs,115,1.588e-28,0.266
FW_TWAS_AS_rep_1,GCA_964634325.1,CAZWJF010000134.1,acs,141,4.693e-36,0.279
FW_TWAS_AS_rep_1,GCA_964634325.1,CAZWJF010000019.1,mmcF,119,2.12e-29,0.481
FW_TWAS_AS_rep_1,GCA_964634325.1,CAZWJF010000131.1,mmcF,135,1.053e-34,0.518
FW_TWAS_AS_rep_1,GCA_964634325.1,CAZWJF010000002.1,etfA,84,7.586e-20,0.3
FW_TWAS_AS_rep_1,GCA_964634325.1,CAZWJF010000006.1,fadB,106,4.768e-27,0.369
FW_TWAS_AS_rep_1,GCA_964634325.1,CAZWJF010000011.1,fdhA,374,1.064e-109,0.347
FW_TWAS_AS_rep_1,GCA_964634325.1,CAZWJF010000006.1,dppB,272,5.054e-83,0.462
FW_TWAS_AS_rep_1,GCA_964634325.1,CAZWJF010000001.1,fadE,238,7.745e-70,0.4
FW_TWAS_AS_rep_1,GCA_964634325.1,CAZWJF010000015.1,frhA,107,6.693e-26,0.228
FW_TWAS_AS_rep_1,GCA_964634325.1,CAZWJF010000147.1,adh,63,1.982e-12,0.278
FW_TWAS_AS_rep_1,GCA_964634325.1,CAZWJF010000001.1,adh,63,1.246e-12,0.289
FW_TWAS_AS_rep_1,GCA_964634325.1,CAZWJF010000006.1,etfA,113,1.433e-29,0.387
FW_TWAS_AS_rep_1,GCA_964634325.1,CAZWJF010000008.1,acs,214,6.289e-61,0.329
FW_TWAS_AS_rep_1,GCA_964634325.1,CAZWJF010000006.1,pfor,49,4.036e-8,0.231
FW_TWAS_AS_rep_1,GCA_964634325.1,CAZWJF010000026.1,fadB,404,4.147e-122,0.368
FW_TWAS_AS_rep_1,GCA_964634325.1,CAZWJF010000015.1,lctC,49,3.721e-8,0.336
FW_TWAS_AS_rep_1,GCA_964634325.1,CAZWJF010000003.1,dppA,96,2.634e-22,0.239
FW_TWAS_AS_rep_1,GCA_964634325.1,CAZWJF010000044.1,mvhG,111,6.063e-29,0.308
FW_TWAS_AS_rep_1,GCA_964634325.1,CAZWJF010000031.1,etfA,103,8.608e-27,0.39
FW_TWAS_AS_rep_1,GCA_964634325.1,CAZWJF010000036.1,thl,258,1.202e-76,0.421
FW_TWAS_AS_rep_1,GCA_964634325.1,CAZWJF010000145.1,fadE,237,4.168e-69,0.388
FW_TWAS_AS_rep_1,GCA_964634325.1,CAZWJF010000033.1,fadD,229,2.784e-62,0.32
FW_TWAS_AS_rep_1,GCA_964634325.1,CAZWJF010000002.1,pyk,367,1.132e-113,0.452
FW_TWAS_AS_rep_1,GCA_964634325.1,CAZWJF010000115.1,etfA,92,1.33e-22,0.294
FW_TWAS_AS_rep_1,GCA_964634325.1,CAZWJF010000027.1,etfA,98,2.388e-24,0.366
FW_TWAS_AS_rep_1,GCA_964634325.1,CAZWJF010000001.1,bcd,147,3.367e-39,0.3
FW_TWAS_AS_rep_1,GCA_964634325.1,CAZWJF010000088.1,fadE,194,9.335e-56,0.381
FW_TWAS_AS_rep_1,GCA_964634325.1,CAZWJF010000026.1,bcd,167,1.549e-46,0.314
FW_TWAS_AS_rep_1,GCA_964634325.1,CAZWJF010000003.1,oppA,103,1.293e-24,0.247
FW_TWAS_AS_rep_1,GCA_964634325.1,CAZWJF010000183.1,fdhA,180,1.082e-49,0.348
FW_TWAS_AS_rep_1,GCA_964634325.1,CAZWJF010000173.1,dppA,54,7.569e-10,0.217
FW_TWAS_AS_rep_1,GCA_963748985.1,CAVVKQ010000022.1,mer,55,4.261e-10,0.245
FW_TWAS_AS_rep_1,GCA_963748985.1,CAVVKQ010000019.1,frhA,141,4.734e-37,0.283
FW_TWAS_AS_rep_1,GCA_963748985.1,CAVVKQ010000001.1,mmcF,96,1.264e-25,0.479
FW_TWAS_AS_rep_1,GCA_963748985.1,CAVVKQ010000001.1,tdcB,69,1.03e-14,0.27
FW_TWAS_AS_rep_1,GCA_963748985.1,CAVVKQ010000015.1,bcd,135,4.29e-34,0.305
FW_TWAS_AS_rep_1,GCA_963748985.1,CAVVKQ010000010.1,fadB,374,8.227e-112,0.363
FW_TWAS_AS_rep_1,GCA_963748985.1,CAVVKQ010000020.1,gapA,444,1.387e-142,0.648
FW_TWAS_AS_rep_1,GCA_963748985.1,CAVVKQ010000003.1,sucD,397,3.628e-126,0.67
FW_TWAS_AS_rep_1,GCA_963748985.1,CAVVKQ010000001.1,etfA,138,3.796e-38,0.426
FW_TWAS_AS_rep_1,GCA_963748985.1,CAVVKQ010000019.1,mvhG,128,1.115e-35,0.425
FW_TWAS_AS_rep_1,GCA_963748985.1,CAVVKQ010000003.1,fadA,276,1.798e-83,0.47
FW_TWAS_AS_rep_1,GCA_963748985.1,CAVVKQ010000012.1,bcd,233,5.65e-68,0.359
FW_TWAS_AS_rep_1,GCA_963748985.1,CAVVKQ010000002.1,rnfB,49,3.151e-8,0.409
FW_TWAS_AS_rep_1,GCA_963748985.1,CAVVKQ010000027.1,edd,220,2.195e-62,0.335
FW_TWAS_AS_rep_1,GCA_963748985.1,CAVVKQ010000015.1,agl,105,3.265e-25,0.272
FW_TWAS_AS_rep_1,GCA_963748985.1,CAVVKQ010000024.1,fdhA,191,2.038e-51,0.254
FW_TWAS_AS_rep_1,GCA_963748985.1,CAVVKQ010000010.1,hbd,191,1.045e-51,0.429
FW_TWAS_AS_rep_1,GCA_963748985.1,CAVVKQ010000012.1,frhB,41,2.028e-6,0.295
FW_TWAS_AS_rep_1,GCA_963748985.1,CAVVKQ010000020.1,fadB,87,1.041e-19,0.302
FW_TWAS_AS_rep_1,GCA_963748985.1,CAVVKQ010000008.1,fadA,218,5.45e-63,0.374
FW_TWAS_AS_rep_1,GCA_963748985.1,CAVVKQ010000001.1,fadB,856,3.329e-277,0.605
FW_TWAS_AS_rep_1,GCA_963748985.1,CAVVKQ010000010.1,acs,155,3.656e-41,0.3
FW_TWAS_AS_rep_1,GCA_963748985.1,CAVVKQ010000002.1,bcd,258,2.025e-73,0.403
FW_TWAS_AS_rep_1,GCA_963748985.1,CAVVKQ010000026.1,tdcB,78,6.072e-17,0.314
FW_TWAS_AS_rep_1,GCA_963748985.1,CAVVKQ010000020.1,bcd,242,6.219e-72,0.374
FW_TWAS_AS_rep_1,GCA_963748985.1,CAVVKQ010000012.1,frhG,47,9.4e-8,0.292
FW_TWAS_AS_rep_1,GCA_963748985.1,CAVVKQ010000001.1,dtpT,322,1.133e-97,0.419
FW_TWAS_AS_rep_1,GCA_963748985.1,CAVVKQ010000002.1,fadE,252,2.409e-71,0.457
FW_TWAS_AS_rep_1,GCA_963748985.1,CAVVKQ010000001.1,bcd,235,1.712e-69,0.364
FW_TWAS_AS_rep_1,GCA_963748985.1,CAVVKQ010000002.1,fadB,97,8.136e-24,0.314
FW_TWAS_AS_rep_1,GCA_963748985.1,CAVVKQ010000015.1,fadE,112,4.262e-27,0.294
FW_TWAS_AS_rep_1,GCA_963748985.1,CAVVKQ010000007.1,oppA,375,1.677e-114,0.395
FW_TWAS_AS_rep_1,GCA_963748985.1,CAVVKQ010000002.1,hydA,45,6.753e-7,0.364
FW_TWAS_AS_rep_1,GCA_963748985.1,CAVVKQ010000012.1,pfor,66,9.514e-14,0.303
FW_TWAS_AS_rep_1,GCA_963748985.1,CAVVKQ010000001.1,crt,163,6.165e-47,0.409
FW_TWAS_AS_rep_1,GCA_963748985.1,CAVVKQ010000021.1,etfA,73,6.109e-16,0.404
FW_TWAS_AS_rep_1,GCA_963748985.1,CAVVKQ010000013.1,acs,262,2.507e-75,0.305
FW_TWAS_AS_rep_1,GCA_963748985.1,CAVVKQ010000013.1,mmcE,298,9.172e-84,0.363
FW_TWAS_AS_rep_1,GCA_963748985.1,CAVVKQ010000003.1,thl,234,5.118e-69,0.431
FW_TWAS_AS_rep_1,GCA_963748985.1,CAVVKQ010000013.1,fadA,327,1.734e-99,0.508
FW_TWAS_AS_rep_1,GCA_963748985.1,CAVVKQ010000023.1,cdhC,41,6.113e-6,0.446
FW_TWAS_AS_rep_1,GCA_963748985.1,CAVVKQ010000003.1,fadB,442,1.76e-135,0.392
FW_TWAS_AS_rep_1,GCA_963748985.1,CAVVKQ010000012.1,frhA,101,4.805e-24,0.229
FW_TWAS_AS_rep_1,GCA_963748985.1,CAVVKQ010000022.1,fadE,236,1.597e-67,0.419
FW_TWAS_AS_rep_1,GCA_963748985.1,CAVVKQ010000001.1,mmcE,341,2.044e-103,0.385
FW_TWAS_AS_rep_1,GCA_963748985.1,CAVVKQ010000002.1,pepD,51,6.129e-9,0.264
FW_TWAS_AS_rep_1,GCA_963748985.1,CAVVKQ010000020.1,pfkA,61,8.97e-12,0.25
FW_TWAS_AS_rep_1,GCA_963748985.1,CAVVKQ010000003.1,crt,171,1.577e-49,0.411
FW_TWAS_AS_rep_1,GCA_963748985.1,CAVVKQ010000001.1,fadD,218,1.665e-61,0.332
FW_TWAS_AS_rep_1,GCA_963748985.1,CAVVKQ010000007.1,dppA,290,1.226e-85,0.332
FW_TWAS_AS_rep_1,GCA_963748985.1,CAVVKQ010000019.1,hydA,71,3.572e-15,0.241
FW_TWAS_AS_rep_1,GCA_963748985.1,CAVVKQ010000019.1,fdhA,48,4.906e-8,0.433
FW_TWAS_AS_rep_1,GCA_963748985.1,CAVVKQ010000001.1,mvhD,49,8.119e-8,0.282
FW_TWAS_AS_rep_1,GCA_963748985.1,CAVVKQ010000001.1,lctB,66,1.144e-12,0.254
FW_TWAS_AS_rep_1,GCA_963748985.1,CAVVKQ010000015.1,acs,83,8.236e-19,0.279
FW_TWAS_AS_rep_1,GCA_963748985.1,CAVVKQ010000004.1,acs,834,1.439e-270,0.617
FW_TWAS_AS_rep_1,GCA_963748985.1,CAVVKQ010000014.1,cazy_GH13,74,1.935e-15,0.269
FW_TWAS_AS_rep_1,GCA_963748985.1,CAVVKQ010000022.1,acs,130,3.788e-33,0.267
FW_TWAS_AS_rep_1,GCA_963748985.1,CAVVKQ010000010.1,crt,118,5.255e-29,0.396
FW_TWAS_AS_rep_1,GCA_963748985.1,CAVVKQ010000010.1,dppB,290,9.149e-90,0.508
FW_TWAS_AS_rep_1,GCA_963748985.1,CAVVKQ010000023.1,pfor,42,8.324e-6,0.329
FW_TWAS_AS_rep_1,GCA_963748985.1,CAVVKQ010000005.1,pepQ,55,1.26e-10,0.268
FW_TWAS_AS_rep_1,GCA_963748985.1,CAVVKQ010000011.1,ilvE,82,7.717e-19,0.311
FW_TWAS_AS_rep_1,GCA_963748985.1,CAVVKQ010000001.1,fadA,353,1.867e-108,0.524
FW_TWAS_AS_rep_1,GCA_963748985.1,CAVVKQ010000019.1,frhG,88,8.64e-22,0.327
FW_TWAS_AS_rep_1,GCA_963748985.1,CAVVKQ010000020.1,etfA,64,2.259e-13,0.271
FW_TWAS_AS_rep_1,GCA_963748985.1,CAVVKQ010000026.1,extracellular_protease,69,9.615e-14,0.321
FW_TWAS_AS_rep_1,GCA_963748985.1,CAVVKQ010000010.1,etfA,105,5.103e-25,0.413
FW_TWAS_AS_rep_1,GCA_963748985.1,CAVVKQ010000011.1,pta,235,8.524e-67,0.494
FW_TWAS_AS_rep_1,GCA_963748985.1,CAVVKQ010000010.1,fadD,224,1.03e-63,0.333
FW_TWAS_AS_rep_1,GCA_963748985.1,CAVVKQ010000026.1,pepD,51,6.129e-9,0.26
FW_TWAS_AS_rep_1,GCA_963748985.1,CAVVKQ010000011.1,adhE,54,1.311e-9,0.247
FW_TWAS_AS_rep_1,GCA_963748985.1,CAVVKQ010000016.1,sucC,366,7.558e-115,0.522
FW_TWAS_AS_rep_1,GCA_963748985.1,CAVVKQ010000004.1,fadD,136,1.123e-34,0.284
FW_TWAS_AS_rep_1,GCA_963748985.1,CAVVKQ010000021.1,fadB,82,5.542e-19,0.381
FW_TWAS_AS_rep_1,GCA_963748985.1,CAVVKQ010000001.1,frhG,42,8.886e-6,0.363
FW_TWAS_AS_rep_1,GCA_963748985.1,CAVVKQ010000001.1,adhE,128,2.122e-33,0.277
FW_TWAS_AS_rep_1,GCA_963748985.1,CAVVKQ010000020.1,fadE,264,1.661e-79,0.456
FW_TWAS_AS_rep_1,GCA_963748985.1,CAVVKQ010000008.1,dtpT,47,3.918e-7,0.294
FW_TWAS_AS_rep_1,GCA_963748985.1,CAVVKQ010000001.1,pyk,140,6.147e-36,0.42
FW_TWAS_AS_rep_1,GCA_963748985.1,CAVVKQ010000008.1,adhE,56,3.24e-10,0.231
FW_TWAS_AS_rep_1,GCA_963748985.1,CAVVKQ010000002.1,crt,156,2.458e-43,0.379
FW_TWAS_AS_rep_1,GCA_963748985.1,CAVVKQ010000019.1,mvhA,420,2.64e-131,0.431
FW_TWAS_AS_rep_1,GCA_963748985.1,CAVVKQ010000005.1,pgi,559,2.311e-178,0.549
FW_TWAS_AS_rep_1,GCA_963748985.1,CAVVKQ010000014.1,agl,76,1.372e-16,0.239
FW_TWAS_AS_rep_1,GCA_963748985.1,CAVVKQ010000012.1,adhE,198,8.382e-57,0.39
FW_TWAS_AS_rep_1,GCA_963748985.1,CAVVKQ010000011.1,aldh,55,5.688e-10,0.241
FW_TWAS_AS_rep_1,GCA_963748985.1,CAVVKQ010000022.1,fadD,130,6.706e-33,0.281
FW_TWAS_AS_rep_1,GCA_963748985.1,CAVVKQ010000002.1,frhB,42,3.59e-6,0.423
FW_TWAS_AS_rep_1,GCA_963748985.1,CAVVKQ010000015.1,eda,193,4.436e-58,0.549
FW_TWAS_AS_rep_1,GCA_963748985.1,CAVVKQ010000012.1,acs,168,1.419e-45,0.28
FW_TWAS_AS_rep_1,GCA_963748985.1,CAVVKQ010000003.1,sucC,366,7.558e-115,0.525
FW_TWAS_AS_rep_1,GCA_963748985.1,CAVVKQ010000013.1,fadE,134,6.929e-34,0.32
FW_TWAS_AS_rep_1,GCA_963748985.1,CAVVKQ010000001.1,acylglycerol_lipase,226,2.468e-68,0.442
FW_TWAS_AS_rep_1,GCA_963748985.1,CAVVKQ010000013.1,gdh,1536,0.0,0.527
FW_TWAS_AS_rep_1,GCA_963748985.1,CAVVKQ010000013.1,fadD,74,1.037e-15,0.252
FW_TWAS_AS_rep_1,GCA_963748985.1,CAVVKQ010000023.1,frhB,49,1.694e-8,0.367
FW_TWAS_AS_rep_1,GCA_963748985.1,CAVVKQ010000015.1,mdh,182,4.009e-52,0.43
FW_TWAS_AS_rep_1,GCA_963748985.1,CAVVKQ010000003.1,fadD,198,1.342e-54,0.336
FW_TWAS_AS_rep_1,GCA_963748985.1,CAVVKQ010000011.1,fumB,258,9.886e-76,0.373
FW_TWAS_AS_rep_1,GCA_963748985.1,CAVVKQ010000008.1,thl,214,6.394e-62,0.376
FW_TWAS_AS_rep_1,GCA_963748985.1,CAVVKQ010000011.1,pepQ,169,2.659e-46,0.327
FW_TWAS_AS_rep_1,GCA_963748985.1,CAVVKQ010000003.1,acs,110,1.147e-26,0.261
FW_TWAS_AS_rep_1,GCA_963748985.1,CAVVKQ010000020.1,hbd,119,5.644e-30,0.367
FW_TWAS_AS_rep_1,GCA_963748985.1,CAVVKQ010000027.1,pepA,282,2.331e-84,0.425
FW_TWAS_AS_rep_1,GCA_963748985.1,CAVVKQ010000001.1,thl,269,1.307e-79,0.443
FW_TWAS_AS_rep_1,GCA_963748985.1,CAVVKQ010000015.1,edd,794,2.498e-258,0.671
FW_TWAS_AS_rep_1,GCA_963748985.1,CAVVKQ010000015.1,cazy_GH13,136,6.672e-35,0.335
FW_TWAS_AS_rep_1,GCA_963748985.1,CAVVKQ010000004.1,pepO,768,1.58e-246,0.559
FW_TWAS_AS_rep_1,GCA_963748985.1,CAVVKQ010000016.1,sucD,396,9.474e-126,0.666
FW_TWAS_AS_rep_1,GCA_963748985.1,CAVVKQ010000001.1,fadE,335,6.089e-104,0.454
FW_TWAS_AS_rep_1,GCA_963748985.1,CAVVKQ010000006.1,rnfB,46,1.025e-7,0.367
FW_TWAS_AS_rep_1,GCA_963748985.1,CAVVKQ010000013.1,thl,374,1.036e-116,0.563
FW_TWAS_AS_rep_1,GCA_963748985.1,CAVVKQ010000010.1,dppC,241,5.095e-73,0.459
FW_TWAS_AS_rep_1,GCA_963748985.1,CAVVKQ010000026.1,bcd,212,1.586e-61,0.343
FW_TWAS_AS_rep_1,GCA_963748985.1,CAVVKQ010000011.1,fadE,93,1.763e-21,0.276
FW_TWAS_AS_rep_1,GCA_963748985.1,CAVVKQ010000015.1,glcP,191,6.304e-54,0.346
FW_TWAS_AS_rep_1,GCA_963748985.1,CAVVKQ010000001.1,lysophospholipase,78,6.171e-18,0.285
FW_TWAS_AS_rep_1,GCA_963748985.1,CAVVKQ010000003.1,hbd,215,1.982e-59,0.435
FW_TWAS_AS_rep_1,GCA_963748985.1,CAVVKQ010000013.1,adh,58,1.971e-11,0.293
FW_TWAS_AS_rep_1,GCA_963748985.1,CAVVKQ010000010.1,oppB,309,2.609e-96,0.545
FW_TWAS_AS_rep_1,GCA_963748985.1,CAVVKQ010000024.1,hydA,84,1.564e-18,0.286
FW_TWAS_AS_rep_1,GCA_963748985.1,CAVVKQ010000022.1,bcd,145,1.265e-37,0.327
FW_TWAS_AS_rep_1,GCA_963748985.1,CAVVKQ010000024.1,frhG,42,3.604e-6,0.258
FW_TWAS_AS_rep_1,GCA_963748985.1,CAVVKQ010000002.1,etfA,101,5.561e-25,0.33
FW_TWAS_AS_rep_1,GCA_963748985.1,CAVVKQ010000013.1,bcd,107,1.323e-25,0.268
FW_TWAS_AS_rep_1,GCA_963748985.1,CAVVKQ010000012.1,mvhA,109,2.305e-26,0.231
FW_TWAS_AS_rep_1,GCA_963748985.1,CAVVKQ010000020.1,crt,121,1.322e-32,0.324
FW_TWAS_AS_rep_1,GCA_963748985.1,CAVVKQ010000026.1,crt,50,5.049e-9,0.417
FW_TWAS_AS_rep_1,GCA_963748985.1,CAVVKQ010000010.1,frhG,47,1.39e-8,0.333
FW_TWAS_AS_rep_1,GCA_963748985.1,CAVVKQ010000025.1,dtpT,421,2.006e-131,0.483
FW_TWAS_AS_rep_1,GCA_963748985.1,CAVVKQ010000012.1,fadD,204,1.842e-57,0.318
FW_TWAS_AS_rep_1,GCA_963748985.1,CAVVKQ010000012.1,fdhA,46,2.493e-7,0.305
FW_TWAS_AS_rep_1,GCA_963748985.1,CAVVKQ010000021.1,crt,125,4.869e-33,0.37
FW_TWAS_AS_rep_1,GCA_963748985.1,CAVVKQ010000023.1,pepA,229,9.547e-66,0.367
FW_TWAS_AS_rep_1,GCA_963748985.1,CAVVKQ010000003.1,etfA,82,1.738e-19,0.285
FW_TWAS_AS_rep_1,GCA_963748985.1,CAVVKQ010000012.1,fadE,385,3.656e-120,0.524
FW_TWAS_AS_rep_1,GCA_963748985.1,CAVVKQ010000026.1,fadE,175,4.309e-49,0.336
FW_TWAS_AS_rep_1,GCA_963748985.1,CAVVKQ010000001.1,hbd,202,4.603e-55,0.409
FW_TWAS_AS_rep_1,GCA_963748985.1,CAVVKQ010000015.1,pfkA,46,1.554e-7,0.271
FW_TWAS_AS_rep_1,GCA_963748985.1,CAVVKQ010000012.1,hydA,93,1.134e-21,0.297
FW_TWAS_AS_rep_1,GCA_963748985.1,CAVVKQ010000023.1,rnfB,182,1.19e-51,0.592
FW_TWAS_AS_rep_1,GCA_963748985.1,CAVVKQ010000020.1,pyk,354,2.587e-108,0.436
FW_TWAS_AS_rep_1,GCA_963748985.1,CAVVKQ010000015.1,fadD,133,6.627e-35,0.456
FW_TWAS_AS_rep_1,GCA_963748985.1,CAVVKQ010000001.1,acs,156,3.138e-41,0.295
FW_TWAS_AS_rep_1,GCF_049943315.1,NZ_JBNFVP010000013.1,frhG,42,5.735e-7,0.377
FW_TWAS_AS_rep_1,GCF_049943315.1,NZ_JBNFVP010000023.1,cazy_GH13,170,3.788e-46,0.357
FW_TWAS_AS_rep_1,GCF_049943315.1,NZ_JBNFVP010000008.1,aldh,66,2.165e-13,0.226
FW_TWAS_AS_rep_1,GCF_049943315.1,NZ_JBNFVP010000009.1,thl,312,1.172e-95,0.451
FW_TWAS_AS_rep_1,GCF_049943315.1,NZ_JBNFVP010000001.1,dtpT,271,4.565e-80,0.369
FW_TWAS_AS_rep_1,GCF_049943315.1,NZ_JBNFVP010000007.1,pyk,460,7.319e-145,0.552
FW_TWAS_AS_rep_1,GCF_049943315.1,NZ_JBNFVP010000008.1,adhE,73,1.407e-15,0.25
FW_TWAS_AS_rep_1,GCF_049943315.1,NZ_JBNFVP010000009.1,pepQ,67,1.465e-14,0.299
FW_TWAS_AS_rep_1,GCF_049943315.1,NZ_JBNFVP010000028.1,adhE,85,4.19e-19,0.259
FW_TWAS_AS_rep_1,GCF_049943315.1,NZ_JBNFVP010000004.1,hydA,46,6.335e-7,0.358
FW_TWAS_AS_rep_1,GCF_049943315.1,NZ_JBNFVP010000003.1,ptsG,267,1.326e-78,0.346
FW_TWAS_AS_rep_1,GCF_049943315.1,NZ_JBNFVP010000014.1,cazy_GH43,121,1.943e-30,0.3
FW_TWAS_AS_rep_1,GCF_049943315.1,NZ_JBNFVP010000007.1,adhE,1095,0.0,0.648
FW_TWAS_AS_rep_1,GCF_049943315.1,NZ_JBNFVP010000006.1,acs,101,9.923e-24,0.25
FW_TWAS_AS_rep_1,GCF_049943315.1,NZ_JBNFVP010000023.1,glcP,53,2.042e-9,0.293
FW_TWAS_AS_rep_1,GCF_049943315.1,NZ_JBNFVP010000004.1,frhB,46,6.437e-8,0.383
FW_TWAS_AS_rep_1,GCF_049943315.1,NZ_JBNFVP010000004.1,fadB,421,2.447e-128,0.371
FW_TWAS_AS_rep_1,GCF_049943315.1,NZ_JBNFVP010000002.1,xylF,105,1.542e-26,0.307
FW_TWAS_AS_rep_1,GCF_049943315.1,NZ_JBNFVP010000006.1,dtpT,360,1.969e-110,0.419
FW_TWAS_AS_rep_1,GCF_049943315.1,NZ_JBNFVP010000001.1,rnfB,42,1.064e-6,0.309
FW_TWAS_AS_rep_1,GCF_049943315.1,NZ_JBNFVP010000005.1,cazy_GH13,174,2.58e-47,0.369
FW_TWAS_AS_rep_1,GCF_049943315.1,NZ_JBNFVP010000018.1,fadD,254,1.325e-73,0.362
FW_TWAS_AS_rep_1,GCF_049943315.1,NZ_JBNFVP010000001.1,acs,94,3.667e-21,0.245
FW_TWAS_AS_rep_1,GCF_049943315.1,NZ_JBNFVP010000011.1,frhG,41,1.729e-6,0.304
FW_TWAS_AS_rep_1,GCF_049943315.1,NZ_JBNFVP010000007.1,oppA,455,1.203e-142,0.478
FW_TWAS_AS_rep_1,GCF_049943315.1,NZ_JBNFVP010000004.1,fadA,243,8.706e-72,0.402
FW_TWAS_AS_rep_1,GCF_049943315.1,NZ_JBNFVP010000028.1,oppB,196,9.346e-58,0.416
FW_TWAS_AS_rep_1,GCF_049943315.1,NZ_JBNFVP010000002.1,adh,65,1.086e-13,0.265
FW_TWAS_AS_rep_1,GCF_049943315.1,NZ_JBNFVP010000020.1,phospholipase,226,7.316e-68,0.479
FW_TWAS_AS_rep_1,GCF_049943315.1,NZ_JBNFVP010000004.1,aldh,210,3.552e-60,0.362
FW_TWAS_AS_rep_1,GCF_049943315.1,NZ_JBNFVP010000004.1,glcP,204,7.879e-58,0.339
FW_TWAS_AS_rep_1,GCF_049943315.1,NZ_JBNFVP010000010.1,mer,56,1.098e-10,0.245
FW_TWAS_AS_rep_1,GCF_049943315.1,NZ_JBNFVP010000013.1,frhA,101,5.646e-24,0.261
FW_TWAS_AS_rep_1,GCF_049943315.1,NZ_JBNFVP010000003.1,agl,81,7.758e-18,0.252
FW_TWAS_AS_rep_1,GCF_049943315.1,NZ_JBNFVP010000004.1,mvhG,42,1.03e-6,0.323
FW_TWAS_AS_rep_1,GCF_049943315.1,NZ_JBNFVP010000003.1,dppC,422,2.08e-135,0.71
FW_TWAS_AS_rep_1,GCF_049943315.1,NZ_JBNFVP010000005.1,fdhA,444,2.108e-138,0.436
FW_TWAS_AS_rep_1,GCF_049943315.1,NZ_JBNFVP010000002.1,ptsG,68,5.583e-16,0.418
FW_TWAS_AS_rep_1,GCF_049943315.1,NZ_JBNFVP010000012.1,acs,118,2.068e-29,0.264
FW_TWAS_AS_rep_1,GCF_049943315.1,NZ_JBNFVP010000020.1,lysophospholipase,203,3.073e-59,0.433
FW_TWAS_AS_rep_1,GCF_049943315.1,NZ_JBNFVP010000005.1,pfkA,47,1.003e-7,0.274
FW_TWAS_AS_rep_1,GCF_049943315.1,NZ_JBNFVP010000004.1,crt,134,1.026e-35,0.369
FW_TWAS_AS_rep_1,GCF_049943315.1,NZ_JBNFVP010000013.1,ptsG,55,5.015e-10,0.372
FW_TWAS_AS_rep_1,GCF_049943315.1,NZ_JBNFVP010000007.1,fadB,111,1.69e-28,0.301
FW_TWAS_AS_rep_1,GCF_049943315.1,NZ_JBNFVP010000006.1,bgl,214,1.828e-61,0.32
FW_TWAS_AS_rep_1,GCF_049943315.1,NZ_JBNFVP010000007.1,fdhA,551,3.378e-172,0.439
FW_TWAS_AS_rep_1,GCF_049943315.1,NZ_JBNFVP010000003.1,dppB,439,5.683e-140,0.675
FW_TWAS_AS_rep_1,GCF_049943315.1,NZ_JBNFVP010000003.1,xylF,337,3.036e-105,0.546
FW_TWAS_AS_rep_1,GCF_049943315.1,NZ_JBNFVP010000009.1,ptsG,224,3.832e-64,0.322
FW_TWAS_AS_rep_1,GCF_049943315.1,NZ_JBNFVP010000002.1,dppA,48,1.311e-7,0.212
FW_TWAS_AS_rep_1,GCF_049943315.1,NZ_JBNFVP010000006.1,adh,46,1.046e-7,0.324
FW_TWAS_AS_rep_1,GCF_049943315.1,NZ_JBNFVP010000003.1,dtpT,257,2.876e-75,0.333
FW_TWAS_AS_rep_1,GCF_049943315.1,NZ_JBNFVP010000001.1,aldh,85,2.28e-19,0.25
FW_TWAS_AS_rep_1,GCF_049943315.1,NZ_JBNFVP010000011.1,dppA,610,2.485e-196,0.577
FW_TWAS_AS_rep_1,GCF_049943315.1,NZ_JBNFVP010000004.1,endopeptidase,276,1.379e-82,0.4
FW_TWAS_AS_rep_1,GCF_049943315.1,NZ_JBNFVP010000028.1,dppB,248,1.656e-74,0.452
FW_TWAS_AS_rep_1,GCF_049943315.1,NZ_JBNFVP010000004.1,adhE,196,3.287e-56,0.358
FW_TWAS_AS_rep_1,GCF_049943315.1,NZ_JBNFVP010000022.1,pgi,43,2.149e-6,0.272
FW_TWAS_AS_rep_1,GCF_049943315.1,NZ_JBNFVP010000011.1,dtpT,282,5.344e-84,0.356
FW_TWAS_AS_rep_1,GCF_049943315.1,NZ_JBNFVP010000010.1,fumB,90,1.36e-22,0.278
FW_TWAS_AS_rep_1,GCF_049943315.1,NZ_JBNFVP010000010.1,mdh,160,4.695e-45,0.386
FW_TWAS_AS_rep_1,GCF_049943315.1,NZ_JBNFVP010000004.1,ptsG,62,5.417e-12,0.335
FW_TWAS_AS_rep_1,GCF_049943315.1,NZ_JBNFVP010000008.1,fumB,739,1.915e-240,0.655
FW_TWAS_AS_rep_1,GCF_049943315.1,NZ_JBNFVP010000002.1,dtpT,257,1.628e-75,0.372
FW_TWAS_AS_rep_1,GCF_049943315.1,NZ_JBNFVP010000020.1,fadA,363,8.924e-114,0.524
FW_TWAS_AS_rep_1,GCF_049943315.1,NZ_JBNFVP010000002.1,glcP,65,3.786e-13,0.311
FW_TWAS_AS_rep_1,GCF_049943315.1,NZ_JBNFVP010000011.1,oppB,239,9.896e-70,0.426
FW_TWAS_AS_rep_1,GCF_049943315.1,NZ_JBNFVP010000008.1,hbd,267,1.609e-79,0.568
FW_TWAS_AS_rep_1,GCF_049943315.1,NZ_JBNFVP010000020.1,fadB,1037,0.0,0.728
FW_TWAS_AS_rep_1,GCF_049943315.1,NZ_JBNFVP010000018.1,tdcB,314,9.982e-98,0.514
FW_TWAS_AS_rep_1,GCF_049943315.1,NZ_JBNFVP010000005.1,xylF,73,4.131e-16,0.307
FW_TWAS_AS_rep_1,GCF_049943315.1,NZ_JBNFVP010000011.1,dppC,209,1.4e-61,0.428
FW_TWAS_AS_rep_1,GCF_049943315.1,NZ_JBNFVP010000014.1,xylF,260,7.457e-79,0.477
FW_TWAS_AS_rep_1,GCF_049943315.1,NZ_JBNFVP010000011.1,esterase,224,5.605e-64,0.351
FW_TWAS_AS_rep_1,GCF_049943315.1,NZ_JBNFVP010000003.1,eda,113,1.472e-30,0.368
FW_TWAS_AS_rep_1,GCF_049943315.1,NZ_JBNFVP010000003.1,oppA,239,4.561e-69,0.33
FW_TWAS_AS_rep_1,GCF_049943315.1,NZ_JBNFVP010000008.1,cat,214,1.215e-64,0.504
FW_TWAS_AS_rep_1,GCF_049943315.1,NZ_JBNFVP010000012.1,acylglycerol_lipase,50,2.335e-8,0.313
FW_TWAS_AS_rep_1,GCF_049943315.1,NZ_JBNFVP010000023.1,agl,169,6.856e-46,0.324
FW_TWAS_AS_rep_1,GCF_049943315.1,NZ_JBNFVP010000005.1,agl,263,5.642e-77,0.366
FW_TWAS_AS_rep_1,GCF_049943315.1,NZ_JBNFVP010000008.1,hydA,40,6.146e-6,0.361
FW_TWAS_AS_rep_1,GCF_049943315.1,NZ_JBNFVP010000022.1,pepT,258,4.796e-77,0.425
FW_TWAS_AS_rep_1,GCF_049943315.1,NZ_JBNFVP010000002.1,fadE,75,1.104e-15,0.272
FW_TWAS_AS_rep_1,GCF_049943315.1,NZ_JBNFVP010000006.1,aldh,206,9.775e-59,0.356
FW_TWAS_AS_rep_1,GCF_049943315.1,NZ_JBNFVP010000004.1,frhG,46,1.009e-7,0.274
FW_TWAS_AS_rep_1,GCF_049943315.1,NZ_JBNFVP010000002.1,pepQ,65,1.144e-13,0.267
FW_TWAS_AS_rep_1,GCF_049943315.1,NZ_JBNFVP010000001.1,dppC,249,1.183e-75,0.473
FW_TWAS_AS_rep_1,GCF_049943315.1,NZ_JBNFVP010000004.1,pta,214,4.879e-63,0.412
FW_TWAS_AS_rep_1,GCF_049943315.1,NZ_JBNFVP010000003.1,crt,48,4.823e-8,0.396
FW_TWAS_AS_rep_1,GCF_049943315.1,NZ_JBNFVP010000012.1,tdcB,53,7.965e-10,0.27
FW_TWAS_AS_rep_1,GCF_049943315.1,NZ_JBNFVP010000020.1,crt,134,9.391e-34,0.362
FW_TWAS_AS_rep_1,GCF_049943315.1,NZ_JBNFVP010000003.1,glcP,72,2.751e-15,0.336
FW_TWAS_AS_rep_1,GCF_049943315.1,NZ_JBNFVP010000011.1,rnfB,199,2.552e-60,0.595
FW_TWAS_AS_rep_1,GCF_049943315.1,NZ_JBNFVP010000005.1,pgi,713,9.131e-231,0.672
FW_TWAS_AS_rep_1,GCF_049943315.1,NZ_JBNFVP010000004.1,fadD,130,1.23e-33,0.303
FW_TWAS_AS_rep_1,GCF_049943315.1,NZ_JBNFVP010000018.1,ackA,362,5.269e-113,0.482
FW_TWAS_AS_rep_1,GCF_049943315.1,NZ_JBNFVP010000004.1,oppB,181,2.047e-51,0.328
FW_TWAS_AS_rep_1,GCF_049943315.1,NZ_JBNFVP010000005.1,acs,840,1.868e-273,0.612
FW_TWAS_AS_rep_1,GCF_049943315.1,NZ_JBNFVP010000004.1,pepA,258,1.53e-76,0.439
FW_TWAS_AS_rep_1,GCF_049943315.1,NZ_JBNFVP010000004.1,hbd,202,1.836e-55,0.388
FW_TWAS_AS_rep_1,GCF_049943315.1,NZ_JBNFVP010000004.1,pfkA,146,1.834e-40,0.371
FW_TWAS_AS_rep_1,GCF_049943315.1,NZ_JBNFVP010000006.1,thl,404,6.779e-128,0.562
FW_TWAS_AS_rep_1,GCF_049943315.1,NZ_JBNFVP010000008.1,gdh,439,4.666e-139,0.523
FW_TWAS_AS_rep_1,GCF_049943315.1,NZ_JBNFVP010000006.1,pepQ,187,2.98e-52,0.357
FW_TWAS_AS_rep_1,GCF_049943315.1,NZ_JBNFVP010000001.1,gdh,563,1.157e-181,0.639
FW_TWAS_AS_rep_1,GCF_049943315.1,NZ_JBNFVP010000009.1,glcP,212,3.957e-60,0.322
FW_TWAS_AS_rep_1,GCF_049943315.1,NZ_JBNFVP010000001.1,fadD,138,1.24e-35,0.276
FW_TWAS_AS_rep_1,GCF_049943315.1,NZ_JBNFVP010000007.1,fadA,314,1.56e-96,0.51
FW_TWAS_AS_rep_1,GCF_049943315.1,NZ_JBNFVP010000009.1,fadA,284,2.669e-86,0.432
FW_TWAS_AS_rep_1,GCF_049943315.1,NZ_JBNFVP010000001.1,gapA,497,4.452e-161,0.728
FW_TWAS_AS_rep_1,GCF_049943315.1,NZ_JBNFVP010000007.1,aldh,418,4.24e-125,0.501
FW_TWAS_AS_rep_1,GCF_049943315.1,NZ_JBNFVP010000012.1,eda,215,1.61e-65,0.542
FW_TWAS_AS_rep_1,GCF_049943315.1,NZ_JBNFVP010000013.1,frhB,44,1.741e-7,0.356
FW_TWAS_AS_rep_1,GCF_049943315.1,NZ_JBNFVP010000020.1,hbd,195,5.157e-53,0.366
FW_TWAS_AS_rep_1,GCF_049943315.1,NZ_JBNFVP010000004.1,thl,228,2.047e-66,0.363
FW_TWAS_AS_rep_1,GCF_049943315.1,NZ_JBNFVP010000011.1,frhB,45,9.042e-8,0.489
FW_TWAS_AS_rep_1,GCF_049943315.1,NZ_JBNFVP010000006.1,fadD,141,5.473e-36,0.303
FW_TWAS_AS_rep_1,GCF_049943315.1,NZ_JBNFVP010000005.1,cazy_GH43,129,1.039e-32,0.326
FW_TWAS_AS_rep_1,GCF_049943315.1,NZ_JBNFVP010000001.1,sucC,371,2.233e-116,0.512
FW_TWAS_AS_rep_1,GCF_049943315.1,NZ_JBNFVP010000002.1,folD,328,6.365e-103,0.58
FW_TWAS_AS_rep_1,GCF_049943315.1,NZ_JBNFVP010000005.1,pepD,133,1.523e-36,0.382
FW_TWAS_AS_rep_1,GCF_049943315.1,NZ_JBNFVP010000011.1,oppA,201,2.777e-56,0.318
FW_TWAS_AS_rep_1,GCF_049943315.1,NZ_JBNFVP010000006.1,glcP,198,1.38e-55,0.32
FW_TWAS_AS_rep_1,GCF_049943315.1,NZ_JBNFVP010000009.1,adhE,144,6.776e-39,0.287
FW_TWAS_AS_rep_1,GCF_049943315.1,NZ_JBNFVP010000001.1,hydA,40,6.146e-6,0.361
FW_TWAS_AS_rep_1,GCF_049943315.1,NZ_JBNFVP010000018.1,acs,145,1.11e-37,0.293
FW_TWAS_AS_rep_1,GCF_049943315.1,NZ_JBNFVP010000009.1,acs,109,1.661e-26,0.25
FW_TWAS_AS_rep_1,GCF_049943315.1,NZ_JBNFVP010000020.1,pepQ,78,3.618e-17,0.275
FW_TWAS_AS_rep_1,GCF_049943315.1,NZ_JBNFVP010000004.1,oppA,88,5.072e-20,0.23
FW_TWAS_AS_rep_1,GCF_049943315.1,NZ_JBNFVP010000009.1,cat,93,9.636e-22,0.301
FW_TWAS_AS_rep_1,GCF_049943315.1,NZ_JBNFVP010000021.1,acylglycerol_lipase,59,1.167e-11,0.268
FW_TWAS_AS_rep_1,GCF_049943315.1,NZ_JBNFVP010000014.1,glcP,226,2.014e-65,0.327
FW_TWAS_AS_rep_1,GCF_049943315.1,NZ_JBNFVP010000006.1,fadA,327,4.552e-101,0.488
FW_TWAS_AS_rep_1,GCF_049943315.1,NZ_JBNFVP010000003.1,hydA,48,1.332e-8,0.349
FW_TWAS_AS_rep_1,GCF_049943315.1,NZ_JBNFVP010000001.1,oppB,261,8.675e-80,0.503
FW_TWAS_AS_rep_1,GCF_049943315.1,NZ_JBNFVP010000010.1,endopeptidase,188,2.126e-54,0.395
FW_TWAS_AS_rep_1,GCF_049943315.1,NZ_JBNFVP010000004.1,etfA,119,2.576e-29,0.386
FW_TWAS_AS_rep_1,GCF_049943315.1,NZ_JBNFVP010000020.1,acylglycerol_lipase,66,9.364e-14,0.263
FW_TWAS_AS_rep_1,GCF_049943315.1,NZ_JBNFVP010000008.1,pfor,1402,0.0,0.606
FW_TWAS_AS_rep_1,GCF_049943315.1,NZ_JBNFVP010000006.1,gapA,255,3.471e-77,0.391
FW_TWAS_AS_rep_1,GCF_049943315.1,NZ_JBNFVP010000007.1,dppC,239,4.181e-72,0.45
FW_TWAS_AS_rep_1,GCF_049943315.1,NZ_JBNFVP010000013.1,bgl,256,2.351e-75,0.329
FW_TWAS_AS_rep_1,GCF_049943315.1,NZ_JBNFVP010000009.1,fadD,139,5.429e-36,0.296
FW_TWAS_AS_rep_1,GCF_049943315.1,NZ_JBNFVP010000003.1,fdhA,113,2.15e-27,0.232
FW_TWAS_AS_rep_1,GCF_049943315.1,NZ_JBNFVP010000002.1,pepD,511,9.125e-163,0.532
FW_TWAS_AS_rep_1,GCF_049943315.1,NZ_JBNFVP010000012.1,susC,44,2.62e-6,0.318
FW_TWAS_AS_rep_1,GCF_049943315.1,NZ_JBNFVP010000020.1,edd,229,6.31e-65,0.324
FW_TWAS_AS_rep_1,GCF_049943315.1,NZ_JBNFVP010000001.1,oppA,430,5.193e-134,0.455
FW_TWAS_AS_rep_1,GCF_049943315.1,NZ_JBNFVP010000007.1,dppA,300,1.49e-89,0.36
FW_TWAS_AS_rep_1,GCF_049943315.1,NZ_JBNFVP010000008.1,gapA,314,1.826e-97,0.505
FW_TWAS_AS_rep_1,GCF_049943315.1,NZ_JBNFVP010000001.1,dppA,432,1.312e-134,0.412
FW_TWAS_AS_rep_1,GCF_049943315.1,NZ_JBNFVP010000017.1,adhE,215,2.055e-62,0.373
FW_TWAS_AS_rep_1,GCF_049943315.1,NZ_JBNFVP010000002.1,pfkA,57,5.203e-11,0.259
FW_TWAS_AS_rep_1,GCF_049943315.1,NZ_JBNFVP010000013.1,hydA,50,2.262e-9,0.363
FW_TWAS_AS_rep_1,GCF_049943315.1,NZ_JBNFVP010000009.1,mdh,164,1.42e-46,0.342
FW_TWAS_AS_rep_1,GCF_049943315.1,NZ_JBNFVP010000007.1,oppB,312,3.415e-97,0.53
FW_TWAS_AS_rep_1,GCF_049943315.1,NZ_JBNFVP010000001.1,adh,67,3.666e-14,0.241
FW_TWAS_AS_rep_1,GCF_049943315.1,NZ_JBNFVP010000011.1,adhE,50,1.987e-8,0.242
FW_TWAS_AS_rep_1,GCF_049943315.1,NZ_JBNFVP010000002.1,bcd,104,1.068e-24,0.288
FW_TWAS_AS_rep_1,GCF_049943315.1,NZ_JBNFVP010000020.1,thl,282,9.022e-86,0.458
FW_TWAS_AS_rep_1,GCF_049943315.1,NZ_JBNFVP010000012.1,fadD,132,4.733e-34,0.303
FW_TWAS_AS_rep_1,GCF_049943315.1,NZ_JBNFVP010000001.1,adhE,91,4.377e-21,0.276
FW_TWAS_AS_rep_1,GCF_049943315.1,NZ_JBNFVP010000007.1,thl,390,6.193e-123,0.583
FW_TWAS_AS_rep_1,GCF_049943315.1,NZ_JBNFVP010000008.1,ptsG,328,2.947e-99,0.404
FW_TWAS_AS_rep_1,GCF_049943315.1,NZ_JBNFVP010000006.1,adhE,263,1.934e-78,0.431
FW_TWAS_AS_rep_1,GCF_049943315.1,NZ_JBNFVP010000004.1,dppC,130,1.682e-34,0.349
FW_TWAS_AS_rep_1,GCF_049943315.1,NZ_JBNFVP010000005.1,pepA,349,7.058e-107,0.438
FW_TWAS_AS_rep_1,GCF_049943315.1,NZ_JBNFVP010000005.1,xylA,501,1.978e-160,0.538
FW_TWAS_AS_rep_1,GCF_049943315.1,NZ_JBNFVP010000017.1,rnfB,41,4.268e-6,0.313
FW_TWAS_AS_rep_1,GCF_049943315.1,NZ_JBNFVP010000005.1,glcP,43,3.002e-6,0.224
FW_TWAS_AS_rep_1,GCF_049943315.1,NZ_JBNFVP010000003.1,xylA,510,9.463e-163,0.551
FW_TWAS_AS_rep_1,GCF_049943315.1,NZ_JBNFVP010000001.1,dppB,286,4.312e-88,0.459
FW_TWAS_AS_rep_1,GCF_049943315.1,NZ_JBNFVP010000006.1,mer,82,1.421e-18,0.272
FW_TWAS_AS_rep_1,GCF_049943315.1,NZ_JBNFVP010000003.1,oppB,248,1.682e-75,0.468
FW_TWAS_AS_rep_1,GCF_049943315.1,NZ_JBNFVP010000028.1,dppA,148,5.844e-39,0.28
FW_TWAS_AS_rep_1,GCF_049943315.1,NZ_JBNFVP010000012.1,pyk,366,1.599e-112,0.471
FW_TWAS_AS_rep_1,GCF_049943315.1,NZ_JBNFVP010000007.1,hbd,165,2.045e-46,0.395
FW_TWAS_AS_rep_1,GCF_049943315.1,NZ_JBNFVP010000006.1,ackA,415,3.495e-131,0.562
FW_TWAS_AS_rep_1,GCF_049943315.1,NZ_JBNFVP010000004.1,ackA,370,7.57e-116,0.498
FW_TWAS_AS_rep_1,GCF_049943315.1,NZ_JBNFVP010000004.1,fdhA,77,2.399e-16,0.233
FW_TWAS_AS_rep_1,GCF_049943315.1,NZ_JBNFVP010000011.1,fdhA,302,3.491e-87,0.323
FW_TWAS_AS_rep_1,GCF_049943315.1,NZ_JBNFVP010000007.1,cat,261,4.862e-81,0.599
FW_TWAS_AS_rep_1,GCF_049943315.1,NZ_JBNFVP010000010.1,adhE,227,8.912e-67,0.375
FW_TWAS_AS_rep_1,GCF_049943315.1,NZ_JBNFVP010000008.1,fadB,158,9.888e-43,0.3
FW_TWAS_AS_rep_1,GCF_049943315.1,NZ_JBNFVP010000003.1,adhE,117,8.675e-30,0.338
FW_TWAS_AS_rep_1,GCF_049943315.1,NZ_JBNFVP010000020.1,etfA,114,8.207e-28,0.401
FW_TWAS_AS_rep_1,GCF_049943315.1,NZ_JBNFVP010000001.1,sucD,373,1.527e-118,0.659
FW_TWAS_AS_rep_1,GCF_049943315.1,NZ_JBNFVP010000022.1,fadD,184,1.953e-50,0.296
FW_TWAS_AS_rep_1,GCF_049943315.1,NZ_JBNFVP010000008.1,fdhA,182,1.138e-48,0.274
FW_TWAS_AS_rep_1,GCF_049943315.1,NZ_JBNFVP010000008.1,etfA,103,2.152e-26,0.323
FW_TWAS_AS_rep_1,GCF_049943315.1,NZ_JBNFVP010000003.1,cazy_GH13,96,2.677e-22,0.293
FW_TWAS_AS_rep_1,GCF_049943315.1,NZ_JBNFVP010000014.1,tdcB,78,3.918e-17,0.267
FW_TWAS_AS_rep_1,GCF_049943315.1,NZ_JBNFVP010000002.1,cazy_GH43,107,3.276e-27,0.298
FW_TWAS_AS_rep_1,GCF_049943315.1,NZ_JBNFVP010000007.1,pfkA,259,2.816e-79,0.47
FW_TWAS_AS_rep_1,GCF_049943315.1,NZ_JBNFVP010000002.1,cazy_GH13,131,3.163e-33,0.323
FW_TWAS_AS_rep_1,GCF_049943315.1,NZ_JBNFVP010000014.1,adhE,115,2.12e-29,0.271
FW_TWAS_AS_rep_1,GCF_049943315.1,NZ_JBNFVP010000007.1,fadE,68,3.579e-14,0.255
FW_TWAS_AS_rep_1,GCF_049943315.1,NZ_JBNFVP010000004.1,dppB,176,6.092e-50,0.314
FW_TWAS_AS_rep_1,GCF_049943315.1,NZ_JBNFVP010000001.1,pepN,413,6.64e-124,0.411
FW_TWAS_AS_rep_1,GCF_049943315.1,NZ_JBNFVP010000017.1,pfkA,259,1.327e-78,0.458
FW_TWAS_AS_rep_1,GCF_049943315.1,NZ_JBNFVP010000008.1,crt,223,1.547e-67,0.514
FW_TWAS_AS_rep_1,GCF_049943315.1,NZ_JBNFVP010000001.1,bgl,205,2.448e-58,0.298
FW_TWAS_AS_rep_1,GCF_049943315.1,NZ_JBNFVP010000012.1,edd,807,3.87e-263,0.657
FW_TWAS_AS_rep_1,GCF_049943315.1,NZ_JBNFVP010000008.1,fadA,365,7.741e-114,0.537
FW_TWAS_AS_rep_1,GCF_049943315.1,NZ_JBNFVP010000012.1,cazy_GH13,72,2.673e-15,0.252
FW_TWAS_AS_rep_1,GCF_049943315.1,NZ_JBNFVP010000020.1,ilvE,166,5.432e-47,0.354
FW_TWAS_AS_rep_1,GCF_049943315.1,NZ_JBNFVP010000028.1,dppC,238,3.654e-72,0.453
FW_TWAS_AS_rep_1,GCF_049943315.1,NZ_JBNFVP010000004.1,bgl,237,2.973e-69,0.353
FW_TWAS_AS_rep_1,GCF_049943315.1,NZ_JBNFVP010000011.1,bgl,354,6.905e-109,0.404
FW_TWAS_AS_rep_1,GCF_049943315.1,NZ_JBNFVP010000001.1,xylF,91,4.869e-22,0.302
FW_TWAS_AS_rep_1,GCF_049943315.1,NZ_JBNFVP010000011.1,endopeptidase,228,5.523e-64,0.433
FW_TWAS_AS_rep_1,GCF_049943315.1,NZ_JBNFVP010000011.1,pfkA,56,7.637e-11,0.394
FW_TWAS_AS_rep_1,GCF_049943315.1,NZ_JBNFVP010000001.1,fdhA,192,1.348e-51,0.277
FW_TWAS_AS_rep_1,GCF_049943315.1,NZ_JBNFVP010000008.1,thl,342,8.09e-106,0.505
FW_TWAS_AS_rep_1,GCF_049943315.1,NZ_JBNFVP010000002.1,agl,93,1.783e-21,0.264
FW_TWAS_AS_rep_1,GCF_049943315.1,NZ_JBNFVP010000022.1,acs,124,4.422e-31,0.256
FW_TWAS_AS_rep_1,GCF_049943315.1,NZ_JBNFVP010000009.1,pepT,57,6.402e-11,0.279
FW_TWAS_AS_rep_1,GCF_049943315.1,NZ_JBNFVP010000005.1,fadD,136,8.394e-35,0.288
FW_TWAS_AS_rep_1,GCF_049943315.1,NZ_JBNFVP010000003.1,dppA,777,1.145e-253,0.699
FW_TWAS_AS_rep_1,GCF_049943315.1,NZ_JBNFVP010000020.1,tdcB,302,1.056e-90,0.432
FW_TWAS_AS_rep_1,GCF_049943315.1,NZ_JBNFVP010000011.1,mer,64,8.342e-13,0.289
FW_TWAS_AS_rep_1,GCF_049943315.1,NZ_JBNFVP010000007.1,dppB,264,7.661e-81,0.445
FW_TWAS_AS_rep_1,GCF_049943315.1,NZ_JBNFVP010000017.1,fdhA,304,7.936e-88,0.319
FW_TWAS_AS_rep_1,GCF_049943315.1,NZ_JBNFVP010000002.1,oppA,51,1.425e-8,0.215
FW_TWAS_AS_rep_1,GCF_049943315.1,NZ_JBNFVP010000011.1,dppB,230,6.214e-69,0.423
FW_TWAS_AS_rep_1,GCF_049943315.1,NZ_JBNFVP010000001.1,ptsG,516,1.239e-164,0.572
FW_TWAS_AS_rep_1,GCF_049943315.1,NZ_JBNFVP010000008.1,rnfB,42,1.064e-6,0.309
FW_TWAS_AS_rep_1,GCA_044221195.1,JBGAPO010000003.1,fadB,179,5.471e-52,0.366
FW_TWAS_AS_rep_1,GCA_044221195.1,JBGAPO010000002.1,fadA,359,8.171e-112,0.498
FW_TWAS_AS_rep_1,GCA_044221195.1,JBGAPO010000008.1,fadE,204,2.36e-58,0.375
FW_TWAS_AS_rep_1,GCA_044221195.1,JBGAPO010000003.1,pta,166,1.259e-43,0.323
FW_TWAS_AS_rep_1,GCA_044221195.1,JBGAPO010000001.1,pepQ,48,5.643e-8,0.25
FW_TWAS_AS_rep_1,GCA_044221195.1,JBGAPO010000029.1,etfA,79,2.214e-18,0.285
FW_TWAS_AS_rep_1,GCA_044221195.1,JBGAPO010000001.1,acs,761,8.312e-247,0.588
FW_TWAS_AS_rep_1,GCA_044221195.1,JBGAPO010000004.1,acs,143,2.329e-37,0.277
FW_TWAS_AS_rep_1,GCA_044221195.1,JBGAPO010000002.1,fadE,254,8.019e-76,0.423
FW_TWAS_AS_rep_1,GCA_044221195.1,JBGAPO010000010.1,fadB,112,2.044e-29,0.33
FW_TWAS_AS_rep_1,GCA_044221195.1,JBGAPO010000010.1,etfA,140,5.887e-39,0.396
FW_TWAS_AS_rep_1,GCA_044221195.1,JBGAPO010000011.1,extracellular_protease,79,1.525e-17,0.284
FW_TWAS_AS_rep_1,GCA_044221195.1,JBGAPO010000001.1,pepO,638,1.268e-202,0.484
FW_TWAS_AS_rep_1,GCA_044221195.1,JBGAPO010000039.1,pepN,179,1.421e-47,0.321
FW_TWAS_AS_rep_1,GCA_044221195.1,JBGAPO010000018.1,frhA,110,7.013e-27,0.255
FW_TWAS_AS_rep_1,GCA_044221195.1,JBGAPO010000010.1,crt,304,1.377e-95,0.588
FW_TWAS_AS_rep_1,GCA_044221195.1,JBGAPO010000023.1,mvhG,42,2.903e-6,0.264
FW_TWAS_AS_rep_1,GCA_044221195.1,JBGAPO010000006.1,fdhA,189,9.762e-51,0.329
FW_TWAS_AS_rep_1,GCA_044221195.1,JBGAPO010000012.1,gapA,481,1.372e-155,0.694
FW_TWAS_AS_rep_1,GCA_044221195.1,JBGAPO010000019.1,fadE,197,2.152e-56,0.35
FW_TWAS_AS_rep_1,GCA_044221195.1,JBGAPO010000007.1,thl,288,1.118e-87,0.442
FW_TWAS_AS_rep_1,GCA_044221195.1,JBGAPO010000004.1,xylF,44,7.746e-7,0.234
FW_TWAS_AS_rep_1,GCA_044221195.1,JBGAPO010000002.1,acs,138,1.629e-35,0.3
FW_TWAS_AS_rep_1,GCA_044221195.1,JBGAPO010000007.1,fadD,246,1.721e-71,0.348
FW_TWAS_AS_rep_1,GCA_044221195.1,JBGAPO010000022.1,adhE,186,4.064e-53,0.316
FW_TWAS_AS_rep_1,GCA_044221195.1,JBGAPO010000004.1,dtpT,78,4.27e-17,0.23
FW_TWAS_AS_rep_1,GCA_044221195.1,JBGAPO010000007.1,crt,63,4.243e-12,0.304
FW_TWAS_AS_rep_1,GCA_044221195.1,JBGAPO010000032.1,pepN,66,3.161e-13,0.266
FW_TWAS_AS_rep_1,GCA_044221195.1,JBGAPO010000006.1,glcP,200,9.116e-57,0.321
FW_TWAS_AS_rep_1,GCA_044221195.1,JBGAPO010000013.1,susD,108,3.143e-26,0.29
FW_TWAS_AS_rep_1,GCA_044221195.1,JBGAPO010000003.1,susC,44,3.671e-6,0.354
FW_TWAS_AS_rep_1,GCA_044221195.1,JBGAPO010000001.1,fadD,129,1.547e-32,0.264
FW_TWAS_AS_rep_1,GCA_044221195.1,JBGAPO010000010.1,folD,261,3.515e-80,0.491
FW_TWAS_AS_rep_1,GCA_044221195.1,JBGAPO010000020.1,mvhG,117,9.195e-30,0.366
FW_TWAS_AS_rep_1,GCA_044221195.1,JBGAPO010000010.1,mmcG,112,2.787e-31,0.407
FW_TWAS_AS_rep_1,GCA_044221195.1,JBGAPO010000029.1,crt,180,1.537e-52,0.393
FW_TWAS_AS_rep_1,GCA_044221195.1,JBGAPO010000013.1,susC,715,1.879e-224,0.429
FW_TWAS_AS_rep_1,GCA_044221195.1,JBGAPO010000007.1,acs,120,3.263e-30,0.271
FW_TWAS_AS_rep_1,GCA_044221195.1,JBGAPO010000011.1,fadD,168,1.903e-45,0.298
FW_TWAS_AS_rep_1,GCA_044221195.1,JBGAPO010000008.1,bcd,168,2.02e-46,0.323
FW_TWAS_AS_rep_1,GCA_044221195.1,JBGAPO010000030.1,pfkA,260,3.654e-79,0.472
FW_TWAS_AS_rep_1,GCA_044221195.1,JBGAPO010000010.1,pepQ,130,8.622e-34,0.301
FW_TWAS_AS_rep_1,GCA_044221195.1,JBGAPO010000003.1,tdcB,183,4.805e-53,0.369
FW_TWAS_AS_rep_1,GCA_044221195.1,JBGAPO010000007.1,fadE,232,4.713e-66,0.343
FW_TWAS_AS_rep_1,GCA_044221195.1,JBGAPO010000001.1,crt,147,1.145e-40,0.358
FW_TWAS_AS_rep_1,GCA_044221195.1,JBGAPO010000004.1,etfA,201,7.126e-59,0.416
FW_TWAS_AS_rep_1,GCA_044221195.1,JBGAPO010000007.1,tdcB,243,1.679e-73,0.431
FW_TWAS_AS_rep_1,GCA_044221195.1,JBGAPO010000008.1,adh,69,5.967e-15,0.283
FW_TWAS_AS_rep_1,GCA_044221195.1,JBGAPO010000030.1,pgi,677,2.409e-219,0.638
FW_TWAS_AS_rep_1,GCA_044221195.1,JBGAPO010000018.1,frhG,55,2.757e-10,0.283
FW_TWAS_AS_rep_1,GCA_044221195.1,JBGAPO010000022.1,fadE,66,5.675e-13,0.231
FW_TWAS_AS_rep_1,GCA_044221195.1,JBGAPO010000006.1,pfkA,183,5.154e-52,0.353
FW_TWAS_AS_rep_1,GCA_044221195.1,JBGAPO010000024.1,pepN,173,7.458e-47,0.302
FW_TWAS_AS_rep_1,GCA_044221195.1,JBGAPO010000014.1,pepT,62,2.363e-12,0.264
FW_TWAS_AS_rep_1,GCA_044221195.1,JBGAPO010000023.1,frhG,47,7.191e-8,0.274
FW_TWAS_AS_rep_1,GCA_044221195.1,JBGAPO010000001.1,susC,346,1.162e-99,0.274
FW_TWAS_AS_rep_1,GCA_044221195.1,JBGAPO010000032.1,tdcB,243,3.645e-73,0.433
FW_TWAS_AS_rep_1,GCA_044221195.1,JBGAPO010000040.1,sucD,112,3.123e-28,0.457
FW_TWAS_AS_rep_1,GCA_044221195.1,JBGAPO010000021.1,susD,234,1.057e-67,0.378
FW_TWAS_AS_rep_1,GCA_044221195.1,JBGAPO010000007.1,bcd,263,1.833e-76,0.383
FW_TWAS_AS_rep_1,GCA_044221195.1,JBGAPO010000018.1,pepO,554,1.813e-174,0.427
FW_TWAS_AS_rep_1,GCA_044221195.1,JBGAPO010000014.1,pfkA,149,6.947e-40,0.313
FW_TWAS_AS_rep_1,GCA_044221195.1,JBGAPO010000015.1,extracellular_protease,128,2.354e-31,0.334
FW_TWAS_AS_rep_1,GCA_044221195.1,JBGAPO010000001.1,cazy_GH13,49,3.477e-8,0.252
FW_TWAS_AS_rep_1,GCA_044221195.1,JBGAPO010000007.1,pepN,66,3.149e-13,0.257
FW_TWAS_AS_rep_1,GCA_044221195.1,JBGAPO010000003.1,gdh,444,2.278e-140,0.533
FW_TWAS_AS_rep_1,GCA_044221195.1,JBGAPO010000012.1,mmcE,300,2.72e-84,0.368
FW_TWAS_AS_rep_1,GCA_044221195.1,JBGAPO010000019.1,cat,246,2.127e-76,0.576
FW_TWAS_AS_rep_1,GCA_044221195.1,JBGAPO010000040.1,sucC,384,1.113e-120,0.501
FW_TWAS_AS_rep_1,GCA_044221195.1,JBGAPO010000020.1,hydA,76,1.808e-16,0.225
FW_TWAS_AS_rep_1,GCA_044221195.1,JBGAPO010000001.1,ilvE,113,2.363e-29,0.338
FW_TWAS_AS_rep_1,GCA_044221195.1,JBGAPO010000005.1,adh,81,3.876e-19,0.316
FW_TWAS_AS_rep_1,GCA_044221195.1,JBGAPO010000024.1,frhG,53,1.002e-9,0.289
FW_TWAS_AS_rep_1,GCA_044221195.1,JBGAPO010000021.1,bgl,150,1.105e-40,0.282
FW_TWAS_AS_rep_1,GCA_044221195.1,JBGAPO010000016.1,cat,240,1.258e-73,0.53
FW_TWAS_AS_rep_1,GCA_044221195.1,JBGAPO010000011.1,frhA,113,1.288e-27,0.252
FW_TWAS_AS_rep_1,GCA_044221195.1,JBGAPO010000029.1,fadB,95,1.244e-23,0.331
FW_TWAS_AS_rep_1,GCA_044221195.1,JBGAPO010000021.1,hbd,305,9.166e-95,0.531
FW_TWAS_AS_rep_1,GCA_044221195.1,JBGAPO010000018.1,fwdA,44,9.521e-7,0.426
FW_TWAS_AS_rep_1,GCA_044221195.1,JBGAPO010000017.1,pepO,574,1.916e-180,0.449
FW_TWAS_AS_rep_1,GCA_044221195.1,JBGAPO010000005.1,fadE,119,2.059e-29,0.294
FW_TWAS_AS_rep_1,GCA_044221195.1,JBGAPO010000001.1,extracellular_protease,120,4.418e-30,0.392
FW_TWAS_AS_rep_1,GCA_044221195.1,JBGAPO010000025.1,crt,141,3.751e-39,0.385
FW_TWAS_AS_rep_1,GCA_044221195.1,JBGAPO010000035.1,bcd,379,2.225e-119,0.527
FW_TWAS_AS_rep_1,GCA_044221195.1,JBGAPO010000004.1,fadD,213,6.928e-60,0.315
FW_TWAS_AS_rep_1,GCA_044221195.1,JBGAPO010000035.1,fadE,265,5.855e-80,0.423
FW_TWAS_AS_rep_1,GCA_044221195.1,JBGAPO010000007.1,etfA,44,2.42e-6,0.442
FW_TWAS_AS_rep_1,GCA_044221195.1,JBGAPO010000013.1,agl,103,1.767e-24,0.27
FW_TWAS_AS_rep_1,GCA_044221195.1,JBGAPO010000009.1,sucD,342,4.549e-108,0.587
FW_TWAS_AS_rep_1,GCA_044221195.1,JBGAPO010000027.1,susC,74,1.542e-16,0.473
FW_TWAS_AS_rep_1,GCA_044221195.1,JBGAPO010000023.1,pfor,54,7.105e-10,0.305
FW_TWAS_AS_rep_1,GCA_044221195.1,JBGAPO010000007.1,hbd,116,3.258e-28,0.281
FW_TWAS_AS_rep_1,GCA_044221195.1,JBGAPO010000008.1,cazy_GH13,78,6.757e-17,0.294
FW_TWAS_AS_rep_1,GCA_044221195.1,JBGAPO010000013.1,cazy_GH13,136,6.77e-35,0.322
FW_TWAS_AS_rep_1,GCA_044221195.1,JBGAPO010000020.1,frhG,91,3.568e-21,0.35
FW_TWAS_AS_rep_1,GCA_044221195.1,JBGAPO010000010.1,ilvE,269,1.769e-81,0.421
FW_TWAS_AS_rep_1,GCA_044221195.1,JBGAPO010000002.1,bcd,351,1.814e-109,0.488
FW_TWAS_AS_rep_1,GCA_044221195.1,JBGAPO010000018.1,susC,357,3.572e-103,0.284
FW_TWAS_AS_rep_1,GCA_044221195.1,JBGAPO010000001.1,fadB,74,1.602e-16,0.231
FW_TWAS_AS_rep_1,GCA_044221195.1,JBGAPO010000011.1,pepO,570,1.459e-179,0.441
FW_TWAS_AS_rep_1,GCA_044221195.1,JBGAPO010000024.1,pepQ,119,7.182e-30,0.307
FW_TWAS_AS_rep_1,GCA_044221195.1,JBGAPO010000010.1,pepN,141,9.809e-37,0.275
FW_TWAS_AS_rep_1,GCA_044221195.1,JBGAPO010000006.1,crt,146,3.325e-41,0.36
FW_TWAS_AS_rep_1,GCA_044221195.1,JBGAPO010000017.1,pyk,395,3.663e-123,0.48
FW_TWAS_AS_rep_1,GCA_044221195.1,JBGAPO010000008.1,pepQ,129,4.127e-33,0.316
FW_TWAS_AS_rep_1,GCA_044221195.1,JBGAPO010000002.1,thl,325,2.911e-100,0.482
FW_TWAS_AS_rep_1,GCA_044221195.1,JBGAPO010000021.1,fadB,198,5.864e-58,0.421
FW_TWAS_AS_rep_1,GCA_044221195.1,JBGAPO010000025.1,etfA,99,6.8e-25,0.34
FW_TWAS_AS_rep_1,GCA_044221195.1,JBGAPO010000008.1,susC,75,3.224e-17,0.469
FW_TWAS_AS_rep_1,GCA_044221195.1,JBGAPO010000020.1,hbd,97,1.604e-24,0.366
FW_TWAS_AS_rep_1,GCA_044221195.1,JBGAPO010000007.1,fadB,113,3.004e-27,0.301
FW_TWAS_AS_rep_1,GCA_044221195.1,JBGAPO010000013.1,mdh,279,1.221e-85,0.5
FW_TWAS_AS_rep_1,GCA_044221195.1,JBGAPO010000018.1,mvhA,123,1.076e-30,0.25
FW_TWAS_AS_rep_1,GCA_044221195.1,JBGAPO010000020.1,mvhA,459,1.371e-144,0.478
FW_TWAS_AS_rep_1,GCA_044221195.1,JBGAPO010000008.1,pepN,153,1.517e-40,0.285
FW_TWAS_AS_rep_1,GCA_044221195.1,JBGAPO010000011.1,mvhA,126,1.103e-31,0.252
FW_TWAS_AS_rep_1,GCA_044221195.1,JBGAPO010000011.1,fwdA,49,2.469e-8,0.449
FW_TWAS_AS_rep_1,GCA_044221195.1,JBGAPO010000021.1,fadD,285,8.272e-84,0.363
FW_TWAS_AS_rep_1,GCA_044221195.1,JBGAPO010000004.1,etfB,147,1.547e-41,0.372
FW_TWAS_AS_rep_1,GCA_044221195.1,JBGAPO010000001.1,pyk,154,5.553e-41,0.333
FW_TWAS_AS_rep_1,GCA_044221195.1,JBGAPO010000002.1,lysophospholipase,47,4.809e-8,0.256
FW_TWAS_AS_rep_1,GCA_044221195.1,JBGAPO010000005.1,bcd,116,1.469e-28,0.261
FW_TWAS_AS_rep_1,GCA_044221195.1,JBGAPO010000001.1,pepD,51,1.807e-9,0.291
FW_TWAS_AS_rep_1,GCA_044221195.1,JBGAPO010000011.1,acs,143,2.913e-37,0.294
FW_TWAS_AS_rep_1,GCA_044221195.1,JBGAPO010000001.1,edd,200,7.2e-56,0.334
FW_TWAS_AS_rep_1,GCA_044221195.1,JBGAPO010000007.1,adh,61,1.908e-12,0.268
FW_TWAS_AS_rep_1,GCA_044221195.1,JBGAPO010000011.1,susC,361,1.811e-104,0.292
FW_TWAS_AS_rep_1,GCA_044221195.1,JBGAPO010000020.1,frhA,154,5.912e-41,0.278
FW_TWAS_AS_rep_1,GCA_044221195.1,JBGAPO010000019.1,bcd,269,4.91e-81,0.387
FW_TWAS_AS_rep_1,GCA_044221195.1,JBGAPO010000024.1,frhA,113,1.288e-27,0.254
FW_TWAS_AS_rep_1,GCA_044221195.1,JBGAPO010000021.1,acs,78,5.429e-17,0.232
FW_TWAS_AS_rep_1,GCA_044221195.1,JBGAPO010000007.1,fadA,359,5.288e-112,0.512
FW_TWAS_AS_rep_1,GCA_044221195.1,JBGAPO010000005.1,acylglycerol_lipase,49,2.903e-8,0.319
FW_TWAS_AS_rep_1,GCA_044221195.1,JBGAPO010000014.1,mmcE,503,8.925e-157,0.546
FW_TWAS_AS_rep_1,GCA_044221195.1,JBGAPO010000006.1,adhE,52,4.424e-9,0.205
FW_TWAS_AS_rep_1,GCA_044221195.1,JBGAPO010000002.1,fadD,225,4.772e-64,0.323
FW_TWAS_AS_rep_1,GCA_044221195.1,JBGAPO010000011.1,frhG,55,3.686e-10,0.277
FW_TWAS_AS_rep_1,GCA_044221195.1,JBGAPO010000024.1,mvhA,127,4.689e-32,0.255
FW_TWAS_AS_rep_1,GCA_044221195.1,JBGAPO010000003.1,pepQ,180,1.177e-49,0.327
FW_TWAS_AS_rep_1,GCA_044221195.1,JBGAPO010000018.1,acs,151,8.474e-40,0.311
FW_TWAS_AS_rep_1,GCA_044221195.1,JBGAPO010000020.1,fdhA,57,7.672e-11,0.35
FW_TWAS_AS_rep_1,GCA_044221195.1,JBGAPO010000018.1,fadD,166,8.532e-45,0.289
FW_TWAS_AS_rep_1,GCA_044221195.1,JBGAPO010000002.1,tdcB,79,1.543e-17,0.302
FW_TWAS_AS_rep_1,GCA_044221195.1,JBGAPO010000003.1,hbd,243,7.549e-74,0.482
FW_TWAS_AS_rep_1,GCA_044221195.1,JBGAPO010000018.1,extracellular_protease,90,7.762e-21,0.328
FW_TWAS_AS_rep_1,GCA_044221195.1,JBGAPO010000014.1,mmcF,132,1.741e-33,0.536
FW_TWAS_AS_rep_1,GCA_044221195.1,JBGAPO010000004.1,cazy_GH13,165,7.533e-43,0.314
FW_TWAS_AS_rep_1,GCA_044221195.1,JBGAPO010000004.1,agl,182,3.807e-48,0.304
FW_TWAS_AS_rep_1,GCA_044221195.1,JBGAPO010000015.1,xylA,528,1.406e-169,0.562
FW_TWAS_AS_rep_1,GCA_044221195.1,JBGAPO010000004.1,fwdA,48,8.986e-8,0.263
FW_TWAS_AS_rep_1,GCA_044221195.1,JBGAPO010000021.1,adhE,99,4.539e-24,0.285
FW_TWAS_AS_rep_1,GCA_044221195.1,JBGAPO010000016.1,extracellular_protease,144,2.037e-36,0.356
FW_TWAS_AS_rep_1,GCA_044221195.1,JBGAPO010000019.1,susC,114,1.7e-27,0.282
FW_TWAS_AS_rep_1,GCA_044221195.1,JBGAPO010000022.1,bcd,99,3.38e-23,0.27
FW_TWAS_AS_rep_1,GCA_044221195.1,JBGAPO010000021.1,susC,695,4.407e-217,0.41
FW_TWAS_AS_rep_1,GCA_044221195.1,JBGAPO010000022.1,extracellular_protease,87,8.649e-20,0.309
FW_TWAS_AS_rep_1,GCA_044221195.1,JBGAPO010000002.1,acylglycerol_lipase,42,1.975e-6,0.3
FW_TWAS_AS_rep_1,GCA_937869105.1,CALMKZ010000121.1,pepQ,157,2.7e-42,0.309
FW_TWAS_AS_rep_1,GCA_937869105.1,CALMKZ010000051.1,bgl,147,7.921e-40,0.288
FW_TWAS_AS_rep_1,GCA_937869105.1,CALMKZ010000051.1,xylA,518,4.083e-166,0.563
FW_TWAS_AS_rep_1,GCA_937869105.1,CALMKZ010000020.1,crt,289,1.887e-90,0.586
FW_TWAS_AS_rep_1,GCA_937869105.1,CALMKZ010000018.1,mvhG,43,1.056e-6,0.273
FW_TWAS_AS_rep_1,GCA_937869105.1,CALMKZ010000075.1,mvhG,40,5.314e-6,0.464
FW_TWAS_AS_rep_1,GCA_937869105.1,CALMKZ010000080.1,acylglycerol_lipase,42,1.944e-6,0.275
FW_TWAS_AS_rep_1,GCA_937869105.1,CALMKZ010000018.1,frhG,47,6.205e-8,0.274
FW_TWAS_AS_rep_1,GCA_937869105.1,CALMKZ010000069.1,pepN,144,1.455e-37,0.258
FW_TWAS_AS_rep_1,GCA_937869105.1,CALMKZ010000097.1,susC,166,1.98e-48,0.458
FW_TWAS_AS_rep_1,GCA_937869105.1,CALMKZ010000097.1,acs,55,9.461e-10,0.208
FW_TWAS_AS_rep_1,GCA_937869105.1,CALMKZ010000122.1,extracellular_protease,141,1.66e-36,0.377
FW_TWAS_AS_rep_1,GCA_937869105.1,CALMKZ010000075.1,adh,55,1.305e-10,0.32
FW_TWAS_AS_rep_1,GCA_937869105.1,CALMKZ010000020.1,ilvE,265,2.034e-80,0.403
FW_TWAS_AS_rep_1,GCA_937869105.1,CALMKZ010000097.1,pfkA,184,1.351e-52,0.371
FW_TWAS_AS_rep_1,GCA_937869105.1,CALMKZ010000084.1,acs,138,1.082e-35,0.26
FW_TWAS_AS_rep_1,GCA_937869105.1,CALMKZ010000125.1,fadE,216,9.764e-61,0.359
FW_TWAS_AS_rep_1,GCA_937869105.1,CALMKZ010000115.1,bcd,382,1.228e-119,0.535
FW_TWAS_AS_rep_1,GCA_937869105.1,CALMKZ010000032.1,fadD,217,1.546e-61,0.322
FW_TWAS_AS_rep_1,GCA_937869105.1,CALMKZ010000125.1,frhA,128,2.373e-32,0.263
FW_TWAS_AS_rep_1,GCA_937869105.1,CALMKZ010000130.1,mvhA,443,1.075e-139,0.47
FW_TWAS_AS_rep_1,GCA_937869105.1,CALMKZ010000007.1,fadB,111,5.124e-30,0.359
FW_TWAS_AS_rep_1,GCA_937869105.1,CALMKZ010000130.1,frhG,80,5.714e-18,0.347
FW_TWAS_AS_rep_1,GCA_937869105.1,CALMKZ010000032.1,agl,178,6.17e-47,0.303
FW_TWAS_AS_rep_1,GCA_937869105.1,CALMKZ010000075.1,bcd,153,2.017e-41,0.292
FW_TWAS_AS_rep_1,GCA_937869105.1,CALMKZ010000086.1,ackA,364,1.565e-113,0.48
FW_TWAS_AS_rep_1,GCA_937869105.1,CALMKZ010000130.1,hydA,87,4.444e-20,0.25
FW_TWAS_AS_rep_1,GCA_937869105.1,CALMKZ010000061.1,susC,127,8.188e-32,0.239
FW_TWAS_AS_rep_1,GCA_937869105.1,CALMKZ010000099.1,sucD,351,3.009e-111,0.595
FW_TWAS_AS_rep_1,GCA_937869105.1,CALMKZ010000130.1,etfA,87,5.974e-21,0.288
FW_TWAS_AS_rep_1,GCA_937869105.1,CALMKZ010000115.1,mer,48,4.074e-8,0.232
FW_TWAS_AS_rep_1,GCA_937869105.1,CALMKZ010000112.1,pepN,63,3.995e-12,0.264
FW_TWAS_AS_rep_1,GCA_937869105.1,CALMKZ010000125.1,bcd,255,1.314e-73,0.385
FW_TWAS_AS_rep_1,GCA_937869105.1,CALMKZ010000106.1,lctB,64,1.632e-13,0.246
FW_TWAS_AS_rep_1,GCA_937869105.1,CALMKZ010000131.1,mmcF,132,2.945e-33,0.51
FW_TWAS_AS_rep_1,GCA_937869105.1,CALMKZ010000098.1,pepT,72,2.064e-15,0.275
FW_TWAS_AS_rep_1,GCA_937869105.1,CALMKZ010000113.1,thl,407,1.494e-128,0.549
FW_TWAS_AS_rep_1,GCA_937869105.1,CALMKZ010000130.1,fdhA,42,3.088e-6,0.265
FW_TWAS_AS_rep_1,GCA_937869105.1,CALMKZ010000075.1,frhG,43,3.745e-7,0.252
FW_TWAS_AS_rep_1,GCA_937869105.1,CALMKZ010000019.1,adhE,191,9.492e-55,0.339
FW_TWAS_AS_rep_1,GCA_937869105.1,CALMKZ010000084.1,susC,153,9.249e-39,0.42
FW_TWAS_AS_rep_1,GCA_937869105.1,CALMKZ010000097.1,endopeptidase,222,9.449e-65,0.407
FW_TWAS_AS_rep_1,GCA_937869105.1,CALMKZ010000032.1,etfA,195,4.381e-57,0.415
FW_TWAS_AS_rep_1,GCA_937869105.1,CALMKZ010000115.1,hbd,84,1.823e-20,0.401
FW_TWAS_AS_rep_1,GCA_937869105.1,CALMKZ010000058.1,eda,135,1.656e-37,0.376
FW_TWAS_AS_rep_1,GCA_937869105.1,CALMKZ010000074.1,crt,137,7.807e-38,0.37
FW_TWAS_AS_rep_1,GCA_937869105.1,CALMKZ010000131.1,mmcE,495,3.262e-153,0.503
FW_TWAS_AS_rep_1,GCA_937869105.1,CALMKZ010000126.1,susC,573,1.636e-176,0.373
FW_TWAS_AS_rep_1,GCA_937869105.1,CALMKZ010000099.1,susC,303,9.29e-86,0.281
FW_TWAS_AS_rep_1,GCA_937869105.1,CALMKZ010000130.1,adh,78,5.29e-18,0.306
FW_TWAS_AS_rep_1,GCA_937869105.1,CALMKZ010000115.1,fadE,278,6.209e-84,0.441
FW_TWAS_AS_rep_1,GCA_937869105.1,CALMKZ010000125.1,etfA,44,3.198e-6,0.423
FW_TWAS_AS_rep_1,GCA_937869105.1,CALMKZ010000032.1,adh,52,1.022e-9,0.292
FW_TWAS_AS_rep_1,GCA_937869105.1,CALMKZ010000069.1,pepQ,134,5.464e-35,0.308
FW_TWAS_AS_rep_1,GCA_937869105.1,CALMKZ010000125.1,crt,62,9.75e-12,0.258
FW_TWAS_AS_rep_1,GCA_937869105.1,CALMKZ010000129.1,mmcE,299,2.793e-84,0.364
FW_TWAS_AS_rep_1,GCA_937869105.1,CALMKZ010000112.1,tdcB,224,4.261e-67,0.401
FW_TWAS_AS_rep_1,GCA_937869105.1,CALMKZ010000119.1,extracellular_protease,148,4.987e-39,0.411
FW_TWAS_AS_rep_1,GCA_937869105.1,CALMKZ010000130.1,fadE,117,8.928e-29,0.317
FW_TWAS_AS_rep_1,GCA_937869105.1,CALMKZ010000125.1,frhG,53,1.058e-9,0.289
FW_TWAS_AS_rep_1,GCA_937869105.1,CALMKZ010000032.1,acylglycerol_lipase,47,9.505e-8,0.256
FW_TWAS_AS_rep_1,GCA_937869105.1,CALMKZ010000044.1,edd,213,7.648e-60,0.346
FW_TWAS_AS_rep_1,GCA_937869105.1,CALMKZ010000098.1,thl,41,7.035e-6,0.28
FW_TWAS_AS_rep_1,GCA_937869105.1,CALMKZ010000051.1,adhE,96,2.273e-23,0.281
FW_TWAS_AS_rep_1,GCA_937869105.1,CALMKZ010000130.1,frhA,139,1.503e-36,0.257
FW_TWAS_AS_rep_1,GCA_937869105.1,CALMKZ010000058.1,pyk,149,2.131e-39,0.336
FW_TWAS_AS_rep_1,GCA_937869105.1,CALMKZ010000032.1,etfB,144,4.014e-40,0.372
FW_TWAS_AS_rep_1,GCA_937869105.1,CALMKZ010000130.1,mvhG,113,2.844e-28,0.362
FW_TWAS_AS_rep_1,GCA_937869105.1,CALMKZ010000032.1,pepN,55,5.586e-10,0.231
FW_TWAS_AS_rep_1,GCA_937869105.1,CALMKZ010000042.1,susC,543,4.312e-168,0.396
FW_TWAS_AS_rep_1,GCA_937869105.1,CALMKZ010000078.1,fwdA,44,1.867e-7,0.437
FW_TWAS_AS_rep_1,GCA_937869105.1,CALMKZ010000058.1,dtpT,48,6.621e-8,0.311
FW_TWAS_AS_rep_1,GCA_937869105.1,CALMKZ010000098.1,fadD,195,6.377e-54,0.324
FW_TWAS_AS_rep_1,GCA_937869105.1,CALMKZ010000110.1,susC,93,3.099e-21,0.341
FW_TWAS_AS_rep_1,GCA_937869105.1,CALMKZ010000018.1,pepN,161,4.591e-43,0.291
FW_TWAS_AS_rep_1,GCA_937869105.1,CALMKZ010000097.1,pepN,101,3.556e-24,0.22
FW_TWAS_AS_rep_1,GCA_937869105.1,CALMKZ010000112.1,adh,57,2.697e-11,0.254
FW_TWAS_AS_rep_1,GCA_937869105.1,CALMKZ010000020.1,etfA,141,1.539e-39,0.405
FW_TWAS_AS_rep_1,GCA_937869105.1,CALMKZ010000125.1,fadD,237,2.911e-68,0.34
FW_TWAS_AS_rep_1,GCA_937869105.1,CALMKZ010000044.1,ilvE,137,1.469e-37,0.377
FW_TWAS_AS_rep_1,GCA_937869105.1,CALMKZ010000059.1,gdh,441,7.283e-140,0.538
FW_TWAS_AS_rep_1,GCA_937869105.1,CALMKZ010000131.1,glcP,195,5.342e-55,0.312
FW_TWAS_AS_rep_1,GCA_937869105.1,CALMKZ010000020.1,cazy_GH13,102,1.149e-24,0.3
FW_TWAS_AS_rep_1,GCA_937869105.1,CALMKZ010000020.1,fadB,109,1.621e-28,0.348
FW_TWAS_AS_rep_1,GCA_937869105.1,CALMKZ010000045.1,acs,789,2.249e-256,0.61
FW_TWAS_AS_rep_1,GCA_937869105.1,CALMKZ010000032.1,pgi,671,3.373e-217,0.625
FW_TWAS_AS_rep_1,GCA_937869105.1,CALMKZ010000125.1,pepD,46,2.043e-7,0.263
FW_TWAS_AS_rep_1,GCA_937869105.1,CALMKZ010000051.1,susC,573,1.636e-176,0.378
FW_TWAS_AS_rep_1,GCA_937869105.1,CALMKZ010000110.1,bcd,268,9.82e-81,0.4
FW_TWAS_AS_rep_1,GCA_937869105.1,CALMKZ010000130.1,fadB,96,2.96e-24,0.343
FW_TWAS_AS_rep_1,GCA_937869105.1,CALMKZ010000126.1,adhE,61,6.643e-12,0.223
FW_TWAS_AS_rep_1,GCA_937869105.1,CALMKZ010000051.1,fadB,201,4.064e-59,0.418
FW_TWAS_AS_rep_1,GCA_937869105.1,CALMKZ010000097.1,pepT,96,1.239e-22,0.282
FW_TWAS_AS_rep_1,GCA_937869105.1,CALMKZ010000051.1,cazy_GH13,194,1.545e-53,0.366
FW_TWAS_AS_rep_1,GCA_937869105.1,CALMKZ010000098.1,pepD,49,2.836e-8,0.221
FW_TWAS_AS_rep_1,GCA_937869105.1,CALMKZ010000098.1,pyk,392,3.172e-122,0.478
FW_TWAS_AS_rep_1,GCA_937869105.1,CALMKZ010000113.1,gapA,487,1.671e-157,0.695
FW_TWAS_AS_rep_1,GCA_937869105.1,CALMKZ010000115.1,acylglycerol_lipase,56,5.111e-11,0.32
FW_TWAS_AS_rep_1,GCA_937869105.1,CALMKZ010000032.1,cazy_GH13,226,8.533e-65,0.395
FW_TWAS_AS_rep_1,GCA_937869105.1,CALMKZ010000124.1,pta,149,1.331e-38,0.311
FW_TWAS_AS_rep_1,GCA_937869105.1,CALMKZ010000075.1,pepQ,87,4.592e-20,0.331
FW_TWAS_AS_rep_1,GCA_937869105.1,CALMKZ010000126.1,susD,129,8.741e-33,0.289
FW_TWAS_AS_rep_1,GCA_937869105.1,CALMKZ010000084.1,rnfB,90,1.396e-21,0.287
FW_TWAS_AS_rep_1,GCA_937869105.1,CALMKZ010000074.1,etfA,100,3.803e-25,0.319
FW_TWAS_AS_rep_1,GCA_937869105.1,CALMKZ010000007.1,hbd,162,9.789e-48,0.5
FW_TWAS_AS_rep_1,GCA_937869105.1,CALMKZ010000125.1,mvhG,42,4.768e-6,0.229
FW_TWAS_AS_rep_1,GCA_937869105.1,CALMKZ010000002.1,susC,48,1.102e-7,0.246
FW_TWAS_AS_rep_1,GCA_937869105.1,CALMKZ010000125.1,fadB,122,5.071e-30,0.306
FW_TWAS_AS_rep_1,GCA_937869105.1,CALMKZ010000084.1,fadD,235,3.61e-67,0.331
FW_TWAS_AS_rep_1,GCA_937869105.1,CALMKZ010000077.1,ilvE,254,3.346e-76,0.384
FW_TWAS_AS_rep_1,GCA_937869105.1,CALMKZ010000125.1,acs,128,2.201e-32,0.276
FW_TWAS_AS_rep_1,GCA_937869105.1,CALMKZ010000044.1,tdcB,294,2.568e-89,0.435
FW_TWAS_AS_rep_1,GCA_937869105.1,CALMKZ010000097.1,cazy_GH13,51,1.573e-8,0.318
FW_TWAS_AS_rep_1,GCA_937869105.1,CALMKZ010000002.1,fwdA,44,1.835e-6,0.435
FW_TWAS_AS_rep_1,GCA_937869105.1,CALMKZ010000108.1,susC,169,1.427e-49,0.459
FW_TWAS_AS_rep_1,GCA_937869105.1,CALMKZ010000130.1,bcd,117,5.078e-29,0.267
FW_TWAS_AS_rep_1,GCA_937869105.1,CALMKZ010000113.1,tdcB,70,1.041e-14,0.291
FW_TWAS_AS_rep_1,GCA_937869105.1,CALMKZ010000032.1,acs,136,6.974e-35,0.283
FW_TWAS_AS_rep_1,GCA_937869105.1,CALMKZ010000051.1,susD,112,1.184e-27,0.272
FW_TWAS_AS_rep_1,GCA_937869105.1,CALMKZ010000110.1,cat,236,6.042e-72,0.538
FW_TWAS_AS_rep_1,GCA_937869105.1,CALMKZ010000018.1,pepQ,123,3.481e-31,0.304
FW_TWAS_AS_rep_1,GCA_937869105.1,CALMKZ010000113.1,fadA,254,7.748e-76,0.416
FW_TWAS_AS_rep_1,GCA_937869105.1,CALMKZ010000125.1,thl,291,1.257e-88,0.459
FW_TWAS_AS_rep_1,GCA_937869105.1,CALMKZ010000097.1,fadD,262,4.241e-76,0.33
FW_TWAS_AS_rep_1,GCA_937869105.1,CALMKZ010000125.1,hbd,128,7.819e-32,0.295
FW_TWAS_AS_rep_1,GCA_937869105.1,CALMKZ010000125.1,mvhA,142,5.614e-37,0.261
FW_TWAS_AS_rep_1,GCA_937869105.1,CALMKZ010000008.1,susC,87,1.732e-19,0.432
FW_TWAS_AS_rep_1,GCA_937869105.1,CALMKZ010000126.1,pepO,643,3.747e-205,0.481
FW_TWAS_AS_rep_1,GCA_937869105.1,CALMKZ010000080.1,fadA,353,4.982e-110,0.517
FW_TWAS_AS_rep_1,GCA_937869105.1,CALMKZ010000082.1,aldh,52,4.848e-9,0.267
FW_TWAS_AS_rep_1,GCA_937869105.1,CALMKZ010000069.1,mmcG,111,8.124e-31,0.436
FW_TWAS_AS_rep_1,GCA_937869105.1,CALMKZ010000129.1,mdh,288,3.211e-89,0.505
FW_TWAS_AS_rep_1,GCA_937869105.1,CALMKZ010000069.1,folD,265,1.466e-81,0.494
FW_TWAS_AS_rep_1,GCA_937869105.1,CALMKZ010000028.1,lysophospholipase,69,4.536e-15,0.271
FW_TWAS_AS_rep_1,GCA_937869105.1,CALMKZ010000020.1,adh,74,1.156e-16,0.331
FW_TWAS_AS_rep_1,GCA_937869105.1,CALMKZ010000110.1,fadE,194,1.446e-55,0.356
FW_TWAS_AS_rep_1,GCA_937869105.1,CALMKZ010000084.1,pfor,1135,0.0,0.515
FW_TWAS_AS_rep_1,GCA_937869105.1,CALMKZ010000051.1,hbd,307,1.021e-95,0.544
FW_TWAS_AS_rep_1,GCA_937869105.1,CALMKZ010000130.1,crt,174,8.804e-51,0.41
FW_TWAS_AS_rep_1,GCA_937869105.1,CALMKZ010000020.1,agl,78,3.019e-17,0.273
FW_TWAS_AS_rep_1,GCA_937869105.1,CALMKZ010000075.1,fadE,190,7.6e-54,0.366
FW_TWAS_AS_rep_1,GCA_937869105.1,CALMKZ010000097.1,crt,136,1.628e-37,0.342
FW_TWAS_AS_rep_1,GCA_937869105.1,CALMKZ010000032.1,pfkA,271,1.437e-82,0.495
FW_TWAS_AS_rep_1,GCA_937869105.1,CALMKZ010000051.1,dtpT,391,2.806e-121,0.444
FW_TWAS_AS_rep_1,GCA_937869105.1,CALMKZ010000113.1,susC,70,2.435e-14,0.386
FW_TWAS_AS_rep_1,GCA_937869105.1,CALMKZ010000045.1,fadD,123,8.073e-31,0.26
FW_TWAS_AS_rep_1,GCA_937869105.1,CALMKZ010000080.1,thl,339,3.93e-105,0.492
FW_TWAS_AS_rep_1,GCA_937869105.1,CALMKZ010000071.1,susC,220,9.053e-60,0.25
FW_TWAS_AS_rep_1,GCA_937869105.1,CALMKZ010000051.1,agl,241,3.248e-69,0.353
FW_TWAS_AS_rep_1,GCA_937869105.1,CALMKZ010000086.1,pta,222,4.566e-62,0.411
FW_TWAS_AS_rep_1,GCA_937869105.1,CALMKZ010000125.1,fadA,360,2.065e-112,0.527
FW_TWAS_AS_rep_1,GCA_937869105.1,CALMKZ010000098.1,acs,153,1.849e-40,0.286
FW_TWAS_AS_rep_1,GCA_937869105.1,CALMKZ010000089.1,lipase,44,1.064e-6,0.336
FW_TWAS_AS_rep_1,GCA_937869105.1,CALMKZ010000022.1,cazy_GH43,119,4.649e-31,0.346
FW_TWAS_AS_rep_1,GCA_036839835.1,DAITDP010000020.1,folD,186,1.354e-54,0.389
FW_TWAS_AS_rep_1,GCA_036839835.1,DAITDP010000001.1,oppA,103,1.508e-24,0.257
FW_TWAS_AS_rep_1,GCA_036839835.1,DAITDP010000006.1,gapA,308,2.459e-95,0.47
FW_TWAS_AS_rep_1,GCA_036839835.1,DAITDP010000013.1,pepQ,81,5.029e-19,0.321
FW_TWAS_AS_rep_1,GCA_036839835.1,DAITDP010000001.1,pyk,308,2.843e-93,0.399
FW_TWAS_AS_rep_1,GCA_036839835.1,DAITDP010000001.1,glcP,47,1.582e-7,0.258
FW_TWAS_AS_rep_1,GCA_036839835.1,DAITDP010000003.1,crt,40,7.342e-6,0.337
FW_TWAS_AS_rep_1,GCA_036839835.1,DAITDP010000001.1,dppA,108,2.934e-26,0.25
FW_TWAS_AS_rep_1,GCA_036839835.1,DAITDP010000001.1,pepQ,106,3.232e-26,0.298
FW_TWAS_AS_rep_1,GCA_036839835.1,DAITDP010000002.1,bgl,180,1.262e-50,0.322
FW_TWAS_AS_rep_1,GCA_036839835.1,DAITDP010000005.1,pepD,46,8.462e-8,0.283
FW_TWAS_AS_rep_1,GCA_036839835.1,DAITDP010000014.1,pepN,198,4.421e-56,0.333
FW_TWAS_AS_rep_1,GCA_963709485.1,CAVPWE010000001.1,hydA,43,4.226e-8,0.376
FW_TWAS_AS_rep_1,GCA_963709485.1,CAVPWE010000001.1,pfor,165,1.526e-45,0.331
FW_TWAS_AS_rep_1,GCA_963709485.1,CAVPWE010000007.1,rnfB,50,1.066e-8,0.306
FW_TWAS_AS_rep_1,GCA_963709485.1,CAVPWE010000006.1,etfA,169,1.628e-48,0.401
FW_TWAS_AS_rep_1,GCA_963709485.1,CAVPWE010000007.1,oppA,187,2.942e-50,0.302
FW_TWAS_AS_rep_1,GCA_963709485.1,CAVPWE010000001.1,ackA,491,4.279e-151,0.467
FW_TWAS_AS_rep_1,GCA_963709485.1,CAVPWE010000001.1,etfA,158,6.912e-43,0.376
FW_TWAS_AS_rep_1,GCA_963709485.1,CAVPWE010000007.1,adhE,205,4.142e-59,0.364
FW_TWAS_AS_rep_1,GCA_963709485.1,CAVPWE010000005.1,thl,287,2.365e-87,0.427
FW_TWAS_AS_rep_1,GCA_963709485.1,CAVPWE010000006.1,grdB,50,1.929e-9,0.271
FW_TWAS_AS_rep_1,GCA_963709485.1,CAVPWE010000005.1,frhG,44,6.924e-9,0.38
FW_TWAS_AS_rep_1,GCA_963709485.1,CAVPWE010000003.1,mmcE,557,6.515e-177,0.536
FW_TWAS_AS_rep_1,GCA_963709485.1,CAVPWE010000006.1,pfkA,153,6.057e-41,0.348
FW_TWAS_AS_rep_1,GCA_963709485.1,CAVPWE010000001.1,acylglycerol_lipase,196,1.232e-57,0.396
FW_TWAS_AS_rep_1,GCA_963709485.1,CAVPWE010000006.1,fadB,195,3.538e-57,0.405
FW_TWAS_AS_rep_1,GCA_963709485.1,CAVPWE010000006.1,crt,228,9.626e-69,0.494
FW_TWAS_AS_rep_1,GCA_963709485.1,CAVPWE010000007.1,bcd,383,6.626e-119,0.514
FW_TWAS_AS_rep_1,GCA_963709485.1,CAVPWE010000003.1,crt,153,9.913e-43,0.367
FW_TWAS_AS_rep_1,GCA_963709485.1,CAVPWE010000007.1,hbd,187,1.637e-50,0.376
FW_TWAS_AS_rep_1,GCA_963709485.1,CAVPWE010000003.1,sucD,52,8.078e-9,0.255
FW_TWAS_AS_rep_1,GCA_963709485.1,CAVPWE010000001.1,gapA,335,1.344e-104,0.517
FW_TWAS_AS_rep_1,GCA_963709485.1,CAVPWE010000005.1,gdh,588,2.406e-190,0.646
FW_TWAS_AS_rep_1,GCA_963709485.1,CAVPWE010000004.1,fadD,180,7.444e-49,0.308
FW_TWAS_AS_rep_1,GCA_963709485.1,CAVPWE010000007.1,dppA,223,1.265e-61,0.311
FW_TWAS_AS_rep_1,GCA_963709485.1,CAVPWE010000007.1,pepO,53,3.394e-9,0.246
FW_TWAS_AS_rep_1,GCA_963709485.1,CAVPWE010000006.1,frhG,51,3.72e-9,0.396
FW_TWAS_AS_rep_1,GCA_963709485.1,CAVPWE010000005.1,acs,819,3.936e-266,0.621
FW_TWAS_AS_rep_1,GCA_963709485.1,CAVPWE010000001.1,pgi,69,2.96e-14,0.271
FW_TWAS_AS_rep_1,GCA_963709485.1,CAVPWE010000001.1,mdh,302,7.437e-94,0.532
FW_TWAS_AS_rep_1,GCA_963709485.1,CAVPWE010000006.1,acs,188,2.758e-51,0.303
FW_TWAS_AS_rep_1,GCA_963709485.1,CAVPWE010000006.1,prdB,100,1.312e-26,0.364
FW_TWAS_AS_rep_1,GCA_963709485.1,CAVPWE010000005.1,crt,164,3.938e-47,0.41
FW_TWAS_AS_rep_1,GCA_963709485.1,CAVPWE010000005.1,rnfB,49,2.176e-9,0.42
FW_TWAS_AS_rep_1,GCA_963709485.1,CAVPWE010000001.1,mvhG,78,2.261e-20,0.524
FW_TWAS_AS_rep_1,GCA_963709485.1,CAVPWE010000006.1,hbd,300,2.274e-93,0.53
FW_TWAS_AS_rep_1,GCA_963709485.1,CAVPWE010000003.1,fadA,248,5.992e-74,0.397
FW_TWAS_AS_rep_1,GCA_963709485.1,CAVPWE010000001.1,mvhD,117,3.855e-34,0.691
FW_TWAS_AS_rep_1,GCA_963709485.1,CAVPWE010000004.1,acs,151,1.82e-39,0.28
FW_TWAS_AS_rep_1,GCA_963709485.1,CAVPWE010000005.1,bcd,325,8.705e-100,0.459
FW_TWAS_AS_rep_1,GCA_963709485.1,CAVPWE010000001.1,pepQ,149,9.352e-41,0.36
FW_TWAS_AS_rep_1,GCA_963709485.1,CAVPWE010000006.1,tdcB,235,2.854e-68,0.409
FW_TWAS_AS_rep_1,GCA_963709485.1,CAVPWE010000006.1,pepA,320,1.675e-100,0.534
FW_TWAS_AS_rep_1,GCA_963709485.1,CAVPWE010000007.1,adh,56,1.17e-10,0.28
FW_TWAS_AS_rep_1,GCA_963709485.1,CAVPWE010000001.1,lysophospholipase,78,1.051e-17,0.254
FW_TWAS_AS_rep_1,GCA_963709485.1,CAVPWE010000001.1,fadD,199,6.16e-56,0.3
FW_TWAS_AS_rep_1,GCA_963709485.1,CAVPWE010000007.1,etfA,163,4.202e-46,0.343
FW_TWAS_AS_rep_1,GCA_963709485.1,CAVPWE010000006.1,fadA,322,1.726e-99,0.498
FW_TWAS_AS_rep_1,GCA_963709485.1,CAVPWE010000003.1,frhG,44,4e-7,0.381
FW_TWAS_AS_rep_1,GCA_963709485.1,CAVPWE010000006.1,hydA,48,3.545e-8,0.38
FW_TWAS_AS_rep_1,GCA_963709485.1,CAVPWE010000003.1,hbd,140,1.596e-38,0.362
FW_TWAS_AS_rep_1,GCA_963709485.1,CAVPWE010000005.1,frhB,49,7.009e-9,0.47
FW_TWAS_AS_rep_1,GCA_963709485.1,CAVPWE010000007.1,fadA,280,1.916e-84,0.416
FW_TWAS_AS_rep_1,GCA_963709485.1,CAVPWE010000001.1,hbd,280,2.335e-86,0.494
FW_TWAS_AS_rep_1,GCA_963709485.1,CAVPWE010000001.1,fadB,190,2.987e-55,0.4
FW_TWAS_AS_rep_1,GCA_963709485.1,CAVPWE010000001.1,sucD,55,1.249e-9,0.273
FW_TWAS_AS_rep_1,GCA_963709485.1,CAVPWE010000007.1,acs,162,1.924e-43,0.279
FW_TWAS_AS_rep_1,GCA_963709485.1,CAVPWE010000003.1,acs,184,1.378e-50,0.3
FW_TWAS_AS_rep_1,GCA_963709485.1,CAVPWE010000002.1,fadB,125,6.02e-33,0.368
FW_TWAS_AS_rep_1,GCA_963709485.1,CAVPWE010000003.1,fadD,234,6.469e-67,0.359
FW_TWAS_AS_rep_1,GCA_963709485.1,CAVPWE010000007.1,gapA,327,6.855e-102,0.501
FW_TWAS_AS_rep_1,GCA_963709485.1,CAVPWE010000003.1,thl,272,4.675e-82,0.408
FW_TWAS_AS_rep_1,GCA_963709485.1,CAVPWE010000004.1,fwdA,50,1.226e-8,0.391
FW_TWAS_AS_rep_1,GCA_963709485.1,CAVPWE010000007.1,fadD,329,2.929e-98,0.378
FW_TWAS_AS_rep_1,GCA_963709485.1,CAVPWE010000005.1,fadE,359,2.224e-112,0.474
FW_TWAS_AS_rep_1,GCA_963709485.1,CAVPWE010000005.1,pfor,165,4.264e-45,0.309
FW_TWAS_AS_rep_1,GCA_963709485.1,CAVPWE010000004.1,cat,85,8.8e-19,0.317
FW_TWAS_AS_rep_1,GCA_963709485.1,CAVPWE010000003.1,pta,140,1.815e-38,0.361
FW_TWAS_AS_rep_1,GCA_963709485.1,CAVPWE010000007.1,tdcB,52,4.142e-9,0.262
FW_TWAS_AS_rep_1,GCA_963709485.1,CAVPWE010000005.1,adh,51,1.449e-8,0.236
FW_TWAS_AS_rep_1,GCA_963709485.1,CAVPWE010000001.1,dppC,263,3.643e-80,0.491
FW_TWAS_AS_rep_1,GCA_963709485.1,CAVPWE010000001.1,dppB,248,1.302e-74,0.446
FW_TWAS_AS_rep_1,GCA_963709485.1,CAVPWE010000001.1,frhB,46,2.732e-7,0.442
FW_TWAS_AS_rep_1,GCA_963709485.1,CAVPWE010000005.1,fadA,248,5.794e-74,0.402
FW_TWAS_AS_rep_1,GCA_963709485.1,CAVPWE010000001.1,rnfB,47,1.378e-7,0.393
FW_TWAS_AS_rep_1,GCA_963709485.1,CAVPWE010000005.1,fadB,175,9.687e-51,0.372
FW_TWAS_AS_rep_1,GCA_963709485.1,CAVPWE010000001.1,adhE,131,1.33e-34,0.297
FW_TWAS_AS_rep_1,GCA_963709485.1,CAVPWE010000001.1,crt,153,4.395e-43,0.388
FW_TWAS_AS_rep_1,GCA_963709485.1,CAVPWE010000007.1,frhG,49,1.414e-8,0.396
FW_TWAS_AS_rep_1,GCA_963709485.1,CAVPWE010000001.1,oppB,264,1.424e-80,0.48
FW_TWAS_AS_rep_1,GCA_963709485.1,CAVPWE010000005.1,hydA,82,1.316e-19,0.297
FW_TWAS_AS_rep_1,GCA_963709485.1,CAVPWE010000007.1,fadB,335,2.85e-99,0.367
FW_TWAS_AS_rep_1,GCA_963709485.1,CAVPWE010000005.1,ilvE,104,3.235e-26,0.319
FW_TWAS_AS_rep_1,GCA_963709485.1,CAVPWE010000007.1,fdhA,207,8.797e-57,0.296
FW_TWAS_AS_rep_1,GCA_963709485.1,CAVPWE010000007.1,pfor,44,5.441e-7,0.297
FW_TWAS_AS_rep_1,GCA_963709485.1,CAVPWE010000003.1,bcd,324,2.391e-99,0.442
FW_TWAS_AS_rep_1,GCA_963709485.1,CAVPWE010000003.1,etfA,83,2.339e-19,0.33
FW_TWAS_AS_rep_1,GCA_963709485.1,CAVPWE010000005.1,etfB,237,3.938e-72,0.475
FW_TWAS_AS_rep_1,GCA_963709485.1,CAVPWE010000005.1,mmcF,168,6.7e-51,0.61
FW_TWAS_AS_rep_1,GCA_963709485.1,CAVPWE010000001.1,thl,278,2.369e-84,0.428
FW_TWAS_AS_rep_1,GCA_963709485.1,CAVPWE010000006.1,acylglycerol_lipase,196,1.232e-57,0.396
FW_TWAS_AS_rep_1,GCA_963709485.1,CAVPWE010000005.1,pta,210,1.385e-59,0.49
FW_TWAS_AS_rep_1,GCA_963709485.1,CAVPWE010000003.1,fadE,269,2.083e-80,0.428
FW_TWAS_AS_rep_1,GCA_963709485.1,CAVPWE010000003.1,hydA,123,5.556e-32,0.328
FW_TWAS_AS_rep_1,GCA_963709485.1,CAVPWE010000005.1,fumB,128,1.685e-35,0.376
FW_TWAS_AS_rep_1,GCA_963709485.1,CAVPWE010000005.1,edd,259,9.203e-76,0.338
FW_TWAS_AS_rep_1,GCA_963709485.1,CAVPWE010000007.1,frhB,182,3.737e-51,0.359
FW_TWAS_AS_rep_1,GCA_963709485.1,CAVPWE010000003.1,mmcF,145,7.211e-43,0.6
FW_TWAS_AS_rep_1,GCA_963709485.1,CAVPWE010000005.1,mmcE,653,1.035e-210,0.583
FW_TWAS_AS_rep_1,GCA_963709485.1,CAVPWE010000007.1,hydA,50,8.039e-9,0.431
FW_TWAS_AS_rep_1,GCA_963709485.1,CAVPWE010000005.1,adhE,197,1.466e-56,0.362
FW_TWAS_AS_rep_1,GCA_963709485.1,CAVPWE010000006.1,lysophospholipase,78,1.051e-17,0.254
FW_TWAS_AS_rep_1,GCA_963709485.1,CAVPWE010000001.1,etfB,147,1.828e-41,0.396
FW_TWAS_AS_rep_1,GCA_963709485.1,CAVPWE010000007.1,fadE,274,5.177e-83,0.414
FW_TWAS_AS_rep_1,GCA_963709485.1,CAVPWE010000006.1,frhB,40,9.776e-6,0.42
FW_TWAS_AS_rep_1,GCA_963709485.1,CAVPWE010000006.1,thl,334,1.054e-103,0.516
FW_TWAS_AS_rep_1,GCA_963709485.1,CAVPWE010000001.1,fadA,309,6.172e-95,0.46
FW_TWAS_AS_rep_1,GCA_963709485.1,CAVPWE010000005.1,hbd,297,1.636e-92,0.544
FW_TWAS_AS_rep_1,GCA_963709485.1,CAVPWE010000007.1,extracellular_protease,78,8.315e-17,0.27
FW_TWAS_AS_rep_1,GCA_963709485.1,CAVPWE010000006.1,bcd,317,5.642e-98,0.473
FW_TWAS_AS_rep_1,GCA_963709485.1,CAVPWE010000005.1,folD,332,7.067e-105,0.602
FW_TWAS_AS_rep_1,GCA_963709485.1,CAVPWE010000001.1,bcd,291,1.045e-88,0.408
FW_TWAS_AS_rep_1,GCA_963709485.1,CAVPWE010000002.1,fadD,304,1.776e-87,0.368
FW_TWAS_AS_rep_1,GCA_963709485.1,CAVPWE010000007.1,thl,317,2.581e-97,0.467
FW_TWAS_AS_rep_1,GCA_963709485.1,CAVPWE010000001.1,acs,175,5.657e-48,0.273
FW_TWAS_AS_rep_1,GCA_963709485.1,CAVPWE010000006.1,sucD,50,3.367e-8,0.205
FW_TWAS_AS_rep_1,GCA_963709485.1,CAVPWE010000003.1,fadB,130,2.614e-35,0.333
FW_TWAS_AS_rep_1,GCA_963709485.1,CAVPWE010000005.1,ackA,85,1.031e-19,0.281
FW_TWAS_AS_rep_1,GCA_963709485.1,CAVPWE010000007.1,crt,139,1.061e-38,0.403
FW_TWAS_AS_rep_1,GCA_963709485.1,CAVPWE010000001.1,fadE,278,1.248e-84,0.436
FW_TWAS_AS_rep_1,GCA_963709485.1,CAVPWE010000007.1,sucD,52,7.973e-9,0.247
FW_TWAS_AS_rep_1,GCA_963709485.1,CAVPWE010000005.1,etfA,237,2.552e-71,0.476
FW_TWAS_AS_rep_1,GCA_963709485.1,CAVPWE010000005.1,fadD,246,3.597e-72,0.34
FW_TWAS_AS_rep_1,GCA_963709485.1,CAVPWE010000003.1,fdhA,592,6.218e-190,0.561
FW_TWAS_AS_rep_1,GCA_963709485.1,CAVPWE010000001.1,ilvE,327,1.352e-101,0.479
FW_TWAS_AS_rep_1,GCA_963709485.1,CAVPWE010000004.1,sucD,56,5.061e-10,0.283
FW_TWAS_AS_rep_1,GCA_963709485.1,CAVPWE010000007.1,pepQ,64,5.581e-13,0.256
FW_TWAS_AS_rep_1,GCA_963709485.1,CAVPWE010000002.1,crt,217,2.582e-64,0.472
FW_TWAS_AS_rep_1,GCA_963709485.1,CAVPWE010000005.1,cat,85,5.807e-19,0.346
FW_TWAS_AS_rep_1,GCA_963709485.1,CAVPWE010000006.1,fadE,249,1.626e-74,0.412
FW_TWAS_AS_rep_1,GCA_963709485.1,CAVPWE010000001.1,adh,42,1.807e-6,0.264
FW_TWAS_AS_rep_1,GCA_963709485.1,CAVPWE010000002.1,acs,92,5.994e-21,0.228
FW_TWAS_AS_rep_1,GCA_963709485.1,CAVPWE010000003.1,cat,45,2.06e-7,0.267
FW_TWAS_AS_rep_1,GCA_963709485.1,CAVPWE010000001.1,frhG,51,1.436e-8,0.348
FW_TWAS_AS_rep_1,GCA_963709485.1,CAVPWE010000001.1,fdhA,293,2.224e-85,0.334
FW_TWAS_AS_rep_1,GCA_963709485.1,CAVPWE010000002.1,etfA,139,7.593e-38,0.394
FW_TWAS_AS_rep_1,GCA_963709485.1,CAVPWE010000005.1,susC,56,4.245e-10,0.333
FW_TWAS_AS_rep_1,GCA_963709485.1,CAVPWE010000006.1,fadD,280,3.475e-82,0.364
FW_TWAS_AS_rep_1,GCA_963814445.1,CAWFCU010000006.1,susC,605,2.235e-185,0.379
FW_TWAS_AS_rep_1,GCA_963814445.1,CAWFCU010000006.1,susD,184,3.368e-51,0.349
FW_TWAS_AS_rep_1,GCA_963814445.1,CAWFCU010000009.1,mmcG,43,2.924e-7,0.26
FW_TWAS_AS_rep_1,GCA_963814445.1,CAWFCU010000001.1,fadB,131,1.011e-36,0.397
FW_TWAS_AS_rep_1,GCA_963814445.1,CAWFCU010000012.1,susC,213,4.7e-61,0.337
FW_TWAS_AS_rep_1,GCA_963814445.1,CAWFCU010000006.1,cazy_CE8,215,4.319e-61,0.427
FW_TWAS_AS_rep_1,GCA_963814445.1,CAWFCU010000013.1,pfor,40,2.282e-6,0.304
FW_TWAS_AS_rep_1,GCA_963814445.1,CAWFCU010000006.1,eda,115,2.788e-32,0.414
FW_TWAS_AS_rep_1,GCA_963814445.1,CAWFCU010000018.1,frhG,46,3.631e-8,0.342
FW_TWAS_AS_rep_1,GCA_963814445.1,CAWFCU010000002.1,cazy_GH13,87,6.355e-20,0.266
FW_TWAS_AS_rep_1,GCA_963814445.1,CAWFCU010000001.1,extracellular_protease,167,8.208e-45,0.38
FW_TWAS_AS_rep_1,GCA_963814445.1,CAWFCU010000001.1,ilvE,190,3.228e-56,0.393
FW_TWAS_AS_rep_1,GCA_963814445.1,CAWFCU010000025.1,hbd,251,2.388e-77,0.532
FW_TWAS_AS_rep_1,GCA_963814445.1,CAWFCU010000001.1,cazy_GH13,139,2.261e-38,0.45
FW_TWAS_AS_rep_1,GCA_963814445.1,CAWFCU010000001.1,fwdA,47,1.688e-7,0.446
FW_TWAS_AS_rep_1,GCA_963814445.1,CAWFCU010000001.1,rnfB,43,2.352e-6,0.349
FW_TWAS_AS_rep_1,GCA_963814445.1,CAWFCU010000024.1,cazy_GH13,57,3.075e-10,0.339
FW_TWAS_AS_rep_1,GCA_963814445.1,CAWFCU010000023.1,pyk,165,3.729e-48,0.459
FW_TWAS_AS_rep_1,GCA_963814445.1,CAWFCU010000001.1,aldh,42,1.585e-6,0.276
FW_TWAS_AS_rep_1,GCA_963814445.1,CAWFCU010000024.1,etfA,196,1.348e-57,0.438
FW_TWAS_AS_rep_1,GCA_963814445.1,CAWFCU010000023.1,endopeptidase,41,7.321e-6,0.285
FW_TWAS_AS_rep_1,GCA_963814445.1,CAWFCU010000002.1,agl,70,1.168e-14,0.285
FW_TWAS_AS_rep_1,GCA_963814445.1,CAWFCU010000010.1,edd,213,4.118e-60,0.325
FW_TWAS_AS_rep_1,GCA_963814445.1,CAWFCU010000001.1,fadD,186,1.146e-53,0.42
FW_TWAS_AS_rep_1,GCA_963814445.1,CAWFCU010000006.1,cazy_PL1,103,3.49e-24,0.382
FW_TWAS_AS_rep_1,GCA_963814445.1,CAWFCU010000009.1,lctB,139,1.9e-40,0.458
FW_TWAS_AS_rep_1,GCA_963814445.1,CAWFCU010000001.1,susD,79,1.473e-17,0.271
FW_TWAS_AS_rep_1,GCA_963814445.1,CAWFCU010000005.1,extracellular_protease,78,3.744e-17,0.313
FW_TWAS_AS_rep_1,GCA_963814445.1,CAWFCU010000024.1,extracellular_protease,124,4.236e-32,0.417
FW_TWAS_AS_rep_1,GCA_963814445.1,CAWFCU010000018.1,pfkA,279,4.551e-86,0.446
FW_TWAS_AS_rep_1,GCA_963814445.1,CAWFCU010000025.1,fadE,196,2.119e-56,0.358
FW_TWAS_AS_rep_1,GCA_963814445.1,CAWFCU010000001.1,fadE,115,3.202e-31,0.405
FW_TWAS_AS_rep_1,GCA_963814445.1,CAWFCU010000001.1,bcd,118,2.638e-32,0.405
FW_TWAS_AS_rep_1,GCA_963814445.1,CAWFCU010000002.1,mdh,255,8.506e-78,0.469
FW_TWAS_AS_rep_1,GCA_963814445.1,CAWFCU010000007.1,dppA,168,1.391e-45,0.263
FW_TWAS_AS_rep_1,GCA_963814445.1,CAWFCU010000009.1,fdhA,166,7.746e-44,0.273
FW_TWAS_AS_rep_1,GCA_963814445.1,CAWFCU010000013.1,rnfB,40,1.688e-6,0.265
FW_TWAS_AS_rep_1,GCA_963814445.1,CAWFCU010000001.1,pepN,78,1.066e-16,0.282
FW_TWAS_AS_rep_1,GCA_963814445.1,CAWFCU010000009.1,ilvE,122,4.701e-34,0.421
FW_TWAS_AS_rep_1,GCA_963814445.1,CAWFCU010000010.1,tdcB,301,7.519e-92,0.414
FW_TWAS_AS_rep_1,GCA_963814445.1,CAWFCU010000002.1,bcd,188,1.202e-56,0.548
FW_TWAS_AS_rep_1,GCA_963814445.1,CAWFCU010000014.1,mmcE,238,2.176e-74,0.685
FW_TWAS_AS_rep_1,GCA_963814445.1,CAWFCU010000013.1,fadE,159,1.248e-45,0.351
FW_TWAS_AS_rep_1,GCA_963814445.1,CAWFCU010000025.1,crt,51,3.42e-10,0.387
FW_TWAS_AS_rep_1,GCA_963814445.1,CAWFCU010000014.1,pgi,305,5.335e-97,0.665
FW_TWAS_AS_rep_1,GCA_963814445.1,CAWFCU010000025.1,fadA,347,5.262e-108,0.498
FW_TWAS_AS_rep_1,GCA_963814445.1,CAWFCU010000001.1,gapA,179,2.74e-53,0.526
FW_TWAS_AS_rep_1,GCA_963814445.1,CAWFCU010000002.1,fadE,152,4.418e-44,0.475
FW_TWAS_AS_rep_1,GCA_963814445.1,CAWFCU010000018.1,adh,61,2.526e-12,0.288
FW_TWAS_AS_rep_1,GCA_963814445.1,CAWFCU010000013.1,dppC,189,5.056e-54,0.333
FW_TWAS_AS_rep_1,GCA_963814445.1,CAWFCU010000006.1,acylglycerol_lipase,46,1.619e-7,0.268
FW_TWAS_AS_rep_1,GCA_963814445.1,CAWFCU010000013.1,frhB,45,6.034e-8,0.319
FW_TWAS_AS_rep_1,GCA_963814445.1,CAWFCU010000001.1,pepT,114,3.416e-31,0.392
FW_TWAS_AS_rep_1,GCA_963814445.1,CAWFCU010000007.1,cazy_GH13,121,2.24e-30,0.294
FW_TWAS_AS_rep_1,GCA_963814445.1,CAWFCU010000025.1,bcd,261,1.241e-78,0.387
FW_TWAS_AS_rep_1,GCA_963814445.1,CAWFCU010000001.1,sucC,365,5.233e-114,0.483
FW_TWAS_AS_rep_1,GCA_963814445.1,CAWFCU010000025.1,etfA,40,1.351e-6,0.458
FW_TWAS_AS_rep_1,GCA_963814445.1,CAWFCU010000018.1,mvhG,42,6.892e-7,0.454
FW_TWAS_AS_rep_1,GCA_963814445.1,CAWFCU010000013.1,lctD,76,7.235e-19,0.428
FW_TWAS_AS_rep_1,GCA_963814445.1,CAWFCU010000001.1,etfA,138,3.62e-39,0.483
FW_TWAS_AS_rep_1,GCA_963814445.1,CAWFCU010000001.1,hbd,57,2.39e-12,0.405
FW_TWAS_AS_rep_1,GCA_963814445.1,CAWFCU010000017.1,pepQ,134,2.806e-35,0.368
FW_TWAS_AS_rep_1,GCA_963814445.1,CAWFCU010000006.1,adh,48,1.757e-8,0.252
FW_TWAS_AS_rep_1,GCA_963814445.1,CAWFCU010000001.1,pta,102,1.08e-26,0.346
FW_TWAS_AS_rep_1,GCA_963814445.1,CAWFCU010000001.1,susC,371,5.565e-108,0.284
FW_TWAS_AS_rep_1,GCA_963814445.1,CAWFCU010000018.1,hydA,68,1.573e-14,0.252
FW_TWAS_AS_rep_1,GCA_963814445.1,CAWFCU010000001.1,mmcE,122,1.121e-33,0.425
FW_TWAS_AS_rep_1,GCA_963814445.1,CAWFCU010000013.1,oppB,210,2.83e-61,0.381
FW_TWAS_AS_rep_1,GCA_963814445.1,CAWFCU010000010.1,susC,56,6.736e-10,0.36
FW_TWAS_AS_rep_1,GCA_963814445.1,CAWFCU010000001.1,crt,177,2.21e-52,0.508
FW_TWAS_AS_rep_1,GCA_963814445.1,CAWFCU010000023.1,pfkA,231,4.696e-70,0.515
FW_TWAS_AS_rep_1,GCA_963814445.1,CAWFCU010000025.1,fadB,159,1.293e-45,0.4
FW_TWAS_AS_rep_1,GCA_963814445.1,CAWFCU010000006.1,lysophospholipase,42,2.792e-6,0.24
FW_TWAS_AS_rep_1,GCA_963814445.1,CAWFCU010000007.1,bgl,95,1.489e-25,0.475
FW_TWAS_AS_rep_1,GCA_963814445.1,CAWFCU010000025.1,ilvE,224,4.68e-64,0.47
FW_TWAS_AS_rep_1,GCA_963814445.1,CAWFCU010000025.1,cazy_GH13,90,1.024e-20,0.29
FW_TWAS_AS_rep_1,GCA_963814445.1,CAWFCU010000001.1,folD,173,1.985e-52,0.575
FW_TWAS_AS_rep_1,GCA_963814445.1,CAWFCU010000007.1,agl,78,6.33e-17,0.28
FW_TWAS_AS_rep_1,GCA_963814445.1,CAWFCU010000024.1,fadA,147,1.06e-42,0.461
FW_TWAS_AS_rep_1,GCA_963814445.1,CAWFCU010000003.1,susC,510,1.388e-153,0.333
FW_TWAS_AS_rep_1,GCA_963814445.1,CAWFCU010000025.1,thl,339,3.78e-105,0.493
FW_TWAS_AS_rep_1,GCA_963814445.1,CAWFCU010000007.1,oppA,179,3.305e-49,0.29
FW_TWAS_AS_rep_1,GCA_963814445.1,CAWFCU010000006.1,fadB,74,4.873e-18,0.383
FW_TWAS_AS_rep_1,GCA_963814445.1,CAWFCU010000018.1,pfor,42,7.243e-7,0.292
FW_TWAS_AS_rep_1,GCA_963814445.1,CAWFCU010000017.1,adhE,42,2.578e-7,0.344
FW_TWAS_AS_rep_1,GCA_963814445.1,CAWFCU010000006.1,cazy_GH43,134,9.404e-36,0.347
FW_TWAS_AS_rep_1,GCA_963814445.1,CAWFCU010000025.1,lysophospholipase,40,9.465e-6,0.315
FW_TWAS_AS_rep_1,GCA_963814445.1,CAWFCU010000013.1,susC,618,8.773e-192,0.391
FW_TWAS_AS_rep_1,GCA_963814445.1,CAWFCU010000001.1,acs,274,6.769e-86,0.668
FW_TWAS_AS_rep_1,GCA_963814445.1,CAWFCU010000005.1,cat,268,7.034e-84,0.613
FW_TWAS_AS_rep_1,GCA_963814445.1,CAWFCU010000013.1,bgl,314,6.365e-96,0.41
FW_TWAS_AS_rep_1,GCA_963814445.1,CAWFCU010000006.1,pfkA,43,1.278e-6,0.4
FW_TWAS_AS_rep_1,GCA_963814445.1,CAWFCU010000018.1,sucD,336,7.328e-106,0.593
FW_TWAS_AS_rep_1,GCA_963814445.1,CAWFCU010000001.1,sucD,102,7.119e-25,0.437
FW_TWAS_AS_rep_1,GCA_963814445.1,CAWFCU010000013.1,susD,133,3.113e-34,0.29
FW_TWAS_AS_rep_1,GCA_963814445.1,CAWFCU010000013.1,cazy_GH13,53,1.867e-9,0.388
FW_TWAS_AS_rep_1,GCA_963814445.1,CAWFCU010000001.1,pepO,481,9.497e-154,0.556
FW_TWAS_AS_rep_1,GCA_963814445.1,CAWFCU010000013.1,mvhG,50,1.967e-9,0.321
FW_TWAS_AS_rep_1,GCA_963814445.1,CAWFCU010000006.1,xylA,501,2.151e-160,0.562
FW_TWAS_AS_rep_1,GCA_963814445.1,CAWFCU010000001.1,mmcF,176,2.734e-53,0.617
FW_TWAS_AS_rep_1,GCA_963814445.1,CAWFCU010000013.1,dppB,54,5.881e-10,0.281
FW_TWAS_AS_rep_1,GCA_963814445.1,CAWFCU010000001.1,gdh,44,3.267e-9,0.628
FW_TWAS_AS_rep_1,GCA_963814445.1,CAWFCU010000001.1,agl,105,5.309e-27,0.411
FW_TWAS_AS_rep_1,GCA_963814445.1,CAWFCU010000025.1,acylglycerol_lipase,42,1.891e-6,0.225
FW_TWAS_AS_rep_1,GCA_963814445.1,CAWFCU010000025.1,gdh,321,3.814e-101,0.617
FW_TWAS_AS_rep_1,GCA_963814445.1,CAWFCU010000024.1,etfB,100,4.71e-27,0.41
FW_TWAS_AS_rep_1,GCA_963814445.1,CAWFCU010000013.1,pfkA,44,1.408e-7,0.28
FW_TWAS_AS_rep_1,GCA_963814445.1,CAWFCU010000013.1,hydA,40,3.084e-6,0.283
FW_TWAS_AS_rep_1,GCA_963814445.1,CAWFCU010000001.1,dtpT,322,3.948e-97,0.377
FW_TWAS_AS_rep_1,GCA_963814445.1,CAWFCU010000025.1,susC,228,2.181e-62,0.243
FW_TWAS_AS_rep_1,GCA_963814445.1,CAWFCU010000024.1,thl,201,3.75e-61,0.563
FW_TWAS_AS_rep_1,GCA_963814445.1,CAWFCU010000012.1,susD,69,2.898e-14,0.259
FW_TWAS_AS_rep_1,GCA_963814445.1,CAWFCU010000003.1,susD,108,3.298e-26,0.239
FW_TWAS_AS_rep_1,GCA_963814445.1,CAWFCU010000018.1,frhB,40,2.382e-6,0.306
FW_TWAS_AS_rep_1,GCA_963814445.1,CAWFCU010000010.1,pepO,635,4.651e-202,0.496
FW_TWAS_AS_rep_1,GCA_963814445.1,CAWFCU010000009.1,pepN,62,4.586e-12,0.259
FW_TWAS_AS_rep_1,GCA_963814445.1,CAWFCU010000001.1,glcP,62,7.583e-14,0.414
FW_TWAS_AS_rep_1,GCA_963814445.1,CAWFCU010000013.1,lctC,47,9.882e-9,0.465
FW_TWAS_AS_rep_1,GCA_963814445.1,CAWFCU010000013.1,bcd,210,3.541e-63,0.453
FW_TWAS_AS_rep_1,GCA_964404795.1,CAYOLI010000003.1,dppA,79,2.289e-17,0.249
FW_TWAS_AS_rep_1,GCA_964404795.1,CAYOLI010000003.1,pyk,334,2.489e-102,0.428
FW_TWAS_AS_rep_1,GCA_964404795.1,CAYOLI010000007.1,pepQ,75,5.646e-17,0.28
FW_TWAS_AS_rep_1,GCA_964404795.1,CAYOLI010000005.1,gapA,300,6.881e-93,0.468
FW_TWAS_AS_rep_1,GCA_964404795.1,CAYOLI010000002.1,bgl,186,1.134e-52,0.291
FW_TWAS_AS_rep_1,GCA_964404795.1,CAYOLI010000003.1,oppA,109,1.748e-26,0.249
FW_TWAS_AS_rep_1,GCA_964404795.1,CAYOLI010000003.1,pepQ,79,1.177e-17,0.321
FW_TWAS_AS_rep_1,GCA_964404795.1,CAYOLI010000005.1,pepN,178,3.897e-47,0.332
FW_TWAS_AS_rep_1,GCA_964404795.1,CAYOLI010000003.1,folD,190,4.047e-56,0.392
FW_TWAS_AS_rep_1,GCA_021808285.1,JAKBBV010000025.1,fadA,379,5.627e-119,0.503
FW_TWAS_AS_rep_1,GCA_021808285.1,JAKBBV010000011.1,fhs,664,3.64e-214,0.623
FW_TWAS_AS_rep_1,GCA_021808285.1,JAKBBV010000014.1,mmcG,51,4.157e-9,0.28
FW_TWAS_AS_rep_1,GCA_021808285.1,JAKBBV010000010.1,lysophospholipase,243,1.762e-73,0.49
FW_TWAS_AS_rep_1,GCA_021808285.1,JAKBBV010000054.1,ilvE,73,4.263e-16,0.357
FW_TWAS_AS_rep_1,GCA_021808285.1,JAKBBV010000051.1,mmcE,494,3.615e-150,0.523
FW_TWAS_AS_rep_1,GCA_021808285.1,JAKBBV010000009.1,pepA,386,2.524e-119,0.523
FW_TWAS_AS_rep_1,GCA_021808285.1,JAKBBV010000040.1,glcP,47,1.567e-7,0.36
FW_TWAS_AS_rep_1,GCA_021808285.1,JAKBBV010000041.1,crt,115,5.148e-30,0.363
FW_TWAS_AS_rep_1,GCA_021808285.1,JAKBBV010000035.1,edd,236,1.265e-67,0.333
FW_TWAS_AS_rep_1,GCA_021808285.1,JAKBBV010000014.1,thl,242,8.278e-71,0.426
FW_TWAS_AS_rep_1,GCA_021808285.1,JAKBBV010000002.1,fadE,286,2.422e-83,0.472
FW_TWAS_AS_rep_1,GCA_021808285.1,JAKBBV010000011.1,thl,360,1.509e-112,0.549
FW_TWAS_AS_rep_1,GCA_021808285.1,JAKBBV010000009.1,mmcG,149,4.628e-42,0.496
FW_TWAS_AS_rep_1,GCA_021808285.1,JAKBBV010000025.1,thl,284,3.081e-86,0.429
FW_TWAS_AS_rep_1,GCA_021808285.1,JAKBBV010000005.1,agl,277,5.895e-81,0.421
FW_TWAS_AS_rep_1,GCA_021808285.1,JAKBBV010000028.1,acs,127,3.581e-32,0.255
FW_TWAS_AS_rep_1,GCA_021808285.1,JAKBBV010000002.1,tdcB,277,8.976e-84,0.498
FW_TWAS_AS_rep_1,GCA_021808285.1,JAKBBV010000040.1,adhE,66,1.764e-13,0.238
FW_TWAS_AS_rep_1,GCA_021808285.1,JAKBBV010000051.1,mmcF,102,5.204e-24,0.413
FW_TWAS_AS_rep_1,GCA_021808285.1,JAKBBV010000039.1,etfA,81,7.63e-18,0.447
FW_TWAS_AS_rep_1,GCA_021808285.1,JAKBBV010000032.1,ilvE,108,5.3e-27,0.334
FW_TWAS_AS_rep_1,GCA_021808285.1,JAKBBV010000061.1,bcd,138,5.207e-37,0.297
FW_TWAS_AS_rep_1,GCA_021808285.1,JAKBBV010000040.1,aldh,59,2.667e-11,0.211
FW_TWAS_AS_rep_1,GCA_021808285.1,JAKBBV010000019.1,adh,49,9.121e-9,0.339
FW_TWAS_AS_rep_1,GCA_021808285.1,JAKBBV010000008.1,gdh,1214,0.0,0.467
FW_TWAS_AS_rep_1,GCA_021808285.1,JAKBBV010000003.1,crt,175,2.649e-50,0.43
FW_TWAS_AS_rep_1,GCA_021808285.1,JAKBBV010000055.1,acs,114,3.69e-28,0.27
FW_TWAS_AS_rep_1,GCA_021808285.1,JAKBBV010000034.1,bcd,111,5.389e-28,0.288
FW_TWAS_AS_rep_1,GCA_021808285.1,JAKBBV010000039.1,mmcG,40,5.581e-6,0.248
FW_TWAS_AS_rep_1,GCA_021808285.1,JAKBBV010000008.1,fadB,112,1.774e-29,0.369
FW_TWAS_AS_rep_1,GCA_021808285.1,JAKBBV010000039.1,fadB,366,4.301e-110,0.346
FW_TWAS_AS_rep_1,GCA_021808285.1,JAKBBV010000030.1,fadB,102,5.961e-26,0.352
FW_TWAS_AS_rep_1,GCA_021808285.1,JAKBBV010000022.1,acylglycerol_lipase,46,1.323e-7,0.311
FW_TWAS_AS_rep_1,GCA_021808285.1,JAKBBV010000055.1,fadD,231,2.084e-66,0.373
FW_TWAS_AS_rep_1,GCA_021808285.1,JAKBBV010000034.1,fadE,144,1.223e-38,0.321
FW_TWAS_AS_rep_1,GCA_021808285.1,JAKBBV010000029.1,fadE,143,4.56e-37,0.335
FW_TWAS_AS_rep_1,GCA_021808285.1,JAKBBV010000006.1,sucC,383,1.704e-120,0.525
FW_TWAS_AS_rep_1,GCA_021808285.1,JAKBBV010000070.1,fadE,129,1.999e-33,0.311
FW_TWAS_AS_rep_1,GCA_021808285.1,JAKBBV010000001.1,adh,49,1.074e-8,0.307
FW_TWAS_AS_rep_1,GCA_021808285.1,JAKBBV010000001.1,mer,109,1.192e-26,0.311
FW_TWAS_AS_rep_1,GCA_021808285.1,JAKBBV010000002.1,fadD,208,3.704e-58,0.354
FW_TWAS_AS_rep_1,GCA_021808285.1,JAKBBV010000018.1,gapA,280,5.563e-86,0.47
FW_TWAS_AS_rep_1,GCA_021808285.1,JAKBBV010000061.1,fadE,146,1.205e-39,0.342
FW_TWAS_AS_rep_1,GCA_021808285.1,JAKBBV010000001.1,bcd,123,1.24e-31,0.301
FW_TWAS_AS_rep_1,GCA_021808285.1,JAKBBV010000008.1,etfA,128,1.061e-34,0.365
FW_TWAS_AS_rep_1,GCA_021808285.1,JAKBBV010000039.1,fadD,115,1.329e-28,0.293
FW_TWAS_AS_rep_1,GCA_021808285.1,JAKBBV010000028.1,fadD,162,1.982e-43,0.293
FW_TWAS_AS_rep_1,GCA_021808285.1,JAKBBV010000004.1,fadA,342,8.404e-106,0.501
FW_TWAS_AS_rep_1,GCA_021808285.1,JAKBBV010000001.1,fadE,229,3.988e-67,0.405
FW_TWAS_AS_rep_1,GCA_021808285.1,JAKBBV010000010.1,acylglycerol_lipase,70,5.412e-15,0.273
FW_TWAS_AS_rep_1,GCA_021808285.1,JAKBBV010000059.1,crt,172,2.879e-49,0.397
FW_TWAS_AS_rep_1,GCA_021808285.1,JAKBBV010000013.1,esterase,192,1.992e-53,0.315
FW_TWAS_AS_rep_1,GCA_021808285.1,JAKBBV010000050.1,crt,74,2.286e-16,0.582
FW_TWAS_AS_rep_1,GCA_021808285.1,JAKBBV010000009.1,frhG,41,1.053e-6,0.372
FW_TWAS_AS_rep_1,GCA_021808285.1,JAKBBV010000004.1,acs,98,3.761e-23,0.243
FW_TWAS_AS_rep_1,GCA_021808285.1,JAKBBV010000071.1,esterase,46,1.881e-7,0.336
FW_TWAS_AS_rep_1,GCA_021808285.1,JAKBBV010000059.1,fadB,92,2.681e-22,0.347
FW_TWAS_AS_rep_1,GCA_021808285.1,JAKBBV010000003.1,adh,51,2.538e-9,0.305
FW_TWAS_AS_rep_1,GCA_021808285.1,JAKBBV010000009.1,frhB,41,1.422e-6,0.392
FW_TWAS_AS_rep_1,GCA_021808285.1,JAKBBV010000009.1,fdhA,75,7.345e-16,0.217
FW_TWAS_AS_rep_1,GCA_021808285.1,JAKBBV010000016.1,pepQ,179,1.857e-48,0.334
FW_TWAS_AS_rep_1,GCA_021808285.1,JAKBBV010000009.1,hydA,78,1.395e-16,0.283
FW_TWAS_AS_rep_1,GCA_021808285.1,JAKBBV010000008.1,acylglycerol_lipase,48,6.39e-8,0.314
FW_TWAS_AS_rep_1,GCA_021808285.1,JAKBBV010000018.1,pepT,44,2.659e-6,0.211
FW_TWAS_AS_rep_1,GCA_021808285.1,JAKBBV010000041.1,etfA,77,1.746e-17,0.314
FW_TWAS_AS_rep_1,GCA_021808285.1,JAKBBV010000005.1,cazy_GH13,163,2.119e-43,0.331
FW_TWAS_AS_rep_1,GCA_021808285.1,JAKBBV010000007.1,fadD,201,6.317e-56,0.327
FW_TWAS_AS_rep_1,GCA_021808285.1,JAKBBV010000030.1,etfA,103,3.237e-26,0.369
FW_TWAS_AS_rep_1,GCA_021808285.1,JAKBBV010000024.1,thl,264,2.626e-79,0.426
FW_TWAS_AS_rep_1,GCA_021808285.1,JAKBBV010000014.1,fadA,279,1.427e-83,0.458
FW_TWAS_AS_rep_1,GCA_021808285.1,JAKBBV010000002.1,acs,163,1.651e-43,0.314
FW_TWAS_AS_rep_1,GCA_021808285.1,JAKBBV010000003.1,fadB,85,4.41e-20,0.328
FW_TWAS_AS_rep_1,GCA_021808285.1,JAKBBV010000009.1,fadE,256,1.039e-76,0.432
FW_TWAS_AS_rep_1,GCA_021808285.1,JAKBBV010000040.1,cat,246,3.839e-75,0.564
FW_TWAS_AS_rep_1,GCA_021808285.1,JAKBBV010000016.1,crt,129,5.997e-35,0.359
FW_TWAS_AS_rep_1,GCA_021808285.1,JAKBBV010000023.1,bcd,222,3.611e-65,0.386
FW_TWAS_AS_rep_1,GCA_021808285.1,JAKBBV010000038.1,bcd,105,5.973e-26,0.259
FW_TWAS_AS_rep_1,GCA_021808285.1,JAKBBV010000001.1,acs,132,5.116e-34,0.267
FW_TWAS_AS_rep_1,GCA_021808285.1,JAKBBV010000001.1,pepN,403,5.344e-120,0.404
FW_TWAS_AS_rep_1,GCA_021808285.1,JAKBBV010000002.1,esterase,60,9.326e-12,0.33
FW_TWAS_AS_rep_1,GCA_021808285.1,JAKBBV010000005.1,lctB,84,3.852e-19,0.296
FW_TWAS_AS_rep_1,GCA_021808285.1,JAKBBV010000021.1,fadE,182,2.19e-50,0.359
FW_TWAS_AS_rep_1,GCA_021808285.1,JAKBBV010000001.1,fadD,147,7.838e-39,0.32
FW_TWAS_AS_rep_1,GCA_021808285.1,JAKBBV010000029.1,pgi,66,2.402e-13,0.316
FW_TWAS_AS_rep_1,GCA_021808285.1,JAKBBV010000090.1,esterase,196,2.118e-54,0.313
FW_TWAS_AS_rep_1,GCA_021808285.1,JAKBBV010000015.1,fadD,135,2.096e-34,0.294
FW_TWAS_AS_rep_1,GCA_021808285.1,JAKBBV010000022.1,crt,96,3.737e-23,0.309
FW_TWAS_AS_rep_1,GCA_021808285.1,JAKBBV010000023.1,fadD,108,5.026e-26,0.286
FW_TWAS_AS_rep_1,GCA_021808285.1,JAKBBV010000008.1,crt,296,1.319e-92,0.619
FW_TWAS_AS_rep_1,GCA_021808285.1,JAKBBV010000030.1,acs,74,1.291e-15,0.23
FW_TWAS_AS_rep_1,GCA_021808285.1,JAKBBV010000038.1,fadE,133,9.087e-35,0.299
FW_TWAS_AS_rep_1,GCA_021808285.1,JAKBBV010000002.1,pepA,295,9.351e-88,0.423
FW_TWAS_AS_rep_1,GCA_021808285.1,JAKBBV010000039.1,acs,130,1.665e-33,0.283
FW_TWAS_AS_rep_1,GCA_021808285.1,JAKBBV010000039.1,fadE,246,2.954e-73,0.401
FW_TWAS_AS_rep_1,GCA_021808285.1,JAKBBV010000026.1,edd,224,5.923e-63,0.338
FW_TWAS_AS_rep_1,GCA_021808285.1,JAKBBV010000006.1,sucD,385,8.149e-123,0.657
FW_TWAS_AS_rep_1,GCA_021808285.1,JAKBBV010000058.1,fadB,73,2.096e-16,0.37
FW_TWAS_AS_rep_1,GCA_021808285.1,JAKBBV010000039.1,bcd,222,4.922e-65,0.354
FW_TWAS_AS_rep_1,GCA_021808285.1,JAKBBV010000004.1,esterase,236,7.293e-65,0.347
FW_TWAS_AS_rep_1,GCA_021808285.1,JAKBBV010000030.1,fadD,137,2.645e-35,0.303
FW_TWAS_AS_rep_1,GCA_021808285.1,JAKBBV010000065.1,gdh,535,9.674e-172,0.559
FW_TWAS_AS_rep_1,GCA_021808285.1,JAKBBV010000021.1,acs,151,7.368e-40,0.289
FW_TWAS_AS_rep_1,GCA_021808285.1,JAKBBV010000008.1,fadE,271,3.443e-82,0.473
FW_TWAS_AS_rep_1,GCA_021808285.1,JAKBBV010000019.1,frhG,40,4.065e-6,0.258
FW_TWAS_AS_rep_1,GCA_021808285.1,JAKBBV010000006.1,mdh,272,6.538e-83,0.487
FW_TWAS_AS_rep_1,GCA_021808285.1,JAKBBV010000001.1,fadB,87,1.674e-20,0.318
FW_TWAS_AS_rep_1,GCA_021808285.1,JAKBBV010000011.1,fadA,237,2.326e-70,0.419
FW_TWAS_AS_rep_1,GCA_021808285.1,JAKBBV010000035.1,pepO,637,2.11e-202,0.505
FW_TWAS_AS_rep_1,GCA_021808285.1,JAKBBV010000005.1,acs,92,3.093e-21,0.241
FW_TWAS_AS_rep_1,GCA_021808285.1,JAKBBV010000009.1,bcd,294,5.407e-90,0.43
FW_TWAS_AS_rep_1,GCA_021808285.1,JAKBBV010000004.1,thl,312,1.734e-95,0.473
FW_TWAS_AS_rep_1,GCA_021808285.1,JAKBBV010000025.1,glcP,77,1.002e-16,0.245
FW_TWAS_AS_rep_1,GCA_021808285.1,JAKBBV010000004.1,adh,44,9.178e-7,0.222
FW_TWAS_AS_rep_1,GCA_021808285.1,JAKBBV010000003.1,etfA,101,3.897e-25,0.411
FW_TWAS_AS_rep_1,GCA_021808285.1,JAKBBV010000026.1,adh,62,9.074e-13,0.382
FW_TWAS_AS_rep_1,GCA_021808285.1,JAKBBV010000029.1,fadA,315,1.745e-96,0.496
FW_TWAS_AS_rep_1,GCA_021808285.1,JAKBBV010000008.1,fadD,113,7.87e-28,0.273
FW_TWAS_AS_rep_1,GCA_021808285.1,JAKBBV010000011.1,dtpT,349,2.007e-105,0.39
FW_TWAS_AS_rep_1,GCA_021808285.1,JAKBBV010000002.1,bcd,267,3.796e-77,0.414
FW_TWAS_AS_rep_1,GCA_021808285.1,JAKBBV010000015.1,acs,814,1.608e-264,0.62
FW_TWAS_AS_rep_1,GCA_021808285.1,JAKBBV010000003.1,edd,203,1.634e-56,0.32
FW_TWAS_AS_rep_1,GCA_021808285.1,JAKBBV010000024.1,fadA,297,8.042e-91,0.465
FW_TWAS_AS_rep_1,GCA_021808285.1,JAKBBV010000011.1,etfB,285,1.949e-88,0.637
FW_TWAS_AS_rep_1,GCA_021808285.1,JAKBBV010000033.1,crt,115,4.097e-30,0.382
FW_TWAS_AS_rep_1,GCA_021808285.1,JAKBBV010000011.1,fadB,185,6.272e-54,0.395
FW_TWAS_AS_rep_1,GCA_021808285.1,JAKBBV010000029.1,thl,414,9.447e-131,0.597
FW_TWAS_AS_rep_1,GCA_021808285.1,JAKBBV010000023.1,fadE,245,7.505e-73,0.433
FW_TWAS_AS_rep_1,GCA_021808285.1,JAKBBV010000012.1,etfA,57,5.995e-11,0.269
FW_TWAS_AS_rep_1,GCA_021808285.1,JAKBBV010000090.1,mmcG,44,8.268e-8,0.285
FW_TWAS_AS_rep_1,GCA_021808285.1,JAKBBV010000011.1,hbd,280,7.584e-87,0.501
FW_TWAS_AS_rep_1,GCA_021808285.1,JAKBBV010000039.1,crt,127,9.209e-32,0.359
FW_TWAS_AS_rep_1,GCA_021808285.1,JAKBBV010000033.1,etfA,88,3.909e-21,0.382
FW_TWAS_AS_rep_1,GCA_021808285.1,JAKBBV010000021.1,bcd,118,1.328e-29,0.296
FW_TWAS_AS_rep_1,GCA_021808285.1,JAKBBV010000007.1,acs,173,9.071e-47,0.292
FW_TWAS_AS_rep_1,GCA_021808285.1,JAKBBV010000001.1,crt,137,2.382e-37,0.368
FW_TWAS_AS_rep_1,GCA_021808285.1,JAKBBV010000009.1,rnfB,41,1.422e-6,0.338
FW_TWAS_AS_rep_1,GCA_021808285.1,JAKBBV010000004.1,fadD,145,6.221e-38,0.294
FW_TWAS_AS_rep_1,GCA_021808285.1,JAKBBV010000011.1,etfA,299,2.941e-92,0.615
FW_TWAS_AS_rep_1,GCA_021808285.1,JAKBBV010000005.1,fadD,115,1.706e-28,0.289
FW_TWAS_AS_rep_1,GCA_021808285.1,JAKBBV010000021.1,fadD,143,1.449e-37,0.31
FW_TWAS_AS_rep_1,GCA_021808285.1,JAKBBV010000037.1,tdcB,337,8.602e-104,0.483
FW_TWAS_AS_rep_1,GCA_021808285.1,JAKBBV010000012.1,crt,122,2.257e-32,0.334
FW_TWAS_AS_rep_1,GCA_021808285.1,JAKBBV010000085.1,crt,124,6.182e-33,0.361
FW_TWAS_AS_rep_1,GCA_021808285.1,JAKBBV010000070.1,bcd,110,2.031e-27,0.293
FW_TWAS_AS_rep_1,GCA_021808285.1,JAKBBV010000008.1,bcd,258,1.39e-77,0.42
FW_TWAS_AS_rep_1,GCA_021808285.1,JAKBBV010000029.1,bcd,117,8.737e-29,0.294
FW_TWAS_AS_rep_1,GCA_021808285.1,JAKBBV010000059.1,etfA,94,4.463e-23,0.322
FW_TWAS_AS_rep_1,GCA_021808285.1,JAKBBV010000039.1,hbd,236,1.487e-66,0.431
FW_TWAS_AS_rep_1,GCA_021808285.1,JAKBBV010000030.1,crt,171,2.506e-49,0.436
FW_TWAS_AS_rep_1,GCA_021808285.1,JAKBBV010000011.1,acylglycerol_lipase,59,1.294e-11,0.319
FW_TWAS_AS_rep_1,GCA_021808285.1,JAKBBV010000058.1,crt,137,7.111e-38,0.36
FW_TWAS_AS_rep_1,GCA_044225505.1,JBGAIN010000062.1,fadD,123,3.858e-30,0.263
FW_TWAS_AS_rep_1,GCA_044225505.1,JBGAIN010000033.1,rnfB,46,6.355e-8,0.344
FW_TWAS_AS_rep_1,GCA_044225505.1,JBGAIN010000307.1,agl,154,8.79e-41,0.336
FW_TWAS_AS_rep_1,GCA_044225505.1,JBGAIN010000057.1,xylA,555,4.459e-178,0.617
FW_TWAS_AS_rep_1,GCA_044225505.1,JBGAIN010000016.1,fadD,91,4.41e-21,0.261
FW_TWAS_AS_rep_1,GCA_044225505.1,JBGAIN010000232.1,mvhG,44,3.16e-7,0.269
FW_TWAS_AS_rep_1,GCA_044225505.1,JBGAIN010000033.1,hydA,48,1.96e-8,0.313
FW_TWAS_AS_rep_1,GCA_044225505.1,JBGAIN010000033.1,mvhA,509,1.349e-161,0.541
FW_TWAS_AS_rep_1,GCA_044225505.1,JBGAIN010000051.1,cazy_GH5,88,2.697e-20,0.289
FW_TWAS_AS_rep_1,GCA_044225505.1,JBGAIN010000141.1,pfkA,44,9.928e-7,0.257
FW_TWAS_AS_rep_1,GCA_044225505.1,JBGAIN010000008.1,pyk,368,1.035e-113,0.449
FW_TWAS_AS_rep_1,GCA_044225505.1,JBGAIN010000232.1,frhA,68,5.011e-14,0.252
FW_TWAS_AS_rep_1,GCA_044225505.1,JBGAIN010000036.1,eda,186,6.717e-54,0.463
FW_TWAS_AS_rep_1,GCA_044225505.1,JBGAIN010000007.1,cazy_GH43,129,1.231e-32,0.315
FW_TWAS_AS_rep_1,GCA_044225505.1,JBGAIN010000098.1,hydA,111,6.75e-29,0.306
FW_TWAS_AS_rep_1,GCA_044225505.1,JBGAIN010000066.1,frhG,47,3.673e-8,0.307
FW_TWAS_AS_rep_1,GCA_044225505.1,JBGAIN010000164.1,pta,186,4.009e-53,0.368
FW_TWAS_AS_rep_1,GCA_044225505.1,JBGAIN010000070.1,pfkA,49,2.539e-8,0.247
FW_TWAS_AS_rep_1,GCA_044225505.1,JBGAIN010000011.1,edd,176,4.491e-47,0.333
FW_TWAS_AS_rep_1,GCA_044225505.1,JBGAIN010000140.1,cazy_GH13,43,2.051e-6,0.278
FW_TWAS_AS_rep_1,GCA_044225505.1,JBGAIN010000088.1,cazy_GH43,127,1.747e-33,0.332
FW_TWAS_AS_rep_1,GCA_044225505.1,JBGAIN010000098.1,mvhA,458,1.316e-144,0.486
FW_TWAS_AS_rep_1,GCA_044225505.1,JBGAIN010000054.1,adh,59,2.051e-11,0.262
FW_TWAS_AS_rep_1,GCA_044225505.1,JBGAIN010000010.1,pepN,221,1.421e-60,0.335
FW_TWAS_AS_rep_1,GCA_044225505.1,JBGAIN010000033.1,mvhG,302,1.135e-93,0.47
FW_TWAS_AS_rep_1,GCA_044225505.1,JBGAIN010000078.1,xylB,177,1.18e-48,0.316
FW_TWAS_AS_rep_1,GCA_044225505.1,JBGAIN010000048.1,lctB,80,2.923e-17,0.288
FW_TWAS_AS_rep_1,GCA_044225505.1,JBGAIN010000087.1,cazy_GH10,135,8.248e-34,0.292
FW_TWAS_AS_rep_1,GCA_044225505.1,JBGAIN010000204.1,cazy_GH5,49,3.587e-8,0.25
FW_TWAS_AS_rep_1,GCA_044225505.1,JBGAIN010000054.1,acylglycerol_lipase,188,4.679e-55,0.377
FW_TWAS_AS_rep_1,GCA_044225505.1,JBGAIN010000042.1,pfkA,45,3.632e-7,0.28
FW_TWAS_AS_rep_1,GCA_044225505.1,JBGAIN010000013.1,adhE,153,1.072e-41,0.323
FW_TWAS_AS_rep_1,GCA_044225505.1,JBGAIN010000018.1,ilvE,85,4.143e-20,0.307
FW_TWAS_AS_rep_1,GCA_044225505.1,JBGAIN010000007.1,cazy_GH10,257,1.149e-76,0.39
FW_TWAS_AS_rep_1,GCA_044225505.1,JBGAIN010000282.1,cazy_GH13,56,5.245e-10,0.314
FW_TWAS_AS_rep_1,GCA_044225505.1,JBGAIN010000041.1,pfkA,149,6.184e-41,0.347
FW_TWAS_AS_rep_1,GCA_044225505.1,JBGAIN010000033.1,mvhD,188,4.643e-56,0.547
FW_TWAS_AS_rep_1,GCA_044225505.1,JBGAIN010000019.1,tdcB,362,2.126e-112,0.551
FW_TWAS_AS_rep_1,GCA_044225505.1,JBGAIN010000098.1,frhG,86,1.16e-21,0.327
FW_TWAS_AS_rep_1,GCA_044225505.1,JBGAIN010000226.1,endopeptidase,292,9.857e-85,0.501
FW_TWAS_AS_rep_1,GCA_044225505.1,JBGAIN010000005.1,pgi,185,1.013e-50,0.335
FW_TWAS_AS_rep_1,GCA_044225505.1,JBGAIN010000250.1,extracellular_protease,107,2.817e-26,0.37
FW_TWAS_AS_rep_1,GCA_044225505.1,JBGAIN010000018.1,extracellular_protease,84,2.444e-18,0.28
FW_TWAS_AS_rep_1,GCA_044225505.1,JBGAIN010000004.1,cazy_GH13,57,1.103e-10,0.264
FW_TWAS_AS_rep_1,GCA_044225505.1,JBGAIN010000001.1,susC,48,1.909e-7,0.373
FW_TWAS_AS_rep_1,GCA_044225505.1,JBGAIN010000067.1,fadD,122,3.128e-30,0.268
FW_TWAS_AS_rep_1,GCA_044225505.1,JBGAIN010000122.1,acs,138,4.503e-36,0.261
FW_TWAS_AS_rep_1,GCA_044225505.1,JBGAIN010000307.1,cazy_GH13,127,2.544e-32,0.352
FW_TWAS_AS_rep_1,GCA_044225505.1,JBGAIN010000006.1,adhE,152,1.889e-40,0.303
FW_TWAS_AS_rep_1,GCA_044225505.1,JBGAIN010000080.1,gdh,56,1.609e-10,0.509
FW_TWAS_AS_rep_1,GCA_044225505.1,JBGAIN010000002.1,acylglycerol_lipase,77,2.117e-17,0.288
FW_TWAS_AS_rep_1,GCA_044225505.1,JBGAIN010000050.1,acs,146,3.412e-38,0.268
FW_TWAS_AS_rep_1,GCA_044225505.1,JBGAIN010000060.1,glcP,199,7.629e-56,0.307
FW_TWAS_AS_rep_1,GCA_044225505.1,JBGAIN010000054.1,lysophospholipase,79,2.749e-18,0.279
FW_TWAS_AS_rep_1,GCA_044225505.1,JBGAIN010000054.1,acs,125,1.015e-31,0.266
FW_TWAS_AS_rep_1,GCA_044225505.1,JBGAIN010000078.1,agl,49,1.353e-7,0.296
FW_TWAS_AS_rep_1,GCA_044225505.1,JBGAIN010000133.1,lysophospholipase,52,8.675e-11,0.311
FW_TWAS_AS_rep_1,GCA_044225505.1,JBGAIN010000008.1,pfor,44,5.887e-7,0.339
FW_TWAS_AS_rep_1,GCA_044225505.1,JBGAIN010000164.1,sucD,57,1.5e-10,0.262
FW_TWAS_AS_rep_1,GCA_044225505.1,JBGAIN010000055.1,pepQ,64,1.217e-13,0.281
FW_TWAS_AS_rep_1,GCA_044225505.1,JBGAIN010000003.1,hbd,44,1.029e-6,0.487
FW_TWAS_AS_rep_1,GCA_044225505.1,JBGAIN010000163.1,rnfB,44,5.036e-6,0.273
FW_TWAS_AS_rep_1,GCA_044225505.1,JBGAIN010000074.1,pepQ,142,1.595e-37,0.31
FW_TWAS_AS_rep_1,GCA_044225505.1,JBGAIN010000114.1,extracellular_protease,228,1.063e-61,0.4
FW_TWAS_AS_rep_1,GCA_044225505.1,JBGAIN010000008.1,cazy_GH13,79,3.083e-17,0.246
FW_TWAS_AS_rep_1,GCA_044225505.1,JBGAIN010000024.1,lysophospholipase,76,2.344e-17,0.295
FW_TWAS_AS_rep_1,GCA_044225505.1,JBGAIN010000005.1,extracellular_protease,105,1.891e-24,0.309
FW_TWAS_AS_rep_1,GCA_044225505.1,JBGAIN010000098.1,mvhG,139,7.187e-40,0.422
FW_TWAS_AS_rep_1,GCA_044225505.1,JBGAIN010000125.1,fdhA,49,3.656e-8,0.406
FW_TWAS_AS_rep_1,GCA_044225505.1,JBGAIN010000250.1,mdh,178,6.062e-51,0.417
FW_TWAS_AS_rep_1,GCA_044225505.1,JBGAIN010000157.1,mvhG,46,2.289e-7,0.228
FW_TWAS_AS_rep_1,GCA_044225505.1,JBGAIN010000161.1,fdhA,155,1.379e-40,0.267
FW_TWAS_AS_rep_1,GCA_044225505.1,JBGAIN010000125.1,hydA,66,2.426e-13,0.33
FW_TWAS_AS_rep_1,GCA_044225505.1,JBGAIN010000016.1,edd,228,5.885e-64,0.34
FW_TWAS_AS_rep_1,GCA_044225505.1,JBGAIN010000066.1,pfkA,62,2.634e-12,0.27
FW_TWAS_AS_rep_1,GCA_044225505.1,JBGAIN010000200.1,aldh,56,2.715e-10,0.255
FW_TWAS_AS_rep_1,GCA_044225505.1,JBGAIN010000036.1,pfor,366,8.493e-104,0.258
FW_TWAS_AS_rep_1,GCA_044225505.1,JBGAIN010000162.1,fadD,134,6.697e-34,0.291
FW_TWAS_AS_rep_1,GCA_044225505.1,JBGAIN010000040.1,adh,63,6.301e-13,0.292
FW_TWAS_AS_rep_1,GCA_044225505.1,JBGAIN010000078.1,cazy_GH13,62,1.557e-11,0.265
FW_TWAS_AS_rep_1,GCA_044225505.1,JBGAIN010000002.1,gdh,406,8.306e-128,0.509
FW_TWAS_AS_rep_1,GCA_044225505.1,JBGAIN010000033.1,frhA,142,4.045e-37,0.261
FW_TWAS_AS_rep_1,GCA_044225505.1,JBGAIN010000122.1,fadD,221,1.709e-63,0.339
FW_TWAS_AS_rep_1,GCA_044225505.1,JBGAIN010000099.1,dtpT,194,7.831e-55,0.326
FW_TWAS_AS_rep_1,GCA_044225505.1,JBGAIN010000130.1,frhG,46,1.129e-7,0.255
FW_TWAS_AS_rep_1,GCA_044225505.1,JBGAIN010000001.1,extracellular_protease,113,2.739e-27,0.297
FW_TWAS_AS_rep_1,GCA_044225505.1,JBGAIN010000029.1,ilvE,122,1.896e-32,0.356
FW_TWAS_AS_rep_1,GCA_044225505.1,JBGAIN010000200.1,adhE,52,4.428e-9,0.264
FW_TWAS_AS_rep_1,GCA_044225505.1,JBGAIN010000310.1,adhE,171,3.485e-47,0.34
FW_TWAS_AS_rep_1,GCA_044225505.1,JBGAIN010000178.1,fdhA,398,3.621e-120,0.353
FW_TWAS_AS_rep_1,GCA_044225505.1,JBGAIN010000143.1,pfkA,205,1.178e-59,0.379
FW_TWAS_AS_rep_1,GCA_044225505.1,JBGAIN010000191.1,adh,59,4.879e-12,0.298
FW_TWAS_AS_rep_1,GCA_044225505.1,JBGAIN010000008.1,frhG,48,8.391e-9,0.269
FW_TWAS_AS_rep_1,GCA_044225505.1,JBGAIN010000163.1,pfor,1512,0.0,0.644
FW_TWAS_AS_rep_1,GCA_044225505.1,JBGAIN010000301.1,pepT,55,2.811e-10,0.259
FW_TWAS_AS_rep_1,GCA_044225505.1,JBGAIN010000099.1,fdhA,255,5.874e-72,0.313
FW_TWAS_AS_rep_1,GCA_044225505.1,JBGAIN010000054.1,fadD,199,1.035e-55,0.335
FW_TWAS_AS_rep_1,GCA_044225505.1,JBGAIN010000062.1,acs,95,7.507e-22,0.25
FW_TWAS_AS_rep_1,GCA_044225505.1,JBGAIN010000008.1,agl,52,7.132e-9,0.244
FW_TWAS_AS_rep_1,GCA_044225505.1,JBGAIN010000157.1,frhG,56,1.459e-10,0.312
FW_TWAS_AS_rep_1,GCA_044225505.1,JBGAIN010000176.1,esterase,59,4.178e-11,0.316
FW_TWAS_AS_rep_1,GCA_044225505.1,JBGAIN010000030.1,extracellular_protease,158,7.811e-41,0.385
FW_TWAS_AS_rep_1,GCA_044225505.1,JBGAIN010000129.1,pfkA,41,9.013e-6,0.416
FW_TWAS_AS_rep_1,GCA_044225505.1,JBGAIN010000013.1,lctB,139,4.704e-38,0.313
FW_TWAS_AS_rep_1,GCA_044225505.1,JBGAIN010000121.1,pfkA,124,1.344e-31,0.288
FW_TWAS_AS_rep_1,GCA_044225505.1,JBGAIN010000119.1,sucC,413,9.992e-131,0.543
FW_TWAS_AS_rep_1,GCA_044225505.1,JBGAIN010000024.1,adh,55,1.848e-10,0.287
FW_TWAS_AS_rep_1,GCA_044225505.1,JBGAIN010000157.1,frhA,85,2.226e-19,0.234
FW_TWAS_AS_rep_1,GCA_044225505.1,JBGAIN010000002.1,extracellular_protease,91,5.255e-21,0.306
FW_TWAS_AS_rep_1,GCA_044225505.1,JBGAIN010000093.1,mmcE,519,1.053e-161,0.529
FW_TWAS_AS_rep_1,GCA_044225505.1,JBGAIN010000098.1,fdhA,69,5.467e-15,0.441
FW_TWAS_AS_rep_1,GCA_044225505.1,JBGAIN010000147.1,tdcB,62,3.144e-12,0.257
FW_TWAS_AS_rep_1,GCA_044225505.1,JBGAIN010000106.1,pepO,672,1.056e-213,0.505
FW_TWAS_AS_rep_1,GCA_044225505.1,JBGAIN010000119.1,sucD,331,2.627e-104,0.585
FW_TWAS_AS_rep_1,GCA_044225505.1,JBGAIN010000104.1,fumB,95,1.499e-24,0.369
FW_TWAS_AS_rep_1,GCA_044225505.1,JBGAIN010000066.1,mvhG,45,1.59e-7,0.247
FW_TWAS_AS_rep_1,GCA_044225505.1,JBGAIN010000015.1,folD,318,1.306e-99,0.555
FW_TWAS_AS_rep_1,GCA_044225505.1,JBGAIN010000006.1,mdh,169,9.037e-48,0.351
FW_TWAS_AS_rep_1,GCA_044225505.1,JBGAIN010000260.1,cazy_GH13,60,4.736e-12,0.35
FW_TWAS_AS_rep_1,GCA_044225505.1,JBGAIN010000067.1,acs,776,3.639e-251,0.575
FW_TWAS_AS_rep_1,GCA_044225505.1,JBGAIN010000163.1,extracellular_protease,92,8.711e-21,0.293
FW_TWAS_AS_rep_1,GCA_044225505.1,JBGAIN010000192.1,lctB,141,1.974e-37,0.328
FW_TWAS_AS_rep_1,GCA_044225505.1,JBGAIN010000001.1,esterase,243,1.3e-69,0.331
FW_TWAS_AS_rep_1,GCA_044225505.1,JBGAIN010000093.1,mmcG,109,6.065e-30,0.405
FW_TWAS_AS_rep_1,GCA_044225505.1,JBGAIN010000008.1,glcP,184,3.71e-51,0.315
FW_TWAS_AS_rep_1,GCA_044225505.1,JBGAIN010000050.1,fadD,176,9.871e-48,0.313
FW_TWAS_AS_rep_1,GCA_044225505.1,JBGAIN010000098.1,frhA,147,9.289e-39,0.282
FW_TWAS_AS_rep_1,GCA_044225505.1,JBGAIN010000112.1,pepT,64,7.57e-13,0.257
FW_TWAS_AS_rep_1,GCA_044225505.1,JBGAIN010000057.1,cazy_GH13,71,9.457e-15,0.265
FW_TWAS_AS_rep_1,GCA_044225505.1,JBGAIN010000007.1,esterase,232,9.502e-67,0.333
FW_TWAS_AS_rep_1,GCA_044225505.1,JBGAIN010000004.1,glcP,199,2.854e-56,0.315
FW_TWAS_AS_rep_1,GCA_044225505.1,JBGAIN010000006.1,gapA,405,7.352e-129,0.602
FW_TWAS_AS_rep_1,GCA_044225505.1,JBGAIN010000110.1,edd,138,1.119e-37,0.317
FW_TWAS_AS_rep_1,GCA_044225505.1,JBGAIN010000008.1,fdhA,69,3.608e-14,0.295
FW_TWAS_AS_rep_1,GCA_044225505.1,JBGAIN010000192.1,lctC,44,7.671e-7,0.31
FW_TWAS_AS_rep_1,GCA_044225505.1,JBGAIN010000008.1,hydA,74,1.289e-15,0.25
FW_TWAS_AS_rep_1,GCA_044225505.1,JBGAIN010000001.1,cazy_GH43,116,3.315e-30,0.335
FW_TWAS_AS_rep_1,GCA_044225505.1,JBGAIN010000073.1,mmcG,47,1.702e-8,0.302
FW_TWAS_AS_rep_1,GCA_044225505.1,JBGAIN010000033.1,frhB,40,3.794e-6,0.282
FW_TWAS_AS_rep_1,GCA_044225505.1,JBGAIN010000006.1,ackA,291,1.279e-88,0.428
FW_TWAS_AS_rep_1,GCA_044225505.1,JBGAIN010000232.1,frhG,51,1.75e-9,0.322
FW_TWAS_AS_rep_1,GCA_044225505.1,JBGAIN010000006.1,aldh,166,5.592e-45,0.294
FW_TWAS_AS_rep_1,GCA_044225505.1,JBGAIN010000162.1,xylA,79,1.354e-17,0.282
FW_TWAS_AS_rep_1,GCA_044225505.1,JBGAIN010000125.1,rnfB,48,1.121e-7,0.456
FW_TWAS_AS_rep_1,GCA_044225505.1,JBGAIN010000138.1,agl,220,1.308e-59,0.345
FW_TWAS_AS_rep_1,GCA_044225505.1,JBGAIN010000093.1,mmcF,116,1.968e-28,0.504
FW_TWAS_AS_rep_1,GCA_044225505.1,JBGAIN010000027.1,cazy_GH5,74,2.919e-16,0.252
FW_TWAS_AS_rep_1,GCA_044225505.1,JBGAIN010000004.1,agl,44,1.853e-6,0.252
FW_TWAS_AS_rep_1,GCA_044225505.1,JBGAIN010000087.1,cazy_GH43,132,2.66e-35,0.369
FW_TWAS_AS_rep_1,GCA_044225505.1,JBGAIN010000138.1,cazy_GH13,184,9.81e-49,0.376
FW_TWAS_AS_rep_1,GCA_964527785.1,CAZGNO010000015.1,frhA,56,1.801e-10,0.217
FW_TWAS_AS_rep_1,GCA_964527785.1,CAZGNO010000064.1,pepN,111,5.643e-27,0.242
FW_TWAS_AS_rep_1,GCA_964527785.1,CAZGNO010000032.1,dppC,199,1.316e-57,0.36
FW_TWAS_AS_rep_1,GCA_964527785.1,CAZGNO010000012.1,bcd,342,3.607e-106,0.476
FW_TWAS_AS_rep_1,GCA_964527785.1,CAZGNO010000032.1,dppB,241,6.707e-73,0.42
FW_TWAS_AS_rep_1,GCA_964527785.1,CAZGNO010000049.1,pfor,51,7.649e-10,0.321
FW_TWAS_AS_rep_1,GCA_964527785.1,CAZGNO010000013.1,oppB,206,2.795e-60,0.416
FW_TWAS_AS_rep_1,GCA_964527785.1,CAZGNO010000049.1,gdh,501,1.652e-159,0.526
FW_TWAS_AS_rep_1,GCA_964527785.1,CAZGNO010000004.1,crt,271,4.115e-84,0.554
FW_TWAS_AS_rep_1,GCA_964527785.1,CAZGNO010000032.1,mmcE,535,6.243e-167,0.51
FW_TWAS_AS_rep_1,GCA_964527785.1,CAZGNO010000087.1,pepN,124,5.536e-31,0.255
FW_TWAS_AS_rep_1,GCA_964527785.1,CAZGNO010000056.1,adh,77,1.16e-17,0.297
FW_TWAS_AS_rep_1,GCA_964527785.1,CAZGNO010000032.1,mmcF,121,9.243e-30,0.441
FW_TWAS_AS_rep_1,GCA_964527785.1,CAZGNO010000009.1,dppA,190,6.599e-52,0.285
FW_TWAS_AS_rep_1,GCA_964527785.1,CAZGNO010000045.1,fadB,183,2.094e-53,0.346
FW_TWAS_AS_rep_1,GCA_964527785.1,CAZGNO010000049.1,hydA,97,1.036e-22,0.299
FW_TWAS_AS_rep_1,GCA_964527785.1,CAZGNO010000022.1,adh,51,3.587e-9,0.235
FW_TWAS_AS_rep_1,GCA_964527785.1,CAZGNO010000013.1,crt,127,1.168e-34,0.349
FW_TWAS_AS_rep_1,GCA_964527785.1,CAZGNO010000154.1,pfkA,147,2.667e-40,0.356
FW_TWAS_AS_rep_1,GCA_964527785.1,CAZGNO010000010.1,adh,75,4.882e-17,0.294
FW_TWAS_AS_rep_1,GCA_964527785.1,CAZGNO010000034.1,pgi,652,2.709e-210,0.598
FW_TWAS_AS_rep_1,GCA_964527785.1,CAZGNO010000006.1,acylglycerol_lipase,40,7.007e-6,0.297
FW_TWAS_AS_rep_1,GCA_964527785.1,CAZGNO010000078.1,pepN,84,1.259e-18,0.281
FW_TWAS_AS_rep_1,GCA_964527785.1,CAZGNO010000001.1,pta,176,6.043e-47,0.356
FW_TWAS_AS_rep_1,GCA_964527785.1,CAZGNO010000021.1,fadB,194,8.749e-57,0.397
FW_TWAS_AS_rep_1,GCA_964527785.1,CAZGNO010000008.1,pta,225,3.663e-67,0.421
FW_TWAS_AS_rep_1,GCA_964527785.1,CAZGNO010000118.1,lysophospholipase,52,1.654e-8,0.279
FW_TWAS_AS_rep_1,GCA_964527785.1,CAZGNO010000032.1,lipase,53,1.45e-9,0.294
FW_TWAS_AS_rep_1,GCA_964527785.1,CAZGNO010000027.1,fwdA,43,5.55e-6,0.4
FW_TWAS_AS_rep_1,GCA_964527785.1,CAZGNO010000028.1,fadA,293,2.001e-89,0.467
FW_TWAS_AS_rep_1,GCA_964527785.1,CAZGNO010000050.1,dppB,143,4.223e-38,0.285
FW_TWAS_AS_rep_1,GCA_964527785.1,CAZGNO010000080.1,crt,222,5.443e-67,0.468
FW_TWAS_AS_rep_1,GCA_964527785.1,CAZGNO010000028.1,dppA,233,2.633e-66,0.311
FW_TWAS_AS_rep_1,GCA_964527785.1,CAZGNO010000088.1,etfA,216,4.262e-64,0.454
FW_TWAS_AS_rep_1,GCA_964527785.1,CAZGNO010000089.1,pepA,419,3e-131,0.548
FW_TWAS_AS_rep_1,GCA_964527785.1,CAZGNO010000003.1,bcd,415,1.41e-131,0.556
FW_TWAS_AS_rep_1,GCA_964527785.1,CAZGNO010000049.1,frhG,41,1.474e-6,0.313
FW_TWAS_AS_rep_1,GCA_964527785.1,CAZGNO010000059.1,fadE,175,5.699e-49,0.328
FW_TWAS_AS_rep_1,GCA_964527785.1,CAZGNO010000013.1,dppC,188,4.377e-54,0.435
FW_TWAS_AS_rep_1,GCA_964527785.1,CAZGNO010000008.1,adhE,67,1.357e-13,0.228
FW_TWAS_AS_rep_1,GCA_964527785.1,CAZGNO010000123.1,acs,75,5.179e-16,0.222
FW_TWAS_AS_rep_1,GCA_964527785.1,CAZGNO010000050.1,oppA,126,1.286e-31,0.278
FW_TWAS_AS_rep_1,GCA_964527785.1,CAZGNO010000015.1,gdh,91,9.558e-22,0.299
FW_TWAS_AS_rep_1,GCA_964527785.1,CAZGNO010000001.1,ilvE,133,7.438e-36,0.324
FW_TWAS_AS_rep_1,GCA_964527785.1,CAZGNO010000002.1,susC,356,1.573e-102,0.285
FW_TWAS_AS_rep_1,GCA_964527785.1,CAZGNO010000028.1,oppA,247,6.607e-71,0.323
FW_TWAS_AS_rep_1,GCA_964527785.1,CAZGNO010000080.1,etfA,151,1.884e-42,0.367
FW_TWAS_AS_rep_1,GCA_964527785.1,CAZGNO010000004.1,fadB,115,2.367e-30,0.345
FW_TWAS_AS_rep_1,GCA_964527785.1,CAZGNO010000103.1,pepT,53,1.656e-9,0.242
FW_TWAS_AS_rep_1,GCA_964527785.1,CAZGNO010000039.1,sucD,107,2.222e-26,0.448
FW_TWAS_AS_rep_1,GCA_964527785.1,CAZGNO010000112.1,pfkA,212,2.159e-62,0.405
FW_TWAS_AS_rep_1,GCA_964527785.1,CAZGNO010000002.1,acs,90,1.015e-20,0.24
FW_TWAS_AS_rep_1,GCA_964527785.1,CAZGNO010000080.1,fadB,121,2.213e-32,0.356
FW_TWAS_AS_rep_1,GCA_964527785.1,CAZGNO010000016.1,acs,751,1.598e-242,0.572
FW_TWAS_AS_rep_1,GCA_964527785.1,CAZGNO010000042.1,dppA,204,5.332e-57,0.305
FW_TWAS_AS_rep_1,GCA_964527785.1,CAZGNO010000006.1,fadB,81,3.582e-19,0.292
FW_TWAS_AS_rep_1,GCA_964527785.1,CAZGNO010000018.1,pepQ,60,3.72e-12,0.256
FW_TWAS_AS_rep_1,GCA_964527785.1,CAZGNO010000009.1,susC,56,4.993e-10,0.286
FW_TWAS_AS_rep_1,GCA_964527785.1,CAZGNO010000006.1,gapA,336,2.766e-105,0.518
FW_TWAS_AS_rep_1,GCA_964527785.1,CAZGNO010000016.1,fadD,139,9.023e-36,0.279
FW_TWAS_AS_rep_1,GCA_964527785.1,CAZGNO010000088.1,etfB,204,2.445e-61,0.452
FW_TWAS_AS_rep_1,GCA_964527785.1,CAZGNO010000107.1,mmcE,308,9.587e-91,0.362
FW_TWAS_AS_rep_1,GCA_964527785.1,CAZGNO010000016.1,adh,68,1.016e-14,0.252
FW_TWAS_AS_rep_1,GCA_964527785.1,CAZGNO010000039.1,sucC,353,7.078e-110,0.479
FW_TWAS_AS_rep_1,GCA_964527785.1,CAZGNO010000090.1,extracellular_protease,191,1.234e-50,0.379
FW_TWAS_AS_rep_1,GCA_964527785.1,CAZGNO010000042.1,oppA,223,2.738e-63,0.301
FW_TWAS_AS_rep_1,GCA_964527785.1,CAZGNO010000017.1,oppA,203,2.131e-56,0.288
FW_TWAS_AS_rep_1,GCA_964527785.1,CAZGNO010000028.1,thl,422,8.695e-134,0.585
FW_TWAS_AS_rep_1,GCA_964527785.1,CAZGNO010000002.1,pfkA,68,1.91e-14,0.277
FW_TWAS_AS_rep_1,GCA_964527785.1,CAZGNO010000045.1,hbd,248,5.591e-76,0.471
FW_TWAS_AS_rep_1,GCA_964527785.1,CAZGNO010000113.1,fadA,377,3.122e-118,0.543
FW_TWAS_AS_rep_1,GCA_964527785.1,CAZGNO010000083.1,pyk,378,4.633e-117,0.449
FW_TWAS_AS_rep_1,GCA_964527785.1,CAZGNO010000004.1,etfA,133,1.572e-36,0.4
FW_TWAS_AS_rep_1,GCA_964527785.1,CAZGNO010000050.1,dppA,106,2.596e-25,0.221
FW_TWAS_AS_rep_1,GCA_964527785.1,CAZGNO010000049.1,fdhA,78,5.215e-17,0.231
FW_TWAS_AS_rep_1,GCA_964527785.1,CAZGNO010000142.1,lysophospholipase,55,3.888e-10,0.246
FW_TWAS_AS_rep_1,GCA_964527785.1,CAZGNO010000123.1,fadD,340,4.008e-102,0.398
FW_TWAS_AS_rep_1,GCA_964527785.1,CAZGNO010000002.1,fadD,169,7.084e-46,0.322
FW_TWAS_AS_rep_1,GCA_964527785.1,CAZGNO010000006.1,etfA,88,2.867e-21,0.293
FW_TWAS_AS_rep_1,GCA_964527785.1,CAZGNO010000046.1,hbd,115,3.795e-30,0.372
FW_TWAS_AS_rep_1,GCA_964527785.1,CAZGNO010000052.1,tdcB,79,2.252e-17,0.272
FW_TWAS_AS_rep_1,GCA_964527785.1,CAZGNO010000021.1,extracellular_protease,168,7.805e-44,0.336
FW_TWAS_AS_rep_1,GCA_964527785.1,CAZGNO010000033.1,susC,48,1.536e-7,0.222
FW_TWAS_AS_rep_1,GCA_964527785.1,CAZGNO010000006.1,crt,149,7.433e-42,0.351
FW_TWAS_AS_rep_1,GCA_964527785.1,CAZGNO010000016.1,extracellular_protease,100,2.762e-23,0.311
FW_TWAS_AS_rep_1,GCA_964527785.1,CAZGNO010000113.1,thl,347,3.699e-108,0.505
FW_TWAS_AS_rep_1,GCA_964527785.1,CAZGNO010000069.1,sucD,342,5.483e-106,0.606
FW_TWAS_AS_rep_1,GCA_964527785.1,CAZGNO010000050.1,dppC,131,1.91e-34,0.349
FW_TWAS_AS_rep_1,GCA_964527785.1,CAZGNO010000003.1,fadE,274,7.073e-83,0.434
FW_TWAS_AS_rep_1,GCA_964527785.1,CAZGNO010000021.1,hbd,310,1.23e-96,0.547
FW_TWAS_AS_rep_1,GCA_964527785.1,CAZGNO010000010.1,dppB,193,1.924e-55,0.357
FW_TWAS_AS_rep_1,GCA_964527785.1,CAZGNO010000010.1,oppB,187,1.978e-53,0.363
FW_TWAS_AS_rep_1,GCA_964527785.1,CAZGNO010000059.1,bcd,222,6.71e-65,0.355
FW_TWAS_AS_rep_1,GCA_964527785.1,CAZGNO010000017.1,dppA,162,4.413e-43,0.257
FW_TWAS_AS_rep_1,GCA_964527785.1,CAZGNO010000032.1,oppB,234,1.372e-70,0.441
FW_TWAS_AS_rep_1,GCA_964527785.1,CAZGNO010000025.1,pfkA,220,5.594e-65,0.407
FW_TWAS_AS_rep_1,GCA_964527785.1,CAZGNO010000009.1,oppA,210,1.756e-58,0.296
FW_TWAS_AS_rep_1,GCA_964527785.1,CAZGNO010000006.1,pepQ,168,4.384e-47,0.324
FW_TWAS_AS_rep_1,GCA_964527785.1,CAZGNO010000028.1,pepQ,154,3.079e-41,0.312
FW_TWAS_AS_rep_1,GCA_964527785.1,CAZGNO010000066.1,mmcG,111,6.074e-31,0.431
FW_TWAS_AS_rep_1,GCA_964527785.1,CAZGNO010000087.1,extracellular_protease,102,5.13e-24,0.347
FW_TWAS_AS_rep_1,GCA_964527785.1,CAZGNO010000002.1,mdh,296,6.812e-92,0.505
FW_TWAS_AS_rep_1,GCA_964527785.1,CAZGNO010000068.1,folD,313,7.909e-98,0.539
FW_TWAS_AS_rep_1,GCA_964527785.1,CAZGNO010000050.1,oppB,142,5.704e-38,0.286
FW_TWAS_AS_rep_1,GCA_964527785.1,CAZGNO010000047.1,pepN,154,6.47e-40,0.264
FW_TWAS_AS_rep_1,GCA_964527785.1,CAZGNO010000082.1,adh,64,1.94e-13,0.292
FW_TWAS_AS_rep_1,GCA_964527785.1,CAZGNO010000012.1,fadE,281,2.905e-85,0.453
FW_TWAS_AS_rep_1,GCA_964527785.1,CAZGNO010000094.1,frhG,48,1.132e-8,0.259
FW_TWAS_AS_rep_1,GCA_963849015.1,CAWKFK010000001.1,thl,179,2.611e-52,0.446
FW_TWAS_AS_rep_1,GCA_963849015.1,CAWKFK010000010.1,adh,86,7.569e-21,0.313
FW_TWAS_AS_rep_1,GCA_963849015.1,CAWKFK010000012.1,bcd,359,3.021e-112,0.501
FW_TWAS_AS_rep_1,GCA_963849015.1,CAWKFK010000014.1,pyk,82,3.689e-18,0.38
FW_TWAS_AS_rep_1,GCA_963849015.1,CAWKFK010000002.1,etfA,66,7.264e-14,0.333
FW_TWAS_AS_rep_1,GCA_963849015.1,CAWKFK010000013.1,dppA,70,1.179e-14,0.246
FW_TWAS_AS_rep_1,GCA_963849015.1,CAWKFK010000005.1,lctC,437,2.574e-137,0.484
FW_TWAS_AS_rep_1,GCA_963849015.1,CAWKFK010000018.1,fwdA,44,2.026e-6,0.428
FW_TWAS_AS_rep_1,GCA_963849015.1,CAWKFK010000010.1,fadD,160,2.766e-42,0.294
FW_TWAS_AS_rep_1,GCA_963849015.1,CAWKFK010000009.1,crt,130,9.487e-35,0.356
FW_TWAS_AS_rep_1,GCA_963849015.1,CAWKFK010000017.1,fadE,221,9.231e-64,0.414
FW_TWAS_AS_rep_1,GCA_963849015.1,CAWKFK010000015.1,fadE,109,8.926e-28,0.345
FW_TWAS_AS_rep_1,GCA_963849015.1,CAWKFK010000006.1,dppC,239,1.938e-72,0.477
FW_TWAS_AS_rep_1,GCA_963849015.1,CAWKFK010000017.1,dppB,233,2.25e-68,0.409
FW_TWAS_AS_rep_1,GCA_963849015.1,CAWKFK010000006.1,dtpT,49,1.88e-8,0.292
FW_TWAS_AS_rep_1,GCA_963849015.1,CAWKFK010000001.1,extracellular_protease,87,1.355e-19,0.303
FW_TWAS_AS_rep_1,GCA_963849015.1,CAWKFK010000006.1,adh,76,2.429e-17,0.303
FW_TWAS_AS_rep_1,GCA_963849015.1,CAWKFK010000007.1,crt,156,5.418e-44,0.396
FW_TWAS_AS_rep_1,GCA_963849015.1,CAWKFK010000010.1,prdB,50,1.345e-9,0.312
FW_TWAS_AS_rep_1,GCA_963849015.1,CAWKFK010000006.1,cat,135,2.414e-37,0.619
FW_TWAS_AS_rep_1,GCA_963849015.1,CAWKFK010000006.1,thl,152,1.016e-39,0.377
FW_TWAS_AS_rep_1,GCA_963849015.1,CAWKFK010000010.1,acs,136,1.389e-34,0.262
FW_TWAS_AS_rep_1,GCA_963849015.1,CAWKFK010000006.1,fdhA,51,2.616e-9,0.305
FW_TWAS_AS_rep_1,GCA_963849015.1,CAWKFK010000018.1,bcd,196,5.265e-56,0.327
FW_TWAS_AS_rep_1,GCA_963849015.1,CAWKFK010000005.1,oppA,58,1.053e-10,0.276
FW_TWAS_AS_rep_1,GCA_963849015.1,CAWKFK010000016.1,crt,151,4.031e-40,0.393
FW_TWAS_AS_rep_1,GCA_963849015.1,CAWKFK010000006.1,fadB,268,4.075e-74,0.352
FW_TWAS_AS_rep_1,GCA_963849015.1,CAWKFK010000010.1,bcd,119,3.267e-30,0.317
FW_TWAS_AS_rep_1,GCA_963849015.1,CAWKFK010000011.1,edd,113,2.842e-30,0.355
FW_TWAS_AS_rep_1,GCA_963849015.1,CAWKFK010000005.1,dppA,85,6.515e-19,0.349
FW_TWAS_AS_rep_1,GCA_963849015.1,CAWKFK010000005.1,ackA,246,1.955e-73,0.455
FW_TWAS_AS_rep_1,GCA_963849015.1,CAWKFK010000010.1,ilvE,142,8.448e-39,0.34
FW_TWAS_AS_rep_1,GCA_963849015.1,CAWKFK010000003.1,acs,235,2.728e-67,0.349
FW_TWAS_AS_rep_1,GCA_963849015.1,CAWKFK010000001.1,mvhA,432,7.375e-133,0.444
FW_TWAS_AS_rep_1,GCA_963849015.1,CAWKFK010000006.1,fwdA,46,1.056e-6,0.263
FW_TWAS_AS_rep_1,GCA_963849015.1,CAWKFK010000014.1,thl,287,2.739e-80,0.45
FW_TWAS_AS_rep_1,GCA_963849015.1,CAWKFK010000010.1,etfA,110,1.239e-26,0.389
FW_TWAS_AS_rep_1,GCA_963849015.1,CAWKFK010000009.1,fadE,111,5.551e-28,0.31
FW_TWAS_AS_rep_1,GCA_963849015.1,CAWKFK010000003.1,oppA,151,1.084e-39,0.295
FW_TWAS_AS_rep_1,GCA_963849015.1,CAWKFK010000018.1,fadB,117,1.152e-29,0.389
FW_TWAS_AS_rep_1,GCA_963849015.1,CAWKFK010000011.1,dppA,154,4.891e-40,0.278
FW_TWAS_AS_rep_1,GCA_963849015.1,CAWKFK010000006.1,frhG,44,1.082e-7,0.258
FW_TWAS_AS_rep_1,GCA_963849015.1,CAWKFK010000007.1,bcd,243,7.217e-72,0.363
FW_TWAS_AS_rep_1,GCA_963849015.1,CAWKFK010000016.1,bcd,125,5.861e-32,0.297
FW_TWAS_AS_rep_1,GCA_963849015.1,CAWKFK010000012.1,pepQ,160,2.684e-42,0.325
FW_TWAS_AS_rep_1,GCA_963849015.1,CAWKFK010000006.1,hydA,55,8.429e-12,0.34
FW_TWAS_AS_rep_1,GCA_963849015.1,CAWKFK010000017.1,dppA,209,2.784e-57,0.323
FW_TWAS_AS_rep_1,GCA_963849015.1,CAWKFK010000013.1,bcd,188,1.151e-53,0.336
FW_TWAS_AS_rep_1,GCA_963849015.1,CAWKFK010000014.1,fadE,254,3.247e-75,0.408
FW_TWAS_AS_rep_1,GCA_963849015.1,CAWKFK010000005.1,etfB,289,5.657e-90,0.697
FW_TWAS_AS_rep_1,GCA_963849015.1,CAWKFK010000011.1,frhB,47,6.197e-8,0.367
FW_TWAS_AS_rep_1,GCA_963849015.1,CAWKFK010000013.1,dppB,210,6.579e-61,0.398
FW_TWAS_AS_rep_1,GCA_963849015.1,CAWKFK010000001.1,fdhA,58,8.791e-11,0.279
FW_TWAS_AS_rep_1,GCA_963849015.1,CAWKFK010000001.1,fadD,209,6.018e-58,0.323
FW_TWAS_AS_rep_1,GCA_963849015.1,CAWKFK010000013.1,adh,51,2.19e-8,0.286
FW_TWAS_AS_rep_1,GCA_963849015.1,CAWKFK010000013.1,oppA,99,1.534e-23,0.28
FW_TWAS_AS_rep_1,GCA_963849015.1,CAWKFK010000006.1,fadA,175,1.346e-51,0.559
FW_TWAS_AS_rep_1,GCA_963849015.1,CAWKFK010000012.1,fadB,188,1.019e-50,0.388
FW_TWAS_AS_rep_1,GCA_963849015.1,CAWKFK010000005.1,edd,69,2.552e-15,0.29
FW_TWAS_AS_rep_1,GCA_963849015.1,CAWKFK010000010.1,crt,163,1.279e-46,0.416
FW_TWAS_AS_rep_1,GCA_963849015.1,CAWKFK010000004.1,dppC,140,9.801e-39,0.431
FW_TWAS_AS_rep_1,GCA_963849015.1,CAWKFK010000006.1,mmcE,397,1.365e-117,0.453
FW_TWAS_AS_rep_1,GCA_963849015.1,CAWKFK010000014.1,mmcF,108,2.068e-27,0.479
FW_TWAS_AS_rep_1,GCA_963849015.1,CAWKFK010000016.1,thl,152,1.16e-42,0.527
FW_TWAS_AS_rep_1,GCA_963849015.1,CAWKFK010000005.1,lctB,82,5.021e-22,0.457
FW_TWAS_AS_rep_1,GCA_963849015.1,CAWKFK010000005.1,dppB,132,3.724e-34,0.372
FW_TWAS_AS_rep_1,GCA_963849015.1,CAWKFK010000012.1,mmcF,49,3.546e-9,0.329
FW_TWAS_AS_rep_1,GCA_963849015.1,CAWKFK010000006.1,acs,728,2.69e-234,0.559
FW_TWAS_AS_rep_1,GCA_963849015.1,CAWKFK010000011.1,oppA,171,2.811e-45,0.29
FW_TWAS_AS_rep_1,GCA_963849015.1,CAWKFK010000012.1,tdcB,283,3.284e-86,0.505
FW_TWAS_AS_rep_1,GCA_963849015.1,CAWKFK010000007.1,acs,121,3.312e-30,0.264
FW_TWAS_AS_rep_1,GCA_963849015.1,CAWKFK010000014.1,fadB,115,1.085e-27,0.276
FW_TWAS_AS_rep_1,GCA_963849015.1,CAWKFK010000014.1,tdcB,173,1.209e-45,0.447
FW_TWAS_AS_rep_1,GCA_963849015.1,CAWKFK010000014.1,crt,159,1.725e-44,0.399
FW_TWAS_AS_rep_1,GCA_963849015.1,CAWKFK010000006.1,frhB,41,7.736e-6,0.388
FW_TWAS_AS_rep_1,GCA_963849015.1,CAWKFK010000005.1,fadE,458,1.975e-146,0.6
FW_TWAS_AS_rep_1,GCA_963849015.1,CAWKFK010000011.1,fadA,327,5.887e-97,0.477
FW_TWAS_AS_rep_1,GCA_963849015.1,CAWKFK010000009.1,fadD,49,1.6e-8,0.309
FW_TWAS_AS_rep_1,GCA_963849015.1,CAWKFK010000004.1,sucD,327,2.51e-102,0.548
FW_TWAS_AS_rep_1,GCA_963849015.1,CAWKFK010000007.1,acylglycerol_lipase,85,1.607e-18,0.3
FW_TWAS_AS_rep_1,GCA_963849015.1,CAWKFK010000014.1,adh,52,4.383e-9,0.353
FW_TWAS_AS_rep_1,GCA_963849015.1,CAWKFK010000013.1,fadA,75,2.284e-16,0.261
FW_TWAS_AS_rep_1,GCA_963849015.1,CAWKFK010000005.1,bcd,252,2.041e-75,0.384
FW_TWAS_AS_rep_1,GCA_963849015.1,CAWKFK010000008.1,bcd,106,4.452e-26,0.297
FW_TWAS_AS_rep_1,GCA_963849015.1,CAWKFK010000006.1,xylB,58,5.887e-11,0.248
FW_TWAS_AS_rep_1,GCA_963849015.1,CAWKFK010000013.1,fadB,74,1.635e-16,0.305
FW_TWAS_AS_rep_1,GCA_963849015.1,CAWKFK010000011.1,bcd,236,4.997e-70,0.363
FW_TWAS_AS_rep_1,GCA_963849015.1,CAWKFK010000018.1,fadE,352,1.091e-109,0.497
FW_TWAS_AS_rep_1,GCA_963849015.1,CAWKFK010000006.1,pfor,144,4.063e-38,0.329
FW_TWAS_AS_rep_1,GCA_963849015.1,CAWKFK010000011.1,fadD,252,2.516e-73,0.376
FW_TWAS_AS_rep_1,GCA_963849015.1,CAWKFK010000012.1,thl,214,4.348e-60,0.491
FW_TWAS_AS_rep_1,GCA_963849015.1,CAWKFK010000011.1,pepA,391,4.876e-121,0.516
FW_TWAS_AS_rep_1,GCA_963849015.1,CAWKFK010000007.1,fadE,248,1.649e-70,0.424
FW_TWAS_AS_rep_1,GCA_963849015.1,CAWKFK010000003.1,oppB,183,9.567e-53,0.391
FW_TWAS_AS_rep_1,GCA_963849015.1,CAWKFK010000008.1,acs,166,1.419e-44,0.286
FW_TWAS_AS_rep_1,GCA_963849015.1,CAWKFK010000009.1,bcd,104,1.477e-25,0.299
FW_TWAS_AS_rep_1,GCA_963849015.1,CAWKFK010000005.1,folD,347,1.044e-109,0.616
FW_TWAS_AS_rep_1,GCA_963849015.1,CAWKFK010000006.1,lysophospholipase,82,1.203e-17,0.309
FW_TWAS_AS_rep_1,GCA_963849015.1,CAWKFK010000010.1,gdh,288,7.402e-89,0.55
FW_TWAS_AS_rep_1,GCA_963849015.1,CAWKFK010000014.1,mmcE,351,5.387e-107,0.398
FW_TWAS_AS_rep_1,GCA_963849015.1,CAWKFK010000013.1,oppB,184,4.524e-52,0.392
FW_TWAS_AS_rep_1,GCA_963849015.1,CAWKFK010000002.1,gdh,570,3.256e-183,0.629
FW_TWAS_AS_rep_1,GCA_963849015.1,CAWKFK010000014.1,fadA,368,1.591e-105,0.519
FW_TWAS_AS_rep_1,GCA_963849015.1,CAWKFK010000010.1,fadE,123,2.306e-31,0.319
FW_TWAS_AS_rep_1,GCA_963849015.1,CAWKFK010000004.1,oppB,164,4.661e-46,0.393
FW_TWAS_AS_rep_1,GCA_963849015.1,CAWKFK010000018.1,adh,71,4.442e-15,0.272
FW_TWAS_AS_rep_1,GCA_963849015.1,CAWKFK010000013.1,fadE,207,1.453e-60,0.404
FW_TWAS_AS_rep_1,GCA_963849015.1,CAWKFK010000005.1,adh,50,1.338e-8,0.328
FW_TWAS_AS_rep_1,GCA_963849015.1,CAWKFK010000005.1,oppB,132,2.772e-34,0.363
FW_TWAS_AS_rep_1,GCA_963849015.1,CAWKFK010000014.1,etfA,86,1.023e-20,0.322
FW_TWAS_AS_rep_1,GCA_963849015.1,CAWKFK010000009.1,esterase,77,3.371e-17,0.412
FW_TWAS_AS_rep_1,GCA_963849015.1,CAWKFK010000005.1,pyk,147,2.821e-42,0.452
FW_TWAS_AS_rep_1,GCA_963849015.1,CAWKFK010000012.1,crt,167,2.673e-47,0.412
FW_TWAS_AS_rep_1,GCA_963849015.1,CAWKFK010000001.1,acs,164,1.808e-43,0.3
FW_TWAS_AS_rep_1,GCA_963849015.1,CAWKFK010000015.1,bcd,68,1.424e-14,0.358
FW_TWAS_AS_rep_1,GCA_963849015.1,CAWKFK010000004.1,oppA,93,6.254e-23,0.305
FW_TWAS_AS_rep_1,GCA_963849015.1,CAWKFK010000017.1,oppB,195,1.574e-55,0.401
FW_TWAS_AS_rep_1,GCA_963849015.1,CAWKFK010000005.1,adhE,178,6.586e-50,0.328
FW_TWAS_AS_rep_1,GCA_963849015.1,CAWKFK010000004.1,dppB,187,7.588e-54,0.416
FW_TWAS_AS_rep_1,GCA_963849015.1,CAWKFK010000010.1,fadB,93,6.512e-23,0.347
FW_TWAS_AS_rep_1,GCA_963849015.1,CAWKFK010000006.1,xylA,43,4.546e-6,0.314
FW_TWAS_AS_rep_1,GCA_963849015.1,CAWKFK010000017.1,fdhA,432,6.985e-128,0.387
FW_TWAS_AS_rep_1,GCA_963849015.1,CAWKFK010000014.1,fadD,221,3.318e-63,0.328
FW_TWAS_AS_rep_1,GCA_963849015.1,CAWKFK010000017.1,oppA,205,8.881e-56,0.303
FW_TWAS_AS_rep_1,GCA_963849015.1,CAWKFK010000001.1,fadA,192,1.619e-56,0.453
FW_TWAS_AS_rep_1,GCA_963849015.1,CAWKFK010000017.1,fadB,76,2.325e-16,0.303
FW_TWAS_AS_rep_1,GCA_963849015.1,CAWKFK010000005.1,fadB,298,6.209e-86,0.34
FW_TWAS_AS_rep_1,GCA_963849015.1,CAWKFK010000013.1,dppC,166,1.833e-44,0.405
FW_TWAS_AS_rep_1,GCA_963849015.1,CAWKFK010000011.1,acs,441,5.198e-131,0.409
FW_TWAS_AS_rep_1,GCA_963849015.1,CAWKFK010000005.1,etfA,274,8.661e-85,0.72
FW_TWAS_AS_rep_1,GCA_963849015.1,CAWKFK010000004.1,adh,42,3.846e-6,0.208
FW_TWAS_AS_rep_1,GCA_963849015.1,CAWKFK010000006.1,acylglycerol_lipase,172,5.597e-45,0.421
FW_TWAS_AS_rep_1,GCA_963849015.1,CAWKFK010000001.1,fadE,405,4.877e-124,0.51
FW_TWAS_AS_rep_1,GCA_963849015.1,CAWKFK010000018.1,mdh,190,6.901e-55,0.418
FW_TWAS_AS_rep_1,GCA_963849015.1,CAWKFK010000003.1,cat,96,1.508e-24,0.423
FW_TWAS_AS_rep_1,GCA_963849015.1,CAWKFK010000009.1,adh,57,3.209e-10,0.24
FW_TWAS_AS_rep_1,GCA_963849015.1,CAWKFK010000012.1,etfA,106,1.538e-25,0.342
FW_TWAS_AS_rep_1,GCA_963849015.1,CAWKFK010000005.1,crt,193,3.604e-57,0.457
FW_TWAS_AS_rep_1,GCA_963849015.1,CAWKFK010000018.1,hbd,174,1.109e-48,0.543
FW_TWAS_AS_rep_1,GCA_963849015.1,CAWKFK010000001.1,mvhG,108,2.24e-28,0.337
FW_TWAS_AS_rep_1,GCA_963849015.1,CAWKFK010000005.1,hbd,226,1.857e-62,0.43
FW_TWAS_AS_rep_1,GCA_963849015.1,CAWKFK010000006.1,fumB,268,4.415e-79,0.384
FW_TWAS_AS_rep_1,GCA_963849015.1,CAWKFK010000006.1,dppA,177,1.702e-48,0.278
FW_TWAS_AS_rep_1,GCA_963849015.1,CAWKFK010000013.1,acs,179,1.326e-48,0.311
FW_TWAS_AS_rep_1,GCA_963849015.1,CAWKFK010000017.1,dppC,184,5.779e-53,0.394
FW_TWAS_AS_rep_1,GCA_963849015.1,CAWKFK010000014.1,aldh,49,7.918e-8,0.269
FW_TWAS_AS_rep_1,GCA_963849015.1,CAWKFK010000011.1,fdhA,678,1.808e-209,0.424
FW_TWAS_AS_rep_1,GCA_963849015.1,CAWKFK010000003.1,dppB,243,2.626e-73,0.451
FW_TWAS_AS_rep_1,GCA_963849015.1,CAWKFK010000016.1,adh,51,4.022e-9,0.263
FW_TWAS_AS_rep_1,GCA_963849015.1,CAWKFK010000007.1,fadD,159,2.474e-42,0.31
FW_TWAS_AS_rep_1,GCA_963849015.1,CAWKFK010000011.1,thl,302,1.799e-88,0.443
FW_TWAS_AS_rep_1,GCA_963849015.1,CAWKFK010000006.1,mmcG,68,1.871e-15,0.304
FW_TWAS_AS_rep_1,GCA_963849015.1,CAWKFK010000012.1,glcP,43,1.594e-6,0.285
FW_TWAS_AS_rep_1,GCA_963849015.1,CAWKFK010000017.1,lctB,66,9.483e-13,0.285
FW_TWAS_AS_rep_1,GCA_963849015.1,CAWKFK010000011.1,hydA,80,4.982e-17,0.274
FW_TWAS_AS_rep_1,GCA_963849015.1,CAWKFK010000018.1,acylglycerol_lipase,56,9.808e-11,0.263
FW_TWAS_AS_rep_1,GCA_963849015.1,CAWKFK010000017.1,bcd,145,1.301e-38,0.3
FW_TWAS_AS_rep_1,GCA_963849015.1,CAWKFK010000014.1,edd,213,7.194e-58,0.299
FW_TWAS_AS_rep_1,GCA_963849015.1,CAWKFK010000013.1,etfA,67,2.496e-14,0.303
FW_TWAS_AS_rep_1,GCA_963849015.1,CAWKFK010000012.1,mer,77,3.744e-17,0.257
FW_TWAS_AS_rep_1,GCA_963849015.1,CAWKFK010000018.1,fadD,66,1.41e-13,0.309
FW_TWAS_AS_rep_1,GCA_963849015.1,CAWKFK010000005.1,fadD,271,1.626e-78,0.352
FW_TWAS_AS_rep_1,GCA_963849015.1,CAWKFK010000009.1,acs,57,1.477e-11,0.277
FW_TWAS_AS_rep_1,GCA_963849015.1,CAWKFK010000006.1,grdB,58,1.117e-11,0.289
FW_TWAS_AS_rep_1,GCA_963849015.1,CAWKFK010000006.1,tdcB,196,1.141e-56,0.436
FW_TWAS_AS_rep_1,GCA_963849015.1,CAWKFK010000006.1,oppA,196,8.905e-55,0.315
FW_TWAS_AS_rep_1,GCA_963849015.1,CAWKFK010000014.1,bcd,198,2.937e-58,0.411
FW_TWAS_AS_rep_1,GCA_963849015.1,CAWKFK010000016.1,fadE,151,1.405e-40,0.339
FW_TWAS_AS_rep_1,GCA_963849015.1,CAWKFK010000005.1,mvhD,50,2.465e-8,0.315
FW_TWAS_AS_rep_1,GCA_963849015.1,CAWKFK010000014.1,hbd,119,5.182e-29,0.32
FW_TWAS_AS_rep_1,GCA_963849015.1,CAWKFK010000005.1,acs,190,5.032e-53,0.293
FW_TWAS_AS_rep_1,GCA_963849015.1,CAWKFK010000007.1,hbd,171,1.006e-48,0.383
FW_TWAS_AS_rep_1,GCA_963849015.1,CAWKFK010000001.1,hydA,74,1.768e-15,0.215
FW_TWAS_AS_rep_1,GCA_963849015.1,CAWKFK010000006.1,pgi,453,4.416e-141,0.48
FW_TWAS_AS_rep_1,GCA_963849015.1,CAWKFK010000018.1,acs,53,1.63e-9,0.27
FW_TWAS_AS_rep_1,GCA_963849015.1,CAWKFK010000013.1,thl,80,7.544e-18,0.265
FW_TWAS_AS_rep_1,GCA_963849015.1,CAWKFK010000004.1,sucC,381,3.028e-117,0.521
FW_TWAS_AS_rep_1,GCA_963849015.1,CAWKFK010000006.1,dppB,255,2.238e-77,0.449
FW_TWAS_AS_rep_1,GCA_963849015.1,CAWKFK010000001.1,pepN,146,5.657e-41,0.483
FW_TWAS_AS_rep_1,GCA_963849015.1,CAWKFK010000001.1,frhG,85,1.683e-20,0.325
FW_TWAS_AS_rep_1,GCA_963849015.1,CAWKFK010000012.1,mmcG,44,2.478e-6,0.371
FW_TWAS_AS_rep_1,GCA_963849015.1,CAWKFK010000018.1,edd,215,1.318e-60,0.333
FW_TWAS_AS_rep_1,GCA_963849015.1,CAWKFK010000007.1,fadB,109,6.737e-29,0.423
FW_TWAS_AS_rep_1,GCA_963849015.1,CAWKFK010000011.1,lctD,106,1.146e-27,0.371
FW_TWAS_AS_rep_1,GCA_963849015.1,CAWKFK010000014.1,adhE,190,8.089e-54,0.327
FW_TWAS_AS_rep_1,GCA_963849015.1,CAWKFK010000005.1,gapA,189,1.409e-56,0.521
FW_TWAS_AS_rep_1,GCA_963849015.1,CAWKFK010000014.1,acs,219,1.249e-60,0.275
FW_TWAS_AS_rep_1,GCA_963849015.1,CAWKFK010000006.1,fadE,262,8.616e-75,0.471
FW_TWAS_AS_rep_1,GCA_963849015.1,CAWKFK010000005.1,dppC,106,8.28e-28,0.33
FW_TWAS_AS_rep_1,GCA_963849015.1,CAWKFK010000006.1,gdh,170,2.863e-46,0.389
FW_TWAS_AS_rep_1,GCA_963849015.1,CAWKFK010000007.1,adhE,53,3.272e-9,0.252
FW_TWAS_AS_rep_1,GCA_963849015.1,CAWKFK010000012.1,hbd,315,2.122e-92,0.543
FW_TWAS_AS_rep_1,GCA_963849015.1,CAWKFK010000004.1,dppA,115,1.172e-30,0.33
FW_TWAS_AS_rep_1,GCA_963849015.1,CAWKFK010000011.1,oppB,212,1.335e-62,0.414
FW_TWAS_AS_rep_1,GCA_963849015.1,CAWKFK010000011.1,dppB,284,2.627e-87,0.462
FW_TWAS_AS_rep_1,GCA_963849015.1,CAWKFK010000001.1,frhA,142,1.81e-36,0.283
FW_TWAS_AS_rep_1,GCA_963849015.1,CAWKFK010000006.1,crt,167,5.853e-48,0.402
FW_TWAS_AS_rep_1,GCA_963849015.1,CAWKFK010000011.1,rnfB,183,8.57e-54,0.526
FW_TWAS_AS_rep_1,GCA_963849015.1,CAWKFK010000011.1,prdB,120,2.667e-29,0.321
FW_TWAS_AS_rep_1,GCA_963849015.1,CAWKFK010000011.1,lctC,51,1.494e-9,0.426
FW_TWAS_AS_rep_1,GCA_963849015.1,CAWKFK010000002.1,crt,132,4.24e-35,0.344
FW_TWAS_AS_rep_1,GCA_963849015.1,CAWKFK010000006.1,mmcF,128,2.319e-36,0.541
FW_TWAS_AS_rep_1,GCA_963849015.1,CAWKFK010000006.1,bcd,308,6.794e-95,0.504
FW_TWAS_AS_rep_1,GCA_963849015.1,CAWKFK010000004.1,bcd,74,2.252e-18,0.394
FW_TWAS_AS_rep_1,GCA_963849015.1,CAWKFK010000004.1,fadE,84,1.186e-21,0.464
FW_TWAS_AS_rep_1,GCA_963849015.1,CAWKFK010000007.1,etfA,119,2.866e-32,0.356
FW_TWAS_AS_rep_1,GCA_963849015.1,CAWKFK010000011.1,dppC,190,3.558e-51,0.42
FW_TWAS_AS_rep_1,GCA_963849015.1,CAWKFK010000017.1,pfkA,136,3.989e-35,0.309
FW_TWAS_AS_rep_1,GCA_963849015.1,CAWKFK010000011.1,fadE,379,2.618e-119,0.507
FW_TWAS_AS_rep_1,GCA_963849015.1,CAWKFK010000009.1,pfkA,188,8.137e-55,0.416
FW_TWAS_AS_rep_1,GCA_963849015.1,CAWKFK010000017.1,fadD,137,3.8e-35,0.314
FW_TWAS_AS_rep_1,GCA_963849015.1,CAWKFK010000001.1,bcd,258,4.059e-74,0.393
FW_TWAS_AS_rep_1,GCA_963849015.1,CAWKFK010000006.1,fadD,219,1.382e-62,0.342
FW_TWAS_AS_rep_1,GCA_963849015.1,CAWKFK010000012.1,fadE,286,3.179e-87,0.451
FW_TWAS_AS_rep_1,GCA_963849015.1,CAWKFK010000005.1,glcP,51,5.596e-9,0.244
FW_TWAS_AS_rep_1,GCA_963849015.1,CAWKFK010000017.1,acs,45,7.598e-7,0.288
FW_TWAS_AS_rep_1,GCA_963849015.1,CAWKFK010000017.1,etfA,78,7.603e-17,0.321
FW_TWAS_AS_rep_1,GCA_963849015.1,CAWKFK010000006.1,prdB,114,2.143e-30,0.483
FW_TWAS_AS_rep_1,GCA_963849015.1,CAWKFK010000011.1,endopeptidase,162,4.31e-43,0.351
FW_TWAS_AS_rep_1,GCA_963849015.1,CAWKFK010000012.1,acs,210,1.327e-58,0.308
FW_TWAS_AS_rep_1,GCA_963849015.1,CAWKFK010000005.1,mer,42,1.288e-6,0.456
FW_TWAS_AS_rep_1,GCA_963849015.1,CAWKFK010000008.1,fadE,118,1.655e-29,0.411
FW_TWAS_AS_rep_1,GCA_963849015.1,CAWKFK010000003.1,fadD,247,2.755e-71,0.349
FW_TWAS_AS_rep_1,GCA_963849015.1,CAWKFK010000017.1,sucD,57,2.824e-10,0.276
FW_TWAS_AS_rep_1,GCA_963849015.1,CAWKFK010000017.1,crt,141,1.282e-36,0.366
FW_TWAS_AS_rep_1,GCA_963849015.1,CAWKFK010000006.1,rnfB,42,2.521e-6,0.403
FW_TWAS_AS_rep_1,GCA_963849015.1,CAWKFK010000003.1,dppC,175,3.019e-51,0.484
FW_TWAS_AS_rep_1,GCA_963849015.1,CAWKFK010000017.1,tdcB,232,2.165e-66,0.58
FW_TWAS_AS_rep_1,GCA_963849015.1,CAWKFK010000012.1,mmcE,129,1.443e-35,0.493
FW_TWAS_AS_rep_1,GCA_963849015.1,CAWKFK010000012.1,fadD,222,1.709e-61,0.327
FW_TWAS_AS_rep_1,GCA_963849015.1,CAWKFK010000016.1,etfA,83,1.597e-18,0.301
FW_TWAS_AS_rep_1,GCA_963849015.1,CAWKFK010000008.1,fadD,221,9.611e-63,0.356
FW_TWAS_AS_rep_1,GCA_963849015.1,CAWKFK010000005.1,pta,151,6.464e-44,0.595
FW_TWAS_AS_rep_1,GCA_963849015.1,CAWKFK010000013.1,fadD,203,1.699e-56,0.339
FW_TWAS_AS_rep_1,GCA_963849015.1,CAWKFK010000016.1,fadA,164,1.436e-46,0.581
FW_TWAS_AS_rep_1,GCA_963849015.1,CAWKFK010000012.1,edd,202,3.991e-55,0.311
FW_TWAS_AS_rep_1,GCA_963849015.1,CAWKFK010000006.1,esterase,60,8.84e-12,0.31
FW_TWAS_AS_rep_1,GCA_963849015.1,CAWKFK010000003.1,dppA,148,1.106e-38,0.281
FW_TWAS_AS_rep_1,GCA_963849015.1,CAWKFK010000009.1,fadB,99,1.65e-24,0.324
FW_TWAS_AS_rep_1,GCA_963849015.1,CAWKFK010000006.1,etfA,107,1.957e-27,0.327
FW_TWAS_AS_rep_1,GCA_963849015.1,CAWKFK010000006.1,oppB,233,6.601e-70,0.447
FW_TWAS_AS_rep_1,GCA_963849015.1,CAWKFK010000006.1,hbd,163,3.211e-42,0.44
FW_TWAS_AS_rep_1,GCA_963849015.1,CAWKFK010000011.1,crt,143,3.079e-37,0.358
FW_TWAS_AS_rep_1,GCA_963849015.1,CAWKFK010000013.1,crt,145,1.582e-40,0.367
FW_TWAS_AS_rep_1,GCA_963849015.1,CAWKFK010000012.1,fadA,163,2.048e-43,0.439
FW_TWAS_AS_rep_1,GCA_963849015.1,CAWKFK010000011.1,cdhC,46,1.1e-7,0.338
FW_TWAS_AS_rep_1,GCA_041904965.1,JAYRMA010000151.1,thl,257,1.111e-76,0.39
FW_TWAS_AS_rep_1,GCA_041904965.1,JAYRMA010000123.1,acs,244,4.608e-68,0.288
FW_TWAS_AS_rep_1,GCA_041904965.1,JAYRMA010000058.1,hbd,138,5.59e-35,0.332
FW_TWAS_AS_rep_1,GCA_041904965.1,JAYRMA010000241.1,cat,232,7.214e-69,0.588
FW_TWAS_AS_rep_1,GCA_041904965.1,JAYRMA010000032.1,lctB,92,1.243e-21,0.277
FW_TWAS_AS_rep_1,GCA_041904965.1,JAYRMA010000125.1,pepT,78,3.511e-17,0.285
FW_TWAS_AS_rep_1,GCA_041904965.1,JAYRMA010000010.1,thl,412,2.741e-130,0.595
FW_TWAS_AS_rep_1,GCA_041904965.1,JAYRMA010000153.1,crt,120,1.626e-31,0.334
FW_TWAS_AS_rep_1,GCA_041904965.1,JAYRMA010000081.1,dppA,78,7.215e-17,0.203
FW_TWAS_AS_rep_1,GCA_041904965.1,JAYRMA010000022.1,sucC,407,1.303e-128,0.543
FW_TWAS_AS_rep_1,GCA_041904965.1,JAYRMA010000010.1,adh,66,2.61e-14,0.291
FW_TWAS_AS_rep_1,GCA_041904965.1,JAYRMA010000058.1,etfA,51,1.47e-8,0.307
FW_TWAS_AS_rep_1,GCA_041904965.1,JAYRMA010000008.1,eda,199,1.56e-59,0.563
FW_TWAS_AS_rep_1,GCA_041904965.1,JAYRMA010000014.1,bcd,88,1.22e-20,0.24
FW_TWAS_AS_rep_1,GCA_041904965.1,JAYRMA010000274.1,acylglycerol_lipase,60,5.436e-12,0.254
FW_TWAS_AS_rep_1,GCA_041904965.1,JAYRMA010000122.1,acs,128,1.113e-32,0.273
FW_TWAS_AS_rep_1,GCA_041904965.1,JAYRMA010000018.1,fadA,256,8.1e-76,0.426
FW_TWAS_AS_rep_1,GCA_041904965.1,JAYRMA010000057.1,hydA,71,9.615e-15,0.278
FW_TWAS_AS_rep_1,GCA_041904965.1,JAYRMA010000324.1,bcd,139,5.556e-37,0.297
FW_TWAS_AS_rep_1,GCA_041904965.1,JAYRMA010000070.1,acs,101,2.806e-24,0.282
FW_TWAS_AS_rep_1,GCA_041904965.1,JAYRMA010000025.1,fadD,215,9.709e-61,0.315
FW_TWAS_AS_rep_1,GCA_041904965.1,JAYRMA010000142.1,hydA,57,2.543e-13,0.346
FW_TWAS_AS_rep_1,GCA_041904965.1,JAYRMA010000151.1,etfA,81,1.237e-17,0.32
FW_TWAS_AS_rep_1,GCA_041904965.1,JAYRMA010000182.1,fumB,258,8.714e-75,0.37
FW_TWAS_AS_rep_1,GCA_041904965.1,JAYRMA010000151.1,hbd,196,1.351e-52,0.409
FW_TWAS_AS_rep_1,GCA_041904965.1,JAYRMA010000065.1,oppB,210,4.829e-61,0.409
FW_TWAS_AS_rep_1,GCA_041904965.1,JAYRMA010000150.1,etfA,67,2.461e-14,0.269
FW_TWAS_AS_rep_1,GCA_041904965.1,JAYRMA010000003.1,hydA,47,3.913e-8,0.407
FW_TWAS_AS_rep_1,GCA_041904965.1,JAYRMA010000095.1,fadB,390,5.26e-118,0.356
FW_TWAS_AS_rep_1,GCA_041904965.1,JAYRMA010000024.1,oppB,206,2.733e-60,0.384
FW_TWAS_AS_rep_1,GCA_041904965.1,JAYRMA010000151.1,bcd,236,9.997e-70,0.374
FW_TWAS_AS_rep_1,GCA_041904965.1,JAYRMA010000032.1,edd,235,2.219e-65,0.327
FW_TWAS_AS_rep_1,GCA_041904965.1,JAYRMA010000176.1,etfA,55,2.66e-10,0.31
FW_TWAS_AS_rep_1,GCA_041904965.1,JAYRMA010000018.1,acs,160,1.055e-41,0.282
FW_TWAS_AS_rep_1,GCA_041904965.1,JAYRMA010000037.1,lysophospholipase,88,3.317e-21,0.326
FW_TWAS_AS_rep_1,GCA_041904965.1,JAYRMA010000153.1,etfA,74,1.785e-16,0.295
FW_TWAS_AS_rep_1,GCA_041904965.1,JAYRMA010000124.1,etfA,72,9.233e-16,0.304
FW_TWAS_AS_rep_1,GCA_041904965.1,JAYRMA010000151.1,fadE,436,1.46e-138,0.554
FW_TWAS_AS_rep_1,GCA_041904965.1,JAYRMA010000007.1,crt,290,1.476e-90,0.618
FW_TWAS_AS_rep_1,GCA_041904965.1,JAYRMA010000006.1,etfA,72,4.845e-16,0.277
FW_TWAS_AS_rep_1,GCA_041904965.1,JAYRMA010000113.1,adh,47,5.127e-8,0.274
FW_TWAS_AS_rep_1,GCA_041904965.1,JAYRMA010000049.1,fadB,194,4.095e-54,0.425
FW_TWAS_AS_rep_1,GCA_041904965.1,JAYRMA010000095.1,fadA,130,7.8e-37,0.435
FW_TWAS_AS_rep_1,GCA_041904965.1,JAYRMA010000049.1,hbd,297,9.231e-89,0.541
FW_TWAS_AS_rep_1,GCA_041904965.1,JAYRMA010000037.1,acylglycerol_lipase,182,6.841e-53,0.407
FW_TWAS_AS_rep_1,GCA_041904965.1,JAYRMA010000128.1,acs,66,4.488e-13,0.225
FW_TWAS_AS_rep_1,GCA_041904965.1,JAYRMA010000095.1,thl,106,1.16e-28,0.395
FW_TWAS_AS_rep_1,GCA_041904965.1,JAYRMA010000088.1,mmcF,130,9.014e-33,0.523
FW_TWAS_AS_rep_1,GCA_041904965.1,JAYRMA010000018.1,thl,384,8.008e-120,0.553
FW_TWAS_AS_rep_1,GCA_041904965.1,JAYRMA010000166.1,bcd,216,1.638e-62,0.416
FW_TWAS_AS_rep_1,GCA_041904965.1,JAYRMA010000307.1,fadE,98,3.134e-23,0.28
FW_TWAS_AS_rep_1,GCA_041904965.1,JAYRMA010000017.1,tdcB,141,9.043e-39,0.367
FW_TWAS_AS_rep_1,GCA_041904965.1,JAYRMA010000066.1,pepN,388,4.8e-114,0.385
FW_TWAS_AS_rep_1,GCA_041904965.1,JAYRMA010000031.1,acs,80,2.487e-18,0.321
FW_TWAS_AS_rep_1,GCA_041904965.1,JAYRMA010000275.1,acylglycerol_lipase,53,1.187e-10,0.3
FW_TWAS_AS_rep_1,GCA_041904965.1,JAYRMA010000307.1,bcd,135,4.592e-35,0.326
FW_TWAS_AS_rep_1,GCA_041904965.1,JAYRMA010000126.1,mdh,188,4.799e-54,0.415
FW_TWAS_AS_rep_1,GCA_041904965.1,JAYRMA010000070.1,fadD,174,1.051e-47,0.346
FW_TWAS_AS_rep_1,GCA_041904965.1,JAYRMA010000006.1,crt,110,1.385e-28,0.356
FW_TWAS_AS_rep_1,GCA_041904965.1,JAYRMA010000023.1,endopeptidase,218,6.469e-61,0.379
FW_TWAS_AS_rep_1,GCA_041904965.1,JAYRMA010000152.1,bcd,113,1.295e-27,0.288
FW_TWAS_AS_rep_1,GCA_041904965.1,JAYRMA010000150.1,crt,121,3.273e-32,0.335
FW_TWAS_AS_rep_1,GCA_041904965.1,JAYRMA010000095.1,acs,103,5.26e-25,0.269
FW_TWAS_AS_rep_1,GCA_041904965.1,JAYRMA010000066.1,fadD,169,1.143e-45,0.304
FW_TWAS_AS_rep_1,GCA_041904965.1,JAYRMA010000007.1,fadB,113,7.052e-30,0.35
FW_TWAS_AS_rep_1,GCA_041904965.1,JAYRMA010000026.1,etfA,74,1.431e-16,0.398
FW_TWAS_AS_rep_1,GCA_041904965.1,JAYRMA010000124.1,fadB,77,2.763e-17,0.302
FW_TWAS_AS_rep_1,GCA_041904965.1,JAYRMA010000024.1,dppA,186,1.598e-51,0.296
FW_TWAS_AS_rep_1,GCA_041904965.1,JAYRMA010000018.1,fadE,235,1.979e-69,0.345
FW_TWAS_AS_rep_1,GCA_041904965.1,JAYRMA010000165.1,fadB,172,4.01e-47,0.33
FW_TWAS_AS_rep_1,GCA_041904965.1,JAYRMA010000095.1,crt,121,8.422e-30,0.364
FW_TWAS_AS_rep_1,GCA_041904965.1,JAYRMA010000332.1,fadA,319,5.214e-98,0.518
FW_TWAS_AS_rep_1,GCA_041904965.1,JAYRMA010000166.1,fadE,233,2.049e-68,0.429
FW_TWAS_AS_rep_1,GCA_041904965.1,JAYRMA010000008.1,fadD,195,4.909e-54,0.321
FW_TWAS_AS_rep_1,GCA_041904965.1,JAYRMA010000012.1,tdcB,62,2.985e-12,0.252
FW_TWAS_AS_rep_1,GCA_041904965.1,JAYRMA010000058.1,crt,123,4.91e-32,0.338
FW_TWAS_AS_rep_1,GCA_041904965.1,JAYRMA010000008.1,edd,791,1.166e-257,0.676
FW_TWAS_AS_rep_1,GCA_041904965.1,JAYRMA010000008.1,acs,174,4.53e-47,0.296
FW_TWAS_AS_rep_1,GCA_041904965.1,JAYRMA010000026.1,fadB,77,1.312e-17,0.417
FW_TWAS_AS_rep_1,GCA_041904965.1,JAYRMA010000228.1,tdcB,336,6.263e-104,0.474
FW_TWAS_AS_rep_1,GCA_041904965.1,JAYRMA010000068.1,adhE,167,1.845e-46,0.321
FW_TWAS_AS_rep_1,GCA_041904965.1,JAYRMA010000003.1,cdhC,42,1.729e-6,0.343
FW_TWAS_AS_rep_1,GCA_041904965.1,JAYRMA010000026.1,crt,121,2.677e-32,0.365
FW_TWAS_AS_rep_1,GCA_041904965.1,JAYRMA010000110.1,pepT,51,1.171e-8,0.229
FW_TWAS_AS_rep_1,GCA_041904965.1,JAYRMA010000058.1,fadE,85,8.182e-19,0.245
FW_TWAS_AS_rep_1,GCA_041904965.1,JAYRMA010000005.1,crt,112,4.242e-29,0.329
FW_TWAS_AS_rep_1,GCA_041904965.1,JAYRMA010000081.1,oppA,114,6.292e-28,0.245
FW_TWAS_AS_rep_1,GCA_041904965.1,JAYRMA010000054.1,lysophospholipase,44,1.059e-6,0.279
FW_TWAS_AS_rep_1,GCA_041904965.1,JAYRMA010000002.1,esterase,45,6.402e-7,0.333
FW_TWAS_AS_rep_1,GCA_041904965.1,JAYRMA010000058.1,fadB,113,3.741e-27,0.305
FW_TWAS_AS_rep_1,GCA_041904965.1,JAYRMA010000066.1,acylglycerol_lipase,48,4.58e-8,0.295
FW_TWAS_AS_rep_1,GCA_041904965.1,JAYRMA010000121.1,esterase,51,3.167e-9,0.353
FW_TWAS_AS_rep_1,GCA_041904965.1,JAYRMA010000165.1,fadE,239,1.056e-68,0.407
FW_TWAS_AS_rep_1,GCA_041904965.1,JAYRMA010000246.1,fadD,64,1.961e-13,0.284
FW_TWAS_AS_rep_1,GCA_041904965.1,JAYRMA010000038.1,mmcE,311,3.639e-88,0.401
FW_TWAS_AS_rep_1,GCA_041904965.1,JAYRMA010000005.1,fadE,266,9.635e-80,0.402
FW_TWAS_AS_rep_1,GCA_041904965.1,JAYRMA010000071.1,fadE,140,7.102e-36,0.334
FW_TWAS_AS_rep_1,GCA_041904965.1,JAYRMA010000024.1,pgi,495,1.484e-153,0.525
FW_TWAS_AS_rep_1,GCA_041904965.1,JAYRMA010000171.1,fdhA,332,5.357e-97,0.337
FW_TWAS_AS_rep_1,GCA_041904965.1,JAYRMA010000215.1,fadE,104,5.553e-25,0.297
FW_TWAS_AS_rep_1,GCA_041904965.1,JAYRMA010000332.1,thl,304,1.015e-92,0.48
FW_TWAS_AS_rep_1,GCA_041904965.1,JAYRMA010000135.1,fadB,210,9.401e-61,0.33
FW_TWAS_AS_rep_1,GCA_041904965.1,JAYRMA010000095.1,etfA,69,4.202e-14,0.392
FW_TWAS_AS_rep_1,GCA_041904965.1,JAYRMA010000018.1,fadD,228,2.273e-63,0.318
FW_TWAS_AS_rep_1,GCA_041904965.1,JAYRMA010000003.1,acs,532,1.192e-166,0.446
FW_TWAS_AS_rep_1,GCA_041904965.1,JAYRMA010000067.1,acs,97,6.41e-23,0.259
FW_TWAS_AS_rep_1,GCA_041904965.1,JAYRMA010000318.1,lysophospholipase,44,6.53e-7,0.268
FW_TWAS_AS_rep_1,GCA_041904965.1,JAYRMA010000058.1,acylglycerol_lipase,59,1.597e-11,0.29
FW_TWAS_AS_rep_1,GCA_041904965.1,JAYRMA010000036.1,bcd,173,3.519e-47,0.315
FW_TWAS_AS_rep_1,GCA_041904965.1,JAYRMA010000033.1,crt,116,2.185e-29,0.356
FW_TWAS_AS_rep_1,GCA_041904965.1,JAYRMA010000107.1,endopeptidase,74,9.322e-16,0.339
FW_TWAS_AS_rep_1,GCA_041904965.1,JAYRMA010000018.1,lipase,44,7.861e-7,0.318
FW_TWAS_AS_rep_1,GCA_041904965.1,JAYRMA010000024.1,oppA,162,7.071e-43,0.261
FW_TWAS_AS_rep_1,GCA_041904965.1,JAYRMA010000021.1,crt,43,1.295e-6,0.319
FW_TWAS_AS_rep_1,GCA_041904965.1,JAYRMA010000088.1,mmcE,551,2.928e-172,0.513
FW_TWAS_AS_rep_1,GCA_041904965.1,JAYRMA010000027.1,tdcB,161,2.378e-45,0.383
FW_TWAS_AS_rep_1,GCA_041904965.1,JAYRMA010000005.1,bcd,324,3.642e-101,0.497
FW_TWAS_AS_rep_1,GCA_041904965.1,JAYRMA010000020.1,pyk,359,2.465e-110,0.457
FW_TWAS_AS_rep_1,GCA_041904965.1,JAYRMA010000096.1,mer,52,2.55e-9,0.235
FW_TWAS_AS_rep_1,GCA_041904965.1,JAYRMA010000081.1,dppC,169,1.59e-47,0.307
FW_TWAS_AS_rep_1,GCA_041904965.1,JAYRMA010000033.1,etfA,70,6.326e-15,0.278
FW_TWAS_AS_rep_1,GCA_041904965.1,JAYRMA010000071.1,crt,121,9.429e-32,0.341
FW_TWAS_AS_rep_1,GCA_041904965.1,JAYRMA010000123.1,fadD,56,6.872e-10,0.29
FW_TWAS_AS_rep_1,GCA_041904965.1,JAYRMA010000066.1,lysophospholipase,54,3.592e-10,0.24
FW_TWAS_AS_rep_1,GCA_041904965.1,JAYRMA010000280.1,adh,40,6.21e-6,0.318
FW_TWAS_AS_rep_1,GCA_041904965.1,JAYRMA010000215.1,fadA,238,7.431e-73,0.521
FW_TWAS_AS_rep_1,GCA_041904965.1,JAYRMA010000032.1,adhE,77,1.168e-16,0.244
FW_TWAS_AS_rep_1,GCA_041904965.1,JAYRMA010000089.1,gapA,445,9.619e-143,0.66
FW_TWAS_AS_rep_1,GCA_041904965.1,JAYRMA010000325.1,acylglycerol_lipase,51,3.463e-9,0.265
FW_TWAS_AS_rep_1,GCA_041904965.1,JAYRMA010000178.1,lysophospholipase,42,2.649e-6,0.337
FW_TWAS_AS_rep_1,GCA_041904965.1,JAYRMA010000025.1,acs,123,6.887e-31,0.261
FW_TWAS_AS_rep_1,GCA_041904965.1,JAYRMA010000176.1,crt,118,1.44e-30,0.348
FW_TWAS_AS_rep_1,GCA_041904965.1,JAYRMA010000181.1,ilvE,148,4.675e-41,0.355
FW_TWAS_AS_rep_1,GCA_041904965.1,JAYRMA010000081.1,oppB,207,6.495e-58,0.368
FW_TWAS_AS_rep_1,GCA_041904965.1,JAYRMA010000042.1,fdhA,439,2.665e-131,0.39
FW_TWAS_AS_rep_1,GCA_041904965.1,JAYRMA010000122.1,fadD,183,2.804e-50,0.321
FW_TWAS_AS_rep_1,GCA_041904965.1,JAYRMA010000215.1,bcd,106,1.366e-25,0.272
FW_TWAS_AS_rep_1,GCA_041904965.1,JAYRMA010000003.1,pepT,51,9.709e-9,0.347
FW_TWAS_AS_rep_1,GCA_041904965.1,JAYRMA010000246.1,acs,344,1.534e-108,0.606
FW_TWAS_AS_rep_1,GCA_041904965.1,JAYRMA010000032.1,lctC,49,3.775e-8,0.274
FW_TWAS_AS_rep_1,GCA_041904965.1,JAYRMA010000064.1,esterase,48,5.493e-8,0.304
FW_TWAS_AS_rep_1,GCA_041904965.1,JAYRMA010000010.1,fadA,327,5.083e-101,0.505
FW_TWAS_AS_rep_1,GCA_041904965.1,JAYRMA010000051.1,crt,92,5.606e-22,0.317
FW_TWAS_AS_rep_1,GCA_041904965.1,JAYRMA010000036.1,fadE,190,1.207e-52,0.371
FW_TWAS_AS_rep_1,GCA_041904965.1,JAYRMA010000064.1,adhE,172,2.273e-47,0.315
FW_TWAS_AS_rep_1,GCA_041904965.1,JAYRMA010000058.1,fadA,342,1.014e-104,0.505
FW_TWAS_AS_rep_1,GCA_041904965.1,JAYRMA010000215.1,thl,201,3.518e-60,0.476
FW_TWAS_AS_rep_1,GCA_041904965.1,JAYRMA010000047.1,fadD,110,6.368e-27,0.318
FW_TWAS_AS_rep_1,GCA_041904965.1,JAYRMA010000058.1,thl,296,3.513e-89,0.462
FW_TWAS_AS_rep_1,GCA_041904965.1,JAYRMA010000024.1,dppB,243,5.18e-73,0.437
FW_TWAS_AS_rep_1,GCA_041904965.1,JAYRMA010000040.1,fadD,163,3.026e-42,0.319
FW_TWAS_AS_rep_1,GCA_041904965.1,JAYRMA010000325.1,fadE,90,4.196e-21,0.272
FW_TWAS_AS_rep_1,GCA_041904965.1,JAYRMA010000067.1,thl,92,1.836e-21,0.273
FW_TWAS_AS_rep_1,GCA_041904965.1,JAYRMA010000071.1,etfB,304,4.932e-95,0.669
FW_TWAS_AS_rep_1,GCA_041904965.1,JAYRMA010000022.1,sucD,313,6.3e-98,0.537
FW_TWAS_AS_rep_1,GCA_041904965.1,JAYRMA010000026.1,acs,108,5.386e-26,0.257
FW_TWAS_AS_rep_1,GCA_041904965.1,JAYRMA010000174.1,tdcB,265,1.31e-80,0.47
FW_TWAS_AS_rep_1,GCA_041904965.1,JAYRMA010000325.1,lysophospholipase,55,3.598e-10,0.25
FW_TWAS_AS_rep_1,GCA_041904965.1,JAYRMA010000065.1,dppB,240,3.856e-71,0.405
FW_TWAS_AS_rep_1,GCA_041904965.1,JAYRMA010000124.1,crt,126,9.902e-34,0.35
FW_TWAS_AS_rep_1,GCA_041904965.1,JAYRMA010000040.1,esterase,225,2.711e-64,0.33
FW_TWAS_AS_rep_1,GCA_041904965.1,JAYRMA010000066.1,acs,253,2.439e-73,0.322
FW_TWAS_AS_rep_1,GCA_041904965.1,JAYRMA010000026.1,fadD,284,6.717e-83,0.353
FW_TWAS_AS_rep_1,GCA_041904965.1,JAYRMA010000176.1,acs,149,1.239e-38,0.266
FW_TWAS_AS_rep_1,GCA_041904965.1,JAYRMA010000044.1,crt,57,1.22e-10,0.318
FW_TWAS_AS_rep_1,GCA_041904965.1,JAYRMA010000165.1,hbd,262,2.635e-77,0.45
FW_TWAS_AS_rep_1,GCA_041904965.1,JAYRMA010000151.1,crt,110,2.852e-26,0.346
FW_TWAS_AS_rep_1,GCA_041904965.1,JAYRMA010000040.1,hbd,212,1.346e-58,0.348
FW_TWAS_AS_rep_1,GCA_041904965.1,JAYRMA010000062.1,adhE,73,1.832e-15,0.24
FW_TWAS_AS_rep_1,GCA_041904965.1,JAYRMA010000003.1,rnfB,172,1.367e-50,0.476
FW_TWAS_AS_rep_1,GCA_041904965.1,JAYRMA010000176.1,fadD,223,2.442e-62,0.34
FW_TWAS_AS_rep_1,GCA_041904965.1,JAYRMA010000089.1,pepQ,171,2.3e-45,0.338
FW_TWAS_AS_rep_1,GCA_041904965.1,JAYRMA010000007.1,fwdA,44,1.082e-6,0.346
FW_TWAS_AS_rep_1,GCA_041904965.1,JAYRMA010000004.1,acs,117,5.587e-29,0.271
FW_TWAS_AS_rep_1,GCA_041904965.1,JAYRMA010000059.1,fadD,206,9.145e-58,0.347
FW_TWAS_AS_rep_1,GCA_041904965.1,JAYRMA010000067.1,adh,42,2.27e-6,0.358
FW_TWAS_AS_rep_1,GCA_041904965.1,JAYRMA010000044.1,etfA,46,5.054e-7,0.284
FW_TWAS_AS_rep_1,GCA_041904965.1,JAYRMA010000095.1,hbd,229,3.663e-64,0.363
FW_TWAS_AS_rep_1,GCA_041904965.1,JAYRMA010000040.1,fadB,396,8.933e-120,0.355
FW_TWAS_AS_rep_1,GCA_041904965.1,JAYRMA010000023.1,pepQ,57,6.295e-10,0.263
FW_TWAS_AS_rep_1,GCA_041904965.1,JAYRMA010000071.1,bcd,112,3.375e-27,0.278
FW_TWAS_AS_rep_1,GCA_041904965.1,JAYRMA010000128.1,fadD,227,5.885e-64,0.318
FW_TWAS_AS_rep_1,GCA_041904965.1,JAYRMA010000176.1,fadB,59,2.062e-11,0.323
FW_TWAS_AS_rep_1,GCA_041904965.1,JAYRMA010000180.1,fadE,227,2.472e-66,0.346
FW_TWAS_AS_rep_1,GCA_041904965.1,JAYRMA010000151.1,fadA,337,3.48e-104,0.476
FW_TWAS_AS_rep_1,GCA_041904965.1,JAYRMA010000024.1,tdcB,297,2.735e-88,0.481
FW_TWAS_AS_rep_1,GCA_041904965.1,JAYRMA010000065.1,dppA,182,3.086e-50,0.282
FW_TWAS_AS_rep_1,GCA_041904965.1,JAYRMA010000018.1,bcd,285,9.591e-87,0.415
FW_TWAS_AS_rep_1,GCA_041904965.1,JAYRMA010000181.1,adhE,48,2.985e-8,0.275
FW_TWAS_AS_rep_1,GCA_041904965.1,JAYRMA010000141.1,rnfB,45,1.707e-8,0.377
FW_TWAS_AS_rep_1,GCA_041904965.1,JAYRMA010000040.1,acs,135,1.016e-33,0.273
FW_TWAS_AS_rep_1,GCA_041904965.1,JAYRMA010000325.1,bcd,119,3.071e-30,0.296
FW_TWAS_AS_rep_1,GCA_041904965.1,JAYRMA010000152.1,fadE,136,6.541e-35,0.341
FW_TWAS_AS_rep_1,GCA_041904965.1,JAYRMA010000003.1,frhG,41,2.31e-6,0.313
FW_TWAS_AS_rep_1,GCA_041904965.1,JAYRMA010000120.1,crt,81,8.944e-19,0.312
FW_TWAS_AS_rep_1,GCA_041904965.1,JAYRMA010000150.1,hbd,51,4.48e-12,0.55
FW_TWAS_AS_rep_1,GCA_041904965.1,JAYRMA010000086.1,fadE,165,1.418e-45,0.319
FW_TWAS_AS_rep_1,GCA_041904965.1,JAYRMA010000324.1,fadE,233,1.457e-68,0.405
FW_TWAS_AS_rep_1,GCA_041904965.1,JAYRMA010000095.1,fadD,130,8.622e-34,0.304
FW_TWAS_AS_rep_1,GCA_041904965.1,JAYRMA010000003.1,fadD,124,8.703e-31,0.266
FW_TWAS_AS_rep_1,GCA_041904965.1,JAYRMA010000043.1,fadE,117,2.392e-30,0.282
FW_TWAS_AS_rep_1,GCA_041904965.1,JAYRMA010000065.1,dppC,218,7.671e-63,0.453
FW_TWAS_AS_rep_1,GCA_041904965.1,JAYRMA010000001.1,fdhA,190,1.669e-51,0.28
FW_TWAS_AS_rep_1,GCA_041904965.1,JAYRMA010000007.1,etfA,126,2.682e-34,0.403
FW_TWAS_AS_rep_1,GCA_041904965.1,JAYRMA010000071.1,etfA,300,3.034e-93,0.625
FW_TWAS_AS_rep_1,GCA_041904965.1,JAYRMA010000003.1,frhB,50,2.782e-9,0.479
FW_TWAS_AS_rep_1,GCA_041904965.1,JAYRMA010000003.1,adh,45,1.826e-7,0.247
FW_TWAS_AS_rep_1,GCA_041904965.1,JAYRMA010000124.1,acs,126,1.361e-31,0.278
FW_TWAS_AS_rep_1,GCA_041904965.1,JAYRMA010000024.1,dppC,236,4.919e-71,0.434
FW_TWAS_AS_rep_1,GCA_041904965.1,JAYRMA010000057.1,fdhA,140,5.416e-36,0.271
FW_TWAS_AS_rep_1,GCA_041904965.1,JAYRMA010000262.1,fdhA,645,6.215e-203,0.461
FW_TWAS_AS_rep_1,GCA_041904965.1,JAYRMA010000196.1,cat,95,2.587e-25,0.489
FW_TWAS_AS_rep_1,GCA_041904965.1,JAYRMA010000001.1,pepT,82,1.628e-18,0.278
FW_TWAS_AS_rep_1,GCA_041904965.1,JAYRMA010000190.1,gdh,437,4.374e-138,0.546
FW_TWAS_AS_rep_1,GCA_041904965.1,JAYRMA010000067.1,fadD,111,4.288e-27,0.266
FW_TWAS_AS_rep_1,GCA_041904965.1,JAYRMA010000086.1,bcd,175,5.049e-49,0.315
FW_TWAS_AS_rep_1,GCA_041904965.1,JAYRMA010000166.1,fadD,173,5.069e-47,0.324
FW_TWAS_AS_rep_1,GCA_041904965.1,JAYRMA010000262.1,hydA,73,3.426e-15,0.323
FW_TWAS_AS_rep_1,GCA_041904965.1,JAYRMA010000142.1,fdhA,47,1.348e-9,0.328
FW_TWAS_AS_rep_1,GCA_041904965.1,JAYRMA010000040.1,etfA,100,2.254e-23,0.394
FW_TWAS_AS_rep_1,GCA_041904965.1,JAYRMA010000044.1,acs,205,1.579e-57,0.31
FW_TWAS_AS_rep_1,GCA_041904965.1,JAYRMA010000151.1,fadB,349,1.093e-101,0.318
FW_TWAS_AS_rep_1,GCA_041904965.1,JAYRMA010000004.1,fadD,173,1.065e-46,0.309
FW_TWAS_AS_rep_1,GCA_041904965.1,JAYRMA010000135.1,hbd,198,9.666e-57,0.44
FW_TWAS_AS_rep_1,GCA_041904965.1,JAYRMA010000142.1,frhG,44,1.132e-7,0.247
FW_TWAS_AS_rep_1,GCA_041904965.1,JAYRMA010000165.1,bcd,141,1.556e-36,0.3
FW_TWAS_AS_rep_1,GCA_041904965.1,JAYRMA010000132.1,lysophospholipase,141,8.373e-40,0.362
FW_TWAS_AS_rep_1,GCA_041904965.1,JAYRMA010000159.1,phospholipase,190,8.089e-54,0.378
FW_TWAS_AS_rep_1,GCA_041904965.1,JAYRMA010000274.1,lysophospholipase,48,3.054e-8,0.299
FW_TWAS_AS_rep_1,GCA_041904965.1,JAYRMA010000075.1,pfkA,50,2.925e-8,0.263
FW_TWAS_AS_rep_1,GCA_041904965.1,JAYRMA010000166.1,acs,196,1.117e-54,0.304
FW_TWAS_AS_rep_1,GCA_041904965.1,JAYRMA010000292.1,acs,232,2.325e-70,0.459
FW_TWAS_AS_rep_1,GCA_041904965.1,JAYRMA010000180.1,bcd,222,7.409e-65,0.336
FW_TWAS_AS_rep_1,GCA_041904965.1,JAYRMA010000040.1,crt,124,7.007e-31,0.417
FW_TWAS_AS_rep_1,GCA_041904965.1,JAYRMA010000003.1,folD,344,1.028e-108,0.624
FW_TWAS_AS_rep_1,GCA_041904965.1,JAYRMA010000031.1,fadD,85,5.315e-20,0.374
FW_TWAS_AS_rep_1,GCA_041904965.1,JAYRMA010000257.1,hydA,72,2.872e-17,0.336
FW_TWAS_AS_rep_1,GCA_041904965.1,JAYRMA010000257.1,fdhA,66,2.263e-15,0.357
FW_TWAS_AS_rep_1,GCA_041904965.1,JAYRMA010000246.1,edd,243,7.775e-70,0.333
FW_TWAS_AS_rep_1,GCA_041904965.1,JAYRMA010000040.1,thl,46,5.204e-7,0.232
FW_TWAS_AS_rep_1,GCA_041904965.1,JAYRMA010000065.1,oppA,176,2.076e-48,0.295
FW_TWAS_AS_rep_1,GCA_041904965.1,JAYRMA010000124.1,fadD,146,4.873e-38,0.301
FW_TWAS_AS_rep_1,GCA_041904965.1,JAYRMA010000303.1,cat,209,3.97e-63,0.472
FW_TWAS_AS_rep_1,GCA_041904965.1,JAYRMA010000081.1,dppB,216,3.459e-61,0.388
FW_TWAS_AS_rep_1,GCA_041904965.1,JAYRMA010000079.1,crt,117,2.504e-30,0.321
FW_TWAS_AS_rep_1,GCA_041904965.1,JAYRMA010000019.1,pepA,349,1.754e-106,0.475
FW_TWAS_AS_rep_1,GCA_018604165.1,CP075895.1,dppA,161,6.116e-43,0.263
FW_TWAS_AS_rep_1,GCA_018604165.1,CP075895.1,pepN,172,1.823e-45,0.279
FW_TWAS_AS_rep_1,GCA_018604165.1,CP075895.1,fhs,634,4.283e-204,0.571
FW_TWAS_AS_rep_1,GCA_018604165.1,CP075895.1,fdhA,188,1.772e-50,0.282
FW_TWAS_AS_rep_1,GCA_018604165.1,CP075895.1,oppA,177,6.48e-48,0.291
FW_TWAS_AS_rep_1,GCA_018604165.1,CP075895.1,lctD,76,6.159e-18,0.322
FW_TWAS_AS_rep_1,GCA_018604165.1,CP075895.1,mdh,242,3.586e-73,0.429
FW_TWAS_AS_rep_1,GCA_018604165.1,CP075895.1,hbd,291,4.58e-90,0.498
FW_TWAS_AS_rep_1,GCA_018604165.1,CP075895.1,susC,84,1.824e-18,0.303
FW_TWAS_AS_rep_1,GCA_018604165.1,CP075895.1,sucD,319,5.011e-99,0.57
FW_TWAS_AS_rep_1,GCA_018604165.1,CP075895.1,etfB,169,5.426e-49,0.436
FW_TWAS_AS_rep_1,GCA_018604165.1,CP075895.1,dtpT,401,3.976e-123,0.432
FW_TWAS_AS_rep_1,GCA_018604165.1,CP075895.1,hydA,79,1.216e-17,0.273
FW_TWAS_AS_rep_1,GCA_018604165.1,CP075895.1,oppB,205,1.313e-59,0.472
FW_TWAS_AS_rep_1,GCA_018604165.1,CP075895.1,frhG,44,1.042e-7,0.342
FW_TWAS_AS_rep_1,GCA_018604165.1,CP075895.1,acylglycerol_lipase,46,3.713e-7,0.259
FW_TWAS_AS_rep_1,GCA_018604165.1,CP075895.1,fadD,330,5.032e-99,0.371
FW_TWAS_AS_rep_1,GCA_018604165.1,CP075895.1,gapA,298,4.889e-92,0.489
FW_TWAS_AS_rep_1,GCA_018604165.1,CP075895.1,crt,223,1.966e-67,0.455
FW_TWAS_AS_rep_1,GCA_018604165.1,CP075895.1,mmcF,172,7.956e-52,0.605
FW_TWAS_AS_rep_1,GCA_018604165.1,CP075895.1,sucC,346,1.981e-107,0.469
FW_TWAS_AS_rep_1,GCA_018604165.1,CP075895.1,fadE,266,3.62e-80,0.407
FW_TWAS_AS_rep_1,GCA_018604165.1,CP075895.1,mmcG,106,3.821e-29,0.419
FW_TWAS_AS_rep_1,GCA_018604165.1,CP075895.1,gdh,509,2.636e-162,0.555
FW_TWAS_AS_rep_1,GCA_018604165.1,CP075895.1,dppB,238,3.462e-71,0.43
FW_TWAS_AS_rep_1,GCA_018604165.1,CP075895.1,fadA,377,5.711e-118,0.523
FW_TWAS_AS_rep_1,GCA_018604165.1,CP075895.1,endopeptidase,46,8.233e-8,0.28
FW_TWAS_AS_rep_1,GCA_018604165.1,CP075895.1,cat,264,3.026e-82,0.594
FW_TWAS_AS_rep_1,GCA_018604165.1,CP075895.1,pta,169,9.525e-45,0.349
FW_TWAS_AS_rep_1,GCA_018604165.1,CP075895.1,mmcE,678,7.058e-220,0.659
FW_TWAS_AS_rep_1,GCA_018604165.1,CP075895.1,pepA,319,3.434e-97,0.467
FW_TWAS_AS_rep_1,GCA_018604165.1,CP075895.1,lctC,378,1.443e-117,0.464
FW_TWAS_AS_rep_1,GCA_018604165.1,CP075895.1,pepO,675,4.53e-216,0.508
FW_TWAS_AS_rep_1,GCA_018604165.1,CP075895.1,dppC,195,3.011e-56,0.479
FW_TWAS_AS_rep_1,GCA_018604165.1,CP075895.1,adh,75,3.161e-17,0.303
FW_TWAS_AS_rep_1,GCA_018604165.1,CP075895.1,lctB,235,1.362e-71,0.449
FW_TWAS_AS_rep_1,GCA_018604165.1,CP075895.1,bcd,381,5.454e-120,0.526
FW_TWAS_AS_rep_1,GCA_018604165.1,CP075895.1,etfA,199,3.042e-58,0.412
FW_TWAS_AS_rep_1,GCA_018604165.1,CP075895.1,ilvE,283,1.402e-86,0.43
FW_TWAS_AS_rep_1,GCA_018604165.1,CP075895.1,folD,299,2.987e-93,0.523
FW_TWAS_AS_rep_1,GCA_018604165.1,CP075895.1,pepT,223,7.152e-65,0.384
FW_TWAS_AS_rep_1,GCA_018604165.1,CP075895.1,thl,417,2.428e-132,0.564
FW_TWAS_AS_rep_1,GCA_018604165.1,CP075895.1,pepQ,129,1.811e-33,0.36
FW_TWAS_AS_rep_1,GCA_018604165.1,CP075895.1,extracellular_protease,72,1.65e-14,0.307
FW_TWAS_AS_rep_1,GCA_018604165.1,CP075895.1,acs,730,6.081e-236,0.572
FW_TWAS_AS_rep_1,GCA_018604165.1,CP075895.1,pyk,370,1.951e-114,0.443
FW_TWAS_AS_rep_1,GCA_018604165.1,CP075895.1,pfkA,264,2.45e-80,0.46
FW_TWAS_AS_rep_1,GCA_018604165.1,CP075895.1,fadB,191,1.384e-55,0.379
FW_TWAS_AS_rep_1,GCA_018604165.1,CP075895.1,cazy_GH5,79,2.19e-17,0.276
FW_TWAS_AS_rep_1,GCA_001604475.1,LVBQ01000011.1,fumB,143,3.213e-39,0.342
FW_TWAS_AS_rep_1,GCA_001604475.1,LVBQ01000002.1,ackA,432,2.522e-137,0.564
FW_TWAS_AS_rep_1,GCA_001604475.1,LVBQ01000217.1,susC,255,8.98e-72,0.276
FW_TWAS_AS_rep_1,GCA_001604475.1,LVBQ01000187.1,frhG,59,3.237e-14,0.431
FW_TWAS_AS_rep_1,GCA_001604475.1,LVBQ01000028.1,frhB,41,1.335e-6,0.452
FW_TWAS_AS_rep_1,GCA_001604475.1,LVBQ01000018.1,frhB,43,2.941e-6,0.425
FW_TWAS_AS_rep_1,GCA_001604475.1,LVBQ01000081.1,dppB,248,2.767e-75,0.425
FW_TWAS_AS_rep_1,GCA_001604475.1,LVBQ01000081.1,oppB,199,8.986e-59,0.393
FW_TWAS_AS_rep_1,GCA_001604475.1,LVBQ01000067.1,ackA,99,2.757e-24,0.306
FW_TWAS_AS_rep_1,GCA_001604475.1,LVBQ01000063.1,pepQ,64,3.248e-13,0.268
FW_TWAS_AS_rep_1,GCA_001604475.1,LVBQ01000014.1,acs,158,2.04e-42,0.283
FW_TWAS_AS_rep_1,GCA_001604475.1,LVBQ01000029.1,pepA,380,1.599e-117,0.471
FW_TWAS_AS_rep_1,GCA_001604475.1,LVBQ01000006.1,cazy_GH13,53,3.298e-9,0.312
FW_TWAS_AS_rep_1,GCA_001604475.1,LVBQ01000002.1,crt,163,4.752e-46,0.431
FW_TWAS_AS_rep_1,GCA_001604475.1,LVBQ01000092.1,frhB,57,4.91e-11,0.395
FW_TWAS_AS_rep_1,GCA_001604475.1,LVBQ01000092.1,pfor,40,7.594e-6,0.237
FW_TWAS_AS_rep_1,GCA_001604475.1,LVBQ01000071.1,xylB,62,5.123e-12,0.225
FW_TWAS_AS_rep_1,GCA_001604475.1,LVBQ01000047.1,frhG,51,9.372e-9,0.461
FW_TWAS_AS_rep_1,GCA_001604475.1,LVBQ01000043.1,ilvE,295,1.113e-90,0.451
FW_TWAS_AS_rep_1,GCA_001604475.1,LVBQ01000010.1,frhG,52,1.242e-9,0.385
FW_TWAS_AS_rep_1,GCA_001604475.1,LVBQ01000056.1,etfA,212,1.237e-61,0.389
FW_TWAS_AS_rep_1,GCA_001604475.1,LVBQ01000147.1,fdhA,523,3.124e-166,0.51
FW_TWAS_AS_rep_1,GCA_001604475.1,LVBQ01000069.1,grdB,592,1.246e-191,0.694
FW_TWAS_AS_rep_1,GCA_001604475.1,LVBQ01000055.1,susD,104,2.61e-26,0.292
FW_TWAS_AS_rep_1,GCA_001604475.1,LVBQ01000034.1,frhB,41,2.918e-7,0.452
FW_TWAS_AS_rep_1,GCA_001604475.1,LVBQ01000013.1,endopeptidase,216,1.177e-62,0.411
FW_TWAS_AS_rep_1,GCA_001604475.1,LVBQ01000001.1,fadA,264,2.282e-79,0.412
FW_TWAS_AS_rep_1,GCA_001604475.1,LVBQ01000081.1,hydA,48,5.341e-9,0.311
FW_TWAS_AS_rep_1,GCA_001604475.1,LVBQ01000093.1,edd,154,2.097e-42,0.354
FW_TWAS_AS_rep_1,GCA_001604475.1,LVBQ01000005.1,oppB,160,4.954e-45,0.323
FW_TWAS_AS_rep_1,GCA_001604475.1,LVBQ01000081.1,dppA,213,3.544e-60,0.296
FW_TWAS_AS_rep_1,GCA_001604475.1,LVBQ01000010.1,rnfB,96,6.434e-24,0.297
FW_TWAS_AS_rep_1,GCA_001604475.1,LVBQ01000011.1,mmcG,115,1.266e-32,0.414
FW_TWAS_AS_rep_1,GCA_001604475.1,LVBQ01000078.1,adhE,413,4.677e-129,0.496
FW_TWAS_AS_rep_1,GCA_001604475.1,LVBQ01000014.1,edd,241,1.453e-69,0.328
FW_TWAS_AS_rep_1,GCA_001604475.1,LVBQ01000092.1,hydA,41,5.725e-6,0.32
FW_TWAS_AS_rep_1,GCA_001604475.1,LVBQ01000069.1,prdB,64,6.465e-13,0.327
FW_TWAS_AS_rep_1,GCA_001604475.1,LVBQ01000010.1,pfor,41,3.709e-6,0.333
FW_TWAS_AS_rep_1,GCA_001604475.1,LVBQ01000024.1,rnfB,41,8.007e-6,0.368
FW_TWAS_AS_rep_1,GCA_001604475.1,LVBQ01000006.1,acs,123,3.337e-31,0.274
FW_TWAS_AS_rep_1,GCA_001604475.1,LVBQ01000036.1,rnfB,44,2.181e-7,0.333
FW_TWAS_AS_rep_1,GCA_001604475.1,LVBQ01000001.1,rnfB,48,2.453e-8,0.377
FW_TWAS_AS_rep_1,GCA_001604475.1,LVBQ01000081.1,frhG,42,3.906e-7,0.333
FW_TWAS_AS_rep_1,GCA_001604475.1,LVBQ01000028.1,frhG,41,1.335e-6,0.296
FW_TWAS_AS_rep_1,GCA_001604475.1,LVBQ01000018.1,frhG,54,1.621e-9,0.476
FW_TWAS_AS_rep_1,GCA_001604475.1,LVBQ01000052.1,cazy_GH13,57,1.119e-10,0.284
FW_TWAS_AS_rep_1,GCA_001604475.1,LVBQ01000036.1,frhG,52,5.349e-9,0.489
FW_TWAS_AS_rep_1,GCA_001604475.1,LVBQ01000002.1,fadB,121,9.429e-32,0.321
FW_TWAS_AS_rep_1,GCA_001604475.1,LVBQ01000014.1,fadD,190,4.006e-53,0.322
FW_TWAS_AS_rep_1,GCA_001604475.1,LVBQ01000130.1,susC,483,4.788e-150,0.418
FW_TWAS_AS_rep_1,GCA_001604475.1,LVBQ01000042.1,pyk,453,2.325e-141,0.462
FW_TWAS_AS_rep_1,GCA_001604475.1,LVBQ01000015.1,frhG,46,1.275e-7,0.37
FW_TWAS_AS_rep_1,GCA_001604475.1,LVBQ01000011.1,mmcF,169,4.672e-51,0.617
FW_TWAS_AS_rep_1,GCA_001604475.1,LVBQ01000078.1,ackA,63,2.628e-13,0.336
FW_TWAS_AS_rep_1,GCA_001604475.1,LVBQ01000018.1,rnfB,66,3.036e-13,0.519
FW_TWAS_AS_rep_1,GCA_001604475.1,LVBQ01000187.1,hydA,54,1.486e-12,0.415
FW_TWAS_AS_rep_1,GCA_001604475.1,LVBQ01000015.1,prdA,75,3.186e-16,0.245
FW_TWAS_AS_rep_1,GCA_001604475.1,LVBQ01000015.1,grdA,144,6.848e-43,0.637
FW_TWAS_AS_rep_1,GCA_001604475.1,LVBQ01000210.1,frhB,40,7.811e-6,0.277
FW_TWAS_AS_rep_1,GCA_001604475.1,LVBQ01000048.1,pepQ,141,6.101e-38,0.306
FW_TWAS_AS_rep_1,GCA_001604475.1,LVBQ01000014.1,ackA,93,5.003e-22,0.294
FW_TWAS_AS_rep_1,GCA_001604475.1,LVBQ01000015.1,rnfB,43,7.166e-7,0.327
FW_TWAS_AS_rep_1,GCA_001604475.1,LVBQ01000036.1,cdhC,81,1.885e-18,0.357
FW_TWAS_AS_rep_1,GCA_001604475.1,LVBQ01000092.1,frhG,43,1.05e-6,0.36
FW_TWAS_AS_rep_1,GCA_001604475.1,LVBQ01000084.1,fwdA,47,1.626e-7,0.383
FW_TWAS_AS_rep_1,GCA_001604475.1,LVBQ01000005.1,frhB,42,3.503e-7,0.387
FW_TWAS_AS_rep_1,GCA_001604475.1,LVBQ01000036.1,hydA,95,7.241e-24,0.298
FW_TWAS_AS_rep_1,GCA_001604475.1,LVBQ01000024.1,frhB,44,8.623e-7,0.377
FW_TWAS_AS_rep_1,GCA_001604475.1,LVBQ01000010.1,frhB,44,5.065e-7,0.387
FW_TWAS_AS_rep_1,GCA_001604475.1,LVBQ01000123.1,cat,232,9.614e-71,0.501
FW_TWAS_AS_rep_1,GCA_001604475.1,LVBQ01000003.1,pgi,97,5.104e-23,0.295
FW_TWAS_AS_rep_1,GCA_001604475.1,LVBQ01000078.1,aldh,526,4.008e-168,0.542
FW_TWAS_AS_rep_1,GCA_001604475.1,LVBQ01000140.1,pta,139,8.684e-38,0.375
FW_TWAS_AS_rep_1,GCA_001604475.1,LVBQ01000005.1,dppB,199,3.148e-58,0.355
FW_TWAS_AS_rep_1,GCA_001604475.1,LVBQ01000112.1,tdcB,78,5.507e-17,0.302
FW_TWAS_AS_rep_1,GCA_001604475.1,LVBQ01000015.1,frhB,48,3.012e-8,0.437
FW_TWAS_AS_rep_1,GCA_001604475.1,LVBQ01000010.1,hydA,45,2.865e-7,0.473
FW_TWAS_AS_rep_1,GCA_001604475.1,LVBQ01000015.1,hydA,63,3.322e-13,0.442
FW_TWAS_AS_rep_1,GCA_001604475.1,LVBQ01000118.1,susC,449,1.121e-135,0.339
FW_TWAS_AS_rep_1,GCA_001604475.1,LVBQ01000005.1,dppC,153,1.59e-41,0.4
FW_TWAS_AS_rep_1,GCA_001604475.1,LVBQ01000031.1,pepQ,49,5.922e-11,0.562
FW_TWAS_AS_rep_1,GCA_001604475.1,LVBQ01000059.1,frhB,45,5.119e-7,0.404
FW_TWAS_AS_rep_1,GCA_001604475.1,LVBQ01000063.1,pfkA,256,1.197e-77,0.478
FW_TWAS_AS_rep_1,GCA_001604475.1,LVBQ01000002.1,tdcB,80,1.851e-18,0.268
FW_TWAS_AS_rep_1,GCA_001604475.1,LVBQ01000001.1,thl,337,1.809e-104,0.488
FW_TWAS_AS_rep_1,GCA_001604475.1,LVBQ01000051.1,fhs,764,9.509e-249,0.685
FW_TWAS_AS_rep_1,GCA_001604475.1,LVBQ01000081.1,dppC,216,1.318e-64,0.394
FW_TWAS_AS_rep_1,GCA_001604475.1,LVBQ01000081.1,frhB,46,2.484e-8,0.395
FW_TWAS_AS_rep_1,GCA_001604475.1,LVBQ01000018.1,fdhA,93,1.262e-22,0.439
FW_TWAS_AS_rep_1,GCA_001604475.1,LVBQ01000005.1,rnfB,42,1.888e-7,0.285
FW_TWAS_AS_rep_1,GCA_001604475.1,LVBQ01000006.1,fadD,190,8.262e-53,0.308
FW_TWAS_AS_rep_1,GCA_001604475.1,LVBQ01000005.1,pfor,160,7.788e-44,0.326
FW_TWAS_AS_rep_1,GCA_001604475.1,LVBQ01000014.1,pfor,1464,0.0,0.632
FW_TWAS_AS_rep_1,GCA_001604475.1,LVBQ01000001.1,cat,263,6.192e-82,0.605
FW_TWAS_AS_rep_1,GCA_001604475.1,LVBQ01000047.1,rnfB,50,1.239e-8,0.305
FW_TWAS_AS_rep_1,GCA_001604475.1,LVBQ01000018.1,hydA,496,3.905e-156,0.451
FW_TWAS_AS_rep_1,GCA_001604475.1,LVBQ01000068.1,gdh,412,1.761e-129,0.486
FW_TWAS_AS_rep_1,GCA_001604475.1,LVBQ01000037.1,gapA,355,1.171e-111,0.542
FW_TWAS_AS_rep_1,GCA_001604475.1,LVBQ01000055.1,susC,178,2.583e-51,0.366
FW_TWAS_AS_rep_1,GCA_001604475.1,LVBQ01000122.1,frhB,40,1.833e-7,0.382
FW_TWAS_AS_rep_1,GCA_001604475.1,LVBQ01000011.1,mmcE,769,8.765e-251,0.702
FW_TWAS_AS_rep_1,GCA_001604475.1,LVBQ01000047.1,frhB,48,8.754e-8,0.415
FW_TWAS_AS_rep_1,GCA_001604475.1,LVBQ01000047.1,pfor,47,1.157e-7,0.301
FW_TWAS_AS_rep_1,GCA_001604475.1,LVBQ01000029.1,tdcB,231,2.22e-69,0.439
FW_TWAS_AS_rep_1,GCA_001604475.1,LVBQ01000081.1,oppA,177,2.774e-48,0.309
FW_TWAS_AS_rep_1,GCA_001604475.1,LVBQ01000005.1,dppA,59,3.206e-11,0.245
FW_TWAS_AS_rep_1,GCA_001604475.1,LVBQ01000015.1,grdB,495,1.296e-158,0.56
FW_TWAS_AS_rep_1,GCA_001604475.1,LVBQ01000069.1,prdA,77,6.668e-17,0.243
FW_TWAS_AS_rep_1,GCA_001604475.1,LVBQ01000014.1,adhE,192,2.109e-54,0.322
FW_TWAS_AS_rep_1,GCA_001604475.1,LVBQ01000036.1,fdhA,55,1.529e-10,0.47
FW_TWAS_AS_rep_1,GCA_001604475.1,LVBQ01000094.1,pepQ,52,1.061e-9,0.277
FW_TWAS_AS_rep_1,GCA_001604475.1,LVBQ01000005.1,oppA,89,3.583e-20,0.259
FW_TWAS_AS_rep_1,GCA_001604475.1,LVBQ01000015.1,prdB,78,1.489e-17,0.361
FW_TWAS_AS_rep_1,GCA_001604475.1,LVBQ01000187.1,frhB,50,3.617e-11,0.377
FW_TWAS_AS_rep_1,GCA_001604475.1,LVBQ01000067.1,frhB,42,1.72e-7,0.362
FW_TWAS_AS_rep_1,GCA_001604475.1,LVBQ01000067.1,hydA,43,4.894e-8,0.333
FW_TWAS_AS_rep_1,GCA_001604475.1,LVBQ01000187.1,rnfB,46,1.216e-9,0.446
FW_TWAS_AS_rep_1,GCA_001604475.1,LVBQ01000036.1,tdcB,88,4.93e-21,0.296
FW_TWAS_AS_rep_1,GCA_001604475.1,LVBQ01000034.1,adhE,59,2.548e-11,0.278
FW_TWAS_AS_rep_1,GCA_001604475.1,LVBQ01000047.1,hydA,57,1.412e-10,0.465
FW_TWAS_AS_rep_1,GCA_965229115.1,CBDDIR010000001.1,bcd,128,3.503e-33,0.295
FW_TWAS_AS_rep_1,GCA_965229115.1,CBDDIR010000003.1,tdcB,344,3.514e-106,0.503
FW_TWAS_AS_rep_1,GCA_965229115.1,CBDDIR010000003.1,sucD,359,1.093e-113,0.589
FW_TWAS_AS_rep_1,GCA_965229115.1,CBDDIR010000003.1,acs,848,8.081e-276,0.62
FW_TWAS_AS_rep_1,GCA_965229115.1,CBDDIR010000003.1,cazy_GH10,178,1.708e-49,0.359
FW_TWAS_AS_rep_1,GCA_965229115.1,CBDDIR010000001.1,fadD,170,3.081e-46,0.32
FW_TWAS_AS_rep_1,GCA_965229115.1,CBDDIR010000003.1,fadA,356,2.843e-111,0.519
FW_TWAS_AS_rep_1,GCA_965229115.1,CBDDIR010000003.1,rnfB,43,4.535e-7,0.352
FW_TWAS_AS_rep_1,GCA_965229115.1,CBDDIR010000003.1,pepO,676,2.623e-216,0.503
FW_TWAS_AS_rep_1,GCA_965229115.1,CBDDIR010000003.1,oppB,283,7.385e-84,0.51
FW_TWAS_AS_rep_1,GCA_965229115.1,CBDDIR010000003.1,susC,57,2.849e-10,0.347
FW_TWAS_AS_rep_1,GCA_965229115.1,CBDDIR010000003.1,mer,79,1.582e-16,0.256
FW_TWAS_AS_rep_1,GCA_965229115.1,CBDDIR010000003.1,fdhA,79,3.04e-17,0.229
FW_TWAS_AS_rep_1,GCA_965229115.1,CBDDIR010000003.1,hbd,287,7.291e-89,0.505
FW_TWAS_AS_rep_1,GCA_965229115.1,CBDDIR010000002.1,fwdA,42,3.504e-6,0.291
FW_TWAS_AS_rep_1,GCA_965229115.1,CBDDIR010000003.1,gapA,318,9.31e-99,0.493
FW_TWAS_AS_rep_1,GCA_965229115.1,CBDDIR010000003.1,pepT,62,2.843e-12,0.256
FW_TWAS_AS_rep_1,GCA_965229115.1,CBDDIR010000003.1,mdh,279,9.593e-84,0.487
FW_TWAS_AS_rep_1,GCA_965229115.1,CBDDIR010000001.1,fadB,119,1.852e-31,0.376
FW_TWAS_AS_rep_1,GCA_965229115.1,CBDDIR010000003.1,acylglycerol_lipase,208,1.602e-61,0.404
FW_TWAS_AS_rep_1,GCA_965229115.1,CBDDIR010000003.1,folD,265,2.017e-81,0.517
FW_TWAS_AS_rep_1,GCA_965229115.1,CBDDIR010000003.1,gdh,1207,0.0,0.444
FW_TWAS_AS_rep_1,GCA_965229115.1,CBDDIR010000003.1,dppB,247,7.632e-75,0.428
FW_TWAS_AS_rep_1,GCA_965229115.1,CBDDIR010000003.1,mmcF,116,1.514e-28,0.47
FW_TWAS_AS_rep_1,GCA_965229115.1,CBDDIR010000003.1,dppA,223,1.981e-63,0.304
FW_TWAS_AS_rep_1,GCA_965229115.1,CBDDIR010000003.1,cat,258,1.184e-80,0.598
FW_TWAS_AS_rep_1,GCA_965229115.1,CBDDIR010000003.1,dtpT,325,1.071e-96,0.356
FW_TWAS_AS_rep_1,GCA_965229115.1,CBDDIR010000003.1,xylB,89,1.494e-20,0.276
FW_TWAS_AS_rep_1,GCA_965229115.1,CBDDIR010000003.1,frhB,40,4.84e-6,0.372
FW_TWAS_AS_rep_1,GCA_965229115.1,CBDDIR010000003.1,pepQ,202,5.402e-56,0.346
FW_TWAS_AS_rep_1,GCA_965229115.1,CBDDIR010000003.1,ackA,252,2.511e-75,0.424
FW_TWAS_AS_rep_1,GCA_965229115.1,CBDDIR010000001.1,etfA,104,1.134e-26,0.314
FW_TWAS_AS_rep_1,GCA_965229115.1,CBDDIR010000003.1,frhG,41,1.996e-6,0.372
FW_TWAS_AS_rep_1,GCA_965229115.1,CBDDIR010000001.1,fadE,138,2.77e-36,0.317
FW_TWAS_AS_rep_1,GCA_965229115.1,CBDDIR010000003.1,pepA,392,9.249e-122,0.49
FW_TWAS_AS_rep_1,GCA_965229115.1,CBDDIR010000003.1,fadD,222,8.82e-63,0.325
FW_TWAS_AS_rep_1,GCA_965229115.1,CBDDIR010000003.1,etfA,280,3.749e-86,0.579
FW_TWAS_AS_rep_1,GCA_965229115.1,CBDDIR010000003.1,adh,76,4.554e-17,0.313
FW_TWAS_AS_rep_1,GCA_965229115.1,CBDDIR010000003.1,sucC,373,1.076e-116,0.501
FW_TWAS_AS_rep_1,GCA_965229115.1,CBDDIR010000003.1,lysophospholipase,213,3.96e-63,0.434
FW_TWAS_AS_rep_1,GCA_965229115.1,CBDDIR010000003.1,pgi,336,1.173e-101,0.429
FW_TWAS_AS_rep_1,GCA_965229115.1,CBDDIR010000003.1,aldh,50,2.016e-8,0.272
FW_TWAS_AS_rep_1,GCA_965229115.1,CBDDIR010000003.1,mmcE,515,7.959e-160,0.515
FW_TWAS_AS_rep_1,GCA_965229115.1,CBDDIR010000003.1,agl,264,3.408e-77,0.401
FW_TWAS_AS_rep_1,GCA_965229115.1,CBDDIR010000003.1,eda,193,1.258e-57,0.507
FW_TWAS_AS_rep_1,GCA_965229115.1,CBDDIR010000003.1,dppC,237,2.847e-68,0.435
FW_TWAS_AS_rep_1,GCA_965229115.1,CBDDIR010000003.1,crt,290,1.356e-90,0.59
FW_TWAS_AS_rep_1,GCA_965229115.1,CBDDIR010000003.1,oppA,352,2.876e-107,0.397
FW_TWAS_AS_rep_1,GCA_965229115.1,CBDDIR010000001.1,crt,186,1.216e-54,0.42
FW_TWAS_AS_rep_1,GCA_965229115.1,CBDDIR010000003.1,extracellular_protease,136,1.521e-34,0.386
FW_TWAS_AS_rep_1,GCA_965229115.1,CBDDIR010000003.1,hydA,44,2.503e-7,0.315
FW_TWAS_AS_rep_1,GCA_965229115.1,CBDDIR010000001.1,lysophospholipase,51,4.495e-9,0.257
FW_TWAS_AS_rep_1,GCA_965229115.1,CBDDIR010000001.1,acs,183,2.118e-50,0.306
FW_TWAS_AS_rep_1,GCA_965229115.1,CBDDIR010000003.1,edd,804,3.494e-262,0.661
FW_TWAS_AS_rep_1,GCA_965229115.1,CBDDIR010000003.1,cazy_GH13,169,1.284e-45,0.354
FW_TWAS_AS_rep_1,GCA_965229115.1,CBDDIR010000003.1,fhs,705,5.313e-228,0.643
FW_TWAS_AS_rep_1,GCA_965229115.1,CBDDIR010000003.1,mmcG,144,7.351e-42,0.53
FW_TWAS_AS_rep_1,GCA_965229115.1,CBDDIR010000003.1,bcd,318,1.331e-97,0.439
FW_TWAS_AS_rep_1,GCA_965229115.1,CBDDIR010000003.1,esterase,236,4.27e-68,0.341
FW_TWAS_AS_rep_1,GCA_965229115.1,CBDDIR010000003.1,etfB,287,2.669e-89,0.641
FW_TWAS_AS_rep_1,GCA_965229115.1,CBDDIR010000003.1,pyk,301,9.68e-89,0.39
FW_TWAS_AS_rep_1,GCA_965229115.1,CBDDIR010000003.1,fadB,405,2.176e-122,0.351
FW_TWAS_AS_rep_1,GCA_965229115.1,CBDDIR010000003.1,thl,372,1.768e-116,0.544
FW_TWAS_AS_rep_1,GCA_965229115.1,CBDDIR010000003.1,fadE,400,6.638e-126,0.552
FW_TWAS_AS_rep_1,GCA_965229115.1,CBDDIR010000003.1,adhE,118,5.049e-30,0.282
FW_TWAS_AS_rep_1,GCA_965229115.1,CBDDIR010000003.1,ilvE,109,9.683e-28,0.324
FW_TWAS_AS_rep_1,GCA_965229115.1,CBDDIR010000003.1,pepN,327,6.136e-95,0.372
FW_TWAS_AS_rep_1,GCA_937871805.1,CALMQB010000002.1,extracellular_protease,134,1.94e-34,0.326
FW_TWAS_AS_rep_1,GCA_937871805.1,CALMQB010000002.1,folD,157,1.32e-44,0.372
FW_TWAS_AS_rep_1,GCA_937871805.1,CALMQB010000002.1,oppA,105,3.237e-25,0.268
FW_TWAS_AS_rep_1,GCA_937871805.1,CALMQB010000002.1,pepD,61,8.905e-13,0.258
FW_TWAS_AS_rep_1,GCA_937871805.1,CALMQB010000001.1,cazy_GH10,48,6.505e-8,0.338
FW_TWAS_AS_rep_1,GCA_937871805.1,CALMQB010000002.1,dppA,65,7.202e-13,0.249
FW_TWAS_AS_rep_1,GCA_937871805.1,CALMQB010000002.1,gapA,296,2.639e-91,0.452
FW_TWAS_AS_rep_1,GCA_937871805.1,CALMQB010000002.1,adh,72,3.159e-16,0.318
FW_TWAS_AS_rep_1,GCA_937871805.1,CALMQB010000001.1,bgl,168,1.717e-46,0.307
FW_TWAS_AS_rep_1,GCA_937871805.1,CALMQB010000002.1,pyk,313,8.655e-95,0.387
FW_TWAS_AS_rep_1,GCA_937871805.1,CALMQB010000002.1,pepN,147,1.019e-37,0.321
FW_TWAS_AS_rep_1,GCA_044351045.1,JBILGM010000039.1,cdhC,41,2.868e-6,0.323
FW_TWAS_AS_rep_1,GCA_044351045.1,JBILGM010000002.1,acs,158,1.721e-42,0.313
FW_TWAS_AS_rep_1,GCA_044351045.1,JBILGM010000013.1,fdhA,57,5.19e-11,0.459
FW_TWAS_AS_rep_1,GCA_044351045.1,JBILGM010000001.1,fwdA,47,1.133e-7,0.393
FW_TWAS_AS_rep_1,GCA_044351045.1,JBILGM010000038.1,aldh,404,2.464e-126,0.479
FW_TWAS_AS_rep_1,GCA_044351045.1,JBILGM010000055.1,ilvE,150,8.366e-42,0.351
FW_TWAS_AS_rep_1,GCA_044351045.1,JBILGM010000003.1,rnfB,40,9.804e-6,0.244
FW_TWAS_AS_rep_1,GCA_044351045.1,JBILGM010000003.1,fdhA,571,8.608e-180,0.432
FW_TWAS_AS_rep_1,GCA_044351045.1,JBILGM010000002.1,crt,44,6.734e-7,0.392
FW_TWAS_AS_rep_1,GCA_044351045.1,JBILGM010000038.1,adhE,439,1.416e-138,0.497
FW_TWAS_AS_rep_1,GCA_044351045.1,JBILGM010000008.1,endopeptidase,263,3.201e-78,0.392
FW_TWAS_AS_rep_1,GCA_044351045.1,JBILGM010000035.1,lctC,51,1.111e-8,0.288
FW_TWAS_AS_rep_1,GCA_044351045.1,JBILGM010000054.1,mdh,173,3.01e-49,0.398
FW_TWAS_AS_rep_1,GCA_044351045.1,JBILGM010000039.1,frhB,47,3.578e-8,0.377
FW_TWAS_AS_rep_1,GCA_044351045.1,JBILGM010000003.1,tdcB,205,1.906e-59,0.408
FW_TWAS_AS_rep_1,GCA_044351045.1,JBILGM010000006.1,susC,59,6.161e-11,0.221
FW_TWAS_AS_rep_1,GCA_044351045.1,JBILGM010000061.1,extracellular_protease,154,6.716e-40,0.36
FW_TWAS_AS_rep_1,GCA_044351045.1,JBILGM010000013.1,hydA,69,4.507e-15,0.234
FW_TWAS_AS_rep_1,GCA_044351045.1,JBILGM010000007.1,dppB,141,7.894e-38,0.305
FW_TWAS_AS_rep_1,GCA_044351045.1,JBILGM010000010.1,bgl,342,1.668e-104,0.433
FW_TWAS_AS_rep_1,GCA_044351045.1,JBILGM010000001.1,acs,827,6.208e-267,0.64
FW_TWAS_AS_rep_1,GCA_044351045.1,JBILGM010000059.1,pta,215,9.371e-60,0.419
FW_TWAS_AS_rep_1,GCA_044351045.1,JBILGM010000007.1,dppC,115,6.337e-29,0.33
FW_TWAS_AS_rep_1,GCA_044351045.1,JBILGM010000006.1,fhs,685,1.739e-221,0.617
FW_TWAS_AS_rep_1,GCA_044351045.1,JBILGM010000070.1,fwdA,585,3.018e-187,0.551
FW_TWAS_AS_rep_1,GCA_044351045.1,JBILGM010000035.1,extracellular_protease,113,1.756e-27,0.32
FW_TWAS_AS_rep_1,GCA_044351045.1,JBILGM010000013.1,pyk,370,2.259e-114,0.464
FW_TWAS_AS_rep_1,GCA_044351045.1,JBILGM010000007.1,oppB,145,3.787e-39,0.333
FW_TWAS_AS_rep_1,GCA_044351045.1,JBILGM010000019.1,pepT,64,5.674e-13,0.247
FW_TWAS_AS_rep_1,GCA_044351045.1,JBILGM010000007.1,dppA,98,9.179e-23,0.234
FW_TWAS_AS_rep_1,GCA_044351045.1,JBILGM010000001.1,sucD,381,1.679e-121,0.651
FW_TWAS_AS_rep_1,GCA_044351045.1,JBILGM010000040.1,pepN,376,2.626e-110,0.379
FW_TWAS_AS_rep_1,GCA_044351045.1,JBILGM010000059.1,ackA,365,3.816e-114,0.507
FW_TWAS_AS_rep_1,GCA_044351045.1,JBILGM010000001.1,sucC,355,4.024e-111,0.493
FW_TWAS_AS_rep_1,GCA_044351045.1,JBILGM010000060.1,adh,59,5.683e-12,0.285
FW_TWAS_AS_rep_1,GCA_044351045.1,JBILGM010000009.1,extracellular_protease,182,4.128e-49,0.393
FW_TWAS_AS_rep_1,GCA_044351045.1,JBILGM010000016.1,hydA,113,3.237e-27,0.312
FW_TWAS_AS_rep_1,GCA_044351045.1,JBILGM010000013.1,mvhG,122,6.143e-34,0.395
FW_TWAS_AS_rep_1,GCA_044351045.1,JBILGM010000044.1,tdcB,86,1.109e-19,0.316
FW_TWAS_AS_rep_1,GCA_044351045.1,JBILGM010000026.1,sucC,390,7.905e-122,0.51
FW_TWAS_AS_rep_1,GCA_044351045.1,JBILGM010000039.1,rnfB,192,1.139e-57,0.583
FW_TWAS_AS_rep_1,GCA_044351045.1,JBILGM010000046.1,pepQ,61,2.529e-12,0.274
FW_TWAS_AS_rep_1,GCA_044351045.1,JBILGM010000007.1,fwdA,644,1.475e-207,0.571
FW_TWAS_AS_rep_1,GCA_044351045.1,JBILGM010000026.1,sucD,319,1.573e-99,0.549
FW_TWAS_AS_rep_1,GCA_044351045.1,JBILGM010000019.1,edd,234,1.991e-66,0.339
FW_TWAS_AS_rep_1,GCA_044351045.1,JBILGM010000002.1,fadD,278,1.25e-82,0.38
FW_TWAS_AS_rep_1,GCA_044351045.1,JBILGM010000021.1,mch,398,2.953e-126,0.621
FW_TWAS_AS_rep_1,GCA_044351045.1,JBILGM010000009.1,pepQ,199,6.711e-57,0.35
FW_TWAS_AS_rep_1,GCA_044351045.1,JBILGM010000036.1,pgi,694,6.475e-225,0.648
FW_TWAS_AS_rep_1,GCA_044351045.1,JBILGM010000033.1,fdhA,418,3.596e-123,0.337
FW_TWAS_AS_rep_1,GCA_044351045.1,JBILGM010000035.1,lctB,81,4.901e-18,0.263
FW_TWAS_AS_rep_1,GCA_044351045.1,JBILGM010000001.1,fadD,126,1.557e-31,0.274
FW_TWAS_AS_rep_1,GCA_044351045.1,JBILGM010000007.1,ftr,398,4.335e-127,0.652
FW_TWAS_AS_rep_1,GCA_044351045.1,JBILGM010000082.1,mvhA,455,1.318e-143,0.467
FW_TWAS_AS_rep_1,GCA_044351045.1,JBILGM010000077.1,fwdA,569,8.486e-182,0.53
FW_TWAS_AS_rep_1,GCA_044351045.1,JBILGM010000100.1,extracellular_protease,150,6.482e-39,0.413
FW_TWAS_AS_rep_1,GCA_044351045.1,JBILGM010000025.1,extracellular_protease,163,2.307e-42,0.414
FW_TWAS_AS_rep_1,GCA_044351045.1,JBILGM010000006.1,acs,78,9.651e-17,0.245
FW_TWAS_AS_rep_1,GCA_044351045.1,JBILGM010000042.1,pta,134,1.041e-33,0.314
FW_TWAS_AS_rep_1,GCA_044351045.1,JBILGM010000013.1,frhG,89,1.156e-22,0.335
FW_TWAS_AS_rep_1,GCA_044351045.1,JBILGM010000006.1,acylglycerol_lipase,106,1.638e-26,0.29
FW_TWAS_AS_rep_1,GCA_044351045.1,JBILGM010000006.1,lysophospholipase,74,2.943e-16,0.287
FW_TWAS_AS_rep_1,GCA_044351045.1,JBILGM010000038.1,pfkA,97,4.694e-24,0.28
FW_TWAS_AS_rep_1,GCA_044351045.1,JBILGM010000036.1,pfkA,79,1.663e-17,0.299
FW_TWAS_AS_rep_1,GCA_044351045.1,JBILGM010000082.1,frhA,158,1.832e-42,0.283
FW_TWAS_AS_rep_1,GCA_044351045.1,JBILGM010000083.1,ilvE,92,2.352e-22,0.295
FW_TWAS_AS_rep_1,GCA_044351045.1,JBILGM010000006.1,fadD,118,6.15e-29,0.323
FW_TWAS_AS_rep_1,GCA_044351045.1,JBILGM010000007.1,oppA,131,6.95e-33,0.277
FW_TWAS_AS_rep_1,GCA_044351045.1,JBILGM010000015.1,cazy_GH13,76,3.748e-16,0.279
FW_TWAS_AS_rep_1,GCA_044351045.1,JBILGM010000055.1,endopeptidase,255,1.729e-72,0.418
FW_TWAS_AS_rep_1,GCA_044351045.1,JBILGM010000012.1,pepA,379,7.182e-117,0.484
FW_TWAS_AS_rep_1,GCA_044351045.1,JBILGM010000016.1,fdhA,665,5.869e-208,0.425
FW_TWAS_AS_rep_1,GCA_044351045.1,JBILGM010000013.1,gapA,330,2.905e-103,0.526
FW_TWAS_AS_rep_1,GCA_044351045.1,JBILGM010000003.1,hydA,100,1.252e-25,0.293
FW_TWAS_AS_rep_1,GCA_044351045.1,JBILGM010000012.1,adhE,134,1.983e-35,0.331
FW_TWAS_AS_rep_1,GCA_044351045.1,JBILGM010000033.1,lysophospholipase,159,5.486e-46,0.367
FW_TWAS_AS_rep_1,GCA_044351045.1,JBILGM010000057.1,tdcB,60,1.206e-11,0.258
FW_TWAS_AS_rep_1,GCA_041907465.1,JAYRHD010000014.1,crt,50,6.382e-9,0.405
FW_TWAS_AS_rep_1,GCA_041907465.1,JAYRHD010000020.1,gapA,297,9.907e-92,0.454
FW_TWAS_AS_rep_1,GCA_041907465.1,JAYRHD010000015.1,oppA,106,1.644e-25,0.258
FW_TWAS_AS_rep_1,GCA_041907465.1,JAYRHD010000015.1,dppA,83,1.85e-18,0.247
FW_TWAS_AS_rep_1,GCA_041907465.1,JAYRHD010000017.1,folD,179,1.149e-51,0.363
FW_TWAS_AS_rep_1,GCA_041907465.1,JAYRHD010000006.1,bgl,173,5.111e-48,0.291
FW_TWAS_AS_rep_1,GCA_041907465.1,JAYRHD010000017.1,pyk,327,5.685e-100,0.431
FW_TWAS_AS_rep_1,GCA_041907465.1,JAYRHD010000020.1,pepN,199,1.01e-53,0.318
FW_TWAS_AS_rep_1,GCA_041907465.1,JAYRHD010000015.1,pepQ,99,7.547e-24,0.285
FW_TWAS_AS_rep_1,GCA_041907465.1,JAYRHD010000020.1,ackA,276,1.4e-83,0.393
FW_TWAS_AS_rep_1,GCA_041907465.1,JAYRHD010000001.1,pepQ,68,5.077e-15,0.281
FW_TWAS_AS_rep_1,GCA_041907465.1,JAYRHD010000008.1,gdh,327,5.044e-101,0.435
FW_TWAS_AS_rep_1,GCA_041907465.1,JAYRHD010000002.1,extracellular_protease,140,3.428e-36,0.415
FW_TWAS_AS_rep_1,GCA_044224105.1,JBGALB010000047.1,rnfB,70,8.224e-17,0.638
FW_TWAS_AS_rep_1,GCA_044224105.1,JBGALB010000004.1,fadD,158,2.77e-42,0.308
FW_TWAS_AS_rep_1,GCA_044224105.1,JBGALB010000019.1,fadE,154,1.315e-40,0.323
FW_TWAS_AS_rep_1,GCA_044224105.1,JBGALB010000010.1,thl,281,3.056e-82,0.45
FW_TWAS_AS_rep_1,GCA_044224105.1,JBGALB010000003.1,mer,85,5.769e-20,0.299
FW_TWAS_AS_rep_1,GCA_044224105.1,JBGALB010000006.1,frhG,42,2.778e-6,0.416
FW_TWAS_AS_rep_1,GCA_044224105.1,JBGALB010000011.1,fadB,100,7.711e-25,0.317
FW_TWAS_AS_rep_1,GCA_044224105.1,JBGALB010000014.1,fdhA,109,6.538e-26,0.224
FW_TWAS_AS_rep_1,GCA_044224105.1,JBGALB010000036.1,glcP,64,8.587e-13,0.305
FW_TWAS_AS_rep_1,GCA_044224105.1,JBGALB010000001.1,endopeptidase,161,5.45e-44,0.372
FW_TWAS_AS_rep_1,GCA_044224105.1,JBGALB010000007.1,acs,750,5.522e-241,0.579
FW_TWAS_AS_rep_1,GCA_044224105.1,JBGALB010000008.1,pepT,53,1.48e-9,0.29
FW_TWAS_AS_rep_1,GCA_044224105.1,JBGALB010000050.1,fdhA,90,2.777e-21,0.252
FW_TWAS_AS_rep_1,GCA_044224105.1,JBGALB010000037.1,fadB,76,3.576e-16,0.345
FW_TWAS_AS_rep_1,GCA_044224105.1,JBGALB010000005.1,etfB,289,1.832e-90,0.611
FW_TWAS_AS_rep_1,GCA_044224105.1,JBGALB010000011.1,etfA,166,1.267e-46,0.374
FW_TWAS_AS_rep_1,GCA_044224105.1,JBGALB010000021.1,fadB,87,5.477e-21,0.33
FW_TWAS_AS_rep_1,GCA_044224105.1,JBGALB010000010.1,fadE,106,4.973e-25,0.302
FW_TWAS_AS_rep_1,GCA_044224105.1,JBGALB010000029.1,acs,162,1.8e-43,0.288
FW_TWAS_AS_rep_1,GCA_044224105.1,JBGALB010000015.1,fadD,109,2.743e-26,0.248
FW_TWAS_AS_rep_1,GCA_044224105.1,JBGALB010000005.1,dppC,222,2.021e-66,0.435
FW_TWAS_AS_rep_1,GCA_044224105.1,JBGALB010000011.1,adh,51,2.891e-9,0.306
FW_TWAS_AS_rep_1,GCA_044224105.1,JBGALB010000008.1,bcd,111,4.7e-28,0.29
FW_TWAS_AS_rep_1,GCA_044224105.1,JBGALB010000004.1,dppB,172,2.787e-49,0.357
FW_TWAS_AS_rep_1,GCA_044224105.1,JBGALB010000005.1,hbd,209,5.864e-58,0.395
FW_TWAS_AS_rep_1,GCA_044224105.1,JBGALB010000020.1,fadD,76,4.278e-16,0.238
FW_TWAS_AS_rep_1,GCA_044224105.1,JBGALB010000006.1,fadB,87,5.25e-21,0.358
FW_TWAS_AS_rep_1,GCA_044224105.1,JBGALB010000020.1,acs,279,3.284e-81,0.328
FW_TWAS_AS_rep_1,GCA_044224105.1,JBGALB010000006.1,fadE,277,5.038e-84,0.452
FW_TWAS_AS_rep_1,GCA_044224105.1,JBGALB010000005.1,crt,132,1.614e-33,0.348
FW_TWAS_AS_rep_1,GCA_044224105.1,JBGALB010000008.1,fadD,101,1.307e-23,0.25
FW_TWAS_AS_rep_1,GCA_044224105.1,JBGALB010000021.1,fadE,145,8.753e-39,0.306
FW_TWAS_AS_rep_1,GCA_044224105.1,JBGALB010000001.1,lysophospholipase,183,5.124e-54,0.467
FW_TWAS_AS_rep_1,GCA_044224105.1,JBGALB010000002.1,crt,184,4.936e-54,0.41
FW_TWAS_AS_rep_1,GCA_044224105.1,JBGALB010000033.1,eda,152,3.291e-41,0.445
FW_TWAS_AS_rep_1,GCA_044224105.1,JBGALB010000008.1,pfkA,61,6.14e-12,0.25
FW_TWAS_AS_rep_1,GCA_044224105.1,JBGALB010000001.1,fdhA,49,1.505e-7,0.221
FW_TWAS_AS_rep_1,GCA_044224105.1,JBGALB010000006.1,adh,55,1.667e-10,0.309
FW_TWAS_AS_rep_1,GCA_044224105.1,JBGALB010000011.1,esterase,42,2.051e-6,0.307
FW_TWAS_AS_rep_1,GCA_044224105.1,JBGALB010000003.1,pepQ,187,3.411e-52,0.36
FW_TWAS_AS_rep_1,GCA_044224105.1,JBGALB010000010.1,crt,120,1.451e-29,0.346
FW_TWAS_AS_rep_1,GCA_044224105.1,JBGALB010000006.1,fadD,158,7.759e-42,0.303
FW_TWAS_AS_rep_1,GCA_044224105.1,JBGALB010000002.1,pgi,462,1.306e-143,0.521
FW_TWAS_AS_rep_1,GCA_044224105.1,JBGALB010000008.1,sucC,376,5.616e-118,0.541
FW_TWAS_AS_rep_1,GCA_044224105.1,JBGALB010000009.1,pepQ,65,1.597e-13,0.279
FW_TWAS_AS_rep_1,GCA_044224105.1,JBGALB010000020.1,mmcE,287,1.256e-80,0.359
FW_TWAS_AS_rep_1,GCA_044224105.1,JBGALB010000002.1,fadB,96,4.993e-24,0.322
FW_TWAS_AS_rep_1,GCA_044224105.1,JBGALB010000011.1,fadD,158,4.377e-42,0.3
FW_TWAS_AS_rep_1,GCA_044224105.1,JBGALB010000010.1,bcd,118,9.239e-29,0.31
FW_TWAS_AS_rep_1,GCA_044224105.1,JBGALB010000004.1,hydA,40,5.288e-6,0.392
FW_TWAS_AS_rep_1,GCA_044224105.1,JBGALB010000009.1,crt,151,8.33e-40,0.409
FW_TWAS_AS_rep_1,GCA_044224105.1,JBGALB010000021.1,fadD,158,4.771e-42,0.322
FW_TWAS_AS_rep_1,GCA_044224105.1,JBGALB010000006.1,thl,325,1.25e-97,0.479
FW_TWAS_AS_rep_1,GCA_044224105.1,JBGALB010000006.1,bcd,256,7.61e-77,0.408
FW_TWAS_AS_rep_1,GCA_044224105.1,JBGALB010000026.1,adh,76,3.993e-17,0.315
FW_TWAS_AS_rep_1,GCA_044224105.1,JBGALB010000004.1,adhE,54,1.516e-9,0.225
FW_TWAS_AS_rep_1,GCA_044224105.1,JBGALB010000023.1,pepO,744,2.296e-239,0.574
FW_TWAS_AS_rep_1,GCA_044224105.1,JBGALB010000020.1,crt,141,1.591e-39,0.409
FW_TWAS_AS_rep_1,GCA_044224105.1,JBGALB010000013.1,tdcB,223,1.025e-65,0.439
FW_TWAS_AS_rep_1,GCA_044224105.1,JBGALB010000005.1,oppB,296,2.081e-91,0.509
FW_TWAS_AS_rep_1,GCA_044224105.1,JBGALB010000021.1,crt,158,4.528e-45,0.414
FW_TWAS_AS_rep_1,GCA_044224105.1,JBGALB010000024.1,esterase,225,2.19e-64,0.324
FW_TWAS_AS_rep_1,GCA_044224105.1,JBGALB010000005.1,edd,235,1.867e-66,0.344
FW_TWAS_AS_rep_1,GCA_044224105.1,JBGALB010000011.1,fadE,166,9.38e-46,0.334
FW_TWAS_AS_rep_1,GCA_044224105.1,JBGALB010000004.1,oppB,188,8.139e-55,0.352
FW_TWAS_AS_rep_1,GCA_044224105.1,JBGALB010000009.1,fdhA,43,4.31e-6,0.31
FW_TWAS_AS_rep_1,GCA_044224105.1,JBGALB010000004.1,esterase,228,5.326e-65,0.338
FW_TWAS_AS_rep_1,GCA_044224105.1,JBGALB010000005.1,fadE,241,1.269e-70,0.411
FW_TWAS_AS_rep_1,GCA_044224105.1,JBGALB010000001.1,bcd,240,1.65e-70,0.374
FW_TWAS_AS_rep_1,GCA_044224105.1,JBGALB010000010.1,hbd,228,1.123e-63,0.374
FW_TWAS_AS_rep_1,GCA_044224105.1,JBGALB010000007.1,thl,203,7.58e-58,0.348
FW_TWAS_AS_rep_1,GCA_044224105.1,JBGALB010000004.1,frhB,43,9.469e-7,0.302
FW_TWAS_AS_rep_1,GCA_044224105.1,JBGALB010000002.1,mer,86,2.57e-20,0.333
FW_TWAS_AS_rep_1,GCA_044224105.1,JBGALB010000010.1,etfA,67,1.665e-13,0.452
FW_TWAS_AS_rep_1,GCA_044224105.1,JBGALB010000037.1,crt,152,4.692e-40,0.413
FW_TWAS_AS_rep_1,GCA_044224105.1,JBGALB010000010.1,fadA,312,1.241e-92,0.468
FW_TWAS_AS_rep_1,GCA_044224105.1,JBGALB010000015.1,etfA,87,6.59e-21,0.352
FW_TWAS_AS_rep_1,GCA_044224105.1,JBGALB010000001.1,gdh,584,1.861e-188,0.63
FW_TWAS_AS_rep_1,GCA_044224105.1,JBGALB010000007.1,pepN,50,1.85e-8,0.24
FW_TWAS_AS_rep_1,GCA_044224105.1,JBGALB010000013.1,hydA,81,1.096e-17,0.301
FW_TWAS_AS_rep_1,GCA_044224105.1,JBGALB010000021.1,acs,128,1.316e-32,0.287
FW_TWAS_AS_rep_1,GCA_044224105.1,JBGALB010000004.1,ilvE,234,3.465e-70,0.417
FW_TWAS_AS_rep_1,GCA_044224105.1,JBGALB010000011.1,acs,118,1.803e-29,0.282
FW_TWAS_AS_rep_1,GCA_044224105.1,JBGALB010000008.1,sucD,396,9.078e-120,0.648
FW_TWAS_AS_rep_1,GCA_044224105.1,JBGALB010000006.1,etfA,92,7.817e-22,0.315
FW_TWAS_AS_rep_1,GCA_044224105.1,JBGALB010000047.1,cdhC,40,1.499e-6,0.468
FW_TWAS_AS_rep_1,GCA_044224105.1,JBGALB010000001.1,crt,53,8.723e-10,0.455
FW_TWAS_AS_rep_1,GCA_044224105.1,JBGALB010000008.1,mer,113,4.378e-28,0.295
FW_TWAS_AS_rep_1,GCA_044224105.1,JBGALB010000021.1,etfA,97,2.05e-24,0.36
FW_TWAS_AS_rep_1,GCA_044224105.1,JBGALB010000007.1,tdcB,320,5.083e-96,0.471
FW_TWAS_AS_rep_1,GCA_044224105.1,JBGALB010000034.1,adh,55,5.279e-10,0.323
FW_TWAS_AS_rep_1,GCA_044224105.1,JBGALB010000003.1,gdh,504,6.715e-158,0.626
FW_TWAS_AS_rep_1,GCA_044224105.1,JBGALB010000003.1,fdhA,156,8.384e-41,0.262
FW_TWAS_AS_rep_1,GCA_044224105.1,JBGALB010000015.1,bcd,130,6.782e-34,0.287
FW_TWAS_AS_rep_1,GCA_044224105.1,JBGALB010000020.1,gdh,1425,0.0,0.496
FW_TWAS_AS_rep_1,GCA_044224105.1,JBGALB010000004.1,acs,123,5.828e-31,0.259
FW_TWAS_AS_rep_1,GCA_044224105.1,JBGALB010000011.1,crt,179,1.124e-51,0.42
FW_TWAS_AS_rep_1,GCA_044224105.1,JBGALB010000024.1,tdcB,71,2.187e-15,0.288
FW_TWAS_AS_rep_1,GCA_044224105.1,JBGALB010000007.1,lysophospholipase,55,1.748e-10,0.38
FW_TWAS_AS_rep_1,GCA_044224105.1,JBGALB010000008.1,fadE,145,5.478e-39,0.328
FW_TWAS_AS_rep_1,GCA_044224105.1,JBGALB010000017.1,extracellular_protease,69,7.538e-14,0.334
FW_TWAS_AS_rep_1,GCA_044224105.1,JBGALB010000025.1,fdhA,149,2.834e-38,0.247
FW_TWAS_AS_rep_1,GCA_044224105.1,JBGALB010000019.1,bcd,109,2.362e-26,0.309
FW_TWAS_AS_rep_1,GCA_044224105.1,JBGALB010000005.1,pta,203,5.815e-58,0.504
FW_TWAS_AS_rep_1,GCA_044224105.1,JBGALB010000004.1,cazy_GH5,45,1.176e-6,0.284
FW_TWAS_AS_rep_1,GCA_044224105.1,JBGALB010000006.1,fadA,341,7.255e-103,0.501
FW_TWAS_AS_rep_1,GCA_044224105.1,JBGALB010000008.1,gapA,334,6.596e-104,0.508
FW_TWAS_AS_rep_1,GCA_044224105.1,JBGALB010000013.1,frhG,41,1.293e-6,0.24
FW_TWAS_AS_rep_1,GCA_044224105.1,JBGALB010000021.1,bcd,110,2.261e-27,0.272
FW_TWAS_AS_rep_1,GCA_044224105.1,JBGALB010000035.1,mmcE,539,2.675e-168,0.527
FW_TWAS_AS_rep_1,GCA_044224105.1,JBGALB010000010.1,mer,106,3.187e-26,0.271
FW_TWAS_AS_rep_1,GCA_044224105.1,JBGALB010000019.1,fadD,201,1.5e-55,0.324
FW_TWAS_AS_rep_1,GCA_044224105.1,JBGALB010000005.1,dppB,252,2.606e-76,0.468
FW_TWAS_AS_rep_1,GCA_044224105.1,JBGALB010000019.1,acs,123,1.124e-30,0.291
FW_TWAS_AS_rep_1,GCA_044224105.1,JBGALB010000010.1,fadB,352,4.322e-105,0.351
FW_TWAS_AS_rep_1,GCA_044224105.1,JBGALB010000004.1,dppA,111,3.249e-27,0.3
FW_TWAS_AS_rep_1,GCA_044224105.1,JBGALB010000034.1,etfA,99,6.829e-25,0.365
FW_TWAS_AS_rep_1,GCA_044224105.1,JBGALB010000021.1,mer,108,2.955e-27,0.329
FW_TWAS_AS_rep_1,GCA_044224105.1,JBGALB010000007.1,fadA,216,2.218e-62,0.379
FW_TWAS_AS_rep_1,GCA_044224105.1,JBGALB010000001.1,pepQ,105,7.512e-26,0.329
FW_TWAS_AS_rep_1,GCA_044224105.1,JBGALB010000021.1,thl,268,5.006e-81,0.437
FW_TWAS_AS_rep_1,GCA_044224105.1,JBGALB010000014.1,acs,113,1.23e-27,0.261
FW_TWAS_AS_rep_1,GCA_044224105.1,JBGALB010000022.1,fdhA,123,2.357e-30,0.24
FW_TWAS_AS_rep_1,GCA_044224105.1,JBGALB010000005.1,bcd,305,2.041e-92,0.424
FW_TWAS_AS_rep_1,GCA_044224105.1,JBGALB010000012.1,oppA,365,8.819e-112,0.431
FW_TWAS_AS_rep_1,GCA_044224105.1,JBGALB010000004.1,rnfB,186,3.698e-55,0.65
FW_TWAS_AS_rep_1,GCA_044224105.1,JBGALB010000006.1,fdhA,148,8.314e-38,0.245
FW_TWAS_AS_rep_1,GCA_044224105.1,JBGALB010000005.1,fadB,383,6.94e-116,0.363
FW_TWAS_AS_rep_1,GCA_044224105.1,JBGALB010000020.1,thl,364,1.952e-111,0.525
FW_TWAS_AS_rep_1,GCA_044224105.1,JBGALB010000005.1,etfA,258,8.828e-78,0.535
FW_TWAS_AS_rep_1,GCA_044224105.1,JBGALB010000006.1,acs,288,4.433e-85,0.335
FW_TWAS_AS_rep_1,GCA_044224105.1,JBGALB010000007.1,fadD,123,2.257e-30,0.268
FW_TWAS_AS_rep_1,GCA_044224105.1,JBGALB010000029.1,fadD,216,1.693e-61,0.34
FW_TWAS_AS_rep_1,GCA_044224105.1,JBGALB010000020.1,fadA,240,2.66e-69,0.411
FW_TWAS_AS_rep_1,GCA_044224105.1,JBGALB010000034.1,crt,160,8.289e-46,0.445
FW_TWAS_AS_rep_1,GCA_044224105.1,JBGALB010000004.1,dppC,137,5.279e-35,0.323
FW_TWAS_AS_rep_1,GCA_044224105.1,JBGALB010000025.1,fadD,55,4.013e-11,0.362
FW_TWAS_AS_rep_1,GCA_044224105.1,JBGALB010000037.1,etfA,81,5.462e-18,0.328
FW_TWAS_AS_rep_1,GCA_044224105.1,JBGALB010000015.1,acs,102,4.236e-24,0.236
FW_TWAS_AS_rep_1,GCA_044224105.1,JBGALB010000014.1,bcd,75,1.044e-15,0.265
FW_TWAS_AS_rep_1,GCA_044224105.1,JBGALB010000002.1,adh,67,3.951e-14,0.288
FW_TWAS_AS_rep_1,GCA_044224105.1,JBGALB010000004.1,cdhC,42,1.681e-6,0.38
FW_TWAS_AS_rep_1,GCA_044224105.1,JBGALB010000021.1,fadA,340,1.314e-105,0.494
FW_TWAS_AS_rep_1,GCA_044224105.1,JBGALB010000002.1,folD,323,9.06e-101,0.531
FW_TWAS_AS_rep_1,GCA_044224105.1,JBGALB010000014.1,fadD,146,4.414e-38,0.293
FW_TWAS_AS_rep_1,GCA_044224105.1,JBGALB010000004.1,oppA,107,5.538e-26,0.26
FW_TWAS_AS_rep_1,GCA_044224105.1,JBGALB010000009.1,fadB,85,5.342e-19,0.336
FW_TWAS_AS_rep_1,GCA_044224105.1,JBGALB010000005.1,ackA,313,2.215e-95,0.483
FW_TWAS_AS_rep_1,GCA_044224105.1,JBGALB010000006.1,crt,145,1.98e-40,0.368
FW_TWAS_AS_rep_1,GCA_044224105.1,JBGALB010000015.1,fadE,168,1.677e-46,0.335
FW_TWAS_AS_rep_1,GCA_044224105.1,JBGALB010000002.1,etfA,98,1.088e-24,0.313
FW_TWAS_AS_rep_1,GCA_044224105.1,JBGALB010000008.1,pyk,353,3.608e-107,0.431
FW_TWAS_AS_rep_1,GCA_044224105.1,JBGALB010000015.1,fadB,91,4.364e-22,0.335
FW_TWAS_AS_rep_1,GCA_044224105.1,JBGALB010000006.1,mer,130,3.592e-34,0.335
FW_TWAS_AS_rep_1,GCA_044224105.1,JBGALB010000010.1,mdh,177,1.098e-50,0.436
FW_TWAS_AS_rep_1,GCA_044224105.1,JBGALB010000005.1,pepA,281,1.312e-83,0.457
FW_TWAS_AS_rep_1,GCA_044224105.1,JBGALB010000004.1,pepA,338,7.522e-103,0.448
FW_TWAS_AS_rep_1,GCA_044224105.1,JBGALB010000011.1,bcd,122,3.01e-31,0.27
FW_TWAS_AS_rep_1,GCA_044224105.1,JBGALB010000015.1,crt,161,6.954e-46,0.371
FW_TWAS_AS_rep_1,GCA_044224105.1,JBGALB010000010.1,dtpT,398,8.704e-120,0.458
FW_TWAS_AS_rep_1,GCA_044224105.1,JBGALB010000013.1,fdhA,120,2.412e-29,0.263
FW_TWAS_AS_rep_1,GCA_044224105.1,JBGALB010000011.1,etfB,121,4.058e-32,0.35
FW_TWAS_AS_rep_1,GCA_044224105.1,JBGALB010000008.1,adh,56,2.676e-10,0.254
FW_TWAS_AS_rep_1,GCA_044224105.1,JBGALB010000012.1,dppA,276,1.63e-81,0.344
FW_TWAS_AS_rep_1,GCA_044224105.1,JBGALB010000035.1,mmcF,130,1.126e-32,0.515
FW_TWAS_AS_rep_1,GCA_044224105.1,JBGALB010000034.1,fadB,83,9.131e-20,0.324
FW_TWAS_AS_rep_1,GCA_044224105.1,JBGALB010000001.1,fadE,181,1.713e-50,0.335
FW_TWAS_AS_rep_1,GCA_040766455.1,JAXGQL010000020.1,frhG,50,5.49e-10,0.415
FW_TWAS_AS_rep_1,GCA_040766455.1,JAXGQL010000008.1,cat,305,1.153e-96,0.686
FW_TWAS_AS_rep_1,GCA_040766455.1,JAXGQL010000017.1,adh,71,1.007e-15,0.273
FW_TWAS_AS_rep_1,GCA_040766455.1,JAXGQL010000014.1,hydA,48,4.726e-8,0.262
FW_TWAS_AS_rep_1,GCA_040766455.1,JAXGQL010000016.1,pgi,112,7.306e-28,0.308
FW_TWAS_AS_rep_1,GCA_040766455.1,JAXGQL010000028.1,agl,87,1.63e-19,0.239
FW_TWAS_AS_rep_1,GCA_040766455.1,JAXGQL010000006.1,frhB,45,4.803e-9,0.333
FW_TWAS_AS_rep_1,GCA_040766455.1,JAXGQL010000002.1,gdh,476,1.605e-153,0.677
FW_TWAS_AS_rep_1,GCA_040766455.1,JAXGQL010000002.1,fdhA,55,5.317e-10,0.339
FW_TWAS_AS_rep_1,GCA_040766455.1,JAXGQL010000005.1,rnfB,55,9.107e-10,0.431
FW_TWAS_AS_rep_1,GCA_040766455.1,JAXGQL010000007.1,pta,136,5.657e-37,0.355
FW_TWAS_AS_rep_1,GCA_040766455.1,JAXGQL010000014.1,pepN,147,1.943e-37,0.26
FW_TWAS_AS_rep_1,GCA_040766455.1,JAXGQL010000010.1,ackA,100,1.135e-24,0.277
FW_TWAS_AS_rep_1,GCA_040766455.1,JAXGQL010000045.1,mmcE,208,6.45e-63,0.566
FW_TWAS_AS_rep_1,GCA_040766455.1,JAXGQL010000017.1,extracellular_protease,102,8.813e-25,0.338
FW_TWAS_AS_rep_1,GCA_040766455.1,JAXGQL010000003.1,extracellular_protease,147,1.162e-37,0.36
FW_TWAS_AS_rep_1,GCA_040766455.1,JAXGQL010000011.1,pfkA,187,1.702e-53,0.365
FW_TWAS_AS_rep_1,GCA_040766455.1,JAXGQL010000018.1,hydA,42,5.35e-7,0.389
FW_TWAS_AS_rep_1,GCA_040766455.1,JAXGQL010000014.1,frhB,50,1.167e-8,0.333
FW_TWAS_AS_rep_1,GCA_040766455.1,JAXGQL010000012.1,pepA,334,6.871e-102,0.422
FW_TWAS_AS_rep_1,GCA_040766455.1,JAXGQL010000005.1,fdhA,81,1.98e-17,0.293
FW_TWAS_AS_rep_1,GCA_040766455.1,JAXGQL010000030.1,extracellular_protease,153,6.215e-39,0.361
FW_TWAS_AS_rep_1,GCA_040766455.1,JAXGQL010000014.1,etfA,251,1.086e-74,0.453
FW_TWAS_AS_rep_1,GCA_040766455.1,JAXGQL010000004.1,folD,235,4.788e-71,0.451
FW_TWAS_AS_rep_1,GCA_040766455.1,JAXGQL010000012.1,etfB,151,1.271e-42,0.403
FW_TWAS_AS_rep_1,GCA_040766455.1,JAXGQL010000002.1,rnfB,52,7.027e-9,0.357
FW_TWAS_AS_rep_1,GCA_040766455.1,JAXGQL010000014.1,frhG,54,9.4e-10,0.396
FW_TWAS_AS_rep_1,GCA_040766455.1,JAXGQL010000006.1,fadA,141,8.088e-40,0.369
FW_TWAS_AS_rep_1,GCA_040766455.1,JAXGQL010000001.1,rnfB,42,9.813e-6,0.306
FW_TWAS_AS_rep_1,GCA_040766455.1,JAXGQL010000002.1,hydA,509,2.288e-160,0.453
FW_TWAS_AS_rep_1,GCA_040766455.1,JAXGQL010000018.1,frhG,42,3.955e-7,0.414
FW_TWAS_AS_rep_1,GCA_040766455.1,JAXGQL010000020.1,frhB,43,1.462e-7,0.346
FW_TWAS_AS_rep_1,GCA_040766455.1,JAXGQL010000020.1,rnfB,46,1.228e-8,0.315
FW_TWAS_AS_rep_1,GCA_040766455.1,JAXGQL010000006.1,thl,224,2.121e-68,0.534
FW_TWAS_AS_rep_1,GCA_040766455.1,JAXGQL010000009.1,frhB,42,3.562e-6,0.308
FW_TWAS_AS_rep_1,GCA_040766455.1,JAXGQL010000006.1,frhG,46,2.545e-9,0.276
FW_TWAS_AS_rep_1,GCA_040766455.1,JAXGQL010000002.1,frhG,48,1.121e-7,0.415
FW_TWAS_AS_rep_1,GCA_040766455.1,JAXGQL010000040.1,pepD,87,2.181e-20,0.268
FW_TWAS_AS_rep_1,GCA_040766455.1,JAXGQL010000026.1,pfor,1327,0.0,0.579
FW_TWAS_AS_rep_1,GCA_040766455.1,JAXGQL010000040.1,pepT,213,2.75e-62,0.392
FW_TWAS_AS_rep_1,GCA_040766455.1,JAXGQL010000002.1,frhB,48,8.693e-8,0.45
FW_TWAS_AS_rep_1,GCA_040766455.1,JAXGQL010000002.1,pepQ,136,4.764e-36,0.307
FW_TWAS_AS_rep_1,GCA_040766455.1,JAXGQL010000028.1,cazy_GH13,141,5.312e-36,0.312
FW_TWAS_AS_rep_1,GCA_040766455.1,JAXGQL010000022.1,frhG,42,8.422e-6,0.35
FW_TWAS_AS_rep_1,GCA_040766455.1,JAXGQL010000019.1,gdh,51,8.518e-9,0.454
FW_TWAS_AS_rep_1,GCA_040766455.1,JAXGQL010000011.1,pta,226,6.275e-67,0.426
FW_TWAS_AS_rep_1,GCA_040766455.1,JAXGQL010000014.1,pfor,42,2.256e-6,0.306
FW_TWAS_AS_rep_1,GCA_040766455.1,JAXGQL010000009.1,gapA,353,4.129e-111,0.558
FW_TWAS_AS_rep_1,GCA_040766455.1,JAXGQL010000012.1,etfA,100,2.486e-25,0.333
FW_TWAS_AS_rep_1,GCA_040766455.1,JAXGQL010000005.1,hydA,77,3.115e-16,0.377
FW_TWAS_AS_rep_1,GCA_040766455.1,JAXGQL010000001.1,sucD,58,5.925e-11,0.266
FW_TWAS_AS_rep_1,GCA_040766455.1,JAXGQL010000021.1,mmcG,110,1.604e-30,0.411
FW_TWAS_AS_rep_1,GCA_040766455.1,JAXGQL010000021.1,hydA,40,7.963e-7,0.425
FW_TWAS_AS_rep_1,GCA_040766455.1,JAXGQL010000021.1,extracellular_protease,117,2.106e-28,0.318
FW_TWAS_AS_rep_1,GCA_040766455.1,JAXGQL010000008.1,fumB,117,1.064e-30,0.319
FW_TWAS_AS_rep_1,GCA_040766455.1,JAXGQL010000014.1,adhE,128,1.255e-33,0.297
FW_TWAS_AS_rep_1,GCA_040766455.1,JAXGQL010000009.1,frhG,50,9.879e-9,0.4
FW_TWAS_AS_rep_1,GCA_903922995.1,CAIXWA010000277.1,frhG,44,1.737e-6,0.426
FW_TWAS_AS_rep_1,GCA_903922995.1,CAIXWA010000073.1,ilvE,114,6.4e-29,0.322
FW_TWAS_AS_rep_1,GCA_903922995.1,CAIXWA010000291.1,pepD,79,2.493e-19,0.472
FW_TWAS_AS_rep_1,GCA_903922995.1,CAIXWA010000365.1,tdcB,46,9.771e-8,0.278
FW_TWAS_AS_rep_1,GCA_903922995.1,CAIXWA010000080.1,mmcG,41,2.714e-6,0.434
FW_TWAS_AS_rep_1,GCA_903922995.1,CAIXWA010000370.1,oppB,319,3.464e-99,0.54
FW_TWAS_AS_rep_1,GCA_903922995.1,CAIXWA010000044.1,frhG,42,6.573e-7,0.333
FW_TWAS_AS_rep_1,GCA_903922995.1,CAIXWA010000007.1,frhA,100,7.733e-24,0.239
FW_TWAS_AS_rep_1,GCA_903922995.1,CAIXWA010000231.1,pepQ,57,3.276e-11,0.282
FW_TWAS_AS_rep_1,GCA_903922995.1,CAIXWA010000310.1,fadD,138,5.98e-35,0.304
FW_TWAS_AS_rep_1,GCA_903922995.1,CAIXWA010000106.1,fwdA,42,6.393e-6,0.435
FW_TWAS_AS_rep_1,GCA_903922995.1,CAIXWA010000336.1,edd,176,3.368e-47,0.334
FW_TWAS_AS_rep_1,GCA_903922995.1,CAIXWA010000011.1,fumB,744,2.052e-237,0.674
FW_TWAS_AS_rep_1,GCA_903922995.1,CAIXWA010000066.1,hydA,70,1.276e-14,0.246
FW_TWAS_AS_rep_1,GCA_903922995.1,CAIXWA010000084.1,dppC,183,1.052e-49,0.422
FW_TWAS_AS_rep_1,GCA_903922995.1,CAIXWA010000403.1,fadA,237,1.658e-66,0.437
FW_TWAS_AS_rep_1,GCA_903922995.1,CAIXWA010000401.1,acylglycerol_lipase,48,2.687e-8,0.355
FW_TWAS_AS_rep_1,GCA_903922995.1,CAIXWA010000028.1,oppA,394,2.505e-121,0.439
FW_TWAS_AS_rep_1,GCA_903922995.1,CAIXWA010000326.1,frhG,90,5.247e-21,0.317
FW_TWAS_AS_rep_1,GCA_903922995.1,CAIXWA010000199.1,cazy_GH13,61,1.33e-11,0.259
FW_TWAS_AS_rep_1,GCA_903922995.1,CAIXWA010000403.1,acs,409,1.097e-122,0.374
FW_TWAS_AS_rep_1,GCA_903922995.1,CAIXWA010000145.1,endopeptidase,280,2.117e-79,0.496
FW_TWAS_AS_rep_1,GCA_903922995.1,CAIXWA010000268.1,dppA,275,9.952e-80,0.368
FW_TWAS_AS_rep_1,GCA_903922995.1,CAIXWA010000119.1,crt,120,2.973e-31,0.357
FW_TWAS_AS_rep_1,GCA_903922995.1,CAIXWA010000100.1,fdhA,597,1.017e-185,0.4
FW_TWAS_AS_rep_1,GCA_903922995.1,CAIXWA010000084.1,dppB,139,3.192e-35,0.319
FW_TWAS_AS_rep_1,GCA_903922995.1,CAIXWA010000390.1,sucC,390,2.84e-122,0.535
FW_TWAS_AS_rep_1,GCA_903922995.1,CAIXWA010000029.1,adh,50,5.005e-9,0.239
FW_TWAS_AS_rep_1,GCA_903922995.1,CAIXWA010000330.1,pfkA,70,4.048e-15,0.315
FW_TWAS_AS_rep_1,GCA_903922995.1,CAIXWA010000194.1,glcP,194,9.349e-55,0.326
FW_TWAS_AS_rep_1,GCA_903922995.1,CAIXWA010000328.1,tdcB,311,4.431e-89,0.447
FW_TWAS_AS_rep_1,GCA_903922995.1,CAIXWA010000115.1,cazy_GH13,48,1.814e-7,0.379
FW_TWAS_AS_rep_1,GCA_903922995.1,CAIXWA010000044.1,pfor,40,2.874e-6,0.297
FW_TWAS_AS_rep_1,GCA_903922995.1,CAIXWA010000326.1,mvhA,428,1.028e-134,0.465
FW_TWAS_AS_rep_1,GCA_903922995.1,CAIXWA010000367.1,aldh,143,1.008e-37,0.305
FW_TWAS_AS_rep_1,GCA_903922995.1,CAIXWA010000144.1,adh,51,8.333e-9,0.3
FW_TWAS_AS_rep_1,GCA_903922995.1,CAIXWA010000348.1,pfor,151,1.134e-43,0.773
FW_TWAS_AS_rep_1,GCA_903922995.1,CAIXWA010000174.1,pfkA,208,1.375e-60,0.373
FW_TWAS_AS_rep_1,GCA_903922995.1,CAIXWA010000310.1,fhs,729,2.138e-236,0.641
FW_TWAS_AS_rep_1,GCA_903922995.1,CAIXWA010000187.1,gdh,399,6.88e-125,0.497
FW_TWAS_AS_rep_1,GCA_903922995.1,CAIXWA010000196.1,pfkA,64,1.313e-12,0.326
FW_TWAS_AS_rep_1,GCA_903922995.1,CAIXWA010000403.1,pfor,54,3.839e-9,0.255
FW_TWAS_AS_rep_1,GCA_903922995.1,CAIXWA010000328.1,lysophospholipase,43,1.099e-6,0.31
FW_TWAS_AS_rep_1,GCA_903922995.1,CAIXWA010000084.1,oppA,56,8.264e-10,0.222
FW_TWAS_AS_rep_1,GCA_903922995.1,CAIXWA010000326.1,mvhG,129,1.56e-33,0.37
FW_TWAS_AS_rep_1,GCA_903922995.1,CAIXWA010000403.1,thl,358,1.976e-106,0.556
FW_TWAS_AS_rep_1,GCA_903922995.1,CAIXWA010000326.1,fdhA,63,3.879e-13,0.443
FW_TWAS_AS_rep_1,GCA_903922995.1,CAIXWA010000303.1,acs,87,2.282e-19,0.26
FW_TWAS_AS_rep_1,GCA_903922995.1,CAIXWA010000277.1,rnfB,45,9.981e-7,0.354
FW_TWAS_AS_rep_1,GCA_903922995.1,CAIXWA010000073.1,adh,53,7.497e-10,0.362
FW_TWAS_AS_rep_1,GCA_903922995.1,CAIXWA010000132.1,mmcG,52,1.033e-9,0.32
FW_TWAS_AS_rep_1,GCA_903922995.1,CAIXWA010000246.1,thl,41,6.914e-6,0.29
FW_TWAS_AS_rep_1,GCA_903922995.1,CAIXWA010000409.1,xylF,279,4.127e-85,0.481
FW_TWAS_AS_rep_1,GCA_903922995.1,CAIXWA010000260.1,pepT,59,5.989e-11,0.261
FW_TWAS_AS_rep_1,GCA_903922995.1,CAIXWA010000371.1,lctD,77,4.427e-16,0.36
FW_TWAS_AS_rep_1,GCA_903922995.1,CAIXWA010000322.1,pepO,637,1.136e-202,0.503
FW_TWAS_AS_rep_1,GCA_903922995.1,CAIXWA010000066.1,frhG,47,2.26e-8,0.252
FW_TWAS_AS_rep_1,GCA_903922995.1,CAIXWA010000105.1,frhG,48,1.243e-8,0.307
FW_TWAS_AS_rep_1,GCA_903922995.1,CAIXWA010000384.1,pgi,171,1.088e-45,0.358
FW_TWAS_AS_rep_1,GCA_903922995.1,CAIXWA010000178.1,acs,758,3.7e-245,0.593
FW_TWAS_AS_rep_1,GCA_903922995.1,CAIXWA010000214.1,xylB,181,8.087e-50,0.347
FW_TWAS_AS_rep_1,GCA_903922995.1,CAIXWA010000384.1,edd,74,8.1e-18,0.396
FW_TWAS_AS_rep_1,GCA_903922995.1,CAIXWA010000084.1,dppA,49,8.934e-8,0.218
FW_TWAS_AS_rep_1,GCA_903922995.1,CAIXWA010000422.1,pfor,349,1.61e-98,0.252
FW_TWAS_AS_rep_1,GCA_903922995.1,CAIXWA010000371.1,mdh,169,8.232e-45,0.381
FW_TWAS_AS_rep_1,GCA_903922995.1,CAIXWA010000111.1,dtpT,173,1.204e-46,0.318
FW_TWAS_AS_rep_1,GCA_903922995.1,CAIXWA010000077.1,pfkA,78,3.265e-17,0.3
FW_TWAS_AS_rep_1,GCA_903922995.1,CAIXWA010000310.1,pepT,62,3.453e-12,0.262
FW_TWAS_AS_rep_1,GCA_903922995.1,CAIXWA010000029.1,pfkA,46,2.209e-7,0.365
FW_TWAS_AS_rep_1,GCA_903922995.1,CAIXWA010000294.1,pepQ,40,1.331e-6,0.319
FW_TWAS_AS_rep_1,GCA_903922995.1,CAIXWA010000023.1,oppB,40,3.454e-8,0.678
FW_TWAS_AS_rep_1,GCA_903922995.1,CAIXWA010000367.1,ackA,283,1.382e-84,0.438
FW_TWAS_AS_rep_1,GCA_903922995.1,CAIXWA010000225.1,bgl,472,1.792e-147,0.49
FW_TWAS_AS_rep_1,GCA_903922995.1,CAIXWA010000225.1,glcP,46,2.655e-7,0.269
FW_TWAS_AS_rep_1,GCA_903922995.1,CAIXWA010000403.1,fadD,107,2.048e-25,0.279
FW_TWAS_AS_rep_1,GCA_903922995.1,CAIXWA010000037.1,hbd,219,3.057e-63,0.478
FW_TWAS_AS_rep_1,GCA_903922995.1,CAIXWA010000080.1,tdcB,66,1.627e-13,0.278
FW_TWAS_AS_rep_1,GCA_903922995.1,CAIXWA010000370.1,dppC,233,3.679e-70,0.462
FW_TWAS_AS_rep_1,GCA_903922995.1,CAIXWA010000310.1,acs,82,7.64e-18,0.244
FW_TWAS_AS_rep_1,GCA_903922995.1,CAIXWA010000371.1,lctB,214,2.771e-64,0.472
FW_TWAS_AS_rep_1,GCA_903922995.1,CAIXWA010000105.1,mvhG,44,1.779e-7,0.23
FW_TWAS_AS_rep_1,GCA_903922995.1,CAIXWA010000178.1,fadD,132,1.845e-33,0.298
FW_TWAS_AS_rep_1,GCA_903922995.1,CAIXWA010000370.1,dppB,284,4.541e-87,0.495
FW_TWAS_AS_rep_1,GCA_903922995.1,CAIXWA010000100.1,hydA,83,3.714e-18,0.278
FW_TWAS_AS_rep_1,GCA_903922995.1,CAIXWA010000102.1,adh,54,4.594e-10,0.276
FW_TWAS_AS_rep_1,GCA_903922995.1,CAIXWA010000326.1,hydA,111,2.812e-29,0.318
FW_TWAS_AS_rep_1,GCA_903922995.1,CAIXWA010000131.1,dppA,163,2.287e-45,0.311
FW_TWAS_AS_rep_1,GCA_903922995.1,CAIXWA010000205.1,mdh,165,6.276e-46,0.399
FW_TWAS_AS_rep_1,GCA_903922995.1,CAIXWA010000295.1,pyk,377,5.252e-116,0.459
FW_TWAS_AS_rep_1,GCA_903922995.1,CAIXWA010000030.1,eda,175,4.066e-51,0.443
FW_TWAS_AS_rep_1,GCA_903922995.1,CAIXWA010000331.1,dtpT,398,9.872e-117,0.484
FW_TWAS_AS_rep_1,GCA_903922995.1,CAIXWA010000371.1,lctC,391,3.888e-122,0.498
FW_TWAS_AS_rep_1,GCA_903922995.1,CAIXWA010000310.1,tdcB,353,4.433e-110,0.541
FW_TWAS_AS_rep_1,GCA_903922995.1,CAIXWA010000199.1,gapA,394,3.564e-125,0.608
FW_TWAS_AS_rep_1,GCA_903922995.1,CAIXWA010000028.1,dppA,321,2.14e-96,0.372
FW_TWAS_AS_rep_1,GCA_903922995.1,CAIXWA010000007.1,frhG,59,1.58e-11,0.322
FW_TWAS_AS_rep_1,GCA_903922995.1,CAIXWA010000277.1,fdhA,654,2.114e-205,0.408
FW_TWAS_AS_rep_1,GCA_903922995.1,CAIXWA010000084.1,oppB,199,8.227e-55,0.464
FW_TWAS_AS_rep_1,GCA_903922995.1,CAIXWA010000037.1,fadB,229,1.021e-66,0.35
FW_TWAS_AS_rep_1,GCA_903922995.1,CAIXWA010000256.1,folD,291,2.827e-90,0.536
FW_TWAS_AS_rep_1,GCA_903922995.1,CAIXWA010000277.1,hydA,94,2.142e-21,0.265
FW_TWAS_AS_rep_1,GCA_903922995.1,CAIXWA010000303.1,fadD,126,1.432e-31,0.293
FW_TWAS_AS_rep_1,GCA_903922995.1,CAIXWA010000131.1,oppA,234,2.151e-69,0.396
FW_TWAS_AS_rep_1,GCA_903922995.1,CAIXWA010000037.1,pepQ,79,2.362e-17,0.34
FW_TWAS_AS_rep_1,GCA_903922995.1,CAIXWA010000299.1,pepQ,70,7.534e-15,0.335
FW_TWAS_AS_rep_1,GCA_903922995.1,CAIXWA010000093.1,acylglycerol_lipase,44,3.857e-7,0.372
FW_TWAS_AS_rep_1,GCA_903922995.1,CAIXWA010000326.1,frhA,150,4.196e-40,0.302
FW_TWAS_AS_rep_1,GCA_903922995.1,CAIXWA010000084.1,dtpT,89,3.476e-20,0.266
FW_TWAS_AS_rep_1,GCA_903922995.1,CAIXWA010000048.1,cazy_GH10,246,8.074e-74,0.459
FW_TWAS_AS_rep_1,GCA_903922995.1,CAIXWA010000367.1,adhE,145,1.693e-38,0.324
FW_TWAS_AS_rep_1,GCA_903922995.1,CAIXWA010000064.1,pfkA,208,1.825e-60,0.389
FW_TWAS_AS_rep_1,GCA_903922995.1,CAIXWA010000398.1,acylglycerol_lipase,43,9.137e-7,0.244
FW_TWAS_AS_rep_1,GCA_903922995.1,CAIXWA010000223.1,pfor,816,9.732e-264,0.584
FW_TWAS_AS_rep_1,GCA_903922995.1,CAIXWA010000268.1,oppA,351,4.329e-105,0.423
FW_TWAS_AS_rep_1,GCA_903922995.1,CAIXWA010000331.1,xylA,537,9.537e-173,0.595
FW_TWAS_AS_rep_1,GCA_903922995.1,CAIXWA010000106.1,extracellular_protease,136,7.583e-34,0.442
FW_TWAS_AS_rep_1,GCA_903922995.1,CAIXWA010000007.1,mvhA,115,1.704e-28,0.252
FW_TWAS_AS_rep_1,GCA_903922995.1,CAIXWA010000080.1,pfkA,49,3.881e-8,0.321
FW_TWAS_AS_rep_1,GCA_903922995.1,CAIXWA010000332.1,fadD,79,7.624e-18,0.371
FW_TWAS_AS_rep_1,GCA_903922995.1,CAIXWA010000390.1,sucD,295,2.192e-86,0.535
FW_TWAS_AS_rep_1,GCA_903922995.1,CAIXWA010000405.1,dtpT,45,2.405e-7,0.4
FW_TWAS_AS_rep_1,GCA_023261595.1,JAHFOQ010000003.1,folD,257,6.523e-79,0.469
FW_TWAS_AS_rep_1,GCA_023261595.1,JAHFOQ010000019.1,pyk,319,3.463e-96,0.396
FW_TWAS_AS_rep_1,GCA_023261595.1,JAHFOQ010000014.1,pepQ,78,3.138e-18,0.3
FW_TWAS_AS_rep_1,GCA_023261595.1,JAHFOQ010000020.1,gapA,309,8.515e-96,0.454
FW_TWAS_AS_rep_1,GCA_023261595.1,JAHFOQ010000008.1,crt,40,9.741e-6,0.341
FW_TWAS_AS_rep_1,GCA_023261595.1,JAHFOQ010000003.1,dppA,115,2.276e-28,0.247
FW_TWAS_AS_rep_1,GCA_023261595.1,JAHFOQ010000005.1,cazy_GH10,46,2.385e-7,0.278
FW_TWAS_AS_rep_1,GCA_023261595.1,JAHFOQ010000003.1,oppA,127,3.366e-32,0.279
FW_TWAS_AS_rep_1,GCA_029565215.1,JAKQOP010000280.1,gdh,584,2.304e-188,0.645
FW_TWAS_AS_rep_1,GCA_029565215.1,JAKQOP010000269.1,rnfB,42,5.139e-6,0.346
FW_TWAS_AS_rep_1,GCA_029565215.1,JAKQOP010000456.1,pfor,1139,0.0,0.578
FW_TWAS_AS_rep_1,GCA_029565215.1,JAKQOP010000414.1,mmcF,141,2.932e-36,0.545
FW_TWAS_AS_rep_1,GCA_029565215.1,JAKQOP010000584.1,pfor,301,7.587e-96,0.768
FW_TWAS_AS_rep_1,GCA_029565215.1,JAKQOP010000205.1,pfor,42,1.859e-6,0.227
FW_TWAS_AS_rep_1,GCA_029565215.1,JAKQOP010000243.1,frhB,49,3.018e-8,0.328
FW_TWAS_AS_rep_1,GCA_029565215.1,JAKQOP010000436.1,adhE,97,6.217e-24,0.259
FW_TWAS_AS_rep_1,GCA_029565215.1,JAKQOP010000010.1,cat,211,7.321e-64,0.533
FW_TWAS_AS_rep_1,GCA_029565215.1,JAKQOP010000558.1,folD,329,2.003e-103,0.593
FW_TWAS_AS_rep_1,GCA_029565215.1,JAKQOP010000531.1,acs,158,7.498e-45,0.321
FW_TWAS_AS_rep_1,GCA_029565215.1,JAKQOP010000068.1,fdhA,49,5.022e-8,0.381
FW_TWAS_AS_rep_1,GCA_029565215.1,JAKQOP010000094.1,pgi,75,3.524e-16,0.27
FW_TWAS_AS_rep_1,GCA_029565215.1,JAKQOP010000059.1,ackA,102,1.447e-27,0.473
FW_TWAS_AS_rep_1,GCA_029565215.1,JAKQOP010000068.1,rnfB,44,1.327e-6,0.37
FW_TWAS_AS_rep_1,GCA_029565215.1,JAKQOP010000455.1,ackA,280,7.035e-87,0.521
FW_TWAS_AS_rep_1,GCA_029565215.1,JAKQOP010000553.1,gapA,261,2.71e-80,0.475
FW_TWAS_AS_rep_1,GCA_029565215.1,JAKQOP010000243.1,rnfB,49,2.283e-8,0.288
FW_TWAS_AS_rep_1,GCA_029565215.1,JAKQOP010000514.1,lctC,44,9.57e-7,0.276
FW_TWAS_AS_rep_1,GCA_029565215.1,JAKQOP010000243.1,hydA,79,1.251e-17,0.268
FW_TWAS_AS_rep_1,GCA_029565215.1,JAKQOP010000265.1,adh,71,1.14e-15,0.294
FW_TWAS_AS_rep_1,GCA_029565215.1,JAKQOP010000407.1,gdh,68,3.904e-14,0.571
FW_TWAS_AS_rep_1,GCA_029565215.1,JAKQOP010000032.1,hydA,520,4.714e-164,0.469
FW_TWAS_AS_rep_1,GCA_029565215.1,JAKQOP010000192.1,pepT,59,2.393e-11,0.295
FW_TWAS_AS_rep_1,GCA_029565215.1,JAKQOP010000145.1,pepD,168,8.133e-49,0.438
FW_TWAS_AS_rep_1,GCA_029565215.1,JAKQOP010000145.1,pepT,249,1.425e-73,0.412
FW_TWAS_AS_rep_1,GCA_029565215.1,JAKQOP010000096.1,dtpT,202,5.696e-56,0.287
FW_TWAS_AS_rep_1,GCA_029565215.1,JAKQOP010000200.1,acs,126,6.733e-36,0.404
FW_TWAS_AS_rep_1,GCA_029565215.1,JAKQOP010000272.1,pepD,66,1.179e-16,0.491
FW_TWAS_AS_rep_1,GCA_029565215.1,JAKQOP010000445.1,sucD,101,1.008e-24,0.449
FW_TWAS_AS_rep_1,GCA_029565215.1,JAKQOP010000121.1,pepQ,59,7.65e-12,0.293
FW_TWAS_AS_rep_1,GCA_029565215.1,JAKQOP010000031.1,rnfB,85,6.071e-20,0.321
FW_TWAS_AS_rep_1,GCA_029565215.1,JAKQOP010000569.1,endopeptidase,241,2.263e-71,0.441
FW_TWAS_AS_rep_1,GCA_029565215.1,JAKQOP010000423.1,susC,52,1.608e-8,0.284
FW_TWAS_AS_rep_1,GCA_029565215.1,JAKQOP010000558.1,pfkA,137,3.395e-36,0.324
FW_TWAS_AS_rep_1,GCA_029565215.1,JAKQOP010000402.1,frhB,46,2.506e-9,0.392
FW_TWAS_AS_rep_1,GCA_029565215.1,JAKQOP010000031.1,frhG,42,3.198e-6,0.367
FW_TWAS_AS_rep_1,GCA_029565215.1,JAKQOP010000314.1,pepQ,113,4.296e-28,0.279
FW_TWAS_AS_rep_1,GCA_029565215.1,JAKQOP010000445.1,sucC,349,6.862e-109,0.48
FW_TWAS_AS_rep_1,GCA_029565215.1,JAKQOP010000030.1,pfkA,228,8.987e-70,0.53
FW_TWAS_AS_rep_1,GCA_029565215.1,JAKQOP010000510.1,acs,103,2.202e-25,0.276
FW_TWAS_AS_rep_1,GCA_029565215.1,JAKQOP010000300.1,ackA,196,5.72e-60,0.551
FW_TWAS_AS_rep_1,GCA_029565215.1,JAKQOP010000331.1,acs,141,2.299e-37,0.254
FW_TWAS_AS_rep_1,GCA_029565215.1,JAKQOP010000251.1,dppA,205,2.092e-57,0.273
FW_TWAS_AS_rep_1,GCA_029565215.1,JAKQOP010000251.1,oppA,228,2.687e-65,0.32
FW_TWAS_AS_rep_1,GCA_029565215.1,JAKQOP010000414.1,mmcE,532,1.651e-166,0.535
FW_TWAS_AS_rep_1,GCA_029565215.1,JAKQOP010000302.1,dppC,150,3.006e-41,0.384
FW_TWAS_AS_rep_1,GCA_029565215.1,JAKQOP010000360.1,pepA,54,2.994e-12,0.476
FW_TWAS_AS_rep_1,GCA_029565215.1,JAKQOP010000544.1,bcd,180,3.926e-49,0.333
FW_TWAS_AS_rep_1,GCA_029565215.1,JAKQOP010000544.1,etfA,201,6.602e-59,0.364
FW_TWAS_AS_rep_1,GCA_029565215.1,JAKQOP010000510.1,fadD,100,2.304e-24,0.272
FW_TWAS_AS_rep_1,GCA_029565215.1,JAKQOP010000531.1,fadD,118,2.732e-31,0.37
FW_TWAS_AS_rep_1,GCA_029565215.1,JAKQOP010000193.1,endopeptidase,210,4.381e-61,0.437
FW_TWAS_AS_rep_1,GCA_029565215.1,JAKQOP010000203.1,rnfB,42,6.91e-6,0.338
FW_TWAS_AS_rep_1,GCA_029565215.1,JAKQOP010000068.1,frhB,52,6.876e-9,0.384
FW_TWAS_AS_rep_1,GCA_029565215.1,JAKQOP010000457.1,pepD,523,4.621e-167,0.536
FW_TWAS_AS_rep_1,GCA_029565215.1,JAKQOP010000170.1,pepN,108,4.586e-26,0.275
FW_TWAS_AS_rep_1,GCA_029565215.1,JAKQOP010000544.1,etfB,119,1.903e-31,0.332
FW_TWAS_AS_rep_1,GCA_029565215.1,JAKQOP010000082.1,pfkA,228,1.202e-69,0.526
FW_TWAS_AS_rep_1,GCA_029565215.1,JAKQOP010000192.1,pepD,458,7.55e-145,0.494
FW_TWAS_AS_rep_1,GCA_029565215.1,JAKQOP010000510.1,mmcG,97,4.099e-26,0.378
FW_TWAS_AS_rep_1,GCA_029565215.1,JAKQOP010000114.1,fhs,77,1.417e-20,0.532
FW_TWAS_AS_rep_1,GCA_029565215.1,JAKQOP010000243.1,frhG,55,3.461e-10,0.351
FW_TWAS_AS_rep_1,GCA_029565215.1,JAKQOP010000504.1,fumB,93,1.161e-24,0.388
FW_TWAS_AS_rep_1,GCA_029565215.1,JAKQOP010000087.1,fhs,599,2.145e-192,0.568
FW_TWAS_AS_rep_1,GCA_029565215.1,JAKQOP010000275.1,frhB,46,9.54e-10,0.5
FW_TWAS_AS_rep_1,GCA_029565215.1,JAKQOP010000302.1,oppB,166,1.358e-46,0.424
FW_TWAS_AS_rep_1,GCA_029565215.1,JAKQOP010000275.1,hydA,46,5.031e-10,0.448
FW_TWAS_AS_rep_1,GCA_029565215.1,JAKQOP010000517.1,endopeptidase,302,5.265e-92,0.447
FW_TWAS_AS_rep_1,GCA_029565215.1,JAKQOP010000032.1,fdhA,54,1.243e-9,0.447
FW_TWAS_AS_rep_1,GCA_029565215.1,JAKQOP010000568.1,pyk,319,4.853e-97,0.407
FW_TWAS_AS_rep_1,GCA_029565215.1,JAKQOP010000183.1,pfor,49,4.64e-8,0.232
FW_TWAS_AS_rep_1,GCA_029565215.1,JAKQOP010000068.1,hydA,136,5.012e-35,0.223
FW_TWAS_AS_rep_1,GCA_029565215.1,JAKQOP010000031.1,frhB,45,3.319e-7,0.342
FW_TWAS_AS_rep_1,GCA_029565215.1,JAKQOP010000402.1,hydA,42,4.406e-8,0.387
FW_TWAS_AS_rep_1,GCA_029565215.1,JAKQOP010000200.1,fadD,87,2.9e-22,0.404
FW_TWAS_AS_rep_1,GCA_029565215.1,JAKQOP010000565.1,endopeptidase,277,3.241e-80,0.423
FW_TWAS_AS_rep_1,GCA_029565215.1,JAKQOP010000093.1,adh,76,4.415e-17,0.259
FW_TWAS_AS_rep_1,GCA_029565215.1,JAKQOP010000331.1,fadD,143,5.195e-38,0.291
FW_TWAS_AS_rep_1,GCA_029565215.1,JAKQOP010000498.1,pepN,107,1.692e-25,0.281
FW_TWAS_AS_rep_1,GCA_029565215.1,JAKQOP010000544.1,fadE,162,2.261e-43,0.353
FW_TWAS_AS_rep_1,GCA_029565215.1,JAKQOP010000361.1,ilvE,249,3.372e-75,0.414
FW_TWAS_AS_rep_1,GCA_029565215.1,JAKQOP010000124.1,dppB,184,1.187e-52,0.345
FW_TWAS_AS_rep_1,GCA_029565215.1,JAKQOP010000269.1,frhB,44,2.239e-6,0.345
FW_TWAS_AS_rep_1,GCA_029565215.1,JAKQOP010000528.1,susC,43,2.892e-6,0.27
FW_TWAS_AS_rep_1,GCA_029565215.1,JAKQOP010000522.1,ackA,192,1.834e-58,0.539
FW_TWAS_AS_rep_1,GCA_029565215.1,JAKQOP010000124.1,oppB,167,9.055e-47,0.337
FW_TWAS_AS_rep_1,GCA_029565215.1,JAKQOP010000211.1,extracellular_protease,124,5.972e-31,0.327
FW_TWAS_AS_rep_1,GCA_029565215.1,JAKQOP010000178.1,glcP,41,8.079e-6,0.229
FW_TWAS_AS_rep_1,GCA_029565215.1,JAKQOP010000005.1,ackA,97,1.261e-23,0.293
FW_TWAS_AS_rep_1,GCA_029569365.1,JAKQTD010000022.1,fadD,150,7.7e-40,0.318
FW_TWAS_AS_rep_1,GCA_029569365.1,JAKQTD010000006.1,hydA,502,4.48e-158,0.45
FW_TWAS_AS_rep_1,GCA_029569365.1,JAKQTD010000069.1,adhE,138,5.244e-37,0.326
FW_TWAS_AS_rep_1,GCA_029569365.1,JAKQTD010000084.1,acs,56,1.231e-10,0.255
FW_TWAS_AS_rep_1,GCA_029569365.1,JAKQTD010000099.1,frhB,41,3.432e-6,0.39
FW_TWAS_AS_rep_1,GCA_029569365.1,JAKQTD010000033.1,acylglycerol_lipase,44,1.628e-6,0.261
FW_TWAS_AS_rep_1,GCA_029569365.1,JAKQTD010000084.1,pepT,220,1.658e-64,0.411
FW_TWAS_AS_rep_1,GCA_029569365.1,JAKQTD010000006.1,pepN,157,1.45e-40,0.282
FW_TWAS_AS_rep_1,GCA_029569365.1,JAKQTD010000077.1,etfA,108,1.011e-27,0.337
FW_TWAS_AS_rep_1,GCA_029569365.1,JAKQTD010000125.1,pepQ,146,3.421e-39,0.306
FW_TWAS_AS_rep_1,GCA_029569365.1,JAKQTD010000037.1,pfkA,83,1.064e-18,0.249
FW_TWAS_AS_rep_1,GCA_029569365.1,JAKQTD010000006.1,etfA,245,7.256e-73,0.465
FW_TWAS_AS_rep_1,GCA_029569365.1,JAKQTD010000020.1,agl,93,3.499e-21,0.263
FW_TWAS_AS_rep_1,GCA_029569365.1,JAKQTD010000037.1,gdh,594,3.357e-192,0.653
FW_TWAS_AS_rep_1,GCA_029569365.1,JAKQTD010000091.1,fhs,123,1.28e-34,0.622
FW_TWAS_AS_rep_1,GCA_029569365.1,JAKQTD010000082.1,gdh,49,2.035e-8,0.41
FW_TWAS_AS_rep_1,GCA_029569365.1,JAKQTD010000008.1,fdhA,78,1.791e-16,0.276
FW_TWAS_AS_rep_1,GCA_029569365.1,JAKQTD010000020.1,cazy_GH13,156,1.286e-40,0.327
FW_TWAS_AS_rep_1,GCA_029569365.1,JAKQTD010000002.1,extracellular_protease,135,5.81e-34,0.355
FW_TWAS_AS_rep_1,GCA_029569365.1,JAKQTD010000019.1,pepA,335,2.041e-102,0.451
FW_TWAS_AS_rep_1,GCA_029569365.1,JAKQTD010000099.1,thl,379,5.627e-119,0.543
FW_TWAS_AS_rep_1,GCA_029569365.1,JAKQTD010000101.1,pfor,1198,0.0,0.582
FW_TWAS_AS_rep_1,GCA_029569365.1,JAKQTD010000025.1,frhB,44,1.828e-7,0.31
FW_TWAS_AS_rep_1,GCA_029569365.1,JAKQTD010000099.1,frhG,44,3.402e-7,0.472
FW_TWAS_AS_rep_1,GCA_029569365.1,JAKQTD010000008.1,frhG,49,4.813e-8,0.416
FW_TWAS_AS_rep_1,GCA_029569365.1,JAKQTD010000084.1,pepD,65,2.867e-13,0.265
FW_TWAS_AS_rep_1,GCA_029569365.1,JAKQTD010000055.1,hydA,40,4.84e-6,0.425
FW_TWAS_AS_rep_1,GCA_029569365.1,JAKQTD010000077.1,etfB,165,2.594e-47,0.446
FW_TWAS_AS_rep_1,GCA_029569365.1,JAKQTD010000077.1,pgi,115,6.047e-29,0.3
FW_TWAS_AS_rep_1,GCA_029569365.1,JAKQTD010000118.1,pepQ,78,6.946e-18,0.322
FW_TWAS_AS_rep_1,GCA_029569365.1,JAKQTD010000022.1,extracellular_protease,148,1.197e-37,0.35
FW_TWAS_AS_rep_1,GCA_029569365.1,JAKQTD010000076.1,hydA,61,3.924e-12,0.453
FW_TWAS_AS_rep_1,GCA_029569365.1,JAKQTD010000083.1,extracellular_protease,72,3.045e-14,0.337
FW_TWAS_AS_rep_1,GCA_029569365.1,JAKQTD010000006.1,frhG,46,2.318e-7,0.395
FW_TWAS_AS_rep_1,GCA_029569365.1,JAKQTD010000002.1,folD,235,4.61e-71,0.462
FW_TWAS_AS_rep_1,GCA_029569365.1,JAKQTD010000076.1,frhB,44,9.93e-7,0.384
FW_TWAS_AS_rep_1,GCA_029569365.1,JAKQTD010000101.1,hydA,41,6.72e-6,0.365
FW_TWAS_AS_rep_1,GCA_029569365.1,JAKQTD010000008.1,rnfB,48,1.105e-7,0.404
FW_TWAS_AS_rep_1,GCA_029569365.1,JAKQTD010000027.1,pepN,145,4.289e-37,0.267
FW_TWAS_AS_rep_1,GCA_029569365.1,JAKQTD010000055.1,mmcG,109,5.028e-30,0.428
FW_TWAS_AS_rep_1,GCA_029569365.1,JAKQTD010000016.1,extracellular_protease,102,1.057e-23,0.328
FW_TWAS_AS_rep_1,GCA_029569365.1,JAKQTD010000101.1,fumB,122,3.303e-34,0.405
FW_TWAS_AS_rep_1,GCA_029569365.1,JAKQTD010000125.1,mmcF,128,4.438e-32,0.535
FW_TWAS_AS_rep_1,GCA_029569365.1,JAKQTD010000006.1,fdhA,52,4.881e-9,0.327
FW_TWAS_AS_rep_1,GCA_029569365.1,JAKQTD010000006.1,rnfB,48,5.717e-8,0.343
FW_TWAS_AS_rep_1,GCA_029569365.1,JAKQTD010000006.1,fadE,284,1.759e-86,0.452
FW_TWAS_AS_rep_1,GCA_029569365.1,JAKQTD010000099.1,fadA,303,1.314e-92,0.437
FW_TWAS_AS_rep_1,GCA_029569365.1,JAKQTD010000041.1,fhs,616,5.288e-199,0.601
FW_TWAS_AS_rep_1,GCA_029569365.1,JAKQTD010000090.1,ackA,102,3.203e-25,0.296
FW_TWAS_AS_rep_1,GCA_029569365.1,JAKQTD010000006.1,pta,230,9.995e-69,0.445
FW_TWAS_AS_rep_1,GCA_029569365.1,JAKQTD010000025.1,frhG,46,4.185e-8,0.4
FW_TWAS_AS_rep_1,GCA_029569365.1,JAKQTD010000076.1,frhG,49,1.453e-8,0.327
FW_TWAS_AS_rep_1,GCA_029569365.1,JAKQTD010000124.1,fwdA,46,2.537e-7,0.393
FW_TWAS_AS_rep_1,GCA_029569365.1,JAKQTD010000128.1,frhB,44,4.298e-7,0.355
FW_TWAS_AS_rep_1,GCA_029569365.1,JAKQTD010000082.1,fadD,216,1.295e-61,0.334
FW_TWAS_AS_rep_1,GCA_029569365.1,JAKQTD010000061.1,pyk,229,1.112e-69,0.475
FW_TWAS_AS_rep_1,GCA_029569365.1,JAKQTD010000032.1,extracellular_protease,178,1.014e-46,0.372
FW_TWAS_AS_rep_1,GCA_029569365.1,JAKQTD010000128.1,pfor,46,1.715e-7,0.303
FW_TWAS_AS_rep_1,GCA_029569365.1,JAKQTD010000076.1,rnfB,96,3.137e-23,0.336
FW_TWAS_AS_rep_1,GCA_029569365.1,JAKQTD010000027.1,pfkA,166,1.457e-45,0.335
FW_TWAS_AS_rep_1,GCA_029569365.1,JAKQTD010000084.1,fadD,147,2.135e-40,0.421
FW_TWAS_AS_rep_1,GCA_029569365.1,JAKQTD010000025.1,rnfB,40,6.146e-6,0.344
FW_TWAS_AS_rep_1,GCA_029569365.1,JAKQTD010000086.1,frhG,41,6.454e-8,0.308
FW_TWAS_AS_rep_1,GCA_029569365.1,JAKQTD010000008.1,hydA,74,2.816e-15,0.359
FW_TWAS_AS_rep_1,GCA_029569365.1,JAKQTD010000125.1,mmcE,532,4.153e-166,0.526
FW_TWAS_AS_rep_1,GCA_029569365.1,JAKQTD010000061.1,gapA,406,2.483e-129,0.602
FW_TWAS_AS_rep_1,GCA_029569365.1,JAKQTD010000006.1,bcd,329,4.186e-102,0.468
FW_TWAS_AS_rep_1,GCA_029569365.1,JAKQTD010000003.1,pta,122,2.05e-32,0.334
FW_TWAS_AS_rep_1,GCA_029569365.1,JAKQTD010000035.1,pfor,188,2.762e-57,0.579
FW_TWAS_AS_rep_1,GCA_029569365.1,JAKQTD010000097.1,fdhA,314,2.675e-91,0.328
FW_TWAS_AS_rep_1,GCA_029569365.1,JAKQTD010000006.1,frhB,52,3.466e-9,0.465
FW_TWAS_AS_rep_1,GCA_029569365.1,JAKQTD010000022.1,acs,111,2.463e-27,0.278
FW_TWAS_AS_rep_1,GCA_029569365.1,JAKQTD010000054.1,gdh,88,2.746e-24,0.666
FW_TWAS_AS_rep_1,GCA_033810375.1,JAPXQP010000010.1,susC,628,9.215e-194,0.383
FW_TWAS_AS_rep_1,GCA_033810375.1,JAPXQP010000014.1,xylA,501,2.236e-160,0.561
FW_TWAS_AS_rep_1,GCA_033810375.1,JAPXQP010000104.1,pta,230,1.011e-68,0.426
FW_TWAS_AS_rep_1,GCA_033810375.1,JAPXQP010000034.1,pepO,574,1.065e-180,0.457
FW_TWAS_AS_rep_1,GCA_033810375.1,JAPXQP010000065.1,etfA,220,1.852e-65,0.418
FW_TWAS_AS_rep_1,GCA_033810375.1,JAPXQP010000021.1,cazy_GH43,86,1.9e-19,0.28
FW_TWAS_AS_rep_1,GCA_033810375.1,JAPXQP010000096.1,cazy_GH13,50,1.464e-8,0.325
FW_TWAS_AS_rep_1,GCA_033810375.1,JAPXQP010000057.1,fadD,206,5.227e-59,0.376
FW_TWAS_AS_rep_1,GCA_033810375.1,JAPXQP010000021.1,cazy_CBM6,54,9.808e-10,0.344
FW_TWAS_AS_rep_1,GCA_033810375.1,JAPXQP010000001.1,acs,66,2.68e-13,0.209
FW_TWAS_AS_rep_1,GCA_033810375.1,JAPXQP010000084.1,susC,331,1.336e-96,0.317
FW_TWAS_AS_rep_1,GCA_033810375.1,JAPXQP010000086.1,adh,43,1.084e-6,0.265
FW_TWAS_AS_rep_1,GCA_033810375.1,JAPXQP010000027.1,hydA,44,1.311e-6,0.477
FW_TWAS_AS_rep_1,GCA_033810375.1,JAPXQP010000128.1,susC,74,2.284e-15,0.279
FW_TWAS_AS_rep_1,GCA_033810375.1,JAPXQP010000104.1,ackA,417,5.028e-132,0.542
FW_TWAS_AS_rep_1,GCA_033810375.1,JAPXQP010000178.1,pepQ,94,3.901e-22,0.272
FW_TWAS_AS_rep_1,GCA_033810375.1,JAPXQP010000094.1,pfor,301,1.061e-89,0.532
FW_TWAS_AS_rep_1,GCA_033810375.1,JAPXQP010000158.1,frhB,42,4.489e-8,0.408
FW_TWAS_AS_rep_1,GCA_033810375.1,JAPXQP010000026.1,pepT,237,9.346e-69,0.387
FW_TWAS_AS_rep_1,GCA_033810375.1,JAPXQP010000008.1,fadE,157,9.391e-42,0.327
FW_TWAS_AS_rep_1,GCA_033810375.1,JAPXQP010000004.1,cazy_GH43,55,5.318e-10,0.281
FW_TWAS_AS_rep_1,GCA_033810375.1,JAPXQP010000159.1,pepD,473,8.206e-150,0.497
FW_TWAS_AS_rep_1,GCA_033810375.1,JAPXQP010000020.1,ilvE,228,8.066e-68,0.402
FW_TWAS_AS_rep_1,GCA_033810375.1,JAPXQP010000034.1,endopeptidase,244,1.521e-69,0.48
FW_TWAS_AS_rep_1,GCA_033810375.1,JAPXQP010000035.1,cazy_GH13,48,1.585e-7,0.449
FW_TWAS_AS_rep_1,GCA_033810375.1,JAPXQP010000032.1,pfkA,262,1.983e-79,0.471
FW_TWAS_AS_rep_1,GCA_033810375.1,JAPXQP010000013.1,cazy_GH43,161,5.833e-44,0.354
FW_TWAS_AS_rep_1,GCA_033810375.1,JAPXQP010000080.1,susD,89,2.729e-20,0.245
FW_TWAS_AS_rep_1,GCA_033810375.1,JAPXQP010000082.1,cazy_CBM6,75,9.615e-16,0.401
FW_TWAS_AS_rep_1,GCA_033810375.1,JAPXQP010000055.1,mmcF,128,5.574e-32,0.535
FW_TWAS_AS_rep_1,GCA_033810375.1,JAPXQP010000169.1,susC,64,2.154e-14,0.428
FW_TWAS_AS_rep_1,GCA_033810375.1,JAPXQP010000173.1,glcP,133,4.36e-36,0.298
FW_TWAS_AS_rep_1,GCA_033810375.1,JAPXQP010000039.1,cazy_CBM6,72,3.736e-16,0.416
FW_TWAS_AS_rep_1,GCA_033810375.1,JAPXQP010000107.1,cazy_GH43,107,9.2e-27,0.278
FW_TWAS_AS_rep_1,GCA_033810375.1,JAPXQP010000065.1,bcd,412,1.076e-130,0.571
FW_TWAS_AS_rep_1,GCA_033810375.1,JAPXQP010000055.1,mmcE,499,4.365e-155,0.515
FW_TWAS_AS_rep_1,GCA_033810375.1,JAPXQP010000010.1,susD,62,2.485e-12,0.273
FW_TWAS_AS_rep_1,GCA_033810375.1,JAPXQP010000158.1,rnfB,41,6.178e-8,0.322
FW_TWAS_AS_rep_1,GCA_033810375.1,JAPXQP010000001.1,hydA,46,1.039e-7,0.454
FW_TWAS_AS_rep_1,GCA_033810375.1,JAPXQP010000001.1,cazy_GH5,87,7.651e-20,0.312
FW_TWAS_AS_rep_1,GCA_033810375.1,JAPXQP010000103.1,agl,61,9.809e-12,0.24
FW_TWAS_AS_rep_1,GCA_033810375.1,JAPXQP010000046.1,adh,79,2.14e-18,0.293
FW_TWAS_AS_rep_1,GCA_033810375.1,JAPXQP010000065.1,fadA,278,1.472e-84,0.45
FW_TWAS_AS_rep_1,GCA_033810375.1,JAPXQP010000019.1,pfkA,74,7.387e-16,0.294
FW_TWAS_AS_rep_1,GCA_033810375.1,JAPXQP010000042.1,frhG,48,4.185e-8,0.487
FW_TWAS_AS_rep_1,GCA_033810375.1,JAPXQP010000035.1,agl,44,1.912e-6,0.409
FW_TWAS_AS_rep_1,GCA_033810375.1,JAPXQP010000013.1,esterase,196,5.303e-55,0.309
FW_TWAS_AS_rep_1,GCA_033810375.1,JAPXQP010000049.1,acs,65,4.662e-13,0.221
FW_TWAS_AS_rep_1,GCA_033810375.1,JAPXQP010000089.1,agl,171,3.89e-46,0.311
FW_TWAS_AS_rep_1,GCA_033810375.1,JAPXQP010000057.1,acs,48,6.691e-8,0.244
FW_TWAS_AS_rep_1,GCA_033810375.1,JAPXQP010000082.1,cazy_GH10,122,4.94e-30,0.337
FW_TWAS_AS_rep_1,GCA_033810375.1,JAPXQP010000055.1,pfor,1337,0.0,0.579
FW_TWAS_AS_rep_1,GCA_033810375.1,JAPXQP010000163.1,cazy_GH5,79,7.835e-18,0.287
FW_TWAS_AS_rep_1,GCA_033810375.1,JAPXQP010000001.1,fadD,241,2.021e-69,0.361
FW_TWAS_AS_rep_1,GCA_033810375.1,JAPXQP010000008.1,pepT,61,5.434e-12,0.243
FW_TWAS_AS_rep_1,GCA_033810375.1,JAPXQP010000111.1,cazy_GH10,206,4.932e-59,0.324
FW_TWAS_AS_rep_1,GCA_033810375.1,JAPXQP010000025.1,cazy_GH43,53,3.51e-9,0.242
FW_TWAS_AS_rep_1,GCA_033810375.1,JAPXQP010000080.1,susC,113,1.304e-29,0.325
FW_TWAS_AS_rep_1,GCA_033810375.1,JAPXQP010000001.1,frhG,40,9.686e-6,0.458
FW_TWAS_AS_rep_1,GCA_033810375.1,JAPXQP010000008.1,bcd,170,7.79e-46,0.325
FW_TWAS_AS_rep_1,GCA_033810375.1,JAPXQP010000165.1,acs,281,8.376e-83,0.356
FW_TWAS_AS_rep_1,GCA_033810375.1,JAPXQP010000065.1,etfB,143,3.834e-40,0.374
FW_TWAS_AS_rep_1,GCA_033810375.1,JAPXQP010000089.1,cazy_GH13,144,1.943e-37,0.31
FW_TWAS_AS_rep_1,GCA_033810375.1,JAPXQP010000012.1,dtpT,228,2.59e-65,0.315
FW_TWAS_AS_rep_1,GCA_033810375.1,JAPXQP010000004.1,frhG,45,5.725e-7,0.34
FW_TWAS_AS_rep_1,GCA_033810375.1,JAPXQP010000084.1,cazy_GH43,78,1.289e-17,0.28
FW_TWAS_AS_rep_1,GCA_033810375.1,JAPXQP010000096.1,esterase,234,1.517e-67,0.344
FW_TWAS_AS_rep_1,GCA_033810375.1,JAPXQP010000158.1,frhG,43,1.722e-8,0.384
FW_TWAS_AS_rep_1,GCA_033810375.1,JAPXQP010000050.1,edd,233,2.064e-66,0.325
FW_TWAS_AS_rep_1,GCA_033810375.1,JAPXQP010000103.1,cazy_GH5,62,2.888e-12,0.239
FW_TWAS_AS_rep_1,GCA_033810375.1,JAPXQP010000065.1,fadE,302,1.041e-92,0.472
FW_TWAS_AS_rep_1,GCA_033810375.1,JAPXQP010000103.1,cazy_GH13,64,7.913e-13,0.257
FW_TWAS_AS_rep_1,GCA_033810375.1,JAPXQP010000070.1,eda,143,1.465e-40,0.386
FW_TWAS_AS_rep_1,GCA_033810375.1,JAPXQP010000008.1,etfA,200,1.735e-58,0.369
FW_TWAS_AS_rep_1,GCA_033810375.1,JAPXQP010000175.1,gdh,432,3.497e-138,0.602
FW_TWAS_AS_rep_1,GCA_033810375.1,JAPXQP010000018.1,susC,347,8.034e-100,0.289
FW_TWAS_AS_rep_1,GCA_033810375.1,JAPXQP010000039.1,lctB,40,9.65e-6,0.25
FW_TWAS_AS_rep_1,GCA_033810375.1,JAPXQP010000042.1,frhB,41,5.247e-6,0.4
FW_TWAS_AS_rep_1,GCA_033810375.1,JAPXQP010000180.1,cazy_GH10,270,1.259e-81,0.437
FW_TWAS_AS_rep_1,GCA_033810375.1,JAPXQP010000001.1,frhB,46,1.019e-7,0.269
FW_TWAS_AS_rep_1,GCA_033810375.1,JAPXQP010000010.1,fumB,700,3.682e-227,0.64
FW_TWAS_AS_rep_1,GCA_033810375.1,JAPXQP010000094.1,fadD,64,5.79e-14,0.333
FW_TWAS_AS_rep_1,GCA_033810375.1,JAPXQP010000008.1,etfB,110,1.151e-28,0.327
FW_TWAS_AS_rep_1,GCA_033810375.1,JAPXQP010000047.1,adhE,117,5e-30,0.303
FW_TWAS_AS_rep_1,GCA_033810375.1,JAPXQP010000051.1,gapA,440,3.227e-141,0.648
FW_TWAS_AS_rep_1,GCA_033810375.1,JAPXQP010000065.1,thl,338,3.227e-105,0.522
FW_TWAS_AS_rep_1,GCA_033810375.1,JAPXQP010000086.1,esterase,179,4.421e-49,0.453
FW_TWAS_AS_rep_1,GCA_033810375.1,JAPXQP010000065.1,cat,286,4.464e-90,0.666
FW_TWAS_AS_rep_1,GCA_033810375.1,JAPXQP010000053.1,pgi,89,1.054e-20,0.295
FW_TWAS_AS_rep_1,GCA_033810375.1,JAPXQP010000027.1,frhG,43,3.018e-6,0.431
FW_TWAS_AS_rep_1,GCA_033810375.1,JAPXQP010000049.1,fadD,201,5.12e-56,0.312
FW_TWAS_AS_rep_1,GCA_033810375.1,JAPXQP010000021.1,mmcG,95,1.442e-25,0.38
FW_TWAS_AS_rep_1,GCA_001896575.1,MPOV01000084.1,glcP,200,1.327e-56,0.31
FW_TWAS_AS_rep_1,GCA_001896575.1,MPOV01000147.1,frhB,42,2.462e-8,0.387
FW_TWAS_AS_rep_1,GCA_001896575.1,MPOV01000041.1,susC,354,1.19e-102,0.29
FW_TWAS_AS_rep_1,GCA_001896575.1,MPOV01000063.1,ilvE,250,3.012e-75,0.418
FW_TWAS_AS_rep_1,GCA_001896575.1,MPOV01000186.1,mdh,143,3.108e-39,0.35
FW_TWAS_AS_rep_1,GCA_001896575.1,MPOV01000040.1,frhB,40,3.643e-7,0.362
FW_TWAS_AS_rep_1,GCA_001896575.1,MPOV01000016.1,pepT,80,1.113e-17,0.29
FW_TWAS_AS_rep_1,GCA_001896575.1,MPOV01000049.1,susD,68,1.145e-13,0.275
FW_TWAS_AS_rep_1,GCA_001896575.1,MPOV01000079.1,acs,278,4.942e-81,0.357
FW_TWAS_AS_rep_1,GCA_001896575.1,MPOV01000068.1,hydA,42,1.983e-6,0.404
FW_TWAS_AS_rep_1,GCA_001896575.1,MPOV01000064.1,etfA,204,8.284e-60,0.378
FW_TWAS_AS_rep_1,GCA_001896575.1,MPOV01000107.1,edd,205,1.758e-57,0.308
FW_TWAS_AS_rep_1,GCA_001896575.1,MPOV01000087.1,gdh,521,3.39e-167,0.571
FW_TWAS_AS_rep_1,GCA_001896575.1,MPOV01000157.1,mmcF,128,4.421e-32,0.515
FW_TWAS_AS_rep_1,GCA_001896575.1,MPOV01000186.1,esterase,222,1.632e-63,0.34
FW_TWAS_AS_rep_1,GCA_001896575.1,MPOV01000099.1,ackA,441,6.705e-140,0.568
FW_TWAS_AS_rep_1,GCA_001896575.1,MPOV01000016.1,pepD,511,3.753e-163,0.544
FW_TWAS_AS_rep_1,GCA_001896575.1,MPOV01000066.1,susC,601,1.441e-185,0.368
FW_TWAS_AS_rep_1,GCA_001896575.1,MPOV01000005.1,susD,86,1.239e-19,0.283
FW_TWAS_AS_rep_1,GCA_001896575.1,MPOV01000033.1,mmcG,115,3.381e-32,0.402
FW_TWAS_AS_rep_1,GCA_001896575.1,MPOV01000005.1,susC,428,8.375e-125,0.296
FW_TWAS_AS_rep_1,GCA_001896575.1,MPOV01000120.1,susC,480,2.948e-144,0.332
FW_TWAS_AS_rep_1,GCA_001896575.1,MPOV01000139.1,susD,83,2.084e-18,0.287
FW_TWAS_AS_rep_1,GCA_001896575.1,MPOV01000147.1,rnfB,43,6.837e-9,0.327
FW_TWAS_AS_rep_1,GCA_001896575.1,MPOV01000141.1,pgi,98,1.434e-23,0.288
FW_TWAS_AS_rep_1,GCA_001896575.1,MPOV01000066.1,cazy_GH13,132,2.098e-33,0.321
FW_TWAS_AS_rep_1,GCA_001896575.1,MPOV01000045.1,pyk,366,1.543e-112,0.449
FW_TWAS_AS_rep_1,GCA_001896575.1,MPOV01000040.1,pfor,64,4.59e-13,0.246
FW_TWAS_AS_rep_1,GCA_001896575.1,MPOV01000099.1,pta,234,9.031e-70,0.415
FW_TWAS_AS_rep_1,GCA_001896575.1,MPOV01000099.1,hbd,162,8.82e-46,0.328
FW_TWAS_AS_rep_1,GCA_001896575.1,MPOV01000026.1,susC,579,1.3e-176,0.372
FW_TWAS_AS_rep_1,GCA_001896575.1,MPOV01000156.1,susD,79,3.775e-17,0.312
FW_TWAS_AS_rep_1,GCA_001896575.1,MPOV01000157.1,cazy_GH13,45,8.432e-7,0.288
FW_TWAS_AS_rep_1,GCA_001896575.1,MPOV01000044.1,esterase,44,8.049e-7,0.302
FW_TWAS_AS_rep_1,GCA_001896575.1,MPOV01000156.1,susC,542,5.367e-165,0.356
FW_TWAS_AS_rep_1,GCA_001896575.1,MPOV01000095.1,rnfB,91,3.502e-22,0.311
FW_TWAS_AS_rep_1,GCA_001896575.1,MPOV01000041.1,cazy_GH9,146,1.646e-37,0.27
FW_TWAS_AS_rep_1,GCA_001896575.1,MPOV01000048.1,pepQ,64,1.253e-13,0.287
FW_TWAS_AS_rep_1,GCA_001896575.1,MPOV01000161.1,adh,81,4.33e-19,0.299
FW_TWAS_AS_rep_1,GCA_001896575.1,MPOV01000054.1,susD,162,1.598e-43,0.311
FW_TWAS_AS_rep_1,GCA_001896575.1,MPOV01000126.1,eda,143,2.858e-40,0.342
FW_TWAS_AS_rep_1,GCA_001896575.1,MPOV01000101.1,endopeptidase,170,3.281e-49,0.409
FW_TWAS_AS_rep_1,GCA_001896575.1,MPOV01000132.1,tdcB,81,3.661e-18,0.266
FW_TWAS_AS_rep_1,GCA_001896575.1,MPOV01000177.1,folD,325,4.453e-102,0.597
FW_TWAS_AS_rep_1,GCA_001896575.1,MPOV01000040.1,hydA,46,1.637e-9,0.322
FW_TWAS_AS_rep_1,GCA_001896575.1,MPOV01000033.1,pfkA,278,2.112e-85,0.47
FW_TWAS_AS_rep_1,GCA_001896575.1,MPOV01000032.1,susC,67,1.466e-13,0.226
FW_TWAS_AS_rep_1,GCA_001896575.1,MPOV01000112.1,pfor,1402,0.0,0.607
FW_TWAS_AS_rep_1,GCA_001896575.1,MPOV01000063.1,cazy_GH10,100,5.389e-24,0.28
FW_TWAS_AS_rep_1,GCA_001896575.1,MPOV01000049.1,susC,484,2.732e-144,0.342
FW_TWAS_AS_rep_1,GCA_001896575.1,MPOV01000100.1,fdhA,48,1.01e-7,0.369
FW_TWAS_AS_rep_1,GCA_001896575.1,MPOV01000074.1,dtpT,192,1.524e-52,0.285
FW_TWAS_AS_rep_1,GCA_001896575.1,MPOV01000095.1,frhB,49,1.066e-8,0.322
FW_TWAS_AS_rep_1,GCA_001896575.1,MPOV01000147.1,gapA,466,2.565e-150,0.678
FW_TWAS_AS_rep_1,GCA_001896575.1,MPOV01000139.1,susC,168,2.312e-46,0.302
FW_TWAS_AS_rep_1,GCA_001896575.1,MPOV01000063.1,susD,162,2.432e-43,0.301
FW_TWAS_AS_rep_1,GCA_001896575.1,MPOV01000147.1,hydA,41,3.391e-8,0.428
FW_TWAS_AS_rep_1,GCA_001896575.1,MPOV01000135.1,pepT,252,3.17e-75,0.41
FW_TWAS_AS_rep_1,GCA_001896575.1,MPOV01000055.1,pfkA,205,3.371e-60,0.414
FW_TWAS_AS_rep_1,GCA_001896575.1,MPOV01000053.1,fadD,174,1.006e-47,0.304
FW_TWAS_AS_rep_1,GCA_001896575.1,MPOV01000079.1,fadD,143,7.192e-37,0.278
FW_TWAS_AS_rep_1,GCA_001896575.1,MPOV01000095.1,frhG,47,5.885e-8,0.392
FW_TWAS_AS_rep_1,GCA_001896575.1,MPOV01000037.1,pepQ,191,1.902e-52,0.332
FW_TWAS_AS_rep_1,GCA_001896575.1,MPOV01000066.1,susD,104,6.786e-25,0.269
FW_TWAS_AS_rep_1,GCA_001896575.1,MPOV01000095.1,hydA,42,3.124e-6,0.313
FW_TWAS_AS_rep_1,GCA_001896575.1,MPOV01000099.1,fadB,107,3.561e-27,0.26
FW_TWAS_AS_rep_1,GCA_001896575.1,MPOV01000063.1,susC,554,6.123e-168,0.356
FW_TWAS_AS_rep_1,GCA_001896575.1,MPOV01000037.1,endopeptidase,64,4.249e-14,0.392
FW_TWAS_AS_rep_1,GCA_001896575.1,MPOV01000053.1,acs,196,6.416e-55,0.295
FW_TWAS_AS_rep_1,GCA_001896575.1,MPOV01000064.1,fadE,163,1.111e-43,0.328
FW_TWAS_AS_rep_1,GCA_001896575.1,MPOV01000045.1,susD,102,2.439e-24,0.312
FW_TWAS_AS_rep_1,GCA_001896575.1,MPOV01000068.1,fdhA,214,1.224e-58,0.265
FW_TWAS_AS_rep_1,GCA_001896575.1,MPOV01000163.1,pfor,50,5.299e-9,0.303
FW_TWAS_AS_rep_1,GCA_001896575.1,MPOV01000099.1,pepD,472,1.653e-149,0.488
FW_TWAS_AS_rep_1,GCA_001896575.1,MPOV01000157.1,mmcE,524,2.032e-163,0.449
FW_TWAS_AS_rep_1,GCA_001896575.1,MPOV01000064.1,bcd,169,1e-45,0.314
FW_TWAS_AS_rep_1,GCA_001896575.1,MPOV01000147.1,agl,45,6.685e-7,0.288
FW_TWAS_AS_rep_1,GCA_001896575.1,MPOV01000154.1,fhs,327,8.186e-103,0.525
FW_TWAS_AS_rep_1,GCA_001896575.1,MPOV01000095.1,pepO,613,1.231e-194,0.47
FW_TWAS_AS_rep_1,GCA_001896575.1,MPOV01000066.1,agl,83,2.712e-18,0.277
FW_TWAS_AS_rep_1,GCA_001896575.1,MPOV01000095.1,pfkA,90,1.332e-20,0.278
FW_TWAS_AS_rep_1,GCA_001896575.1,MPOV01000053.1,gdh,53,1.209e-9,0.538
FW_TWAS_AS_rep_1,GCA_001896575.1,MPOV01000115.1,fumB,739,1.295e-240,0.658
FW_TWAS_AS_rep_1,GCA_001896575.1,MPOV01000064.1,etfB,113,1.828e-29,0.34
FW_TWAS_AS_rep_1,GCA_001896575.1,MPOV01000026.1,susD,154,8.902e-41,0.301
FW_TWAS_AS_rep_1,GCA_001896575.1,MPOV01000120.1,susD,163,8.982e-44,0.299
FW_TWAS_AS_rep_1,GCA_001896575.1,MPOV01000147.1,fadD,231,2.755e-66,0.347
FW_TWAS_AS_rep_1,GCA_001896575.1,MPOV01000054.1,susC,689,1.086e-214,0.4
FW_TWAS_AS_rep_1,GCA_001896575.1,MPOV01000108.1,pepD,193,2.361e-57,0.473
FW_TWAS_AS_rep_1,GCA_001896575.1,MPOV01000100.1,hydA,512,1.744e-161,0.457
FW_TWAS_AS_rep_1,GCA_001896575.1,MPOV01000176.1,fhs,348,1.358e-110,0.61
FW_TWAS_AS_rep_1,GCA_001896575.1,MPOV01000092.1,susC,311,1.044e-90,0.356
FW_TWAS_AS_rep_1,GCA_001896575.1,MPOV01000045.1,susC,541,4.705e-164,0.372
FW_TWAS_AS_rep_1,GCA_001896575.1,MPOV01000008.1,susC,498,2.844e-150,0.326
FW_TWAS_AS_rep_1,GCA_044220735.1,JBGAQM010000018.1,extracellular_protease,62,2.07e-11,0.5
FW_TWAS_AS_rep_1,GCA_044220735.1,JBGAQM010000095.1,fadE,155,1.637e-42,0.387
FW_TWAS_AS_rep_1,GCA_044220735.1,JBGAQM010000083.1,fdhA,490,7.886e-152,0.404
FW_TWAS_AS_rep_1,GCA_044220735.1,JBGAQM010000191.1,endopeptidase,285,2.658e-81,0.52
FW_TWAS_AS_rep_1,GCA_044220735.1,JBGAQM010000335.1,fdhA,67,7.688e-14,0.267
FW_TWAS_AS_rep_1,GCA_044220735.1,JBGAQM010000262.1,dtpT,170,1.596e-45,0.315
FW_TWAS_AS_rep_1,GCA_044220735.1,JBGAQM010000325.1,fadD,111,1.17e-26,0.305
FW_TWAS_AS_rep_1,GCA_044220735.1,JBGAQM010000018.1,adh,49,8.359e-9,0.294
FW_TWAS_AS_rep_1,GCA_044220735.1,JBGAQM010000305.1,acylglycerol_lipase,116,3.711e-30,0.316
FW_TWAS_AS_rep_1,GCA_044220735.1,JBGAQM010000028.1,extracellular_protease,91,3.63e-21,0.336
FW_TWAS_AS_rep_1,GCA_044220735.1,JBGAQM010000277.1,fadB,90,2.752e-20,0.329
FW_TWAS_AS_rep_1,GCA_044220735.1,JBGAQM010000157.1,acs,439,4.369e-134,0.569
FW_TWAS_AS_rep_1,GCA_044220735.1,JBGAQM010000245.1,rnfB,54,2.035e-10,0.32
FW_TWAS_AS_rep_1,GCA_044220735.1,JBGAQM010000303.1,cazy_GH13,76,3.621e-16,0.298
FW_TWAS_AS_rep_1,GCA_044220735.1,JBGAQM010000381.1,fdhA,100,4.083e-24,0.293
FW_TWAS_AS_rep_1,GCA_044220735.1,JBGAQM010000245.1,fadB,84,1.134e-18,0.356
FW_TWAS_AS_rep_1,GCA_044220735.1,JBGAQM010000503.1,ilvE,125,2.044e-33,0.348
FW_TWAS_AS_rep_1,GCA_044220735.1,JBGAQM010000095.1,bcd,166,3.143e-46,0.364
FW_TWAS_AS_rep_1,GCA_044220735.1,JBGAQM010000167.1,pepQ,130,5.332e-34,0.314
FW_TWAS_AS_rep_1,GCA_044220735.1,JBGAQM010000245.1,frhG,47,2.979e-8,0.297
FW_TWAS_AS_rep_1,GCA_044220735.1,JBGAQM010000067.1,fdhA,482,3.466e-148,0.387
FW_TWAS_AS_rep_1,GCA_044220735.1,JBGAQM010000564.1,lctB,133,1.232e-34,0.358
FW_TWAS_AS_rep_1,GCA_044220735.1,JBGAQM010000063.1,pepD,48,2.551e-7,0.294
FW_TWAS_AS_rep_1,GCA_044220735.1,JBGAQM010000311.1,fdhA,62,1.874e-12,0.28
FW_TWAS_AS_rep_1,GCA_044220735.1,JBGAQM010000059.1,ackA,341,3.642e-105,0.516
FW_TWAS_AS_rep_1,GCA_044220735.1,JBGAQM010000311.1,ftr,366,7.775e-116,0.644
FW_TWAS_AS_rep_1,GCA_044220735.1,JBGAQM010000012.1,fdhA,200,2.831e-54,0.286
FW_TWAS_AS_rep_1,GCA_044220735.1,JBGAQM010000206.1,pepQ,51,5.477e-9,0.299
FW_TWAS_AS_rep_1,GCA_044220735.1,JBGAQM010000335.1,hydA,63,1.683e-12,0.219
FW_TWAS_AS_rep_1,GCA_044220735.1,JBGAQM010000147.1,esterase,43,2.527e-6,0.323
FW_TWAS_AS_rep_1,GCA_044220735.1,JBGAQM010000186.1,sucD,93,7.003e-22,0.434
FW_TWAS_AS_rep_1,GCA_044220735.1,JBGAQM010000240.1,adh,59,4.813e-11,0.347
FW_TWAS_AS_rep_1,GCA_044220735.1,JBGAQM010000257.1,acs,93,1.951e-21,0.38
FW_TWAS_AS_rep_1,GCA_044220735.1,JBGAQM010000117.1,adhE,177,2.562e-50,0.35
FW_TWAS_AS_rep_1,GCA_044220735.1,JBGAQM010000015.1,tdcB,89,2.214e-20,0.297
FW_TWAS_AS_rep_1,GCA_044220735.1,JBGAQM010000038.1,folD,297,7.391e-89,0.568
FW_TWAS_AS_rep_1,GCA_044220735.1,JBGAQM010000245.1,mvhG,40,3.309e-6,0.629
FW_TWAS_AS_rep_1,GCA_044220735.1,JBGAQM010000069.1,lctB,69,7.255e-14,0.267
FW_TWAS_AS_rep_1,GCA_044220735.1,JBGAQM010000301.1,agl,45,1.083e-6,0.267
FW_TWAS_AS_rep_1,GCA_044220735.1,JBGAQM010000474.1,xylA,559,1.566e-179,0.616
FW_TWAS_AS_rep_1,GCA_044220735.1,JBGAQM010000027.1,pfkA,156,4.64e-42,0.347
FW_TWAS_AS_rep_1,GCA_044220735.1,JBGAQM010000186.1,sucC,362,3.56e-113,0.509
FW_TWAS_AS_rep_1,GCA_044220735.1,JBGAQM010000277.1,crt,136,1.566e-34,0.439
FW_TWAS_AS_rep_1,GCA_044220735.1,JBGAQM010000035.1,acs,89,8.756e-20,0.263
FW_TWAS_AS_rep_1,GCA_044220735.1,JBGAQM010000277.1,etfA,84,1.753e-18,0.388
FW_TWAS_AS_rep_1,GCA_044220735.1,JBGAQM010000461.1,fdhA,670,1.635e-210,0.485
FW_TWAS_AS_rep_1,GCA_044220735.1,JBGAQM010000024.1,mdh,154,2.528e-42,0.378
FW_TWAS_AS_rep_1,GCA_044220735.1,JBGAQM010000257.1,fadD,133,3.823e-34,0.437
FW_TWAS_AS_rep_1,GCA_044220735.1,JBGAQM010000180.1,mdh,169,4.466e-47,0.425
FW_TWAS_AS_rep_1,GCA_044220735.1,JBGAQM010000075.1,adh,72,4.915e-16,0.309
FW_TWAS_AS_rep_1,GCA_044220735.1,JBGAQM010000348.1,tdcB,93,6.845e-22,0.294
FW_TWAS_AS_rep_1,GCA_044220735.1,JBGAQM010000083.1,esterase,51,3.654e-9,0.346
FW_TWAS_AS_rep_1,GCA_044220735.1,JBGAQM010000131.1,pepA,349,3.617e-107,0.482
FW_TWAS_AS_rep_1,GCA_044220735.1,JBGAQM010000140.1,pgi,65,4.52e-13,0.254
FW_TWAS_AS_rep_1,GCA_044220735.1,JBGAQM010000068.1,fadA,320,6.308e-99,0.514
FW_TWAS_AS_rep_1,GCA_044220735.1,JBGAQM010000245.1,etfA,55,9.037e-10,0.315
FW_TWAS_AS_rep_1,GCA_044220735.1,JBGAQM010000245.1,crt,69,4.256e-14,0.345
FW_TWAS_AS_rep_1,GCA_044220735.1,JBGAQM010000327.1,pfor,340,3.155e-99,0.343
FW_TWAS_AS_rep_1,GCA_044220735.1,JBGAQM010000447.1,xylB,40,9.063e-6,0.222
FW_TWAS_AS_rep_1,GCA_044220735.1,JBGAQM010000346.1,frhG,40,5.888e-6,0.236
FW_TWAS_AS_rep_1,GCA_044220735.1,JBGAQM010000227.1,bcd,218,8.174e-61,0.368
FW_TWAS_AS_rep_1,GCA_044220735.1,JBGAQM010000012.1,fwdA,536,2.654e-169,0.504
FW_TWAS_AS_rep_1,GCA_044220735.1,JBGAQM010000168.1,cazy_GH13,181,8.918e-48,0.357
FW_TWAS_AS_rep_1,GCA_044220735.1,JBGAQM010000068.1,thl,423,2.428e-134,0.624
FW_TWAS_AS_rep_1,GCA_044220735.1,JBGAQM010000096.1,fdhA,170,2.826e-47,0.348
FW_TWAS_AS_rep_1,GCA_044220735.1,JBGAQM010000222.1,hydA,51,2.774e-8,0.326
FW_TWAS_AS_rep_1,GCA_044220735.1,JBGAQM010000461.1,hydA,68,6.138e-14,0.395
FW_TWAS_AS_rep_1,GCA_044220735.1,JBGAQM010000001.1,cazy_GH13,64,1.367e-12,0.247
FW_TWAS_AS_rep_1,GCA_044220735.1,JBGAQM010000256.1,mch,285,1.519e-82,0.505
FW_TWAS_AS_rep_1,GCA_044220735.1,JBGAQM010000079.1,adhE,163,4.472e-45,0.325
FW_TWAS_AS_rep_1,GCA_044220735.1,JBGAQM010000080.1,ftr,211,5.443e-62,0.513
FW_TWAS_AS_rep_1,GCA_044220735.1,JBGAQM010000311.1,fwdA,528,8.705e-167,0.493
FW_TWAS_AS_rep_1,GCA_044220735.1,JBGAQM010000055.1,pepQ,52,1.142e-9,0.262
FW_TWAS_AS_rep_1,GCA_044220735.1,JBGAQM010000222.1,rnfB,48,1.449e-7,0.379
FW_TWAS_AS_rep_1,GCA_044220735.1,JBGAQM010000055.1,pyk,315,8.609e-92,0.431
FW_TWAS_AS_rep_1,GCA_044220735.1,JBGAQM010000078.1,lysophospholipase,55,1.99e-10,0.267
FW_TWAS_AS_rep_1,GCA_044220735.1,JBGAQM010000021.1,gdh,357,8.124e-109,0.461
FW_TWAS_AS_rep_1,GCA_044220735.1,JBGAQM010000156.1,acylglycerol_lipase,46,1.78e-7,0.368
FW_TWAS_AS_rep_1,GCA_044220735.1,JBGAQM010000078.1,dtpT,177,6.401e-47,0.306
FW_TWAS_AS_rep_1,GCA_044220735.1,JBGAQM010000140.1,cat,72,6.816e-16,0.288
FW_TWAS_AS_rep_1,GCA_044220735.1,JBGAQM010000019.1,esterase,48,5.393e-8,0.382
FW_TWAS_AS_rep_1,GCA_044220735.1,JBGAQM010000028.1,cazy_GH13,81,1.125e-17,0.331
FW_TWAS_AS_rep_1,GCA_044220735.1,JBGAQM010000063.1,pepT,216,1.765e-58,0.388
FW_TWAS_AS_rep_1,GCA_044220735.1,JBGAQM010000035.1,fadD,152,1.142e-38,0.341
FW_TWAS_AS_rep_1,GCA_044220735.1,JBGAQM010000009.1,cazy_GH13,55,4.814e-10,0.249
FW_TWAS_AS_rep_1,GCA_044220735.1,JBGAQM010000557.1,lysophospholipase,47,9.61e-8,0.287
FW_TWAS_AS_rep_1,GCA_044220735.1,JBGAQM010000245.1,sucD,333,1.351e-98,0.575
FW_TWAS_AS_rep_1,GCA_044220735.1,JBGAQM010000168.1,agl,225,2.566e-61,0.359
FW_TWAS_AS_rep_1,GCA_044220735.1,JBGAQM010000051.1,tdcB,265,7.328e-81,0.493
FW_TWAS_AS_rep_1,GCA_044220735.1,JBGAQM010000058.1,gapA,406,4.021e-129,0.612
FW_TWAS_AS_rep_1,GCA_044220735.1,JBGAQM010000325.1,acs,61,2.646e-11,0.252
FW_TWAS_AS_rep_1,GCA_044220735.1,JBGAQM010000003.1,acylglycerol_lipase,56,1.094e-10,0.328
FW_TWAS_AS_rep_1,GCA_044220735.1,JBGAQM010000301.1,cazy_GH13,74,1.991e-15,0.351
FW_TWAS_AS_rep_1,GCA_044220735.1,JBGAQM010000504.1,pepT,135,2.046e-35,0.309
FW_TWAS_AS_rep_1,GCA_044220735.1,JBGAQM010000335.1,rnfB,40,3.469e-6,0.35
FW_TWAS_AS_rep_1,GCA_044220735.1,JBGAQM010000504.1,pepD,57,1.355e-10,0.426
FW_TWAS_AS_rep_1,GCA_044220735.1,JBGAQM010000250.1,pgi,668,6.908e-215,0.65
FW_TWAS_AS_rep_1,GCA_044220735.1,JBGAQM010000468.1,edd,170,4.824e-46,0.322
FW_TWAS_AS_rep_1,GCA_044220735.1,JBGAQM010000017.1,extracellular_protease,64,9.159e-13,0.387
FW_TWAS_AS_rep_1,GCA_044220735.1,JBGAQM010000227.1,fadE,174,1.252e-46,0.372
FW_TWAS_AS_rep_1,GCA_044220735.1,JBGAQM010000039.1,eda,189,1.884e-56,0.485
FW_TWAS_AS_rep_1,GCA_044220735.1,JBGAQM010000157.1,fadD,87,1.766e-19,0.34
FW_TWAS_AS_rep_1,GCA_033810415.1,JAPXQN010000026.1,frhA,94,1.735e-22,0.241
FW_TWAS_AS_rep_1,GCA_033810415.1,JAPXQN010000007.1,mmcE,735,5.281e-239,0.672
FW_TWAS_AS_rep_1,GCA_033810415.1,JAPXQN010000003.1,pepT,56,1.702e-10,0.247
FW_TWAS_AS_rep_1,GCA_033810415.1,JAPXQN010000002.1,frhB,48,2.26e-8,0.446
FW_TWAS_AS_rep_1,GCA_033810415.1,JAPXQN010000020.1,rnfB,41,3.391e-8,0.338
FW_TWAS_AS_rep_1,GCA_033810415.1,JAPXQN010000012.1,pfor,62,3.18e-12,0.246
FW_TWAS_AS_rep_1,GCA_033810415.1,JAPXQN010000003.1,mvhG,106,2.905e-29,0.377
FW_TWAS_AS_rep_1,GCA_033810415.1,JAPXQN010000005.1,pepN,125,7.492e-31,0.268
FW_TWAS_AS_rep_1,GCA_033810415.1,JAPXQN010000002.1,dppA,92,2.232e-21,0.229
FW_TWAS_AS_rep_1,GCA_033810415.1,JAPXQN010000002.1,gdh,499,3.036e-160,0.594
FW_TWAS_AS_rep_1,GCA_033810415.1,JAPXQN010000003.1,mvhD,204,2.12e-63,0.646
FW_TWAS_AS_rep_1,GCA_033810415.1,JAPXQN010000001.1,mvhG,345,1.872e-108,0.509
FW_TWAS_AS_rep_1,GCA_033810415.1,JAPXQN010000002.1,frhG,43,9.199e-7,0.358
FW_TWAS_AS_rep_1,GCA_033810415.1,JAPXQN010000002.1,oppA,111,2.767e-27,0.267
FW_TWAS_AS_rep_1,GCA_033810415.1,JAPXQN010000001.1,rnfB,43,3.717e-6,0.291
FW_TWAS_AS_rep_1,GCA_033810415.1,JAPXQN010000004.1,pyk,353,9.455e-109,0.421
FW_TWAS_AS_rep_1,GCA_033810415.1,JAPXQN010000001.1,frhA,159,9.203e-43,0.289
FW_TWAS_AS_rep_1,GCA_033810415.1,JAPXQN010000026.1,hydA,46,1.722e-8,0.389
FW_TWAS_AS_rep_1,GCA_033810415.1,JAPXQN010000035.1,lctC,197,5.364e-54,0.362
FW_TWAS_AS_rep_1,GCA_033810415.1,JAPXQN010000003.1,hydA,41,7.744e-7,0.333
FW_TWAS_AS_rep_1,GCA_033810415.1,JAPXQN010000003.1,rnfB,46,1.921e-8,0.387
FW_TWAS_AS_rep_1,GCA_033810415.1,JAPXQN010000027.1,mmcG,109,2.82e-30,0.403
FW_TWAS_AS_rep_1,GCA_033810415.1,JAPXQN010000026.1,mvhG,49,1.599e-9,0.269
FW_TWAS_AS_rep_1,GCA_033810415.1,JAPXQN010000002.1,dppB,154,7.731e-43,0.332
FW_TWAS_AS_rep_1,GCA_033810415.1,JAPXQN010000003.1,frhB,43,1.223e-7,0.333
FW_TWAS_AS_rep_1,GCA_033810415.1,JAPXQN010000011.1,fhs,625,4.797e-200,0.545
FW_TWAS_AS_rep_1,GCA_033810415.1,JAPXQN010000038.1,frhA,150,6.645e-44,0.578
FW_TWAS_AS_rep_1,GCA_033810415.1,JAPXQN010000002.1,hydA,56,9.628e-11,0.428
FW_TWAS_AS_rep_1,GCA_033810415.1,JAPXQN010000035.1,fadD,141,3.852e-36,0.283
FW_TWAS_AS_rep_1,GCA_033810415.1,JAPXQN010000006.1,frhB,43,5.45e-8,0.333
FW_TWAS_AS_rep_1,GCA_033810415.1,JAPXQN010000006.1,pfor,150,9.874e-41,0.286
FW_TWAS_AS_rep_1,GCA_033810415.1,JAPXQN010000002.1,lctB,68,2.973e-14,0.218
FW_TWAS_AS_rep_1,GCA_033810415.1,JAPXQN010000026.1,frhB,55,2.475e-10,0.41
FW_TWAS_AS_rep_1,GCA_033810415.1,JAPXQN010000001.1,fumB,103,4.848e-26,0.331
FW_TWAS_AS_rep_1,GCA_033810415.1,JAPXQN010000026.1,pfor,44,9.084e-7,0.321
FW_TWAS_AS_rep_1,GCA_033810415.1,JAPXQN010000035.1,lctD,51,9.724e-9,0.273
FW_TWAS_AS_rep_1,GCA_033810415.1,JAPXQN010000008.1,frhB,45,9.319e-7,0.369
FW_TWAS_AS_rep_1,GCA_033810415.1,JAPXQN010000040.1,pfor,1474,0.0,0.619
FW_TWAS_AS_rep_1,GCA_033810415.1,JAPXQN010000026.1,rnfB,51,2.224e-10,0.418
FW_TWAS_AS_rep_1,GCA_033810415.1,JAPXQN010000001.1,frhG,61,2.537e-12,0.275
FW_TWAS_AS_rep_1,GCA_033810415.1,JAPXQN010000006.1,mcrB,602,3.626e-195,0.673
FW_TWAS_AS_rep_1,GCA_033810415.1,JAPXQN010000027.1,mmcF,187,2.768e-57,0.669
FW_TWAS_AS_rep_1,GCA_033810415.1,JAPXQN010000026.1,frhG,58,1.765e-12,0.316
FW_TWAS_AS_rep_1,GCA_033810415.1,JAPXQN010000006.1,frhG,44,2.9e-8,0.333
FW_TWAS_AS_rep_1,GCA_033810415.1,JAPXQN010000001.1,mvhA,530,4.188e-169,0.553
FW_TWAS_AS_rep_1,GCA_033810415.1,JAPXQN010000038.1,mvhA,98,6.696e-26,0.444
FW_TWAS_AS_rep_1,GCA_033810415.1,JAPXQN010000026.1,mvhA,54,8.979e-10,0.24
FW_TWAS_AS_rep_1,GCA_033810415.1,JAPXQN010000002.1,oppB,151,9.068e-42,0.312
FW_TWAS_AS_rep_1,GCA_033810415.1,JAPXQN010000012.1,pepQ,130,2.632e-34,0.319
FW_TWAS_AS_rep_1,GCA_033810415.1,JAPXQN010000003.1,edd,255,2.848e-74,0.314
FW_TWAS_AS_rep_1,GCA_033810415.1,JAPXQN010000002.1,dppC,142,2.359e-39,0.328
FW_TWAS_AS_rep_1,GCA_033810415.1,JAPXQN010000035.1,acs,728,1.282e-234,0.565
FW_TWAS_AS_rep_1,GCA_033810415.1,JAPXQN010000011.1,folD,296,1.817e-92,0.544
FW_TWAS_AS_rep_1,GCA_033810415.1,JAPXQN010000006.1,mcrA,782,1.531e-255,0.671
FW_TWAS_AS_rep_1,GCA_963841085.1,CAWJBF010000001.1,mmcG,113,3.754e-31,0.403
FW_TWAS_AS_rep_1,GCA_963841085.1,CAWJBF010000011.1,dppA,130,9.331e-33,0.268
FW_TWAS_AS_rep_1,GCA_963841085.1,CAWJBF010000005.1,xylB,59,4.899e-11,0.257
FW_TWAS_AS_rep_1,GCA_963841085.1,CAWJBF010000009.1,mvhG,42,1.653e-6,0.484
FW_TWAS_AS_rep_1,GCA_963841085.1,CAWJBF010000001.1,mdh,175,1.288e-49,0.377
FW_TWAS_AS_rep_1,GCA_963841085.1,CAWJBF010000012.1,pepT,59,1.605e-11,0.3
FW_TWAS_AS_rep_1,GCA_963841085.1,CAWJBF010000001.1,lysophospholipase,49,1.035e-8,0.25
FW_TWAS_AS_rep_1,GCA_963841085.1,CAWJBF010000010.1,aldh,57,3.473e-10,0.283
FW_TWAS_AS_rep_1,GCA_963841085.1,CAWJBF010000005.1,oppB,249,1.32e-75,0.442
FW_TWAS_AS_rep_1,GCA_963841085.1,CAWJBF010000011.1,frhG,42,2.792e-6,0.288
FW_TWAS_AS_rep_1,GCA_963841085.1,CAWJBF010000008.1,dppB,186,5.396e-54,0.351
FW_TWAS_AS_rep_1,GCA_963841085.1,CAWJBF010000005.1,etfA,99,1.021e-24,0.319
FW_TWAS_AS_rep_1,GCA_963841085.1,CAWJBF010000008.1,oppA,152,2.337e-40,0.274
FW_TWAS_AS_rep_1,GCA_963841085.1,CAWJBF010000001.1,oppB,277,1.532e-84,0.434
FW_TWAS_AS_rep_1,GCA_963841085.1,CAWJBF010000005.1,fdhA,668,4.735e-213,0.496
FW_TWAS_AS_rep_1,GCA_963841085.1,CAWJBF010000008.1,agl,76,2.506e-16,0.262
FW_TWAS_AS_rep_1,GCA_963841085.1,CAWJBF010000005.1,mer,212,1.431e-62,0.396
FW_TWAS_AS_rep_1,GCA_963841085.1,CAWJBF010000001.1,bcd,374,2.221e-117,0.529
FW_TWAS_AS_rep_1,GCA_963841085.1,CAWJBF010000011.1,oppA,148,1.442e-38,0.268
FW_TWAS_AS_rep_1,GCA_963841085.1,CAWJBF010000009.1,pepT,99,5.336e-24,0.284
FW_TWAS_AS_rep_1,GCA_963841085.1,CAWJBF010000001.1,gdh,418,9.501e-132,0.513
FW_TWAS_AS_rep_1,GCA_963841085.1,CAWJBF010000006.1,xylB,100,6.366e-24,0.255
FW_TWAS_AS_rep_1,GCA_963841085.1,CAWJBF010000008.1,dppC,133,7.632e-36,0.339
FW_TWAS_AS_rep_1,GCA_963841085.1,CAWJBF010000012.1,oppB,229,1.447e-68,0.435
FW_TWAS_AS_rep_1,GCA_963841085.1,CAWJBF010000005.1,acylglycerol_lipase,54,3.25e-10,0.349
FW_TWAS_AS_rep_1,GCA_963841085.1,CAWJBF010000005.1,folD,318,8.184e-98,0.549
FW_TWAS_AS_rep_1,GCA_963841085.1,CAWJBF010000009.1,pepN,178,9.231e-49,0.311
FW_TWAS_AS_rep_1,GCA_963841085.1,CAWJBF010000009.1,cazy_GH13,53,2.142e-9,0.27
FW_TWAS_AS_rep_1,GCA_963841085.1,CAWJBF010000005.1,crt,163,3.69e-46,0.383
FW_TWAS_AS_rep_1,GCA_963841085.1,CAWJBF010000005.1,frhB,44,9.065e-9,0.434
FW_TWAS_AS_rep_1,GCA_963841085.1,CAWJBF010000004.1,pyk,366,8.379e-113,0.422
FW_TWAS_AS_rep_1,GCA_963841085.1,CAWJBF010000005.1,fadD,218,2.959e-62,0.315
FW_TWAS_AS_rep_1,GCA_963841085.1,CAWJBF010000014.1,lctC,479,1.999e-151,0.524
FW_TWAS_AS_rep_1,GCA_963841085.1,CAWJBF010000011.1,fadD,148,2.49e-38,0.271
FW_TWAS_AS_rep_1,GCA_963841085.1,CAWJBF010000009.1,adhE,69,1.152e-15,0.303
FW_TWAS_AS_rep_1,GCA_963841085.1,CAWJBF010000001.1,etfA,124,3.323e-34,0.386
FW_TWAS_AS_rep_1,GCA_963841085.1,CAWJBF010000001.1,hbd,102,4.31e-25,0.402
FW_TWAS_AS_rep_1,GCA_963841085.1,CAWJBF010000005.1,fadB,89,2.492e-21,0.305
FW_TWAS_AS_rep_1,GCA_963841085.1,CAWJBF010000014.1,cazy_GH13,179,1.204e-48,0.34
FW_TWAS_AS_rep_1,GCA_963841085.1,CAWJBF010000005.1,cazy_GH13,196,1.842e-54,0.389
FW_TWAS_AS_rep_1,GCA_963841085.1,CAWJBF010000005.1,oppA,261,8.182e-76,0.345
FW_TWAS_AS_rep_1,GCA_963841085.1,CAWJBF010000008.1,pfkA,133,9.588e-36,0.374
FW_TWAS_AS_rep_1,GCA_963841085.1,CAWJBF010000012.1,dppC,263,1.676e-80,0.503
FW_TWAS_AS_rep_1,GCA_963841085.1,CAWJBF010000008.1,bgl,388,9.168e-121,0.469
FW_TWAS_AS_rep_1,GCA_963841085.1,CAWJBF010000009.1,acylglycerol_lipase,70,1.118e-15,0.316
FW_TWAS_AS_rep_1,GCA_963841085.1,CAWJBF010000005.1,thl,385,6.19e-121,0.536
FW_TWAS_AS_rep_1,GCA_963841085.1,CAWJBF010000012.1,lctB,263,4.001e-81,0.528
FW_TWAS_AS_rep_1,GCA_963841085.1,CAWJBF010000005.1,mvhA,435,4.272e-137,0.459
FW_TWAS_AS_rep_1,GCA_963841085.1,CAWJBF010000009.1,frhG,46,9.293e-8,0.236
FW_TWAS_AS_rep_1,GCA_963841085.1,CAWJBF010000005.1,adhE,175,2.774e-49,0.317
FW_TWAS_AS_rep_1,GCA_963841085.1,CAWJBF010000011.1,dppC,192,7.223e-56,0.374
FW_TWAS_AS_rep_1,GCA_963841085.1,CAWJBF010000009.1,pfor,42,4.349e-6,0.285
FW_TWAS_AS_rep_1,GCA_963841085.1,CAWJBF010000009.1,adh,69,4.191e-15,0.274
FW_TWAS_AS_rep_1,GCA_963841085.1,CAWJBF010000004.1,gapA,367,7.519e-116,0.554
FW_TWAS_AS_rep_1,GCA_963841085.1,CAWJBF010000009.1,fdhA,148,4.236e-38,0.267
FW_TWAS_AS_rep_1,GCA_963841085.1,CAWJBF010000001.1,fadB,102,1.19e-26,0.404
FW_TWAS_AS_rep_1,GCA_963841085.1,CAWJBF010000001.1,xylB,97,6.856e-24,0.311
FW_TWAS_AS_rep_1,GCA_963841085.1,CAWJBF010000005.1,dppB,302,1.385e-93,0.501
FW_TWAS_AS_rep_1,GCA_963841085.1,CAWJBF010000009.1,tdcB,62,1.525e-12,0.274
FW_TWAS_AS_rep_1,GCA_963841085.1,CAWJBF010000011.1,acs,741,3.438e-239,0.594
FW_TWAS_AS_rep_1,GCA_963841085.1,CAWJBF010000010.1,pfkA,67,5.766e-14,0.29
FW_TWAS_AS_rep_1,GCA_963841085.1,CAWJBF010000005.1,frhA,174,4.322e-48,0.303
FW_TWAS_AS_rep_1,GCA_963841085.1,CAWJBF010000005.1,aldh,46,2.555e-7,0.299
FW_TWAS_AS_rep_1,GCA_963841085.1,CAWJBF010000011.1,pfkA,244,9.547e-74,0.47
FW_TWAS_AS_rep_1,GCA_963841085.1,CAWJBF010000009.1,pepD,52,1.061e-9,0.333
FW_TWAS_AS_rep_1,GCA_963841085.1,CAWJBF010000009.1,hydA,85,6.339e-19,0.272
FW_TWAS_AS_rep_1,GCA_963841085.1,CAWJBF010000009.1,mer,126,1.744e-33,0.329
FW_TWAS_AS_rep_1,GCA_963841085.1,CAWJBF010000009.1,pepQ,147,7.045e-40,0.324
FW_TWAS_AS_rep_1,GCA_963841085.1,CAWJBF010000001.1,oppA,240,1.889e-68,0.327
FW_TWAS_AS_rep_1,GCA_963841085.1,CAWJBF010000009.1,etfA,181,1.221e-51,0.398
FW_TWAS_AS_rep_1,GCA_963841085.1,CAWJBF010000003.1,pepN,64,9.904e-13,0.265
FW_TWAS_AS_rep_1,GCA_963841085.1,CAWJBF010000010.1,pepT,49,1.95e-8,0.238
FW_TWAS_AS_rep_1,GCA_963841085.1,CAWJBF010000001.1,mmcF,184,1.588e-54,0.682
FW_TWAS_AS_rep_1,GCA_963841085.1,CAWJBF010000001.1,eda,126,2.011e-34,0.41
FW_TWAS_AS_rep_1,GCA_963841085.1,CAWJBF010000001.1,pfkA,278,4.642e-84,0.487
FW_TWAS_AS_rep_1,GCA_963841085.1,CAWJBF010000008.1,oppB,171,7.252e-48,0.314
FW_TWAS_AS_rep_1,GCA_963841085.1,CAWJBF010000001.1,dppB,289,6.848e-89,0.454
FW_TWAS_AS_rep_1,GCA_963841085.1,CAWJBF010000005.1,hydA,115,2.385e-29,0.314
FW_TWAS_AS_rep_1,GCA_963841085.1,CAWJBF010000011.1,oppB,228,1.993e-67,0.399
FW_TWAS_AS_rep_1,GCA_963841085.1,CAWJBF010000009.1,lctC,59,5.351e-12,0.275
FW_TWAS_AS_rep_1,GCA_963841085.1,CAWJBF010000008.1,cazy_GH13,82,3.881e-18,0.297
FW_TWAS_AS_rep_1,GCA_963841085.1,CAWJBF010000001.1,acylglycerol_lipase,57,5.832e-11,0.255
FW_TWAS_AS_rep_1,GCA_963841085.1,CAWJBF010000012.1,pta,199,5.733e-54,0.412
FW_TWAS_AS_rep_1,GCA_963841085.1,CAWJBF010000001.1,rnfB,44,8.177e-8,0.337
FW_TWAS_AS_rep_1,GCA_963841085.1,CAWJBF010000005.1,pfkA,158,4.05e-44,0.348
FW_TWAS_AS_rep_1,GCA_963841085.1,CAWJBF010000011.1,sucD,53,4.381e-9,0.223
FW_TWAS_AS_rep_1,GCA_963841085.1,CAWJBF010000001.1,fhs,674,6.951e-218,0.608
FW_TWAS_AS_rep_1,GCA_963841085.1,CAWJBF010000012.1,dppB,308,2.053e-94,0.47
FW_TWAS_AS_rep_1,GCA_963841085.1,CAWJBF010000006.1,pgi,124,1.827e-34,0.427
FW_TWAS_AS_rep_1,GCA_963841085.1,CAWJBF010000005.1,extracellular_protease,174,1.343e-46,0.437
FW_TWAS_AS_rep_1,GCA_963841085.1,CAWJBF010000009.1,lctD,72,3.748e-16,0.321
FW_TWAS_AS_rep_1,GCA_963841085.1,CAWJBF010000009.1,frhB,43,3.855e-7,0.346
FW_TWAS_AS_rep_1,GCA_963841085.1,CAWJBF010000009.1,pepA,402,2.632e-125,0.504
FW_TWAS_AS_rep_1,GCA_963841085.1,CAWJBF010000012.1,lysophospholipase,61,9.362e-13,0.359
FW_TWAS_AS_rep_1,GCA_963841085.1,CAWJBF010000005.1,mdh,252,9.991e-77,0.474
FW_TWAS_AS_rep_1,GCA_963841085.1,CAWJBF010000005.1,dppC,245,2.496e-74,0.465
FW_TWAS_AS_rep_1,GCA_963841085.1,CAWJBF010000001.1,pepQ,56,6.24e-11,0.248
FW_TWAS_AS_rep_1,GCA_963841085.1,CAWJBF010000001.1,bgl,171,1.924e-47,0.299
FW_TWAS_AS_rep_1,GCA_963841085.1,CAWJBF010000001.1,tdcB,248,7.158e-75,0.481
FW_TWAS_AS_rep_1,GCA_963841085.1,CAWJBF010000005.1,xylF,96,1.629e-22,0.307
FW_TWAS_AS_rep_1,GCA_963841085.1,CAWJBF010000010.1,adhE,52,7.246e-9,0.242
FW_TWAS_AS_rep_1,GCA_963841085.1,CAWJBF010000012.1,oppA,123,5.216e-31,0.309
FW_TWAS_AS_rep_1,GCA_963841085.1,CAWJBF010000014.1,agl,342,2.494e-103,0.44
FW_TWAS_AS_rep_1,GCA_963841085.1,CAWJBF010000009.1,etfB,128,9.393e-35,0.387
FW_TWAS_AS_rep_1,GCA_963841085.1,CAWJBF010000001.1,frhB,45,4.452e-8,0.404
FW_TWAS_AS_rep_1,GCA_963841085.1,CAWJBF010000001.1,dppC,227,2.829e-67,0.396
FW_TWAS_AS_rep_1,GCA_963841085.1,CAWJBF010000005.1,mvhG,144,9.905e-42,0.404
FW_TWAS_AS_rep_1,GCA_963841085.1,CAWJBF010000004.1,sucC,317,1.13e-97,0.459
FW_TWAS_AS_rep_1,GCA_963841085.1,CAWJBF010000011.1,ilvE,134,1.735e-36,0.327
FW_TWAS_AS_rep_1,GCA_963841085.1,CAWJBF010000001.1,mmcE,690,9.638e-224,0.666
FW_TWAS_AS_rep_1,GCA_963841085.1,CAWJBF010000001.1,fadE,260,5.324e-78,0.439
FW_TWAS_AS_rep_1,GCA_963841085.1,CAWJBF010000014.1,tdcB,129,1.925e-36,0.424
FW_TWAS_AS_rep_1,GCA_963841085.1,CAWJBF010000008.1,gapA,362,6.109e-114,0.551
FW_TWAS_AS_rep_1,GCA_963841085.1,CAWJBF010000003.1,tdcB,71,5.21e-15,0.283
FW_TWAS_AS_rep_1,GCA_963841085.1,CAWJBF010000012.1,mmcG,62,1.011e-13,0.32
FW_TWAS_AS_rep_1,GCA_963841085.1,CAWJBF010000011.1,dppB,231,1.213e-68,0.382
FW_TWAS_AS_rep_1,GCA_963841085.1,CAWJBF010000011.1,pyk,239,2.299e-71,0.423
FW_TWAS_AS_rep_1,GCA_963841085.1,CAWJBF010000005.1,agl,200,9.152e-56,0.354
FW_TWAS_AS_rep_1,GCA_963841085.1,CAWJBF010000012.1,dppA,174,3.359e-47,0.309
FW_TWAS_AS_rep_1,GCA_963841085.1,CAWJBF010000006.1,adhE,50,1.787e-8,0.252
FW_TWAS_AS_rep_1,GCA_963841085.1,CAWJBF010000006.1,aldh,56,2.771e-10,0.249
FW_TWAS_AS_rep_1,GCA_963841085.1,CAWJBF010000005.1,fadA,276,1.414e-83,0.428
FW_TWAS_AS_rep_1,GCA_963841085.1,CAWJBF010000001.1,dppA,197,2.162e-54,0.292
FW_TWAS_AS_rep_1,GCA_963841085.1,CAWJBF010000012.1,acylglycerol_lipase,128,1.74e-36,0.453
FW_TWAS_AS_rep_1,GCA_963841085.1,CAWJBF010000008.1,dppA,189,1.631e-52,0.301
FW_TWAS_AS_rep_1,GCA_963841085.1,CAWJBF010000006.1,fadA,53,1.58e-9,0.269
FW_TWAS_AS_rep_1,GCA_963841085.1,CAWJBF010000005.1,acs,179,4.099e-49,0.303
FW_TWAS_AS_rep_1,GCA_963841085.1,CAWJBF010000011.1,adhE,57,1.147e-10,0.242
FW_TWAS_AS_rep_1,GCA_963841085.1,CAWJBF010000005.1,pfor,1493,0.0,0.632
FW_TWAS_AS_rep_1,GCA_963841085.1,CAWJBF010000003.1,pfkA,225,4.152e-65,0.424
FW_TWAS_AS_rep_1,GCA_963841085.1,CAWJBF010000009.1,bcd,290,9.864e-88,0.401
FW_TWAS_AS_rep_1,GCA_963841085.1,CAWJBF010000005.1,rnfB,42,2.799e-6,0.25
FW_TWAS_AS_rep_1,GCA_963841085.1,CAWJBF010000005.1,frhG,100,1.793e-26,0.365
FW_TWAS_AS_rep_1,GCA_963841085.1,CAWJBF010000009.1,fadE,299,1.041e-90,0.432
FW_TWAS_AS_rep_1,GCA_963841085.1,CAWJBF010000012.1,pepQ,71,5.533e-15,0.309
FW_TWAS_AS_rep_1,GCA_963841085.1,CAWJBF010000014.1,acylglycerol_lipase,45,2.625e-7,0.313
FW_TWAS_AS_rep_1,GCA_963841085.1,CAWJBF010000006.1,eda,139,9.74e-39,0.371
FW_TWAS_AS_rep_1,GCA_963841085.1,CAWJBF010000005.1,dppA,205,2.925e-57,0.303
FW_TWAS_AS_rep_1,GCA_963841085.1,CAWJBF010000005.1,lysophospholipase,67,1.51e-14,0.25
FW_TWAS_AS_rep_1,GCA_963841085.1,CAWJBF010000001.1,crt,229,3.724e-70,0.566
FW_TWAS_AS_rep_1,GCA_963841085.1,CAWJBF010000009.1,lysophospholipase,42,1.667e-6,0.297
FW_TWAS_AS_rep_1,GCA_963841085.1,CAWJBF010000004.1,sucD,313,2.894e-98,0.545
FW_TWAS_AS_rep_1,GCA_963841085.1,CAWJBF010000005.1,pepQ,118,2.32e-30,0.287
FW_TWAS_AS_rep_1,GCA_963841085.1,CAWJBF010000001.1,endopeptidase,284,6.328e-81,0.495
FW_TWAS_AS_rep_1,GCA_963749005.1,CAVVKI010000006.1,mmcE,739,9.779e-241,0.677
FW_TWAS_AS_rep_1,GCA_963749005.1,CAVVKI010000005.1,tdcB,100,5.471e-25,0.3
FW_TWAS_AS_rep_1,GCA_963749005.1,CAVVKI010000006.1,adh,83,2.117e-19,0.345
FW_TWAS_AS_rep_1,GCA_963749005.1,CAVVKI010000005.1,rnfB,48,6.855e-10,0.308
FW_TWAS_AS_rep_1,GCA_963749005.1,CAVVKI010000006.1,xylB,71,6.227e-15,0.24
FW_TWAS_AS_rep_1,GCA_963749005.1,CAVVKI010000006.1,lctC,49,2.229e-8,0.326
FW_TWAS_AS_rep_1,GCA_963749005.1,CAVVKI010000006.1,tdcB,169,4.037e-48,0.353
FW_TWAS_AS_rep_1,GCA_963749005.1,CAVVKI010000006.1,mch,222,7.012e-66,0.373
FW_TWAS_AS_rep_1,GCA_963749005.1,CAVVKI010000006.1,dtpT,41,8.215e-6,0.285
FW_TWAS_AS_rep_1,GCA_963749005.1,CAVVKI010000006.1,oppB,147,1.524e-40,0.293
FW_TWAS_AS_rep_1,GCA_963749005.1,CAVVKI010000005.1,cazy_GH13,187,1.579e-51,0.36
FW_TWAS_AS_rep_1,GCA_963749005.1,CAVVKI010000006.1,frhG,57,1.113e-11,0.333
FW_TWAS_AS_rep_1,GCA_963749005.1,CAVVKI010000006.1,acylglycerol_lipase,181,7.042e-53,0.386
FW_TWAS_AS_rep_1,GCA_963749005.1,CAVVKI010000006.1,bcd,216,2.619e-63,0.342
FW_TWAS_AS_rep_1,GCA_963749005.1,CAVVKI010000006.1,pfor,53,3.907e-9,0.25
FW_TWAS_AS_rep_1,GCA_963749005.1,CAVVKI010000005.1,hydA,50,1.019e-10,0.411
FW_TWAS_AS_rep_1,GCA_963749005.1,CAVVKI010000005.1,gapA,368,3.609e-116,0.566
FW_TWAS_AS_rep_1,GCA_963749005.1,CAVVKI010000003.1,frhA,174,9.311e-48,0.285
FW_TWAS_AS_rep_1,GCA_963749005.1,CAVVKI010000006.1,lysophospholipase,69,4.637e-15,0.282
FW_TWAS_AS_rep_1,GCA_963749005.1,CAVVKI010000005.1,frhB,49,1.4e-10,0.413
FW_TWAS_AS_rep_1,GCA_963749005.1,CAVVKI010000005.1,cat,79,2.771e-18,0.262
FW_TWAS_AS_rep_1,GCA_963749005.1,CAVVKI010000003.1,mvhG,142,6.029e-41,0.437
FW_TWAS_AS_rep_1,GCA_963749005.1,CAVVKI010000006.1,pepQ,145,3.814e-39,0.391
FW_TWAS_AS_rep_1,GCA_963749005.1,CAVVKI010000006.1,dppC,135,1.696e-36,0.32
FW_TWAS_AS_rep_1,GCA_963749005.1,CAVVKI010000006.1,folD,359,5.813e-114,0.64
FW_TWAS_AS_rep_1,GCA_963749005.1,CAVVKI010000006.1,fhs,676,5.864e-217,0.564
FW_TWAS_AS_rep_1,GCA_963749005.1,CAVVKI010000006.1,cazy_GH13,214,2.296e-60,0.401
FW_TWAS_AS_rep_1,GCA_963749005.1,CAVVKI010000006.1,bgl,187,1.404e-52,0.276
FW_TWAS_AS_rep_1,GCA_963749005.1,CAVVKI010000005.1,glcP,43,2.057e-6,0.272
FW_TWAS_AS_rep_1,GCA_963749005.1,CAVVKI010000006.1,rnfB,47,1.319e-7,0.395
FW_TWAS_AS_rep_1,GCA_963749005.1,CAVVKI010000006.1,dppB,145,7.074e-40,0.308
FW_TWAS_AS_rep_1,GCA_963749005.1,CAVVKI010000005.1,pfkA,190,1.228e-54,0.342
FW_TWAS_AS_rep_1,GCA_963749005.1,CAVVKI010000005.1,dppA,154,6.646e-41,0.25
FW_TWAS_AS_rep_1,GCA_963749005.1,CAVVKI010000005.1,pepT,43,1.581e-6,0.215
FW_TWAS_AS_rep_1,GCA_963749005.1,CAVVKI010000003.1,fdhA,138,2.563e-35,0.229
FW_TWAS_AS_rep_1,GCA_963749005.1,CAVVKI010000005.1,mmcF,183,7.07e-56,0.611
FW_TWAS_AS_rep_1,GCA_963749005.1,CAVVKI010000006.1,dppA,64,1.413e-12,0.234
FW_TWAS_AS_rep_1,GCA_963749005.1,CAVVKI010000005.1,thl,349,5.382e-108,0.51
FW_TWAS_AS_rep_1,GCA_963749005.1,CAVVKI010000005.1,acylglycerol_lipase,63,3.795e-13,0.268
FW_TWAS_AS_rep_1,GCA_963749005.1,CAVVKI010000006.1,fdhA,684,3.257e-215,0.424
FW_TWAS_AS_rep_1,GCA_963749005.1,CAVVKI010000006.1,frhB,55,3.652e-10,0.313
FW_TWAS_AS_rep_1,GCA_963749005.1,CAVVKI010000006.1,acs,196,8.936e-55,0.293
FW_TWAS_AS_rep_1,GCA_963749005.1,CAVVKI010000003.1,hydA,114,5.769e-28,0.301
FW_TWAS_AS_rep_1,GCA_963749005.1,CAVVKI010000006.1,extracellular_protease,172,1.013e-45,0.34
FW_TWAS_AS_rep_1,GCA_963749005.1,CAVVKI010000006.1,fumB,70,5.313e-16,0.272
FW_TWAS_AS_rep_1,GCA_963749005.1,CAVVKI010000006.1,hydA,101,6.098e-26,0.289
FW_TWAS_AS_rep_1,GCA_963749005.1,CAVVKI010000006.1,pyk,366,6.04e-113,0.489
FW_TWAS_AS_rep_1,GCA_963749005.1,CAVVKI010000006.1,esterase,55,2.175e-10,0.308
FW_TWAS_AS_rep_1,GCA_963749005.1,CAVVKI010000005.1,agl,270,2.322e-79,0.395
FW_TWAS_AS_rep_1,GCA_963749005.1,CAVVKI010000005.1,gdh,418,6.152e-132,0.505
FW_TWAS_AS_rep_1,GCA_963749005.1,CAVVKI010000006.1,fadD,184,1.01e-50,0.295
FW_TWAS_AS_rep_1,GCA_963749005.1,CAVVKI010000003.1,sucC,333,3.547e-103,0.477
FW_TWAS_AS_rep_1,GCA_963749005.1,CAVVKI010000003.1,frhG,70,3.103e-16,0.306
FW_TWAS_AS_rep_1,GCA_963749005.1,CAVVKI010000005.1,pfor,1486,0.0,0.635
FW_TWAS_AS_rep_1,GCA_963749005.1,CAVVKI010000006.1,mer,183,1.11e-52,0.329
FW_TWAS_AS_rep_1,GCA_963749005.1,CAVVKI010000005.1,adh,48,2.865e-8,0.252
FW_TWAS_AS_rep_1,GCA_963749005.1,CAVVKI010000005.1,fdhA,132,2.278e-33,0.236
FW_TWAS_AS_rep_1,GCA_963749005.1,CAVVKI010000003.1,mvhA,499,6.641e-159,0.527
FW_TWAS_AS_rep_1,GCA_963749005.1,CAVVKI010000006.1,mvhG,55,3.759e-11,0.281
FW_TWAS_AS_rep_1,GCA_963749005.1,CAVVKI010000005.1,extracellular_protease,116,5.323e-28,0.26
FW_TWAS_AS_rep_1,GCA_963749005.1,CAVVKI010000006.1,pfkA,256,8.811e-78,0.516
FW_TWAS_AS_rep_1,GCA_963749005.1,CAVVKI010000005.1,oppA,132,9.946e-34,0.262
FW_TWAS_AS_rep_1,GCA_963749005.1,CAVVKI010000003.1,sucD,293,3.008e-91,0.515
FW_TWAS_AS_rep_1,GCA_963749005.1,CAVVKI010000005.1,mdh,176,2.855e-50,0.343
FW_TWAS_AS_rep_1,GCA_963749005.1,CAVVKI010000006.1,lctB,131,3.152e-35,0.305
FW_TWAS_AS_rep_1,GCA_963749005.1,CAVVKI010000005.1,bgl,331,2.322e-101,0.389
FW_TWAS_AS_rep_1,GCA_963749005.1,CAVVKI010000006.1,adhE,168,6.1e-47,0.313
FW_TWAS_AS_rep_1,GCA_963749005.1,CAVVKI010000006.1,fadE,192,5.657e-55,0.335
FW_TWAS_AS_rep_1,GCA_963749005.1,CAVVKI010000005.1,pepD,53,7.77e-11,0.307
FW_TWAS_AS_rep_1,GCA_963749005.1,CAVVKI010000005.1,fadA,378,4.704e-118,0.54
FW_TWAS_AS_rep_1,GCA_963749005.1,CAVVKI010000005.1,mer,79,4.525e-18,0.326
FW_TWAS_AS_rep_1,GCA_963749005.1,CAVVKI010000006.1,agl,199,2.765e-55,0.329
FW_TWAS_AS_rep_1,GCA_963749005.1,CAVVKI010000006.1,oppA,85,5.791e-19,0.257
FW_TWAS_AS_rep_1,GCA_963749005.1,CAVVKI010000006.1,mmcG,124,1.91e-35,0.465
FW_TWAS_AS_rep_1,GCA_942492815.1,OW818658.1,pepN,357,6.186e-105,0.373
FW_TWAS_AS_rep_1,GCA_942492815.1,OW818658.1,lctC,309,1.203e-90,0.378
FW_TWAS_AS_rep_1,GCA_942492815.1,OW818658.1,frhA,45,1.122e-6,0.269
FW_TWAS_AS_rep_1,GCA_942492815.1,OW818658.1,tdcB,261,4.512e-76,0.421
FW_TWAS_AS_rep_1,GCA_942492815.1,OW818658.1,xylF,87,2.405e-20,0.294
FW_TWAS_AS_rep_1,GCA_942492815.1,OW818658.1,lctB,81,1.041e-17,0.3
FW_TWAS_AS_rep_1,GCA_942492815.1,OW818658.1,fadD,250,2.563e-73,0.376
FW_TWAS_AS_rep_1,GCA_942492815.1,OW818658.1,rnfB,63,4.391e-13,0.291
FW_TWAS_AS_rep_1,GCA_942492815.1,OW818658.1,etfA,211,2.155e-62,0.416
FW_TWAS_AS_rep_1,GCA_942492815.1,OW818658.1,adhE,171,6.376e-48,0.326
FW_TWAS_AS_rep_1,GCA_942492815.1,OW818658.1,adh,66,3.244e-14,0.269
FW_TWAS_AS_rep_1,GCA_942492815.1,OW818658.1,endopeptidase,129,4.874e-33,0.283
FW_TWAS_AS_rep_1,GCA_942492815.1,OW818658.1,hbd,234,2.263e-70,0.463
FW_TWAS_AS_rep_1,GCA_942492815.1,OW818658.1,agl,53,4.576e-9,0.254
FW_TWAS_AS_rep_1,GCA_942492815.1,OW818658.1,frhG,48,3.61e-8,0.273
FW_TWAS_AS_rep_1,GCA_942492815.1,OW818658.1,pgi,125,3.754e-32,0.3
FW_TWAS_AS_rep_1,GCA_942492815.1,OW818658.1,fadA,394,5.192e-124,0.544
FW_TWAS_AS_rep_1,GCA_942492815.1,OW818658.1,thl,304,6.906e-93,0.453
FW_TWAS_AS_rep_1,GCA_942492815.1,OW818658.1,bcd,226,1.274e-66,0.367
FW_TWAS_AS_rep_1,GCA_942492815.1,OW818658.1,dppA,392,1.268e-120,0.391
FW_TWAS_AS_rep_1,GCA_942492815.1,OW818658.1,sucD,45,1.216e-6,0.234
FW_TWAS_AS_rep_1,GCA_942492815.1,OW818658.1,pfor,447,4.975e-129,0.267
FW_TWAS_AS_rep_1,GCA_942492815.1,OW818658.1,frhB,139,2.791e-36,0.326
FW_TWAS_AS_rep_1,GCA_942492815.1,OW818658.1,acs,790,3.646e-256,0.607
FW_TWAS_AS_rep_1,GCA_942492815.1,OW818658.1,esterase,46,2.154e-7,0.282
FW_TWAS_AS_rep_1,GCA_942492815.1,OW818658.1,dppB,297,7.76e-92,0.503
FW_TWAS_AS_rep_1,GCA_942492815.1,OW818658.1,acylglycerol_lipase,233,1.894e-70,0.469
FW_TWAS_AS_rep_1,GCA_942492815.1,OW818658.1,lysophospholipase,86,2.57e-20,0.299
FW_TWAS_AS_rep_1,GCA_942492815.1,OW818658.1,crt,167,7.415e-48,0.402
FW_TWAS_AS_rep_1,GCA_942492815.1,OW818658.1,gapA,360,1.603e-113,0.549
FW_TWAS_AS_rep_1,GCA_942492815.1,OW818658.1,folD,344,3.294e-108,0.602
FW_TWAS_AS_rep_1,GCA_942492815.1,OW818658.1,pepA,374,4.819e-115,0.492
FW_TWAS_AS_rep_1,GCA_942492815.1,OW818658.1,dppC,299,1.976e-92,0.508
FW_TWAS_AS_rep_1,GCA_942492815.1,OW818658.1,mmcG,59,6.34e-13,0.37
FW_TWAS_AS_rep_1,GCA_942492815.1,OW818658.1,mvhG,42,2.626e-6,0.403
FW_TWAS_AS_rep_1,GCA_942492815.1,OW818658.1,pepQ,162,8.448e-45,0.34
FW_TWAS_AS_rep_1,GCA_942492815.1,OW818658.1,lctD,81,1.009e-19,0.331
FW_TWAS_AS_rep_1,GCA_942492815.1,OW818658.1,fadE,225,4.543e-66,0.399
FW_TWAS_AS_rep_1,GCA_942492815.1,OW818658.1,oppA,468,6.528e-147,0.46
FW_TWAS_AS_rep_1,GCA_942492815.1,OW818658.1,edd,214,2.494e-60,0.319
FW_TWAS_AS_rep_1,GCA_942492815.1,OW818658.1,pepD,144,1.864e-40,0.43
FW_TWAS_AS_rep_1,GCA_942492815.1,OW818658.1,cat,92,2.075e-21,0.331
FW_TWAS_AS_rep_1,GCA_942492815.1,OW818658.1,oppB,354,1.609e-111,0.632
FW_TWAS_AS_rep_1,GCA_942492815.1,OW818658.1,xylB,164,1.8e-44,0.301
FW_TWAS_AS_rep_1,GCA_942492815.1,OW818658.1,cazy_GH9,91,1.924e-20,0.277
FW_TWAS_AS_rep_1,GCA_942492815.1,OW818658.1,cazy_PL1,44,1.433e-6,0.314
FW_TWAS_AS_rep_1,GCA_942492815.1,OW818658.1,ilvE,51,1.456e-8,0.282
FW_TWAS_AS_rep_1,GCA_942492815.1,OW818658.1,mdh,292,1.479e-89,0.509
FW_TWAS_AS_rep_1,GCA_942492815.1,OW818658.1,eda,160,1.781e-46,0.436
FW_TWAS_AS_rep_1,GCA_942492815.1,OW818658.1,cazy_CBM6,85,5.499e-21,0.387
FW_TWAS_AS_rep_1,GCA_942492815.1,OW818658.1,gdh,421,5.607e-132,0.496
FW_TWAS_AS_rep_1,GCA_942492815.1,OW818658.1,pyk,384,1.408e-118,0.466
FW_TWAS_AS_rep_1,GCA_942492815.1,OW818658.1,xylA,571,1.189e-183,0.622
FW_TWAS_AS_rep_1,GCA_942492815.1,OW818658.1,cazy_GH13,73,3.367e-15,0.303
FW_TWAS_AS_rep_1,GCA_942492815.1,OW818658.1,etfB,205,7.732e-61,0.425
FW_TWAS_AS_rep_1,GCA_942492815.1,OW818658.1,hydA,70,2.58e-14,0.233
FW_TWAS_AS_rep_1,GCA_942492815.1,OW818658.1,cazy_GH10,53,5.732e-9,0.316
FW_TWAS_AS_rep_1,GCA_942492815.1,OW818658.1,pfkA,207,5.386e-60,0.376
FW_TWAS_AS_rep_1,GCA_942492815.1,OW818658.1,fdhA,488,1.185e-145,0.418
FW_TWAS_AS_rep_1,GCA_942492815.1,OW818658.1,fadB,413,1.903e-125,0.384
FW_TWAS_AS_rep_1,GCA_021731045.1,JAKFYE010000021.1,rnfB,44,1.383e-6,0.356
FW_TWAS_AS_rep_1,GCA_021731045.1,JAKFYE010000041.1,extracellular_protease,93,1.226e-21,0.312
FW_TWAS_AS_rep_1,GCA_021731045.1,JAKFYE010000007.1,lysophospholipase,93,8.605e-23,0.289
FW_TWAS_AS_rep_1,GCA_021731045.1,JAKFYE010000026.1,oppA,347,1.125e-105,0.392
FW_TWAS_AS_rep_1,GCA_021731045.1,JAKFYE010000010.1,dppA,160,7.797e-43,0.252
FW_TWAS_AS_rep_1,GCA_021731045.1,JAKFYE010000035.1,dppC,345,8.403e-109,0.579
FW_TWAS_AS_rep_1,GCA_021731045.1,JAKFYE010000046.1,hbd,230,2.019e-64,0.397
FW_TWAS_AS_rep_1,GCA_021731045.1,JAKFYE010000034.1,oppB,204,1.804e-60,0.41
FW_TWAS_AS_rep_1,GCA_021731045.1,JAKFYE010000030.1,fadB,66,2.468e-14,0.274
FW_TWAS_AS_rep_1,GCA_021731045.1,JAKFYE010000017.1,bcd,201,7.789e-58,0.324
FW_TWAS_AS_rep_1,GCA_021731045.1,JAKFYE010000035.1,oppB,229,7.155e-69,0.423
FW_TWAS_AS_rep_1,GCA_021731045.1,JAKFYE010000021.1,aldh,45,7.312e-7,0.217
FW_TWAS_AS_rep_1,GCA_021731045.1,JAKFYE010000004.1,pfor,41,5.263e-6,0.304
FW_TWAS_AS_rep_1,GCA_021731045.1,JAKFYE010000024.1,extracellular_protease,164,7.523e-45,0.369
FW_TWAS_AS_rep_1,GCA_021731045.1,JAKFYE010000046.1,pta,175,1.37e-46,0.384
FW_TWAS_AS_rep_1,GCA_021731045.1,JAKFYE010000021.1,extracellular_protease,82,4.291e-19,0.314
FW_TWAS_AS_rep_1,GCA_021731045.1,JAKFYE010000035.1,pepN,127,4.941e-33,0.287
FW_TWAS_AS_rep_1,GCA_021731045.1,JAKFYE010000016.1,oppA,152,2.44e-40,0.25
FW_TWAS_AS_rep_1,GCA_021731045.1,JAKFYE010000012.1,bcd,122,5.294e-30,0.308
FW_TWAS_AS_rep_1,GCA_021731045.1,JAKFYE010000034.1,dppB,179,2.284e-51,0.327
FW_TWAS_AS_rep_1,GCA_021731045.1,JAKFYE010000016.1,pepA,232,4.51e-67,0.431
FW_TWAS_AS_rep_1,GCA_021731045.1,JAKFYE010000046.1,thl,314,6.065e-96,0.443
FW_TWAS_AS_rep_1,GCA_021731045.1,JAKFYE010000026.1,oppB,300,2.615e-92,0.496
FW_TWAS_AS_rep_1,GCA_021731045.1,JAKFYE010000017.1,fadE,163,8.275e-45,0.328
FW_TWAS_AS_rep_1,GCA_021731045.1,JAKFYE010000006.1,fadA,218,1.78e-63,0.373
FW_TWAS_AS_rep_1,GCA_021731045.1,JAKFYE010000022.1,xylF,308,1.415e-95,0.517
FW_TWAS_AS_rep_1,GCA_021731045.1,JAKFYE010000015.1,pepQ,160,1.114e-43,0.31
FW_TWAS_AS_rep_1,GCA_021731045.1,JAKFYE010000035.1,oppA,207,3.405e-58,0.3
FW_TWAS_AS_rep_1,GCA_021731045.1,JAKFYE010000026.1,xylB,53,1.626e-9,0.224
FW_TWAS_AS_rep_1,GCA_021731045.1,JAKFYE010000022.1,extracellular_protease,163,1.376e-44,0.376
FW_TWAS_AS_rep_1,GCA_021731045.1,JAKFYE010000007.1,acylglycerol_lipase,152,8.72e-43,0.33
FW_TWAS_AS_rep_1,GCA_021731045.1,JAKFYE010000007.1,fadD,313,2.956e-93,0.376
FW_TWAS_AS_rep_1,GCA_021731045.1,JAKFYE010000034.1,dppC,199,1.049e-58,0.38
FW_TWAS_AS_rep_1,GCA_021731045.1,JAKFYE010000003.1,tdcB,329,1.631e-101,0.472
FW_TWAS_AS_rep_1,GCA_021731045.1,JAKFYE010000026.1,dppB,303,1.561e-93,0.483
FW_TWAS_AS_rep_1,GCA_021731045.1,JAKFYE010000035.1,dppB,404,1.197e-128,0.62
FW_TWAS_AS_rep_1,GCA_021731045.1,JAKFYE010000025.1,pyk,385,1.739e-119,0.463
FW_TWAS_AS_rep_1,GCA_021731045.1,JAKFYE010000007.1,acs,63,2.793e-12,0.223
FW_TWAS_AS_rep_1,GCA_021731045.1,JAKFYE010000010.1,gdh,126,3.857e-33,0.318
FW_TWAS_AS_rep_1,GCA_021731045.1,JAKFYE010000011.1,fadE,262,1.335e-78,0.413
FW_TWAS_AS_rep_1,GCA_021731045.1,JAKFYE010000039.1,extracellular_protease,150,2.112e-38,0.379
FW_TWAS_AS_rep_1,GCA_021731045.1,JAKFYE010000034.1,oppA,174,4.527e-47,0.292
FW_TWAS_AS_rep_1,GCA_021731045.1,JAKFYE010000046.1,etfA,99,3.059e-23,0.373
FW_TWAS_AS_rep_1,GCA_021731045.1,JAKFYE010000011.1,mmcE,323,2.989e-92,0.388
FW_TWAS_AS_rep_1,GCA_021731045.1,JAKFYE010000011.1,mmcF,158,3.339e-47,0.609
FW_TWAS_AS_rep_1,GCA_021731045.1,JAKFYE010000016.1,lysophospholipase,59,6.98e-12,0.262
FW_TWAS_AS_rep_1,GCA_021731045.1,JAKFYE010000016.1,dppB,216,7.822e-64,0.378
FW_TWAS_AS_rep_1,GCA_021731045.1,JAKFYE010000003.1,mmcG,114,6.526e-32,0.436
FW_TWAS_AS_rep_1,GCA_021731045.1,JAKFYE010000009.1,aldh,226,3.932e-65,0.337
FW_TWAS_AS_rep_1,GCA_021731045.1,JAKFYE010000028.1,extracellular_protease,129,1.16e-32,0.414
FW_TWAS_AS_rep_1,GCA_021731045.1,JAKFYE010000030.1,etfA,59,3.918e-12,0.303
FW_TWAS_AS_rep_1,GCA_021731045.1,JAKFYE010000011.1,etfA,174,2.065e-50,0.454
FW_TWAS_AS_rep_1,GCA_021731045.1,JAKFYE010000009.1,sucD,395,3.151e-126,0.695
FW_TWAS_AS_rep_1,GCA_021731045.1,JAKFYE010000012.1,fadE,114,1.035e-27,0.29
FW_TWAS_AS_rep_1,GCA_021731045.1,JAKFYE010000016.1,dppA,121,1.718e-30,0.24
FW_TWAS_AS_rep_1,GCA_021731045.1,JAKFYE010000034.1,extracellular_protease,124,1.853e-31,0.352
FW_TWAS_AS_rep_1,GCA_021731045.1,JAKFYE010000022.1,gapA,306,6.23e-95,0.467
FW_TWAS_AS_rep_1,GCA_021731045.1,JAKFYE010000023.1,pepA,327,2.878e-99,0.422
FW_TWAS_AS_rep_1,GCA_021731045.1,JAKFYE010000009.1,mmcE,672,1.225e-217,0.637
FW_TWAS_AS_rep_1,GCA_021731045.1,JAKFYE010000011.1,fadB,183,8.387e-54,0.399
FW_TWAS_AS_rep_1,GCA_021731045.1,JAKFYE010000025.1,cat,274,5.432e-86,0.608
FW_TWAS_AS_rep_1,GCA_021731045.1,JAKFYE010000009.1,sucC,392,9.291e-124,0.533
FW_TWAS_AS_rep_1,GCA_021731045.1,JAKFYE010000026.1,dppA,287,4.213e-85,0.355
FW_TWAS_AS_rep_1,GCA_021731045.1,JAKFYE010000011.1,extracellular_protease,158,1.067e-41,0.361
FW_TWAS_AS_rep_1,GCA_021731045.1,JAKFYE010000011.1,bcd,347,6.653e-108,0.486
FW_TWAS_AS_rep_1,GCA_021731045.1,JAKFYE010000015.1,pfkA,146,2.647e-40,0.334
FW_TWAS_AS_rep_1,GCA_021731045.1,JAKFYE010000011.1,crt,233,6.124e-71,0.484
FW_TWAS_AS_rep_1,GCA_021731045.1,JAKFYE010000046.1,fadB,497,4.432e-154,0.41
FW_TWAS_AS_rep_1,GCA_021731045.1,JAKFYE010000006.1,thl,209,3.961e-60,0.367
FW_TWAS_AS_rep_1,GCA_021731045.1,JAKFYE010000046.1,fadA,309,2.561e-94,0.432
FW_TWAS_AS_rep_1,GCA_021731045.1,JAKFYE010000021.1,adhE,50,1.963e-8,0.238
FW_TWAS_AS_rep_1,GCA_021731045.1,JAKFYE010000034.1,dppA,174,6.074e-47,0.281
FW_TWAS_AS_rep_1,GCA_021731045.1,JAKFYE010000043.1,acylglycerol_lipase,43,1.284e-6,0.27
FW_TWAS_AS_rep_1,GCA_021731045.1,JAKFYE010000046.1,crt,121,5.143e-30,0.345
FW_TWAS_AS_rep_1,GCA_021731045.1,JAKFYE010000010.1,oppA,183,2.388e-50,0.301
FW_TWAS_AS_rep_1,GCA_021731045.1,JAKFYE010000013.1,gdh,409,6.044e-129,0.517
FW_TWAS_AS_rep_1,GCA_021731045.1,JAKFYE010000011.1,hbd,264,6.991e-82,0.517
FW_TWAS_AS_rep_1,GCA_021731045.1,JAKFYE010000043.1,lysophospholipase,42,2.254e-6,0.33
FW_TWAS_AS_rep_1,GCA_021731045.1,JAKFYE010000035.1,extracellular_protease,170,5.093e-47,0.359
FW_TWAS_AS_rep_1,GCA_021731045.1,JAKFYE010000005.1,etfA,266,2.101e-81,0.496
FW_TWAS_AS_rep_1,GCA_021731045.1,JAKFYE010000025.1,acylglycerol_lipase,55,2.481e-10,0.213
FW_TWAS_AS_rep_1,GCA_021731045.1,JAKFYE010000035.1,dppA,624,5.391e-201,0.549
FW_TWAS_AS_rep_1,GCA_021731045.1,JAKFYE010000040.1,acs,734,6.878e-237,0.565
FW_TWAS_AS_rep_1,GCA_021731045.1,JAKFYE010000034.1,adh,64,2.29e-13,0.289
FW_TWAS_AS_rep_1,GCA_021731045.1,JAKFYE010000005.1,etfB,180,2.144e-52,0.472
FW_TWAS_AS_rep_1,GCA_021731045.1,JAKFYE010000016.1,oppB,204,8.861e-60,0.362
FW_TWAS_AS_rep_1,GCA_021731045.1,JAKFYE010000021.1,hydA,50,1.199e-8,0.314
FW_TWAS_AS_rep_1,GCA_021731045.1,JAKFYE010000030.1,lipase,53,4.703e-10,0.286
FW_TWAS_AS_rep_1,GCA_021731045.1,JAKFYE010000013.1,pgi,90,3.887e-21,0.29
FW_TWAS_AS_rep_1,GCA_021731045.1,JAKFYE010000025.1,fadA,267,2.025e-80,0.43
FW_TWAS_AS_rep_1,GCA_021731045.1,JAKFYE010000026.1,dppC,239,4.224e-72,0.428
FW_TWAS_AS_rep_1,GCA_021731045.1,JAKFYE010000025.1,thl,416,1.139e-131,0.578
FW_TWAS_AS_rep_1,GCA_021731045.1,JAKFYE010000040.1,fadD,132,2.519e-33,0.277
FW_TWAS_AS_rep_1,GCA_021731045.1,JAKFYE010000009.1,extracellular_protease,195,1.262e-55,0.364
FW_TWAS_AS_rep_1,GCA_021731045.1,JAKFYE010000030.1,crt,100,1.319e-25,0.315
FW_TWAS_AS_rep_1,GCA_021731045.1,JAKFYE010000021.1,ilvE,221,3.581e-65,0.377
FW_TWAS_AS_rep_1,GCA_021731045.1,JAKFYE010000016.1,dppC,169,6.434e-48,0.385
FW_TWAS_AS_rep_1,GCA_021731045.1,JAKFYE010000009.1,adhE,205,3.182e-58,0.325
