sample,genome_id,genome_abundance,cod_group,score,credible,configured,panel_id,confidence,matched_markers,missing_requirements,markers_detected,markers_in_panel,weighted_completeness,requirement_coverage,marker_coverage
FW_TWAS_AS_rep_2,GCA_044230255.1,0.05724674446135633,X_ch,1.0,true,true,starch_utilization,high,agl;cazy_GH13;susC;susD,"",4,4,1.0,1.0,1.0
FW_TWAS_AS_rep_2,GCA_044230255.1,0.05724674446135633,X_pr,0.9090909090909091,true,true,proteolysis_and_peptide_import,high,dtpT;endopeptidase;extracellular_protease;oppA;oppB;pepN,"",6,7,0.9090909090909091,1.0,1.0
FW_TWAS_AS_rep_2,GCA_044230255.1,0.05724674446135633,X_li,0.3333333333333333,false,true,lipolysis,partial,fadD;lysophospholipase,"",2,6,0.3333333333333333,1.0,1.0
FW_TWAS_AS_rep_2,GCA_044230255.1,0.05724674446135633,X_su,0.48636363636363633,false,true,hexose_fermentation,partial,gapA;lctD;pfkA;pfor;pgi;pyk,one_of(ptsG|glcP),6,9,0.5454545454545454,0.8333333333333334,1.0
FW_TWAS_AS_rep_2,GCA_044230255.1,0.05724674446135633,X_aa,0.8,true,true,general_amino_acid_catabolism,medium,dppA;dtpT;gdh;ilvE;oppA;pfor,"",6,7,0.8,1.0,1.0
FW_TWAS_AS_rep_2,GCA_044230255.1,0.05724674446135633,X_fa,1.0,true,true,lcfa_beta_oxidation,high,etfA;etfB;fadA;fadB;fadD;fadE,"",6,6,1.0,1.0,1.0
FW_TWAS_AS_rep_2,GCA_044230255.1,0.05724674446135633,X_ac_et,0.0,false,true,ethanol_acetate_chain_initiation,none,acs;adh;bcd;crt;etfA;etfB;hbd;pta;thl,one_of(adhE|aldh),9,12,0.7333333333333333,0.8571428571428571,1.0
FW_TWAS_AS_rep_2,GCA_044230255.1,0.05724674446135633,X_ac_lac,0.9375,true,true,lactate_acetate_chain_initiation,high,acs;bcd;crt;etfA;etfB;hbd;lctB;lctC;lctD;pfor;pta;thl,"",12,13,0.9375,1.0,1.0
FW_TWAS_AS_rep_2,GCA_044230255.1,0.05724674446135633,X_chain_et,0.0,false,true,ethanol_reverse_beta_oxidation,none,adh;bcd;cat;crt;etfA;etfB;hbd;thl,one_of(adhE|aldh),8,10,0.7692307692307693,0.8888888888888888,1.0
FW_TWAS_AS_rep_2,GCA_044230255.1,0.05724674446135633,X_chain_lac,1.0,true,true,lactate_reverse_beta_oxidation,high,bcd;cat;crt;etfA;etfB;hbd;lctB;lctC;lctD;pfor;thl,"",11,11,1.0,1.0,1.0
FW_TWAS_AS_rep_2,GCA_044230255.1,0.05724674446135633,X_VFA_deg,1.0,true,true,syntrophic_butyrate_oxidation,high,bcd;crt;etfA;etfB;fdhA;hbd;hydA;rnfB;thl,"",9,9,1.0,1.0,1.0
FW_TWAS_AS_rep_2,GCA_044230255.1,0.05724674446135633,X_Me_ac,0.0,false,true,acetoclastic_ack_pta,none,pta,mcrA;ackA;one_of(cdhC|cdhD|cdhE),1,8,0.1111111111111111,0.25,0.2
FW_TWAS_AS_rep_2,GCA_044230255.1,0.05724674446135633,X_Me_CO2,0.0,false,true,hydrogenotrophic_core,none,fwdA,mcrA;one_of(ftr);one_of(mch);one_of(mtd|mer),1,8,0.1111111111111111,0.2,0.16666666666666666
FW_TWAS_AS_rep_2,GCA_044230255.1,0.05724674446135633,X_et,0.31333333333333335,false,true,ethanol_to_acetyl_coa,partial,acs;adh;pta,one_of(adhE|aldh),3,6,0.4,0.6666666666666666,1.0
FW_TWAS_AS_rep_2,GCA_044230255.1,0.05724674446135633,X_lac,1.0,true,true,lactate_to_pyruvate,high,lctB;lctC;lctD;pfor;rnfB,"",5,5,1.0,1.0,1.0
FW_TWAS_AS_rep_2,GCA_035410845.1,0.03568408591239641,X_ch,1.0,true,true,pectin_utilization,high,cazy_CE8;cazy_GH43;cazy_PL1;susC;susD,"",5,5,1.0,1.0,1.0
FW_TWAS_AS_rep_2,GCA_035410845.1,0.03568408591239641,X_pr,0.6363636363636364,true,true,proteolysis_and_peptide_import,low,dtpT;endopeptidase;extracellular_protease;pepN,"",4,7,0.6363636363636364,1.0,1.0
FW_TWAS_AS_rep_2,GCA_035410845.1,0.03568408591239641,X_li,0.4166666666666667,true,true,lipolysis,low,acylglycerol_lipase;esterase;fadD,"",3,6,0.4166666666666667,1.0,1.0
FW_TWAS_AS_rep_2,GCA_035410845.1,0.03568408591239641,X_su,0.7692307692307693,true,true,entner_doudoroff,medium,adhE;eda;edd;gapA;glcP;pfor,"",6,9,0.7692307692307693,1.0,1.0
FW_TWAS_AS_rep_2,GCA_035410845.1,0.03568408591239641,X_aa,0.8,true,true,general_amino_acid_catabolism,medium,dtpT;gdh;ilvE;pfor;tdcB,"",5,7,0.8,1.0,1.0
FW_TWAS_AS_rep_2,GCA_035410845.1,0.03568408591239641,X_fa,0.38628,false,true,lcfa_beta_oxidation,partial,etfA;etfB;fadD;fadE,fadB;fadA,4,6,0.6,0.6,0.8
FW_TWAS_AS_rep_2,GCA_035410845.1,0.03568408591239641,X_ac_et,0.0,false,true,ethanol_acetate_chain_initiation,none,ackA;acs;adh;adhE;bcd;etfA;etfB;hbd;pta,thl,9,12,0.7333333333333333,0.8571428571428571,1.0
FW_TWAS_AS_rep_2,GCA_035410845.1,0.03568408591239641,X_ac_lac,0.0,false,true,lactate_acetate_chain_initiation,none,ackA;acs;bcd;etfA;etfB;hbd;lctB;lctC;pfor;pta,thl;lctD,10,13,0.6875,0.75,1.0
FW_TWAS_AS_rep_2,GCA_035410845.1,0.03568408591239641,X_chain_et,0.0,false,true,ethanol_reverse_beta_oxidation,none,adh;adhE;bcd;etfA;etfB;hbd,cat;one_of(thl);one_of(crt),6,10,0.6153846153846154,0.6666666666666666,0.75
FW_TWAS_AS_rep_2,GCA_035410845.1,0.03568408591239641,X_chain_lac,0.0,false,true,lactate_reverse_beta_oxidation,none,bcd;etfA;etfB;hbd;lctB;lctC;pfor,cat;lctD;one_of(thl);one_of(crt),7,11,0.5714285714285714,0.6,0.7777777777777778
FW_TWAS_AS_rep_2,GCA_035410845.1,0.03568408591239641,X_VFA_deg,1.0,true,true,syntrophic_propionate_mmc,high,fdhA;fumB;hydA;mdh;mmcE;mmcF;mmcG;pfor;sucC;sucD,"",10,10,1.0,1.0,1.0
FW_TWAS_AS_rep_2,GCA_035410845.1,0.03568408591239641,X_Me_ac,0.0,false,true,acetoclastic_ack_pta,none,ackA;pta,mcrA;one_of(cdhC|cdhD|cdhE),2,8,0.2222222222222222,0.5,0.4
FW_TWAS_AS_rep_2,GCA_035410845.1,0.03568408591239641,X_Me_CO2,0.0,false,true,hydrogenotrophic_core,none,"",mcrA;one_of(fwdA);one_of(ftr);one_of(mch);one_of(mtd|mer),0,8,0.0,0.0,0.0
FW_TWAS_AS_rep_2,GCA_035410845.1,0.03568408591239641,X_et,0.8,true,true,ethanol_to_acetyl_coa,medium,ackA;acs;adh;adhE;pta,"",5,6,0.8,1.0,1.0
FW_TWAS_AS_rep_2,GCA_035410845.1,0.03568408591239641,X_lac,0.4895833333333333,false,true,lactate_to_pyruvate,partial,lctB;lctC;pfor;rnfB,lctD,4,5,0.625,0.6666666666666666,1.0
FW_TWAS_AS_rep_2,GCA_035351355.1,0.01293759512937595,X_ch,1.0,true,true,starch_utilization,high,agl;cazy_GH13;susC;susD,"",4,4,1.0,1.0,1.0
FW_TWAS_AS_rep_2,GCA_035351355.1,0.01293759512937595,X_pr,0.4117647058823529,true,true,peptide_scavenging,low,dtpT;endopeptidase;pepD;pepQ;pepT,"",5,13,0.4117647058823529,1.0,1.0
FW_TWAS_AS_rep_2,GCA_035351355.1,0.01293759512937595,X_li,0.16875,false,true,lipolysis,partial,esterase;fadD,one_of(lipase|lysophospholipase|acylglycerol_lipase|phospholipase),2,6,0.25,0.5,1.0
FW_TWAS_AS_rep_2,GCA_035351355.1,0.01293759512937595,X_su,0.4336742424242424,false,true,hexose_fermentation,partial,gapA;glcP;pfkA;pfor;pgi,pyk,5,9,0.5454545454545454,0.8333333333333334,0.8333333333333334
FW_TWAS_AS_rep_2,GCA_035351355.1,0.01293759512937595,X_aa,0.6,true,true,general_amino_acid_catabolism,low,dtpT;gdh;pfor;tdcB,"",4,7,0.6,1.0,1.0
FW_TWAS_AS_rep_2,GCA_035351355.1,0.01293759512937595,X_fa,0.14884,false,true,lcfa_beta_oxidation,partial,fadA;fadD,fadE;fadB;one_of(etfA|etfB),2,6,0.4,0.4,0.4
FW_TWAS_AS_rep_2,GCA_035351355.1,0.01293759512937595,X_ac_et,0.0,false,true,ethanol_acetate_chain_initiation,none,ackA;acs;pta;thl,bcd;etfA;etfB;one_of(adhE|adh);one_of(adhE|aldh),4,12,0.3333333333333333,0.2857142857142857,0.5
FW_TWAS_AS_rep_2,GCA_035351355.1,0.01293759512937595,X_ac_lac,0.0,false,true,lactate_acetate_chain_initiation,none,ackA;acs;pfor;pta;thl,bcd;etfA;etfB;lctD;one_of(lctB|lctC),5,13,0.375,0.375,0.5555555555555556
FW_TWAS_AS_rep_2,GCA_035351355.1,0.01293759512937595,X_chain_et,0.0,false,true,ethanol_reverse_beta_oxidation,none,cat;thl,bcd;etfA;etfB;one_of(hbd);one_of(crt);one_of(adhE|adh);one_of(adhE|aldh),2,10,0.23076923076923078,0.2222222222222222,0.25
FW_TWAS_AS_rep_2,GCA_035351355.1,0.01293759512937595,X_chain_lac,0.0,false,true,lactate_reverse_beta_oxidation,none,cat;pfor;thl,bcd;etfA;etfB;lctD;one_of(hbd);one_of(crt);one_of(lctB|lctC),3,11,0.2857142857142857,0.3,0.3333333333333333
FW_TWAS_AS_rep_2,GCA_035351355.1,0.01293759512937595,X_VFA_deg,0.4037946428571429,false,true,syntrophic_propionate_mmc,partial,fdhA;hydA;mmcE;mmcF;mmcG;pfor,sucC;sucD;one_of(fumB);one_of(mdh),6,10,0.7142857142857143,0.5,0.75
FW_TWAS_AS_rep_2,GCA_035351355.1,0.01293759512937595,X_Me_ac,0.0,false,true,acetoclastic_ack_pta,none,ackA;pta,mcrA;one_of(cdhC|cdhD|cdhE),2,8,0.2222222222222222,0.5,0.4
FW_TWAS_AS_rep_2,GCA_035351355.1,0.01293759512937595,X_Me_CO2,0.0,false,true,hydrogenotrophic_core,none,"",mcrA;one_of(fwdA);one_of(ftr);one_of(mch);one_of(mtd|mer),0,8,0.0,0.0,0.0
FW_TWAS_AS_rep_2,GCA_035351355.1,0.01293759512937595,X_et,0.16999999999999998,false,true,ethanol_to_acetyl_coa,partial,ackA;acs;pta,one_of(adhE|adh);one_of(adhE|aldh),3,6,0.3,0.3333333333333333,1.0
FW_TWAS_AS_rep_2,GCA_035351355.1,0.01293759512937595,X_lac,0.23010416666666667,false,true,lactate_to_pyruvate,partial,pfor;rnfB,lctD,2,5,0.375,0.6666666666666666,0.6666666666666666
FW_TWAS_AS_rep_2,GCA_963746195.1,0.011105473814758442,X_ch,1.0,true,true,starch_utilization,high,agl;cazy_GH13;susC;susD,"",4,4,1.0,1.0,1.0
FW_TWAS_AS_rep_2,GCA_963746195.1,0.011105473814758442,X_pr,1.0,true,true,proteolysis_and_peptide_import,high,dtpT;endopeptidase;extracellular_protease;oppA;oppB;pepN;pepO,"",7,7,1.0,1.0,1.0
FW_TWAS_AS_rep_2,GCA_963746195.1,0.011105473814758442,X_li,0.5833333333333334,true,true,lipolysis,low,acylglycerol_lipase;fadD;lipase,"",3,6,0.5833333333333334,1.0,1.0
FW_TWAS_AS_rep_2,GCA_963746195.1,0.011105473814758442,X_su,0.4336742424242424,false,true,hexose_fermentation,partial,gapA;glcP;pfkA;pfor;pyk,pgi,5,9,0.5454545454545454,0.8333333333333334,0.8333333333333334
FW_TWAS_AS_rep_2,GCA_963746195.1,0.011105473814758442,X_aa,1.0,true,true,general_amino_acid_catabolism,high,dppA;dtpT;gdh;ilvE;oppA;pfor;tdcB,"",7,7,1.0,1.0,1.0
FW_TWAS_AS_rep_2,GCA_963746195.1,0.011105473814758442,X_fa,1.0,true,true,lcfa_beta_oxidation,high,etfA;etfB;fadA;fadB;fadD;fadE,"",6,6,1.0,1.0,1.0
FW_TWAS_AS_rep_2,GCA_963746195.1,0.011105473814758442,X_ac_et,0.7333333333333333,true,true,ethanol_acetate_chain_initiation,medium,acs;adh;aldh;bcd;crt;etfA;etfB;hbd;thl,"",9,12,0.7333333333333333,1.0,1.0
FW_TWAS_AS_rep_2,GCA_963746195.1,0.011105473814758442,X_ac_lac,0.0,false,true,lactate_acetate_chain_initiation,none,acs;bcd;crt;etfA;etfB;hbd;pfor;thl,lctD;one_of(lctB|lctC),8,13,0.625,0.75,0.8888888888888888
FW_TWAS_AS_rep_2,GCA_963746195.1,0.011105473814758442,X_chain_et,0.0,false,true,ethanol_reverse_beta_oxidation,none,adh;aldh;bcd;crt;etfA;etfB;hbd;thl,cat,8,10,0.6923076923076923,0.8888888888888888,1.0
FW_TWAS_AS_rep_2,GCA_963746195.1,0.011105473814758442,X_chain_lac,0.0,false,true,lactate_reverse_beta_oxidation,none,bcd;crt;etfA;etfB;hbd;pfor;thl,cat;lctD;one_of(lctB|lctC),7,11,0.5714285714285714,0.7,0.7777777777777778
FW_TWAS_AS_rep_2,GCA_963746195.1,0.011105473814758442,X_VFA_deg,0.6890624999999999,false,true,syntrophic_butyrate_oxidation,partial,bcd;crt;etfA;etfB;hbd;hydA;thl,one_of(rnfB),7,9,0.75,0.875,1.0
FW_TWAS_AS_rep_2,GCA_963746195.1,0.011105473814758442,X_Me_ac,0.0,false,true,acetoclastic_acs,none,acs,forbidden(mvhG);mcrA;one_of(cdhC|cdhD|cdhE),1,7,0.2222222222222222,0.3333333333333333,0.25
FW_TWAS_AS_rep_2,GCA_963746195.1,0.011105473814758442,X_Me_CO2,0.0,false,true,hydrogenotrophic_core,none,"",mcrA;one_of(fwdA);one_of(ftr);one_of(mch);one_of(mtd|mer),0,8,0.0,0.0,0.0
FW_TWAS_AS_rep_2,GCA_963746195.1,0.011105473814758442,X_et,0.5,true,true,ethanol_to_acetyl_coa,low,acs;adh;aldh,"",3,6,0.5,1.0,1.0
FW_TWAS_AS_rep_2,GCA_963746195.1,0.011105473814758442,X_lac,0.08027777777777777,false,true,lactate_to_pyruvate,partial,pfor,lctD;one_of(lctB|lctC|rnfB),1,5,0.25,0.3333333333333333,0.3333333333333333
FW_TWAS_AS_rep_2,GCA_034676565.1,0.0102880658436214,X_ch,0.5714285714285714,false,true,starch_utilization,partial,cazy_GH13;susC,"",2,4,0.5714285714285714,1.0,1.0
FW_TWAS_AS_rep_2,GCA_034676565.1,0.0102880658436214,X_pr,0.7058823529411765,true,true,peptide_scavenging,medium,dppA;dppB;dppC;endopeptidase;oppA;oppB;pepA;pepN;pepQ,"",9,13,0.7058823529411765,1.0,1.0
FW_TWAS_AS_rep_2,GCA_034676565.1,0.0102880658436214,X_li,0.6666666666666666,true,true,lipolysis,low,acylglycerol_lipase;fadD;lysophospholipase;phospholipase,"",4,6,0.6666666666666666,1.0,1.0
FW_TWAS_AS_rep_2,GCA_034676565.1,0.0102880658436214,X_su,0.48636363636363633,false,true,hexose_fermentation,partial,gapA;lctD;pfkA;pfor;pgi;pyk,one_of(ptsG|glcP),6,9,0.5454545454545454,0.8333333333333334,1.0
FW_TWAS_AS_rep_2,GCA_034676565.1,0.0102880658436214,X_aa,0.9,true,true,general_amino_acid_catabolism,high,dppA;gdh;ilvE;oppA;pfor;tdcB,"",6,7,0.9,1.0,1.0
FW_TWAS_AS_rep_2,GCA_034676565.1,0.0102880658436214,X_fa,1.0,true,true,lcfa_beta_oxidation,high,etfA;etfB;fadA;fadB;fadD;fadE,"",6,6,1.0,1.0,1.0
FW_TWAS_AS_rep_2,GCA_034676565.1,0.0102880658436214,X_ac_et,0.8666666666666667,true,true,ethanol_acetate_chain_initiation,medium,ackA;acs;adh;aldh;bcd;crt;etfA;etfB;hbd;pta;thl,"",11,12,0.8666666666666667,1.0,1.0
FW_TWAS_AS_rep_2,GCA_034676565.1,0.0102880658436214,X_ac_lac,1.0,true,true,lactate_acetate_chain_initiation,high,ackA;acs;bcd;crt;etfA;etfB;hbd;lctB;lctC;lctD;pfor;pta;thl,"",13,13,1.0,1.0,1.0
FW_TWAS_AS_rep_2,GCA_034676565.1,0.0102880658436214,X_chain_et,0.0,false,true,ethanol_reverse_beta_oxidation,none,adh;aldh;bcd;crt;etfA;etfB;hbd;thl,cat,8,10,0.6923076923076923,0.8888888888888888,1.0
FW_TWAS_AS_rep_2,GCA_034676565.1,0.0102880658436214,X_chain_lac,0.0,false,true,lactate_reverse_beta_oxidation,none,bcd;crt;etfA;etfB;hbd;lctB;lctC;lctD;pfor;thl,cat,10,11,0.8571428571428571,0.9,1.0
FW_TWAS_AS_rep_2,GCA_034676565.1,0.0102880658436214,X_VFA_deg,1.0,true,true,syntrophic_butyrate_oxidation,high,bcd;crt;etfA;etfB;fdhA;hbd;hydA;rnfB;thl,"",9,9,1.0,1.0,1.0
FW_TWAS_AS_rep_2,GCA_034676565.1,0.0102880658436214,X_Me_ac,0.0,false,true,acetoclastic_ack_pta,none,ackA;cdhC;pta,mcrA,3,8,0.3333333333333333,0.75,0.6
FW_TWAS_AS_rep_2,GCA_034676565.1,0.0102880658436214,X_Me_CO2,0.0,false,true,hydrogenotrophic_core,none,fwdA;mer,mcrA;one_of(ftr);one_of(mch),2,8,0.2222222222222222,0.4,0.3333333333333333
FW_TWAS_AS_rep_2,GCA_034676565.1,0.0102880658436214,X_et,0.7,true,true,ethanol_to_acetyl_coa,medium,ackA;acs;adh;aldh;pta,"",5,6,0.7,1.0,1.0
FW_TWAS_AS_rep_2,GCA_034676565.1,0.0102880658436214,X_lac,1.0,true,true,lactate_to_pyruvate,high,lctB;lctC;lctD;pfor;rnfB,"",5,5,1.0,1.0,1.0
FW_TWAS_AS_rep_2,GCA_044230475.1,0.00792040137550031,X_ch,0.03283203125,false,true,xylan_utilization,partial,xylB,xylA;one_of(cazy_GH10|cazy_GH11);one_of(cazy_GH43|cazy_CBM6),1,6,0.125,0.25,0.25
FW_TWAS_AS_rep_2,GCA_044230475.1,0.00792040137550031,X_pr,0.8235294117647058,true,true,peptide_scavenging,medium,dppA;dppB;dppC;dtpT;oppA;oppB;pepA;pepN;pepO;pepQ;pepT,"",11,13,0.8235294117647058,1.0,1.0
FW_TWAS_AS_rep_2,GCA_044230475.1,0.00792040137550031,X_li,0.5,true,true,lipolysis,low,acylglycerol_lipase;fadD;lysophospholipase,"",3,6,0.5,1.0,1.0
FW_TWAS_AS_rep_2,GCA_044230475.1,0.00792040137550031,X_su,0.6484848484848486,false,true,pentose_fermentation,partial,adhE;gapA;pfor;pyk;xylB;xylF,xylA,6,8,0.7272727272727273,0.8333333333333334,1.0
FW_TWAS_AS_rep_2,GCA_044230475.1,0.00792040137550031,X_aa,1.0,true,true,general_amino_acid_catabolism,high,dppA;dtpT;gdh;ilvE;oppA;pfor;tdcB,"",7,7,1.0,1.0,1.0
FW_TWAS_AS_rep_2,GCA_044230475.1,0.00792040137550031,X_fa,1.0,true,true,lcfa_beta_oxidation,high,etfA;etfB;fadA;fadB;fadD;fadE,"",6,6,1.0,1.0,1.0
FW_TWAS_AS_rep_2,GCA_044230475.1,0.00792040137550031,X_ac_et,0.9333333333333333,true,true,ethanol_acetate_chain_initiation,high,acs;adh;adhE;aldh;bcd;crt;etfA;etfB;hbd;pta;thl,"",11,12,0.9333333333333333,1.0,1.0
FW_TWAS_AS_rep_2,GCA_044230475.1,0.00792040137550031,X_ac_lac,0.0,false,true,lactate_acetate_chain_initiation,none,acs;bcd;crt;etfA;etfB;hbd;lctC;pfor;pta;thl,lctD,10,13,0.75,0.875,1.0
FW_TWAS_AS_rep_2,GCA_044230475.1,0.00792040137550031,X_chain_et,0.0,false,true,ethanol_reverse_beta_oxidation,none,adh;adhE;aldh;bcd;crt;etfA;etfB;hbd;thl,cat,9,10,0.8461538461538461,0.8888888888888888,1.0
FW_TWAS_AS_rep_2,GCA_044230475.1,0.00792040137550031,X_chain_lac,0.0,false,true,lactate_reverse_beta_oxidation,none,bcd;crt;etfA;etfB;hbd;lctC;pfor;thl,cat;lctD,8,11,0.6428571428571429,0.8,0.8888888888888888
FW_TWAS_AS_rep_2,GCA_044230475.1,0.00792040137550031,X_VFA_deg,0.853125,false,true,syntrophic_propionate_mmc,partial,fdhA;hydA;mdh;mmcE;mmcF;mmcG;pfor;sucC;sucD,one_of(fumB),9,10,0.9285714285714286,0.875,1.0
FW_TWAS_AS_rep_2,GCA_044230475.1,0.00792040137550031,X_Me_ac,0.0,false,true,acetoclastic_ack_pta,none,mtrA;pta,mcrA;ackA;one_of(cdhC|cdhD|cdhE),2,8,0.2222222222222222,0.25,0.4
FW_TWAS_AS_rep_2,GCA_044230475.1,0.00792040137550031,X_Me_CO2,0.0,false,true,hydrogenotrophic_core,none,fwdA;mtrA,mcrA;one_of(ftr);one_of(mch);one_of(mtd|mer),2,8,0.2222222222222222,0.2,0.3333333333333333
FW_TWAS_AS_rep_2,GCA_044230475.1,0.00792040137550031,X_et,0.9,true,true,ethanol_to_acetyl_coa,high,acs;adh;adhE;aldh;pta,"",5,6,0.9,1.0,1.0
FW_TWAS_AS_rep_2,GCA_044230475.1,0.00792040137550031,X_lac,0.23010416666666667,false,true,lactate_to_pyruvate,partial,lctC;pfor,lctD,2,5,0.375,0.6666666666666666,0.6666666666666666
FW_TWAS_AS_rep_2,GCA_032654705.1,0.007582163594340155,X_ch,1.0,true,true,starch_utilization,high,agl;cazy_GH13;susC;susD,"",4,4,1.0,1.0,1.0
FW_TWAS_AS_rep_2,GCA_032654705.1,0.007582163594340155,X_pr,1.0,true,true,proteolysis_and_peptide_import,high,dtpT;endopeptidase;extracellular_protease;oppA;oppB;pepN;pepO,"",7,7,1.0,1.0,1.0
FW_TWAS_AS_rep_2,GCA_032654705.1,0.007582163594340155,X_li,0.3333333333333333,false,true,lipolysis,partial,acylglycerol_lipase;fadD,"",2,6,0.3333333333333333,1.0,1.0
FW_TWAS_AS_rep_2,GCA_032654705.1,0.007582163594340155,X_su,0.48636363636363633,false,true,hexose_fermentation,partial,gapA;lctD;pfkA;pfor;pgi;pyk,one_of(ptsG|glcP),6,9,0.5454545454545454,0.8333333333333334,1.0
FW_TWAS_AS_rep_2,GCA_032654705.1,0.007582163594340155,X_aa,1.0,true,true,general_amino_acid_catabolism,high,dppA;dtpT;gdh;ilvE;oppA;pfor;tdcB,"",7,7,1.0,1.0,1.0
FW_TWAS_AS_rep_2,GCA_032654705.1,0.007582163594340155,X_fa,1.0,true,true,lcfa_beta_oxidation,high,etfA;etfB;fadA;fadB;fadD;fadE,"",6,6,1.0,1.0,1.0
FW_TWAS_AS_rep_2,GCA_032654705.1,0.007582163594340155,X_ac_et,0.0,false,true,ethanol_acetate_chain_initiation,none,acs;adh;bcd;crt;etfA;etfB;hbd;pta;thl,one_of(adhE|aldh),9,12,0.7333333333333333,0.8571428571428571,1.0
FW_TWAS_AS_rep_2,GCA_032654705.1,0.007582163594340155,X_ac_lac,0.9375,true,true,lactate_acetate_chain_initiation,high,acs;bcd;crt;etfA;etfB;hbd;lctB;lctC;lctD;pfor;pta;thl,"",12,13,0.9375,1.0,1.0
FW_TWAS_AS_rep_2,GCA_032654705.1,0.007582163594340155,X_chain_et,0.0,false,true,ethanol_reverse_beta_oxidation,none,adh;bcd;cat;crt;etfA;etfB;hbd;thl,one_of(adhE|aldh),8,10,0.7692307692307693,0.8888888888888888,1.0
FW_TWAS_AS_rep_2,GCA_032654705.1,0.007582163594340155,X_chain_lac,1.0,true,true,lactate_reverse_beta_oxidation,high,bcd;cat;crt;etfA;etfB;hbd;lctB;lctC;lctD;pfor;thl,"",11,11,1.0,1.0,1.0
FW_TWAS_AS_rep_2,GCA_032654705.1,0.007582163594340155,X_VFA_deg,1.0,true,true,syntrophic_butyrate_oxidation,high,bcd;crt;etfA;etfB;fdhA;hbd;hydA;rnfB;thl,"",9,9,1.0,1.0,1.0
FW_TWAS_AS_rep_2,GCA_032654705.1,0.007582163594340155,X_Me_ac,0.0,false,true,acetoclastic_ack_pta,none,pta,mcrA;ackA;one_of(cdhC|cdhD|cdhE),1,8,0.1111111111111111,0.25,0.2
FW_TWAS_AS_rep_2,GCA_032654705.1,0.007582163594340155,X_Me_CO2,0.0,false,true,hydrogenotrophic_core,none,fwdA,mcrA;one_of(ftr);one_of(mch);one_of(mtd|mer),1,8,0.1111111111111111,0.2,0.16666666666666666
FW_TWAS_AS_rep_2,GCA_032654705.1,0.007582163594340155,X_et,0.31333333333333335,false,true,ethanol_to_acetyl_coa,partial,acs;adh;pta,one_of(adhE|aldh),3,6,0.4,0.6666666666666666,1.0
FW_TWAS_AS_rep_2,GCA_032654705.1,0.007582163594340155,X_lac,1.0,true,true,lactate_to_pyruvate,high,lctB;lctC;lctD;pfor;rnfB,"",5,5,1.0,1.0,1.0
FW_TWAS_AS_rep_2,GCA_044223705.1,0.0072157393314166525,X_ch,0.7142857142857143,true,true,starch_utilization,medium,agl;cazy_GH13,"",2,4,0.7142857142857143,1.0,1.0
FW_TWAS_AS_rep_2,GCA_044223705.1,0.0072157393314166525,X_pr,0.8235294117647058,true,true,peptide_scavenging,medium,dppA;dppB;dppC;dtpT;oppA;oppB;pepA;pepN;pepO;pepQ;pepT,"",11,13,0.8235294117647058,1.0,1.0
FW_TWAS_AS_rep_2,GCA_044223705.1,0.0072157393314166525,X_li,0.5,true,true,lipolysis,low,esterase;fadD;lipase,"",3,6,0.5,1.0,1.0
FW_TWAS_AS_rep_2,GCA_044223705.1,0.0072157393314166525,X_su,0.6692307692307693,false,true,entner_doudoroff,partial,adhE;eda;edd;gapA;pfor;pyk,one_of(ptsG|glcP),6,9,0.7692307692307693,0.8,1.0
FW_TWAS_AS_rep_2,GCA_044223705.1,0.0072157393314166525,X_aa,1.0,true,true,general_amino_acid_catabolism,high,dppA;dtpT;gdh;ilvE;oppA;pfor;tdcB,"",7,7,1.0,1.0,1.0
FW_TWAS_AS_rep_2,GCA_044223705.1,0.0072157393314166525,X_fa,1.0,true,true,lcfa_beta_oxidation,high,etfA;etfB;fadA;fadB;fadD;fadE,"",6,6,1.0,1.0,1.0
FW_TWAS_AS_rep_2,GCA_044223705.1,0.0072157393314166525,X_ac_et,0.9333333333333333,true,true,ethanol_acetate_chain_initiation,high,acs;adh;adhE;aldh;bcd;crt;etfA;etfB;hbd;pta;thl,"",11,12,0.9333333333333333,1.0,1.0
FW_TWAS_AS_rep_2,GCA_044223705.1,0.0072157393314166525,X_ac_lac,0.0,false,true,lactate_acetate_chain_initiation,none,acs;bcd;crt;etfA;etfB;hbd;lctC;pfor;pta;thl,lctD,10,13,0.75,0.875,1.0
FW_TWAS_AS_rep_2,GCA_044223705.1,0.0072157393314166525,X_chain_et,0.0,false,true,ethanol_reverse_beta_oxidation,none,adh;adhE;aldh;bcd;crt;etfA;etfB;hbd;thl,cat,9,10,0.8461538461538461,0.8888888888888888,1.0
FW_TWAS_AS_rep_2,GCA_044223705.1,0.0072157393314166525,X_chain_lac,0.0,false,true,lactate_reverse_beta_oxidation,none,bcd;crt;etfA;etfB;hbd;lctC;pfor;thl,cat;lctD,8,11,0.6428571428571429,0.8,0.8888888888888888
FW_TWAS_AS_rep_2,GCA_044223705.1,0.0072157393314166525,X_VFA_deg,0.853125,false,true,syntrophic_propionate_mmc,partial,fdhA;hydA;mdh;mmcE;mmcF;mmcG;pfor;sucC;sucD,one_of(fumB),9,10,0.9285714285714286,0.875,1.0
FW_TWAS_AS_rep_2,GCA_044223705.1,0.0072157393314166525,X_Me_ac,0.0,false,true,acetoclastic_ack_pta,none,pta,mcrA;ackA;one_of(cdhC|cdhD|cdhE),1,8,0.1111111111111111,0.25,0.2
FW_TWAS_AS_rep_2,GCA_044223705.1,0.0072157393314166525,X_Me_CO2,0.0,false,true,hydrogenotrophic_core,none,fwdA,mcrA;one_of(ftr);one_of(mch);one_of(mtd|mer),1,8,0.1111111111111111,0.2,0.16666666666666666
FW_TWAS_AS_rep_2,GCA_044223705.1,0.0072157393314166525,X_et,0.9,true,true,ethanol_to_acetyl_coa,high,acs;adh;adhE;aldh;pta,"",5,6,0.9,1.0,1.0
FW_TWAS_AS_rep_2,GCA_044223705.1,0.0072157393314166525,X_lac,0.23010416666666667,false,true,lactate_to_pyruvate,partial,lctC;pfor,lctD,2,5,0.375,0.6666666666666666,0.6666666666666666
FW_TWAS_AS_rep_2,GCA_044224235.1,0.006539263769096341,X_ch,0.06508928571428572,false,true,starch_utilization,partial,susC,cazy_GH13,1,4,0.14285714285714285,0.5,0.5
FW_TWAS_AS_rep_2,GCA_044224235.1,0.006539263769096341,X_pr,1.0,true,true,proteolysis_and_peptide_import,high,dtpT;endopeptidase;extracellular_protease;oppA;oppB;pepN;pepO,"",7,7,1.0,1.0,1.0
FW_TWAS_AS_rep_2,GCA_044224235.1,0.006539263769096341,X_li,0.3333333333333333,false,true,lipolysis,partial,acylglycerol_lipase;fadD,"",2,6,0.3333333333333333,1.0,1.0
FW_TWAS_AS_rep_2,GCA_044224235.1,0.006539263769096341,X_su,0.22313131313131312,false,true,hexose_fermentation,partial,gapA;lctD;pfkA;pyk,pgi;one_of(ptsG|glcP),4,9,0.36363636363636365,0.6666666666666666,0.6666666666666666
FW_TWAS_AS_rep_2,GCA_044224235.1,0.006539263769096341,X_aa,0.39166666666666666,false,true,general_amino_acid_catabolism,partial,dppA;dtpT;gdh;oppA,one_of(pfor),4,7,0.5,0.6666666666666666,1.0
FW_TWAS_AS_rep_2,GCA_044224235.1,0.006539263769096341,X_fa,1.0,true,true,lcfa_beta_oxidation,high,etfA;etfB;fadA;fadB;fadD;fadE,"",6,6,1.0,1.0,1.0
FW_TWAS_AS_rep_2,GCA_044224235.1,0.006539263769096341,X_ac_et,0.8,true,true,ethanol_acetate_chain_initiation,medium,acs;adh;aldh;bcd;crt;etfA;etfB;hbd;pta;thl,"",10,12,0.8,1.0,1.0
FW_TWAS_AS_rep_2,GCA_044224235.1,0.006539263769096341,X_ac_lac,0.0,false,true,lactate_acetate_chain_initiation,none,acs;bcd;crt;etfA;etfB;hbd;lctB;lctC;lctD;pta;thl,one_of(pfor),11,13,0.875,0.875,1.0
FW_TWAS_AS_rep_2,GCA_044224235.1,0.006539263769096341,X_chain_et,0.8461538461538461,true,true,ethanol_reverse_beta_oxidation,medium,adh;aldh;bcd;cat;crt;etfA;etfB;hbd;thl,"",9,10,0.8461538461538461,1.0,1.0
FW_TWAS_AS_rep_2,GCA_044224235.1,0.006539263769096341,X_chain_lac,0.0,false,true,lactate_reverse_beta_oxidation,none,bcd;cat;crt;etfA;etfB;hbd;lctB;lctC;lctD;thl,one_of(pfor),10,11,0.9285714285714286,0.9,1.0
FW_TWAS_AS_rep_2,GCA_044224235.1,0.006539263769096341,X_VFA_deg,0.8421875,false,true,syntrophic_butyrate_oxidation,partial,bcd;crt;etfA;etfB;fdhA;hbd;hydA;thl,one_of(rnfB),8,9,0.9166666666666666,0.875,1.0
FW_TWAS_AS_rep_2,GCA_044224235.1,0.006539263769096341,X_Me_ac,0.0,false,true,acetoclastic_ack_pta,none,pta,mcrA;ackA;one_of(cdhC|cdhD|cdhE),1,8,0.1111111111111111,0.25,0.2
FW_TWAS_AS_rep_2,GCA_044224235.1,0.006539263769096341,X_Me_CO2,0.0,false,true,hydrogenotrophic_core,none,fwdA,mcrA;one_of(ftr);one_of(mch);one_of(mtd|mer),1,8,0.1111111111111111,0.2,0.16666666666666666
FW_TWAS_AS_rep_2,GCA_044224235.1,0.006539263769096341,X_et,0.6,true,true,ethanol_to_acetyl_coa,low,acs;adh;aldh;pta,"",4,6,0.6,1.0,1.0
FW_TWAS_AS_rep_2,GCA_044224235.1,0.006539263769096341,X_lac,0.4895833333333333,false,true,lactate_to_pyruvate,partial,lctB;lctC;lctD,pfor,3,5,0.625,0.6666666666666666,1.0
FW_TWAS_AS_rep_2,GCF_002978245.1,0.006821128586729804,X_ch,0.8571428571428571,true,true,starch_utilization,medium,agl;cazy_GH13;susC,"",3,4,0.8571428571428571,1.0,1.0
FW_TWAS_AS_rep_2,GCF_002978245.1,0.006821128586729804,X_pr,0.9411764705882353,true,true,peptide_scavenging,high,dppA;dppB;dppC;dtpT;endopeptidase;oppA;oppB;pepA;pepD;pepN;pepQ;pepT,"",12,13,0.9411764705882353,1.0,1.0
FW_TWAS_AS_rep_2,GCF_002978245.1,0.006821128586729804,X_li,0.75,true,true,lipolysis,medium,acylglycerol_lipase;esterase;fadD;lysophospholipase;phospholipase,"",5,6,0.75,1.0,1.0
FW_TWAS_AS_rep_2,GCF_002978245.1,0.006821128586729804,X_su,0.9230769230769231,true,true,entner_doudoroff,high,adhE;eda;edd;gapA;glcP;pfor;ptsG;pyk,"",8,9,0.9230769230769231,1.0,1.0
FW_TWAS_AS_rep_2,GCF_002978245.1,0.006821128586729804,X_aa,0.8,true,true,general_amino_acid_catabolism,medium,dppA;dtpT;ilvE;oppA;pfor;tdcB,"",6,7,0.8,1.0,1.0
FW_TWAS_AS_rep_2,GCF_002978245.1,0.006821128586729804,X_fa,0.9,true,true,lcfa_beta_oxidation,high,etfA;fadA;fadB;fadD;fadE,"",5,6,0.9,1.0,1.0
FW_TWAS_AS_rep_2,GCF_002978245.1,0.006821128586729804,X_ac_et,0.0,false,true,ethanol_acetate_chain_initiation,none,ackA;acs;adh;adhE;aldh;bcd;crt;etfA;hbd;pta;thl,etfB,11,12,0.9333333333333333,0.8571428571428571,1.0
FW_TWAS_AS_rep_2,GCF_002978245.1,0.006821128586729804,X_ac_lac,0.0,false,true,lactate_acetate_chain_initiation,none,ackA;acs;bcd;crt;etfA;hbd;pfor;pta;thl,etfB;lctD;one_of(lctB|lctC),9,13,0.6875,0.625,1.0
FW_TWAS_AS_rep_2,GCF_002978245.1,0.006821128586729804,X_chain_et,0.0,false,true,ethanol_reverse_beta_oxidation,none,adh;adhE;aldh;bcd;crt;etfA;hbd;thl,etfB;cat,8,10,0.7692307692307693,0.7777777777777778,1.0
FW_TWAS_AS_rep_2,GCF_002978245.1,0.006821128586729804,X_chain_lac,0.0,false,true,lactate_reverse_beta_oxidation,none,bcd;crt;etfA;hbd;pfor;thl,etfB;cat;lctD;one_of(lctB|lctC),6,11,0.5,0.6,0.6666666666666666
FW_TWAS_AS_rep_2,GCF_002978245.1,0.006821128586729804,X_VFA_deg,0.8421875,false,true,syntrophic_butyrate_oxidation,partial,bcd;crt;etfA;fdhA;hbd;hydA;rnfB;thl,etfB,8,9,0.9166666666666666,0.875,1.0
FW_TWAS_AS_rep_2,GCF_002978245.1,0.006821128586729804,X_Me_ac,0.0,false,true,acetoclastic_ack_pta,none,ackA;pta,mcrA;one_of(cdhC|cdhD|cdhE),2,8,0.2222222222222222,0.5,0.4
FW_TWAS_AS_rep_2,GCF_002978245.1,0.006821128586729804,X_Me_CO2,0.0,false,true,hydrogenotrophic_core,none,mer,mcrA;one_of(fwdA);one_of(ftr);one_of(mch),1,8,0.1111111111111111,0.2,0.16666666666666666
FW_TWAS_AS_rep_2,GCF_002978245.1,0.006821128586729804,X_et,1.0,true,true,ethanol_to_acetyl_coa,high,ackA;acs;adh;adhE;aldh;pta,"",6,6,1.0,1.0,1.0
FW_TWAS_AS_rep_2,GCF_002978245.1,0.006821128586729804,X_lac,0.23010416666666667,false,true,lactate_to_pyruvate,partial,pfor;rnfB,lctD,2,5,0.375,0.6666666666666666,0.6666666666666666
FW_TWAS_AS_rep_2,GCA_963736865.1,0.006511077287332995,X_ch,0.1952678571428572,false,true,starch_utilization,partial,cazy_GH13,one_of(susC|susD|agl),1,4,0.42857142857142855,0.5,0.5
FW_TWAS_AS_rep_2,GCA_963736865.1,0.006511077287332995,X_pr,0.8181818181818182,true,true,proteolysis_and_peptide_import,medium,endopeptidase;extracellular_protease;oppA;oppB;pepN,"",5,7,0.8181818181818182,1.0,1.0
FW_TWAS_AS_rep_2,GCA_963736865.1,0.006511077287332995,X_li,0.75,true,true,lipolysis,medium,fadD;lipase;lysophospholipase;phospholipase,"",4,6,0.75,1.0,1.0
FW_TWAS_AS_rep_2,GCA_963736865.1,0.006511077287332995,X_su,0.5674242424242425,false,true,hexose_fermentation,partial,adhE;gapA;lctD;pfkA;pfor;pgi;pyk,one_of(ptsG|glcP),7,9,0.6363636363636364,0.8333333333333334,1.0
FW_TWAS_AS_rep_2,GCA_963736865.1,0.006511077287332995,X_aa,0.8,true,true,general_amino_acid_catabolism,medium,gdh;ilvE;oppA;pfor;tdcB,"",5,7,0.8,1.0,1.0
FW_TWAS_AS_rep_2,GCA_963736865.1,0.006511077287332995,X_fa,1.0,true,true,lcfa_beta_oxidation,high,etfA;etfB;fadA;fadB;fadD;fadE,"",6,6,1.0,1.0,1.0
FW_TWAS_AS_rep_2,GCA_963736865.1,0.006511077287332995,X_ac_et,0.9333333333333333,true,true,ethanol_acetate_chain_initiation,high,ackA;acs;adh;adhE;bcd;crt;etfA;etfB;hbd;pta;thl,"",11,12,0.9333333333333333,1.0,1.0
FW_TWAS_AS_rep_2,GCA_963736865.1,0.006511077287332995,X_ac_lac,1.0,true,true,lactate_acetate_chain_initiation,high,ackA;acs;bcd;crt;etfA;etfB;hbd;lctB;lctC;lctD;pfor;pta;thl,"",13,13,1.0,1.0,1.0
FW_TWAS_AS_rep_2,GCA_963736865.1,0.006511077287332995,X_chain_et,0.9230769230769231,true,true,ethanol_reverse_beta_oxidation,high,adh;adhE;bcd;cat;crt;etfA;etfB;hbd;thl,"",9,10,0.9230769230769231,1.0,1.0
FW_TWAS_AS_rep_2,GCA_963736865.1,0.006511077287332995,X_chain_lac,1.0,true,true,lactate_reverse_beta_oxidation,high,bcd;cat;crt;etfA;etfB;hbd;lctB;lctC;lctD;pfor;thl,"",11,11,1.0,1.0,1.0
FW_TWAS_AS_rep_2,GCA_963736865.1,0.006511077287332995,X_VFA_deg,1.0,true,true,syntrophic_propionate_mmc,high,fdhA;fumB;hydA;mdh;mmcE;mmcF;mmcG;pfor;sucC;sucD,"",10,10,1.0,1.0,1.0
FW_TWAS_AS_rep_2,GCA_963736865.1,0.006511077287332995,X_Me_ac,0.0,false,true,acetoclastic_ack_pta,none,ackA;cdhC;pta,mcrA,3,8,0.3333333333333333,0.75,0.6
FW_TWAS_AS_rep_2,GCA_963736865.1,0.006511077287332995,X_Me_CO2,0.0,false,true,hydrogenotrophic_core,none,"",mcrA;one_of(fwdA);one_of(ftr);one_of(mch);one_of(mtd|mer),0,8,0.0,0.0,0.0
FW_TWAS_AS_rep_2,GCA_963736865.1,0.006511077287332995,X_et,0.8,true,true,ethanol_to_acetyl_coa,medium,ackA;acs;adh;adhE;pta,"",5,6,0.8,1.0,1.0
FW_TWAS_AS_rep_2,GCA_963736865.1,0.006511077287332995,X_lac,1.0,true,true,lactate_to_pyruvate,high,lctB;lctC;lctD;pfor;rnfB,"",5,5,1.0,1.0,1.0
FW_TWAS_AS_rep_2,GCA_963779235.1,0.00510175319916568,X_ch,0.7142857142857143,true,true,starch_utilization,medium,agl;cazy_GH13,"",2,4,0.7142857142857143,1.0,1.0
FW_TWAS_AS_rep_2,GCA_963779235.1,0.00510175319916568,X_pr,0.7647058823529411,true,true,peptide_scavenging,medium,dppA;dppB;dppC;dtpT;oppA;oppB;pepA;pepN;pepQ;pepT,"",10,13,0.7647058823529411,1.0,1.0
FW_TWAS_AS_rep_2,GCA_963779235.1,0.00510175319916568,X_li,0.8333333333333334,true,true,lipolysis,medium,acylglycerol_lipase;esterase;fadD;lipase;lysophospholipase,"",5,6,0.8333333333333334,1.0,1.0
FW_TWAS_AS_rep_2,GCA_963779235.1,0.00510175319916568,X_su,0.46578461538461546,false,true,entner_doudoroff,partial,adhE;eda;edd;pyk,one_of(ptsG|glcP),4,9,0.6153846153846154,0.8,0.8
FW_TWAS_AS_rep_2,GCA_963779235.1,0.00510175319916568,X_aa,0.705,false,true,general_amino_acid_catabolism,partial,dppA;dtpT;gdh;ilvE;oppA;tdcB,one_of(pfor),6,7,0.9,0.6666666666666666,1.0
FW_TWAS_AS_rep_2,GCA_963779235.1,0.00510175319916568,X_fa,1.0,true,true,lcfa_beta_oxidation,high,etfA;etfB;fadA;fadB;fadD;fadE,"",6,6,1.0,1.0,1.0
FW_TWAS_AS_rep_2,GCA_963779235.1,0.00510175319916568,X_ac_et,1.0,true,true,ethanol_acetate_chain_initiation,high,ackA;acs;adh;adhE;aldh;bcd;crt;etfA;etfB;hbd;pta;thl,"",12,12,1.0,1.0,1.0
FW_TWAS_AS_rep_2,GCA_963779235.1,0.00510175319916568,X_ac_lac,0.0,false,true,lactate_acetate_chain_initiation,none,ackA;acs;bcd;crt;etfA;etfB;hbd;lctB;lctC;pta;thl,lctD;one_of(pfor),11,13,0.8125,0.75,1.0
FW_TWAS_AS_rep_2,GCA_963779235.1,0.00510175319916568,X_chain_et,0.0,false,true,ethanol_reverse_beta_oxidation,none,adh;adhE;aldh;bcd;crt;etfA;etfB;hbd;thl,cat,9,10,0.8461538461538461,0.8888888888888888,1.0
FW_TWAS_AS_rep_2,GCA_963779235.1,0.00510175319916568,X_chain_lac,0.0,false,true,lactate_reverse_beta_oxidation,none,bcd;crt;etfA;etfB;hbd;lctB;lctC;thl,cat;lctD;one_of(pfor),8,11,0.6428571428571429,0.7,0.8888888888888888
FW_TWAS_AS_rep_2,GCA_963779235.1,0.00510175319916568,X_VFA_deg,0.8421875,false,true,syntrophic_butyrate_oxidation,partial,bcd;crt;etfA;etfB;fdhA;hbd;hydA;thl,one_of(rnfB),8,9,0.9166666666666666,0.875,1.0
FW_TWAS_AS_rep_2,GCA_963779235.1,0.00510175319916568,X_Me_ac,0.0,false,true,acetoclastic_ack_pta,none,ackA;pta,mcrA;one_of(cdhC|cdhD|cdhE),2,8,0.2222222222222222,0.5,0.4
FW_TWAS_AS_rep_2,GCA_963779235.1,0.00510175319916568,X_Me_CO2,0.0,false,true,hydrogenotrophic_core,none,fwdA,mcrA;one_of(ftr);one_of(mch);one_of(mtd|mer),1,8,0.1111111111111111,0.2,0.16666666666666666
FW_TWAS_AS_rep_2,GCA_963779235.1,0.00510175319916568,X_et,1.0,true,true,ethanol_to_acetyl_coa,high,ackA;acs;adh;adhE;aldh;pta,"",6,6,1.0,1.0,1.0
FW_TWAS_AS_rep_2,GCA_963779235.1,0.00510175319916568,X_lac,0.11097222222222222,false,true,lactate_to_pyruvate,partial,lctB;lctC,lctD;pfor,2,5,0.25,0.3333333333333333,0.6666666666666666
FW_TWAS_AS_rep_2,GCA_035417985.1,0.005017193753875641,X_ch,0.7142857142857143,true,true,starch_utilization,medium,agl;cazy_GH13,"",2,4,0.7142857142857143,1.0,1.0
FW_TWAS_AS_rep_2,GCA_035417985.1,0.005017193753875641,X_pr,0.5294117647058824,true,true,peptide_scavenging,low,dppA;dppB;dppC;oppA;oppB;pepD;pepQ,"",7,13,0.5294117647058824,1.0,1.0
FW_TWAS_AS_rep_2,GCA_035417985.1,0.005017193753875641,X_li,0.225,false,true,lipolysis,partial,acylglycerol_lipase;lysophospholipase,one_of(fadD|esterase),2,6,0.3333333333333333,0.5,1.0
FW_TWAS_AS_rep_2,GCA_035417985.1,0.005017193753875641,X_su,0.6484848484848486,false,true,pentose_fermentation,partial,adhE;gapA;pfor;pyk;xylA;xylB,one_of(xylF),6,8,0.7272727272727273,0.8333333333333334,1.0
FW_TWAS_AS_rep_2,GCA_035417985.1,0.005017193753875641,X_aa,0.9,true,true,general_amino_acid_catabolism,high,dppA;gdh;ilvE;oppA;pfor;tdcB,"",6,7,0.9,1.0,1.0
FW_TWAS_AS_rep_2,GCA_035417985.1,0.005017193753875641,X_fa,0.18056,false,true,lcfa_beta_oxidation,partial,etfA;etfB;fadA,fadD;fadE;fadB,3,6,0.4,0.4,0.6
FW_TWAS_AS_rep_2,GCA_035417985.1,0.005017193753875641,X_ac_et,0.0,false,true,ethanol_acetate_chain_initiation,none,ackA;adh;adhE;etfA;etfB;pta;thl,bcd,7,12,0.6,0.8571428571428571,0.875
FW_TWAS_AS_rep_2,GCA_035417985.1,0.005017193753875641,X_ac_lac,0.0,false,true,lactate_acetate_chain_initiation,none,ackA;etfA;etfB;pfor;pta;thl,bcd;lctD;one_of(lctB|lctC),6,13,0.4375,0.625,0.6666666666666666
FW_TWAS_AS_rep_2,GCA_035417985.1,0.005017193753875641,X_chain_et,0.0,false,true,ethanol_reverse_beta_oxidation,none,adh;adhE;cat;etfA;etfB;thl,bcd;one_of(hbd);one_of(crt),6,10,0.6153846153846154,0.6666666666666666,0.75
FW_TWAS_AS_rep_2,GCA_035417985.1,0.005017193753875641,X_chain_lac,0.0,false,true,lactate_reverse_beta_oxidation,none,cat;etfA;etfB;pfor;thl,bcd;lctD;one_of(hbd);one_of(crt);one_of(lctB|lctC),5,11,0.42857142857142855,0.5,0.5555555555555556
FW_TWAS_AS_rep_2,GCA_035417985.1,0.005017193753875641,X_VFA_deg,0.5459179687499999,false,true,syntrophic_propionate_mmc,partial,fdhA;fumB;hydA;mmcE;mmcF;mmcG;pfor,sucC;sucD;one_of(mdh),7,10,0.7857142857142857,0.625,0.875
FW_TWAS_AS_rep_2,GCA_035417985.1,0.005017193753875641,X_Me_ac,0.0,false,true,acetoclastic_ack_pta,none,ackA;pta,mcrA;one_of(cdhC|cdhD|cdhE),2,8,0.2222222222222222,0.5,0.4
FW_TWAS_AS_rep_2,GCA_035417985.1,0.005017193753875641,X_Me_CO2,0.0,false,true,hydrogenotrophic_core,none,"",mcrA;one_of(fwdA);one_of(ftr);one_of(mch);one_of(mtd|mer),0,8,0.0,0.0,0.0
FW_TWAS_AS_rep_2,GCA_035417985.1,0.005017193753875641,X_et,0.7,true,true,ethanol_to_acetyl_coa,medium,ackA;adh;adhE;pta,"",4,6,0.7,1.0,1.0
FW_TWAS_AS_rep_2,GCA_035417985.1,0.005017193753875641,X_lac,0.23010416666666667,false,true,lactate_to_pyruvate,partial,pfor;rnfB,lctD,2,5,0.375,0.6666666666666666,0.6666666666666666
FW_TWAS_AS_rep_2,GCA_943370345.1,0.008822368791927392,X_ch,1.0,true,true,pectin_utilization,high,cazy_CE8;cazy_GH43;cazy_PL1;susC;susD,"",5,5,1.0,1.0,1.0
FW_TWAS_AS_rep_2,GCA_943370345.1,0.008822368791927392,X_pr,0.9090909090909091,true,true,proteolysis_and_peptide_import,high,dtpT;endopeptidase;extracellular_protease;oppA;oppB;pepN,"",6,7,0.9090909090909091,1.0,1.0
FW_TWAS_AS_rep_2,GCA_943370345.1,0.008822368791927392,X_li,0.5833333333333334,true,true,lipolysis,low,acylglycerol_lipase;esterase;fadD;lysophospholipase,"",4,6,0.5833333333333334,1.0,1.0
FW_TWAS_AS_rep_2,GCA_943370345.1,0.008822368791927392,X_su,0.6692307692307693,false,true,entner_doudoroff,partial,adhE;eda;edd;gapA;lctD;pfor,one_of(ptsG|glcP),6,9,0.7692307692307693,0.8,1.0
FW_TWAS_AS_rep_2,GCA_943370345.1,0.008822368791927392,X_aa,1.0,true,true,general_amino_acid_catabolism,high,dppA;dtpT;gdh;ilvE;oppA;pfor;tdcB,"",7,7,1.0,1.0,1.0
FW_TWAS_AS_rep_2,GCA_943370345.1,0.008822368791927392,X_fa,1.0,true,true,lcfa_beta_oxidation,high,etfA;etfB;fadA;fadB;fadD;fadE,"",6,6,1.0,1.0,1.0
FW_TWAS_AS_rep_2,GCA_943370345.1,0.008822368791927392,X_ac_et,0.8666666666666667,true,true,ethanol_acetate_chain_initiation,medium,acs;adh;adhE;bcd;crt;etfA;etfB;hbd;pta;thl,"",10,12,0.8666666666666667,1.0,1.0
FW_TWAS_AS_rep_2,GCA_943370345.1,0.008822368791927392,X_ac_lac,0.9375,true,true,lactate_acetate_chain_initiation,high,acs;bcd;crt;etfA;etfB;hbd;lctB;lctC;lctD;pfor;pta;thl,"",12,13,0.9375,1.0,1.0
FW_TWAS_AS_rep_2,GCA_943370345.1,0.008822368791927392,X_chain_et,0.9230769230769231,true,true,ethanol_reverse_beta_oxidation,high,adh;adhE;bcd;cat;crt;etfA;etfB;hbd;thl,"",9,10,0.9230769230769231,1.0,1.0
FW_TWAS_AS_rep_2,GCA_943370345.1,0.008822368791927392,X_chain_lac,1.0,true,true,lactate_reverse_beta_oxidation,high,bcd;cat;crt;etfA;etfB;hbd;lctB;lctC;lctD;pfor;thl,"",11,11,1.0,1.0,1.0
FW_TWAS_AS_rep_2,GCA_943370345.1,0.008822368791927392,X_VFA_deg,1.0,true,true,syntrophic_butyrate_oxidation,high,bcd;crt;etfA;etfB;fdhA;hbd;hydA;rnfB;thl,"",9,9,1.0,1.0,1.0
FW_TWAS_AS_rep_2,GCA_943370345.1,0.008822368791927392,X_Me_ac,0.0,false,true,acetoclastic_ack_pta,none,pta,mcrA;ackA;one_of(cdhC|cdhD|cdhE),1,8,0.1111111111111111,0.25,0.2
FW_TWAS_AS_rep_2,GCA_943370345.1,0.008822368791927392,X_Me_CO2,0.0,false,true,hydrogenotrophic_core,none,fwdA,mcrA;one_of(ftr);one_of(mch);one_of(mtd|mer),1,8,0.1111111111111111,0.2,0.16666666666666666
FW_TWAS_AS_rep_2,GCA_943370345.1,0.008822368791927392,X_et,0.7,true,true,ethanol_to_acetyl_coa,medium,acs;adh;adhE;pta,"",4,6,0.7,1.0,1.0
FW_TWAS_AS_rep_2,GCA_943370345.1,0.008822368791927392,X_lac,1.0,true,true,lactate_to_pyruvate,high,lctB;lctC;lctD;pfor;rnfB,"",5,5,1.0,1.0,1.0
FW_TWAS_AS_rep_2,GCA_044220615.1,0.004284345228028638,X_ch,1.0,true,true,pectin_utilization,high,cazy_CE8;cazy_GH43;cazy_PL1;susC;susD,"",5,5,1.0,1.0,1.0
FW_TWAS_AS_rep_2,GCA_044220615.1,0.004284345228028638,X_pr,0.8181818181818182,true,true,proteolysis_and_peptide_import,medium,dtpT;endopeptidase;extracellular_protease;oppB;pepN;pepO,"",6,7,0.8181818181818182,1.0,1.0
FW_TWAS_AS_rep_2,GCA_044220615.1,0.004284345228028638,X_li,0.4166666666666667,true,true,lipolysis,low,acylglycerol_lipase;esterase;fadD,"",3,6,0.4166666666666667,1.0,1.0
FW_TWAS_AS_rep_2,GCA_044220615.1,0.004284345228028638,X_su,0.7361538461538462,false,true,entner_doudoroff,partial,adhE;eda;edd;gapA;lctD;pfor;pyk,one_of(ptsG|glcP),7,9,0.8461538461538461,0.8,1.0
FW_TWAS_AS_rep_2,GCA_044220615.1,0.004284345228028638,X_aa,0.9,true,true,general_amino_acid_catabolism,high,dppA;dtpT;gdh;ilvE;pfor;tdcB,"",6,7,0.9,1.0,1.0
FW_TWAS_AS_rep_2,GCA_044220615.1,0.004284345228028638,X_fa,1.0,true,true,lcfa_beta_oxidation,high,etfA;etfB;fadA;fadB;fadD;fadE,"",6,6,1.0,1.0,1.0
FW_TWAS_AS_rep_2,GCA_044220615.1,0.004284345228028638,X_ac_et,0.8666666666666667,true,true,ethanol_acetate_chain_initiation,medium,acs;adh;adhE;bcd;crt;etfA;etfB;hbd;pta;thl,"",10,12,0.8666666666666667,1.0,1.0
FW_TWAS_AS_rep_2,GCA_044220615.1,0.004284345228028638,X_ac_lac,0.9375,true,true,lactate_acetate_chain_initiation,high,acs;bcd;crt;etfA;etfB;hbd;lctB;lctC;lctD;pfor;pta;thl,"",12,13,0.9375,1.0,1.0
FW_TWAS_AS_rep_2,GCA_044220615.1,0.004284345228028638,X_chain_et,0.9230769230769231,true,true,ethanol_reverse_beta_oxidation,high,adh;adhE;bcd;cat;crt;etfA;etfB;hbd;thl,"",9,10,0.9230769230769231,1.0,1.0
FW_TWAS_AS_rep_2,GCA_044220615.1,0.004284345228028638,X_chain_lac,1.0,true,true,lactate_reverse_beta_oxidation,high,bcd;cat;crt;etfA;etfB;hbd;lctB;lctC;lctD;pfor;thl,"",11,11,1.0,1.0,1.0
FW_TWAS_AS_rep_2,GCA_044220615.1,0.004284345228028638,X_VFA_deg,1.0,true,true,syntrophic_butyrate_oxidation,high,bcd;crt;etfA;etfB;fdhA;hbd;hydA;rnfB;thl,"",9,9,1.0,1.0,1.0
FW_TWAS_AS_rep_2,GCA_044220615.1,0.004284345228028638,X_Me_ac,0.0,false,true,acetoclastic_ack_pta,none,pta,mcrA;ackA;one_of(cdhC|cdhD|cdhE),1,8,0.1111111111111111,0.25,0.2
FW_TWAS_AS_rep_2,GCA_044220615.1,0.004284345228028638,X_Me_CO2,0.0,false,true,hydrogenotrophic_core,none,fwdA,mcrA;one_of(ftr);one_of(mch);one_of(mtd|mer),1,8,0.1111111111111111,0.2,0.16666666666666666
FW_TWAS_AS_rep_2,GCA_044220615.1,0.004284345228028638,X_et,0.7,true,true,ethanol_to_acetyl_coa,medium,acs;adh;adhE;pta,"",4,6,0.7,1.0,1.0
FW_TWAS_AS_rep_2,GCA_044220615.1,0.004284345228028638,X_lac,1.0,true,true,lactate_to_pyruvate,high,lctB;lctC;lctD;pfor;rnfB,"",5,5,1.0,1.0,1.0
FW_TWAS_AS_rep_2,GCA_044227805.1,0.004143412819211906,X_ch,1.0,true,true,starch_utilization,high,agl;cazy_GH13;susC;susD,"",4,4,1.0,1.0,1.0
FW_TWAS_AS_rep_2,GCA_044227805.1,0.004143412819211906,X_pr,1.0,true,true,peptide_scavenging,high,dppA;dppB;dppC;dtpT;endopeptidase;oppA;oppB;pepA;pepD;pepN;pepO;pepQ;pepT,"",13,13,1.0,1.0,1.0
FW_TWAS_AS_rep_2,GCA_044227805.1,0.004143412819211906,X_li,0.3333333333333333,false,true,lipolysis,partial,fadD;lysophospholipase,"",2,6,0.3333333333333333,1.0,1.0
FW_TWAS_AS_rep_2,GCA_044227805.1,0.004143412819211906,X_su,0.6484848484848486,false,true,hexose_fermentation,partial,adhE;glcP;lctD;pfkA;pfor;pgi;pyk,gapA,7,9,0.7272727272727273,0.8333333333333334,1.0
FW_TWAS_AS_rep_2,GCA_044227805.1,0.004143412819211906,X_aa,1.0,true,true,general_amino_acid_catabolism,high,dppA;dtpT;gdh;ilvE;oppA;pfor;tdcB,"",7,7,1.0,1.0,1.0
FW_TWAS_AS_rep_2,GCA_044227805.1,0.004143412819211906,X_fa,1.0,true,true,lcfa_beta_oxidation,high,etfA;etfB;fadA;fadB;fadD;fadE,"",6,6,1.0,1.0,1.0
FW_TWAS_AS_rep_2,GCA_044227805.1,0.004143412819211906,X_ac_et,0.8666666666666667,true,true,ethanol_acetate_chain_initiation,medium,acs;adh;adhE;bcd;crt;etfA;etfB;hbd;pta;thl,"",10,12,0.8666666666666667,1.0,1.0
FW_TWAS_AS_rep_2,GCA_044227805.1,0.004143412819211906,X_ac_lac,0.9375,true,true,lactate_acetate_chain_initiation,high,acs;bcd;crt;etfA;etfB;hbd;lctB;lctC;lctD;pfor;pta;thl,"",12,13,0.9375,1.0,1.0
FW_TWAS_AS_rep_2,GCA_044227805.1,0.004143412819211906,X_chain_et,0.9230769230769231,true,true,ethanol_reverse_beta_oxidation,high,adh;adhE;bcd;cat;crt;etfA;etfB;hbd;thl,"",9,10,0.9230769230769231,1.0,1.0
FW_TWAS_AS_rep_2,GCA_044227805.1,0.004143412819211906,X_chain_lac,1.0,true,true,lactate_reverse_beta_oxidation,high,bcd;cat;crt;etfA;etfB;hbd;lctB;lctC;lctD;pfor;thl,"",11,11,1.0,1.0,1.0
FW_TWAS_AS_rep_2,GCA_044227805.1,0.004143412819211906,X_VFA_deg,1.0,true,true,syntrophic_butyrate_oxidation,high,bcd;crt;etfA;etfB;fdhA;hbd;hydA;rnfB;thl,"",9,9,1.0,1.0,1.0
FW_TWAS_AS_rep_2,GCA_044227805.1,0.004143412819211906,X_Me_ac,0.0,false,true,acetoclastic_ack_pta,none,pta,mcrA;ackA;one_of(cdhC|cdhD|cdhE),1,8,0.1111111111111111,0.25,0.2
FW_TWAS_AS_rep_2,GCA_044227805.1,0.004143412819211906,X_Me_CO2,0.0,false,true,hydrogenotrophic_core,none,fwdA,mcrA;one_of(ftr);one_of(mch);one_of(mtd|mer),1,8,0.1111111111111111,0.2,0.16666666666666666
FW_TWAS_AS_rep_2,GCA_044227805.1,0.004143412819211906,X_et,0.7,true,true,ethanol_to_acetyl_coa,medium,acs;adh;adhE;pta,"",4,6,0.7,1.0,1.0
FW_TWAS_AS_rep_2,GCA_044227805.1,0.004143412819211906,X_lac,1.0,true,true,lactate_to_pyruvate,high,lctB;lctC;lctD;pfor;rnfB,"",5,5,1.0,1.0,1.0
FW_TWAS_AS_rep_2,GCA_937873755.1,0.004058853373921867,X_ch,1.0,true,true,starch_utilization,high,agl;cazy_GH13;susC;susD,"",4,4,1.0,1.0,1.0
FW_TWAS_AS_rep_2,GCA_937873755.1,0.004058853373921867,X_pr,0.6363636363636364,true,true,proteolysis_and_peptide_import,low,dtpT;endopeptidase;extracellular_protease;pepN,"",4,7,0.6363636363636364,1.0,1.0
FW_TWAS_AS_rep_2,GCA_937873755.1,0.004058853373921867,X_li,0.5833333333333334,true,true,lipolysis,low,acylglycerol_lipase;esterase;fadD;lysophospholipase,"",4,6,0.5833333333333334,1.0,1.0
FW_TWAS_AS_rep_2,GCA_937873755.1,0.004058853373921867,X_su,0.6484848484848486,false,true,pentose_fermentation,partial,adhE;gapA;pfor;pyk;xylA;xylB,one_of(xylF),6,8,0.7272727272727273,0.8333333333333334,1.0
FW_TWAS_AS_rep_2,GCA_937873755.1,0.004058853373921867,X_aa,0.8,true,true,general_amino_acid_catabolism,medium,dtpT;gdh;ilvE;pfor;tdcB,"",5,7,0.8,1.0,1.0
FW_TWAS_AS_rep_2,GCA_937873755.1,0.004058853373921867,X_fa,0.38628,false,true,lcfa_beta_oxidation,partial,etfA;etfB;fadD;fadE,fadB;fadA,4,6,0.6,0.6,0.8
FW_TWAS_AS_rep_2,GCA_937873755.1,0.004058853373921867,X_ac_et,0.0,false,true,ethanol_acetate_chain_initiation,none,ackA;acs;adh;adhE;bcd;etfA;etfB;pta,thl,8,12,0.6666666666666666,0.8571428571428571,1.0
FW_TWAS_AS_rep_2,GCA_937873755.1,0.004058853373921867,X_ac_lac,0.0,false,true,lactate_acetate_chain_initiation,none,ackA;acs;bcd;etfA;etfB;lctB;lctC;pfor;pta,thl;lctD,9,13,0.625,0.75,1.0
FW_TWAS_AS_rep_2,GCA_937873755.1,0.004058853373921867,X_chain_et,0.0,false,true,ethanol_reverse_beta_oxidation,none,adh;adhE;bcd;etfA;etfB,cat;one_of(thl);one_of(hbd);one_of(crt),5,10,0.5384615384615384,0.5555555555555556,0.625
FW_TWAS_AS_rep_2,GCA_937873755.1,0.004058853373921867,X_chain_lac,0.0,false,true,lactate_reverse_beta_oxidation,none,bcd;etfA;etfB;lctB;lctC;pfor,cat;lctD;one_of(thl);one_of(hbd);one_of(crt),6,11,0.5,0.5,0.6666666666666666
FW_TWAS_AS_rep_2,GCA_937873755.1,0.004058853373921867,X_VFA_deg,0.5459179687499999,false,true,syntrophic_propionate_mmc,partial,fdhA;fumB;hydA;mmcE;mmcF;mmcG;pfor,sucC;sucD;one_of(mdh),7,10,0.7857142857142857,0.625,0.875
FW_TWAS_AS_rep_2,GCA_937873755.1,0.004058853373921867,X_Me_ac,0.0,false,true,acetoclastic_ack_pta,none,ackA;pta,mcrA;one_of(cdhC|cdhD|cdhE),2,8,0.2222222222222222,0.5,0.4
FW_TWAS_AS_rep_2,GCA_937873755.1,0.004058853373921867,X_Me_CO2,0.0,false,true,hydrogenotrophic_core,none,"",mcrA;one_of(fwdA);one_of(ftr);one_of(mch);one_of(mtd|mer),0,8,0.0,0.0,0.0
FW_TWAS_AS_rep_2,GCA_937873755.1,0.004058853373921867,X_et,0.8,true,true,ethanol_to_acetyl_coa,medium,ackA;acs;adh;adhE;pta,"",5,6,0.8,1.0,1.0
FW_TWAS_AS_rep_2,GCA_937873755.1,0.004058853373921867,X_lac,0.4895833333333333,false,true,lactate_to_pyruvate,partial,lctB;lctC;pfor;rnfB,lctD,4,5,0.625,0.6666666666666666,1.0
FW_TWAS_AS_rep_2,GCA_027492415.1,0.0040024804103951745,X_ch,0.06508928571428572,false,true,starch_utilization,partial,susC,cazy_GH13,1,4,0.14285714285714285,0.5,0.5
FW_TWAS_AS_rep_2,GCA_027492415.1,0.0040024804103951745,X_pr,0.6470588235294118,true,true,peptide_scavenging,low,dppA;dppB;dppC;oppA;oppB;pepA;pepN;pepQ;pepT,"",9,13,0.6470588235294118,1.0,1.0
FW_TWAS_AS_rep_2,GCA_027492415.1,0.0040024804103951745,X_li,0.3333333333333333,false,true,lipolysis,partial,acylglycerol_lipase;fadD,"",2,6,0.3333333333333333,1.0,1.0
FW_TWAS_AS_rep_2,GCA_027492415.1,0.0040024804103951745,X_su,0.48636363636363633,false,true,hexose_fermentation,partial,adhE;gapA;pfkA;pfor;pgi;pyk,one_of(ptsG|glcP),6,9,0.5454545454545454,0.8333333333333334,1.0
FW_TWAS_AS_rep_2,GCA_027492415.1,0.0040024804103951745,X_aa,0.7,true,true,general_amino_acid_catabolism,medium,dppA;gdh;oppA;pfor;tdcB,"",5,7,0.7,1.0,1.0
FW_TWAS_AS_rep_2,GCA_027492415.1,0.0040024804103951745,X_fa,1.0,true,true,lcfa_beta_oxidation,high,etfA;etfB;fadA;fadB;fadD;fadE,"",6,6,1.0,1.0,1.0
FW_TWAS_AS_rep_2,GCA_027492415.1,0.0040024804103951745,X_ac_et,0.9333333333333333,true,true,ethanol_acetate_chain_initiation,high,acs;adh;adhE;aldh;bcd;crt;etfA;etfB;hbd;pta;thl,"",11,12,0.9333333333333333,1.0,1.0
FW_TWAS_AS_rep_2,GCA_027492415.1,0.0040024804103951745,X_ac_lac,0.0,false,true,lactate_acetate_chain_initiation,none,acs;bcd;crt;etfA;etfB;hbd;pfor;pta;thl,lctD;one_of(lctB|lctC),9,13,0.6875,0.75,1.0
FW_TWAS_AS_rep_2,GCA_027492415.1,0.0040024804103951745,X_chain_et,0.0,false,true,ethanol_reverse_beta_oxidation,none,adh;adhE;aldh;bcd;crt;etfA;etfB;hbd;thl,cat,9,10,0.8461538461538461,0.8888888888888888,1.0
FW_TWAS_AS_rep_2,GCA_027492415.1,0.0040024804103951745,X_chain_lac,0.0,false,true,lactate_reverse_beta_oxidation,none,bcd;crt;etfA;etfB;hbd;pfor;thl,cat;lctD;one_of(lctB|lctC),7,11,0.5714285714285714,0.7,0.7777777777777778
FW_TWAS_AS_rep_2,GCA_027492415.1,0.0040024804103951745,X_VFA_deg,1.0,true,true,syntrophic_butyrate_oxidation,high,bcd;crt;etfA;etfB;fdhA;hbd;hydA;rnfB;thl,"",9,9,1.0,1.0,1.0
FW_TWAS_AS_rep_2,GCA_027492415.1,0.0040024804103951745,X_Me_ac,0.0,false,true,acetoclastic_ack_pta,none,pta,mcrA;ackA;one_of(cdhC|cdhD|cdhE),1,8,0.1111111111111111,0.25,0.2
FW_TWAS_AS_rep_2,GCA_027492415.1,0.0040024804103951745,X_Me_CO2,0.0,false,true,hydrogenotrophic_core,none,"",mcrA;one_of(fwdA);one_of(ftr);one_of(mch);one_of(mtd|mer),0,8,0.0,0.0,0.0
FW_TWAS_AS_rep_2,GCA_027492415.1,0.0040024804103951745,X_et,0.9,true,true,ethanol_to_acetyl_coa,high,acs;adh;adhE;aldh;pta,"",5,6,0.9,1.0,1.0
FW_TWAS_AS_rep_2,GCA_027492415.1,0.0040024804103951745,X_lac,0.23010416666666667,false,true,lactate_to_pyruvate,partial,pfor;rnfB,lctD,2,5,0.375,0.6666666666666666,0.6666666666666666
FW_TWAS_AS_rep_2,GCA_937898325.1,0.003889734483341789,X_ch,0.8571428571428571,true,true,starch_utilization,medium,agl;cazy_GH13;susC,"",3,4,0.8571428571428571,1.0,1.0
FW_TWAS_AS_rep_2,GCA_937898325.1,0.003889734483341789,X_pr,0.7647058823529411,true,true,peptide_scavenging,medium,dppA;dppB;dppC;endopeptidase;oppA;oppB;pepA;pepD;pepQ;pepT,"",10,13,0.7647058823529411,1.0,1.0
FW_TWAS_AS_rep_2,GCA_937898325.1,0.003889734483341789,X_li,0.4166666666666667,true,true,lipolysis,low,acylglycerol_lipase;esterase;lysophospholipase,"",3,6,0.4166666666666667,1.0,1.0
FW_TWAS_AS_rep_2,GCA_937898325.1,0.003889734483341789,X_su,0.9090909090909091,true,true,pentose_fermentation,high,adhE;gapA;pfor;pyk;xylA;xylB;xylF,"",7,8,0.9090909090909091,1.0,1.0
FW_TWAS_AS_rep_2,GCA_937898325.1,0.003889734483341789,X_aa,1.0,true,true,glycine_stickland,high,grdA;grdB;oppA;oppB;pfor,"",5,5,1.0,1.0,1.0
FW_TWAS_AS_rep_2,GCA_937898325.1,0.003889734483341789,X_fa,0.2738,false,true,lcfa_beta_oxidation,partial,etfA;fadA;fadB,fadD;fadE,3,6,0.5,0.6,0.6
FW_TWAS_AS_rep_2,GCA_937898325.1,0.003889734483341789,X_ac_et,0.0,false,true,ethanol_acetate_chain_initiation,none,ackA;adh;adhE;crt;etfA;hbd;pta;thl,bcd;etfB,8,12,0.6666666666666666,0.7142857142857143,1.0
FW_TWAS_AS_rep_2,GCA_937898325.1,0.003889734483341789,X_ac_lac,0.0,false,true,lactate_acetate_chain_initiation,none,ackA;crt;etfA;hbd;pfor;pta;thl,bcd;etfB;lctD;one_of(lctB|lctC),7,13,0.5,0.5,0.7777777777777778
FW_TWAS_AS_rep_2,GCA_937898325.1,0.003889734483341789,X_chain_et,0.0,false,true,ethanol_reverse_beta_oxidation,none,adh;adhE;cat;crt;etfA;hbd;thl,bcd;etfB,7,10,0.6923076923076923,0.7777777777777778,0.875
FW_TWAS_AS_rep_2,GCA_937898325.1,0.003889734483341789,X_chain_lac,0.0,false,true,lactate_reverse_beta_oxidation,none,cat;crt;etfA;hbd;pfor;thl,bcd;etfB;lctD;one_of(lctB|lctC),6,11,0.5,0.6,0.6666666666666666
FW_TWAS_AS_rep_2,GCA_937898325.1,0.003889734483341789,X_VFA_deg,0.628125,false,true,syntrophic_butyrate_oxidation,partial,crt;etfA;fdhA;hbd;hydA;rnfB;thl,bcd;etfB,7,9,0.75,0.75,1.0
FW_TWAS_AS_rep_2,GCA_937898325.1,0.003889734483341789,X_Me_ac,0.0,false,true,acetoclastic_ack_pta,none,ackA;cdhC;pta,mcrA,3,8,0.3333333333333333,0.75,0.6
FW_TWAS_AS_rep_2,GCA_937898325.1,0.003889734483341789,X_Me_CO2,0.0,false,true,hydrogenotrophic_core,none,"",mcrA;one_of(fwdA);one_of(ftr);one_of(mch);one_of(mtd|mer),0,8,0.0,0.0,0.0
FW_TWAS_AS_rep_2,GCA_937898325.1,0.003889734483341789,X_et,0.7,true,true,ethanol_to_acetyl_coa,medium,ackA;adh;adhE;pta,"",4,6,0.7,1.0,1.0
FW_TWAS_AS_rep_2,GCA_937898325.1,0.003889734483341789,X_lac,0.23010416666666667,false,true,lactate_to_pyruvate,partial,pfor;rnfB,lctD,2,5,0.375,0.6666666666666666,0.6666666666666666
FW_TWAS_AS_rep_2,GCA_040766305.1,0.003776988556288404,X_ch,0.7142857142857143,true,true,starch_utilization,medium,agl;cazy_GH13,"",2,4,0.7142857142857143,1.0,1.0
FW_TWAS_AS_rep_2,GCA_040766305.1,0.003776988556288404,X_pr,0.7058823529411765,true,true,peptide_scavenging,medium,dppA;dppB;dppC;endopeptidase;oppA;oppB;pepD;pepQ;pepT,"",9,13,0.7058823529411765,1.0,1.0
FW_TWAS_AS_rep_2,GCA_040766305.1,0.003776988556288404,X_li,0.0759375,false,true,lipolysis,partial,fadD,one_of(lipase|lysophospholipase|acylglycerol_lipase|phospholipase),1,6,0.16666666666666666,0.5,0.5
FW_TWAS_AS_rep_2,GCA_040766305.1,0.003776988556288404,X_su,0.17361538461538462,false,true,entner_doudoroff,partial,adhE;edd;pfor,eda;one_of(ptsG|glcP);one_of(gapA|pyk),3,9,0.38461538461538464,0.4,0.6
FW_TWAS_AS_rep_2,GCA_040766305.1,0.003776988556288404,X_aa,0.7,true,true,general_amino_acid_catabolism,medium,dppA;gdh;oppA;pfor;tdcB,"",5,7,0.7,1.0,1.0
FW_TWAS_AS_rep_2,GCA_040766305.1,0.003776988556288404,X_fa,0.046079999999999996,false,true,lcfa_beta_oxidation,partial,fadD,fadE;fadB;fadA;one_of(etfA|etfB),1,6,0.2,0.2,0.2
FW_TWAS_AS_rep_2,GCA_040766305.1,0.003776988556288404,X_ac_et,0.0,false,true,ethanol_acetate_chain_initiation,none,acs;adhE,thl;bcd;etfA;etfB,2,12,0.2,0.42857142857142855,0.25
FW_TWAS_AS_rep_2,GCA_040766305.1,0.003776988556288404,X_ac_lac,0.0,false,true,lactate_acetate_chain_initiation,none,acs;lctB;lctC;pfor,thl;bcd;etfA;etfB;lctD,4,13,0.25,0.375,0.4444444444444444
FW_TWAS_AS_rep_2,GCA_040766305.1,0.003776988556288404,X_chain_et,0.0,false,true,ethanol_reverse_beta_oxidation,none,adhE,bcd;etfA;etfB;cat;one_of(thl);one_of(hbd);one_of(crt),1,10,0.15384615384615385,0.2222222222222222,0.125
FW_TWAS_AS_rep_2,GCA_040766305.1,0.003776988556288404,X_chain_lac,0.0,false,true,lactate_reverse_beta_oxidation,none,lctB;lctC;pfor,bcd;etfA;etfB;cat;lctD;one_of(thl);one_of(hbd);one_of(crt),3,11,0.21428571428571427,0.2,0.3333333333333333
FW_TWAS_AS_rep_2,GCA_040766305.1,0.003776988556288404,X_VFA_deg,0.14825892857142856,false,true,syntrophic_propionate_mmc,partial,fdhA;fumB;hydA;pfor,mmcE;mmcF;mmcG;sucC;sucD;one_of(mdh),4,10,0.42857142857142855,0.25,0.5
FW_TWAS_AS_rep_2,GCA_040766305.1,0.003776988556288404,X_Me_ac,0.0,false,true,acetoclastic_acs,none,acs;cdhC;mcrA;mcrB;mtrA,forbidden(mvhD);forbidden(mvhG),5,7,0.7777777777777778,1.0,1.0
FW_TWAS_AS_rep_2,GCA_040766305.1,0.003776988556288404,X_Me_CO2,0.0,false,true,hydrogenotrophic_core,none,fwdA;mch;mcrA;mcrB;mer;mtd;mtrA,one_of(ftr),7,8,0.8888888888888888,0.8,1.0
FW_TWAS_AS_rep_2,GCA_040766305.1,0.003776988556288404,X_et,0.31333333333333335,false,true,ethanol_to_acetyl_coa,partial,acs;adhE,"",2,6,0.4,1.0,0.6666666666666666
FW_TWAS_AS_rep_2,GCA_040766305.1,0.003776988556288404,X_lac,0.4895833333333333,false,true,lactate_to_pyruvate,partial,lctB;lctC;pfor;rnfB,lctD,4,5,0.625,0.6666666666666666,1.0
FW_TWAS_AS_rep_2,GCA_031972215.1,0.003776988556288404,X_ch,0.040138888888888884,false,true,cellulose_utilization,partial,bgl,one_of(cazy_GH5|cazy_GH9|cazy_GH48);one_of(cazy_CBM3|cazy_GH48),1,5,0.125,0.3333333333333333,0.3333333333333333
FW_TWAS_AS_rep_2,GCA_031972215.1,0.003776988556288404,X_pr,0.27647058823529413,false,true,peptide_scavenging,partial,dppA;oppA;pepN;pepQ,one_of(oppB|dppB|dppC|dtpT),4,13,0.35294117647058826,0.6666666666666666,1.0
FW_TWAS_AS_rep_2,GCA_031972215.1,0.003776988556288404,X_li,0.0759375,false,true,lipolysis,partial,acylglycerol_lipase,one_of(fadD|esterase),1,6,0.16666666666666666,0.5,0.5
FW_TWAS_AS_rep_2,GCA_031972215.1,0.003776988556288404,X_su,0.05838383838383838,false,true,hexose_fermentation,partial,gapA;pyk,pgi;pfkA;one_of(ptsG|glcP);one_of(pfor|adhE|lctD),2,9,0.18181818181818182,0.3333333333333333,0.3333333333333333
FW_TWAS_AS_rep_2,GCA_031972215.1,0.003776988556288404,X_aa,0.31333333333333335,false,true,general_amino_acid_catabolism,partial,dppA;oppA;tdcB,one_of(pfor),3,7,0.4,0.6666666666666666,1.0
FW_TWAS_AS_rep_2,GCA_031972215.1,0.003776988556288404,X_fa,0.0,false,true,lcfa_beta_oxidation,none,"",fadD;fadE;fadB;fadA;one_of(etfA|etfB),0,6,0.0,0.0,0.0
FW_TWAS_AS_rep_2,GCA_031972215.1,0.003776988556288404,X_ac_et,0.0,false,true,ethanol_acetate_chain_initiation,none,ackA;crt,thl;bcd;etfA;etfB;one_of(adhE|adh);one_of(adhE|aldh),2,12,0.13333333333333333,0.14285714285714285,0.25
FW_TWAS_AS_rep_2,GCA_031972215.1,0.003776988556288404,X_ac_lac,0.0,false,true,lactate_acetate_chain_initiation,none,ackA;crt,thl;bcd;etfA;etfB;lctD;one_of(lctB|lctC);one_of(pfor),2,13,0.125,0.125,0.2222222222222222
FW_TWAS_AS_rep_2,GCA_031972215.1,0.003776988556288404,X_chain_et,0.0,false,true,ethanol_reverse_beta_oxidation,none,crt,bcd;etfA;etfB;cat;one_of(thl);one_of(hbd);one_of(adhE|adh);one_of(adhE|aldh),1,10,0.07692307692307693,0.1111111111111111,0.125
FW_TWAS_AS_rep_2,GCA_031972215.1,0.003776988556288404,X_chain_lac,0.0,false,true,lactate_reverse_beta_oxidation,none,crt,bcd;etfA;etfB;cat;lctD;one_of(thl);one_of(hbd);one_of(lctB|lctC);one_of(pfor),1,11,0.07142857142857142,0.1,0.1111111111111111
FW_TWAS_AS_rep_2,GCA_031972215.1,0.003776988556288404,X_VFA_deg,0.01591517857142857,false,true,syntrophic_butyrate_oxidation,partial,crt,bcd;etfA;etfB;one_of(thl);one_of(hbd);one_of(hydA|fdhA);one_of(rnfB),1,9,0.08333333333333333,0.125,0.14285714285714285
FW_TWAS_AS_rep_2,GCA_031972215.1,0.003776988556288404,X_Me_ac,0.0,false,true,acetoclastic_ack_pta,none,ackA,mcrA;pta;one_of(cdhC|cdhD|cdhE),1,8,0.1111111111111111,0.25,0.2
FW_TWAS_AS_rep_2,GCA_031972215.1,0.003776988556288404,X_Me_CO2,0.0,false,true,hydrogenotrophic_core,none,"",mcrA;one_of(fwdA);one_of(ftr);one_of(mch);one_of(mtd|mer),0,8,0.0,0.0,0.0
FW_TWAS_AS_rep_2,GCA_031972215.1,0.003776988556288404,X_et,0.03211111111111111,false,true,ethanol_to_acetyl_coa,partial,ackA,one_of(adhE|adh);one_of(adhE|aldh),1,6,0.1,0.3333333333333333,0.3333333333333333
FW_TWAS_AS_rep_2,GCA_031972215.1,0.003776988556288404,X_lac,0.0,false,true,lactate_to_pyruvate,none,"",lctD;pfor;one_of(lctB|lctC|rnfB),0,5,0.0,0.0,0.0
FW_TWAS_AS_rep_2,GCA_044238845.1,0.00357968318394498,X_ch,0.06508928571428572,false,true,starch_utilization,partial,susC,cazy_GH13,1,4,0.14285714285714285,0.5,0.5
FW_TWAS_AS_rep_2,GCA_044238845.1,0.00357968318394498,X_pr,1.0,true,true,peptide_scavenging,high,dppA;dppB;dppC;dtpT;endopeptidase;oppA;oppB;pepA;pepD;pepN;pepO;pepQ;pepT,"",13,13,1.0,1.0,1.0
FW_TWAS_AS_rep_2,GCA_044238845.1,0.00357968318394498,X_li,0.5833333333333334,true,true,lipolysis,low,acylglycerol_lipase;esterase;fadD;lysophospholipase,"",4,6,0.5833333333333334,1.0,1.0
FW_TWAS_AS_rep_2,GCA_044238845.1,0.00357968318394498,X_su,0.2971384615384616,false,true,entner_doudoroff,partial,adhE;edd;gapA;pyk,eda;one_of(ptsG|glcP),4,9,0.46153846153846156,0.6,0.8
FW_TWAS_AS_rep_2,GCA_044238845.1,0.00357968318394498,X_aa,0.705,false,true,general_amino_acid_catabolism,partial,dppA;dtpT;gdh;ilvE;oppA;tdcB,one_of(pfor),6,7,0.9,0.6666666666666666,1.0
FW_TWAS_AS_rep_2,GCA_044238845.1,0.00357968318394498,X_fa,0.9,true,true,lcfa_beta_oxidation,high,etfA;fadA;fadB;fadD;fadE,"",5,6,0.9,1.0,1.0
FW_TWAS_AS_rep_2,GCA_044238845.1,0.00357968318394498,X_ac_et,0.0,false,true,ethanol_acetate_chain_initiation,none,acs;adh;adhE;aldh;bcd;crt;etfA;hbd;pta;thl,etfB,10,12,0.8666666666666667,0.8571428571428571,1.0
FW_TWAS_AS_rep_2,GCA_044238845.1,0.00357968318394498,X_ac_lac,0.0,false,true,lactate_acetate_chain_initiation,none,acs;bcd;crt;etfA;hbd;pta;thl,etfB;lctD;one_of(lctB|lctC);one_of(pfor),7,13,0.5625,0.5,0.7777777777777778
FW_TWAS_AS_rep_2,GCA_044238845.1,0.00357968318394498,X_chain_et,0.0,false,true,ethanol_reverse_beta_oxidation,none,adh;adhE;aldh;bcd;cat;crt;etfA;hbd;thl,etfB,9,10,0.9230769230769231,0.8888888888888888,1.0
FW_TWAS_AS_rep_2,GCA_044238845.1,0.00357968318394498,X_chain_lac,0.0,false,true,lactate_reverse_beta_oxidation,none,bcd;cat;crt;etfA;hbd;thl,etfB;lctD;one_of(lctB|lctC);one_of(pfor),6,11,0.5714285714285714,0.6,0.6666666666666666
FW_TWAS_AS_rep_2,GCA_044238845.1,0.00357968318394498,X_VFA_deg,0.7874999999999999,false,true,syntrophic_propionate_mmc,partial,fdhA;hydA;mdh;mmcE;mmcF;mmcG;sucC;sucD,one_of(fumB),8,10,0.8571428571428571,0.875,1.0
FW_TWAS_AS_rep_2,GCA_044238845.1,0.00357968318394498,X_Me_ac,0.0,false,true,acetoclastic_ack_pta,none,pta,mcrA;ackA;one_of(cdhC|cdhD|cdhE),1,8,0.1111111111111111,0.25,0.2
FW_TWAS_AS_rep_2,GCA_044238845.1,0.00357968318394498,X_Me_CO2,0.0,false,true,hydrogenotrophic_core,none,"",mcrA;one_of(fwdA);one_of(ftr);one_of(mch);one_of(mtd|mer),0,8,0.0,0.0,0.0
FW_TWAS_AS_rep_2,GCA_044238845.1,0.00357968318394498,X_et,0.9,true,true,ethanol_to_acetyl_coa,high,acs;adh;adhE;aldh;pta,"",5,6,0.9,1.0,1.0
FW_TWAS_AS_rep_2,GCA_044238845.1,0.00357968318394498,X_lac,0.0,false,true,lactate_to_pyruvate,none,"",lctD;pfor;one_of(lctB|lctC|rnfB),0,5,0.0,0.0,0.0
FW_TWAS_AS_rep_2,GCA_963839515.1,0.0034387507751282484,X_ch,0.7142857142857143,true,true,starch_utilization,medium,agl;cazy_GH13,"",2,4,0.7142857142857143,1.0,1.0
FW_TWAS_AS_rep_2,GCA_963839515.1,0.0034387507751282484,X_pr,0.9411764705882353,true,true,peptide_scavenging,high,dppA;dppB;dppC;dtpT;endopeptidase;oppA;oppB;pepA;pepD;pepN;pepQ;pepT,"",12,13,0.9411764705882353,1.0,1.0
FW_TWAS_AS_rep_2,GCA_963839515.1,0.0034387507751282484,X_li,0.8333333333333334,true,true,lipolysis,medium,acylglycerol_lipase;esterase;fadD;lipase;lysophospholipase,"",5,6,0.8333333333333334,1.0,1.0
FW_TWAS_AS_rep_2,GCA_963839515.1,0.0034387507751282484,X_su,0.9230769230769231,true,true,entner_doudoroff,high,adhE;eda;edd;gapA;glcP;lctD;pfor;pyk,"",8,9,0.9230769230769231,1.0,1.0
FW_TWAS_AS_rep_2,GCA_963839515.1,0.0034387507751282484,X_aa,1.0,true,true,general_amino_acid_catabolism,high,dppA;dtpT;gdh;ilvE;oppA;pfor;tdcB,"",7,7,1.0,1.0,1.0
FW_TWAS_AS_rep_2,GCA_963839515.1,0.0034387507751282484,X_fa,1.0,true,true,lcfa_beta_oxidation,high,etfA;etfB;fadA;fadB;fadD;fadE,"",6,6,1.0,1.0,1.0
FW_TWAS_AS_rep_2,GCA_963839515.1,0.0034387507751282484,X_ac_et,0.8666666666666667,true,true,ethanol_acetate_chain_initiation,medium,acs;adh;adhE;bcd;crt;etfA;etfB;hbd;pta;thl,"",10,12,0.8666666666666667,1.0,1.0
FW_TWAS_AS_rep_2,GCA_963839515.1,0.0034387507751282484,X_ac_lac,0.9375,true,true,lactate_acetate_chain_initiation,high,acs;bcd;crt;etfA;etfB;hbd;lctB;lctC;lctD;pfor;pta;thl,"",12,13,0.9375,1.0,1.0
FW_TWAS_AS_rep_2,GCA_963839515.1,0.0034387507751282484,X_chain_et,0.9230769230769231,true,true,ethanol_reverse_beta_oxidation,high,adh;adhE;bcd;cat;crt;etfA;etfB;hbd;thl,"",9,10,0.9230769230769231,1.0,1.0
FW_TWAS_AS_rep_2,GCA_963839515.1,0.0034387507751282484,X_chain_lac,1.0,true,true,lactate_reverse_beta_oxidation,high,bcd;cat;crt;etfA;etfB;hbd;lctB;lctC;lctD;pfor;thl,"",11,11,1.0,1.0,1.0
FW_TWAS_AS_rep_2,GCA_963839515.1,0.0034387507751282484,X_VFA_deg,1.0,true,true,syntrophic_butyrate_oxidation,high,bcd;crt;etfA;etfB;fdhA;hbd;hydA;rnfB;thl,"",9,9,1.0,1.0,1.0
FW_TWAS_AS_rep_2,GCA_963839515.1,0.0034387507751282484,X_Me_ac,0.0,false,true,acetoclastic_ack_pta,none,cdhC;cdhD;pta,mcrA;ackA,3,8,0.3333333333333333,0.5,0.6
FW_TWAS_AS_rep_2,GCA_963839515.1,0.0034387507751282484,X_Me_CO2,0.0,false,true,hydrogenotrophic_core,none,mch;mer,mcrA;one_of(fwdA);one_of(ftr),2,8,0.2222222222222222,0.4,0.3333333333333333
FW_TWAS_AS_rep_2,GCA_963839515.1,0.0034387507751282484,X_et,0.7,true,true,ethanol_to_acetyl_coa,medium,acs;adh;adhE;pta,"",4,6,0.7,1.0,1.0
FW_TWAS_AS_rep_2,GCA_963839515.1,0.0034387507751282484,X_lac,1.0,true,true,lactate_to_pyruvate,high,lctB;lctC;lctD;pfor;rnfB,"",5,5,1.0,1.0,1.0
FW_TWAS_AS_rep_2,GCA_963695105.1,0.003213258921021478,X_ch,0.7142857142857143,true,true,starch_utilization,medium,agl;cazy_GH13,"",2,4,0.7142857142857143,1.0,1.0
FW_TWAS_AS_rep_2,GCA_963695105.1,0.003213258921021478,X_pr,0.6470588235294118,true,true,peptide_scavenging,low,dppA;dppB;dppC;endopeptidase;oppA;oppB;pepA;pepQ,"",8,13,0.6470588235294118,1.0,1.0
FW_TWAS_AS_rep_2,GCA_963695105.1,0.003213258921021478,X_li,0.75,true,true,lipolysis,medium,acylglycerol_lipase;fadD;lipase;lysophospholipase,"",4,6,0.75,1.0,1.0
FW_TWAS_AS_rep_2,GCA_963695105.1,0.003213258921021478,X_su,0.6484848484848486,false,true,hexose_fermentation,partial,adhE;lctD;pfkA;pfor;pgi;ptsG;pyk,gapA,7,9,0.7272727272727273,0.8333333333333334,1.0
FW_TWAS_AS_rep_2,GCA_963695105.1,0.003213258921021478,X_aa,0.7,true,true,general_amino_acid_catabolism,medium,dppA;gdh;oppA;pfor;tdcB,"",5,7,0.7,1.0,1.0
FW_TWAS_AS_rep_2,GCA_963695105.1,0.003213258921021478,X_fa,1.0,true,true,lcfa_beta_oxidation,high,etfA;etfB;fadA;fadB;fadD;fadE,"",6,6,1.0,1.0,1.0
FW_TWAS_AS_rep_2,GCA_963695105.1,0.003213258921021478,X_ac_et,0.9333333333333333,true,true,ethanol_acetate_chain_initiation,high,ackA;acs;adh;adhE;bcd;crt;etfA;etfB;hbd;pta;thl,"",11,12,0.9333333333333333,1.0,1.0
FW_TWAS_AS_rep_2,GCA_963695105.1,0.003213258921021478,X_ac_lac,1.0,true,true,lactate_acetate_chain_initiation,high,ackA;acs;bcd;crt;etfA;etfB;hbd;lctB;lctC;lctD;pfor;pta;thl,"",13,13,1.0,1.0,1.0
FW_TWAS_AS_rep_2,GCA_963695105.1,0.003213258921021478,X_chain_et,0.9230769230769231,true,true,ethanol_reverse_beta_oxidation,high,adh;adhE;bcd;cat;crt;etfA;etfB;hbd;thl,"",9,10,0.9230769230769231,1.0,1.0
FW_TWAS_AS_rep_2,GCA_963695105.1,0.003213258921021478,X_chain_lac,1.0,true,true,lactate_reverse_beta_oxidation,high,bcd;cat;crt;etfA;etfB;hbd;lctB;lctC;lctD;pfor;thl,"",11,11,1.0,1.0,1.0
FW_TWAS_AS_rep_2,GCA_963695105.1,0.003213258921021478,X_VFA_deg,1.0,true,true,syntrophic_propionate_mmc,high,fdhA;fumB;hydA;mdh;mmcE;mmcF;mmcG;pfor;sucC;sucD,"",10,10,1.0,1.0,1.0
FW_TWAS_AS_rep_2,GCA_963695105.1,0.003213258921021478,X_Me_ac,0.0,false,true,acetoclastic_ack_pta,none,ackA;cdhC;pta,mcrA,3,8,0.3333333333333333,0.75,0.6
FW_TWAS_AS_rep_2,GCA_963695105.1,0.003213258921021478,X_Me_CO2,0.0,false,true,hydrogenotrophic_core,none,fwdA,mcrA;one_of(ftr);one_of(mch);one_of(mtd|mer),1,8,0.1111111111111111,0.2,0.16666666666666666
FW_TWAS_AS_rep_2,GCA_963695105.1,0.003213258921021478,X_et,0.8,true,true,ethanol_to_acetyl_coa,medium,ackA;acs;adh;adhE;pta,"",5,6,0.8,1.0,1.0
FW_TWAS_AS_rep_2,GCA_963695105.1,0.003213258921021478,X_lac,1.0,true,true,lactate_to_pyruvate,high,lctB;lctC;lctD;pfor;rnfB,"",5,5,1.0,1.0,1.0
FW_TWAS_AS_rep_2,GCA_035352255.1,0.003100512993968093,X_ch,0.7142857142857143,true,true,starch_utilization,medium,agl;cazy_GH13,"",2,4,0.7142857142857143,1.0,1.0
FW_TWAS_AS_rep_2,GCA_035352255.1,0.003100512993968093,X_pr,0.7647058823529411,true,true,peptide_scavenging,medium,dppA;dppB;dppC;dtpT;oppA;oppB;pepA;pepN;pepQ;pepT,"",10,13,0.7647058823529411,1.0,1.0
FW_TWAS_AS_rep_2,GCA_035352255.1,0.003100512993968093,X_li,0.03796875,false,true,lipolysis,partial,esterase,one_of(lipase|lysophospholipase|acylglycerol_lipase|phospholipase),1,6,0.08333333333333333,0.5,0.5
FW_TWAS_AS_rep_2,GCA_035352255.1,0.003100512993968093,X_su,0.7295454545454546,false,true,pentose_fermentation,partial,adhE;gapA;pfor;xylA;xylB;xylF,pyk,6,8,0.8181818181818182,0.8333333333333334,1.0
FW_TWAS_AS_rep_2,GCA_035352255.1,0.003100512993968093,X_aa,1.0,true,true,general_amino_acid_catabolism,high,dppA;dtpT;gdh;ilvE;oppA;pfor;tdcB,"",7,7,1.0,1.0,1.0
FW_TWAS_AS_rep_2,GCA_035352255.1,0.003100512993968093,X_fa,0.05856,false,true,lcfa_beta_oxidation,partial,etfA;etfB,fadD;fadE;fadB;fadA,2,6,0.2,0.2,0.4
FW_TWAS_AS_rep_2,GCA_035352255.1,0.003100512993968093,X_ac_et,0.0,false,true,ethanol_acetate_chain_initiation,none,ackA;acs;adhE;etfA;etfB;thl,bcd,6,12,0.5333333333333333,0.8571428571428571,0.75
FW_TWAS_AS_rep_2,GCA_035352255.1,0.003100512993968093,X_ac_lac,0.0,false,true,lactate_acetate_chain_initiation,none,ackA;acs;etfA;etfB;pfor;thl,bcd;lctD;one_of(lctB|lctC),6,13,0.4375,0.625,0.6666666666666666
FW_TWAS_AS_rep_2,GCA_035352255.1,0.003100512993968093,X_chain_et,0.0,false,true,ethanol_reverse_beta_oxidation,none,adhE;etfA;etfB;thl,bcd;cat;one_of(hbd);one_of(crt),4,10,0.38461538461538464,0.5555555555555556,0.5
FW_TWAS_AS_rep_2,GCA_035352255.1,0.003100512993968093,X_chain_lac,0.0,false,true,lactate_reverse_beta_oxidation,none,etfA;etfB;pfor;thl,bcd;cat;lctD;one_of(hbd);one_of(crt);one_of(lctB|lctC),4,11,0.2857142857142857,0.4,0.4444444444444444
FW_TWAS_AS_rep_2,GCA_035352255.1,0.003100512993968093,X_VFA_deg,0.45735119047619044,false,true,syntrophic_butyrate_oxidation,partial,etfA;etfB;fdhA;hydA;rnfB;thl,bcd;one_of(hbd);one_of(crt),6,9,0.6666666666666666,0.625,0.8571428571428571
FW_TWAS_AS_rep_2,GCA_035352255.1,0.003100512993968093,X_Me_ac,0.0,false,true,acetoclastic_ack_pta,none,ackA,mcrA;pta;one_of(cdhC|cdhD|cdhE),1,8,0.1111111111111111,0.25,0.2
FW_TWAS_AS_rep_2,GCA_035352255.1,0.003100512993968093,X_Me_CO2,0.0,false,true,hydrogenotrophic_core,none,fwdA,mcrA;one_of(ftr);one_of(mch);one_of(mtd|mer),1,8,0.1111111111111111,0.2,0.16666666666666666
FW_TWAS_AS_rep_2,GCA_035352255.1,0.003100512993968093,X_et,0.5,true,true,ethanol_to_acetyl_coa,low,ackA;acs;adhE,"",3,6,0.5,1.0,1.0
FW_TWAS_AS_rep_2,GCA_035352255.1,0.003100512993968093,X_lac,0.23010416666666667,false,true,lactate_to_pyruvate,partial,pfor;rnfB,lctD,2,5,0.375,0.6666666666666666,0.6666666666666666
FW_TWAS_AS_rep_2,GCA_005518185.1,0.003100512993968093,X_ch,0.8571428571428571,true,true,starch_utilization,medium,agl;cazy_GH13;susC,"",3,4,0.8571428571428571,1.0,1.0
FW_TWAS_AS_rep_2,GCA_005518185.1,0.003100512993968093,X_pr,0.7272727272727273,true,true,proteolysis_and_peptide_import,medium,dtpT;extracellular_protease;oppA;pepN;pepO,"",5,7,0.7272727272727273,1.0,1.0
FW_TWAS_AS_rep_2,GCA_005518185.1,0.003100512993968093,X_li,0.5833333333333334,true,true,lipolysis,low,acylglycerol_lipase;esterase;fadD;lysophospholipase,"",4,6,0.5833333333333334,1.0,1.0
FW_TWAS_AS_rep_2,GCA_005518185.1,0.003100512993968093,X_su,0.6023076923076923,false,true,entner_doudoroff,partial,adhE;eda;edd;gapA;pyk,one_of(ptsG|glcP),5,9,0.6923076923076923,0.8,1.0
FW_TWAS_AS_rep_2,GCA_005518185.1,0.003100512993968093,X_aa,0.705,false,true,general_amino_acid_catabolism,partial,dppA;dtpT;gdh;ilvE;oppA;tdcB,one_of(pfor),6,7,0.9,0.6666666666666666,1.0
FW_TWAS_AS_rep_2,GCA_005518185.1,0.003100512993968093,X_fa,1.0,true,true,lcfa_beta_oxidation,high,etfA;etfB;fadA;fadB;fadD;fadE,"",6,6,1.0,1.0,1.0
FW_TWAS_AS_rep_2,GCA_005518185.1,0.003100512993968093,X_ac_et,0.9333333333333333,true,true,ethanol_acetate_chain_initiation,high,acs;adh;adhE;aldh;bcd;crt;etfA;etfB;hbd;pta;thl,"",11,12,0.9333333333333333,1.0,1.0
FW_TWAS_AS_rep_2,GCA_005518185.1,0.003100512993968093,X_ac_lac,0.0,false,true,lactate_acetate_chain_initiation,none,acs;bcd;crt;etfA;etfB;hbd;pta;thl,lctD;one_of(lctB|lctC);one_of(pfor),8,13,0.625,0.625,0.8888888888888888
FW_TWAS_AS_rep_2,GCA_005518185.1,0.003100512993968093,X_chain_et,1.0,true,true,ethanol_reverse_beta_oxidation,high,adh;adhE;aldh;bcd;cat;crt;etfA;etfB;hbd;thl,"",10,10,1.0,1.0,1.0
FW_TWAS_AS_rep_2,GCA_005518185.1,0.003100512993968093,X_chain_lac,0.0,false,true,lactate_reverse_beta_oxidation,none,bcd;cat;crt;etfA;etfB;hbd;thl,lctD;one_of(lctB|lctC);one_of(pfor),7,11,0.6428571428571429,0.7,0.7777777777777778
FW_TWAS_AS_rep_2,GCA_005518185.1,0.003100512993968093,X_VFA_deg,0.9285714285714286,true,true,syntrophic_propionate_mmc,high,fdhA;fumB;hydA;mdh;mmcE;mmcF;mmcG;sucC;sucD,"",9,10,0.9285714285714286,1.0,1.0
FW_TWAS_AS_rep_2,GCA_005518185.1,0.003100512993968093,X_Me_ac,0.0,false,true,acetoclastic_ack_pta,none,pta,mcrA;ackA;one_of(cdhC|cdhD|cdhE),1,8,0.1111111111111111,0.25,0.2
FW_TWAS_AS_rep_2,GCA_005518185.1,0.003100512993968093,X_Me_CO2,0.0,false,true,hydrogenotrophic_core,none,mer,mcrA;one_of(fwdA);one_of(ftr);one_of(mch),1,8,0.1111111111111111,0.2,0.16666666666666666
FW_TWAS_AS_rep_2,GCA_005518185.1,0.003100512993968093,X_et,0.9,true,true,ethanol_to_acetyl_coa,high,acs;adh;adhE;aldh;pta,"",5,6,0.9,1.0,1.0
FW_TWAS_AS_rep_2,GCA_005518185.1,0.003100512993968093,X_lac,0.0,false,true,lactate_to_pyruvate,none,"",lctD;pfor;one_of(lctB|lctC|rnfB),0,5,0.0,0.0,0.0
FW_TWAS_AS_rep_2,GCA_963814475.1,0.003015953548678054,X_ch,0.06508928571428572,false,true,starch_utilization,partial,susC,cazy_GH13,1,4,0.14285714285714285,0.5,0.5
FW_TWAS_AS_rep_2,GCA_963814475.1,0.003015953548678054,X_pr,1.0,true,true,proteolysis_and_peptide_import,high,dtpT;endopeptidase;extracellular_protease;oppA;oppB;pepN;pepO,"",7,7,1.0,1.0,1.0
FW_TWAS_AS_rep_2,GCA_963814475.1,0.003015953548678054,X_li,0.6666666666666666,true,true,lipolysis,low,acylglycerol_lipase;fadD;lysophospholipase;phospholipase,"",4,6,0.6666666666666666,1.0,1.0
FW_TWAS_AS_rep_2,GCA_963814475.1,0.003015953548678054,X_su,0.12426136363636364,false,true,hexose_fermentation,partial,pfkA;pfor;pyk,pgi;gapA;one_of(ptsG|glcP),3,9,0.2727272727272727,0.5,0.5
FW_TWAS_AS_rep_2,GCA_963814475.1,0.003015953548678054,X_aa,0.8,true,true,general_amino_acid_catabolism,medium,dppA;dtpT;gdh;oppA;pfor;tdcB,"",6,7,0.8,1.0,1.0
FW_TWAS_AS_rep_2,GCA_963814475.1,0.003015953548678054,X_fa,1.0,true,true,lcfa_beta_oxidation,high,etfA;etfB;fadA;fadB;fadD;fadE,"",6,6,1.0,1.0,1.0
FW_TWAS_AS_rep_2,GCA_963814475.1,0.003015953548678054,X_ac_et,0.0,false,true,ethanol_acetate_chain_initiation,none,acs;adh;bcd;crt;etfA;etfB;hbd;thl,one_of(adhE|aldh),8,12,0.6666666666666666,0.8571428571428571,1.0
FW_TWAS_AS_rep_2,GCA_963814475.1,0.003015953548678054,X_ac_lac,0.0,false,true,lactate_acetate_chain_initiation,none,acs;bcd;crt;etfA;etfB;hbd;lctB;lctC;pfor;thl,lctD,10,13,0.75,0.875,1.0
FW_TWAS_AS_rep_2,GCA_963814475.1,0.003015953548678054,X_chain_et,0.0,false,true,ethanol_reverse_beta_oxidation,none,adh;bcd;cat;crt;etfA;etfB;hbd;thl,one_of(adhE|aldh),8,10,0.7692307692307693,0.8888888888888888,1.0
FW_TWAS_AS_rep_2,GCA_963814475.1,0.003015953548678054,X_chain_lac,0.0,false,true,lactate_reverse_beta_oxidation,none,bcd;cat;crt;etfA;etfB;hbd;lctB;lctC;pfor;thl,lctD,10,11,0.8571428571428571,0.9,1.0
FW_TWAS_AS_rep_2,GCA_963814475.1,0.003015953548678054,X_VFA_deg,0.7218749999999999,false,true,syntrophic_propionate_mmc,partial,hydA;mdh;mmcE;mmcF;mmcG;pfor;sucC;sucD,one_of(fumB),8,10,0.7857142857142857,0.875,1.0
FW_TWAS_AS_rep_2,GCA_963814475.1,0.003015953548678054,X_Me_ac,0.0,false,true,acetoclastic_acs,none,acs,forbidden(mvhG);mcrA;one_of(cdhC|cdhD|cdhE),1,7,0.2222222222222222,0.3333333333333333,0.25
FW_TWAS_AS_rep_2,GCA_963814475.1,0.003015953548678054,X_Me_CO2,0.0,false,true,hydrogenotrophic_core,none,"",mcrA;one_of(fwdA);one_of(ftr);one_of(mch);one_of(mtd|mer),0,8,0.0,0.0,0.0
FW_TWAS_AS_rep_2,GCA_963814475.1,0.003015953548678054,X_et,0.18408333333333332,false,true,ethanol_to_acetyl_coa,partial,acs;adh,one_of(adhE|aldh),2,6,0.3,0.6666666666666666,0.6666666666666666
FW_TWAS_AS_rep_2,GCA_963814475.1,0.003015953548678054,X_lac,0.39166666666666666,false,true,lactate_to_pyruvate,partial,lctB;lctC;pfor,lctD,3,5,0.5,0.6666666666666666,1.0
FW_TWAS_AS_rep_2,GCA_041910895.1,0.004171599300975252,X_ch,0.06508928571428572,false,true,starch_utilization,partial,susC,cazy_GH13,1,4,0.14285714285714285,0.5,0.5
FW_TWAS_AS_rep_2,GCA_041910895.1,0.004171599300975252,X_pr,0.6470588235294118,true,true,peptide_scavenging,low,dppA;dtpT;endopeptidase;oppA;pepA;pepN;pepQ,"",7,13,0.6470588235294118,1.0,1.0
FW_TWAS_AS_rep_2,GCA_041910895.1,0.004171599300975252,X_li,0.75,true,true,lipolysis,medium,acylglycerol_lipase;fadD;lipase;lysophospholipase,"",4,6,0.75,1.0,1.0
FW_TWAS_AS_rep_2,GCA_041910895.1,0.004171599300975252,X_su,0.7692307692307693,true,true,entner_doudoroff,medium,adhE;eda;edd;gapA;glcP;pyk,"",6,9,0.7692307692307693,1.0,1.0
FW_TWAS_AS_rep_2,GCA_041910895.1,0.004171599300975252,X_aa,0.705,false,true,general_amino_acid_catabolism,partial,dppA;dtpT;gdh;ilvE;oppA;tdcB,one_of(pfor),6,7,0.9,0.6666666666666666,1.0
FW_TWAS_AS_rep_2,GCA_041910895.1,0.004171599300975252,X_fa,1.0,true,true,lcfa_beta_oxidation,high,etfA;etfB;fadA;fadB;fadD;fadE,"",6,6,1.0,1.0,1.0
FW_TWAS_AS_rep_2,GCA_041910895.1,0.004171599300975252,X_ac_et,0.9333333333333333,true,true,ethanol_acetate_chain_initiation,high,ackA;acs;adh;adhE;aldh;bcd;crt;etfA;etfB;hbd;thl,"",11,12,0.9333333333333333,1.0,1.0
FW_TWAS_AS_rep_2,GCA_041910895.1,0.004171599300975252,X_ac_lac,0.0,false,true,lactate_acetate_chain_initiation,none,ackA;acs;bcd;crt;etfA;etfB;hbd;thl,lctD;one_of(lctB|lctC);one_of(pfor),8,13,0.625,0.625,0.8888888888888888
FW_TWAS_AS_rep_2,GCA_041910895.1,0.004171599300975252,X_chain_et,1.0,true,true,ethanol_reverse_beta_oxidation,high,adh;adhE;aldh;bcd;cat;crt;etfA;etfB;hbd;thl,"",10,10,1.0,1.0,1.0
FW_TWAS_AS_rep_2,GCA_041910895.1,0.004171599300975252,X_chain_lac,0.0,false,true,lactate_reverse_beta_oxidation,none,bcd;cat;crt;etfA;etfB;hbd;thl,lctD;one_of(lctB|lctC);one_of(pfor),7,11,0.6428571428571429,0.7,0.7777777777777778
FW_TWAS_AS_rep_2,GCA_041910895.1,0.004171599300975252,X_VFA_deg,1.0,true,true,syntrophic_butyrate_oxidation,high,bcd;crt;etfA;etfB;fdhA;hbd;hydA;rnfB;thl,"",9,9,1.0,1.0,1.0
FW_TWAS_AS_rep_2,GCA_041910895.1,0.004171599300975252,X_Me_ac,0.0,false,true,acetoclastic_ack_pta,none,ackA,mcrA;pta;one_of(cdhC|cdhD|cdhE),1,8,0.1111111111111111,0.25,0.2
FW_TWAS_AS_rep_2,GCA_041910895.1,0.004171599300975252,X_Me_CO2,0.0,false,true,hydrogenotrophic_core,none,mer,mcrA;one_of(fwdA);one_of(ftr);one_of(mch),1,8,0.1111111111111111,0.2,0.16666666666666666
FW_TWAS_AS_rep_2,GCA_041910895.1,0.004171599300975252,X_et,0.9,true,true,ethanol_to_acetyl_coa,high,ackA;acs;adh;adhE;aldh,"",5,6,0.9,1.0,1.0
FW_TWAS_AS_rep_2,GCA_041910895.1,0.004171599300975252,X_lac,0.040138888888888884,false,true,lactate_to_pyruvate,partial,rnfB,lctD;pfor,1,5,0.125,0.3333333333333333,0.3333333333333333
FW_TWAS_AS_rep_2,GCA_035451445.1,0.0027622752128079373,X_ch,1.0,true,true,starch_utilization,high,agl;cazy_GH13;susC;susD,"",4,4,1.0,1.0,1.0
FW_TWAS_AS_rep_2,GCA_035451445.1,0.0027622752128079373,X_pr,0.5294117647058824,true,true,peptide_scavenging,low,dtpT;endopeptidase;pepA;pepD;pepN;pepQ;pepT,"",7,13,0.5294117647058824,1.0,1.0
FW_TWAS_AS_rep_2,GCA_035451445.1,0.0027622752128079373,X_li,0.5,true,true,lipolysis,low,acylglycerol_lipase;fadD;lysophospholipase,"",3,6,0.5,1.0,1.0
FW_TWAS_AS_rep_2,GCA_035451445.1,0.0027622752128079373,X_su,0.5674242424242425,false,true,hexose_fermentation,partial,adhE;gapA;lctD;pfkA;pfor;pgi;pyk,one_of(ptsG|glcP),7,9,0.6363636363636364,0.8333333333333334,1.0
FW_TWAS_AS_rep_2,GCA_035451445.1,0.0027622752128079373,X_aa,0.8,true,true,general_amino_acid_catabolism,medium,dtpT;gdh;ilvE;pfor;tdcB,"",5,7,0.8,1.0,1.0
FW_TWAS_AS_rep_2,GCA_035451445.1,0.0027622752128079373,X_fa,1.0,true,true,lcfa_beta_oxidation,high,etfA;etfB;fadA;fadB;fadD;fadE,"",6,6,1.0,1.0,1.0
FW_TWAS_AS_rep_2,GCA_035451445.1,0.0027622752128079373,X_ac_et,0.8666666666666667,true,true,ethanol_acetate_chain_initiation,medium,ackA;acs;adh;adhE;bcd;etfA;etfB;hbd;pta;thl,"",10,12,0.8666666666666667,1.0,1.0
FW_TWAS_AS_rep_2,GCA_035451445.1,0.0027622752128079373,X_ac_lac,0.9375,true,true,lactate_acetate_chain_initiation,high,ackA;acs;bcd;etfA;etfB;hbd;lctB;lctC;lctD;pfor;pta;thl,"",12,13,0.9375,1.0,1.0
FW_TWAS_AS_rep_2,GCA_035451445.1,0.0027622752128079373,X_chain_et,0.0,false,true,ethanol_reverse_beta_oxidation,none,adh;adhE;bcd;cat;etfA;etfB;hbd;thl,one_of(crt),8,10,0.8461538461538461,0.8888888888888888,1.0
FW_TWAS_AS_rep_2,GCA_035451445.1,0.0027622752128079373,X_chain_lac,0.0,false,true,lactate_reverse_beta_oxidation,none,bcd;cat;etfA;etfB;hbd;lctB;lctC;lctD;pfor;thl,one_of(crt),10,11,0.9285714285714286,0.9,1.0
FW_TWAS_AS_rep_2,GCA_035451445.1,0.0027622752128079373,X_VFA_deg,0.853125,false,true,syntrophic_propionate_mmc,partial,fdhA;hydA;mdh;mmcE;mmcF;mmcG;pfor;sucC;sucD,one_of(fumB),9,10,0.9285714285714286,0.875,1.0
FW_TWAS_AS_rep_2,GCA_035451445.1,0.0027622752128079373,X_Me_ac,0.0,false,true,acetoclastic_ack_pta,none,ackA;cdhC;pta,mcrA,3,8,0.3333333333333333,0.75,0.6
FW_TWAS_AS_rep_2,GCA_035451445.1,0.0027622752128079373,X_Me_CO2,0.0,false,true,hydrogenotrophic_core,none,"",mcrA;one_of(fwdA);one_of(ftr);one_of(mch);one_of(mtd|mer),0,8,0.0,0.0,0.0
FW_TWAS_AS_rep_2,GCA_035451445.1,0.0027622752128079373,X_et,0.8,true,true,ethanol_to_acetyl_coa,medium,ackA;acs;adh;adhE;pta,"",5,6,0.8,1.0,1.0
FW_TWAS_AS_rep_2,GCA_035451445.1,0.0027622752128079373,X_lac,1.0,true,true,lactate_to_pyruvate,high,lctB;lctC;lctD;pfor;rnfB,"",5,5,1.0,1.0,1.0
FW_TWAS_AS_rep_2,GCA_048499395.1,0.0027622752128079373,X_ch,0.8571428571428571,true,true,starch_utilization,medium,agl;cazy_GH13;susC,"",3,4,0.8571428571428571,1.0,1.0
FW_TWAS_AS_rep_2,GCA_048499395.1,0.0027622752128079373,X_pr,0.9090909090909091,true,true,proteolysis_and_peptide_import,high,dtpT;endopeptidase;extracellular_protease;oppA;oppB;pepN,"",6,7,0.9090909090909091,1.0,1.0
FW_TWAS_AS_rep_2,GCA_048499395.1,0.0027622752128079373,X_li,0.5833333333333334,true,true,lipolysis,low,acylglycerol_lipase;esterase;fadD;lysophospholipase,"",4,6,0.5833333333333334,1.0,1.0
FW_TWAS_AS_rep_2,GCA_048499395.1,0.0027622752128079373,X_su,0.8461538461538461,true,true,entner_doudoroff,medium,adhE;eda;edd;gapA;glcP;pfor;pyk,"",7,9,0.8461538461538461,1.0,1.0
FW_TWAS_AS_rep_2,GCA_048499395.1,0.0027622752128079373,X_aa,1.0,true,true,general_amino_acid_catabolism,high,dppA;dtpT;gdh;ilvE;oppA;pfor;tdcB,"",7,7,1.0,1.0,1.0
FW_TWAS_AS_rep_2,GCA_048499395.1,0.0027622752128079373,X_fa,1.0,true,true,lcfa_beta_oxidation,high,etfA;etfB;fadA;fadB;fadD;fadE,"",6,6,1.0,1.0,1.0
FW_TWAS_AS_rep_2,GCA_048499395.1,0.0027622752128079373,X_ac_et,1.0,true,true,ethanol_acetate_chain_initiation,high,ackA;acs;adh;adhE;aldh;bcd;crt;etfA;etfB;hbd;pta;thl,"",12,12,1.0,1.0,1.0
FW_TWAS_AS_rep_2,GCA_048499395.1,0.0027622752128079373,X_ac_lac,0.0,false,true,lactate_acetate_chain_initiation,none,ackA;acs;bcd;crt;etfA;etfB;hbd;lctB;lctC;pfor;pta;thl,lctD,12,13,0.875,0.875,1.0
FW_TWAS_AS_rep_2,GCA_048499395.1,0.0027622752128079373,X_chain_et,0.0,false,true,ethanol_reverse_beta_oxidation,none,adh;adhE;aldh;bcd;crt;etfA;etfB;hbd;thl,cat,9,10,0.8461538461538461,0.8888888888888888,1.0
FW_TWAS_AS_rep_2,GCA_048499395.1,0.0027622752128079373,X_chain_lac,0.0,false,true,lactate_reverse_beta_oxidation,none,bcd;crt;etfA;etfB;hbd;lctB;lctC;pfor;thl,cat;lctD,9,11,0.7142857142857143,0.8,1.0
FW_TWAS_AS_rep_2,GCA_048499395.1,0.0027622752128079373,X_VFA_deg,1.0,true,true,syntrophic_propionate_mmc,high,fdhA;fumB;hydA;mdh;mmcE;mmcF;mmcG;pfor;sucC;sucD,"",10,10,1.0,1.0,1.0
FW_TWAS_AS_rep_2,GCA_048499395.1,0.0027622752128079373,X_Me_ac,0.0,false,true,acetoclastic_ack_pta,none,ackA;pta,mcrA;one_of(cdhC|cdhD|cdhE),2,8,0.2222222222222222,0.5,0.4
FW_TWAS_AS_rep_2,GCA_048499395.1,0.0027622752128079373,X_Me_CO2,0.0,false,true,hydrogenotrophic_core,none,fwdA,mcrA;one_of(ftr);one_of(mch);one_of(mtd|mer),1,8,0.1111111111111111,0.2,0.16666666666666666
FW_TWAS_AS_rep_2,GCA_048499395.1,0.0027622752128079373,X_et,1.0,true,true,ethanol_to_acetyl_coa,high,ackA;acs;adh;adhE;aldh;pta,"",6,6,1.0,1.0,1.0
FW_TWAS_AS_rep_2,GCA_048499395.1,0.0027622752128079373,X_lac,0.4895833333333333,false,true,lactate_to_pyruvate,partial,lctB;lctC;pfor;rnfB,lctD,4,5,0.625,0.6666666666666666,1.0
FW_TWAS_AS_rep_2,GCA_004138365.1,0.0025085968769378206,X_ch,1.0,true,true,pectin_utilization,high,cazy_CE8;cazy_GH43;cazy_PL1;susC;susD,"",5,5,1.0,1.0,1.0
FW_TWAS_AS_rep_2,GCA_004138365.1,0.0025085968769378206,X_pr,0.6363636363636364,true,true,proteolysis_and_peptide_import,low,dtpT;endopeptidase;extracellular_protease;pepO,"",4,7,0.6363636363636364,1.0,1.0
FW_TWAS_AS_rep_2,GCA_004138365.1,0.0025085968769378206,X_li,0.75,true,true,lipolysis,medium,acylglycerol_lipase;esterase;fadD;lysophospholipase;phospholipase,"",5,6,0.75,1.0,1.0
FW_TWAS_AS_rep_2,GCA_004138365.1,0.0025085968769378206,X_su,0.7692307692307693,true,true,entner_doudoroff,medium,eda;edd;gapA;glcP;pfor;pyk,"",6,9,0.7692307692307693,1.0,1.0
FW_TWAS_AS_rep_2,GCA_004138365.1,0.0025085968769378206,X_aa,0.8,true,true,general_amino_acid_catabolism,medium,dtpT;gdh;ilvE;pfor;tdcB,"",5,7,0.8,1.0,1.0
FW_TWAS_AS_rep_2,GCA_004138365.1,0.0025085968769378206,X_fa,0.6960000000000001,false,true,lcfa_beta_oxidation,partial,etfA;etfB;fadB;fadD;fadE,fadA,5,6,0.8,0.8,1.0
FW_TWAS_AS_rep_2,GCA_004138365.1,0.0025085968769378206,X_ac_et,0.0,false,true,ethanol_acetate_chain_initiation,none,ackA;acs;adh;bcd;etfA;etfB;hbd;pta,thl;one_of(adhE|aldh),8,12,0.6,0.7142857142857143,1.0
FW_TWAS_AS_rep_2,GCA_004138365.1,0.0025085968769378206,X_ac_lac,0.0,false,true,lactate_acetate_chain_initiation,none,ackA;acs;bcd;etfA;etfB;hbd;pfor;pta,thl;lctD;one_of(lctB|lctC),8,13,0.5625,0.625,0.8888888888888888
FW_TWAS_AS_rep_2,GCA_004138365.1,0.0025085968769378206,X_chain_et,0.0,false,true,ethanol_reverse_beta_oxidation,none,adh;bcd;etfA;etfB;hbd,cat;one_of(thl);one_of(crt);one_of(adhE|aldh),5,10,0.46153846153846156,0.5555555555555556,0.625
FW_TWAS_AS_rep_2,GCA_004138365.1,0.0025085968769378206,X_chain_lac,0.0,false,true,lactate_reverse_beta_oxidation,none,bcd;etfA;etfB;hbd;pfor,cat;lctD;one_of(thl);one_of(crt);one_of(lctB|lctC),5,11,0.42857142857142855,0.5,0.5555555555555556
FW_TWAS_AS_rep_2,GCA_004138365.1,0.0025085968769378206,X_VFA_deg,1.0,true,true,syntrophic_propionate_mmc,high,fdhA;fumB;hydA;mdh;mmcE;mmcF;mmcG;pfor;sucC;sucD,"",10,10,1.0,1.0,1.0
FW_TWAS_AS_rep_2,GCA_004138365.1,0.0025085968769378206,X_Me_ac,0.0,false,true,acetoclastic_ack_pta,none,ackA;pta,mcrA;one_of(cdhC|cdhD|cdhE),2,8,0.2222222222222222,0.5,0.4
FW_TWAS_AS_rep_2,GCA_004138365.1,0.0025085968769378206,X_Me_CO2,0.0,false,true,hydrogenotrophic_core,none,"",mcrA;one_of(fwdA);one_of(ftr);one_of(mch);one_of(mtd|mer),0,8,0.0,0.0,0.0
FW_TWAS_AS_rep_2,GCA_004138365.1,0.0025085968769378206,X_et,0.39166666666666666,false,true,ethanol_to_acetyl_coa,partial,ackA;acs;adh;pta,one_of(adhE|aldh),4,6,0.5,0.6666666666666666,1.0
FW_TWAS_AS_rep_2,GCA_004138365.1,0.0025085968769378206,X_lac,0.23010416666666667,false,true,lactate_to_pyruvate,partial,pfor;rnfB,lctD,2,5,0.375,0.6666666666666666,0.6666666666666666
FW_TWAS_AS_rep_2,GCA_035374025.1,0.002367664468121089,X_ch,0.7142857142857143,true,true,starch_utilization,medium,agl;cazy_GH13,"",2,4,0.7142857142857143,1.0,1.0
FW_TWAS_AS_rep_2,GCA_035374025.1,0.002367664468121089,X_pr,0.1922727272727273,false,true,proteolysis_and_peptide_import,partial,extracellular_protease;pepN,one_of(oppA|oppB|dtpT),2,7,0.36363636363636365,0.6666666666666666,0.5
FW_TWAS_AS_rep_2,GCA_035374025.1,0.002367664468121089,X_li,0.0,false,true,lipolysis,none,"",one_of(lipase|lysophospholipase|acylglycerol_lipase|phospholipase);one_of(fadD|esterase),0,6,0.0,0.0,0.0
FW_TWAS_AS_rep_2,GCA_035374025.1,0.002367664468121089,X_su,0.31748737373737373,false,true,hexose_fermentation,partial,adhE;gapA;pfkA;pfor;pgi,pyk;one_of(ptsG|glcP),5,9,0.45454545454545453,0.6666666666666666,0.8333333333333334
FW_TWAS_AS_rep_2,GCA_035374025.1,0.002367664468121089,X_aa,0.18408333333333332,false,true,general_amino_acid_catabolism,partial,gdh;pfor,one_of(oppA|dppA|dtpT),2,7,0.3,0.6666666666666666,0.6666666666666666
FW_TWAS_AS_rep_2,GCA_035374025.1,0.002367664468121089,X_fa,0.38628,false,true,lcfa_beta_oxidation,partial,etfA;etfB;fadA;fadE,fadD;fadB,4,6,0.6,0.6,0.8
FW_TWAS_AS_rep_2,GCA_035374025.1,0.002367664468121089,X_ac_et,0.0,false,true,ethanol_acetate_chain_initiation,none,ackA;adhE;bcd;etfA;etfB;pta;thl,"",7,12,0.6666666666666666,1.0,0.875
FW_TWAS_AS_rep_2,GCA_035374025.1,0.002367664468121089,X_ac_lac,0.0,false,true,lactate_acetate_chain_initiation,none,ackA;bcd;etfA;etfB;pfor;pta;thl,lctD;one_of(lctB|lctC),7,13,0.5625,0.75,0.7777777777777778
FW_TWAS_AS_rep_2,GCA_035374025.1,0.002367664468121089,X_chain_et,0.0,false,true,ethanol_reverse_beta_oxidation,none,adhE;bcd;cat;etfA;etfB;thl,one_of(hbd);one_of(crt),6,10,0.6923076923076923,0.7777777777777778,0.75
FW_TWAS_AS_rep_2,GCA_035374025.1,0.002367664468121089,X_chain_lac,0.0,false,true,lactate_reverse_beta_oxidation,none,bcd;cat;etfA;etfB;pfor;thl,lctD;one_of(hbd);one_of(crt);one_of(lctB|lctC),6,11,0.5714285714285714,0.6,0.6666666666666666
FW_TWAS_AS_rep_2,GCA_035374025.1,0.002367664468121089,X_VFA_deg,0.7178571428571429,false,true,syntrophic_propionate_mmc,partial,fdhA;fumB;hydA;mmcE;mmcF;mmcG;pfor;sucD,sucC;one_of(mdh),8,10,0.8571428571428571,0.75,1.0
FW_TWAS_AS_rep_2,GCA_035374025.1,0.002367664468121089,X_Me_ac,0.0,false,true,acetoclastic_ack_pta,none,ackA;pta,mcrA;one_of(cdhC|cdhD|cdhE),2,8,0.2222222222222222,0.5,0.4
FW_TWAS_AS_rep_2,GCA_035374025.1,0.002367664468121089,X_Me_CO2,0.0,false,true,hydrogenotrophic_core,none,fwdA,mcrA;one_of(ftr);one_of(mch);one_of(mtd|mer),1,8,0.1111111111111111,0.2,0.16666666666666666
FW_TWAS_AS_rep_2,GCA_035374025.1,0.002367664468121089,X_et,0.5,true,true,ethanol_to_acetyl_coa,low,ackA;adhE;pta,"",3,6,0.5,1.0,1.0
FW_TWAS_AS_rep_2,GCA_035374025.1,0.002367664468121089,X_lac,0.23010416666666667,false,true,lactate_to_pyruvate,partial,pfor;rnfB,lctD,2,5,0.375,0.6666666666666666,0.6666666666666666
FW_TWAS_AS_rep_2,GCA_036839835.1,0.002254918541067704,X_ch,0.040138888888888884,false,true,cellulose_utilization,partial,bgl,one_of(cazy_GH5|cazy_GH9|cazy_GH48);one_of(cazy_CBM3|cazy_GH48),1,5,0.125,0.3333333333333333,0.3333333333333333
FW_TWAS_AS_rep_2,GCA_036839835.1,0.002254918541067704,X_pr,0.3225490196078431,false,true,peptide_scavenging,partial,dppA;oppA;pepD;pepN;pepQ,one_of(oppB|dppB|dppC|dtpT),5,13,0.4117647058823529,0.6666666666666666,1.0
FW_TWAS_AS_rep_2,GCA_036839835.1,0.002254918541067704,X_li,0.0,false,true,lipolysis,none,"",one_of(lipase|lysophospholipase|acylglycerol_lipase|phospholipase);one_of(fadD|esterase),0,6,0.0,0.0,0.0
FW_TWAS_AS_rep_2,GCA_036839835.1,0.002254918541067704,X_su,0.1656818181818182,false,true,hexose_fermentation,partial,gapA;glcP;pyk,pgi;pfkA;one_of(pfor|adhE|lctD),3,9,0.36363636363636365,0.5,0.5
FW_TWAS_AS_rep_2,GCA_036839835.1,0.002254918541067704,X_aa,0.08877777777777779,false,true,general_amino_acid_catabolism,partial,dppA;oppA,one_of(gdh|ilvE|tdcB);one_of(pfor),2,7,0.2,0.3333333333333333,0.6666666666666666
FW_TWAS_AS_rep_2,GCA_036839835.1,0.002254918541067704,X_fa,0.0,false,true,lcfa_beta_oxidation,none,"",fadD;fadE;fadB;fadA;one_of(etfA|etfB),0,6,0.0,0.0,0.0
FW_TWAS_AS_rep_2,GCA_036839835.1,0.002254918541067704,X_ac_et,0.0,false,true,ethanol_acetate_chain_initiation,none,crt,thl;bcd;etfA;etfB;one_of(acs|ackA|pta);one_of(adhE|adh);one_of(adhE|aldh),1,12,0.06666666666666667,0.0,0.125
FW_TWAS_AS_rep_2,GCA_036839835.1,0.002254918541067704,X_ac_lac,0.0,false,true,lactate_acetate_chain_initiation,none,crt,thl;bcd;etfA;etfB;lctD;one_of(acs|ackA|pta);one_of(lctB|lctC);one_of(pfor),1,13,0.0625,0.0,0.1111111111111111
FW_TWAS_AS_rep_2,GCA_036839835.1,0.002254918541067704,X_chain_et,0.0,false,true,ethanol_reverse_beta_oxidation,none,crt,bcd;etfA;etfB;cat;one_of(thl);one_of(hbd);one_of(adhE|adh);one_of(adhE|aldh),1,10,0.07692307692307693,0.1111111111111111,0.125
FW_TWAS_AS_rep_2,GCA_036839835.1,0.002254918541067704,X_chain_lac,0.0,false,true,lactate_reverse_beta_oxidation,none,crt,bcd;etfA;etfB;cat;lctD;one_of(thl);one_of(hbd);one_of(lctB|lctC);one_of(pfor),1,11,0.07142857142857142,0.1,0.1111111111111111
FW_TWAS_AS_rep_2,GCA_036839835.1,0.002254918541067704,X_VFA_deg,0.01591517857142857,false,true,syntrophic_butyrate_oxidation,partial,crt,bcd;etfA;etfB;one_of(thl);one_of(hbd);one_of(hydA|fdhA);one_of(rnfB),1,9,0.08333333333333333,0.125,0.14285714285714285
FW_TWAS_AS_rep_2,GCA_036839835.1,0.002254918541067704,X_Me_ac,0.0,false,true,acetoclastic_ack_pta,none,"",mcrA;ackA;pta;one_of(cdhC|cdhD|cdhE),0,8,0.0,0.0,0.0
FW_TWAS_AS_rep_2,GCA_036839835.1,0.002254918541067704,X_Me_CO2,0.0,false,true,hydrogenotrophic_core,none,"",mcrA;one_of(fwdA);one_of(ftr);one_of(mch);one_of(mtd|mer),0,8,0.0,0.0,0.0
FW_TWAS_AS_rep_2,GCA_036839835.1,0.002254918541067704,X_et,0.0,false,true,ethanol_to_acetyl_coa,none,"",one_of(adhE|adh);one_of(adhE|aldh);one_of(acs|pta|ackA),0,6,0.0,0.0,0.0
FW_TWAS_AS_rep_2,GCA_036839835.1,0.002254918541067704,X_lac,0.0,false,true,lactate_to_pyruvate,none,"",lctD;pfor;one_of(lctB|lctC|rnfB),0,5,0.0,0.0,0.0
FW_TWAS_AS_rep_2,GCA_044229175.1,0.002226732059304358,X_ch,0.11390625000000001,false,true,xylan_utilization,partial,xylA;xylB,one_of(cazy_GH10|cazy_GH11);one_of(cazy_GH43|cazy_CBM6),2,6,0.25,0.5,0.5
FW_TWAS_AS_rep_2,GCA_044229175.1,0.002226732059304358,X_pr,0.8823529411764706,true,true,peptide_scavenging,medium,dppA;dppB;dppC;dtpT;oppA;oppB;pepA;pepD;pepN;pepO;pepQ;pepT,"",12,13,0.8823529411764706,1.0,1.0
FW_TWAS_AS_rep_2,GCA_044229175.1,0.002226732059304358,X_li,0.8333333333333334,true,true,lipolysis,medium,acylglycerol_lipase;esterase;fadD;lipase;lysophospholipase,"",5,6,0.8333333333333334,1.0,1.0
FW_TWAS_AS_rep_2,GCA_044229175.1,0.002226732059304358,X_su,0.6692307692307693,false,true,entner_doudoroff,partial,adhE;eda;edd;gapA;pfor;pyk,one_of(ptsG|glcP),6,9,0.7692307692307693,0.8,1.0
FW_TWAS_AS_rep_2,GCA_044229175.1,0.002226732059304358,X_aa,1.0,true,true,general_amino_acid_catabolism,high,dppA;dtpT;gdh;ilvE;oppA;pfor;tdcB,"",7,7,1.0,1.0,1.0
FW_TWAS_AS_rep_2,GCA_044229175.1,0.002226732059304358,X_fa,1.0,true,true,lcfa_beta_oxidation,high,etfA;etfB;fadA;fadB;fadD;fadE,"",6,6,1.0,1.0,1.0
FW_TWAS_AS_rep_2,GCA_044229175.1,0.002226732059304358,X_ac_et,0.9333333333333333,true,true,ethanol_acetate_chain_initiation,high,acs;adh;adhE;aldh;bcd;crt;etfA;etfB;hbd;pta;thl,"",11,12,0.9333333333333333,1.0,1.0
FW_TWAS_AS_rep_2,GCA_044229175.1,0.002226732059304358,X_ac_lac,0.0,false,true,lactate_acetate_chain_initiation,none,acs;bcd;crt;etfA;etfB;hbd;lctC;pfor;pta;thl,lctD,10,13,0.75,0.875,1.0
FW_TWAS_AS_rep_2,GCA_044229175.1,0.002226732059304358,X_chain_et,1.0,true,true,ethanol_reverse_beta_oxidation,high,adh;adhE;aldh;bcd;cat;crt;etfA;etfB;hbd;thl,"",10,10,1.0,1.0,1.0
FW_TWAS_AS_rep_2,GCA_044229175.1,0.002226732059304358,X_chain_lac,0.0,false,true,lactate_reverse_beta_oxidation,none,bcd;cat;crt;etfA;etfB;hbd;lctC;pfor;thl,lctD,9,11,0.7857142857142857,0.9,1.0
FW_TWAS_AS_rep_2,GCA_044229175.1,0.002226732059304358,X_VFA_deg,1.0,true,true,syntrophic_butyrate_oxidation,high,bcd;crt;etfA;etfB;fdhA;hbd;hydA;rnfB;thl,"",9,9,1.0,1.0,1.0
FW_TWAS_AS_rep_2,GCA_044229175.1,0.002226732059304358,X_Me_ac,0.0,false,true,acetoclastic_ack_pta,none,pta,mcrA;ackA;one_of(cdhC|cdhD|cdhE),1,8,0.1111111111111111,0.25,0.2
FW_TWAS_AS_rep_2,GCA_044229175.1,0.002226732059304358,X_Me_CO2,0.0,false,true,hydrogenotrophic_core,none,fwdA,mcrA;one_of(ftr);one_of(mch);one_of(mtd|mer),1,8,0.1111111111111111,0.2,0.16666666666666666
FW_TWAS_AS_rep_2,GCA_044229175.1,0.002226732059304358,X_et,0.9,true,true,ethanol_to_acetyl_coa,high,acs;adh;adhE;aldh;pta,"",5,6,0.9,1.0,1.0
FW_TWAS_AS_rep_2,GCA_044229175.1,0.002226732059304358,X_lac,0.39166666666666666,false,true,lactate_to_pyruvate,partial,lctC;pfor;rnfB,lctD,3,5,0.5,0.6666666666666666,1.0
FW_TWAS_AS_rep_2,GCF_001006785.1,0.002226732059304358,X_ch,0.0,false,true,xylan_utilization,none,"",xylA;xylB;one_of(cazy_GH10|cazy_GH11);one_of(cazy_GH43|cazy_CBM6),0,6,0.0,0.0,0.0
FW_TWAS_AS_rep_2,GCF_001006785.1,0.002226732059304358,X_pr,0.8235294117647058,true,true,peptide_scavenging,medium,dppA;dppB;dppC;dtpT;endopeptidase;oppA;oppB;pepA;pepN;pepQ,"",10,13,0.8235294117647058,1.0,1.0
FW_TWAS_AS_rep_2,GCF_001006785.1,0.002226732059304358,X_li,0.5,true,true,lipolysis,low,acylglycerol_lipase;fadD;lysophospholipase,"",3,6,0.5,1.0,1.0
FW_TWAS_AS_rep_2,GCF_001006785.1,0.002226732059304358,X_su,0.2971384615384616,false,true,entner_doudoroff,partial,adhE;edd;gapA;pyk,eda;one_of(ptsG|glcP),4,9,0.46153846153846156,0.6,0.8
FW_TWAS_AS_rep_2,GCF_001006785.1,0.002226732059304358,X_aa,0.705,false,true,general_amino_acid_catabolism,partial,dppA;dtpT;gdh;ilvE;oppA;tdcB,one_of(pfor),6,7,0.9,0.6666666666666666,1.0
FW_TWAS_AS_rep_2,GCF_001006785.1,0.002226732059304358,X_fa,1.0,true,true,lcfa_beta_oxidation,high,etfA;etfB;fadA;fadB;fadD;fadE,"",6,6,1.0,1.0,1.0
FW_TWAS_AS_rep_2,GCF_001006785.1,0.002226732059304358,X_ac_et,1.0,true,true,ethanol_acetate_chain_initiation,high,ackA;acs;adh;adhE;aldh;bcd;crt;etfA;etfB;hbd;pta;thl,"",12,12,1.0,1.0,1.0
FW_TWAS_AS_rep_2,GCF_001006785.1,0.002226732059304358,X_ac_lac,0.0,false,true,lactate_acetate_chain_initiation,none,ackA;acs;bcd;crt;etfA;etfB;hbd;lctC;pta;thl,lctD;one_of(pfor),10,13,0.75,0.75,1.0
FW_TWAS_AS_rep_2,GCF_001006785.1,0.002226732059304358,X_chain_et,1.0,true,true,ethanol_reverse_beta_oxidation,high,adh;adhE;aldh;bcd;cat;crt;etfA;etfB;hbd;thl,"",10,10,1.0,1.0,1.0
FW_TWAS_AS_rep_2,GCF_001006785.1,0.002226732059304358,X_chain_lac,0.0,false,true,lactate_reverse_beta_oxidation,none,bcd;cat;crt;etfA;etfB;hbd;lctC;thl,lctD;one_of(pfor),8,11,0.7142857142857143,0.8,0.8888888888888888
FW_TWAS_AS_rep_2,GCF_001006785.1,0.002226732059304358,X_VFA_deg,0.8421875,false,true,syntrophic_butyrate_oxidation,partial,bcd;crt;etfA;etfB;fdhA;hbd;hydA;thl,one_of(rnfB),8,9,0.9166666666666666,0.875,1.0
FW_TWAS_AS_rep_2,GCF_001006785.1,0.002226732059304358,X_Me_ac,0.0,false,true,acetoclastic_ack_pta,none,ackA;pta,mcrA;one_of(cdhC|cdhD|cdhE),2,8,0.2222222222222222,0.5,0.4
FW_TWAS_AS_rep_2,GCF_001006785.1,0.002226732059304358,X_Me_CO2,0.0,false,true,hydrogenotrophic_core,none,ftr;fwdA;mch,mcrA;one_of(mtd|mer),3,8,0.3333333333333333,0.6,0.5
FW_TWAS_AS_rep_2,GCF_001006785.1,0.002226732059304358,X_et,1.0,true,true,ethanol_to_acetyl_coa,high,ackA;acs;adh;adhE;aldh;pta,"",6,6,1.0,1.0,1.0
FW_TWAS_AS_rep_2,GCF_001006785.1,0.002226732059304358,X_lac,0.040138888888888884,false,true,lactate_to_pyruvate,partial,lctC,lctD;pfor,1,5,0.125,0.3333333333333333,0.3333333333333333
FW_TWAS_AS_rep_2,GCA_035358495.1,0.002226732059304358,X_ch,0.0,false,true,xylan_utilization,none,"",xylA;xylB;one_of(cazy_GH10|cazy_GH11);one_of(cazy_GH43|cazy_CBM6),0,6,0.0,0.0,0.0
FW_TWAS_AS_rep_2,GCA_035358495.1,0.002226732059304358,X_pr,0.6363636363636364,true,true,proteolysis_and_peptide_import,low,extracellular_protease;oppA;oppB;pepN,"",4,7,0.6363636363636364,1.0,1.0
FW_TWAS_AS_rep_2,GCA_035358495.1,0.002226732059304358,X_li,0.0,false,true,lipolysis,none,"",one_of(lipase|lysophospholipase|acylglycerol_lipase|phospholipase);one_of(fadD|esterase),0,6,0.0,0.0,0.0
FW_TWAS_AS_rep_2,GCA_035358495.1,0.002226732059304358,X_su,0.31748737373737373,false,true,hexose_fermentation,partial,adhE;gapA;pfkA;pfor;pgi,pyk;one_of(ptsG|glcP),5,9,0.45454545454545453,0.6666666666666666,0.8333333333333334
FW_TWAS_AS_rep_2,GCA_035358495.1,0.002226732059304358,X_aa,0.7,true,true,general_amino_acid_catabolism,medium,dppA;gdh;oppA;pfor;tdcB,"",5,7,0.7,1.0,1.0
FW_TWAS_AS_rep_2,GCA_035358495.1,0.002226732059304358,X_fa,0.6960000000000001,false,true,lcfa_beta_oxidation,partial,etfA;etfB;fadA;fadB;fadE,fadD,5,6,0.8,0.8,1.0
FW_TWAS_AS_rep_2,GCA_035358495.1,0.002226732059304358,X_ac_et,0.8666666666666667,true,true,ethanol_acetate_chain_initiation,medium,ackA;adh;adhE;bcd;crt;etfA;etfB;hbd;pta;thl,"",10,12,0.8666666666666667,1.0,1.0
FW_TWAS_AS_rep_2,GCA_035358495.1,0.002226732059304358,X_ac_lac,0.0,false,true,lactate_acetate_chain_initiation,none,ackA;bcd;crt;etfA;etfB;hbd;lctB;pfor;pta;thl,lctD,10,13,0.75,0.875,1.0
FW_TWAS_AS_rep_2,GCA_035358495.1,0.002226732059304358,X_chain_et,0.0,false,true,ethanol_reverse_beta_oxidation,none,adh;adhE;bcd;crt;etfA;etfB;hbd;thl,cat,8,10,0.7692307692307693,0.8888888888888888,1.0
FW_TWAS_AS_rep_2,GCA_035358495.1,0.002226732059304358,X_chain_lac,0.0,false,true,lactate_reverse_beta_oxidation,none,bcd;crt;etfA;etfB;hbd;lctB;pfor;thl,cat;lctD,8,11,0.6428571428571429,0.8,0.8888888888888888
FW_TWAS_AS_rep_2,GCA_035358495.1,0.002226732059304358,X_VFA_deg,1.0,true,true,syntrophic_butyrate_oxidation,high,bcd;crt;etfA;etfB;fdhA;hbd;hydA;rnfB;thl,"",9,9,1.0,1.0,1.0
FW_TWAS_AS_rep_2,GCA_035358495.1,0.002226732059304358,X_Me_ac,0.0,false,true,acetoclastic_ack_pta,none,ackA;pta,mcrA;one_of(cdhC|cdhD|cdhE),2,8,0.2222222222222222,0.5,0.4
FW_TWAS_AS_rep_2,GCA_035358495.1,0.002226732059304358,X_Me_CO2,0.0,false,true,hydrogenotrophic_core,none,"",mcrA;one_of(fwdA);one_of(ftr);one_of(mch);one_of(mtd|mer),0,8,0.0,0.0,0.0
FW_TWAS_AS_rep_2,GCA_035358495.1,0.002226732059304358,X_et,0.7,true,true,ethanol_to_acetyl_coa,medium,ackA;adh;adhE;pta,"",4,6,0.7,1.0,1.0
FW_TWAS_AS_rep_2,GCA_035358495.1,0.002226732059304358,X_lac,0.39166666666666666,false,true,lactate_to_pyruvate,partial,lctB;pfor;rnfB,lctD,3,5,0.5,0.6666666666666666,1.0
FW_TWAS_AS_rep_2,GCA_963748985.1,0.002142172614014319,X_ch,0.7142857142857143,true,true,starch_utilization,medium,agl;cazy_GH13,"",2,4,0.7142857142857143,1.0,1.0
FW_TWAS_AS_rep_2,GCA_963748985.1,0.002142172614014319,X_pr,0.7647058823529411,true,true,peptide_scavenging,medium,dppA;dppB;dppC;dtpT;oppA;oppB;pepA;pepD;pepO;pepQ,"",10,13,0.7647058823529411,1.0,1.0
FW_TWAS_AS_rep_2,GCA_963748985.1,0.002142172614014319,X_li,0.5,true,true,lipolysis,low,acylglycerol_lipase;fadD;lysophospholipase,"",3,6,0.5,1.0,1.0
FW_TWAS_AS_rep_2,GCA_963748985.1,0.002142172614014319,X_su,0.8461538461538461,true,true,entner_doudoroff,medium,adhE;eda;edd;gapA;glcP;pfor;pyk,"",7,9,0.8461538461538461,1.0,1.0
FW_TWAS_AS_rep_2,GCA_963748985.1,0.002142172614014319,X_aa,1.0,true,true,general_amino_acid_catabolism,high,dppA;dtpT;gdh;ilvE;oppA;pfor;tdcB,"",7,7,1.0,1.0,1.0
FW_TWAS_AS_rep_2,GCA_963748985.1,0.002142172614014319,X_fa,0.9,true,true,lcfa_beta_oxidation,high,etfA;fadA;fadB;fadD;fadE,"",5,6,0.9,1.0,1.0
FW_TWAS_AS_rep_2,GCA_963748985.1,0.002142172614014319,X_ac_et,0.0,false,true,ethanol_acetate_chain_initiation,none,acs;adh;adhE;aldh;bcd;crt;etfA;hbd;pta;thl,etfB,10,12,0.8666666666666667,0.8571428571428571,1.0
FW_TWAS_AS_rep_2,GCA_963748985.1,0.002142172614014319,X_ac_lac,0.0,false,true,lactate_acetate_chain_initiation,none,acs;bcd;crt;etfA;hbd;lctB;pfor;pta;thl,etfB;lctD,9,13,0.6875,0.75,1.0
FW_TWAS_AS_rep_2,GCA_963748985.1,0.002142172614014319,X_chain_et,0.0,false,true,ethanol_reverse_beta_oxidation,none,adh;adhE;aldh;bcd;crt;etfA;hbd;thl,etfB;cat,8,10,0.7692307692307693,0.7777777777777778,1.0
FW_TWAS_AS_rep_2,GCA_963748985.1,0.002142172614014319,X_chain_lac,0.0,false,true,lactate_reverse_beta_oxidation,none,bcd;crt;etfA;hbd;lctB;pfor;thl,etfB;cat;lctD,7,11,0.5714285714285714,0.7,0.7777777777777778
FW_TWAS_AS_rep_2,GCA_963748985.1,0.002142172614014319,X_VFA_deg,0.853125,false,true,syntrophic_propionate_mmc,partial,fdhA;fumB;hydA;mdh;mmcE;mmcF;pfor;sucC;sucD,mmcG,9,10,0.9285714285714286,0.875,1.0
FW_TWAS_AS_rep_2,GCA_963748985.1,0.002142172614014319,X_Me_ac,0.0,false,true,acetoclastic_ack_pta,none,cdhC;pta,mcrA;ackA,2,8,0.2222222222222222,0.5,0.4
FW_TWAS_AS_rep_2,GCA_963748985.1,0.002142172614014319,X_Me_CO2,0.0,false,true,hydrogenotrophic_core,none,mer,mcrA;one_of(fwdA);one_of(ftr);one_of(mch),1,8,0.1111111111111111,0.2,0.16666666666666666
FW_TWAS_AS_rep_2,GCA_963748985.1,0.002142172614014319,X_et,0.9,true,true,ethanol_to_acetyl_coa,high,acs;adh;adhE;aldh;pta,"",5,6,0.9,1.0,1.0
FW_TWAS_AS_rep_2,GCA_963748985.1,0.002142172614014319,X_lac,0.39166666666666666,false,true,lactate_to_pyruvate,partial,lctB;pfor;rnfB,lctD,3,5,0.5,0.6666666666666666,1.0
FW_TWAS_AS_rep_2,GCA_004297465.1,0.0021139861322509723,X_ch,0.06508928571428572,false,true,starch_utilization,partial,susC,cazy_GH13,1,4,0.14285714285714285,0.5,0.5
FW_TWAS_AS_rep_2,GCA_004297465.1,0.0021139861322509723,X_pr,0.8181818181818182,true,true,proteolysis_and_peptide_import,medium,endopeptidase;extracellular_protease;oppA;oppB;pepO,"",5,7,0.8181818181818182,1.0,1.0
FW_TWAS_AS_rep_2,GCA_004297465.1,0.0021139861322509723,X_li,0.5833333333333334,true,true,lipolysis,low,acylglycerol_lipase;esterase;fadD;lysophospholipase,"",4,6,0.5833333333333334,1.0,1.0
FW_TWAS_AS_rep_2,GCA_004297465.1,0.0021139861322509723,X_su,0.46846153846153843,false,true,entner_doudoroff,partial,edd;gapA;glcP;pfor;pyk,eda,5,9,0.5384615384615384,0.8,1.0
FW_TWAS_AS_rep_2,GCA_004297465.1,0.0021139861322509723,X_aa,0.7,true,true,general_amino_acid_catabolism,medium,dppA;ilvE;oppA;pfor;tdcB,"",5,7,0.7,1.0,1.0
FW_TWAS_AS_rep_2,GCA_004297465.1,0.0021139861322509723,X_fa,1.0,true,true,lcfa_beta_oxidation,high,etfA;etfB;fadA;fadB;fadD;fadE,"",6,6,1.0,1.0,1.0
FW_TWAS_AS_rep_2,GCA_004297465.1,0.0021139861322509723,X_ac_et,0.8,true,true,ethanol_acetate_chain_initiation,medium,acs;adh;aldh;bcd;crt;etfA;etfB;hbd;pta;thl,"",10,12,0.8,1.0,1.0
FW_TWAS_AS_rep_2,GCA_004297465.1,0.0021139861322509723,X_ac_lac,0.0,false,true,lactate_acetate_chain_initiation,none,acs;bcd;crt;etfA;etfB;hbd;lctB;pfor;pta;thl,lctD,10,13,0.75,0.875,1.0
FW_TWAS_AS_rep_2,GCA_004297465.1,0.0021139861322509723,X_chain_et,0.8461538461538461,true,true,ethanol_reverse_beta_oxidation,medium,adh;aldh;bcd;cat;crt;etfA;etfB;hbd;thl,"",9,10,0.8461538461538461,1.0,1.0
FW_TWAS_AS_rep_2,GCA_004297465.1,0.0021139861322509723,X_chain_lac,0.0,false,true,lactate_reverse_beta_oxidation,none,bcd;cat;crt;etfA;etfB;hbd;lctB;pfor;thl,lctD,9,11,0.7857142857142857,0.9,1.0
FW_TWAS_AS_rep_2,GCA_004297465.1,0.0021139861322509723,X_VFA_deg,1.0,true,true,syntrophic_propionate_mmc,high,fdhA;fumB;hydA;mdh;mmcE;mmcF;mmcG;pfor;sucC;sucD,"",10,10,1.0,1.0,1.0
FW_TWAS_AS_rep_2,GCA_004297465.1,0.0021139861322509723,X_Me_ac,0.0,false,true,acetoclastic_ack_pta,none,pta,mcrA;ackA;one_of(cdhC|cdhD|cdhE),1,8,0.1111111111111111,0.25,0.2
FW_TWAS_AS_rep_2,GCA_004297465.1,0.0021139861322509723,X_Me_CO2,0.0,false,true,hydrogenotrophic_core,none,"",mcrA;one_of(fwdA);one_of(ftr);one_of(mch);one_of(mtd|mer),0,8,0.0,0.0,0.0
FW_TWAS_AS_rep_2,GCA_004297465.1,0.0021139861322509723,X_et,0.6,true,true,ethanol_to_acetyl_coa,low,acs;adh;aldh;pta,"",4,6,0.6,1.0,1.0
FW_TWAS_AS_rep_2,GCA_004297465.1,0.0021139861322509723,X_lac,0.39166666666666666,false,true,lactate_to_pyruvate,partial,lctB;pfor;rnfB,lctD,3,5,0.5,0.6666666666666666,1.0
FW_TWAS_AS_rep_2,GCA_044224815.1,0.0021139861322509723,X_ch,0.7142857142857143,true,true,starch_utilization,medium,agl;cazy_GH13,"",2,4,0.7142857142857143,1.0,1.0
FW_TWAS_AS_rep_2,GCA_044224815.1,0.0021139861322509723,X_pr,1.0,true,true,peptide_scavenging,high,dppA;dppB;dppC;dtpT;endopeptidase;oppA;oppB;pepA;pepD;pepN;pepO;pepQ;pepT,"",13,13,1.0,1.0,1.0
FW_TWAS_AS_rep_2,GCA_044224815.1,0.0021139861322509723,X_li,0.75,true,true,lipolysis,medium,acylglycerol_lipase;fadD;lipase;lysophospholipase,"",4,6,0.75,1.0,1.0
FW_TWAS_AS_rep_2,GCA_044224815.1,0.0021139861322509723,X_su,0.7272727272727273,true,true,hexose_fermentation,medium,adhE;gapA;glcP;pfkA;pfor;pgi;pyk,"",7,9,0.7272727272727273,1.0,1.0
FW_TWAS_AS_rep_2,GCA_044224815.1,0.0021139861322509723,X_aa,1.0,true,true,general_amino_acid_catabolism,high,dppA;dtpT;gdh;ilvE;oppA;pfor;tdcB,"",7,7,1.0,1.0,1.0
FW_TWAS_AS_rep_2,GCA_044224815.1,0.0021139861322509723,X_fa,1.0,true,true,lcfa_beta_oxidation,high,etfA;etfB;fadA;fadB;fadD;fadE,"",6,6,1.0,1.0,1.0
FW_TWAS_AS_rep_2,GCA_044224815.1,0.0021139861322509723,X_ac_et,0.8666666666666667,true,true,ethanol_acetate_chain_initiation,medium,acs;adh;adhE;bcd;crt;etfA;etfB;hbd;pta;thl,"",10,12,0.8666666666666667,1.0,1.0
FW_TWAS_AS_rep_2,GCA_044224815.1,0.0021139861322509723,X_ac_lac,0.0,false,true,lactate_acetate_chain_initiation,none,acs;bcd;crt;etfA;etfB;hbd;lctB;pfor;pta;thl,lctD,10,13,0.75,0.875,1.0
FW_TWAS_AS_rep_2,GCA_044224815.1,0.0021139861322509723,X_chain_et,0.9230769230769231,true,true,ethanol_reverse_beta_oxidation,high,adh;adhE;bcd;cat;crt;etfA;etfB;hbd;thl,"",9,10,0.9230769230769231,1.0,1.0
FW_TWAS_AS_rep_2,GCA_044224815.1,0.0021139861322509723,X_chain_lac,0.0,false,true,lactate_reverse_beta_oxidation,none,bcd;cat;crt;etfA;etfB;hbd;lctB;pfor;thl,lctD,9,11,0.7857142857142857,0.9,1.0
FW_TWAS_AS_rep_2,GCA_044224815.1,0.0021139861322509723,X_VFA_deg,1.0,true,true,syntrophic_propionate_mmc,high,fdhA;fumB;hydA;mdh;mmcE;mmcF;mmcG;pfor;sucC;sucD,"",10,10,1.0,1.0,1.0
FW_TWAS_AS_rep_2,GCA_044224815.1,0.0021139861322509723,X_Me_ac,0.0,false,true,acetoclastic_ack_pta,none,mtrA;pta,mcrA;ackA;one_of(cdhC|cdhD|cdhE),2,8,0.2222222222222222,0.25,0.4
FW_TWAS_AS_rep_2,GCA_044224815.1,0.0021139861322509723,X_Me_CO2,0.0,false,true,hydrogenotrophic_core,none,fwdA;mer;mtrA,mcrA;one_of(ftr);one_of(mch),3,8,0.3333333333333333,0.4,0.5
FW_TWAS_AS_rep_2,GCA_044224815.1,0.0021139861322509723,X_et,0.7,true,true,ethanol_to_acetyl_coa,medium,acs;adh;adhE;pta,"",4,6,0.7,1.0,1.0
FW_TWAS_AS_rep_2,GCA_044224815.1,0.0021139861322509723,X_lac,0.39166666666666666,false,true,lactate_to_pyruvate,partial,lctB;pfor;rnfB,lctD,3,5,0.5,0.6666666666666666,1.0
FW_TWAS_AS_rep_2,GCA_044220715.1,0.00205761316872428,X_ch,0.08027777777777777,false,true,cellulose_utilization,partial,cazy_GH9,bgl;one_of(cazy_CBM3|cazy_GH48),1,5,0.25,0.3333333333333333,0.3333333333333333
FW_TWAS_AS_rep_2,GCA_044220715.1,0.00205761316872428,X_pr,0.8235294117647058,true,true,peptide_scavenging,medium,dppA;dppB;dppC;dtpT;oppA;oppB;pepA;pepN;pepO;pepQ;pepT,"",11,13,0.8235294117647058,1.0,1.0
FW_TWAS_AS_rep_2,GCA_044220715.1,0.00205761316872428,X_li,0.6666666666666666,true,true,lipolysis,low,esterase;fadD;lipase;lysophospholipase,"",4,6,0.6666666666666666,1.0,1.0
FW_TWAS_AS_rep_2,GCA_044220715.1,0.00205761316872428,X_su,0.2971384615384616,false,true,entner_doudoroff,partial,adhE;eda;gapA;pyk,edd;one_of(ptsG|glcP),4,9,0.46153846153846156,0.6,0.8
FW_TWAS_AS_rep_2,GCA_044220715.1,0.00205761316872428,X_aa,0.705,false,true,general_amino_acid_catabolism,partial,dppA;dtpT;gdh;ilvE;oppA;tdcB,one_of(pfor),6,7,0.9,0.6666666666666666,1.0
FW_TWAS_AS_rep_2,GCA_044220715.1,0.00205761316872428,X_fa,1.0,true,true,lcfa_beta_oxidation,high,etfA;etfB;fadA;fadB;fadD;fadE,"",6,6,1.0,1.0,1.0
FW_TWAS_AS_rep_2,GCA_044220715.1,0.00205761316872428,X_ac_et,0.9333333333333333,true,true,ethanol_acetate_chain_initiation,high,acs;adh;adhE;aldh;bcd;crt;etfA;etfB;hbd;pta;thl,"",11,12,0.9333333333333333,1.0,1.0
FW_TWAS_AS_rep_2,GCA_044220715.1,0.00205761316872428,X_ac_lac,0.0,false,true,lactate_acetate_chain_initiation,none,acs;bcd;crt;etfA;etfB;hbd;pta;thl,lctD;one_of(lctB|lctC);one_of(pfor),8,13,0.625,0.625,0.8888888888888888
FW_TWAS_AS_rep_2,GCA_044220715.1,0.00205761316872428,X_chain_et,0.0,false,true,ethanol_reverse_beta_oxidation,none,adh;adhE;aldh;bcd;crt;etfA;etfB;hbd;thl,cat,9,10,0.8461538461538461,0.8888888888888888,1.0
FW_TWAS_AS_rep_2,GCA_044220715.1,0.00205761316872428,X_chain_lac,0.0,false,true,lactate_reverse_beta_oxidation,none,bcd;crt;etfA;etfB;hbd;thl,cat;lctD;one_of(lctB|lctC);one_of(pfor),6,11,0.5,0.6,0.6666666666666666
FW_TWAS_AS_rep_2,GCA_044220715.1,0.00205761316872428,X_VFA_deg,0.8421875,false,true,syntrophic_butyrate_oxidation,partial,bcd;crt;etfA;etfB;fdhA;hbd;hydA;thl,one_of(rnfB),8,9,0.9166666666666666,0.875,1.0
FW_TWAS_AS_rep_2,GCA_044220715.1,0.00205761316872428,X_Me_ac,0.0,false,true,acetoclastic_ack_pta,none,pta,mcrA;ackA;one_of(cdhC|cdhD|cdhE),1,8,0.1111111111111111,0.25,0.2
FW_TWAS_AS_rep_2,GCA_044220715.1,0.00205761316872428,X_Me_CO2,0.0,false,true,hydrogenotrophic_core,none,fwdA,mcrA;one_of(ftr);one_of(mch);one_of(mtd|mer),1,8,0.1111111111111111,0.2,0.16666666666666666
FW_TWAS_AS_rep_2,GCA_044220715.1,0.00205761316872428,X_et,0.9,true,true,ethanol_to_acetyl_coa,high,acs;adh;adhE;aldh;pta,"",5,6,0.9,1.0,1.0
FW_TWAS_AS_rep_2,GCA_044220715.1,0.00205761316872428,X_lac,0.0,false,true,lactate_to_pyruvate,none,"",lctD;pfor;one_of(lctB|lctC|rnfB),0,5,0.0,0.0,0.0
FW_TWAS_AS_rep_2,GCF_049943315.1,0.003748802074525058,X_ch,0.8571428571428571,true,true,starch_utilization,medium,agl;cazy_GH13;susC,"",3,4,0.8571428571428571,1.0,1.0
FW_TWAS_AS_rep_2,GCF_049943315.1,0.003748802074525058,X_pr,0.9411764705882353,true,true,peptide_scavenging,high,dppA;dppB;dppC;dtpT;endopeptidase;oppA;oppB;pepA;pepD;pepN;pepQ;pepT,"",12,13,0.9411764705882353,1.0,1.0
FW_TWAS_AS_rep_2,GCF_049943315.1,0.003748802074525058,X_li,0.75,true,true,lipolysis,medium,acylglycerol_lipase;esterase;fadD;lysophospholipase;phospholipase,"",5,6,0.75,1.0,1.0
FW_TWAS_AS_rep_2,GCF_049943315.1,0.003748802074525058,X_su,0.9230769230769231,true,true,entner_doudoroff,high,adhE;eda;edd;gapA;glcP;pfor;ptsG;pyk,"",8,9,0.9230769230769231,1.0,1.0
FW_TWAS_AS_rep_2,GCF_049943315.1,0.003748802074525058,X_aa,1.0,true,true,general_amino_acid_catabolism,high,dppA;dtpT;gdh;ilvE;oppA;pfor;tdcB,"",7,7,1.0,1.0,1.0
FW_TWAS_AS_rep_2,GCF_049943315.1,0.003748802074525058,X_fa,0.9,true,true,lcfa_beta_oxidation,high,etfA;fadA;fadB;fadD;fadE,"",5,6,0.9,1.0,1.0
FW_TWAS_AS_rep_2,GCF_049943315.1,0.003748802074525058,X_ac_et,0.0,false,true,ethanol_acetate_chain_initiation,none,ackA;acs;adh;adhE;aldh;bcd;crt;etfA;hbd;pta;thl,etfB,11,12,0.9333333333333333,0.8571428571428571,1.0
FW_TWAS_AS_rep_2,GCF_049943315.1,0.003748802074525058,X_ac_lac,0.0,false,true,lactate_acetate_chain_initiation,none,ackA;acs;bcd;crt;etfA;hbd;pfor;pta;thl,etfB;lctD;one_of(lctB|lctC),9,13,0.6875,0.625,1.0
FW_TWAS_AS_rep_2,GCF_049943315.1,0.003748802074525058,X_chain_et,0.0,false,true,ethanol_reverse_beta_oxidation,none,adh;adhE;aldh;bcd;cat;crt;etfA;hbd;thl,etfB,9,10,0.9230769230769231,0.8888888888888888,1.0
FW_TWAS_AS_rep_2,GCF_049943315.1,0.003748802074525058,X_chain_lac,0.0,false,true,lactate_reverse_beta_oxidation,none,bcd;cat;crt;etfA;hbd;pfor;thl,etfB;lctD;one_of(lctB|lctC),7,11,0.6428571428571429,0.7,0.7777777777777778
FW_TWAS_AS_rep_2,GCF_049943315.1,0.003748802074525058,X_VFA_deg,0.8421875,false,true,syntrophic_butyrate_oxidation,partial,bcd;crt;etfA;fdhA;hbd;hydA;rnfB;thl,etfB,8,9,0.9166666666666666,0.875,1.0
FW_TWAS_AS_rep_2,GCF_049943315.1,0.003748802074525058,X_Me_ac,0.0,false,true,acetoclastic_ack_pta,none,ackA;pta,mcrA;one_of(cdhC|cdhD|cdhE),2,8,0.2222222222222222,0.5,0.4
FW_TWAS_AS_rep_2,GCF_049943315.1,0.003748802074525058,X_Me_CO2,0.0,false,true,hydrogenotrophic_core,none,mer,mcrA;one_of(fwdA);one_of(ftr);one_of(mch),1,8,0.1111111111111111,0.2,0.16666666666666666
FW_TWAS_AS_rep_2,GCF_049943315.1,0.003748802074525058,X_et,1.0,true,true,ethanol_to_acetyl_coa,high,ackA;acs;adh;adhE;aldh;pta,"",6,6,1.0,1.0,1.0
FW_TWAS_AS_rep_2,GCF_049943315.1,0.003748802074525058,X_lac,0.23010416666666667,false,true,lactate_to_pyruvate,partial,pfor;rnfB,lctD,2,5,0.375,0.6666666666666666,0.6666666666666666
FW_TWAS_AS_rep_2,GCA_023622505.1,0.0019448672416708945,X_ch,0.13017857142857145,false,true,starch_utilization,partial,agl,cazy_GH13,1,4,0.2857142857142857,0.5,0.5
FW_TWAS_AS_rep_2,GCA_023622505.1,0.0019448672416708945,X_pr,0.6470588235294118,true,true,peptide_scavenging,low,dppA;dppB;dppC;endopeptidase;oppA;oppB;pepQ;pepT,"",8,13,0.6470588235294118,1.0,1.0
FW_TWAS_AS_rep_2,GCA_023622505.1,0.0019448672416708945,X_li,0.5,true,true,lipolysis,low,acylglycerol_lipase;fadD;lysophospholipase,"",3,6,0.5,1.0,1.0
FW_TWAS_AS_rep_2,GCA_023622505.1,0.0019448672416708945,X_su,0.6484848484848486,false,true,pentose_fermentation,partial,adhE;gapA;pfor;pyk;xylB;xylF,xylA,6,8,0.7272727272727273,0.8333333333333334,1.0
FW_TWAS_AS_rep_2,GCA_023622505.1,0.0019448672416708945,X_aa,0.7,true,true,general_amino_acid_catabolism,medium,dppA;gdh;oppA;pfor;tdcB,"",5,7,0.7,1.0,1.0
FW_TWAS_AS_rep_2,GCA_023622505.1,0.0019448672416708945,X_fa,0.6960000000000001,false,true,lcfa_beta_oxidation,partial,etfA;etfB;fadA;fadD;fadE,fadB,5,6,0.8,0.8,1.0
FW_TWAS_AS_rep_2,GCA_023622505.1,0.0019448672416708945,X_ac_et,0.8,true,true,ethanol_acetate_chain_initiation,medium,ackA;acs;adh;adhE;bcd;etfA;etfB;pta;thl,"",9,12,0.8,1.0,1.0
FW_TWAS_AS_rep_2,GCA_023622505.1,0.0019448672416708945,X_ac_lac,0.0,false,true,lactate_acetate_chain_initiation,none,ackA;acs;bcd;etfA;etfB;pfor;pta;thl,lctD;one_of(lctB|lctC),8,13,0.625,0.75,0.8888888888888888
FW_TWAS_AS_rep_2,GCA_023622505.1,0.0019448672416708945,X_chain_et,0.0,false,true,ethanol_reverse_beta_oxidation,none,adh;adhE;bcd;cat;etfA;etfB;thl,one_of(hbd);one_of(crt),7,10,0.7692307692307693,0.7777777777777778,0.875
FW_TWAS_AS_rep_2,GCA_023622505.1,0.0019448672416708945,X_chain_lac,0.0,false,true,lactate_reverse_beta_oxidation,none,bcd;cat;etfA;etfB;pfor;thl,lctD;one_of(hbd);one_of(crt);one_of(lctB|lctC),6,11,0.5714285714285714,0.6,0.6666666666666666
FW_TWAS_AS_rep_2,GCA_023622505.1,0.0019448672416708945,X_VFA_deg,0.6979166666666667,false,true,syntrophic_butyrate_oxidation,partial,bcd;etfA;etfB;fdhA;hydA;rnfB;thl,one_of(hbd);one_of(crt),7,9,0.8333333333333334,0.75,1.0
FW_TWAS_AS_rep_2,GCA_023622505.1,0.0019448672416708945,X_Me_ac,0.0,false,true,acetoclastic_ack_pta,none,ackA;mcrA;pta,one_of(cdhC|cdhD|cdhE),3,8,0.4444444444444444,0.75,0.6
FW_TWAS_AS_rep_2,GCA_023622505.1,0.0019448672416708945,X_Me_CO2,0.0,false,true,hydrogenotrophic_core,none,mcrA,one_of(fwdA);one_of(ftr);one_of(mch);one_of(mtd|mer),1,8,0.2222222222222222,0.2,0.16666666666666666
FW_TWAS_AS_rep_2,GCA_023622505.1,0.0019448672416708945,X_et,0.8,true,true,ethanol_to_acetyl_coa,medium,ackA;acs;adh;adhE;pta,"",5,6,0.8,1.0,1.0
FW_TWAS_AS_rep_2,GCA_023622505.1,0.0019448672416708945,X_lac,0.23010416666666667,false,true,lactate_to_pyruvate,partial,pfor;rnfB,lctD,2,5,0.375,0.6666666666666666,0.6666666666666666
FW_TWAS_AS_rep_2,GCA_022837705.1,0.0019166807599075484,X_ch,1.0,true,true,pectin_utilization,high,cazy_CE8;cazy_GH43;cazy_PL1;susC;susD,"",5,5,1.0,1.0,1.0
FW_TWAS_AS_rep_2,GCA_022837705.1,0.0019166807599075484,X_pr,0.47058823529411764,true,true,peptide_scavenging,low,dtpT;endopeptidase;pepD;pepO;pepQ;pepT,"",6,13,0.47058823529411764,1.0,1.0
FW_TWAS_AS_rep_2,GCA_022837705.1,0.0019166807599075484,X_li,0.4166666666666667,true,true,lipolysis,low,esterase;fadD;lysophospholipase,"",3,6,0.4166666666666667,1.0,1.0
FW_TWAS_AS_rep_2,GCA_022837705.1,0.0019166807599075484,X_su,0.8461538461538461,true,true,entner_doudoroff,medium,eda;edd;gapA;glcP;lctD;pfor;pyk,"",7,9,0.8461538461538461,1.0,1.0
FW_TWAS_AS_rep_2,GCA_022837705.1,0.0019166807599075484,X_aa,0.6,true,true,general_amino_acid_catabolism,low,dtpT;gdh;ilvE;pfor,"",4,7,0.6,1.0,1.0
FW_TWAS_AS_rep_2,GCA_022837705.1,0.0019166807599075484,X_fa,0.6960000000000001,false,true,lcfa_beta_oxidation,partial,etfA;etfB;fadB;fadD;fadE,fadA,5,6,0.8,0.8,1.0
FW_TWAS_AS_rep_2,GCA_022837705.1,0.0019166807599075484,X_ac_et,0.0,false,true,ethanol_acetate_chain_initiation,none,ackA;acs;adh;bcd;etfA;etfB;hbd;pta,thl;one_of(adhE|aldh),8,12,0.6,0.7142857142857143,1.0
FW_TWAS_AS_rep_2,GCA_022837705.1,0.0019166807599075484,X_ac_lac,0.0,false,true,lactate_acetate_chain_initiation,none,ackA;acs;bcd;etfA;etfB;hbd;lctB;lctC;lctD;pfor;pta,thl,11,13,0.8125,0.875,1.0
FW_TWAS_AS_rep_2,GCA_022837705.1,0.0019166807599075484,X_chain_et,0.0,false,true,ethanol_reverse_beta_oxidation,none,adh;bcd;etfA;etfB;hbd,cat;one_of(thl);one_of(crt);one_of(adhE|aldh),5,10,0.46153846153846156,0.5555555555555556,0.625
FW_TWAS_AS_rep_2,GCA_022837705.1,0.0019166807599075484,X_chain_lac,0.0,false,true,lactate_reverse_beta_oxidation,none,bcd;etfA;etfB;hbd;lctB;lctC;lctD;pfor,cat;one_of(thl);one_of(crt),8,11,0.7142857142857143,0.7,0.8888888888888888
FW_TWAS_AS_rep_2,GCA_022837705.1,0.0019166807599075484,X_VFA_deg,0.7178571428571429,false,true,syntrophic_propionate_mmc,partial,fdhA;fumB;hydA;mdh;mmcE;mmcF;mmcG;pfor,sucC;sucD,8,10,0.8571428571428571,0.75,1.0
FW_TWAS_AS_rep_2,GCA_022837705.1,0.0019166807599075484,X_Me_ac,0.0,false,true,acetoclastic_ack_pta,none,ackA;pta,mcrA;one_of(cdhC|cdhD|cdhE),2,8,0.2222222222222222,0.5,0.4
FW_TWAS_AS_rep_2,GCA_022837705.1,0.0019166807599075484,X_Me_CO2,0.0,false,true,hydrogenotrophic_core,none,"",mcrA;one_of(fwdA);one_of(ftr);one_of(mch);one_of(mtd|mer),0,8,0.0,0.0,0.0
FW_TWAS_AS_rep_2,GCA_022837705.1,0.0019166807599075484,X_et,0.39166666666666666,false,true,ethanol_to_acetyl_coa,partial,ackA;acs;adh;pta,one_of(adhE|aldh),4,6,0.5,0.6666666666666666,1.0
FW_TWAS_AS_rep_2,GCA_022837705.1,0.0019166807599075484,X_lac,1.0,true,true,lactate_to_pyruvate,high,lctB;lctC;lctD;pfor;rnfB,"",5,5,1.0,1.0,1.0
FW_TWAS_AS_rep_2,GCA_036567785.1,0.0019166807599075484,X_ch,0.7142857142857143,true,true,starch_utilization,medium,agl;cazy_GH13,"",2,4,0.7142857142857143,1.0,1.0
FW_TWAS_AS_rep_2,GCA_036567785.1,0.0019166807599075484,X_pr,0.8235294117647058,true,true,peptide_scavenging,medium,dppA;dppB;dppC;dtpT;endopeptidase;oppA;oppB;pepD;pepQ;pepT,"",10,13,0.8235294117647058,1.0,1.0
FW_TWAS_AS_rep_2,GCA_036567785.1,0.0019166807599075484,X_li,0.75,true,true,lipolysis,medium,acylglycerol_lipase;esterase;fadD;lysophospholipase;phospholipase,"",5,6,0.75,1.0,1.0
FW_TWAS_AS_rep_2,GCA_036567785.1,0.0019166807599075484,X_su,0.7361538461538462,false,true,entner_doudoroff,partial,adhE;eda;edd;gapA;lctD;pfor;pyk,one_of(ptsG|glcP),7,9,0.8461538461538461,0.8,1.0
FW_TWAS_AS_rep_2,GCA_036567785.1,0.0019166807599075484,X_aa,1.0,true,true,general_amino_acid_catabolism,high,dppA;dtpT;gdh;ilvE;oppA;pfor;tdcB,"",7,7,1.0,1.0,1.0
FW_TWAS_AS_rep_2,GCA_036567785.1,0.0019166807599075484,X_fa,1.0,true,true,lcfa_beta_oxidation,high,etfA;etfB;fadA;fadB;fadD;fadE,"",6,6,1.0,1.0,1.0
FW_TWAS_AS_rep_2,GCA_036567785.1,0.0019166807599075484,X_ac_et,0.8666666666666667,true,true,ethanol_acetate_chain_initiation,medium,ackA;acs;adh;adhE;bcd;crt;etfA;etfB;hbd;thl,"",10,12,0.8666666666666667,1.0,1.0
FW_TWAS_AS_rep_2,GCA_036567785.1,0.0019166807599075484,X_ac_lac,0.9375,true,true,lactate_acetate_chain_initiation,high,ackA;acs;bcd;crt;etfA;etfB;hbd;lctB;lctC;lctD;pfor;thl,"",12,13,0.9375,1.0,1.0
FW_TWAS_AS_rep_2,GCA_036567785.1,0.0019166807599075484,X_chain_et,0.9230769230769231,true,true,ethanol_reverse_beta_oxidation,high,adh;adhE;bcd;cat;crt;etfA;etfB;hbd;thl,"",9,10,0.9230769230769231,1.0,1.0
FW_TWAS_AS_rep_2,GCA_036567785.1,0.0019166807599075484,X_chain_lac,1.0,true,true,lactate_reverse_beta_oxidation,high,bcd;cat;crt;etfA;etfB;hbd;lctB;lctC;lctD;pfor;thl,"",11,11,1.0,1.0,1.0
FW_TWAS_AS_rep_2,GCA_036567785.1,0.0019166807599075484,X_VFA_deg,1.0,true,true,syntrophic_butyrate_oxidation,high,bcd;crt;etfA;etfB;fdhA;hbd;hydA;rnfB;thl,"",9,9,1.0,1.0,1.0
FW_TWAS_AS_rep_2,GCA_036567785.1,0.0019166807599075484,X_Me_ac,0.0,false,true,acetoclastic_ack_pta,none,ackA,mcrA;pta;one_of(cdhC|cdhD|cdhE),1,8,0.1111111111111111,0.25,0.2
FW_TWAS_AS_rep_2,GCA_036567785.1,0.0019166807599075484,X_Me_CO2,0.0,false,true,hydrogenotrophic_core,none,fwdA,mcrA;one_of(ftr);one_of(mch);one_of(mtd|mer),1,8,0.1111111111111111,0.2,0.16666666666666666
FW_TWAS_AS_rep_2,GCA_036567785.1,0.0019166807599075484,X_et,0.7,true,true,ethanol_to_acetyl_coa,medium,ackA;acs;adh;adhE,"",4,6,0.7,1.0,1.0
FW_TWAS_AS_rep_2,GCA_036567785.1,0.0019166807599075484,X_lac,1.0,true,true,lactate_to_pyruvate,high,lctB;lctC;lctD;pfor;rnfB,"",5,5,1.0,1.0,1.0
FW_TWAS_AS_rep_2,GCA_021808285.1,0.001888494278144202,X_ch,0.7142857142857143,true,true,starch_utilization,medium,agl;cazy_GH13,"",2,4,0.7142857142857143,1.0,1.0
FW_TWAS_AS_rep_2,GCA_021808285.1,0.001888494278144202,X_pr,0.4117647058823529,true,true,peptide_scavenging,low,dtpT;pepA;pepN;pepO;pepQ;pepT,"",6,13,0.4117647058823529,1.0,1.0
FW_TWAS_AS_rep_2,GCA_021808285.1,0.001888494278144202,X_li,0.5833333333333334,true,true,lipolysis,low,acylglycerol_lipase;esterase;fadD;lysophospholipase,"",4,6,0.5833333333333334,1.0,1.0
FW_TWAS_AS_rep_2,GCA_021808285.1,0.001888494278144202,X_su,0.34933846153846154,false,true,entner_doudoroff,partial,adhE;edd;gapA;glcP,eda,4,9,0.46153846153846156,0.8,0.8
FW_TWAS_AS_rep_2,GCA_021808285.1,0.001888494278144202,X_aa,0.5483333333333333,false,true,general_amino_acid_catabolism,partial,dtpT;gdh;ilvE;tdcB,one_of(pfor),4,7,0.7,0.6666666666666666,1.0
FW_TWAS_AS_rep_2,GCA_021808285.1,0.001888494278144202,X_fa,1.0,true,true,lcfa_beta_oxidation,high,etfA;etfB;fadA;fadB;fadD;fadE,"",6,6,1.0,1.0,1.0
FW_TWAS_AS_rep_2,GCA_021808285.1,0.001888494278144202,X_ac_et,0.8666666666666667,true,true,ethanol_acetate_chain_initiation,medium,acs;adh;adhE;aldh;bcd;crt;etfA;etfB;hbd;thl,"",10,12,0.8666666666666667,1.0,1.0
FW_TWAS_AS_rep_2,GCA_021808285.1,0.001888494278144202,X_ac_lac,0.0,false,true,lactate_acetate_chain_initiation,none,acs;bcd;crt;etfA;etfB;hbd;lctB;thl,lctD;one_of(pfor),8,13,0.625,0.75,0.8888888888888888
FW_TWAS_AS_rep_2,GCA_021808285.1,0.001888494278144202,X_chain_et,1.0,true,true,ethanol_reverse_beta_oxidation,high,adh;adhE;aldh;bcd;cat;crt;etfA;etfB;hbd;thl,"",10,10,1.0,1.0,1.0
FW_TWAS_AS_rep_2,GCA_021808285.1,0.001888494278144202,X_chain_lac,0.0,false,true,lactate_reverse_beta_oxidation,none,bcd;cat;crt;etfA;etfB;hbd;lctB;thl,lctD;one_of(pfor),8,11,0.7142857142857143,0.8,0.8888888888888888
FW_TWAS_AS_rep_2,GCA_021808285.1,0.001888494278144202,X_VFA_deg,1.0,true,true,syntrophic_butyrate_oxidation,high,bcd;crt;etfA;etfB;fdhA;hbd;hydA;rnfB;thl,"",9,9,1.0,1.0,1.0
FW_TWAS_AS_rep_2,GCA_021808285.1,0.001888494278144202,X_Me_ac,0.0,false,true,acetoclastic_acs,none,acs,mcrA;one_of(cdhC|cdhD|cdhE),1,7,0.2222222222222222,0.3333333333333333,0.25
FW_TWAS_AS_rep_2,GCA_021808285.1,0.001888494278144202,X_Me_CO2,0.0,false,true,hydrogenotrophic_core,none,mer,mcrA;one_of(fwdA);one_of(ftr);one_of(mch),1,8,0.1111111111111111,0.2,0.16666666666666666
FW_TWAS_AS_rep_2,GCA_021808285.1,0.001888494278144202,X_et,0.8,true,true,ethanol_to_acetyl_coa,medium,acs;adh;adhE;aldh,"",4,6,0.8,1.0,1.0
FW_TWAS_AS_rep_2,GCA_021808285.1,0.001888494278144202,X_lac,0.11097222222222222,false,true,lactate_to_pyruvate,partial,lctB;rnfB,lctD;pfor,2,5,0.25,0.3333333333333333,0.6666666666666666
FW_TWAS_AS_rep_2,GCA_040772985.1,0.0018603077963808556,X_ch,0.7142857142857143,true,true,starch_utilization,medium,agl;cazy_GH13,"",2,4,0.7142857142857143,1.0,1.0
FW_TWAS_AS_rep_2,GCA_040772985.1,0.0018603077963808556,X_pr,0.3578409090909091,false,true,proteolysis_and_peptide_import,partial,endopeptidase;extracellular_protease;pepN,one_of(oppA|oppB|dtpT),3,7,0.5454545454545454,0.6666666666666666,0.75
FW_TWAS_AS_rep_2,GCA_040772985.1,0.0018603077963808556,X_li,0.0759375,false,true,lipolysis,partial,fadD,one_of(lipase|lysophospholipase|acylglycerol_lipase|phospholipase),1,6,0.16666666666666666,0.5,0.5
FW_TWAS_AS_rep_2,GCA_040772985.1,0.0018603077963808556,X_su,0.31748737373737373,false,true,hexose_fermentation,partial,adhE;gapA;pfkA;pfor;pgi,pyk;one_of(ptsG|glcP),5,9,0.45454545454545453,0.6666666666666666,0.8333333333333334
FW_TWAS_AS_rep_2,GCA_040772985.1,0.0018603077963808556,X_aa,0.18408333333333332,false,true,general_amino_acid_catabolism,partial,gdh;pfor,one_of(oppA|dppA|dtpT),2,7,0.3,0.6666666666666666,0.6666666666666666
FW_TWAS_AS_rep_2,GCA_040772985.1,0.0018603077963808556,X_fa,0.6960000000000001,false,true,lcfa_beta_oxidation,partial,etfA;etfB;fadA;fadD;fadE,fadB,5,6,0.8,0.8,1.0
FW_TWAS_AS_rep_2,GCA_040772985.1,0.0018603077963808556,X_ac_et,0.7333333333333333,true,true,ethanol_acetate_chain_initiation,medium,ackA;acs;adhE;bcd;etfA;etfB;pta;thl,"",8,12,0.7333333333333333,1.0,1.0
FW_TWAS_AS_rep_2,GCA_040772985.1,0.0018603077963808556,X_ac_lac,0.0,false,true,lactate_acetate_chain_initiation,none,ackA;acs;bcd;etfA;etfB;pfor;pta;thl,lctD;one_of(lctB|lctC),8,13,0.625,0.75,0.8888888888888888
FW_TWAS_AS_rep_2,GCA_040772985.1,0.0018603077963808556,X_chain_et,0.0,false,true,ethanol_reverse_beta_oxidation,none,adhE;bcd;cat;etfA;etfB;thl,one_of(hbd);one_of(crt),6,10,0.6923076923076923,0.7777777777777778,0.75
FW_TWAS_AS_rep_2,GCA_040772985.1,0.0018603077963808556,X_chain_lac,0.0,false,true,lactate_reverse_beta_oxidation,none,bcd;cat;etfA;etfB;pfor;thl,lctD;one_of(hbd);one_of(crt);one_of(lctB|lctC),6,11,0.5714285714285714,0.6,0.6666666666666666
FW_TWAS_AS_rep_2,GCA_040772985.1,0.0018603077963808556,X_VFA_deg,0.6979166666666667,false,true,syntrophic_butyrate_oxidation,partial,bcd;etfA;etfB;fdhA;hydA;rnfB;thl,one_of(hbd);one_of(crt),7,9,0.8333333333333334,0.75,1.0
FW_TWAS_AS_rep_2,GCA_040772985.1,0.0018603077963808556,X_Me_ac,0.0,false,true,acetoclastic_ack_pta,none,ackA;pta,mcrA;one_of(cdhC|cdhD|cdhE),2,8,0.2222222222222222,0.5,0.4
FW_TWAS_AS_rep_2,GCA_040772985.1,0.0018603077963808556,X_Me_CO2,0.0,false,true,hydrogenotrophic_core,none,"",mcrA;one_of(fwdA);one_of(ftr);one_of(mch);one_of(mtd|mer),0,8,0.0,0.0,0.0
FW_TWAS_AS_rep_2,GCA_040772985.1,0.0018603077963808556,X_et,0.6,true,true,ethanol_to_acetyl_coa,low,ackA;acs;adhE;pta,"",4,6,0.6,1.0,1.0
FW_TWAS_AS_rep_2,GCA_040772985.1,0.0018603077963808556,X_lac,0.23010416666666667,false,true,lactate_to_pyruvate,partial,pfor;rnfB,lctD,2,5,0.375,0.6666666666666666,0.6666666666666666
FW_TWAS_AS_rep_2,GCA_964527785.1,0.0018321213146175095,X_ch,0.06508928571428572,false,true,starch_utilization,partial,susC,cazy_GH13,1,4,0.14285714285714285,0.5,0.5
FW_TWAS_AS_rep_2,GCA_964527785.1,0.0018321213146175095,X_pr,0.6470588235294118,true,true,peptide_scavenging,low,dppA;dppB;dppC;oppA;oppB;pepA;pepN;pepQ;pepT,"",9,13,0.6470588235294118,1.0,1.0
FW_TWAS_AS_rep_2,GCA_964527785.1,0.0018321213146175095,X_li,0.75,true,true,lipolysis,medium,acylglycerol_lipase;fadD;lipase;lysophospholipase,"",4,6,0.75,1.0,1.0
FW_TWAS_AS_rep_2,GCA_964527785.1,0.0018321213146175095,X_su,0.48636363636363633,false,true,hexose_fermentation,partial,adhE;gapA;pfkA;pfor;pgi;pyk,one_of(ptsG|glcP),6,9,0.5454545454545454,0.8333333333333334,1.0
FW_TWAS_AS_rep_2,GCA_964527785.1,0.0018321213146175095,X_aa,0.9,true,true,general_amino_acid_catabolism,high,dppA;gdh;ilvE;oppA;pfor;tdcB,"",6,7,0.9,1.0,1.0
FW_TWAS_AS_rep_2,GCA_964527785.1,0.0018321213146175095,X_fa,1.0,true,true,lcfa_beta_oxidation,high,etfA;etfB;fadA;fadB;fadD;fadE,"",6,6,1.0,1.0,1.0
FW_TWAS_AS_rep_2,GCA_964527785.1,0.0018321213146175095,X_ac_et,0.8666666666666667,true,true,ethanol_acetate_chain_initiation,medium,acs;adh;adhE;bcd;crt;etfA;etfB;hbd;pta;thl,"",10,12,0.8666666666666667,1.0,1.0
FW_TWAS_AS_rep_2,GCA_964527785.1,0.0018321213146175095,X_ac_lac,0.0,false,true,lactate_acetate_chain_initiation,none,acs;bcd;crt;etfA;etfB;hbd;pfor;pta;thl,lctD;one_of(lctB|lctC),9,13,0.6875,0.75,1.0
FW_TWAS_AS_rep_2,GCA_964527785.1,0.0018321213146175095,X_chain_et,0.0,false,true,ethanol_reverse_beta_oxidation,none,adh;adhE;bcd;crt;etfA;etfB;hbd;thl,cat,8,10,0.7692307692307693,0.8888888888888888,1.0
FW_TWAS_AS_rep_2,GCA_964527785.1,0.0018321213146175095,X_chain_lac,0.0,false,true,lactate_reverse_beta_oxidation,none,bcd;crt;etfA;etfB;hbd;pfor;thl,cat;lctD;one_of(lctB|lctC),7,11,0.5714285714285714,0.7,0.7777777777777778
FW_TWAS_AS_rep_2,GCA_964527785.1,0.0018321213146175095,X_VFA_deg,0.853125,false,true,syntrophic_propionate_mmc,partial,fdhA;hydA;mdh;mmcE;mmcF;mmcG;pfor;sucC;sucD,one_of(fumB),9,10,0.9285714285714286,0.875,1.0
FW_TWAS_AS_rep_2,GCA_964527785.1,0.0018321213146175095,X_Me_ac,0.0,false,true,acetoclastic_ack_pta,none,pta,mcrA;ackA;one_of(cdhC|cdhD|cdhE),1,8,0.1111111111111111,0.25,0.2
FW_TWAS_AS_rep_2,GCA_964527785.1,0.0018321213146175095,X_Me_CO2,0.0,false,true,hydrogenotrophic_core,none,fwdA,mcrA;one_of(ftr);one_of(mch);one_of(mtd|mer),1,8,0.1111111111111111,0.2,0.16666666666666666
FW_TWAS_AS_rep_2,GCA_964527785.1,0.0018321213146175095,X_et,0.7,true,true,ethanol_to_acetyl_coa,medium,acs;adh;adhE;pta,"",4,6,0.7,1.0,1.0
FW_TWAS_AS_rep_2,GCA_964527785.1,0.0018321213146175095,X_lac,0.08027777777777777,false,true,lactate_to_pyruvate,partial,pfor,lctD;one_of(lctB|lctC|rnfB),1,5,0.25,0.3333333333333333,0.3333333333333333
FW_TWAS_AS_rep_2,GCA_963849015.1,0.0018321213146175095,X_ch,0.11390625000000001,false,true,xylan_utilization,partial,xylA;xylB,one_of(cazy_GH10|cazy_GH11);one_of(cazy_GH43|cazy_CBM6),2,6,0.25,0.5,0.5
FW_TWAS_AS_rep_2,GCA_963849015.1,0.0018321213146175095,X_pr,0.9090909090909091,true,true,proteolysis_and_peptide_import,high,dtpT;endopeptidase;extracellular_protease;oppA;oppB;pepN,"",6,7,0.9090909090909091,1.0,1.0
FW_TWAS_AS_rep_2,GCA_963849015.1,0.0018321213146175095,X_li,0.5833333333333334,true,true,lipolysis,low,acylglycerol_lipase;esterase;fadD;lysophospholipase,"",4,6,0.5833333333333334,1.0,1.0
FW_TWAS_AS_rep_2,GCA_963849015.1,0.0018321213146175095,X_su,0.8181818181818182,true,true,hexose_fermentation,medium,adhE;gapA;glcP;lctD;pfkA;pfor;pgi;pyk,"",8,9,0.8181818181818182,1.0,1.0
FW_TWAS_AS_rep_2,GCA_963849015.1,0.0018321213146175095,X_aa,1.0,true,true,general_amino_acid_catabolism,high,dppA;dtpT;gdh;ilvE;oppA;pfor;tdcB,"",7,7,1.0,1.0,1.0
FW_TWAS_AS_rep_2,GCA_963849015.1,0.0018321213146175095,X_fa,1.0,true,true,lcfa_beta_oxidation,high,etfA;etfB;fadA;fadB;fadD;fadE,"",6,6,1.0,1.0,1.0
FW_TWAS_AS_rep_2,GCA_963849015.1,0.0018321213146175095,X_ac_et,1.0,true,true,ethanol_acetate_chain_initiation,high,ackA;acs;adh;adhE;aldh;bcd;crt;etfA;etfB;hbd;pta;thl,"",12,12,1.0,1.0,1.0
FW_TWAS_AS_rep_2,GCA_963849015.1,0.0018321213146175095,X_ac_lac,1.0,true,true,lactate_acetate_chain_initiation,high,ackA;acs;bcd;crt;etfA;etfB;hbd;lctB;lctC;lctD;pfor;pta;thl,"",13,13,1.0,1.0,1.0
FW_TWAS_AS_rep_2,GCA_963849015.1,0.0018321213146175095,X_chain_et,1.0,true,true,ethanol_reverse_beta_oxidation,high,adh;adhE;aldh;bcd;cat;crt;etfA;etfB;hbd;thl,"",10,10,1.0,1.0,1.0
FW_TWAS_AS_rep_2,GCA_963849015.1,0.0018321213146175095,X_chain_lac,1.0,true,true,lactate_reverse_beta_oxidation,high,bcd;cat;crt;etfA;etfB;hbd;lctB;lctC;lctD;pfor;thl,"",11,11,1.0,1.0,1.0
FW_TWAS_AS_rep_2,GCA_963849015.1,0.0018321213146175095,X_VFA_deg,1.0,true,true,syntrophic_propionate_mmc,high,fdhA;fumB;hydA;mdh;mmcE;mmcF;mmcG;pfor;sucC;sucD,"",10,10,1.0,1.0,1.0
FW_TWAS_AS_rep_2,GCA_963849015.1,0.0018321213146175095,X_Me_ac,0.0,false,true,acetoclastic_ack_pta,none,ackA;cdhC;pta,mcrA,3,8,0.3333333333333333,0.75,0.6
FW_TWAS_AS_rep_2,GCA_963849015.1,0.0018321213146175095,X_Me_CO2,0.0,false,true,hydrogenotrophic_core,none,fwdA;mer,mcrA;one_of(ftr);one_of(mch),2,8,0.2222222222222222,0.4,0.3333333333333333
FW_TWAS_AS_rep_2,GCA_963849015.1,0.0018321213146175095,X_et,1.0,true,true,ethanol_to_acetyl_coa,high,ackA;acs;adh;adhE;aldh;pta,"",6,6,1.0,1.0,1.0
FW_TWAS_AS_rep_2,GCA_963849015.1,0.0018321213146175095,X_lac,1.0,true,true,lactate_to_pyruvate,high,lctB;lctC;lctD;pfor;rnfB,"",5,5,1.0,1.0,1.0
FW_TWAS_AS_rep_2,GCA_963709485.1,0.0017475618693274706,X_ch,0.06508928571428572,false,true,starch_utilization,partial,susC,cazy_GH13,1,4,0.14285714285714285,0.5,0.5
FW_TWAS_AS_rep_2,GCA_963709485.1,0.0017475618693274706,X_pr,0.6363636363636364,true,true,proteolysis_and_peptide_import,low,extracellular_protease;oppA;oppB;pepO,"",4,7,0.6363636363636364,1.0,1.0
FW_TWAS_AS_rep_2,GCA_963709485.1,0.0017475618693274706,X_li,0.5,true,true,lipolysis,low,acylglycerol_lipase;fadD;lysophospholipase,"",3,6,0.5,1.0,1.0
FW_TWAS_AS_rep_2,GCA_963709485.1,0.0017475618693274706,X_su,0.31748737373737373,false,true,hexose_fermentation,partial,adhE;gapA;pfkA;pfor;pgi,pyk;one_of(ptsG|glcP),5,9,0.45454545454545453,0.6666666666666666,0.8333333333333334
FW_TWAS_AS_rep_2,GCA_963709485.1,0.0017475618693274706,X_aa,0.9,true,true,general_amino_acid_catabolism,high,dppA;gdh;ilvE;oppA;pfor;tdcB,"",6,7,0.9,1.0,1.0
FW_TWAS_AS_rep_2,GCA_963709485.1,0.0017475618693274706,X_fa,1.0,true,true,lcfa_beta_oxidation,high,etfA;etfB;fadA;fadB;fadD;fadE,"",6,6,1.0,1.0,1.0
FW_TWAS_AS_rep_2,GCA_963709485.1,0.0017475618693274706,X_ac_et,0.9333333333333333,true,true,ethanol_acetate_chain_initiation,high,ackA;acs;adh;adhE;bcd;crt;etfA;etfB;hbd;pta;thl,"",11,12,0.9333333333333333,1.0,1.0
FW_TWAS_AS_rep_2,GCA_963709485.1,0.0017475618693274706,X_ac_lac,0.0,false,true,lactate_acetate_chain_initiation,none,ackA;acs;bcd;crt;etfA;etfB;hbd;pfor;pta;thl,lctD;one_of(lctB|lctC),10,13,0.75,0.75,1.0
FW_TWAS_AS_rep_2,GCA_963709485.1,0.0017475618693274706,X_chain_et,0.9230769230769231,true,true,ethanol_reverse_beta_oxidation,high,adh;adhE;bcd;cat;crt;etfA;etfB;hbd;thl,"",9,10,0.9230769230769231,1.0,1.0
FW_TWAS_AS_rep_2,GCA_963709485.1,0.0017475618693274706,X_chain_lac,0.0,false,true,lactate_reverse_beta_oxidation,none,bcd;cat;crt;etfA;etfB;hbd;pfor;thl,lctD;one_of(lctB|lctC),8,11,0.7142857142857143,0.8,0.8888888888888888
FW_TWAS_AS_rep_2,GCA_963709485.1,0.0017475618693274706,X_VFA_deg,1.0,true,true,syntrophic_butyrate_oxidation,high,bcd;crt;etfA;etfB;fdhA;hbd;hydA;rnfB;thl,"",9,9,1.0,1.0,1.0
FW_TWAS_AS_rep_2,GCA_963709485.1,0.0017475618693274706,X_Me_ac,0.0,false,true,acetoclastic_ack_pta,none,ackA;pta,mcrA;one_of(cdhC|cdhD|cdhE),2,8,0.2222222222222222,0.5,0.4
FW_TWAS_AS_rep_2,GCA_963709485.1,0.0017475618693274706,X_Me_CO2,0.0,false,true,hydrogenotrophic_core,none,fwdA,mcrA;one_of(ftr);one_of(mch);one_of(mtd|mer),1,8,0.1111111111111111,0.2,0.16666666666666666
FW_TWAS_AS_rep_2,GCA_963709485.1,0.0017475618693274706,X_et,0.8,true,true,ethanol_to_acetyl_coa,medium,ackA;acs;adh;adhE;pta,"",5,6,0.8,1.0,1.0
FW_TWAS_AS_rep_2,GCA_963709485.1,0.0017475618693274706,X_lac,0.23010416666666667,false,true,lactate_to_pyruvate,partial,pfor;rnfB,lctD,2,5,0.375,0.6666666666666666,0.6666666666666666
FW_TWAS_AS_rep_2,GCA_964404795.1,0.0017475618693274706,X_ch,0.040138888888888884,false,true,cellulose_utilization,partial,bgl,one_of(cazy_GH5|cazy_GH9|cazy_GH48);one_of(cazy_CBM3|cazy_GH48),1,5,0.125,0.3333333333333333,0.3333333333333333
FW_TWAS_AS_rep_2,GCA_964404795.1,0.0017475618693274706,X_pr,0.27647058823529413,false,true,peptide_scavenging,partial,dppA;oppA;pepN;pepQ,one_of(oppB|dppB|dppC|dtpT),4,13,0.35294117647058826,0.6666666666666666,1.0
FW_TWAS_AS_rep_2,GCA_964404795.1,0.0017475618693274706,X_li,0.0,false,true,lipolysis,none,"",one_of(lipase|lysophospholipase|acylglycerol_lipase|phospholipase);one_of(fadD|esterase),0,6,0.0,0.0,0.0
FW_TWAS_AS_rep_2,GCA_964404795.1,0.0017475618693274706,X_su,0.05838383838383838,false,true,hexose_fermentation,partial,gapA;pyk,pgi;pfkA;one_of(ptsG|glcP);one_of(pfor|adhE|lctD),2,9,0.18181818181818182,0.3333333333333333,0.3333333333333333
FW_TWAS_AS_rep_2,GCA_964404795.1,0.0017475618693274706,X_aa,0.08877777777777779,false,true,general_amino_acid_catabolism,partial,dppA;oppA,one_of(gdh|ilvE|tdcB);one_of(pfor),2,7,0.2,0.3333333333333333,0.6666666666666666
FW_TWAS_AS_rep_2,GCA_964404795.1,0.0017475618693274706,X_fa,0.0,false,true,lcfa_beta_oxidation,none,"",fadD;fadE;fadB;fadA;one_of(etfA|etfB),0,6,0.0,0.0,0.0
FW_TWAS_AS_rep_2,GCA_964404795.1,0.0017475618693274706,X_ac_et,0.0,false,true,ethanol_acetate_chain_initiation,none,"",thl;bcd;etfA;etfB;one_of(acs|ackA|pta);one_of(adhE|adh);one_of(adhE|aldh),0,12,0.0,0.0,0.0
FW_TWAS_AS_rep_2,GCA_964404795.1,0.0017475618693274706,X_ac_lac,0.0,false,true,lactate_acetate_chain_initiation,none,"",thl;bcd;etfA;etfB;lctD;one_of(acs|ackA|pta);one_of(lctB|lctC);one_of(pfor),0,13,0.0,0.0,0.0
FW_TWAS_AS_rep_2,GCA_964404795.1,0.0017475618693274706,X_chain_et,0.0,false,true,ethanol_reverse_beta_oxidation,none,"",bcd;etfA;etfB;cat;one_of(thl);one_of(hbd);one_of(crt);one_of(adhE|adh);one_of(adhE|aldh),0,10,0.0,0.0,0.0
FW_TWAS_AS_rep_2,GCA_964404795.1,0.0017475618693274706,X_chain_lac,0.0,false,true,lactate_reverse_beta_oxidation,none,"",bcd;etfA;etfB;cat;lctD;one_of(thl);one_of(hbd);one_of(crt);one_of(lctB|lctC);one_of(pfor),0,11,0.0,0.0,0.0
FW_TWAS_AS_rep_2,GCA_964404795.1,0.0017475618693274706,X_VFA_deg,0.0,false,true,syntrophic_propionate_mmc,none,"",mmcE;mmcF;mmcG;sucC;sucD;one_of(fumB);one_of(mdh);one_of(hydA|fdhA),0,10,0.0,0.0,0.0
FW_TWAS_AS_rep_2,GCA_964404795.1,0.0017475618693274706,X_Me_ac,0.0,false,true,acetoclastic_ack_pta,none,"",mcrA;ackA;pta;one_of(cdhC|cdhD|cdhE),0,8,0.0,0.0,0.0
FW_TWAS_AS_rep_2,GCA_964404795.1,0.0017475618693274706,X_Me_CO2,0.0,false,true,hydrogenotrophic_core,none,"",mcrA;one_of(fwdA);one_of(ftr);one_of(mch);one_of(mtd|mer),0,8,0.0,0.0,0.0
FW_TWAS_AS_rep_2,GCA_964404795.1,0.0017475618693274706,X_et,0.0,false,true,ethanol_to_acetyl_coa,none,"",one_of(adhE|adh);one_of(adhE|aldh);one_of(acs|pta|ackA),0,6,0.0,0.0,0.0
FW_TWAS_AS_rep_2,GCA_964404795.1,0.0017475618693274706,X_lac,0.0,false,true,lactate_to_pyruvate,none,"",lctD;pfor;one_of(lctB|lctC|rnfB),0,5,0.0,0.0,0.0
FW_TWAS_AS_rep_2,GCA_937858715.1,0.0016348159422740853,X_ch,1.0,true,true,pectin_utilization,high,cazy_CE8;cazy_GH43;cazy_PL1;susC;susD,"",5,5,1.0,1.0,1.0
FW_TWAS_AS_rep_2,GCA_937858715.1,0.0016348159422740853,X_pr,0.7272727272727273,true,true,proteolysis_and_peptide_import,medium,dtpT;endopeptidase;extracellular_protease;pepN;pepO,"",5,7,0.7272727272727273,1.0,1.0
FW_TWAS_AS_rep_2,GCA_937858715.1,0.0016348159422740853,X_li,0.5,true,true,lipolysis,low,acylglycerol_lipase;fadD;lysophospholipase,"",3,6,0.5,1.0,1.0
FW_TWAS_AS_rep_2,GCA_937858715.1,0.0016348159422740853,X_su,0.9230769230769231,true,true,entner_doudoroff,high,adhE;eda;edd;gapA;glcP;lctD;pfor;pyk,"",8,9,0.9230769230769231,1.0,1.0
FW_TWAS_AS_rep_2,GCA_937858715.1,0.0016348159422740853,X_aa,0.8,true,true,general_amino_acid_catabolism,medium,dtpT;gdh;ilvE;pfor;tdcB,"",5,7,0.8,1.0,1.0
FW_TWAS_AS_rep_2,GCA_937858715.1,0.0016348159422740853,X_fa,1.0,true,true,lcfa_beta_oxidation,high,etfA;etfB;fadA;fadB;fadD;fadE,"",6,6,1.0,1.0,1.0
FW_TWAS_AS_rep_2,GCA_937858715.1,0.0016348159422740853,X_ac_et,0.9333333333333333,true,true,ethanol_acetate_chain_initiation,high,ackA;acs;adh;adhE;bcd;crt;etfA;etfB;hbd;pta;thl,"",11,12,0.9333333333333333,1.0,1.0
FW_TWAS_AS_rep_2,GCA_937858715.1,0.0016348159422740853,X_ac_lac,1.0,true,true,lactate_acetate_chain_initiation,high,ackA;acs;bcd;crt;etfA;etfB;hbd;lctB;lctC;lctD;pfor;pta;thl,"",13,13,1.0,1.0,1.0
FW_TWAS_AS_rep_2,GCA_937858715.1,0.0016348159422740853,X_chain_et,0.9230769230769231,true,true,ethanol_reverse_beta_oxidation,high,adh;adhE;bcd;cat;crt;etfA;etfB;hbd;thl,"",9,10,0.9230769230769231,1.0,1.0
FW_TWAS_AS_rep_2,GCA_937858715.1,0.0016348159422740853,X_chain_lac,1.0,true,true,lactate_reverse_beta_oxidation,high,bcd;cat;crt;etfA;etfB;hbd;lctB;lctC;lctD;pfor;thl,"",11,11,1.0,1.0,1.0
FW_TWAS_AS_rep_2,GCA_937858715.1,0.0016348159422740853,X_VFA_deg,1.0,true,true,syntrophic_butyrate_oxidation,high,bcd;crt;etfA;etfB;fdhA;hbd;hydA;rnfB;thl,"",9,9,1.0,1.0,1.0
FW_TWAS_AS_rep_2,GCA_937858715.1,0.0016348159422740853,X_Me_ac,0.0,false,true,acetoclastic_ack_pta,none,ackA;pta,mcrA;one_of(cdhC|cdhD|cdhE),2,8,0.2222222222222222,0.5,0.4
FW_TWAS_AS_rep_2,GCA_937858715.1,0.0016348159422740853,X_Me_CO2,0.0,false,true,hydrogenotrophic_core,none,fwdA,mcrA;one_of(ftr);one_of(mch);one_of(mtd|mer),1,8,0.1111111111111111,0.2,0.16666666666666666
FW_TWAS_AS_rep_2,GCA_937858715.1,0.0016348159422740853,X_et,0.8,true,true,ethanol_to_acetyl_coa,medium,ackA;acs;adh;adhE;pta,"",5,6,0.8,1.0,1.0
FW_TWAS_AS_rep_2,GCA_937858715.1,0.0016348159422740853,X_lac,1.0,true,true,lactate_to_pyruvate,high,lctB;lctC;lctD;pfor;rnfB,"",5,5,1.0,1.0,1.0
FW_TWAS_AS_rep_2,GCA_937869105.1,0.0016348159422740853,X_ch,1.0,true,true,starch_utilization,high,agl;cazy_GH13;susC;susD,"",4,4,1.0,1.0,1.0
FW_TWAS_AS_rep_2,GCA_937869105.1,0.0016348159422740853,X_pr,0.7272727272727273,true,true,proteolysis_and_peptide_import,medium,dtpT;endopeptidase;extracellular_protease;pepN;pepO,"",5,7,0.7272727272727273,1.0,1.0
FW_TWAS_AS_rep_2,GCA_937869105.1,0.0016348159422740853,X_li,0.75,true,true,lipolysis,medium,acylglycerol_lipase;fadD;lipase;lysophospholipase,"",4,6,0.75,1.0,1.0
FW_TWAS_AS_rep_2,GCA_937869105.1,0.0016348159422740853,X_su,0.8461538461538461,true,true,entner_doudoroff,medium,adhE;eda;edd;gapA;glcP;pfor;pyk,"",7,9,0.8461538461538461,1.0,1.0
FW_TWAS_AS_rep_2,GCA_937869105.1,0.0016348159422740853,X_aa,0.8,true,true,general_amino_acid_catabolism,medium,dtpT;gdh;ilvE;pfor;tdcB,"",5,7,0.8,1.0,1.0
FW_TWAS_AS_rep_2,GCA_937869105.1,0.0016348159422740853,X_fa,1.0,true,true,lcfa_beta_oxidation,high,etfA;etfB;fadA;fadB;fadD;fadE,"",6,6,1.0,1.0,1.0
FW_TWAS_AS_rep_2,GCA_937869105.1,0.0016348159422740853,X_ac_et,1.0,true,true,ethanol_acetate_chain_initiation,high,ackA;acs;adh;adhE;aldh;bcd;crt;etfA;etfB;hbd;pta;thl,"",12,12,1.0,1.0,1.0
FW_TWAS_AS_rep_2,GCA_937869105.1,0.0016348159422740853,X_ac_lac,0.0,false,true,lactate_acetate_chain_initiation,none,ackA;acs;bcd;crt;etfA;etfB;hbd;lctB;pfor;pta;thl,lctD,11,13,0.8125,0.875,1.0
FW_TWAS_AS_rep_2,GCA_937869105.1,0.0016348159422740853,X_chain_et,1.0,true,true,ethanol_reverse_beta_oxidation,high,adh;adhE;aldh;bcd;cat;crt;etfA;etfB;hbd;thl,"",10,10,1.0,1.0,1.0
FW_TWAS_AS_rep_2,GCA_937869105.1,0.0016348159422740853,X_chain_lac,0.0,false,true,lactate_reverse_beta_oxidation,none,bcd;cat;crt;etfA;etfB;hbd;lctB;pfor;thl,lctD,9,11,0.7857142857142857,0.9,1.0
FW_TWAS_AS_rep_2,GCA_937869105.1,0.0016348159422740853,X_VFA_deg,1.0,true,true,syntrophic_butyrate_oxidation,high,bcd;crt;etfA;etfB;fdhA;hbd;hydA;rnfB;thl,"",9,9,1.0,1.0,1.0
FW_TWAS_AS_rep_2,GCA_937869105.1,0.0016348159422740853,X_Me_ac,0.0,false,true,acetoclastic_ack_pta,none,ackA;pta,mcrA;one_of(cdhC|cdhD|cdhE),2,8,0.2222222222222222,0.5,0.4
FW_TWAS_AS_rep_2,GCA_937869105.1,0.0016348159422740853,X_Me_CO2,0.0,false,true,hydrogenotrophic_core,none,fwdA;mer,mcrA;one_of(ftr);one_of(mch),2,8,0.2222222222222222,0.4,0.3333333333333333
FW_TWAS_AS_rep_2,GCA_937869105.1,0.0016348159422740853,X_et,1.0,true,true,ethanol_to_acetyl_coa,high,ackA;acs;adh;adhE;aldh;pta,"",6,6,1.0,1.0,1.0
FW_TWAS_AS_rep_2,GCA_937869105.1,0.0016348159422740853,X_lac,0.39166666666666666,false,true,lactate_to_pyruvate,partial,lctB;pfor;rnfB,lctD,3,5,0.5,0.6666666666666666,1.0
FW_TWAS_AS_rep_2,GCA_945868735.1,0.0015784429787473928,X_ch,1.0,true,true,starch_utilization,high,agl;cazy_GH13;susC;susD,"",4,4,1.0,1.0,1.0
FW_TWAS_AS_rep_2,GCA_945868735.1,0.0015784429787473928,X_pr,0.7272727272727273,true,true,proteolysis_and_peptide_import,medium,dtpT;extracellular_protease;oppA;oppB;pepN,"",5,7,0.7272727272727273,1.0,1.0
FW_TWAS_AS_rep_2,GCA_945868735.1,0.0015784429787473928,X_li,0.0759375,false,true,lipolysis,partial,fadD,one_of(lipase|lysophospholipase|acylglycerol_lipase|phospholipase),1,6,0.16666666666666666,0.5,0.5
FW_TWAS_AS_rep_2,GCA_945868735.1,0.0015784429787473928,X_su,0.31748737373737373,false,true,hexose_fermentation,partial,adhE;lctD;pfkA;pgi;pyk,gapA;one_of(ptsG|glcP),5,9,0.45454545454545453,0.6666666666666666,0.8333333333333334
FW_TWAS_AS_rep_2,GCA_945868735.1,0.0015784429787473928,X_aa,0.5483333333333333,false,true,general_amino_acid_catabolism,partial,dppA;dtpT;gdh;ilvE;oppA,one_of(pfor),5,7,0.7,0.6666666666666666,1.0
FW_TWAS_AS_rep_2,GCA_945868735.1,0.0015784429787473928,X_fa,1.0,true,true,lcfa_beta_oxidation,high,etfA;etfB;fadA;fadB;fadD;fadE,"",6,6,1.0,1.0,1.0
FW_TWAS_AS_rep_2,GCA_945868735.1,0.0015784429787473928,X_ac_et,0.8666666666666667,true,true,ethanol_acetate_chain_initiation,medium,acs;adh;adhE;bcd;crt;etfA;etfB;hbd;pta;thl,"",10,12,0.8666666666666667,1.0,1.0
FW_TWAS_AS_rep_2,GCA_945868735.1,0.0015784429787473928,X_ac_lac,0.0,false,true,lactate_acetate_chain_initiation,none,acs;bcd;crt;etfA;etfB;hbd;lctB;lctC;lctD;pta;thl,one_of(pfor),11,13,0.875,0.875,1.0
FW_TWAS_AS_rep_2,GCA_945868735.1,0.0015784429787473928,X_chain_et,0.9230769230769231,true,true,ethanol_reverse_beta_oxidation,high,adh;adhE;bcd;cat;crt;etfA;etfB;hbd;thl,"",9,10,0.9230769230769231,1.0,1.0
FW_TWAS_AS_rep_2,GCA_945868735.1,0.0015784429787473928,X_chain_lac,0.0,false,true,lactate_reverse_beta_oxidation,none,bcd;cat;crt;etfA;etfB;hbd;lctB;lctC;lctD;thl,one_of(pfor),10,11,0.9285714285714286,0.9,1.0
FW_TWAS_AS_rep_2,GCA_945868735.1,0.0015784429787473928,X_VFA_deg,0.6890624999999999,false,true,syntrophic_butyrate_oxidation,partial,bcd;crt;etfA;etfB;hbd;hydA;thl,one_of(rnfB),7,9,0.75,0.875,1.0
FW_TWAS_AS_rep_2,GCA_945868735.1,0.0015784429787473928,X_Me_ac,0.0,false,true,acetoclastic_ack_pta,none,pta,mcrA;ackA;one_of(cdhC|cdhD|cdhE),1,8,0.1111111111111111,0.25,0.2
FW_TWAS_AS_rep_2,GCA_945868735.1,0.0015784429787473928,X_Me_CO2,0.0,false,true,hydrogenotrophic_core,none,"",mcrA;one_of(fwdA);one_of(ftr);one_of(mch);one_of(mtd|mer),0,8,0.0,0.0,0.0
FW_TWAS_AS_rep_2,GCA_945868735.1,0.0015784429787473928,X_et,0.7,true,true,ethanol_to_acetyl_coa,medium,acs;adh;adhE;pta,"",4,6,0.7,1.0,1.0
FW_TWAS_AS_rep_2,GCA_945868735.1,0.0015784429787473928,X_lac,0.4895833333333333,false,true,lactate_to_pyruvate,partial,lctB;lctC;lctD,pfor,3,5,0.625,0.6666666666666666,1.0
FW_TWAS_AS_rep_2,GCA_009877105.1,0.0015502564969840464,X_ch,1.0,true,true,starch_utilization,high,agl;cazy_GH13;susC;susD,"",4,4,1.0,1.0,1.0
FW_TWAS_AS_rep_2,GCA_009877105.1,0.0015502564969840464,X_pr,0.47058823529411764,true,true,peptide_scavenging,low,dtpT;endopeptidase;pepA;pepD;pepQ;pepT,"",6,13,0.47058823529411764,1.0,1.0
FW_TWAS_AS_rep_2,GCA_009877105.1,0.0015502564969840464,X_li,0.5,true,true,lipolysis,low,acylglycerol_lipase;fadD;lysophospholipase,"",3,6,0.5,1.0,1.0
FW_TWAS_AS_rep_2,GCA_009877105.1,0.0015502564969840464,X_su,0.8461538461538461,true,true,entner_doudoroff,medium,adhE;eda;edd;gapA;glcP;pfor;pyk,"",7,9,0.8461538461538461,1.0,1.0
FW_TWAS_AS_rep_2,GCA_009877105.1,0.0015502564969840464,X_aa,0.8,true,true,general_amino_acid_catabolism,medium,dtpT;gdh;ilvE;pfor;tdcB,"",5,7,0.8,1.0,1.0
FW_TWAS_AS_rep_2,GCA_009877105.1,0.0015502564969840464,X_fa,0.6960000000000001,false,true,lcfa_beta_oxidation,partial,etfA;etfB;fadB;fadD;fadE,fadA,5,6,0.8,0.8,1.0
FW_TWAS_AS_rep_2,GCA_009877105.1,0.0015502564969840464,X_ac_et,0.0,false,true,ethanol_acetate_chain_initiation,none,ackA;acs;adh;adhE;bcd;crt;etfA;etfB;pta,thl,9,12,0.7333333333333333,0.8571428571428571,1.0
FW_TWAS_AS_rep_2,GCA_009877105.1,0.0015502564969840464,X_ac_lac,0.0,false,true,lactate_acetate_chain_initiation,none,ackA;acs;bcd;crt;etfA;etfB;lctB;pfor;pta,thl;lctD,9,13,0.625,0.75,1.0
FW_TWAS_AS_rep_2,GCA_009877105.1,0.0015502564969840464,X_chain_et,0.0,false,true,ethanol_reverse_beta_oxidation,none,adh;adhE;bcd;crt;etfA;etfB,cat;one_of(thl);one_of(hbd),6,10,0.6153846153846154,0.6666666666666666,0.75
FW_TWAS_AS_rep_2,GCA_009877105.1,0.0015502564969840464,X_chain_lac,0.0,false,true,lactate_reverse_beta_oxidation,none,bcd;crt;etfA;etfB;lctB;pfor,cat;lctD;one_of(thl);one_of(hbd),6,11,0.5,0.6,0.6666666666666666
FW_TWAS_AS_rep_2,GCA_009877105.1,0.0015502564969840464,X_VFA_deg,1.0,true,true,syntrophic_propionate_mmc,high,fdhA;fumB;hydA;mdh;mmcE;mmcF;mmcG;pfor;sucC;sucD,"",10,10,1.0,1.0,1.0
FW_TWAS_AS_rep_2,GCA_009877105.1,0.0015502564969840464,X_Me_ac,0.0,false,true,acetoclastic_ack_pta,none,ackA;pta,mcrA;one_of(cdhC|cdhD|cdhE),2,8,0.2222222222222222,0.5,0.4
FW_TWAS_AS_rep_2,GCA_009877105.1,0.0015502564969840464,X_Me_CO2,0.0,false,true,hydrogenotrophic_core,none,fwdA,mcrA;one_of(ftr);one_of(mch);one_of(mtd|mer),1,8,0.1111111111111111,0.2,0.16666666666666666
FW_TWAS_AS_rep_2,GCA_009877105.1,0.0015502564969840464,X_et,0.8,true,true,ethanol_to_acetyl_coa,medium,ackA;acs;adh;adhE;pta,"",5,6,0.8,1.0,1.0
FW_TWAS_AS_rep_2,GCA_009877105.1,0.0015502564969840464,X_lac,0.39166666666666666,false,true,lactate_to_pyruvate,partial,lctB;pfor;rnfB,lctD,3,5,0.5,0.6666666666666666,1.0
FW_TWAS_AS_rep_2,GCA_965229115.1,0.0015220700152207,X_ch,0.8571428571428571,true,true,starch_utilization,medium,agl;cazy_GH13;susC,"",3,4,0.8571428571428571,1.0,1.0
FW_TWAS_AS_rep_2,GCA_965229115.1,0.0015220700152207,X_pr,0.8235294117647058,true,true,peptide_scavenging,medium,dppA;dppB;dppC;dtpT;oppA;oppB;pepA;pepN;pepO;pepQ;pepT,"",11,13,0.8235294117647058,1.0,1.0
FW_TWAS_AS_rep_2,GCA_965229115.1,0.0015220700152207,X_li,0.5833333333333334,true,true,lipolysis,low,acylglycerol_lipase;esterase;fadD;lysophospholipase,"",4,6,0.5833333333333334,1.0,1.0
FW_TWAS_AS_rep_2,GCA_965229115.1,0.0015220700152207,X_su,0.6023076923076923,false,true,entner_doudoroff,partial,adhE;eda;edd;gapA;pyk,one_of(ptsG|glcP),5,9,0.6923076923076923,0.8,1.0
FW_TWAS_AS_rep_2,GCA_965229115.1,0.0015220700152207,X_aa,0.705,false,true,general_amino_acid_catabolism,partial,dppA;dtpT;gdh;ilvE;oppA;tdcB,one_of(pfor),6,7,0.9,0.6666666666666666,1.0
FW_TWAS_AS_rep_2,GCA_965229115.1,0.0015220700152207,X_fa,1.0,true,true,lcfa_beta_oxidation,high,etfA;etfB;fadA;fadB;fadD;fadE,"",6,6,1.0,1.0,1.0
FW_TWAS_AS_rep_2,GCA_965229115.1,0.0015220700152207,X_ac_et,0.9333333333333333,true,true,ethanol_acetate_chain_initiation,high,ackA;acs;adh;adhE;aldh;bcd;crt;etfA;etfB;hbd;thl,"",11,12,0.9333333333333333,1.0,1.0
FW_TWAS_AS_rep_2,GCA_965229115.1,0.0015220700152207,X_ac_lac,0.0,false,true,lactate_acetate_chain_initiation,none,ackA;acs;bcd;crt;etfA;etfB;hbd;thl,lctD;one_of(lctB|lctC);one_of(pfor),8,13,0.625,0.625,0.8888888888888888
FW_TWAS_AS_rep_2,GCA_965229115.1,0.0015220700152207,X_chain_et,1.0,true,true,ethanol_reverse_beta_oxidation,high,adh;adhE;aldh;bcd;cat;crt;etfA;etfB;hbd;thl,"",10,10,1.0,1.0,1.0
FW_TWAS_AS_rep_2,GCA_965229115.1,0.0015220700152207,X_chain_lac,0.0,false,true,lactate_reverse_beta_oxidation,none,bcd;cat;crt;etfA;etfB;hbd;thl,lctD;one_of(lctB|lctC);one_of(pfor),7,11,0.6428571428571429,0.7,0.7777777777777778
FW_TWAS_AS_rep_2,GCA_965229115.1,0.0015220700152207,X_VFA_deg,1.0,true,true,syntrophic_butyrate_oxidation,high,bcd;crt;etfA;etfB;fdhA;hbd;hydA;rnfB;thl,"",9,9,1.0,1.0,1.0
FW_TWAS_AS_rep_2,GCA_965229115.1,0.0015220700152207,X_Me_ac,0.0,false,true,acetoclastic_ack_pta,none,ackA,mcrA;pta;one_of(cdhC|cdhD|cdhE),1,8,0.1111111111111111,0.25,0.2
FW_TWAS_AS_rep_2,GCA_965229115.1,0.0015220700152207,X_Me_CO2,0.0,false,true,hydrogenotrophic_core,none,fwdA;mer,mcrA;one_of(ftr);one_of(mch),2,8,0.2222222222222222,0.4,0.3333333333333333
FW_TWAS_AS_rep_2,GCA_965229115.1,0.0015220700152207,X_et,0.9,true,true,ethanol_to_acetyl_coa,high,ackA;acs;adh;adhE;aldh,"",5,6,0.9,1.0,1.0
FW_TWAS_AS_rep_2,GCA_965229115.1,0.0015220700152207,X_lac,0.040138888888888884,false,true,lactate_to_pyruvate,partial,rnfB,lctD;pfor,1,5,0.125,0.3333333333333333,0.3333333333333333
FW_TWAS_AS_rep_2,GCA_044222245.1,0.001493883533457354,X_ch,0.7142857142857143,true,true,starch_utilization,medium,agl;cazy_GH13,"",2,4,0.7142857142857143,1.0,1.0
FW_TWAS_AS_rep_2,GCA_044222245.1,0.001493883533457354,X_pr,0.8181818181818182,true,true,proteolysis_and_peptide_import,medium,dtpT;extracellular_protease;oppA;oppB;pepN;pepO,"",6,7,0.8181818181818182,1.0,1.0
FW_TWAS_AS_rep_2,GCA_044222245.1,0.001493883533457354,X_li,0.8333333333333334,true,true,lipolysis,medium,acylglycerol_lipase;esterase;fadD;lipase;lysophospholipase,"",5,6,0.8333333333333334,1.0,1.0
FW_TWAS_AS_rep_2,GCA_044222245.1,0.001493883533457354,X_su,0.6484848484848486,false,true,pentose_fermentation,partial,adhE;gapA;pfor;pyk;xylB;xylF,xylA,6,8,0.7272727272727273,0.8333333333333334,1.0
FW_TWAS_AS_rep_2,GCA_044222245.1,0.001493883533457354,X_aa,1.0,true,true,general_amino_acid_catabolism,high,dppA;dtpT;gdh;ilvE;oppA;pfor;tdcB,"",7,7,1.0,1.0,1.0
FW_TWAS_AS_rep_2,GCA_044222245.1,0.001493883533457354,X_fa,1.0,true,true,lcfa_beta_oxidation,high,etfA;etfB;fadA;fadB;fadD;fadE,"",6,6,1.0,1.0,1.0
FW_TWAS_AS_rep_2,GCA_044222245.1,0.001493883533457354,X_ac_et,0.9333333333333333,true,true,ethanol_acetate_chain_initiation,high,ackA;acs;adh;adhE;aldh;bcd;crt;etfA;etfB;hbd;thl,"",11,12,0.9333333333333333,1.0,1.0
FW_TWAS_AS_rep_2,GCA_044222245.1,0.001493883533457354,X_ac_lac,0.0,false,true,lactate_acetate_chain_initiation,none,ackA;acs;bcd;crt;etfA;etfB;hbd;lctB;pfor;thl,lctD,10,13,0.75,0.875,1.0
FW_TWAS_AS_rep_2,GCA_044222245.1,0.001493883533457354,X_chain_et,1.0,true,true,ethanol_reverse_beta_oxidation,high,adh;adhE;aldh;bcd;cat;crt;etfA;etfB;hbd;thl,"",10,10,1.0,1.0,1.0
FW_TWAS_AS_rep_2,GCA_044222245.1,0.001493883533457354,X_chain_lac,0.0,false,true,lactate_reverse_beta_oxidation,none,bcd;cat;crt;etfA;etfB;hbd;lctB;pfor;thl,lctD,9,11,0.7857142857142857,0.9,1.0
FW_TWAS_AS_rep_2,GCA_044222245.1,0.001493883533457354,X_VFA_deg,1.0,true,true,syntrophic_propionate_mmc,high,fdhA;fumB;hydA;mdh;mmcE;mmcF;mmcG;pfor;sucC;sucD,"",10,10,1.0,1.0,1.0
FW_TWAS_AS_rep_2,GCA_044222245.1,0.001493883533457354,X_Me_ac,0.0,false,true,acetoclastic_ack_pta,none,ackA,mcrA;pta;one_of(cdhC|cdhD|cdhE),1,8,0.1111111111111111,0.25,0.2
FW_TWAS_AS_rep_2,GCA_044222245.1,0.001493883533457354,X_Me_CO2,0.0,false,true,hydrogenotrophic_core,none,fwdA;mer,mcrA;one_of(ftr);one_of(mch),2,8,0.2222222222222222,0.4,0.3333333333333333
FW_TWAS_AS_rep_2,GCA_044222245.1,0.001493883533457354,X_et,0.9,true,true,ethanol_to_acetyl_coa,high,ackA;acs;adh;adhE;aldh,"",5,6,0.9,1.0,1.0
FW_TWAS_AS_rep_2,GCA_044222245.1,0.001493883533457354,X_lac,0.23010416666666667,false,true,lactate_to_pyruvate,partial,lctB;pfor,lctD,2,5,0.375,0.6666666666666666,0.6666666666666666
FW_TWAS_AS_rep_2,GCA_018604165.1,0.001493883533457354,X_ch,0.08027777777777777,false,true,cellulose_utilization,partial,cazy_GH5,bgl;one_of(cazy_CBM3|cazy_GH48),1,5,0.25,0.3333333333333333,0.3333333333333333
FW_TWAS_AS_rep_2,GCA_018604165.1,0.001493883533457354,X_pr,1.0,true,true,proteolysis_and_peptide_import,high,dtpT;endopeptidase;extracellular_protease;oppA;oppB;pepN;pepO,"",7,7,1.0,1.0,1.0
FW_TWAS_AS_rep_2,GCA_018604165.1,0.001493883533457354,X_li,0.3333333333333333,false,true,lipolysis,partial,acylglycerol_lipase;fadD,"",2,6,0.3333333333333333,1.0,1.0
FW_TWAS_AS_rep_2,GCA_018604165.1,0.001493883533457354,X_su,0.22313131313131312,false,true,hexose_fermentation,partial,gapA;lctD;pfkA;pyk,pgi;one_of(ptsG|glcP),4,9,0.36363636363636365,0.6666666666666666,0.6666666666666666
FW_TWAS_AS_rep_2,GCA_018604165.1,0.001493883533457354,X_aa,0.5483333333333333,false,true,general_amino_acid_catabolism,partial,dppA;dtpT;gdh;ilvE;oppA,one_of(pfor),5,7,0.7,0.6666666666666666,1.0
FW_TWAS_AS_rep_2,GCA_018604165.1,0.001493883533457354,X_fa,1.0,true,true,lcfa_beta_oxidation,high,etfA;etfB;fadA;fadB;fadD;fadE,"",6,6,1.0,1.0,1.0
FW_TWAS_AS_rep_2,GCA_018604165.1,0.001493883533457354,X_ac_et,0.0,false,true,ethanol_acetate_chain_initiation,none,acs;adh;bcd;crt;etfA;etfB;hbd;pta;thl,one_of(adhE|aldh),9,12,0.7333333333333333,0.8571428571428571,1.0
FW_TWAS_AS_rep_2,GCA_018604165.1,0.001493883533457354,X_ac_lac,0.0,false,true,lactate_acetate_chain_initiation,none,acs;bcd;crt;etfA;etfB;hbd;lctB;lctC;lctD;pta;thl,one_of(pfor),11,13,0.875,0.875,1.0
FW_TWAS_AS_rep_2,GCA_018604165.1,0.001493883533457354,X_chain_et,0.0,false,true,ethanol_reverse_beta_oxidation,none,adh;bcd;cat;crt;etfA;etfB;hbd;thl,one_of(adhE|aldh),8,10,0.7692307692307693,0.8888888888888888,1.0
FW_TWAS_AS_rep_2,GCA_018604165.1,0.001493883533457354,X_chain_lac,0.0,false,true,lactate_reverse_beta_oxidation,none,bcd;cat;crt;etfA;etfB;hbd;lctB;lctC;lctD;thl,one_of(pfor),10,11,0.9285714285714286,0.9,1.0
FW_TWAS_AS_rep_2,GCA_018604165.1,0.001493883533457354,X_VFA_deg,0.8421875,false,true,syntrophic_butyrate_oxidation,partial,bcd;crt;etfA;etfB;fdhA;hbd;hydA;thl,one_of(rnfB),8,9,0.9166666666666666,0.875,1.0
FW_TWAS_AS_rep_2,GCA_018604165.1,0.001493883533457354,X_Me_ac,0.0,false,true,acetoclastic_ack_pta,none,pta,mcrA;ackA;one_of(cdhC|cdhD|cdhE),1,8,0.1111111111111111,0.25,0.2
FW_TWAS_AS_rep_2,GCA_018604165.1,0.001493883533457354,X_Me_CO2,0.0,false,true,hydrogenotrophic_core,none,"",mcrA;one_of(fwdA);one_of(ftr);one_of(mch);one_of(mtd|mer),0,8,0.0,0.0,0.0
FW_TWAS_AS_rep_2,GCA_018604165.1,0.001493883533457354,X_et,0.31333333333333335,false,true,ethanol_to_acetyl_coa,partial,acs;adh;pta,one_of(adhE|aldh),3,6,0.4,0.6666666666666666,1.0
FW_TWAS_AS_rep_2,GCA_018604165.1,0.001493883533457354,X_lac,0.4895833333333333,false,true,lactate_to_pyruvate,partial,lctB;lctC;lctD,pfor,3,5,0.625,0.6666666666666666,1.0
FW_TWAS_AS_rep_2,GCA_963765065.1,0.00357968318394498,X_ch,0.7142857142857143,true,true,starch_utilization,medium,agl;cazy_GH13,"",2,4,0.7142857142857143,1.0,1.0
FW_TWAS_AS_rep_2,GCA_963765065.1,0.00357968318394498,X_pr,0.9090909090909091,true,true,proteolysis_and_peptide_import,high,endopeptidase;extracellular_protease;oppA;oppB;pepN;pepO,"",6,7,0.9090909090909091,1.0,1.0
FW_TWAS_AS_rep_2,GCA_963765065.1,0.00357968318394498,X_li,0.75,true,true,lipolysis,medium,acylglycerol_lipase;fadD;lipase;lysophospholipase,"",4,6,0.75,1.0,1.0
FW_TWAS_AS_rep_2,GCA_963765065.1,0.00357968318394498,X_su,0.7361538461538462,false,true,entner_doudoroff,partial,adhE;eda;edd;gapA;lctD;pfor;pyk,one_of(ptsG|glcP),7,9,0.8461538461538461,0.8,1.0
FW_TWAS_AS_rep_2,GCA_963765065.1,0.00357968318394498,X_aa,0.9,true,true,general_amino_acid_catabolism,high,dppA;gdh;ilvE;oppA;pfor;tdcB,"",6,7,0.9,1.0,1.0
FW_TWAS_AS_rep_2,GCA_963765065.1,0.00357968318394498,X_fa,1.0,true,true,lcfa_beta_oxidation,high,etfA;etfB;fadA;fadB;fadD;fadE,"",6,6,1.0,1.0,1.0
FW_TWAS_AS_rep_2,GCA_963765065.1,0.00357968318394498,X_ac_et,1.0,true,true,ethanol_acetate_chain_initiation,high,ackA;acs;adh;adhE;aldh;bcd;crt;etfA;etfB;hbd;pta;thl,"",12,12,1.0,1.0,1.0
FW_TWAS_AS_rep_2,GCA_963765065.1,0.00357968318394498,X_ac_lac,1.0,true,true,lactate_acetate_chain_initiation,high,ackA;acs;bcd;crt;etfA;etfB;hbd;lctB;lctC;lctD;pfor;pta;thl,"",13,13,1.0,1.0,1.0
FW_TWAS_AS_rep_2,GCA_963765065.1,0.00357968318394498,X_chain_et,1.0,true,true,ethanol_reverse_beta_oxidation,high,adh;adhE;aldh;bcd;cat;crt;etfA;etfB;hbd;thl,"",10,10,1.0,1.0,1.0
FW_TWAS_AS_rep_2,GCA_963765065.1,0.00357968318394498,X_chain_lac,1.0,true,true,lactate_reverse_beta_oxidation,high,bcd;cat;crt;etfA;etfB;hbd;lctB;lctC;lctD;pfor;thl,"",11,11,1.0,1.0,1.0
FW_TWAS_AS_rep_2,GCA_963765065.1,0.00357968318394498,X_VFA_deg,1.0,true,true,syntrophic_butyrate_oxidation,high,bcd;crt;etfA;etfB;fdhA;hbd;hydA;rnfB;thl,"",9,9,1.0,1.0,1.0
FW_TWAS_AS_rep_2,GCA_963765065.1,0.00357968318394498,X_Me_ac,0.0,false,true,acetoclastic_ack_pta,none,ackA;pta,mcrA;one_of(cdhC|cdhD|cdhE),2,8,0.2222222222222222,0.5,0.4
FW_TWAS_AS_rep_2,GCA_963765065.1,0.00357968318394498,X_Me_CO2,0.0,false,true,hydrogenotrophic_core,none,fwdA,mcrA;one_of(ftr);one_of(mch);one_of(mtd|mer),1,8,0.1111111111111111,0.2,0.16666666666666666
FW_TWAS_AS_rep_2,GCA_963765065.1,0.00357968318394498,X_et,1.0,true,true,ethanol_to_acetyl_coa,high,ackA;acs;adh;adhE;aldh;pta,"",6,6,1.0,1.0,1.0
FW_TWAS_AS_rep_2,GCA_963765065.1,0.00357968318394498,X_lac,1.0,true,true,lactate_to_pyruvate,high,lctB;lctC;lctD;pfor;rnfB,"",5,5,1.0,1.0,1.0
FW_TWAS_AS_rep_2,GCA_963776685.1,0.0014375105699306612,X_ch,0.7142857142857143,true,true,starch_utilization,medium,agl;cazy_GH13,"",2,4,0.7142857142857143,1.0,1.0
FW_TWAS_AS_rep_2,GCA_963776685.1,0.0014375105699306612,X_pr,0.6470588235294118,true,true,peptide_scavenging,low,dppA;dppB;dppC;oppA;oppB;pepA;pepN;pepQ;pepT,"",9,13,0.6470588235294118,1.0,1.0
FW_TWAS_AS_rep_2,GCA_963776685.1,0.0014375105699306612,X_li,0.5833333333333334,true,true,lipolysis,low,acylglycerol_lipase;esterase;fadD;lysophospholipase,"",4,6,0.5833333333333334,1.0,1.0
FW_TWAS_AS_rep_2,GCA_963776685.1,0.0014375105699306612,X_su,0.9090909090909091,true,true,pentose_fermentation,high,adhE;gapA;pfor;pyk;xylA;xylB;xylF,"",7,8,0.9090909090909091,1.0,1.0
FW_TWAS_AS_rep_2,GCA_963776685.1,0.0014375105699306612,X_aa,0.9,true,true,general_amino_acid_catabolism,high,dppA;gdh;ilvE;oppA;pfor;tdcB,"",6,7,0.9,1.0,1.0
FW_TWAS_AS_rep_2,GCA_963776685.1,0.0014375105699306612,X_fa,1.0,true,true,lcfa_beta_oxidation,high,etfA;etfB;fadA;fadB;fadD;fadE,"",6,6,1.0,1.0,1.0
FW_TWAS_AS_rep_2,GCA_963776685.1,0.0014375105699306612,X_ac_et,1.0,true,true,ethanol_acetate_chain_initiation,high,ackA;acs;adh;adhE;aldh;bcd;crt;etfA;etfB;hbd;pta;thl,"",12,12,1.0,1.0,1.0
FW_TWAS_AS_rep_2,GCA_963776685.1,0.0014375105699306612,X_ac_lac,0.0,false,true,lactate_acetate_chain_initiation,none,ackA;acs;bcd;crt;etfA;etfB;hbd;lctB;pfor;pta;thl,lctD,11,13,0.8125,0.875,1.0
FW_TWAS_AS_rep_2,GCA_963776685.1,0.0014375105699306612,X_chain_et,1.0,true,true,ethanol_reverse_beta_oxidation,high,adh;adhE;aldh;bcd;cat;crt;etfA;etfB;hbd;thl,"",10,10,1.0,1.0,1.0
FW_TWAS_AS_rep_2,GCA_963776685.1,0.0014375105699306612,X_chain_lac,0.0,false,true,lactate_reverse_beta_oxidation,none,bcd;cat;crt;etfA;etfB;hbd;lctB;pfor;thl,lctD,9,11,0.7857142857142857,0.9,1.0
FW_TWAS_AS_rep_2,GCA_963776685.1,0.0014375105699306612,X_VFA_deg,0.853125,false,true,syntrophic_propionate_mmc,partial,fdhA;hydA;mdh;mmcE;mmcF;mmcG;pfor;sucC;sucD,one_of(fumB),9,10,0.9285714285714286,0.875,1.0
FW_TWAS_AS_rep_2,GCA_963776685.1,0.0014375105699306612,X_Me_ac,0.0,false,true,acetoclastic_ack_pta,none,ackA;pta,mcrA;one_of(cdhC|cdhD|cdhE),2,8,0.2222222222222222,0.5,0.4
FW_TWAS_AS_rep_2,GCA_963776685.1,0.0014375105699306612,X_Me_CO2,0.0,false,true,hydrogenotrophic_core,none,fwdA;mer,mcrA;one_of(ftr);one_of(mch),2,8,0.2222222222222222,0.4,0.3333333333333333
FW_TWAS_AS_rep_2,GCA_963776685.1,0.0014375105699306612,X_et,1.0,true,true,ethanol_to_acetyl_coa,high,ackA;acs;adh;adhE;aldh;pta,"",6,6,1.0,1.0,1.0
FW_TWAS_AS_rep_2,GCA_963776685.1,0.0014375105699306612,X_lac,0.23010416666666667,false,true,lactate_to_pyruvate,partial,lctB;pfor,lctD,2,5,0.375,0.6666666666666666,0.6666666666666666
FW_TWAS_AS_rep_2,GCA_937871025.1,0.0013529511246406223,X_ch,0.7142857142857143,true,true,starch_utilization,medium,agl;cazy_GH13,"",2,4,0.7142857142857143,1.0,1.0
FW_TWAS_AS_rep_2,GCA_937871025.1,0.0013529511246406223,X_pr,0.5294117647058824,true,true,peptide_scavenging,low,dppA;dppB;dppC;oppA;oppB;pepQ;pepT,"",7,13,0.5294117647058824,1.0,1.0
FW_TWAS_AS_rep_2,GCA_937871025.1,0.0013529511246406223,X_li,0.5,true,true,lipolysis,low,acylglycerol_lipase;fadD;lysophospholipase,"",3,6,0.5,1.0,1.0
FW_TWAS_AS_rep_2,GCA_937871025.1,0.0013529511246406223,X_su,0.48636363636363633,false,true,hexose_fermentation,partial,adhE;gapA;pfkA;pfor;pgi;pyk,one_of(ptsG|glcP),6,9,0.5454545454545454,0.8333333333333334,1.0
FW_TWAS_AS_rep_2,GCA_937871025.1,0.0013529511246406223,X_aa,0.7,true,true,general_amino_acid_catabolism,medium,dppA;gdh;oppA;pfor;tdcB,"",5,7,0.7,1.0,1.0
FW_TWAS_AS_rep_2,GCA_937871025.1,0.0013529511246406223,X_fa,0.14884,false,true,lcfa_beta_oxidation,partial,fadA;fadD,fadE;fadB;one_of(etfA|etfB),2,6,0.4,0.4,0.4
FW_TWAS_AS_rep_2,GCA_937871025.1,0.0013529511246406223,X_ac_et,0.0,false,true,ethanol_acetate_chain_initiation,none,acs;adhE;aldh;crt;thl,bcd;etfA;etfB,5,12,0.4666666666666667,0.5714285714285714,0.625
FW_TWAS_AS_rep_2,GCA_937871025.1,0.0013529511246406223,X_ac_lac,0.0,false,true,lactate_acetate_chain_initiation,none,acs;crt;pfor;thl,bcd;etfA;etfB;lctD;one_of(lctB|lctC),4,13,0.3125,0.375,0.4444444444444444
FW_TWAS_AS_rep_2,GCA_937871025.1,0.0013529511246406223,X_chain_et,0.0,false,true,ethanol_reverse_beta_oxidation,none,adhE;aldh;cat;crt;thl,bcd;etfA;etfB;one_of(hbd),5,10,0.5384615384615384,0.5555555555555556,0.625
FW_TWAS_AS_rep_2,GCA_937871025.1,0.0013529511246406223,X_chain_lac,0.0,false,true,lactate_reverse_beta_oxidation,none,cat;crt;pfor;thl,bcd;etfA;etfB;lctD;one_of(hbd);one_of(lctB|lctC),4,11,0.35714285714285715,0.4,0.4444444444444444
FW_TWAS_AS_rep_2,GCA_937871025.1,0.0013529511246406223,X_VFA_deg,0.7178571428571429,false,true,syntrophic_propionate_mmc,partial,fdhA;hydA;mmcE;mmcF;mmcG;pfor;sucC;sucD,one_of(fumB);one_of(mdh),8,10,0.8571428571428571,0.75,1.0
FW_TWAS_AS_rep_2,GCA_937871025.1,0.0013529511246406223,X_Me_ac,0.0,false,true,acetoclastic_acs,none,acs,forbidden(mvhA);forbidden(mvhG);mcrA;one_of(cdhC|cdhD|cdhE),1,7,0.2222222222222222,0.3333333333333333,0.25
FW_TWAS_AS_rep_2,GCA_937871025.1,0.0013529511246406223,X_Me_CO2,0.0,false,true,hydrogenotrophic_core,none,mer,mcrA;one_of(fwdA);one_of(ftr);one_of(mch),1,8,0.1111111111111111,0.2,0.16666666666666666
FW_TWAS_AS_rep_2,GCA_937871025.1,0.0013529511246406223,X_et,0.6,true,true,ethanol_to_acetyl_coa,low,acs;adhE;aldh,"",3,6,0.6,1.0,1.0
FW_TWAS_AS_rep_2,GCA_937871025.1,0.0013529511246406223,X_lac,0.08027777777777777,false,true,lactate_to_pyruvate,partial,pfor,lctD;one_of(lctB|lctC|rnfB),1,5,0.25,0.3333333333333333,0.3333333333333333
FW_TWAS_AS_rep_2,GCA_001604475.1,0.0012402051975872372,X_ch,0.7142857142857143,true,true,starch_utilization,medium,cazy_GH13;susC;susD,"",3,4,0.7142857142857143,1.0,1.0
FW_TWAS_AS_rep_2,GCA_001604475.1,0.0012402051975872372,X_pr,0.6470588235294118,true,true,peptide_scavenging,low,dppA;dppB;dppC;endopeptidase;oppA;oppB;pepA;pepQ,"",8,13,0.6470588235294118,1.0,1.0
FW_TWAS_AS_rep_2,GCA_001604475.1,0.0012402051975872372,X_li,0.0759375,false,true,lipolysis,partial,fadD,one_of(lipase|lysophospholipase|acylglycerol_lipase|phospholipase),1,6,0.16666666666666666,0.5,0.5
FW_TWAS_AS_rep_2,GCA_001604475.1,0.0012402051975872372,X_su,0.48636363636363633,false,true,hexose_fermentation,partial,adhE;gapA;pfkA;pfor;pgi;pyk,one_of(ptsG|glcP),6,9,0.5454545454545454,0.8333333333333334,1.0
FW_TWAS_AS_rep_2,GCA_001604475.1,0.0012402051975872372,X_aa,1.0,true,true,glycine_stickland,high,grdA;grdB;oppA;oppB;pfor,"",5,5,1.0,1.0,1.0
FW_TWAS_AS_rep_2,GCA_001604475.1,0.0012402051975872372,X_fa,0.52983,false,true,lcfa_beta_oxidation,partial,etfA;fadA;fadB;fadD,fadE,4,6,0.7,0.8,0.8
FW_TWAS_AS_rep_2,GCA_001604475.1,0.0012402051975872372,X_ac_et,0.0,false,true,ethanol_acetate_chain_initiation,none,ackA;acs;adhE;aldh;crt;etfA;pta;thl,bcd;etfB,8,12,0.6666666666666666,0.7142857142857143,1.0
FW_TWAS_AS_rep_2,GCA_001604475.1,0.0012402051975872372,X_ac_lac,0.0,false,true,lactate_acetate_chain_initiation,none,ackA;acs;crt;etfA;pfor;pta;thl,bcd;etfB;lctD;one_of(lctB|lctC),7,13,0.5,0.5,0.7777777777777778
FW_TWAS_AS_rep_2,GCA_001604475.1,0.0012402051975872372,X_chain_et,0.0,false,true,ethanol_reverse_beta_oxidation,none,adhE;aldh;cat;crt;etfA;thl,bcd;etfB;one_of(hbd),6,10,0.6153846153846154,0.6666666666666666,0.75
FW_TWAS_AS_rep_2,GCA_001604475.1,0.0012402051975872372,X_chain_lac,0.0,false,true,lactate_reverse_beta_oxidation,none,cat;crt;etfA;pfor;thl,bcd;etfB;lctD;one_of(hbd);one_of(lctB|lctC),5,11,0.42857142857142855,0.5,0.5555555555555556
FW_TWAS_AS_rep_2,GCA_001604475.1,0.0012402051975872372,X_VFA_deg,0.5459179687499999,false,true,syntrophic_propionate_mmc,partial,fdhA;fumB;hydA;mmcE;mmcF;mmcG;pfor,sucC;sucD;one_of(mdh),7,10,0.7857142857142857,0.625,0.875
FW_TWAS_AS_rep_2,GCA_001604475.1,0.0012402051975872372,X_Me_ac,0.0,false,true,acetoclastic_ack_pta,none,ackA;cdhC;pta,mcrA,3,8,0.3333333333333333,0.75,0.6
FW_TWAS_AS_rep_2,GCA_001604475.1,0.0012402051975872372,X_Me_CO2,0.0,false,true,hydrogenotrophic_core,none,fwdA,mcrA;one_of(ftr);one_of(mch);one_of(mtd|mer),1,8,0.1111111111111111,0.2,0.16666666666666666
FW_TWAS_AS_rep_2,GCA_001604475.1,0.0012402051975872372,X_et,0.8,true,true,ethanol_to_acetyl_coa,medium,ackA;acs;adhE;aldh;pta,"",5,6,0.8,1.0,1.0
FW_TWAS_AS_rep_2,GCA_001604475.1,0.0012402051975872372,X_lac,0.23010416666666667,false,true,lactate_to_pyruvate,partial,pfor;rnfB,lctD,2,5,0.375,0.6666666666666666,0.6666666666666666
FW_TWAS_AS_rep_2,GCA_044225505.1,0.001127459270533852,X_ch,0.8571428571428571,true,true,starch_utilization,medium,agl;cazy_GH13;susC,"",3,4,0.8571428571428571,1.0,1.0
FW_TWAS_AS_rep_2,GCA_044225505.1,0.001127459270533852,X_pr,0.7272727272727273,true,true,proteolysis_and_peptide_import,medium,dtpT;endopeptidase;extracellular_protease;pepN;pepO,"",5,7,0.7272727272727273,1.0,1.0
FW_TWAS_AS_rep_2,GCA_044225505.1,0.001127459270533852,X_li,0.5833333333333334,true,true,lipolysis,low,acylglycerol_lipase;esterase;fadD;lysophospholipase,"",4,6,0.5833333333333334,1.0,1.0
FW_TWAS_AS_rep_2,GCA_044225505.1,0.001127459270533852,X_su,0.8461538461538461,true,true,entner_doudoroff,medium,adhE;eda;edd;gapA;glcP;pfor;pyk,"",7,9,0.8461538461538461,1.0,1.0
FW_TWAS_AS_rep_2,GCA_044225505.1,0.001127459270533852,X_aa,0.8,true,true,general_amino_acid_catabolism,medium,dtpT;gdh;ilvE;pfor;tdcB,"",5,7,0.8,1.0,1.0
FW_TWAS_AS_rep_2,GCA_044225505.1,0.001127459270533852,X_fa,0.046079999999999996,false,true,lcfa_beta_oxidation,partial,fadD,fadE;fadB;fadA;one_of(etfA|etfB),1,6,0.2,0.2,0.2
FW_TWAS_AS_rep_2,GCA_044225505.1,0.001127459270533852,X_ac_et,0.0,false,true,ethanol_acetate_chain_initiation,none,ackA;acs;adh;adhE;aldh;hbd;pta,thl;bcd;etfA;etfB,7,12,0.5333333333333333,0.42857142857142855,0.875
FW_TWAS_AS_rep_2,GCA_044225505.1,0.001127459270533852,X_ac_lac,0.0,false,true,lactate_acetate_chain_initiation,none,ackA;acs;hbd;lctB;lctC;pfor;pta,thl;bcd;etfA;etfB;lctD,7,13,0.4375,0.375,0.7777777777777778
FW_TWAS_AS_rep_2,GCA_044225505.1,0.001127459270533852,X_chain_et,0.0,false,true,ethanol_reverse_beta_oxidation,none,adh;adhE;aldh;hbd,bcd;etfA;etfB;cat;one_of(thl);one_of(crt),4,10,0.38461538461538464,0.3333333333333333,0.5
FW_TWAS_AS_rep_2,GCA_044225505.1,0.001127459270533852,X_chain_lac,0.0,false,true,lactate_reverse_beta_oxidation,none,hbd;lctB;lctC;pfor,bcd;etfA;etfB;cat;lctD;one_of(thl);one_of(crt),4,11,0.2857142857142857,0.3,0.4444444444444444
FW_TWAS_AS_rep_2,GCA_044225505.1,0.001127459270533852,X_VFA_deg,1.0,true,true,syntrophic_propionate_mmc,high,fdhA;fumB;hydA;mdh;mmcE;mmcF;mmcG;pfor;sucC;sucD,"",10,10,1.0,1.0,1.0
FW_TWAS_AS_rep_2,GCA_044225505.1,0.001127459270533852,X_Me_ac,0.0,false,true,acetoclastic_ack_pta,none,ackA;pta,mcrA;one_of(cdhC|cdhD|cdhE),2,8,0.2222222222222222,0.5,0.4
FW_TWAS_AS_rep_2,GCA_044225505.1,0.001127459270533852,X_Me_CO2,0.0,false,true,hydrogenotrophic_core,none,"",mcrA;one_of(fwdA);one_of(ftr);one_of(mch);one_of(mtd|mer),0,8,0.0,0.0,0.0
FW_TWAS_AS_rep_2,GCA_044225505.1,0.001127459270533852,X_et,1.0,true,true,ethanol_to_acetyl_coa,high,ackA;acs;adh;adhE;aldh;pta,"",6,6,1.0,1.0,1.0
FW_TWAS_AS_rep_2,GCA_044225505.1,0.001127459270533852,X_lac,0.4895833333333333,false,true,lactate_to_pyruvate,partial,lctB;lctC;pfor;rnfB,lctD,4,5,0.625,0.6666666666666666,1.0
FW_TWAS_AS_rep_2,GCA_964560345.1,0.0010992727887705056,X_ch,1.0,true,true,starch_utilization,high,agl;cazy_GH13;susC;susD,"",4,4,1.0,1.0,1.0
FW_TWAS_AS_rep_2,GCA_964560345.1,0.0010992727887705056,X_pr,1.0,true,true,proteolysis_and_peptide_import,high,dtpT;endopeptidase;extracellular_protease;oppA;oppB;pepN;pepO,"",7,7,1.0,1.0,1.0
FW_TWAS_AS_rep_2,GCA_964560345.1,0.0010992727887705056,X_li,0.5833333333333334,true,true,lipolysis,low,acylglycerol_lipase;esterase;fadD;lysophospholipase,"",4,6,0.5833333333333334,1.0,1.0
FW_TWAS_AS_rep_2,GCA_964560345.1,0.0010992727887705056,X_su,0.8181818181818182,true,true,hexose_fermentation,medium,adhE;gapA;glcP;lctD;pfkA;pfor;pgi;pyk,"",8,9,0.8181818181818182,1.0,1.0
FW_TWAS_AS_rep_2,GCA_964560345.1,0.0010992727887705056,X_aa,1.0,true,true,general_amino_acid_catabolism,high,dppA;dtpT;gdh;ilvE;oppA;pfor;tdcB,"",7,7,1.0,1.0,1.0
FW_TWAS_AS_rep_2,GCA_964560345.1,0.0010992727887705056,X_fa,1.0,true,true,lcfa_beta_oxidation,high,etfA;etfB;fadA;fadB;fadD;fadE,"",6,6,1.0,1.0,1.0
FW_TWAS_AS_rep_2,GCA_964560345.1,0.0010992727887705056,X_ac_et,0.9333333333333333,true,true,ethanol_acetate_chain_initiation,high,acs;adh;adhE;aldh;bcd;crt;etfA;etfB;hbd;pta;thl,"",11,12,0.9333333333333333,1.0,1.0
FW_TWAS_AS_rep_2,GCA_964560345.1,0.0010992727887705056,X_ac_lac,0.9375,true,true,lactate_acetate_chain_initiation,high,acs;bcd;crt;etfA;etfB;hbd;lctB;lctC;lctD;pfor;pta;thl,"",12,13,0.9375,1.0,1.0
FW_TWAS_AS_rep_2,GCA_964560345.1,0.0010992727887705056,X_chain_et,1.0,true,true,ethanol_reverse_beta_oxidation,high,adh;adhE;aldh;bcd;cat;crt;etfA;etfB;hbd;thl,"",10,10,1.0,1.0,1.0
FW_TWAS_AS_rep_2,GCA_964560345.1,0.0010992727887705056,X_chain_lac,1.0,true,true,lactate_reverse_beta_oxidation,high,bcd;cat;crt;etfA;etfB;hbd;lctB;lctC;lctD;pfor;thl,"",11,11,1.0,1.0,1.0
FW_TWAS_AS_rep_2,GCA_964560345.1,0.0010992727887705056,X_VFA_deg,1.0,true,true,syntrophic_propionate_mmc,high,fdhA;fumB;hydA;mdh;mmcE;mmcF;mmcG;pfor;sucC;sucD,"",10,10,1.0,1.0,1.0
FW_TWAS_AS_rep_2,GCA_964560345.1,0.0010992727887705056,X_Me_ac,0.0,false,true,acetoclastic_ack_pta,none,pta,mcrA;ackA;one_of(cdhC|cdhD|cdhE),1,8,0.1111111111111111,0.25,0.2
FW_TWAS_AS_rep_2,GCA_964560345.1,0.0010992727887705056,X_Me_CO2,0.0,false,true,hydrogenotrophic_core,none,fwdA;mer,mcrA;one_of(ftr);one_of(mch),2,8,0.2222222222222222,0.4,0.3333333333333333
FW_TWAS_AS_rep_2,GCA_964560345.1,0.0010992727887705056,X_et,0.9,true,true,ethanol_to_acetyl_coa,high,acs;adh;adhE;aldh;pta,"",5,6,0.9,1.0,1.0
FW_TWAS_AS_rep_2,GCA_964560345.1,0.0010992727887705056,X_lac,1.0,true,true,lactate_to_pyruvate,high,lctB;lctC;lctD;pfor;rnfB,"",5,5,1.0,1.0,1.0
FW_TWAS_AS_rep_2,GCA_947442085.1,0.001042899825243813,X_ch,0.0,false,true,xylan_utilization,none,"",xylA;xylB;one_of(cazy_GH10|cazy_GH11);one_of(cazy_GH43|cazy_CBM6),0,6,0.0,0.0,0.0
FW_TWAS_AS_rep_2,GCA_947442085.1,0.001042899825243813,X_pr,0.045000000000000005,false,true,peptide_scavenging,partial,pepA;pepQ,one_of(oppA|dppA|dtpT);one_of(oppB|dppB|dppC|dtpT),2,13,0.11764705882352941,0.3333333333333333,0.5
FW_TWAS_AS_rep_2,GCA_947442085.1,0.001042899825243813,X_li,0.0759375,false,true,lipolysis,partial,fadD,one_of(lipase|lysophospholipase|acylglycerol_lipase|phospholipase),1,6,0.16666666666666666,0.5,0.5
FW_TWAS_AS_rep_2,GCA_947442085.1,0.001042899825243813,X_su,0.1656818181818182,false,true,hexose_fermentation,partial,adhE;glcP;pgi,pfkA;gapA;pyk,3,9,0.36363636363636365,0.5,0.5
FW_TWAS_AS_rep_2,GCA_947442085.1,0.001042899825243813,X_aa,0.17755555555555558,false,true,general_amino_acid_catabolism,partial,gdh;tdcB,one_of(pfor);one_of(oppA|dppA|dtpT),2,7,0.4,0.3333333333333333,0.6666666666666666
FW_TWAS_AS_rep_2,GCA_947442085.1,0.001042899825243813,X_fa,0.52983,false,true,lcfa_beta_oxidation,partial,etfA;fadA;fadB;fadD,fadE,4,6,0.7,0.8,0.8
FW_TWAS_AS_rep_2,GCA_947442085.1,0.001042899825243813,X_ac_et,0.0,false,true,ethanol_acetate_chain_initiation,none,acs;adhE;aldh;crt;etfA;hbd;thl,bcd;etfB,7,12,0.6,0.7142857142857143,0.875
FW_TWAS_AS_rep_2,GCA_947442085.1,0.001042899825243813,X_ac_lac,0.0,false,true,lactate_acetate_chain_initiation,none,acs;crt;etfA;hbd;thl,bcd;etfB;lctD;one_of(lctB|lctC);one_of(pfor),5,13,0.375,0.375,0.5555555555555556
FW_TWAS_AS_rep_2,GCA_947442085.1,0.001042899825243813,X_chain_et,0.0,false,true,ethanol_reverse_beta_oxidation,none,adhE;aldh;cat;crt;etfA;hbd;thl,bcd;etfB,7,10,0.6923076923076923,0.7777777777777778,0.875
FW_TWAS_AS_rep_2,GCA_947442085.1,0.001042899825243813,X_chain_lac,0.0,false,true,lactate_reverse_beta_oxidation,none,cat;crt;etfA;hbd;thl,bcd;etfB;lctD;one_of(lctB|lctC);one_of(pfor),5,11,0.42857142857142855,0.5,0.5555555555555556
FW_TWAS_AS_rep_2,GCA_947442085.1,0.001042899825243813,X_VFA_deg,0.628125,false,true,syntrophic_butyrate_oxidation,partial,crt;etfA;fdhA;hbd;hydA;rnfB;thl,bcd;etfB,7,9,0.75,0.75,1.0
FW_TWAS_AS_rep_2,GCA_947442085.1,0.001042899825243813,X_Me_ac,0.0,false,true,acetoclastic_acs,none,acs,mcrA;one_of(cdhC|cdhD|cdhE),1,7,0.2222222222222222,0.3333333333333333,0.25
FW_TWAS_AS_rep_2,GCA_947442085.1,0.001042899825243813,X_Me_CO2,0.0,false,true,hydrogenotrophic_core,none,"",mcrA;one_of(fwdA);one_of(ftr);one_of(mch);one_of(mtd|mer),0,8,0.0,0.0,0.0
FW_TWAS_AS_rep_2,GCA_947442085.1,0.001042899825243813,X_et,0.6,true,true,ethanol_to_acetyl_coa,low,acs;adhE;aldh,"",3,6,0.6,1.0,1.0
FW_TWAS_AS_rep_2,GCA_947442085.1,0.001042899825243813,X_lac,0.040138888888888884,false,true,lactate_to_pyruvate,partial,rnfB,lctD;pfor,1,5,0.125,0.3333333333333333,0.3333333333333333
FW_TWAS_AS_rep_2,GCA_963800615.1,0.0009301538981904278,X_ch,0.7142857142857143,true,true,starch_utilization,medium,agl;cazy_GH13,"",2,4,0.7142857142857143,1.0,1.0
FW_TWAS_AS_rep_2,GCA_963800615.1,0.0009301538981904278,X_pr,0.7058823529411765,true,true,peptide_scavenging,medium,dppA;dppB;dppC;oppA;oppB;pepA;pepD;pepN;pepQ;pepT,"",10,13,0.7058823529411765,1.0,1.0
FW_TWAS_AS_rep_2,GCA_963800615.1,0.0009301538981904278,X_li,0.75,true,true,lipolysis,medium,acylglycerol_lipase;fadD;lipase;lysophospholipase,"",4,6,0.75,1.0,1.0
FW_TWAS_AS_rep_2,GCA_963800615.1,0.0009301538981904278,X_su,0.6023076923076923,false,true,entner_doudoroff,partial,adhE;eda;edd;gapA;pyk,one_of(ptsG|glcP),5,9,0.6923076923076923,0.8,1.0
FW_TWAS_AS_rep_2,GCA_963800615.1,0.0009301538981904278,X_aa,0.6266666666666667,false,true,general_amino_acid_catabolism,partial,dppA;gdh;ilvE;oppA;tdcB,one_of(pfor),5,7,0.8,0.6666666666666666,1.0
FW_TWAS_AS_rep_2,GCA_963800615.1,0.0009301538981904278,X_fa,1.0,true,true,lcfa_beta_oxidation,high,etfA;etfB;fadA;fadB;fadD;fadE,"",6,6,1.0,1.0,1.0
FW_TWAS_AS_rep_2,GCA_963800615.1,0.0009301538981904278,X_ac_et,0.9333333333333333,true,true,ethanol_acetate_chain_initiation,high,acs;adh;adhE;aldh;bcd;crt;etfA;etfB;hbd;pta;thl,"",11,12,0.9333333333333333,1.0,1.0
FW_TWAS_AS_rep_2,GCA_963800615.1,0.0009301538981904278,X_ac_lac,0.0,false,true,lactate_acetate_chain_initiation,none,acs;bcd;crt;etfA;etfB;hbd;lctB;lctC;pta;thl,lctD;one_of(pfor),10,13,0.75,0.75,1.0
FW_TWAS_AS_rep_2,GCA_963800615.1,0.0009301538981904278,X_chain_et,0.0,false,true,ethanol_reverse_beta_oxidation,none,adh;adhE;aldh;bcd;crt;etfA;etfB;hbd;thl,cat,9,10,0.8461538461538461,0.8888888888888888,1.0
FW_TWAS_AS_rep_2,GCA_963800615.1,0.0009301538981904278,X_chain_lac,0.0,false,true,lactate_reverse_beta_oxidation,none,bcd;crt;etfA;etfB;hbd;lctB;lctC;thl,cat;lctD;one_of(pfor),8,11,0.6428571428571429,0.7,0.8888888888888888
FW_TWAS_AS_rep_2,GCA_963800615.1,0.0009301538981904278,X_VFA_deg,1.0,true,true,syntrophic_butyrate_oxidation,high,bcd;crt;etfA;etfB;fdhA;hbd;hydA;rnfB;thl,"",9,9,1.0,1.0,1.0
FW_TWAS_AS_rep_2,GCA_963800615.1,0.0009301538981904278,X_Me_ac,0.0,false,true,acetoclastic_ack_pta,none,cdhC;cdhD;pta,mcrA;ackA,3,8,0.3333333333333333,0.5,0.6
FW_TWAS_AS_rep_2,GCA_963800615.1,0.0009301538981904278,X_Me_CO2,0.0,false,true,hydrogenotrophic_core,none,ftr,mcrA;one_of(fwdA);one_of(mch);one_of(mtd|mer),1,8,0.1111111111111111,0.2,0.16666666666666666
FW_TWAS_AS_rep_2,GCA_963800615.1,0.0009301538981904278,X_et,0.9,true,true,ethanol_to_acetyl_coa,high,acs;adh;adhE;aldh;pta,"",5,6,0.9,1.0,1.0
FW_TWAS_AS_rep_2,GCA_963800615.1,0.0009301538981904278,X_lac,0.2125,false,true,lactate_to_pyruvate,partial,lctB;lctC;rnfB,lctD;pfor,3,5,0.375,0.3333333333333333,1.0
FW_TWAS_AS_rep_2,GCA_964463165.1,0.0009019674164270816,X_ch,1.0,true,true,starch_utilization,high,agl;cazy_GH13;susC;susD,"",4,4,1.0,1.0,1.0
FW_TWAS_AS_rep_2,GCA_964463165.1,0.0009019674164270816,X_pr,1.0,true,true,peptide_scavenging,high,dppA;dppB;dppC;dtpT;endopeptidase;oppA;oppB;pepA;pepD;pepN;pepO;pepQ;pepT,"",13,13,1.0,1.0,1.0
FW_TWAS_AS_rep_2,GCA_964463165.1,0.0009019674164270816,X_li,0.5833333333333334,true,true,lipolysis,low,acylglycerol_lipase;esterase;fadD;lysophospholipase,"",4,6,0.5833333333333334,1.0,1.0
FW_TWAS_AS_rep_2,GCA_964463165.1,0.0009019674164270816,X_su,0.5674242424242425,false,true,hexose_fermentation,partial,adhE;gapA;lctD;pfkA;pfor;pgi;pyk,one_of(ptsG|glcP),7,9,0.6363636363636364,0.8333333333333334,1.0
FW_TWAS_AS_rep_2,GCA_964463165.1,0.0009019674164270816,X_aa,0.8,true,true,general_amino_acid_catabolism,medium,dppA;dtpT;gdh;ilvE;oppA;pfor,"",6,7,0.8,1.0,1.0
FW_TWAS_AS_rep_2,GCA_964463165.1,0.0009019674164270816,X_fa,1.0,true,true,lcfa_beta_oxidation,high,etfA;etfB;fadA;fadB;fadD;fadE,"",6,6,1.0,1.0,1.0
FW_TWAS_AS_rep_2,GCA_964463165.1,0.0009019674164270816,X_ac_et,0.8666666666666667,true,true,ethanol_acetate_chain_initiation,medium,acs;adh;adhE;bcd;crt;etfA;etfB;hbd;pta;thl,"",10,12,0.8666666666666667,1.0,1.0
FW_TWAS_AS_rep_2,GCA_964463165.1,0.0009019674164270816,X_ac_lac,0.9375,true,true,lactate_acetate_chain_initiation,high,acs;bcd;crt;etfA;etfB;hbd;lctB;lctC;lctD;pfor;pta;thl,"",12,13,0.9375,1.0,1.0
FW_TWAS_AS_rep_2,GCA_964463165.1,0.0009019674164270816,X_chain_et,0.9230769230769231,true,true,ethanol_reverse_beta_oxidation,high,adh;adhE;bcd;cat;crt;etfA;etfB;hbd;thl,"",9,10,0.9230769230769231,1.0,1.0
FW_TWAS_AS_rep_2,GCA_964463165.1,0.0009019674164270816,X_chain_lac,1.0,true,true,lactate_reverse_beta_oxidation,high,bcd;cat;crt;etfA;etfB;hbd;lctB;lctC;lctD;pfor;thl,"",11,11,1.0,1.0,1.0
FW_TWAS_AS_rep_2,GCA_964463165.1,0.0009019674164270816,X_VFA_deg,0.853125,false,true,syntrophic_propionate_mmc,partial,fdhA;hydA;mdh;mmcE;mmcF;mmcG;pfor;sucC;sucD,one_of(fumB),9,10,0.9285714285714286,0.875,1.0
FW_TWAS_AS_rep_2,GCA_964463165.1,0.0009019674164270816,X_Me_ac,0.0,false,true,acetoclastic_ack_pta,none,pta,mcrA;ackA;one_of(cdhC|cdhD|cdhE),1,8,0.1111111111111111,0.25,0.2
FW_TWAS_AS_rep_2,GCA_964463165.1,0.0009019674164270816,X_Me_CO2,0.0,false,true,hydrogenotrophic_core,none,mer,mcrA;one_of(fwdA);one_of(ftr);one_of(mch),1,8,0.1111111111111111,0.2,0.16666666666666666
FW_TWAS_AS_rep_2,GCA_964463165.1,0.0009019674164270816,X_et,0.7,true,true,ethanol_to_acetyl_coa,medium,acs;adh;adhE;pta,"",4,6,0.7,1.0,1.0
FW_TWAS_AS_rep_2,GCA_964463165.1,0.0009019674164270816,X_lac,0.875,true,true,lactate_to_pyruvate,medium,lctB;lctC;lctD;pfor,"",4,5,0.875,1.0,1.0
FW_TWAS_AS_rep_2,GCA_044351045.1,0.0007892214893736964,X_ch,0.5714285714285714,false,true,starch_utilization,partial,cazy_GH13;susC,"",2,4,0.5714285714285714,1.0,1.0
FW_TWAS_AS_rep_2,GCA_044351045.1,0.0007892214893736964,X_pr,0.8181818181818182,true,true,proteolysis_and_peptide_import,medium,endopeptidase;extracellular_protease;oppA;oppB;pepN,"",5,7,0.8181818181818182,1.0,1.0
FW_TWAS_AS_rep_2,GCA_044351045.1,0.0007892214893736964,X_li,0.5,true,true,lipolysis,low,acylglycerol_lipase;fadD;lysophospholipase,"",3,6,0.5,1.0,1.0
FW_TWAS_AS_rep_2,GCA_044351045.1,0.0007892214893736964,X_su,0.3613952020202021,false,true,hexose_fermentation,partial,adhE;gapA;pfkA;pgi;pyk,one_of(ptsG|glcP),5,9,0.45454545454545453,0.8333333333333334,0.8333333333333334
FW_TWAS_AS_rep_2,GCA_044351045.1,0.0007892214893736964,X_aa,0.47,false,true,general_amino_acid_catabolism,partial,dppA;ilvE;oppA;tdcB,one_of(pfor),4,7,0.6,0.6666666666666666,1.0
FW_TWAS_AS_rep_2,GCA_044351045.1,0.0007892214893736964,X_fa,0.046079999999999996,false,true,lcfa_beta_oxidation,partial,fadD,fadE;fadB;fadA;one_of(etfA|etfB),1,6,0.2,0.2,0.2
FW_TWAS_AS_rep_2,GCA_044351045.1,0.0007892214893736964,X_ac_et,0.0,false,true,ethanol_acetate_chain_initiation,none,ackA;acs;adh;adhE;aldh;crt;pta,thl;bcd;etfA;etfB,7,12,0.5333333333333333,0.42857142857142855,0.875
FW_TWAS_AS_rep_2,GCA_044351045.1,0.0007892214893736964,X_ac_lac,0.0,false,true,lactate_acetate_chain_initiation,none,ackA;acs;crt;lctB;lctC;pta,thl;bcd;etfA;etfB;lctD;one_of(pfor),6,13,0.375,0.25,0.6666666666666666
FW_TWAS_AS_rep_2,GCA_044351045.1,0.0007892214893736964,X_chain_et,0.0,false,true,ethanol_reverse_beta_oxidation,none,adh;adhE;aldh;crt,bcd;etfA;etfB;cat;one_of(thl);one_of(hbd),4,10,0.38461538461538464,0.3333333333333333,0.5
FW_TWAS_AS_rep_2,GCA_044351045.1,0.0007892214893736964,X_chain_lac,0.0,false,true,lactate_reverse_beta_oxidation,none,crt;lctB;lctC,bcd;etfA;etfB;cat;lctD;one_of(thl);one_of(hbd);one_of(pfor),3,11,0.21428571428571427,0.2,0.3333333333333333
FW_TWAS_AS_rep_2,GCA_044351045.1,0.0007892214893736964,X_VFA_deg,0.255234375,false,true,syntrophic_propionate_mmc,partial,fdhA;hydA;mdh;sucC;sucD,mmcE;mmcF;mmcG;one_of(fumB),5,10,0.5,0.5,0.625
FW_TWAS_AS_rep_2,GCA_044351045.1,0.0007892214893736964,X_Me_ac,0.0,false,true,acetoclastic_ack_pta,none,ackA;cdhC;pta,mcrA,3,8,0.3333333333333333,0.75,0.6
FW_TWAS_AS_rep_2,GCA_044351045.1,0.0007892214893736964,X_Me_CO2,0.0,false,true,hydrogenotrophic_core,none,ftr;fwdA;mch,mcrA;one_of(mtd|mer),3,8,0.3333333333333333,0.6,0.5
FW_TWAS_AS_rep_2,GCA_044351045.1,0.0007892214893736964,X_et,1.0,true,true,ethanol_to_acetyl_coa,high,ackA;acs;adh;adhE;aldh;pta,"",6,6,1.0,1.0,1.0
FW_TWAS_AS_rep_2,GCA_044351045.1,0.0007892214893736964,X_lac,0.2125,false,true,lactate_to_pyruvate,partial,lctB;lctC;rnfB,lctD;pfor,3,5,0.375,0.3333333333333333,1.0
FW_TWAS_AS_rep_2,GCA_964247385.1,0.0006201025987936186,X_ch,0.7142857142857143,true,true,starch_utilization,medium,agl;cazy_GH13,"",2,4,0.7142857142857143,1.0,1.0
FW_TWAS_AS_rep_2,GCA_964247385.1,0.0006201025987936186,X_pr,0.7272727272727273,true,true,proteolysis_and_peptide_import,medium,dtpT;extracellular_protease;oppA;oppB;pepO,"",5,7,0.7272727272727273,1.0,1.0
FW_TWAS_AS_rep_2,GCA_964247385.1,0.0006201025987936186,X_li,0.5,true,true,lipolysis,low,acylglycerol_lipase;fadD;lysophospholipase,"",3,6,0.5,1.0,1.0
FW_TWAS_AS_rep_2,GCA_964247385.1,0.0006201025987936186,X_su,0.3613952020202021,false,true,hexose_fermentation,partial,gapA;pfkA;pfor;pgi;pyk,one_of(ptsG|glcP),5,9,0.45454545454545453,0.8333333333333334,0.8333333333333334
FW_TWAS_AS_rep_2,GCA_964247385.1,0.0006201025987936186,X_aa,1.0,true,true,general_amino_acid_catabolism,high,dppA;dtpT;gdh;ilvE;oppA;pfor;tdcB,"",7,7,1.0,1.0,1.0
FW_TWAS_AS_rep_2,GCA_964247385.1,0.0006201025987936186,X_fa,1.0,true,true,lcfa_beta_oxidation,high,etfA;etfB;fadA;fadB;fadD;fadE,"",6,6,1.0,1.0,1.0
FW_TWAS_AS_rep_2,GCA_964247385.1,0.0006201025987936186,X_ac_et,0.0,false,true,ethanol_acetate_chain_initiation,none,ackA;acs;aldh;bcd;crt;etfA;etfB;hbd;thl,one_of(adhE|adh),9,12,0.7333333333333333,0.8571428571428571,1.0
FW_TWAS_AS_rep_2,GCA_964247385.1,0.0006201025987936186,X_ac_lac,0.0,false,true,lactate_acetate_chain_initiation,none,ackA;acs;bcd;crt;etfA;etfB;hbd;lctB;lctC;pfor;thl,lctD,11,13,0.8125,0.875,1.0
FW_TWAS_AS_rep_2,GCA_964247385.1,0.0006201025987936186,X_chain_et,0.0,false,true,ethanol_reverse_beta_oxidation,none,aldh;bcd;cat;crt;etfA;etfB;hbd;thl,one_of(adhE|adh),8,10,0.7692307692307693,0.8888888888888888,1.0
FW_TWAS_AS_rep_2,GCA_964247385.1,0.0006201025987936186,X_chain_lac,0.0,false,true,lactate_reverse_beta_oxidation,none,bcd;cat;crt;etfA;etfB;hbd;lctB;lctC;pfor;thl,lctD,10,11,0.8571428571428571,0.9,1.0
FW_TWAS_AS_rep_2,GCA_964247385.1,0.0006201025987936186,X_VFA_deg,1.0,true,true,syntrophic_butyrate_oxidation,high,bcd;crt;etfA;etfB;fdhA;hbd;hydA;rnfB;thl,"",9,9,1.0,1.0,1.0
FW_TWAS_AS_rep_2,GCA_964247385.1,0.0006201025987936186,X_Me_ac,0.0,false,true,acetoclastic_ack_pta,none,ackA;cdhC,mcrA;pta,2,8,0.2222222222222222,0.5,0.4
FW_TWAS_AS_rep_2,GCA_964247385.1,0.0006201025987936186,X_Me_CO2,0.0,false,true,hydrogenotrophic_core,none,"",mcrA;one_of(fwdA);one_of(ftr);one_of(mch);one_of(mtd|mer),0,8,0.0,0.0,0.0
FW_TWAS_AS_rep_2,GCA_964247385.1,0.0006201025987936186,X_et,0.31333333333333335,false,true,ethanol_to_acetyl_coa,partial,ackA;acs;aldh,one_of(adhE|adh),3,6,0.4,0.6666666666666666,1.0
FW_TWAS_AS_rep_2,GCA_964247385.1,0.0006201025987936186,X_lac,0.4895833333333333,false,true,lactate_to_pyruvate,partial,lctB;lctC;pfor;rnfB,lctD,4,5,0.625,0.6666666666666666,1.0
FW_TWAS_AS_rep_2,GCA_903922995.1,0.0006201025987936186,X_ch,0.350703125,false,true,xylan_utilization,partial,cazy_GH10;xylA;xylB,one_of(cazy_GH43|cazy_CBM6),3,6,0.5,0.75,0.75
FW_TWAS_AS_rep_2,GCA_903922995.1,0.0006201025987936186,X_pr,0.9090909090909091,true,true,proteolysis_and_peptide_import,high,dtpT;endopeptidase;extracellular_protease;oppA;oppB;pepO,"",6,7,0.9090909090909091,1.0,1.0
FW_TWAS_AS_rep_2,GCA_903922995.1,0.0006201025987936186,X_li,0.5,true,true,lipolysis,low,acylglycerol_lipase;fadD;lysophospholipase,"",3,6,0.5,1.0,1.0
FW_TWAS_AS_rep_2,GCA_903922995.1,0.0006201025987936186,X_su,1.0,true,true,pentose_fermentation,high,adhE;gapA;lctD;pfor;pyk;xylA;xylB;xylF,"",8,8,1.0,1.0,1.0
FW_TWAS_AS_rep_2,GCA_903922995.1,0.0006201025987936186,X_aa,1.0,true,true,general_amino_acid_catabolism,high,dppA;dtpT;gdh;ilvE;oppA;pfor;tdcB,"",7,7,1.0,1.0,1.0
FW_TWAS_AS_rep_2,GCA_903922995.1,0.0006201025987936186,X_fa,0.32856,false,true,lcfa_beta_oxidation,partial,fadA;fadB;fadD,fadE;one_of(etfA|etfB),3,6,0.6,0.6,0.6
FW_TWAS_AS_rep_2,GCA_903922995.1,0.0006201025987936186,X_ac_et,0.0,false,true,ethanol_acetate_chain_initiation,none,ackA;acs;adh;adhE;aldh;crt;hbd;thl,bcd;etfA;etfB,8,12,0.6666666666666666,0.5714285714285714,1.0
FW_TWAS_AS_rep_2,GCA_903922995.1,0.0006201025987936186,X_ac_lac,0.0,false,true,lactate_acetate_chain_initiation,none,ackA;acs;crt;hbd;lctB;lctC;lctD;pfor;thl,bcd;etfA;etfB,9,13,0.6875,0.625,1.0
FW_TWAS_AS_rep_2,GCA_903922995.1,0.0006201025987936186,X_chain_et,0.0,false,true,ethanol_reverse_beta_oxidation,none,adh;adhE;aldh;crt;hbd;thl,bcd;etfA;etfB;cat,6,10,0.5384615384615384,0.5555555555555556,0.75
FW_TWAS_AS_rep_2,GCA_903922995.1,0.0006201025987936186,X_chain_lac,0.0,false,true,lactate_reverse_beta_oxidation,none,crt;hbd;lctB;lctC;lctD;pfor;thl,bcd;etfA;etfB;cat,7,11,0.5714285714285714,0.6,0.7777777777777778
FW_TWAS_AS_rep_2,GCA_903922995.1,0.0006201025987936186,X_VFA_deg,0.5982142857142857,false,true,syntrophic_propionate_mmc,partial,fdhA;fumB;hydA;mdh;mmcG;pfor;sucC;sucD,mmcE;mmcF,8,10,0.7142857142857143,0.75,1.0
FW_TWAS_AS_rep_2,GCA_903922995.1,0.0006201025987936186,X_Me_ac,0.0,false,true,acetoclastic_ack_pta,none,ackA,mcrA;pta;one_of(cdhC|cdhD|cdhE),1,8,0.1111111111111111,0.25,0.2
FW_TWAS_AS_rep_2,GCA_903922995.1,0.0006201025987936186,X_Me_CO2,0.0,false,true,hydrogenotrophic_core,none,fwdA,mcrA;one_of(ftr);one_of(mch);one_of(mtd|mer),1,8,0.1111111111111111,0.2,0.16666666666666666
FW_TWAS_AS_rep_2,GCA_903922995.1,0.0006201025987936186,X_et,0.9,true,true,ethanol_to_acetyl_coa,high,ackA;acs;adh;adhE;aldh,"",5,6,0.9,1.0,1.0
FW_TWAS_AS_rep_2,GCA_903922995.1,0.0006201025987936186,X_lac,1.0,true,true,lactate_to_pyruvate,high,lctB;lctC;lctD;pfor;rnfB,"",5,5,1.0,1.0,1.0
FW_TWAS_AS_rep_2,GCA_963847865.1,0.0006201025987936186,X_ch,0.7142857142857143,true,true,starch_utilization,medium,agl;cazy_GH13,"",2,4,0.7142857142857143,1.0,1.0
FW_TWAS_AS_rep_2,GCA_963847865.1,0.0006201025987936186,X_pr,0.7647058823529411,true,true,peptide_scavenging,medium,dppA;dppB;dppC;dtpT;oppA;oppB;pepA;pepN;pepQ;pepT,"",10,13,0.7647058823529411,1.0,1.0
FW_TWAS_AS_rep_2,GCA_963847865.1,0.0006201025987936186,X_li,0.5,true,true,lipolysis,low,acylglycerol_lipase;fadD;lysophospholipase,"",3,6,0.5,1.0,1.0
FW_TWAS_AS_rep_2,GCA_963847865.1,0.0006201025987936186,X_su,0.2106153846153846,false,true,entner_doudoroff,partial,edd;lctD;pyk,eda;one_of(ptsG|glcP),3,9,0.38461538461538464,0.6,0.6
FW_TWAS_AS_rep_2,GCA_963847865.1,0.0006201025987936186,X_aa,0.5483333333333333,false,true,general_amino_acid_catabolism,partial,dppA;dtpT;gdh;oppA;tdcB,one_of(pfor),5,7,0.7,0.6666666666666666,1.0
FW_TWAS_AS_rep_2,GCA_963847865.1,0.0006201025987936186,X_fa,1.0,true,true,lcfa_beta_oxidation,high,etfA;etfB;fadA;fadB;fadD;fadE,"",6,6,1.0,1.0,1.0
FW_TWAS_AS_rep_2,GCA_963847865.1,0.0006201025987936186,X_ac_et,0.0,false,true,ethanol_acetate_chain_initiation,none,acs;adh;bcd;crt;etfA;etfB;hbd;pta;thl,one_of(adhE|aldh),9,12,0.7333333333333333,0.8571428571428571,1.0
FW_TWAS_AS_rep_2,GCA_963847865.1,0.0006201025987936186,X_ac_lac,0.0,false,true,lactate_acetate_chain_initiation,none,acs;bcd;crt;etfA;etfB;hbd;lctB;lctC;lctD;pta;thl,one_of(pfor),11,13,0.875,0.875,1.0
FW_TWAS_AS_rep_2,GCA_963847865.1,0.0006201025987936186,X_chain_et,0.0,false,true,ethanol_reverse_beta_oxidation,none,adh;bcd;crt;etfA;etfB;hbd;thl,cat;one_of(adhE|aldh),7,10,0.6153846153846154,0.7777777777777778,0.875
FW_TWAS_AS_rep_2,GCA_963847865.1,0.0006201025987936186,X_chain_lac,0.0,false,true,lactate_reverse_beta_oxidation,none,bcd;crt;etfA;etfB;hbd;lctB;lctC;lctD;thl,cat;one_of(pfor),9,11,0.7857142857142857,0.8,1.0
FW_TWAS_AS_rep_2,GCA_963847865.1,0.0006201025987936186,X_VFA_deg,0.8421875,false,true,syntrophic_butyrate_oxidation,partial,bcd;crt;etfA;etfB;fdhA;hbd;hydA;thl,one_of(rnfB),8,9,0.9166666666666666,0.875,1.0
FW_TWAS_AS_rep_2,GCA_963847865.1,0.0006201025987936186,X_Me_ac,0.0,false,true,acetoclastic_ack_pta,none,pta,mcrA;ackA;one_of(cdhC|cdhD|cdhE),1,8,0.1111111111111111,0.25,0.2
FW_TWAS_AS_rep_2,GCA_963847865.1,0.0006201025987936186,X_Me_CO2,0.0,false,true,hydrogenotrophic_core,none,ftr;fwdA;mch;mer,mcrA,4,8,0.4444444444444444,0.8,0.6666666666666666
FW_TWAS_AS_rep_2,GCA_963847865.1,0.0006201025987936186,X_et,0.31333333333333335,false,true,ethanol_to_acetyl_coa,partial,acs;adh;pta,one_of(adhE|aldh),3,6,0.4,0.6666666666666666,1.0
FW_TWAS_AS_rep_2,GCA_963847865.1,0.0006201025987936186,X_lac,0.4895833333333333,false,true,lactate_to_pyruvate,partial,lctB;lctC;lctD,pfor,3,5,0.625,0.6666666666666666,1.0
FW_TWAS_AS_rep_2,GCA_039809345.1,0.0005919161170302722,X_ch,0.0,false,true,xylan_utilization,none,"",xylA;xylB;one_of(cazy_GH10|cazy_GH11);one_of(cazy_GH43|cazy_CBM6),0,6,0.0,0.0,0.0
FW_TWAS_AS_rep_2,GCA_039809345.1,0.0005919161170302722,X_pr,0.017083333333333332,false,true,peptide_scavenging,partial,pepD,one_of(oppA|dppA|dtpT);one_of(oppB|dppB|dppC|dtpT),1,13,0.058823529411764705,0.3333333333333333,0.25
FW_TWAS_AS_rep_2,GCA_039809345.1,0.0005919161170302722,X_li,0.0,false,true,lipolysis,none,"",one_of(lipase|lysophospholipase|acylglycerol_lipase|phospholipase);one_of(fadD|esterase),0,6,0.0,0.0,0.0
FW_TWAS_AS_rep_2,GCA_039809345.1,0.0005919161170302722,X_su,0.01909722222222222,false,true,hexose_fermentation,partial,pyk,pgi;pfkA;gapA;one_of(ptsG|glcP);one_of(pfor|adhE|lctD),1,9,0.09090909090909091,0.16666666666666666,0.16666666666666666
FW_TWAS_AS_rep_2,GCA_039809345.1,0.0005919161170302722,X_aa,0.0,false,true,general_amino_acid_catabolism,none,"",one_of(gdh|ilvE|tdcB);one_of(pfor);one_of(oppA|dppA|dtpT),0,7,0.0,0.0,0.0
FW_TWAS_AS_rep_2,GCA_039809345.1,0.0005919161170302722,X_fa,0.0,false,true,lcfa_beta_oxidation,none,"",fadD;fadE;fadB;fadA;one_of(etfA|etfB),0,6,0.0,0.0,0.0
FW_TWAS_AS_rep_2,GCA_039809345.1,0.0005919161170302722,X_ac_et,0.0,false,true,ethanol_acetate_chain_initiation,none,"",thl;bcd;etfA;etfB;one_of(acs|ackA|pta);one_of(adhE|adh);one_of(adhE|aldh),0,12,0.0,0.0,0.0
FW_TWAS_AS_rep_2,GCA_039809345.1,0.0005919161170302722,X_ac_lac,0.0,false,true,lactate_acetate_chain_initiation,none,"",thl;bcd;etfA;etfB;lctD;one_of(acs|ackA|pta);one_of(lctB|lctC);one_of(pfor),0,13,0.0,0.0,0.0
FW_TWAS_AS_rep_2,GCA_039809345.1,0.0005919161170302722,X_chain_et,0.0,false,true,ethanol_reverse_beta_oxidation,none,"",bcd;etfA;etfB;cat;one_of(thl);one_of(hbd);one_of(crt);one_of(adhE|adh);one_of(adhE|aldh),0,10,0.0,0.0,0.0
FW_TWAS_AS_rep_2,GCA_039809345.1,0.0005919161170302722,X_chain_lac,0.0,false,true,lactate_reverse_beta_oxidation,none,"",bcd;etfA;etfB;cat;lctD;one_of(thl);one_of(hbd);one_of(crt);one_of(lctB|lctC);one_of(pfor),0,11,0.0,0.0,0.0
FW_TWAS_AS_rep_2,GCA_039809345.1,0.0005919161170302722,X_VFA_deg,0.0,false,true,syntrophic_propionate_mmc,none,"",mmcE;mmcF;mmcG;sucC;sucD;one_of(fumB);one_of(mdh);one_of(hydA|fdhA),0,10,0.0,0.0,0.0
FW_TWAS_AS_rep_2,GCA_039809345.1,0.0005919161170302722,X_Me_ac,0.0,false,true,acetoclastic_ack_pta,none,"",mcrA;ackA;pta;one_of(cdhC|cdhD|cdhE),0,8,0.0,0.0,0.0
FW_TWAS_AS_rep_2,GCA_039809345.1,0.0005919161170302722,X_Me_CO2,0.0,false,true,hydrogenotrophic_core,none,"",mcrA;one_of(fwdA);one_of(ftr);one_of(mch);one_of(mtd|mer),0,8,0.0,0.0,0.0
FW_TWAS_AS_rep_2,GCA_039809345.1,0.0005919161170302722,X_et,0.0,false,true,ethanol_to_acetyl_coa,none,"",one_of(adhE|adh);one_of(adhE|aldh);one_of(acs|pta|ackA),0,6,0.0,0.0,0.0
FW_TWAS_AS_rep_2,GCA_039809345.1,0.0005919161170302722,X_lac,0.0,false,true,lactate_to_pyruvate,none,"",lctD;pfor;one_of(lctB|lctC|rnfB),0,5,0.0,0.0,0.0
FW_TWAS_AS_rep_2,GCA_029569365.1,0.0005355431535035797,X_ch,0.7142857142857143,true,true,starch_utilization,medium,agl;cazy_GH13,"",2,4,0.7142857142857143,1.0,1.0
FW_TWAS_AS_rep_2,GCA_029569365.1,0.0005355431535035797,X_pr,0.1922727272727273,false,true,proteolysis_and_peptide_import,partial,extracellular_protease;pepN,one_of(oppA|oppB|dtpT),2,7,0.36363636363636365,0.6666666666666666,0.5
FW_TWAS_AS_rep_2,GCA_029569365.1,0.0005355431535035797,X_li,0.3333333333333333,false,true,lipolysis,partial,acylglycerol_lipase;fadD,"",2,6,0.3333333333333333,1.0,1.0
FW_TWAS_AS_rep_2,GCA_029569365.1,0.0005355431535035797,X_su,0.48636363636363633,false,true,hexose_fermentation,partial,adhE;gapA;pfkA;pfor;pgi;pyk,one_of(ptsG|glcP),6,9,0.5454545454545454,0.8333333333333334,1.0
FW_TWAS_AS_rep_2,GCA_029569365.1,0.0005355431535035797,X_aa,0.18408333333333332,false,true,general_amino_acid_catabolism,partial,gdh;pfor,one_of(oppA|dppA|dtpT),2,7,0.3,0.6666666666666666,0.6666666666666666
FW_TWAS_AS_rep_2,GCA_029569365.1,0.0005355431535035797,X_fa,0.6960000000000001,false,true,lcfa_beta_oxidation,partial,etfA;etfB;fadA;fadD;fadE,fadB,5,6,0.8,0.8,1.0
FW_TWAS_AS_rep_2,GCA_029569365.1,0.0005355431535035797,X_ac_et,0.7333333333333333,true,true,ethanol_acetate_chain_initiation,medium,ackA;acs;adhE;bcd;etfA;etfB;pta;thl,"",8,12,0.7333333333333333,1.0,1.0
FW_TWAS_AS_rep_2,GCA_029569365.1,0.0005355431535035797,X_ac_lac,0.0,false,true,lactate_acetate_chain_initiation,none,ackA;acs;bcd;etfA;etfB;pfor;pta;thl,lctD;one_of(lctB|lctC),8,13,0.625,0.75,0.8888888888888888
FW_TWAS_AS_rep_2,GCA_029569365.1,0.0005355431535035797,X_chain_et,0.0,false,true,ethanol_reverse_beta_oxidation,none,adhE;bcd;etfA;etfB;thl,cat;one_of(hbd);one_of(crt),5,10,0.5384615384615384,0.6666666666666666,0.625
FW_TWAS_AS_rep_2,GCA_029569365.1,0.0005355431535035797,X_chain_lac,0.0,false,true,lactate_reverse_beta_oxidation,none,bcd;etfA;etfB;pfor;thl,cat;lctD;one_of(hbd);one_of(crt);one_of(lctB|lctC),5,11,0.42857142857142855,0.5,0.5555555555555556
FW_TWAS_AS_rep_2,GCA_029569365.1,0.0005355431535035797,X_VFA_deg,0.6979166666666667,false,true,syntrophic_butyrate_oxidation,partial,bcd;etfA;etfB;fdhA;hydA;rnfB;thl,one_of(hbd);one_of(crt),7,9,0.8333333333333334,0.75,1.0
FW_TWAS_AS_rep_2,GCA_029569365.1,0.0005355431535035797,X_Me_ac,0.0,false,true,acetoclastic_ack_pta,none,ackA;pta,mcrA;one_of(cdhC|cdhD|cdhE),2,8,0.2222222222222222,0.5,0.4
FW_TWAS_AS_rep_2,GCA_029569365.1,0.0005355431535035797,X_Me_CO2,0.0,false,true,hydrogenotrophic_core,none,fwdA,mcrA;one_of(ftr);one_of(mch);one_of(mtd|mer),1,8,0.1111111111111111,0.2,0.16666666666666666
FW_TWAS_AS_rep_2,GCA_029569365.1,0.0005355431535035797,X_et,0.6,true,true,ethanol_to_acetyl_coa,low,ackA;acs;adhE;pta,"",4,6,0.6,1.0,1.0
FW_TWAS_AS_rep_2,GCA_029569365.1,0.0005355431535035797,X_lac,0.23010416666666667,false,true,lactate_to_pyruvate,partial,pfor;rnfB,lctD,2,5,0.375,0.6666666666666666,0.6666666666666666
FW_TWAS_AS_rep_2,GCA_023261595.1,0.0005073566717402334,X_ch,0.0656640625,false,true,xylan_utilization,partial,cazy_GH10,xylA;xylB;one_of(cazy_GH43|cazy_CBM6),1,6,0.25,0.25,0.25
FW_TWAS_AS_rep_2,GCA_023261595.1,0.0005073566717402334,X_pr,0.19295343137254903,false,true,peptide_scavenging,partial,dppA;oppA;pepQ,one_of(oppB|dppB|dppC|dtpT),3,13,0.29411764705882354,0.6666666666666666,0.75
FW_TWAS_AS_rep_2,GCA_023261595.1,0.0005073566717402334,X_li,0.0,false,true,lipolysis,none,"",one_of(lipase|lysophospholipase|acylglycerol_lipase|phospholipase);one_of(fadD|esterase),0,6,0.0,0.0,0.0
FW_TWAS_AS_rep_2,GCA_023261595.1,0.0005073566717402334,X_su,0.05838383838383838,false,true,hexose_fermentation,partial,gapA;pyk,pgi;pfkA;one_of(ptsG|glcP);one_of(pfor|adhE|lctD),2,9,0.18181818181818182,0.3333333333333333,0.3333333333333333
FW_TWAS_AS_rep_2,GCA_023261595.1,0.0005073566717402334,X_aa,0.08877777777777779,false,true,general_amino_acid_catabolism,partial,dppA;oppA,one_of(gdh|ilvE|tdcB);one_of(pfor),2,7,0.2,0.3333333333333333,0.6666666666666666
FW_TWAS_AS_rep_2,GCA_023261595.1,0.0005073566717402334,X_fa,0.0,false,true,lcfa_beta_oxidation,none,"",fadD;fadE;fadB;fadA;one_of(etfA|etfB),0,6,0.0,0.0,0.0
FW_TWAS_AS_rep_2,GCA_023261595.1,0.0005073566717402334,X_ac_et,0.0,false,true,ethanol_acetate_chain_initiation,none,crt,thl;bcd;etfA;etfB;one_of(acs|ackA|pta);one_of(adhE|adh);one_of(adhE|aldh),1,12,0.06666666666666667,0.0,0.125
FW_TWAS_AS_rep_2,GCA_023261595.1,0.0005073566717402334,X_ac_lac,0.0,false,true,lactate_acetate_chain_initiation,none,crt,thl;bcd;etfA;etfB;lctD;one_of(acs|ackA|pta);one_of(lctB|lctC);one_of(pfor),1,13,0.0625,0.0,0.1111111111111111
FW_TWAS_AS_rep_2,GCA_023261595.1,0.0005073566717402334,X_chain_et,0.0,false,true,ethanol_reverse_beta_oxidation,none,crt,bcd;etfA;etfB;cat;one_of(thl);one_of(hbd);one_of(adhE|adh);one_of(adhE|aldh),1,10,0.07692307692307693,0.1111111111111111,0.125
FW_TWAS_AS_rep_2,GCA_023261595.1,0.0005073566717402334,X_chain_lac,0.0,false,true,lactate_reverse_beta_oxidation,none,crt,bcd;etfA;etfB;cat;lctD;one_of(thl);one_of(hbd);one_of(lctB|lctC);one_of(pfor),1,11,0.07142857142857142,0.1,0.1111111111111111
FW_TWAS_AS_rep_2,GCA_023261595.1,0.0005073566717402334,X_VFA_deg,0.01591517857142857,false,true,syntrophic_butyrate_oxidation,partial,crt,bcd;etfA;etfB;one_of(thl);one_of(hbd);one_of(hydA|fdhA);one_of(rnfB),1,9,0.08333333333333333,0.125,0.14285714285714285
FW_TWAS_AS_rep_2,GCA_023261595.1,0.0005073566717402334,X_Me_ac,0.0,false,true,acetoclastic_ack_pta,none,"",mcrA;ackA;pta;one_of(cdhC|cdhD|cdhE),0,8,0.0,0.0,0.0
FW_TWAS_AS_rep_2,GCA_023261595.1,0.0005073566717402334,X_Me_CO2,0.0,false,true,hydrogenotrophic_core,none,"",mcrA;one_of(fwdA);one_of(ftr);one_of(mch);one_of(mtd|mer),0,8,0.0,0.0,0.0
FW_TWAS_AS_rep_2,GCA_023261595.1,0.0005073566717402334,X_et,0.0,false,true,ethanol_to_acetyl_coa,none,"",one_of(adhE|adh);one_of(adhE|aldh);one_of(acs|pta|ackA),0,6,0.0,0.0,0.0
FW_TWAS_AS_rep_2,GCA_023261595.1,0.0005073566717402334,X_lac,0.0,false,true,lactate_to_pyruvate,none,"",lctD;pfor;one_of(lctB|lctC|rnfB),0,5,0.0,0.0,0.0
FW_TWAS_AS_rep_2,GCA_029553005.1,0.0004791701899768871,X_ch,0.7142857142857143,true,true,starch_utilization,medium,agl;cazy_GH13,"",2,4,0.7142857142857143,1.0,1.0
FW_TWAS_AS_rep_2,GCA_029553005.1,0.0004791701899768871,X_pr,0.11166666666666666,false,true,peptide_scavenging,partial,endopeptidase;pepD;pepQ,one_of(oppA|dppA|dtpT);one_of(oppB|dppB|dppC|dtpT),3,13,0.23529411764705882,0.3333333333333333,0.75
FW_TWAS_AS_rep_2,GCA_029553005.1,0.0004791701899768871,X_li,0.4166666666666667,true,true,lipolysis,low,acylglycerol_lipase;esterase;fadD,"",3,6,0.4166666666666667,1.0,1.0
FW_TWAS_AS_rep_2,GCA_029553005.1,0.0004791701899768871,X_su,0.6023076923076923,false,true,entner_doudoroff,partial,adhE;eda;edd;gapA;pfor,one_of(ptsG|glcP),5,9,0.6923076923076923,0.8,1.0
FW_TWAS_AS_rep_2,GCA_029553005.1,0.0004791701899768871,X_aa,0.5483333333333333,false,true,general_amino_acid_catabolism,partial,gdh;ilvE;pfor;tdcB,one_of(oppA|dppA|dtpT),4,7,0.7,0.6666666666666666,1.0
FW_TWAS_AS_rep_2,GCA_029553005.1,0.0004791701899768871,X_fa,0.046079999999999996,false,true,lcfa_beta_oxidation,partial,fadD,fadE;fadB;fadA;one_of(etfA|etfB),1,6,0.2,0.2,0.2
FW_TWAS_AS_rep_2,GCA_029553005.1,0.0004791701899768871,X_ac_et,0.0,false,true,ethanol_acetate_chain_initiation,none,ackA;acs;adh;adhE;aldh;pta,thl;bcd;etfA;etfB,6,12,0.4666666666666667,0.42857142857142855,0.75
FW_TWAS_AS_rep_2,GCA_029553005.1,0.0004791701899768871,X_ac_lac,0.0,false,true,lactate_acetate_chain_initiation,none,ackA;acs;pfor;pta,thl;bcd;etfA;etfB;lctD;one_of(lctB|lctC),4,13,0.25,0.25,0.4444444444444444
FW_TWAS_AS_rep_2,GCA_029553005.1,0.0004791701899768871,X_chain_et,0.0,false,true,ethanol_reverse_beta_oxidation,none,adh;adhE;aldh,bcd;etfA;etfB;cat;one_of(thl);one_of(hbd);one_of(crt),3,10,0.3076923076923077,0.2222222222222222,0.375
FW_TWAS_AS_rep_2,GCA_029553005.1,0.0004791701899768871,X_chain_lac,0.0,false,true,lactate_reverse_beta_oxidation,none,pfor,bcd;etfA;etfB;cat;lctD;one_of(thl);one_of(hbd);one_of(crt);one_of(lctB|lctC),1,11,0.07142857142857142,0.1,0.1111111111111111
FW_TWAS_AS_rep_2,GCA_029553005.1,0.0004791701899768871,X_VFA_deg,0.14825892857142856,false,true,syntrophic_propionate_mmc,partial,fdhA;fumB;hydA;pfor,mmcE;mmcF;mmcG;sucC;sucD;one_of(mdh),4,10,0.42857142857142855,0.25,0.5
FW_TWAS_AS_rep_2,GCA_029553005.1,0.0004791701899768871,X_Me_ac,0.0,false,true,acetoclastic_ack_pta,none,ackA;cdhC;pta,mcrA,3,8,0.3333333333333333,0.75,0.6
FW_TWAS_AS_rep_2,GCA_029553005.1,0.0004791701899768871,X_Me_CO2,0.0,false,true,hydrogenotrophic_core,none,"",mcrA;one_of(fwdA);one_of(ftr);one_of(mch);one_of(mtd|mer),0,8,0.0,0.0,0.0
FW_TWAS_AS_rep_2,GCA_029553005.1,0.0004791701899768871,X_et,1.0,true,true,ethanol_to_acetyl_coa,high,ackA;acs;adh;adhE;aldh;pta,"",6,6,1.0,1.0,1.0
FW_TWAS_AS_rep_2,GCA_029553005.1,0.0004791701899768871,X_lac,0.23010416666666667,false,true,lactate_to_pyruvate,partial,pfor;rnfB,lctD,2,5,0.375,0.6666666666666666,0.6666666666666666
FW_TWAS_AS_rep_2,GCA_050949945.1,0.0003946107446868482,X_ch,0.0,false,true,xylan_utilization,none,"",xylA;xylB;one_of(cazy_GH10|cazy_GH11);one_of(cazy_GH43|cazy_CBM6),0,6,0.0,0.0,0.0
FW_TWAS_AS_rep_2,GCA_050949945.1,0.0003946107446868482,X_pr,0.5294117647058824,true,true,peptide_scavenging,low,dppA;dppB;dppC;oppA;oppB;pepA;pepQ,"",7,13,0.5294117647058824,1.0,1.0
FW_TWAS_AS_rep_2,GCA_050949945.1,0.0003946107446868482,X_li,0.16875,false,true,lipolysis,partial,esterase;fadD,one_of(lipase|lysophospholipase|acylglycerol_lipase|phospholipase),2,6,0.25,0.5,1.0
FW_TWAS_AS_rep_2,GCA_050949945.1,0.0003946107446868482,X_su,0.2971384615384616,false,true,entner_doudoroff,partial,adhE;edd;gapA;pfor,eda;one_of(ptsG|glcP),4,9,0.46153846153846156,0.6,0.8
FW_TWAS_AS_rep_2,GCA_050949945.1,0.0003946107446868482,X_aa,1.0,true,true,glycine_stickland,high,grdA;grdB;oppA;oppB;pfor,"",5,5,1.0,1.0,1.0
FW_TWAS_AS_rep_2,GCA_050949945.1,0.0003946107446868482,X_fa,0.18056,false,true,lcfa_beta_oxidation,partial,etfA;etfB;fadD,fadE;fadB;fadA,3,6,0.4,0.4,0.6
FW_TWAS_AS_rep_2,GCA_050949945.1,0.0003946107446868482,X_ac_et,0.0,false,true,ethanol_acetate_chain_initiation,none,ackA;acs;adhE;aldh;etfA;etfB;pta,thl;bcd,7,12,0.5333333333333333,0.7142857142857143,0.875
FW_TWAS_AS_rep_2,GCA_050949945.1,0.0003946107446868482,X_ac_lac,0.0,false,true,lactate_acetate_chain_initiation,none,ackA;acs;etfA;etfB;pfor;pta,thl;bcd;lctD;one_of(lctB|lctC),6,13,0.375,0.5,0.6666666666666666
FW_TWAS_AS_rep_2,GCA_050949945.1,0.0003946107446868482,X_chain_et,0.0,false,true,ethanol_reverse_beta_oxidation,none,adhE;aldh;etfA;etfB,bcd;cat;one_of(thl);one_of(hbd);one_of(crt),4,10,0.38461538461538464,0.4444444444444444,0.5
FW_TWAS_AS_rep_2,GCA_050949945.1,0.0003946107446868482,X_chain_lac,0.0,false,true,lactate_reverse_beta_oxidation,none,etfA;etfB;pfor,bcd;cat;lctD;one_of(thl);one_of(hbd);one_of(crt);one_of(lctB|lctC),3,11,0.21428571428571427,0.3,0.3333333333333333
FW_TWAS_AS_rep_2,GCA_050949945.1,0.0003946107446868482,X_VFA_deg,0.32062500000000005,false,true,syntrophic_butyrate_oxidation,partial,etfA;etfB;fdhA;hydA;rnfB,bcd;one_of(thl);one_of(hbd);one_of(crt),5,9,0.5833333333333334,0.5,0.7142857142857143
FW_TWAS_AS_rep_2,GCA_050949945.1,0.0003946107446868482,X_Me_ac,0.0,false,true,acetoclastic_ack_pta,none,ackA;cdhC;pta,mcrA,3,8,0.3333333333333333,0.75,0.6
FW_TWAS_AS_rep_2,GCA_050949945.1,0.0003946107446868482,X_Me_CO2,0.0,false,true,hydrogenotrophic_core,none,"",mcrA;one_of(fwdA);one_of(ftr);one_of(mch);one_of(mtd|mer),0,8,0.0,0.0,0.0
FW_TWAS_AS_rep_2,GCA_050949945.1,0.0003946107446868482,X_et,0.8,true,true,ethanol_to_acetyl_coa,medium,ackA;acs;adhE;aldh;pta,"",5,6,0.8,1.0,1.0
FW_TWAS_AS_rep_2,GCA_050949945.1,0.0003946107446868482,X_lac,0.23010416666666667,false,true,lactate_to_pyruvate,partial,pfor;rnfB,lctD,2,5,0.375,0.6666666666666666,0.6666666666666666
FW_TWAS_AS_rep_2,GCA_965231145.1,0.0003664242629235019,X_ch,0.0,false,true,xylan_utilization,none,"",xylA;xylB;one_of(cazy_GH10|cazy_GH11);one_of(cazy_GH43|cazy_CBM6),0,6,0.0,0.0,0.0
FW_TWAS_AS_rep_2,GCA_965231145.1,0.0003664242629235019,X_pr,0.07920454545454544,false,true,proteolysis_and_peptide_import,partial,extracellular_protease,one_of(oppA|oppB|dtpT);one_of(pepN|pepO),1,7,0.2727272727272727,0.3333333333333333,0.25
FW_TWAS_AS_rep_2,GCA_965231145.1,0.0003664242629235019,X_li,0.0,false,true,lipolysis,none,"",one_of(lipase|lysophospholipase|acylglycerol_lipase|phospholipase);one_of(fadD|esterase),0,6,0.0,0.0,0.0
FW_TWAS_AS_rep_2,GCA_965231145.1,0.0003664242629235019,X_su,0.01909722222222222,false,true,hexose_fermentation,partial,pyk,pgi;pfkA;gapA;one_of(ptsG|glcP);one_of(pfor|adhE|lctD),1,9,0.09090909090909091,0.16666666666666666,0.16666666666666666
FW_TWAS_AS_rep_2,GCA_965231145.1,0.0003664242629235019,X_aa,0.0,false,true,general_amino_acid_catabolism,none,"",one_of(gdh|ilvE|tdcB);one_of(pfor);one_of(oppA|dppA|dtpT),0,7,0.0,0.0,0.0
FW_TWAS_AS_rep_2,GCA_965231145.1,0.0003664242629235019,X_fa,0.0,false,true,lcfa_beta_oxidation,none,"",fadD;fadE;fadB;fadA;one_of(etfA|etfB),0,6,0.0,0.0,0.0
FW_TWAS_AS_rep_2,GCA_965231145.1,0.0003664242629235019,X_ac_et,0.0,false,true,ethanol_acetate_chain_initiation,none,"",thl;bcd;etfA;etfB;one_of(acs|ackA|pta);one_of(adhE|adh);one_of(adhE|aldh),0,12,0.0,0.0,0.0
FW_TWAS_AS_rep_2,GCA_965231145.1,0.0003664242629235019,X_ac_lac,0.0,false,true,lactate_acetate_chain_initiation,none,"",thl;bcd;etfA;etfB;lctD;one_of(acs|ackA|pta);one_of(lctB|lctC);one_of(pfor),0,13,0.0,0.0,0.0
FW_TWAS_AS_rep_2,GCA_965231145.1,0.0003664242629235019,X_chain_et,0.0,false,true,ethanol_reverse_beta_oxidation,none,"",bcd;etfA;etfB;cat;one_of(thl);one_of(hbd);one_of(crt);one_of(adhE|adh);one_of(adhE|aldh),0,10,0.0,0.0,0.0
FW_TWAS_AS_rep_2,GCA_965231145.1,0.0003664242629235019,X_chain_lac,0.0,false,true,lactate_reverse_beta_oxidation,none,"",bcd;etfA;etfB;cat;lctD;one_of(thl);one_of(hbd);one_of(crt);one_of(lctB|lctC);one_of(pfor),0,11,0.0,0.0,0.0
FW_TWAS_AS_rep_2,GCA_965231145.1,0.0003664242629235019,X_VFA_deg,0.0,false,true,syntrophic_propionate_mmc,none,"",mmcE;mmcF;mmcG;sucC;sucD;one_of(fumB);one_of(mdh);one_of(hydA|fdhA),0,10,0.0,0.0,0.0
FW_TWAS_AS_rep_2,GCA_965231145.1,0.0003664242629235019,X_Me_ac,0.0,false,true,acetoclastic_ack_pta,none,"",mcrA;ackA;pta;one_of(cdhC|cdhD|cdhE),0,8,0.0,0.0,0.0
FW_TWAS_AS_rep_2,GCA_965231145.1,0.0003664242629235019,X_Me_CO2,0.0,false,true,hydrogenotrophic_core,none,"",mcrA;one_of(fwdA);one_of(ftr);one_of(mch);one_of(mtd|mer),0,8,0.0,0.0,0.0
FW_TWAS_AS_rep_2,GCA_965231145.1,0.0003664242629235019,X_et,0.0,false,true,ethanol_to_acetyl_coa,none,"",one_of(adhE|adh);one_of(adhE|aldh);one_of(acs|pta|ackA),0,6,0.0,0.0,0.0
FW_TWAS_AS_rep_2,GCA_965231145.1,0.0003664242629235019,X_lac,0.0,false,true,lactate_to_pyruvate,none,"",lctD;pfor;one_of(lctB|lctC|rnfB),0,5,0.0,0.0,0.0
FW_TWAS_AS_rep_2,GCA_937873595.1,0.00033823778116015557,X_ch,0.7142857142857143,true,true,starch_utilization,medium,agl;cazy_GH13,"",2,4,0.7142857142857143,1.0,1.0
FW_TWAS_AS_rep_2,GCA_937873595.1,0.00033823778116015557,X_pr,0.7272727272727273,true,true,proteolysis_and_peptide_import,medium,extracellular_protease;oppA;oppB;pepN;pepO,"",5,7,0.7272727272727273,1.0,1.0
FW_TWAS_AS_rep_2,GCA_937873595.1,0.00033823778116015557,X_li,0.5833333333333334,true,true,lipolysis,low,acylglycerol_lipase;esterase;fadD;lysophospholipase,"",4,6,0.5833333333333334,1.0,1.0
FW_TWAS_AS_rep_2,GCA_937873595.1,0.00033823778116015557,X_su,0.8181818181818182,true,true,pentose_fermentation,medium,adhE;gapA;pyk;xylA;xylB;xylF,"",6,8,0.8181818181818182,1.0,1.0
FW_TWAS_AS_rep_2,GCA_937873595.1,0.00033823778116015557,X_aa,0.6266666666666667,false,true,general_amino_acid_catabolism,partial,dppA;gdh;ilvE;oppA;tdcB,one_of(pfor),5,7,0.8,0.6666666666666666,1.0
FW_TWAS_AS_rep_2,GCA_937873595.1,0.00033823778116015557,X_fa,0.9,true,true,lcfa_beta_oxidation,high,etfA;fadA;fadB;fadD;fadE,"",5,6,0.9,1.0,1.0
FW_TWAS_AS_rep_2,GCA_937873595.1,0.00033823778116015557,X_ac_et,0.0,false,true,ethanol_acetate_chain_initiation,none,acs;adh;adhE;aldh;bcd;crt;etfA;hbd;thl,etfB,9,12,0.8,0.8571428571428571,1.0
FW_TWAS_AS_rep_2,GCA_937873595.1,0.00033823778116015557,X_ac_lac,0.0,false,true,lactate_acetate_chain_initiation,none,acs;bcd;crt;etfA;hbd;thl,etfB;lctD;one_of(lctB|lctC);one_of(pfor),6,13,0.5,0.5,0.6666666666666666
FW_TWAS_AS_rep_2,GCA_937873595.1,0.00033823778116015557,X_chain_et,0.0,false,true,ethanol_reverse_beta_oxidation,none,adh;adhE;aldh;bcd;crt;etfA;hbd;thl,etfB;cat,8,10,0.7692307692307693,0.7777777777777778,1.0
FW_TWAS_AS_rep_2,GCA_937873595.1,0.00033823778116015557,X_chain_lac,0.0,false,true,lactate_reverse_beta_oxidation,none,bcd;crt;etfA;hbd;thl,etfB;cat;lctD;one_of(lctB|lctC);one_of(pfor),5,11,0.42857142857142855,0.5,0.5555555555555556
FW_TWAS_AS_rep_2,GCA_937873595.1,0.00033823778116015557,X_VFA_deg,0.9285714285714286,true,true,syntrophic_propionate_mmc,high,fdhA;fumB;hydA;mdh;mmcE;mmcF;mmcG;sucC;sucD,"",9,10,0.9285714285714286,1.0,1.0
FW_TWAS_AS_rep_2,GCA_937873595.1,0.00033823778116015557,X_Me_ac,0.0,false,true,acetoclastic_acs,none,acs,forbidden(mvhA);forbidden(mvhG);mcrA;one_of(cdhC|cdhD|cdhE),1,7,0.2222222222222222,0.3333333333333333,0.25
FW_TWAS_AS_rep_2,GCA_937873595.1,0.00033823778116015557,X_Me_CO2,0.0,false,true,hydrogenotrophic_core,none,mer,mcrA;one_of(fwdA);one_of(ftr);one_of(mch),1,8,0.1111111111111111,0.2,0.16666666666666666
FW_TWAS_AS_rep_2,GCA_937873595.1,0.00033823778116015557,X_et,0.8,true,true,ethanol_to_acetyl_coa,medium,acs;adh;adhE;aldh,"",4,6,0.8,1.0,1.0
FW_TWAS_AS_rep_2,GCA_937873595.1,0.00033823778116015557,X_lac,0.040138888888888884,false,true,lactate_to_pyruvate,partial,rnfB,lctD;pfor,1,5,0.125,0.3333333333333333,0.3333333333333333
FW_TWAS_AS_rep_2,GCA_963814445.1,0.0003100512993968093,X_ch,1.0,true,true,pectin_utilization,high,cazy_CE8;cazy_GH43;cazy_PL1;susC;susD,"",5,5,1.0,1.0,1.0
FW_TWAS_AS_rep_2,GCA_963814445.1,0.0003100512993968093,X_pr,1.0,true,true,proteolysis_and_peptide_import,high,dtpT;endopeptidase;extracellular_protease;oppA;oppB;pepN;pepO,"",7,7,1.0,1.0,1.0
FW_TWAS_AS_rep_2,GCA_963814445.1,0.0003100512993968093,X_li,0.5,true,true,lipolysis,low,acylglycerol_lipase;fadD;lysophospholipase,"",3,6,0.5,1.0,1.0
FW_TWAS_AS_rep_2,GCA_963814445.1,0.0003100512993968093,X_su,0.9230769230769231,true,true,entner_doudoroff,high,adhE;eda;edd;gapA;glcP;lctD;pfor;pyk,"",8,9,0.9230769230769231,1.0,1.0
FW_TWAS_AS_rep_2,GCA_963814445.1,0.0003100512993968093,X_aa,1.0,true,true,general_amino_acid_catabolism,high,dppA;dtpT;gdh;ilvE;oppA;pfor;tdcB,"",7,7,1.0,1.0,1.0
FW_TWAS_AS_rep_2,GCA_963814445.1,0.0003100512993968093,X_fa,1.0,true,true,lcfa_beta_oxidation,high,etfA;etfB;fadA;fadB;fadD;fadE,"",6,6,1.0,1.0,1.0
FW_TWAS_AS_rep_2,GCA_963814445.1,0.0003100512993968093,X_ac_et,0.9333333333333333,true,true,ethanol_acetate_chain_initiation,high,acs;adh;adhE;aldh;bcd;crt;etfA;etfB;hbd;pta;thl,"",11,12,0.9333333333333333,1.0,1.0
FW_TWAS_AS_rep_2,GCA_963814445.1,0.0003100512993968093,X_ac_lac,0.9375,true,true,lactate_acetate_chain_initiation,high,acs;bcd;crt;etfA;etfB;hbd;lctB;lctC;lctD;pfor;pta;thl,"",12,13,0.9375,1.0,1.0
FW_TWAS_AS_rep_2,GCA_963814445.1,0.0003100512993968093,X_chain_et,1.0,true,true,ethanol_reverse_beta_oxidation,high,adh;adhE;aldh;bcd;cat;crt;etfA;etfB;hbd;thl,"",10,10,1.0,1.0,1.0
FW_TWAS_AS_rep_2,GCA_963814445.1,0.0003100512993968093,X_chain_lac,1.0,true,true,lactate_reverse_beta_oxidation,high,bcd;cat;crt;etfA;etfB;hbd;lctB;lctC;lctD;pfor;thl,"",11,11,1.0,1.0,1.0
FW_TWAS_AS_rep_2,GCA_963814445.1,0.0003100512993968093,X_VFA_deg,1.0,true,true,syntrophic_butyrate_oxidation,high,bcd;crt;etfA;etfB;fdhA;hbd;hydA;rnfB;thl,"",9,9,1.0,1.0,1.0
FW_TWAS_AS_rep_2,GCA_963814445.1,0.0003100512993968093,X_Me_ac,0.0,false,true,acetoclastic_ack_pta,none,pta,mcrA;ackA;one_of(cdhC|cdhD|cdhE),1,8,0.1111111111111111,0.25,0.2
FW_TWAS_AS_rep_2,GCA_963814445.1,0.0003100512993968093,X_Me_CO2,0.0,false,true,hydrogenotrophic_core,none,fwdA,mcrA;one_of(ftr);one_of(mch);one_of(mtd|mer),1,8,0.1111111111111111,0.2,0.16666666666666666
FW_TWAS_AS_rep_2,GCA_963814445.1,0.0003100512993968093,X_et,0.9,true,true,ethanol_to_acetyl_coa,high,acs;adh;adhE;aldh;pta,"",5,6,0.9,1.0,1.0
FW_TWAS_AS_rep_2,GCA_963814445.1,0.0003100512993968093,X_lac,1.0,true,true,lactate_to_pyruvate,high,lctB;lctC;lctD;pfor;rnfB,"",5,5,1.0,1.0,1.0
FW_TWAS_AS_rep_2,GCA_937858635.1,0.0003100512993968093,X_ch,0.7142857142857143,true,true,starch_utilization,medium,agl;cazy_GH13,"",2,4,0.7142857142857143,1.0,1.0
FW_TWAS_AS_rep_2,GCA_937858635.1,0.0003100512993968093,X_pr,0.9090909090909091,true,true,proteolysis_and_peptide_import,high,dtpT;endopeptidase;extracellular_protease;oppA;oppB;pepN,"",6,7,0.9090909090909091,1.0,1.0
FW_TWAS_AS_rep_2,GCA_937858635.1,0.0003100512993968093,X_li,0.5833333333333334,true,true,lipolysis,low,fadD;lipase;lysophospholipase,"",3,6,0.5833333333333334,1.0,1.0
FW_TWAS_AS_rep_2,GCA_937858635.1,0.0003100512993968093,X_su,0.7295454545454546,false,true,pentose_fermentation,partial,adhE;gapA;lctD;pfor;pyk;xylB;xylF,xylA,7,8,0.8181818181818182,0.8333333333333334,1.0
FW_TWAS_AS_rep_2,GCA_937858635.1,0.0003100512993968093,X_aa,0.8,true,true,general_amino_acid_catabolism,medium,dppA;dtpT;gdh;ilvE;oppA;pfor,"",6,7,0.8,1.0,1.0
FW_TWAS_AS_rep_2,GCA_937858635.1,0.0003100512993968093,X_fa,0.9,true,true,lcfa_beta_oxidation,high,etfA;fadA;fadB;fadD;fadE,"",5,6,0.9,1.0,1.0
FW_TWAS_AS_rep_2,GCA_937858635.1,0.0003100512993968093,X_ac_et,0.0,false,true,ethanol_acetate_chain_initiation,none,ackA;acs;adhE;bcd;crt;etfA;hbd;thl,etfB,8,12,0.7333333333333333,0.8571428571428571,1.0
FW_TWAS_AS_rep_2,GCA_937858635.1,0.0003100512993968093,X_ac_lac,0.0,false,true,lactate_acetate_chain_initiation,none,ackA;acs;bcd;crt;etfA;hbd;lctB;lctC;lctD;pfor;thl,etfB,11,13,0.875,0.875,1.0
FW_TWAS_AS_rep_2,GCA_937858635.1,0.0003100512993968093,X_chain_et,0.0,false,true,ethanol_reverse_beta_oxidation,none,adhE;bcd;cat;crt;etfA;hbd;thl,etfB,7,10,0.7692307692307693,0.8888888888888888,0.875
FW_TWAS_AS_rep_2,GCA_937858635.1,0.0003100512993968093,X_chain_lac,0.0,false,true,lactate_reverse_beta_oxidation,none,bcd;cat;crt;etfA;hbd;lctB;lctC;lctD;pfor;thl,etfB,10,11,0.9285714285714286,0.9,1.0
FW_TWAS_AS_rep_2,GCA_937858635.1,0.0003100512993968093,X_VFA_deg,0.853125,false,true,syntrophic_propionate_mmc,partial,fdhA;hydA;mdh;mmcE;mmcF;mmcG;pfor;sucC;sucD,one_of(fumB),9,10,0.9285714285714286,0.875,1.0
FW_TWAS_AS_rep_2,GCA_937858635.1,0.0003100512993968093,X_Me_ac,0.0,false,true,acetoclastic_ack_pta,none,ackA,mcrA;pta;one_of(cdhC|cdhD|cdhE),1,8,0.1111111111111111,0.25,0.2
FW_TWAS_AS_rep_2,GCA_937858635.1,0.0003100512993968093,X_Me_CO2,0.0,false,true,hydrogenotrophic_core,none,fwdA,mcrA;one_of(ftr);one_of(mch);one_of(mtd|mer),1,8,0.1111111111111111,0.2,0.16666666666666666
FW_TWAS_AS_rep_2,GCA_937858635.1,0.0003100512993968093,X_et,0.5,true,true,ethanol_to_acetyl_coa,low,ackA;acs;adhE,"",3,6,0.5,1.0,1.0
FW_TWAS_AS_rep_2,GCA_937858635.1,0.0003100512993968093,X_lac,1.0,true,true,lactate_to_pyruvate,high,lctB;lctC;lctD;pfor;rnfB,"",5,5,1.0,1.0,1.0
FW_TWAS_AS_rep_2,GCA_964448465.1,0.0003100512993968093,X_ch,0.0,false,true,xylan_utilization,none,"",xylA;xylB;one_of(cazy_GH10|cazy_GH11);one_of(cazy_GH43|cazy_CBM6),0,6,0.0,0.0,0.0
FW_TWAS_AS_rep_2,GCA_964448465.1,0.0003100512993968093,X_pr,0.08375,false,true,peptide_scavenging,partial,pepD;pepQ;pepT,one_of(oppA|dppA|dtpT);one_of(oppB|dppB|dppC|dtpT),3,13,0.17647058823529413,0.3333333333333333,0.75
FW_TWAS_AS_rep_2,GCA_964448465.1,0.0003100512993968093,X_li,0.11390625000000001,false,true,lipolysis,partial,lipase,one_of(fadD|esterase),1,6,0.25,0.5,0.5
FW_TWAS_AS_rep_2,GCA_964448465.1,0.0003100512993968093,X_su,0.05838383838383838,false,true,hexose_fermentation,partial,gapA;pyk,pgi;pfkA;one_of(ptsG|glcP);one_of(pfor|adhE|lctD),2,9,0.18181818181818182,0.3333333333333333,0.3333333333333333
FW_TWAS_AS_rep_2,GCA_964448465.1,0.0003100512993968093,X_aa,0.0,false,true,general_amino_acid_catabolism,none,"",one_of(gdh|ilvE|tdcB);one_of(pfor);one_of(oppA|dppA|dtpT),0,7,0.0,0.0,0.0
FW_TWAS_AS_rep_2,GCA_964448465.1,0.0003100512993968093,X_fa,0.0,false,true,lcfa_beta_oxidation,none,"",fadD;fadE;fadB;fadA;one_of(etfA|etfB),0,6,0.0,0.0,0.0
FW_TWAS_AS_rep_2,GCA_964448465.1,0.0003100512993968093,X_ac_et,0.0,false,true,ethanol_acetate_chain_initiation,none,"",thl;bcd;etfA;etfB;one_of(acs|ackA|pta);one_of(adhE|adh);one_of(adhE|aldh),0,12,0.0,0.0,0.0
FW_TWAS_AS_rep_2,GCA_964448465.1,0.0003100512993968093,X_ac_lac,0.0,false,true,lactate_acetate_chain_initiation,none,"",thl;bcd;etfA;etfB;lctD;one_of(acs|ackA|pta);one_of(lctB|lctC);one_of(pfor),0,13,0.0,0.0,0.0
FW_TWAS_AS_rep_2,GCA_964448465.1,0.0003100512993968093,X_chain_et,0.0,false,true,ethanol_reverse_beta_oxidation,none,"",bcd;etfA;etfB;cat;one_of(thl);one_of(hbd);one_of(crt);one_of(adhE|adh);one_of(adhE|aldh),0,10,0.0,0.0,0.0
FW_TWAS_AS_rep_2,GCA_964448465.1,0.0003100512993968093,X_chain_lac,0.0,false,true,lactate_reverse_beta_oxidation,none,"",bcd;etfA;etfB;cat;lctD;one_of(thl);one_of(hbd);one_of(crt);one_of(lctB|lctC);one_of(pfor),0,11,0.0,0.0,0.0
FW_TWAS_AS_rep_2,GCA_964448465.1,0.0003100512993968093,X_VFA_deg,0.0,false,true,syntrophic_propionate_mmc,none,"",mmcE;mmcF;mmcG;sucC;sucD;one_of(fumB);one_of(mdh);one_of(hydA|fdhA),0,10,0.0,0.0,0.0
FW_TWAS_AS_rep_2,GCA_964448465.1,0.0003100512993968093,X_Me_ac,0.0,false,true,acetoclastic_ack_pta,none,"",mcrA;ackA;pta;one_of(cdhC|cdhD|cdhE),0,8,0.0,0.0,0.0
FW_TWAS_AS_rep_2,GCA_964448465.1,0.0003100512993968093,X_Me_CO2,0.0,false,true,hydrogenotrophic_core,none,"",mcrA;one_of(fwdA);one_of(ftr);one_of(mch);one_of(mtd|mer),0,8,0.0,0.0,0.0
FW_TWAS_AS_rep_2,GCA_964448465.1,0.0003100512993968093,X_et,0.0,false,true,ethanol_to_acetyl_coa,none,"",one_of(adhE|adh);one_of(adhE|aldh);one_of(acs|pta|ackA),0,6,0.0,0.0,0.0
FW_TWAS_AS_rep_2,GCA_964448465.1,0.0003100512993968093,X_lac,0.0,false,true,lactate_to_pyruvate,none,"",lctD;pfor;one_of(lctB|lctC|rnfB),0,5,0.0,0.0,0.0
FW_TWAS_AS_rep_2,GCA_038250645.1,0.0002254918541067704,X_ch,0.7142857142857143,true,true,starch_utilization,medium,agl;cazy_GH13,"",2,4,0.7142857142857143,1.0,1.0
FW_TWAS_AS_rep_2,GCA_038250645.1,0.0002254918541067704,X_pr,0.5294117647058824,true,true,peptide_scavenging,low,dppA;dppB;dppC;oppA;oppB;pepA;pepT,"",7,13,0.5294117647058824,1.0,1.0
FW_TWAS_AS_rep_2,GCA_038250645.1,0.0002254918541067704,X_li,0.5833333333333334,true,true,lipolysis,low,acylglycerol_lipase;esterase;fadD;lysophospholipase,"",4,6,0.5833333333333334,1.0,1.0
FW_TWAS_AS_rep_2,GCA_038250645.1,0.0002254918541067704,X_su,0.6692307692307693,false,true,entner_doudoroff,partial,adhE;eda;edd;lctD;pfor;pyk,one_of(ptsG|glcP),6,9,0.7692307692307693,0.8,1.0
FW_TWAS_AS_rep_2,GCA_038250645.1,0.0002254918541067704,X_aa,0.9,true,true,general_amino_acid_catabolism,high,dppA;gdh;ilvE;oppA;pfor;tdcB,"",6,7,0.9,1.0,1.0
FW_TWAS_AS_rep_2,GCA_038250645.1,0.0002254918541067704,X_fa,1.0,true,true,lcfa_beta_oxidation,high,etfA;etfB;fadA;fadB;fadD;fadE,"",6,6,1.0,1.0,1.0
FW_TWAS_AS_rep_2,GCA_038250645.1,0.0002254918541067704,X_ac_et,1.0,true,true,ethanol_acetate_chain_initiation,high,ackA;acs;adh;adhE;aldh;bcd;crt;etfA;etfB;hbd;pta;thl,"",12,12,1.0,1.0,1.0
FW_TWAS_AS_rep_2,GCA_038250645.1,0.0002254918541067704,X_ac_lac,1.0,true,true,lactate_acetate_chain_initiation,high,ackA;acs;bcd;crt;etfA;etfB;hbd;lctB;lctC;lctD;pfor;pta;thl,"",13,13,1.0,1.0,1.0
FW_TWAS_AS_rep_2,GCA_038250645.1,0.0002254918541067704,X_chain_et,1.0,true,true,ethanol_reverse_beta_oxidation,high,adh;adhE;aldh;bcd;cat;crt;etfA;etfB;hbd;thl,"",10,10,1.0,1.0,1.0
FW_TWAS_AS_rep_2,GCA_038250645.1,0.0002254918541067704,X_chain_lac,1.0,true,true,lactate_reverse_beta_oxidation,high,bcd;cat;crt;etfA;etfB;hbd;lctB;lctC;lctD;pfor;thl,"",11,11,1.0,1.0,1.0
FW_TWAS_AS_rep_2,GCA_038250645.1,0.0002254918541067704,X_VFA_deg,1.0,true,true,syntrophic_butyrate_oxidation,high,bcd;crt;etfA;etfB;fdhA;hbd;hydA;rnfB;thl,"",9,9,1.0,1.0,1.0
FW_TWAS_AS_rep_2,GCA_038250645.1,0.0002254918541067704,X_Me_ac,0.0,false,true,acetoclastic_ack_pta,none,ackA;pta,mcrA;one_of(cdhC|cdhD|cdhE),2,8,0.2222222222222222,0.5,0.4
FW_TWAS_AS_rep_2,GCA_038250645.1,0.0002254918541067704,X_Me_CO2,0.0,false,true,hydrogenotrophic_core,none,"",mcrA;one_of(fwdA);one_of(ftr);one_of(mch);one_of(mtd|mer),0,8,0.0,0.0,0.0
FW_TWAS_AS_rep_2,GCA_038250645.1,0.0002254918541067704,X_et,1.0,true,true,ethanol_to_acetyl_coa,high,ackA;acs;adh;adhE;aldh;pta,"",6,6,1.0,1.0,1.0
FW_TWAS_AS_rep_2,GCA_038250645.1,0.0002254918541067704,X_lac,1.0,true,true,lactate_to_pyruvate,high,lctB;lctC;lctD;pfor;rnfB,"",5,5,1.0,1.0,1.0
FW_TWAS_AS_rep_2,GCA_038206395.1,0.00016911889058007779,X_ch,0.8571428571428571,true,true,starch_utilization,medium,agl;cazy_GH13;susC,"",3,4,0.8571428571428571,1.0,1.0
FW_TWAS_AS_rep_2,GCA_038206395.1,0.00016911889058007779,X_pr,0.8823529411764706,true,true,peptide_scavenging,medium,dppA;dppB;dppC;dtpT;oppA;oppB;pepA;pepD;pepN;pepO;pepQ;pepT,"",12,13,0.8823529411764706,1.0,1.0
FW_TWAS_AS_rep_2,GCA_038206395.1,0.00016911889058007779,X_li,0.8333333333333334,true,true,lipolysis,medium,acylglycerol_lipase;esterase;fadD;lipase;lysophospholipase,"",5,6,0.8333333333333334,1.0,1.0
FW_TWAS_AS_rep_2,GCA_038206395.1,0.00016911889058007779,X_su,0.48636363636363633,false,true,hexose_fermentation,partial,adhE;gapA;pfkA;pfor;pgi;pyk,one_of(ptsG|glcP),6,9,0.5454545454545454,0.8333333333333334,1.0
FW_TWAS_AS_rep_2,GCA_038206395.1,0.00016911889058007779,X_aa,0.8,true,true,general_amino_acid_catabolism,medium,dppA;dtpT;gdh;ilvE;oppA;pfor,"",6,7,0.8,1.0,1.0
FW_TWAS_AS_rep_2,GCA_038206395.1,0.00016911889058007779,X_fa,1.0,true,true,lcfa_beta_oxidation,high,etfA;etfB;fadA;fadB;fadD;fadE,"",6,6,1.0,1.0,1.0
FW_TWAS_AS_rep_2,GCA_038206395.1,0.00016911889058007779,X_ac_et,1.0,true,true,ethanol_acetate_chain_initiation,high,ackA;acs;adh;adhE;aldh;bcd;crt;etfA;etfB;hbd;pta;thl,"",12,12,1.0,1.0,1.0
FW_TWAS_AS_rep_2,GCA_038206395.1,0.00016911889058007779,X_ac_lac,0.0,false,true,lactate_acetate_chain_initiation,none,ackA;acs;bcd;crt;etfA;etfB;hbd;lctB;pfor;pta;thl,lctD,11,13,0.8125,0.875,1.0
FW_TWAS_AS_rep_2,GCA_038206395.1,0.00016911889058007779,X_chain_et,1.0,true,true,ethanol_reverse_beta_oxidation,high,adh;adhE;aldh;bcd;cat;crt;etfA;etfB;hbd;thl,"",10,10,1.0,1.0,1.0
FW_TWAS_AS_rep_2,GCA_038206395.1,0.00016911889058007779,X_chain_lac,0.0,false,true,lactate_reverse_beta_oxidation,none,bcd;cat;crt;etfA;etfB;hbd;lctB;pfor;thl,lctD,9,11,0.7857142857142857,0.9,1.0
FW_TWAS_AS_rep_2,GCA_038206395.1,0.00016911889058007779,X_VFA_deg,1.0,true,true,syntrophic_butyrate_oxidation,high,bcd;crt;etfA;etfB;fdhA;hbd;hydA;rnfB;thl,"",9,9,1.0,1.0,1.0
FW_TWAS_AS_rep_2,GCA_038206395.1,0.00016911889058007779,X_Me_ac,0.0,false,true,acetoclastic_ack_pta,none,ackA;pta,mcrA;one_of(cdhC|cdhD|cdhE),2,8,0.2222222222222222,0.5,0.4
FW_TWAS_AS_rep_2,GCA_038206395.1,0.00016911889058007779,X_Me_CO2,0.0,false,true,hydrogenotrophic_core,none,"",mcrA;one_of(fwdA);one_of(ftr);one_of(mch);one_of(mtd|mer),0,8,0.0,0.0,0.0
FW_TWAS_AS_rep_2,GCA_038206395.1,0.00016911889058007779,X_et,1.0,true,true,ethanol_to_acetyl_coa,high,ackA;acs;adh;adhE;aldh;pta,"",6,6,1.0,1.0,1.0
FW_TWAS_AS_rep_2,GCA_038206395.1,0.00016911889058007779,X_lac,0.39166666666666666,false,true,lactate_to_pyruvate,partial,lctB;pfor;rnfB,lctD,3,5,0.5,0.6666666666666666,1.0
FW_TWAS_AS_rep_2,GCA_964633905.1,0.0001127459270533852,X_ch,0.0656640625,false,true,xylan_utilization,partial,cazy_GH10,xylA;xylB;one_of(cazy_GH43|cazy_CBM6),1,6,0.25,0.25,0.25
FW_TWAS_AS_rep_2,GCA_964633905.1,0.0001127459270533852,X_pr,0.3225490196078431,false,true,peptide_scavenging,partial,dppA;oppA;pepA;pepQ;pepT,one_of(oppB|dppB|dppC|dtpT),5,13,0.4117647058823529,0.6666666666666666,1.0
FW_TWAS_AS_rep_2,GCA_964633905.1,0.0001127459270533852,X_li,0.3333333333333333,false,true,lipolysis,partial,acylglycerol_lipase;fadD,"",2,6,0.3333333333333333,1.0,1.0
FW_TWAS_AS_rep_2,GCA_964633905.1,0.0001127459270533852,X_su,0.05838383838383838,false,true,hexose_fermentation,partial,gapA;pyk,pgi;pfkA;one_of(ptsG|glcP);one_of(pfor|adhE|lctD),2,9,0.18181818181818182,0.3333333333333333,0.3333333333333333
FW_TWAS_AS_rep_2,GCA_964633905.1,0.0001127459270533852,X_aa,0.31333333333333335,false,true,general_amino_acid_catabolism,partial,dppA;gdh;oppA,one_of(pfor),3,7,0.4,0.6666666666666666,1.0
FW_TWAS_AS_rep_2,GCA_964633905.1,0.0001127459270533852,X_fa,0.046079999999999996,false,true,lcfa_beta_oxidation,partial,fadD,fadE;fadB;fadA;one_of(etfA|etfB),1,6,0.2,0.2,0.2
FW_TWAS_AS_rep_2,GCA_964633905.1,0.0001127459270533852,X_ac_et,0.0,false,true,ethanol_acetate_chain_initiation,none,ackA;acs,thl;bcd;etfA;etfB;one_of(adhE|adh);one_of(adhE|aldh),2,12,0.13333333333333333,0.14285714285714285,0.25
FW_TWAS_AS_rep_2,GCA_964633905.1,0.0001127459270533852,X_ac_lac,0.0,false,true,lactate_acetate_chain_initiation,none,ackA;acs,thl;bcd;etfA;etfB;lctD;one_of(lctB|lctC);one_of(pfor),2,13,0.125,0.125,0.2222222222222222
FW_TWAS_AS_rep_2,GCA_964633905.1,0.0001127459270533852,X_chain_et,0.0,false,true,ethanol_reverse_beta_oxidation,none,"",bcd;etfA;etfB;cat;one_of(thl);one_of(hbd);one_of(crt);one_of(adhE|adh);one_of(adhE|aldh),0,10,0.0,0.0,0.0
FW_TWAS_AS_rep_2,GCA_964633905.1,0.0001127459270533852,X_chain_lac,0.0,false,true,lactate_reverse_beta_oxidation,none,"",bcd;etfA;etfB;cat;lctD;one_of(thl);one_of(hbd);one_of(crt);one_of(lctB|lctC);one_of(pfor),0,11,0.0,0.0,0.0
FW_TWAS_AS_rep_2,GCA_964633905.1,0.0001127459270533852,X_VFA_deg,0.07700892857142856,false,true,syntrophic_butyrate_oxidation,partial,fdhA;hydA,bcd;etfA;etfB;one_of(thl);one_of(hbd);one_of(crt);one_of(rnfB),2,9,0.3333333333333333,0.125,0.2857142857142857
FW_TWAS_AS_rep_2,GCA_964633905.1,0.0001127459270533852,X_Me_ac,0.0,false,true,acetoclastic_ack_pta,none,ackA,mcrA;pta;one_of(cdhC|cdhD|cdhE),1,8,0.1111111111111111,0.25,0.2
FW_TWAS_AS_rep_2,GCA_964633905.1,0.0001127459270533852,X_Me_CO2,0.0,false,true,hydrogenotrophic_core,none,"",mcrA;one_of(fwdA);one_of(ftr);one_of(mch);one_of(mtd|mer),0,8,0.0,0.0,0.0
FW_TWAS_AS_rep_2,GCA_964633905.1,0.0001127459270533852,X_et,0.08877777777777779,false,true,ethanol_to_acetyl_coa,partial,ackA;acs,one_of(adhE|adh);one_of(adhE|aldh),2,6,0.2,0.3333333333333333,0.6666666666666666
FW_TWAS_AS_rep_2,GCA_964633905.1,0.0001127459270533852,X_lac,0.0,false,true,lactate_to_pyruvate,none,"",lctD;pfor;one_of(lctB|lctC|rnfB),0,5,0.0,0.0,0.0
