sample,genome_id,genome_abundance,cod_group,score,credible,configured,panel_id,confidence,matched_markers,missing_requirements,markers_detected,markers_in_panel,weighted_completeness,requirement_coverage,marker_coverage
FW_TWAS_rep_1,GCA_044230255.1,0.05988459486980556,X_ch,1.0,true,true,starch_utilization,high,agl;cazy_GH13;susC;susD,"",4,4,1.0,1.0,1.0
FW_TWAS_rep_1,GCA_044230255.1,0.05988459486980556,X_pr,0.9090909090909091,true,true,proteolysis_and_peptide_import,high,dtpT;endopeptidase;extracellular_protease;oppA;oppB;pepN,"",6,7,0.9090909090909091,1.0,1.0
FW_TWAS_rep_1,GCA_044230255.1,0.05988459486980556,X_li,0.3333333333333333,false,true,lipolysis,partial,fadD;lysophospholipase,"",2,6,0.3333333333333333,1.0,1.0
FW_TWAS_rep_1,GCA_044230255.1,0.05988459486980556,X_su,0.48636363636363633,false,true,hexose_fermentation,partial,gapA;lctD;pfkA;pfor;pgi;pyk,one_of(ptsG|glcP),6,9,0.5454545454545454,0.8333333333333334,1.0
FW_TWAS_rep_1,GCA_044230255.1,0.05988459486980556,X_aa,0.8,true,true,general_amino_acid_catabolism,medium,dppA;dtpT;gdh;ilvE;oppA;pfor,"",6,7,0.8,1.0,1.0
FW_TWAS_rep_1,GCA_044230255.1,0.05988459486980556,X_fa,1.0,true,true,lcfa_beta_oxidation,high,etfA;etfB;fadA;fadB;fadD;fadE,"",6,6,1.0,1.0,1.0
FW_TWAS_rep_1,GCA_044230255.1,0.05988459486980556,X_ac_et,0.0,false,true,ethanol_acetate_chain_initiation,none,acs;adh;bcd;crt;etfA;etfB;hbd;pta;thl,one_of(adhE|aldh),9,12,0.7333333333333333,0.8571428571428571,1.0
FW_TWAS_rep_1,GCA_044230255.1,0.05988459486980556,X_ac_lac,0.9375,true,true,lactate_acetate_chain_initiation,high,acs;bcd;crt;etfA;etfB;hbd;lctB;lctC;lctD;pfor;pta;thl,"",12,13,0.9375,1.0,1.0
FW_TWAS_rep_1,GCA_044230255.1,0.05988459486980556,X_chain_et,0.0,false,true,ethanol_reverse_beta_oxidation,none,adh;bcd;cat;crt;etfA;etfB;hbd;thl,one_of(adhE|aldh),8,10,0.7692307692307693,0.8888888888888888,1.0
FW_TWAS_rep_1,GCA_044230255.1,0.05988459486980556,X_chain_lac,1.0,true,true,lactate_reverse_beta_oxidation,high,bcd;cat;crt;etfA;etfB;hbd;lctB;lctC;lctD;pfor;thl,"",11,11,1.0,1.0,1.0
FW_TWAS_rep_1,GCA_044230255.1,0.05988459486980556,X_VFA_deg,1.0,true,true,syntrophic_butyrate_oxidation,high,bcd;crt;etfA;etfB;fdhA;hbd;hydA;rnfB;thl,"",9,9,1.0,1.0,1.0
FW_TWAS_rep_1,GCA_044230255.1,0.05988459486980556,X_Me_ac,0.0,false,true,acetoclastic_ack_pta,none,pta,mcrA;ackA;one_of(cdhC|cdhD|cdhE),1,8,0.1111111111111111,0.25,0.2
FW_TWAS_rep_1,GCA_044230255.1,0.05988459486980556,X_Me_CO2,0.0,false,true,hydrogenotrophic_core,none,fwdA,mcrA;one_of(ftr);one_of(mch);one_of(mtd|mer),1,8,0.1111111111111111,0.2,0.16666666666666666
FW_TWAS_rep_1,GCA_044230255.1,0.05988459486980556,X_et,0.31333333333333335,false,true,ethanol_to_acetyl_coa,partial,acs;adh;pta,one_of(adhE|aldh),3,6,0.4,0.6666666666666666,1.0
FW_TWAS_rep_1,GCA_044230255.1,0.05988459486980556,X_lac,1.0,true,true,lactate_to_pyruvate,high,lctB;lctC;lctD;pfor;rnfB,"",5,5,1.0,1.0,1.0
FW_TWAS_rep_1,GCA_963746195.1,0.01246181447897978,X_ch,1.0,true,true,starch_utilization,high,agl;cazy_GH13;susC;susD,"",4,4,1.0,1.0,1.0
FW_TWAS_rep_1,GCA_963746195.1,0.01246181447897978,X_pr,1.0,true,true,proteolysis_and_peptide_import,high,dtpT;endopeptidase;extracellular_protease;oppA;oppB;pepN;pepO,"",7,7,1.0,1.0,1.0
FW_TWAS_rep_1,GCA_963746195.1,0.01246181447897978,X_li,0.5833333333333334,true,true,lipolysis,low,acylglycerol_lipase;fadD;lipase,"",3,6,0.5833333333333334,1.0,1.0
FW_TWAS_rep_1,GCA_963746195.1,0.01246181447897978,X_su,0.4336742424242424,false,true,hexose_fermentation,partial,gapA;glcP;pfkA;pfor;pyk,pgi,5,9,0.5454545454545454,0.8333333333333334,0.8333333333333334
FW_TWAS_rep_1,GCA_963746195.1,0.01246181447897978,X_aa,1.0,true,true,general_amino_acid_catabolism,high,dppA;dtpT;gdh;ilvE;oppA;pfor;tdcB,"",7,7,1.0,1.0,1.0
FW_TWAS_rep_1,GCA_963746195.1,0.01246181447897978,X_fa,1.0,true,true,lcfa_beta_oxidation,high,etfA;etfB;fadA;fadB;fadD;fadE,"",6,6,1.0,1.0,1.0
FW_TWAS_rep_1,GCA_963746195.1,0.01246181447897978,X_ac_et,0.7333333333333333,true,true,ethanol_acetate_chain_initiation,medium,acs;adh;aldh;bcd;crt;etfA;etfB;hbd;thl,"",9,12,0.7333333333333333,1.0,1.0
FW_TWAS_rep_1,GCA_963746195.1,0.01246181447897978,X_ac_lac,0.0,false,true,lactate_acetate_chain_initiation,none,acs;bcd;crt;etfA;etfB;hbd;pfor;thl,lctD;one_of(lctB|lctC),8,13,0.625,0.75,0.8888888888888888
FW_TWAS_rep_1,GCA_963746195.1,0.01246181447897978,X_chain_et,0.0,false,true,ethanol_reverse_beta_oxidation,none,adh;aldh;bcd;crt;etfA;etfB;hbd;thl,cat,8,10,0.6923076923076923,0.8888888888888888,1.0
FW_TWAS_rep_1,GCA_963746195.1,0.01246181447897978,X_chain_lac,0.0,false,true,lactate_reverse_beta_oxidation,none,bcd;crt;etfA;etfB;hbd;pfor;thl,cat;lctD;one_of(lctB|lctC),7,11,0.5714285714285714,0.7,0.7777777777777778
FW_TWAS_rep_1,GCA_963746195.1,0.01246181447897978,X_VFA_deg,0.6890624999999999,false,true,syntrophic_butyrate_oxidation,partial,bcd;crt;etfA;etfB;hbd;hydA;thl,one_of(rnfB),7,9,0.75,0.875,1.0
FW_TWAS_rep_1,GCA_963746195.1,0.01246181447897978,X_Me_ac,0.0,false,true,acetoclastic_acs,none,acs,forbidden(mvhG);mcrA;one_of(cdhC|cdhD|cdhE),1,7,0.2222222222222222,0.3333333333333333,0.25
FW_TWAS_rep_1,GCA_963746195.1,0.01246181447897978,X_Me_CO2,0.0,false,true,hydrogenotrophic_core,none,"",mcrA;one_of(fwdA);one_of(ftr);one_of(mch);one_of(mtd|mer),0,8,0.0,0.0,0.0
FW_TWAS_rep_1,GCA_963746195.1,0.01246181447897978,X_et,0.5,true,true,ethanol_to_acetyl_coa,low,acs;adh;aldh,"",3,6,0.5,1.0,1.0
FW_TWAS_rep_1,GCA_963746195.1,0.01246181447897978,X_lac,0.08027777777777777,false,true,lactate_to_pyruvate,partial,pfor,lctD;one_of(lctB|lctC|rnfB),1,5,0.25,0.3333333333333333,0.3333333333333333
FW_TWAS_rep_1,GCA_032654705.1,0.010522232458905106,X_ch,1.0,true,true,starch_utilization,high,agl;cazy_GH13;susC;susD,"",4,4,1.0,1.0,1.0
FW_TWAS_rep_1,GCA_032654705.1,0.010522232458905106,X_pr,1.0,true,true,proteolysis_and_peptide_import,high,dtpT;endopeptidase;extracellular_protease;oppA;oppB;pepN;pepO,"",7,7,1.0,1.0,1.0
FW_TWAS_rep_1,GCA_032654705.1,0.010522232458905106,X_li,0.3333333333333333,false,true,lipolysis,partial,acylglycerol_lipase;fadD,"",2,6,0.3333333333333333,1.0,1.0
FW_TWAS_rep_1,GCA_032654705.1,0.010522232458905106,X_su,0.48636363636363633,false,true,hexose_fermentation,partial,gapA;lctD;pfkA;pfor;pgi;pyk,one_of(ptsG|glcP),6,9,0.5454545454545454,0.8333333333333334,1.0
FW_TWAS_rep_1,GCA_032654705.1,0.010522232458905106,X_aa,1.0,true,true,general_amino_acid_catabolism,high,dppA;dtpT;gdh;ilvE;oppA;pfor;tdcB,"",7,7,1.0,1.0,1.0
FW_TWAS_rep_1,GCA_032654705.1,0.010522232458905106,X_fa,1.0,true,true,lcfa_beta_oxidation,high,etfA;etfB;fadA;fadB;fadD;fadE,"",6,6,1.0,1.0,1.0
FW_TWAS_rep_1,GCA_032654705.1,0.010522232458905106,X_ac_et,0.0,false,true,ethanol_acetate_chain_initiation,none,acs;adh;bcd;crt;etfA;etfB;hbd;pta;thl,one_of(adhE|aldh),9,12,0.7333333333333333,0.8571428571428571,1.0
FW_TWAS_rep_1,GCA_032654705.1,0.010522232458905106,X_ac_lac,0.9375,true,true,lactate_acetate_chain_initiation,high,acs;bcd;crt;etfA;etfB;hbd;lctB;lctC;lctD;pfor;pta;thl,"",12,13,0.9375,1.0,1.0
FW_TWAS_rep_1,GCA_032654705.1,0.010522232458905106,X_chain_et,0.0,false,true,ethanol_reverse_beta_oxidation,none,adh;bcd;cat;crt;etfA;etfB;hbd;thl,one_of(adhE|aldh),8,10,0.7692307692307693,0.8888888888888888,1.0
FW_TWAS_rep_1,GCA_032654705.1,0.010522232458905106,X_chain_lac,1.0,true,true,lactate_reverse_beta_oxidation,high,bcd;cat;crt;etfA;etfB;hbd;lctB;lctC;lctD;pfor;thl,"",11,11,1.0,1.0,1.0
FW_TWAS_rep_1,GCA_032654705.1,0.010522232458905106,X_VFA_deg,1.0,true,true,syntrophic_butyrate_oxidation,high,bcd;crt;etfA;etfB;fdhA;hbd;hydA;rnfB;thl,"",9,9,1.0,1.0,1.0
FW_TWAS_rep_1,GCA_032654705.1,0.010522232458905106,X_Me_ac,0.0,false,true,acetoclastic_ack_pta,none,pta,mcrA;ackA;one_of(cdhC|cdhD|cdhE),1,8,0.1111111111111111,0.25,0.2
FW_TWAS_rep_1,GCA_032654705.1,0.010522232458905106,X_Me_CO2,0.0,false,true,hydrogenotrophic_core,none,fwdA,mcrA;one_of(ftr);one_of(mch);one_of(mtd|mer),1,8,0.1111111111111111,0.2,0.16666666666666666
FW_TWAS_rep_1,GCA_032654705.1,0.010522232458905106,X_et,0.31333333333333335,false,true,ethanol_to_acetyl_coa,partial,acs;adh;pta,one_of(adhE|aldh),3,6,0.4,0.6666666666666666,1.0
FW_TWAS_rep_1,GCA_032654705.1,0.010522232458905106,X_lac,1.0,true,true,lactate_to_pyruvate,high,lctB;lctC;lctD;pfor;rnfB,"",5,5,1.0,1.0,1.0
FW_TWAS_rep_1,GCA_034676565.1,0.016098530766619795,X_ch,0.5714285714285714,false,true,starch_utilization,partial,cazy_GH13;susC,"",2,4,0.5714285714285714,1.0,1.0
FW_TWAS_rep_1,GCA_034676565.1,0.016098530766619795,X_pr,0.7058823529411765,true,true,peptide_scavenging,medium,dppA;dppB;dppC;endopeptidase;oppA;oppB;pepA;pepN;pepQ,"",9,13,0.7058823529411765,1.0,1.0
FW_TWAS_rep_1,GCA_034676565.1,0.016098530766619795,X_li,0.6666666666666666,true,true,lipolysis,low,acylglycerol_lipase;fadD;lysophospholipase;phospholipase,"",4,6,0.6666666666666666,1.0,1.0
FW_TWAS_rep_1,GCA_034676565.1,0.016098530766619795,X_su,0.48636363636363633,false,true,hexose_fermentation,partial,gapA;lctD;pfkA;pfor;pgi;pyk,one_of(ptsG|glcP),6,9,0.5454545454545454,0.8333333333333334,1.0
FW_TWAS_rep_1,GCA_034676565.1,0.016098530766619795,X_aa,0.9,true,true,general_amino_acid_catabolism,high,dppA;gdh;ilvE;oppA;pfor;tdcB,"",6,7,0.9,1.0,1.0
FW_TWAS_rep_1,GCA_034676565.1,0.016098530766619795,X_fa,1.0,true,true,lcfa_beta_oxidation,high,etfA;etfB;fadA;fadB;fadD;fadE,"",6,6,1.0,1.0,1.0
FW_TWAS_rep_1,GCA_034676565.1,0.016098530766619795,X_ac_et,0.8666666666666667,true,true,ethanol_acetate_chain_initiation,medium,ackA;acs;adh;aldh;bcd;crt;etfA;etfB;hbd;pta;thl,"",11,12,0.8666666666666667,1.0,1.0
FW_TWAS_rep_1,GCA_034676565.1,0.016098530766619795,X_ac_lac,1.0,true,true,lactate_acetate_chain_initiation,high,ackA;acs;bcd;crt;etfA;etfB;hbd;lctB;lctC;lctD;pfor;pta;thl,"",13,13,1.0,1.0,1.0
FW_TWAS_rep_1,GCA_034676565.1,0.016098530766619795,X_chain_et,0.0,false,true,ethanol_reverse_beta_oxidation,none,adh;aldh;bcd;crt;etfA;etfB;hbd;thl,cat,8,10,0.6923076923076923,0.8888888888888888,1.0
FW_TWAS_rep_1,GCA_034676565.1,0.016098530766619795,X_chain_lac,0.0,false,true,lactate_reverse_beta_oxidation,none,bcd;crt;etfA;etfB;hbd;lctB;lctC;lctD;pfor;thl,cat,10,11,0.8571428571428571,0.9,1.0
FW_TWAS_rep_1,GCA_034676565.1,0.016098530766619795,X_VFA_deg,1.0,true,true,syntrophic_butyrate_oxidation,high,bcd;crt;etfA;etfB;fdhA;hbd;hydA;rnfB;thl,"",9,9,1.0,1.0,1.0
FW_TWAS_rep_1,GCA_034676565.1,0.016098530766619795,X_Me_ac,0.0,false,true,acetoclastic_ack_pta,none,ackA;cdhC;pta,mcrA,3,8,0.3333333333333333,0.75,0.6
FW_TWAS_rep_1,GCA_034676565.1,0.016098530766619795,X_Me_CO2,0.0,false,true,hydrogenotrophic_core,none,fwdA;mer,mcrA;one_of(ftr);one_of(mch),2,8,0.2222222222222222,0.4,0.3333333333333333
FW_TWAS_rep_1,GCA_034676565.1,0.016098530766619795,X_et,0.7,true,true,ethanol_to_acetyl_coa,medium,ackA;acs;adh;aldh;pta,"",5,6,0.7,1.0,1.0
FW_TWAS_rep_1,GCA_034676565.1,0.016098530766619795,X_lac,1.0,true,true,lactate_to_pyruvate,high,lctB;lctC;lctD;pfor;rnfB,"",5,5,1.0,1.0,1.0
FW_TWAS_rep_1,GCA_937869105.1,0.008000775832808029,X_ch,1.0,true,true,starch_utilization,high,agl;cazy_GH13;susC;susD,"",4,4,1.0,1.0,1.0
FW_TWAS_rep_1,GCA_937869105.1,0.008000775832808029,X_pr,0.7272727272727273,true,true,proteolysis_and_peptide_import,medium,dtpT;endopeptidase;extracellular_protease;pepN;pepO,"",5,7,0.7272727272727273,1.0,1.0
FW_TWAS_rep_1,GCA_937869105.1,0.008000775832808029,X_li,0.75,true,true,lipolysis,medium,acylglycerol_lipase;fadD;lipase;lysophospholipase,"",4,6,0.75,1.0,1.0
FW_TWAS_rep_1,GCA_937869105.1,0.008000775832808029,X_su,0.8461538461538461,true,true,entner_doudoroff,medium,adhE;eda;edd;gapA;glcP;pfor;pyk,"",7,9,0.8461538461538461,1.0,1.0
FW_TWAS_rep_1,GCA_937869105.1,0.008000775832808029,X_aa,0.8,true,true,general_amino_acid_catabolism,medium,dtpT;gdh;ilvE;pfor;tdcB,"",5,7,0.8,1.0,1.0
FW_TWAS_rep_1,GCA_937869105.1,0.008000775832808029,X_fa,1.0,true,true,lcfa_beta_oxidation,high,etfA;etfB;fadA;fadB;fadD;fadE,"",6,6,1.0,1.0,1.0
FW_TWAS_rep_1,GCA_937869105.1,0.008000775832808029,X_ac_et,1.0,true,true,ethanol_acetate_chain_initiation,high,ackA;acs;adh;adhE;aldh;bcd;crt;etfA;etfB;hbd;pta;thl,"",12,12,1.0,1.0,1.0
FW_TWAS_rep_1,GCA_937869105.1,0.008000775832808029,X_ac_lac,0.0,false,true,lactate_acetate_chain_initiation,none,ackA;acs;bcd;crt;etfA;etfB;hbd;lctB;pfor;pta;thl,lctD,11,13,0.8125,0.875,1.0
FW_TWAS_rep_1,GCA_937869105.1,0.008000775832808029,X_chain_et,1.0,true,true,ethanol_reverse_beta_oxidation,high,adh;adhE;aldh;bcd;cat;crt;etfA;etfB;hbd;thl,"",10,10,1.0,1.0,1.0
FW_TWAS_rep_1,GCA_937869105.1,0.008000775832808029,X_chain_lac,0.0,false,true,lactate_reverse_beta_oxidation,none,bcd;cat;crt;etfA;etfB;hbd;lctB;pfor;thl,lctD,9,11,0.7857142857142857,0.9,1.0
FW_TWAS_rep_1,GCA_937869105.1,0.008000775832808029,X_VFA_deg,1.0,true,true,syntrophic_butyrate_oxidation,high,bcd;crt;etfA;etfB;fdhA;hbd;hydA;rnfB;thl,"",9,9,1.0,1.0,1.0
FW_TWAS_rep_1,GCA_937869105.1,0.008000775832808029,X_Me_ac,0.0,false,true,acetoclastic_ack_pta,none,ackA;pta,mcrA;one_of(cdhC|cdhD|cdhE),2,8,0.2222222222222222,0.5,0.4
FW_TWAS_rep_1,GCA_937869105.1,0.008000775832808029,X_Me_CO2,0.0,false,true,hydrogenotrophic_core,none,fwdA;mer,mcrA;one_of(ftr);one_of(mch),2,8,0.2222222222222222,0.4,0.3333333333333333
FW_TWAS_rep_1,GCA_937869105.1,0.008000775832808029,X_et,1.0,true,true,ethanol_to_acetyl_coa,high,ackA;acs;adh;adhE;aldh;pta,"",6,6,1.0,1.0,1.0
FW_TWAS_rep_1,GCA_937869105.1,0.008000775832808029,X_lac,0.39166666666666666,false,true,lactate_to_pyruvate,partial,lctB;pfor;rnfB,lctD,3,5,0.5,0.6666666666666666,1.0
FW_TWAS_rep_1,GCA_044230475.1,0.006982495272268826,X_ch,0.03283203125,false,true,xylan_utilization,partial,xylB,xylA;one_of(cazy_GH10|cazy_GH11);one_of(cazy_GH43|cazy_CBM6),1,6,0.125,0.25,0.25
FW_TWAS_rep_1,GCA_044230475.1,0.006982495272268826,X_pr,0.8235294117647058,true,true,peptide_scavenging,medium,dppA;dppB;dppC;dtpT;oppA;oppB;pepA;pepN;pepO;pepQ;pepT,"",11,13,0.8235294117647058,1.0,1.0
FW_TWAS_rep_1,GCA_044230475.1,0.006982495272268826,X_li,0.5,true,true,lipolysis,low,acylglycerol_lipase;fadD;lysophospholipase,"",3,6,0.5,1.0,1.0
FW_TWAS_rep_1,GCA_044230475.1,0.006982495272268826,X_su,0.6484848484848486,false,true,pentose_fermentation,partial,adhE;gapA;pfor;pyk;xylB;xylF,xylA,6,8,0.7272727272727273,0.8333333333333334,1.0
FW_TWAS_rep_1,GCA_044230475.1,0.006982495272268826,X_aa,1.0,true,true,general_amino_acid_catabolism,high,dppA;dtpT;gdh;ilvE;oppA;pfor;tdcB,"",7,7,1.0,1.0,1.0
FW_TWAS_rep_1,GCA_044230475.1,0.006982495272268826,X_fa,1.0,true,true,lcfa_beta_oxidation,high,etfA;etfB;fadA;fadB;fadD;fadE,"",6,6,1.0,1.0,1.0
FW_TWAS_rep_1,GCA_044230475.1,0.006982495272268826,X_ac_et,0.9333333333333333,true,true,ethanol_acetate_chain_initiation,high,acs;adh;adhE;aldh;bcd;crt;etfA;etfB;hbd;pta;thl,"",11,12,0.9333333333333333,1.0,1.0
FW_TWAS_rep_1,GCA_044230475.1,0.006982495272268826,X_ac_lac,0.0,false,true,lactate_acetate_chain_initiation,none,acs;bcd;crt;etfA;etfB;hbd;lctC;pfor;pta;thl,lctD,10,13,0.75,0.875,1.0
FW_TWAS_rep_1,GCA_044230475.1,0.006982495272268826,X_chain_et,0.0,false,true,ethanol_reverse_beta_oxidation,none,adh;adhE;aldh;bcd;crt;etfA;etfB;hbd;thl,cat,9,10,0.8461538461538461,0.8888888888888888,1.0
FW_TWAS_rep_1,GCA_044230475.1,0.006982495272268826,X_chain_lac,0.0,false,true,lactate_reverse_beta_oxidation,none,bcd;crt;etfA;etfB;hbd;lctC;pfor;thl,cat;lctD,8,11,0.6428571428571429,0.8,0.8888888888888888
FW_TWAS_rep_1,GCA_044230475.1,0.006982495272268826,X_VFA_deg,0.853125,false,true,syntrophic_propionate_mmc,partial,fdhA;hydA;mdh;mmcE;mmcF;mmcG;pfor;sucC;sucD,one_of(fumB),9,10,0.9285714285714286,0.875,1.0
FW_TWAS_rep_1,GCA_044230475.1,0.006982495272268826,X_Me_ac,0.0,false,true,acetoclastic_ack_pta,none,mtrA;pta,mcrA;ackA;one_of(cdhC|cdhD|cdhE),2,8,0.2222222222222222,0.25,0.4
FW_TWAS_rep_1,GCA_044230475.1,0.006982495272268826,X_Me_CO2,0.0,false,true,hydrogenotrophic_core,none,fwdA;mtrA,mcrA;one_of(ftr);one_of(mch);one_of(mtd|mer),2,8,0.2222222222222222,0.2,0.3333333333333333
FW_TWAS_rep_1,GCA_044230475.1,0.006982495272268826,X_et,0.9,true,true,ethanol_to_acetyl_coa,high,acs;adh;adhE;aldh;pta,"",5,6,0.9,1.0,1.0
FW_TWAS_rep_1,GCA_044230475.1,0.006982495272268826,X_lac,0.23010416666666667,false,true,lactate_to_pyruvate,partial,lctC;pfor,lctD,2,5,0.375,0.6666666666666666,0.6666666666666666
FW_TWAS_rep_1,GCA_044224235.1,0.006691557969257625,X_ch,0.06508928571428572,false,true,starch_utilization,partial,susC,cazy_GH13,1,4,0.14285714285714285,0.5,0.5
FW_TWAS_rep_1,GCA_044224235.1,0.006691557969257625,X_pr,1.0,true,true,proteolysis_and_peptide_import,high,dtpT;endopeptidase;extracellular_protease;oppA;oppB;pepN;pepO,"",7,7,1.0,1.0,1.0
FW_TWAS_rep_1,GCA_044224235.1,0.006691557969257625,X_li,0.3333333333333333,false,true,lipolysis,partial,acylglycerol_lipase;fadD,"",2,6,0.3333333333333333,1.0,1.0
FW_TWAS_rep_1,GCA_044224235.1,0.006691557969257625,X_su,0.22313131313131312,false,true,hexose_fermentation,partial,gapA;lctD;pfkA;pyk,pgi;one_of(ptsG|glcP),4,9,0.36363636363636365,0.6666666666666666,0.6666666666666666
FW_TWAS_rep_1,GCA_044224235.1,0.006691557969257625,X_aa,0.39166666666666666,false,true,general_amino_acid_catabolism,partial,dppA;dtpT;gdh;oppA,one_of(pfor),4,7,0.5,0.6666666666666666,1.0
FW_TWAS_rep_1,GCA_044224235.1,0.006691557969257625,X_fa,1.0,true,true,lcfa_beta_oxidation,high,etfA;etfB;fadA;fadB;fadD;fadE,"",6,6,1.0,1.0,1.0
FW_TWAS_rep_1,GCA_044224235.1,0.006691557969257625,X_ac_et,0.8,true,true,ethanol_acetate_chain_initiation,medium,acs;adh;aldh;bcd;crt;etfA;etfB;hbd;pta;thl,"",10,12,0.8,1.0,1.0
FW_TWAS_rep_1,GCA_044224235.1,0.006691557969257625,X_ac_lac,0.0,false,true,lactate_acetate_chain_initiation,none,acs;bcd;crt;etfA;etfB;hbd;lctB;lctC;lctD;pta;thl,one_of(pfor),11,13,0.875,0.875,1.0
FW_TWAS_rep_1,GCA_044224235.1,0.006691557969257625,X_chain_et,0.8461538461538461,true,true,ethanol_reverse_beta_oxidation,medium,adh;aldh;bcd;cat;crt;etfA;etfB;hbd;thl,"",9,10,0.8461538461538461,1.0,1.0
FW_TWAS_rep_1,GCA_044224235.1,0.006691557969257625,X_chain_lac,0.0,false,true,lactate_reverse_beta_oxidation,none,bcd;cat;crt;etfA;etfB;hbd;lctB;lctC;lctD;thl,one_of(pfor),10,11,0.9285714285714286,0.9,1.0
FW_TWAS_rep_1,GCA_044224235.1,0.006691557969257625,X_VFA_deg,0.8421875,false,true,syntrophic_butyrate_oxidation,partial,bcd;crt;etfA;etfB;fdhA;hbd;hydA;thl,one_of(rnfB),8,9,0.9166666666666666,0.875,1.0
FW_TWAS_rep_1,GCA_044224235.1,0.006691557969257625,X_Me_ac,0.0,false,true,acetoclastic_ack_pta,none,pta,mcrA;ackA;one_of(cdhC|cdhD|cdhE),1,8,0.1111111111111111,0.25,0.2
FW_TWAS_rep_1,GCA_044224235.1,0.006691557969257625,X_Me_CO2,0.0,false,true,hydrogenotrophic_core,none,fwdA,mcrA;one_of(ftr);one_of(mch);one_of(mtd|mer),1,8,0.1111111111111111,0.2,0.16666666666666666
FW_TWAS_rep_1,GCA_044224235.1,0.006691557969257625,X_et,0.6,true,true,ethanol_to_acetyl_coa,low,acs;adh;aldh;pta,"",4,6,0.6,1.0,1.0
FW_TWAS_rep_1,GCA_044224235.1,0.006691557969257625,X_lac,0.4895833333333333,false,true,lactate_to_pyruvate,partial,lctB;lctC;lctD,pfor,3,5,0.625,0.6666666666666666,1.0
FW_TWAS_rep_1,GCA_044223705.1,0.006012704262231489,X_ch,0.7142857142857143,true,true,starch_utilization,medium,agl;cazy_GH13,"",2,4,0.7142857142857143,1.0,1.0
FW_TWAS_rep_1,GCA_044223705.1,0.006012704262231489,X_pr,0.8235294117647058,true,true,peptide_scavenging,medium,dppA;dppB;dppC;dtpT;oppA;oppB;pepA;pepN;pepO;pepQ;pepT,"",11,13,0.8235294117647058,1.0,1.0
FW_TWAS_rep_1,GCA_044223705.1,0.006012704262231489,X_li,0.5,true,true,lipolysis,low,esterase;fadD;lipase,"",3,6,0.5,1.0,1.0
FW_TWAS_rep_1,GCA_044223705.1,0.006012704262231489,X_su,0.6692307692307693,false,true,entner_doudoroff,partial,adhE;eda;edd;gapA;pfor;pyk,one_of(ptsG|glcP),6,9,0.7692307692307693,0.8,1.0
FW_TWAS_rep_1,GCA_044223705.1,0.006012704262231489,X_aa,1.0,true,true,general_amino_acid_catabolism,high,dppA;dtpT;gdh;ilvE;oppA;pfor;tdcB,"",7,7,1.0,1.0,1.0
FW_TWAS_rep_1,GCA_044223705.1,0.006012704262231489,X_fa,1.0,true,true,lcfa_beta_oxidation,high,etfA;etfB;fadA;fadB;fadD;fadE,"",6,6,1.0,1.0,1.0
FW_TWAS_rep_1,GCA_044223705.1,0.006012704262231489,X_ac_et,0.9333333333333333,true,true,ethanol_acetate_chain_initiation,high,acs;adh;adhE;aldh;bcd;crt;etfA;etfB;hbd;pta;thl,"",11,12,0.9333333333333333,1.0,1.0
FW_TWAS_rep_1,GCA_044223705.1,0.006012704262231489,X_ac_lac,0.0,false,true,lactate_acetate_chain_initiation,none,acs;bcd;crt;etfA;etfB;hbd;lctC;pfor;pta;thl,lctD,10,13,0.75,0.875,1.0
FW_TWAS_rep_1,GCA_044223705.1,0.006012704262231489,X_chain_et,0.0,false,true,ethanol_reverse_beta_oxidation,none,adh;adhE;aldh;bcd;crt;etfA;etfB;hbd;thl,cat,9,10,0.8461538461538461,0.8888888888888888,1.0
FW_TWAS_rep_1,GCA_044223705.1,0.006012704262231489,X_chain_lac,0.0,false,true,lactate_reverse_beta_oxidation,none,bcd;crt;etfA;etfB;hbd;lctC;pfor;thl,cat;lctD,8,11,0.6428571428571429,0.8,0.8888888888888888
FW_TWAS_rep_1,GCA_044223705.1,0.006012704262231489,X_VFA_deg,0.853125,false,true,syntrophic_propionate_mmc,partial,fdhA;hydA;mdh;mmcE;mmcF;mmcG;pfor;sucC;sucD,one_of(fumB),9,10,0.9285714285714286,0.875,1.0
FW_TWAS_rep_1,GCA_044223705.1,0.006012704262231489,X_Me_ac,0.0,false,true,acetoclastic_ack_pta,none,pta,mcrA;ackA;one_of(cdhC|cdhD|cdhE),1,8,0.1111111111111111,0.25,0.2
FW_TWAS_rep_1,GCA_044223705.1,0.006012704262231489,X_Me_CO2,0.0,false,true,hydrogenotrophic_core,none,fwdA,mcrA;one_of(ftr);one_of(mch);one_of(mtd|mer),1,8,0.1111111111111111,0.2,0.16666666666666666
FW_TWAS_rep_1,GCA_044223705.1,0.006012704262231489,X_et,0.9,true,true,ethanol_to_acetyl_coa,high,acs;adh;adhE;aldh;pta,"",5,6,0.9,1.0,1.0
FW_TWAS_rep_1,GCA_044223705.1,0.006012704262231489,X_lac,0.23010416666666667,false,true,lactate_to_pyruvate,partial,lctC;pfor,lctD,2,5,0.375,0.6666666666666666,0.6666666666666666
FW_TWAS_rep_1,GCA_943370345.1,0.011104107064927508,X_ch,1.0,true,true,pectin_utilization,high,cazy_CE8;cazy_GH43;cazy_PL1;susC;susD,"",5,5,1.0,1.0,1.0
FW_TWAS_rep_1,GCA_943370345.1,0.011104107064927508,X_pr,0.9090909090909091,true,true,proteolysis_and_peptide_import,high,dtpT;endopeptidase;extracellular_protease;oppA;oppB;pepN,"",6,7,0.9090909090909091,1.0,1.0
FW_TWAS_rep_1,GCA_943370345.1,0.011104107064927508,X_li,0.5833333333333334,true,true,lipolysis,low,acylglycerol_lipase;esterase;fadD;lysophospholipase,"",4,6,0.5833333333333334,1.0,1.0
FW_TWAS_rep_1,GCA_943370345.1,0.011104107064927508,X_su,0.6692307692307693,false,true,entner_doudoroff,partial,adhE;eda;edd;gapA;lctD;pfor,one_of(ptsG|glcP),6,9,0.7692307692307693,0.8,1.0
FW_TWAS_rep_1,GCA_943370345.1,0.011104107064927508,X_aa,1.0,true,true,general_amino_acid_catabolism,high,dppA;dtpT;gdh;ilvE;oppA;pfor;tdcB,"",7,7,1.0,1.0,1.0
FW_TWAS_rep_1,GCA_943370345.1,0.011104107064927508,X_fa,1.0,true,true,lcfa_beta_oxidation,high,etfA;etfB;fadA;fadB;fadD;fadE,"",6,6,1.0,1.0,1.0
FW_TWAS_rep_1,GCA_943370345.1,0.011104107064927508,X_ac_et,0.8666666666666667,true,true,ethanol_acetate_chain_initiation,medium,acs;adh;adhE;bcd;crt;etfA;etfB;hbd;pta;thl,"",10,12,0.8666666666666667,1.0,1.0
FW_TWAS_rep_1,GCA_943370345.1,0.011104107064927508,X_ac_lac,0.9375,true,true,lactate_acetate_chain_initiation,high,acs;bcd;crt;etfA;etfB;hbd;lctB;lctC;lctD;pfor;pta;thl,"",12,13,0.9375,1.0,1.0
FW_TWAS_rep_1,GCA_943370345.1,0.011104107064927508,X_chain_et,0.9230769230769231,true,true,ethanol_reverse_beta_oxidation,high,adh;adhE;bcd;cat;crt;etfA;etfB;hbd;thl,"",9,10,0.9230769230769231,1.0,1.0
FW_TWAS_rep_1,GCA_943370345.1,0.011104107064927508,X_chain_lac,1.0,true,true,lactate_reverse_beta_oxidation,high,bcd;cat;crt;etfA;etfB;hbd;lctB;lctC;lctD;pfor;thl,"",11,11,1.0,1.0,1.0
FW_TWAS_rep_1,GCA_943370345.1,0.011104107064927508,X_VFA_deg,1.0,true,true,syntrophic_butyrate_oxidation,high,bcd;crt;etfA;etfB;fdhA;hbd;hydA;rnfB;thl,"",9,9,1.0,1.0,1.0
FW_TWAS_rep_1,GCA_943370345.1,0.011104107064927508,X_Me_ac,0.0,false,true,acetoclastic_ack_pta,none,pta,mcrA;ackA;one_of(cdhC|cdhD|cdhE),1,8,0.1111111111111111,0.25,0.2
FW_TWAS_rep_1,GCA_943370345.1,0.011104107064927508,X_Me_CO2,0.0,false,true,hydrogenotrophic_core,none,fwdA,mcrA;one_of(ftr);one_of(mch);one_of(mtd|mer),1,8,0.1111111111111111,0.2,0.16666666666666666
FW_TWAS_rep_1,GCA_943370345.1,0.011104107064927508,X_et,0.7,true,true,ethanol_to_acetyl_coa,medium,acs;adh;adhE;pta,"",4,6,0.7,1.0,1.0
FW_TWAS_rep_1,GCA_943370345.1,0.011104107064927508,X_lac,1.0,true,true,lactate_to_pyruvate,high,lctB;lctC;lctD;pfor;rnfB,"",5,5,1.0,1.0,1.0
FW_TWAS_rep_1,GCF_002978245.1,0.005770256509722155,X_ch,0.8571428571428571,true,true,starch_utilization,medium,agl;cazy_GH13;susC,"",3,4,0.8571428571428571,1.0,1.0
FW_TWAS_rep_1,GCF_002978245.1,0.005770256509722155,X_pr,0.9411764705882353,true,true,peptide_scavenging,high,dppA;dppB;dppC;dtpT;endopeptidase;oppA;oppB;pepA;pepD;pepN;pepQ;pepT,"",12,13,0.9411764705882353,1.0,1.0
FW_TWAS_rep_1,GCF_002978245.1,0.005770256509722155,X_li,0.75,true,true,lipolysis,medium,acylglycerol_lipase;esterase;fadD;lysophospholipase;phospholipase,"",5,6,0.75,1.0,1.0
FW_TWAS_rep_1,GCF_002978245.1,0.005770256509722155,X_su,0.9230769230769231,true,true,entner_doudoroff,high,adhE;eda;edd;gapA;glcP;pfor;ptsG;pyk,"",8,9,0.9230769230769231,1.0,1.0
FW_TWAS_rep_1,GCF_002978245.1,0.005770256509722155,X_aa,0.8,true,true,general_amino_acid_catabolism,medium,dppA;dtpT;ilvE;oppA;pfor;tdcB,"",6,7,0.8,1.0,1.0
FW_TWAS_rep_1,GCF_002978245.1,0.005770256509722155,X_fa,0.9,true,true,lcfa_beta_oxidation,high,etfA;fadA;fadB;fadD;fadE,"",5,6,0.9,1.0,1.0
FW_TWAS_rep_1,GCF_002978245.1,0.005770256509722155,X_ac_et,0.0,false,true,ethanol_acetate_chain_initiation,none,ackA;acs;adh;adhE;aldh;bcd;crt;etfA;hbd;pta;thl,etfB,11,12,0.9333333333333333,0.8571428571428571,1.0
FW_TWAS_rep_1,GCF_002978245.1,0.005770256509722155,X_ac_lac,0.0,false,true,lactate_acetate_chain_initiation,none,ackA;acs;bcd;crt;etfA;hbd;pfor;pta;thl,etfB;lctD;one_of(lctB|lctC),9,13,0.6875,0.625,1.0
FW_TWAS_rep_1,GCF_002978245.1,0.005770256509722155,X_chain_et,0.0,false,true,ethanol_reverse_beta_oxidation,none,adh;adhE;aldh;bcd;crt;etfA;hbd;thl,etfB;cat,8,10,0.7692307692307693,0.7777777777777778,1.0
FW_TWAS_rep_1,GCF_002978245.1,0.005770256509722155,X_chain_lac,0.0,false,true,lactate_reverse_beta_oxidation,none,bcd;crt;etfA;hbd;pfor;thl,etfB;cat;lctD;one_of(lctB|lctC),6,11,0.5,0.6,0.6666666666666666
FW_TWAS_rep_1,GCF_002978245.1,0.005770256509722155,X_VFA_deg,0.8421875,false,true,syntrophic_butyrate_oxidation,partial,bcd;crt;etfA;fdhA;hbd;hydA;rnfB;thl,etfB,8,9,0.9166666666666666,0.875,1.0
FW_TWAS_rep_1,GCF_002978245.1,0.005770256509722155,X_Me_ac,0.0,false,true,acetoclastic_ack_pta,none,ackA;pta,mcrA;one_of(cdhC|cdhD|cdhE),2,8,0.2222222222222222,0.5,0.4
FW_TWAS_rep_1,GCF_002978245.1,0.005770256509722155,X_Me_CO2,0.0,false,true,hydrogenotrophic_core,none,mer,mcrA;one_of(fwdA);one_of(ftr);one_of(mch),1,8,0.1111111111111111,0.2,0.16666666666666666
FW_TWAS_rep_1,GCF_002978245.1,0.005770256509722155,X_et,1.0,true,true,ethanol_to_acetyl_coa,high,ackA;acs;adh;adhE;aldh;pta,"",6,6,1.0,1.0,1.0
FW_TWAS_rep_1,GCF_002978245.1,0.005770256509722155,X_lac,0.23010416666666667,false,true,lactate_to_pyruvate,partial,pfor;rnfB,lctD,2,5,0.375,0.6666666666666666,0.6666666666666666
FW_TWAS_rep_1,GCA_050287485.1,0.005527808757212821,X_ch,0.7142857142857143,true,true,starch_utilization,medium,agl;cazy_GH13,"",2,4,0.7142857142857143,1.0,1.0
FW_TWAS_rep_1,GCA_050287485.1,0.005527808757212821,X_pr,0.7058823529411765,true,true,peptide_scavenging,medium,dppA;dppB;dppC;endopeptidase;oppA;oppB;pepA;pepN;pepQ,"",9,13,0.7058823529411765,1.0,1.0
FW_TWAS_rep_1,GCA_050287485.1,0.005527808757212821,X_li,0.0759375,false,true,lipolysis,partial,fadD,one_of(lipase|lysophospholipase|acylglycerol_lipase|phospholipase),1,6,0.16666666666666666,0.5,0.5
FW_TWAS_rep_1,GCA_050287485.1,0.005527808757212821,X_su,0.6692307692307693,false,true,entner_doudoroff,partial,eda;edd;gapA;lctD;pfor;pyk,one_of(ptsG|glcP),6,9,0.7692307692307693,0.8,1.0
FW_TWAS_rep_1,GCA_050287485.1,0.005527808757212821,X_aa,0.9,true,true,general_amino_acid_catabolism,high,dppA;gdh;ilvE;oppA;pfor;tdcB,"",6,7,0.9,1.0,1.0
FW_TWAS_rep_1,GCA_050287485.1,0.005527808757212821,X_fa,1.0,true,true,lcfa_beta_oxidation,high,etfA;etfB;fadA;fadB;fadD;fadE,"",6,6,1.0,1.0,1.0
FW_TWAS_rep_1,GCA_050287485.1,0.005527808757212821,X_ac_et,0.0,false,true,ethanol_acetate_chain_initiation,none,ackA;acs;bcd;crt;etfA;etfB;hbd;pta;thl,one_of(adhE|adh);one_of(adhE|aldh),9,12,0.7333333333333333,0.7142857142857143,1.0
FW_TWAS_rep_1,GCA_050287485.1,0.005527808757212821,X_ac_lac,1.0,true,true,lactate_acetate_chain_initiation,high,ackA;acs;bcd;crt;etfA;etfB;hbd;lctB;lctC;lctD;pfor;pta;thl,"",13,13,1.0,1.0,1.0
FW_TWAS_rep_1,GCA_050287485.1,0.005527808757212821,X_chain_et,0.0,false,true,ethanol_reverse_beta_oxidation,none,bcd;crt;etfA;etfB;hbd;thl,cat;one_of(adhE|adh);one_of(adhE|aldh),6,10,0.5384615384615384,0.6666666666666666,0.75
FW_TWAS_rep_1,GCA_050287485.1,0.005527808757212821,X_chain_lac,0.0,false,true,lactate_reverse_beta_oxidation,none,bcd;crt;etfA;etfB;hbd;lctB;lctC;lctD;pfor;thl,cat,10,11,0.8571428571428571,0.9,1.0
FW_TWAS_rep_1,GCA_050287485.1,0.005527808757212821,X_VFA_deg,1.0,true,true,syntrophic_propionate_mmc,high,fdhA;fumB;hydA;mdh;mmcE;mmcF;mmcG;pfor;sucC;sucD,"",10,10,1.0,1.0,1.0
FW_TWAS_rep_1,GCA_050287485.1,0.005527808757212821,X_Me_ac,0.0,false,true,acetoclastic_ack_pta,none,ackA;cdhC;pta,mcrA,3,8,0.3333333333333333,0.75,0.6
FW_TWAS_rep_1,GCA_050287485.1,0.005527808757212821,X_Me_CO2,0.0,false,true,hydrogenotrophic_core,none,fwdA,mcrA;one_of(ftr);one_of(mch);one_of(mtd|mer),1,8,0.1111111111111111,0.2,0.16666666666666666
FW_TWAS_rep_1,GCA_050287485.1,0.005527808757212821,X_et,0.16999999999999998,false,true,ethanol_to_acetyl_coa,partial,ackA;acs;pta,one_of(adhE|adh);one_of(adhE|aldh),3,6,0.3,0.3333333333333333,1.0
FW_TWAS_rep_1,GCA_050287485.1,0.005527808757212821,X_lac,1.0,true,true,lactate_to_pyruvate,high,lctB;lctC;lctD;pfor;rnfB,"",5,5,1.0,1.0,1.0
FW_TWAS_rep_1,GCA_963736865.1,0.005527808757212821,X_ch,0.1952678571428572,false,true,starch_utilization,partial,cazy_GH13,one_of(susC|susD|agl),1,4,0.42857142857142855,0.5,0.5
FW_TWAS_rep_1,GCA_963736865.1,0.005527808757212821,X_pr,0.8181818181818182,true,true,proteolysis_and_peptide_import,medium,endopeptidase;extracellular_protease;oppA;oppB;pepN,"",5,7,0.8181818181818182,1.0,1.0
FW_TWAS_rep_1,GCA_963736865.1,0.005527808757212821,X_li,0.75,true,true,lipolysis,medium,fadD;lipase;lysophospholipase;phospholipase,"",4,6,0.75,1.0,1.0
FW_TWAS_rep_1,GCA_963736865.1,0.005527808757212821,X_su,0.5674242424242425,false,true,hexose_fermentation,partial,adhE;gapA;lctD;pfkA;pfor;pgi;pyk,one_of(ptsG|glcP),7,9,0.6363636363636364,0.8333333333333334,1.0
FW_TWAS_rep_1,GCA_963736865.1,0.005527808757212821,X_aa,0.8,true,true,general_amino_acid_catabolism,medium,gdh;ilvE;oppA;pfor;tdcB,"",5,7,0.8,1.0,1.0
FW_TWAS_rep_1,GCA_963736865.1,0.005527808757212821,X_fa,1.0,true,true,lcfa_beta_oxidation,high,etfA;etfB;fadA;fadB;fadD;fadE,"",6,6,1.0,1.0,1.0
FW_TWAS_rep_1,GCA_963736865.1,0.005527808757212821,X_ac_et,0.9333333333333333,true,true,ethanol_acetate_chain_initiation,high,ackA;acs;adh;adhE;bcd;crt;etfA;etfB;hbd;pta;thl,"",11,12,0.9333333333333333,1.0,1.0
FW_TWAS_rep_1,GCA_963736865.1,0.005527808757212821,X_ac_lac,1.0,true,true,lactate_acetate_chain_initiation,high,ackA;acs;bcd;crt;etfA;etfB;hbd;lctB;lctC;lctD;pfor;pta;thl,"",13,13,1.0,1.0,1.0
FW_TWAS_rep_1,GCA_963736865.1,0.005527808757212821,X_chain_et,0.9230769230769231,true,true,ethanol_reverse_beta_oxidation,high,adh;adhE;bcd;cat;crt;etfA;etfB;hbd;thl,"",9,10,0.9230769230769231,1.0,1.0
FW_TWAS_rep_1,GCA_963736865.1,0.005527808757212821,X_chain_lac,1.0,true,true,lactate_reverse_beta_oxidation,high,bcd;cat;crt;etfA;etfB;hbd;lctB;lctC;lctD;pfor;thl,"",11,11,1.0,1.0,1.0
FW_TWAS_rep_1,GCA_963736865.1,0.005527808757212821,X_VFA_deg,1.0,true,true,syntrophic_propionate_mmc,high,fdhA;fumB;hydA;mdh;mmcE;mmcF;mmcG;pfor;sucC;sucD,"",10,10,1.0,1.0,1.0
FW_TWAS_rep_1,GCA_963736865.1,0.005527808757212821,X_Me_ac,0.0,false,true,acetoclastic_ack_pta,none,ackA;cdhC;pta,mcrA,3,8,0.3333333333333333,0.75,0.6
FW_TWAS_rep_1,GCA_963736865.1,0.005527808757212821,X_Me_CO2,0.0,false,true,hydrogenotrophic_core,none,"",mcrA;one_of(fwdA);one_of(ftr);one_of(mch);one_of(mtd|mer),0,8,0.0,0.0,0.0
FW_TWAS_rep_1,GCA_963736865.1,0.005527808757212821,X_et,0.8,true,true,ethanol_to_acetyl_coa,medium,ackA;acs;adh;adhE;pta,"",5,6,0.8,1.0,1.0
FW_TWAS_rep_1,GCA_963736865.1,0.005527808757212821,X_lac,1.0,true,true,lactate_to_pyruvate,high,lctB;lctC;lctD;pfor;rnfB,"",5,5,1.0,1.0,1.0
FW_TWAS_rep_1,GCA_044238845.1,0.005430829656209087,X_ch,0.06508928571428572,false,true,starch_utilization,partial,susC,cazy_GH13,1,4,0.14285714285714285,0.5,0.5
FW_TWAS_rep_1,GCA_044238845.1,0.005430829656209087,X_pr,1.0,true,true,peptide_scavenging,high,dppA;dppB;dppC;dtpT;endopeptidase;oppA;oppB;pepA;pepD;pepN;pepO;pepQ;pepT,"",13,13,1.0,1.0,1.0
FW_TWAS_rep_1,GCA_044238845.1,0.005430829656209087,X_li,0.5833333333333334,true,true,lipolysis,low,acylglycerol_lipase;esterase;fadD;lysophospholipase,"",4,6,0.5833333333333334,1.0,1.0
FW_TWAS_rep_1,GCA_044238845.1,0.005430829656209087,X_su,0.2971384615384616,false,true,entner_doudoroff,partial,adhE;edd;gapA;pyk,eda;one_of(ptsG|glcP),4,9,0.46153846153846156,0.6,0.8
FW_TWAS_rep_1,GCA_044238845.1,0.005430829656209087,X_aa,0.705,false,true,general_amino_acid_catabolism,partial,dppA;dtpT;gdh;ilvE;oppA;tdcB,one_of(pfor),6,7,0.9,0.6666666666666666,1.0
FW_TWAS_rep_1,GCA_044238845.1,0.005430829656209087,X_fa,0.9,true,true,lcfa_beta_oxidation,high,etfA;fadA;fadB;fadD;fadE,"",5,6,0.9,1.0,1.0
FW_TWAS_rep_1,GCA_044238845.1,0.005430829656209087,X_ac_et,0.0,false,true,ethanol_acetate_chain_initiation,none,acs;adh;adhE;aldh;bcd;crt;etfA;hbd;pta;thl,etfB,10,12,0.8666666666666667,0.8571428571428571,1.0
FW_TWAS_rep_1,GCA_044238845.1,0.005430829656209087,X_ac_lac,0.0,false,true,lactate_acetate_chain_initiation,none,acs;bcd;crt;etfA;hbd;pta;thl,etfB;lctD;one_of(lctB|lctC);one_of(pfor),7,13,0.5625,0.5,0.7777777777777778
FW_TWAS_rep_1,GCA_044238845.1,0.005430829656209087,X_chain_et,0.0,false,true,ethanol_reverse_beta_oxidation,none,adh;adhE;aldh;bcd;cat;crt;etfA;hbd;thl,etfB,9,10,0.9230769230769231,0.8888888888888888,1.0
FW_TWAS_rep_1,GCA_044238845.1,0.005430829656209087,X_chain_lac,0.0,false,true,lactate_reverse_beta_oxidation,none,bcd;cat;crt;etfA;hbd;thl,etfB;lctD;one_of(lctB|lctC);one_of(pfor),6,11,0.5714285714285714,0.6,0.6666666666666666
FW_TWAS_rep_1,GCA_044238845.1,0.005430829656209087,X_VFA_deg,0.7874999999999999,false,true,syntrophic_propionate_mmc,partial,fdhA;hydA;mdh;mmcE;mmcF;mmcG;sucC;sucD,one_of(fumB),8,10,0.8571428571428571,0.875,1.0
FW_TWAS_rep_1,GCA_044238845.1,0.005430829656209087,X_Me_ac,0.0,false,true,acetoclastic_ack_pta,none,pta,mcrA;ackA;one_of(cdhC|cdhD|cdhE),1,8,0.1111111111111111,0.25,0.2
FW_TWAS_rep_1,GCA_044238845.1,0.005430829656209087,X_Me_CO2,0.0,false,true,hydrogenotrophic_core,none,"",mcrA;one_of(fwdA);one_of(ftr);one_of(mch);one_of(mtd|mer),0,8,0.0,0.0,0.0
FW_TWAS_rep_1,GCA_044238845.1,0.005430829656209087,X_et,0.9,true,true,ethanol_to_acetyl_coa,high,acs;adh;adhE;aldh;pta,"",5,6,0.9,1.0,1.0
FW_TWAS_rep_1,GCA_044238845.1,0.005430829656209087,X_lac,0.0,false,true,lactate_to_pyruvate,none,"",lctD;pfor;one_of(lctB|lctC|rnfB),0,5,0.0,0.0,0.0
FW_TWAS_rep_1,GCA_044220615.1,0.005091402802696019,X_ch,1.0,true,true,pectin_utilization,high,cazy_CE8;cazy_GH43;cazy_PL1;susC;susD,"",5,5,1.0,1.0,1.0
FW_TWAS_rep_1,GCA_044220615.1,0.005091402802696019,X_pr,0.8181818181818182,true,true,proteolysis_and_peptide_import,medium,dtpT;endopeptidase;extracellular_protease;oppB;pepN;pepO,"",6,7,0.8181818181818182,1.0,1.0
FW_TWAS_rep_1,GCA_044220615.1,0.005091402802696019,X_li,0.4166666666666667,true,true,lipolysis,low,acylglycerol_lipase;esterase;fadD,"",3,6,0.4166666666666667,1.0,1.0
FW_TWAS_rep_1,GCA_044220615.1,0.005091402802696019,X_su,0.7361538461538462,false,true,entner_doudoroff,partial,adhE;eda;edd;gapA;lctD;pfor;pyk,one_of(ptsG|glcP),7,9,0.8461538461538461,0.8,1.0
FW_TWAS_rep_1,GCA_044220615.1,0.005091402802696019,X_aa,0.9,true,true,general_amino_acid_catabolism,high,dppA;dtpT;gdh;ilvE;pfor;tdcB,"",6,7,0.9,1.0,1.0
FW_TWAS_rep_1,GCA_044220615.1,0.005091402802696019,X_fa,1.0,true,true,lcfa_beta_oxidation,high,etfA;etfB;fadA;fadB;fadD;fadE,"",6,6,1.0,1.0,1.0
FW_TWAS_rep_1,GCA_044220615.1,0.005091402802696019,X_ac_et,0.8666666666666667,true,true,ethanol_acetate_chain_initiation,medium,acs;adh;adhE;bcd;crt;etfA;etfB;hbd;pta;thl,"",10,12,0.8666666666666667,1.0,1.0
FW_TWAS_rep_1,GCA_044220615.1,0.005091402802696019,X_ac_lac,0.9375,true,true,lactate_acetate_chain_initiation,high,acs;bcd;crt;etfA;etfB;hbd;lctB;lctC;lctD;pfor;pta;thl,"",12,13,0.9375,1.0,1.0
FW_TWAS_rep_1,GCA_044220615.1,0.005091402802696019,X_chain_et,0.9230769230769231,true,true,ethanol_reverse_beta_oxidation,high,adh;adhE;bcd;cat;crt;etfA;etfB;hbd;thl,"",9,10,0.9230769230769231,1.0,1.0
FW_TWAS_rep_1,GCA_044220615.1,0.005091402802696019,X_chain_lac,1.0,true,true,lactate_reverse_beta_oxidation,high,bcd;cat;crt;etfA;etfB;hbd;lctB;lctC;lctD;pfor;thl,"",11,11,1.0,1.0,1.0
FW_TWAS_rep_1,GCA_044220615.1,0.005091402802696019,X_VFA_deg,1.0,true,true,syntrophic_butyrate_oxidation,high,bcd;crt;etfA;etfB;fdhA;hbd;hydA;rnfB;thl,"",9,9,1.0,1.0,1.0
FW_TWAS_rep_1,GCA_044220615.1,0.005091402802696019,X_Me_ac,0.0,false,true,acetoclastic_ack_pta,none,pta,mcrA;ackA;one_of(cdhC|cdhD|cdhE),1,8,0.1111111111111111,0.25,0.2
FW_TWAS_rep_1,GCA_044220615.1,0.005091402802696019,X_Me_CO2,0.0,false,true,hydrogenotrophic_core,none,fwdA,mcrA;one_of(ftr);one_of(mch);one_of(mtd|mer),1,8,0.1111111111111111,0.2,0.16666666666666666
FW_TWAS_rep_1,GCA_044220615.1,0.005091402802696019,X_et,0.7,true,true,ethanol_to_acetyl_coa,medium,acs;adh;adhE;pta,"",4,6,0.7,1.0,1.0
FW_TWAS_rep_1,GCA_044220615.1,0.005091402802696019,X_lac,1.0,true,true,lactate_to_pyruvate,high,lctB;lctC;lctD;pfor;rnfB,"",5,5,1.0,1.0,1.0
FW_TWAS_rep_1,GCA_027492415.1,0.004558017747175484,X_ch,0.06508928571428572,false,true,starch_utilization,partial,susC,cazy_GH13,1,4,0.14285714285714285,0.5,0.5
FW_TWAS_rep_1,GCA_027492415.1,0.004558017747175484,X_pr,0.6470588235294118,true,true,peptide_scavenging,low,dppA;dppB;dppC;oppA;oppB;pepA;pepN;pepQ;pepT,"",9,13,0.6470588235294118,1.0,1.0
FW_TWAS_rep_1,GCA_027492415.1,0.004558017747175484,X_li,0.3333333333333333,false,true,lipolysis,partial,acylglycerol_lipase;fadD,"",2,6,0.3333333333333333,1.0,1.0
FW_TWAS_rep_1,GCA_027492415.1,0.004558017747175484,X_su,0.48636363636363633,false,true,hexose_fermentation,partial,adhE;gapA;pfkA;pfor;pgi;pyk,one_of(ptsG|glcP),6,9,0.5454545454545454,0.8333333333333334,1.0
FW_TWAS_rep_1,GCA_027492415.1,0.004558017747175484,X_aa,0.7,true,true,general_amino_acid_catabolism,medium,dppA;gdh;oppA;pfor;tdcB,"",5,7,0.7,1.0,1.0
FW_TWAS_rep_1,GCA_027492415.1,0.004558017747175484,X_fa,1.0,true,true,lcfa_beta_oxidation,high,etfA;etfB;fadA;fadB;fadD;fadE,"",6,6,1.0,1.0,1.0
FW_TWAS_rep_1,GCA_027492415.1,0.004558017747175484,X_ac_et,0.9333333333333333,true,true,ethanol_acetate_chain_initiation,high,acs;adh;adhE;aldh;bcd;crt;etfA;etfB;hbd;pta;thl,"",11,12,0.9333333333333333,1.0,1.0
FW_TWAS_rep_1,GCA_027492415.1,0.004558017747175484,X_ac_lac,0.0,false,true,lactate_acetate_chain_initiation,none,acs;bcd;crt;etfA;etfB;hbd;pfor;pta;thl,lctD;one_of(lctB|lctC),9,13,0.6875,0.75,1.0
FW_TWAS_rep_1,GCA_027492415.1,0.004558017747175484,X_chain_et,0.0,false,true,ethanol_reverse_beta_oxidation,none,adh;adhE;aldh;bcd;crt;etfA;etfB;hbd;thl,cat,9,10,0.8461538461538461,0.8888888888888888,1.0
FW_TWAS_rep_1,GCA_027492415.1,0.004558017747175484,X_chain_lac,0.0,false,true,lactate_reverse_beta_oxidation,none,bcd;crt;etfA;etfB;hbd;pfor;thl,cat;lctD;one_of(lctB|lctC),7,11,0.5714285714285714,0.7,0.7777777777777778
FW_TWAS_rep_1,GCA_027492415.1,0.004558017747175484,X_VFA_deg,1.0,true,true,syntrophic_butyrate_oxidation,high,bcd;crt;etfA;etfB;fdhA;hbd;hydA;rnfB;thl,"",9,9,1.0,1.0,1.0
FW_TWAS_rep_1,GCA_027492415.1,0.004558017747175484,X_Me_ac,0.0,false,true,acetoclastic_ack_pta,none,pta,mcrA;ackA;one_of(cdhC|cdhD|cdhE),1,8,0.1111111111111111,0.25,0.2
FW_TWAS_rep_1,GCA_027492415.1,0.004558017747175484,X_Me_CO2,0.0,false,true,hydrogenotrophic_core,none,"",mcrA;one_of(fwdA);one_of(ftr);one_of(mch);one_of(mtd|mer),0,8,0.0,0.0,0.0
FW_TWAS_rep_1,GCA_027492415.1,0.004558017747175484,X_et,0.9,true,true,ethanol_to_acetyl_coa,high,acs;adh;adhE;aldh;pta,"",5,6,0.9,1.0,1.0
FW_TWAS_rep_1,GCA_027492415.1,0.004558017747175484,X_lac,0.23010416666666667,false,true,lactate_to_pyruvate,partial,pfor;rnfB,lctD,2,5,0.375,0.6666666666666666,0.6666666666666666
FW_TWAS_rep_1,GCA_963779235.1,0.0044125490956698835,X_ch,0.7142857142857143,true,true,starch_utilization,medium,agl;cazy_GH13,"",2,4,0.7142857142857143,1.0,1.0
FW_TWAS_rep_1,GCA_963779235.1,0.0044125490956698835,X_pr,0.7647058823529411,true,true,peptide_scavenging,medium,dppA;dppB;dppC;dtpT;oppA;oppB;pepA;pepN;pepQ;pepT,"",10,13,0.7647058823529411,1.0,1.0
FW_TWAS_rep_1,GCA_963779235.1,0.0044125490956698835,X_li,0.8333333333333334,true,true,lipolysis,medium,acylglycerol_lipase;esterase;fadD;lipase;lysophospholipase,"",5,6,0.8333333333333334,1.0,1.0
FW_TWAS_rep_1,GCA_963779235.1,0.0044125490956698835,X_su,0.46578461538461546,false,true,entner_doudoroff,partial,adhE;eda;edd;pyk,one_of(ptsG|glcP),4,9,0.6153846153846154,0.8,0.8
FW_TWAS_rep_1,GCA_963779235.1,0.0044125490956698835,X_aa,0.705,false,true,general_amino_acid_catabolism,partial,dppA;dtpT;gdh;ilvE;oppA;tdcB,one_of(pfor),6,7,0.9,0.6666666666666666,1.0
FW_TWAS_rep_1,GCA_963779235.1,0.0044125490956698835,X_fa,1.0,true,true,lcfa_beta_oxidation,high,etfA;etfB;fadA;fadB;fadD;fadE,"",6,6,1.0,1.0,1.0
FW_TWAS_rep_1,GCA_963779235.1,0.0044125490956698835,X_ac_et,1.0,true,true,ethanol_acetate_chain_initiation,high,ackA;acs;adh;adhE;aldh;bcd;crt;etfA;etfB;hbd;pta;thl,"",12,12,1.0,1.0,1.0
FW_TWAS_rep_1,GCA_963779235.1,0.0044125490956698835,X_ac_lac,0.0,false,true,lactate_acetate_chain_initiation,none,ackA;acs;bcd;crt;etfA;etfB;hbd;lctB;lctC;pta;thl,lctD;one_of(pfor),11,13,0.8125,0.75,1.0
FW_TWAS_rep_1,GCA_963779235.1,0.0044125490956698835,X_chain_et,0.0,false,true,ethanol_reverse_beta_oxidation,none,adh;adhE;aldh;bcd;crt;etfA;etfB;hbd;thl,cat,9,10,0.8461538461538461,0.8888888888888888,1.0
FW_TWAS_rep_1,GCA_963779235.1,0.0044125490956698835,X_chain_lac,0.0,false,true,lactate_reverse_beta_oxidation,none,bcd;crt;etfA;etfB;hbd;lctB;lctC;thl,cat;lctD;one_of(pfor),8,11,0.6428571428571429,0.7,0.8888888888888888
FW_TWAS_rep_1,GCA_963779235.1,0.0044125490956698835,X_VFA_deg,0.8421875,false,true,syntrophic_butyrate_oxidation,partial,bcd;crt;etfA;etfB;fdhA;hbd;hydA;thl,one_of(rnfB),8,9,0.9166666666666666,0.875,1.0
FW_TWAS_rep_1,GCA_963779235.1,0.0044125490956698835,X_Me_ac,0.0,false,true,acetoclastic_ack_pta,none,ackA;pta,mcrA;one_of(cdhC|cdhD|cdhE),2,8,0.2222222222222222,0.5,0.4
FW_TWAS_rep_1,GCA_963779235.1,0.0044125490956698835,X_Me_CO2,0.0,false,true,hydrogenotrophic_core,none,fwdA,mcrA;one_of(ftr);one_of(mch);one_of(mtd|mer),1,8,0.1111111111111111,0.2,0.16666666666666666
FW_TWAS_rep_1,GCA_963779235.1,0.0044125490956698835,X_et,1.0,true,true,ethanol_to_acetyl_coa,high,ackA;acs;adh;adhE;aldh;pta,"",6,6,1.0,1.0,1.0
FW_TWAS_rep_1,GCA_963779235.1,0.0044125490956698835,X_lac,0.11097222222222222,false,true,lactate_to_pyruvate,partial,lctB;lctC,lctD;pfor,2,5,0.25,0.3333333333333333,0.6666666666666666
FW_TWAS_rep_1,GCA_005518185.1,0.004024632691654948,X_ch,0.8571428571428571,true,true,starch_utilization,medium,agl;cazy_GH13;susC,"",3,4,0.8571428571428571,1.0,1.0
FW_TWAS_rep_1,GCA_005518185.1,0.004024632691654948,X_pr,0.7272727272727273,true,true,proteolysis_and_peptide_import,medium,dtpT;extracellular_protease;oppA;pepN;pepO,"",5,7,0.7272727272727273,1.0,1.0
FW_TWAS_rep_1,GCA_005518185.1,0.004024632691654948,X_li,0.5833333333333334,true,true,lipolysis,low,acylglycerol_lipase;esterase;fadD;lysophospholipase,"",4,6,0.5833333333333334,1.0,1.0
FW_TWAS_rep_1,GCA_005518185.1,0.004024632691654948,X_su,0.6023076923076923,false,true,entner_doudoroff,partial,adhE;eda;edd;gapA;pyk,one_of(ptsG|glcP),5,9,0.6923076923076923,0.8,1.0
FW_TWAS_rep_1,GCA_005518185.1,0.004024632691654948,X_aa,0.705,false,true,general_amino_acid_catabolism,partial,dppA;dtpT;gdh;ilvE;oppA;tdcB,one_of(pfor),6,7,0.9,0.6666666666666666,1.0
FW_TWAS_rep_1,GCA_005518185.1,0.004024632691654948,X_fa,1.0,true,true,lcfa_beta_oxidation,high,etfA;etfB;fadA;fadB;fadD;fadE,"",6,6,1.0,1.0,1.0
FW_TWAS_rep_1,GCA_005518185.1,0.004024632691654948,X_ac_et,0.9333333333333333,true,true,ethanol_acetate_chain_initiation,high,acs;adh;adhE;aldh;bcd;crt;etfA;etfB;hbd;pta;thl,"",11,12,0.9333333333333333,1.0,1.0
FW_TWAS_rep_1,GCA_005518185.1,0.004024632691654948,X_ac_lac,0.0,false,true,lactate_acetate_chain_initiation,none,acs;bcd;crt;etfA;etfB;hbd;pta;thl,lctD;one_of(lctB|lctC);one_of(pfor),8,13,0.625,0.625,0.8888888888888888
FW_TWAS_rep_1,GCA_005518185.1,0.004024632691654948,X_chain_et,1.0,true,true,ethanol_reverse_beta_oxidation,high,adh;adhE;aldh;bcd;cat;crt;etfA;etfB;hbd;thl,"",10,10,1.0,1.0,1.0
FW_TWAS_rep_1,GCA_005518185.1,0.004024632691654948,X_chain_lac,0.0,false,true,lactate_reverse_beta_oxidation,none,bcd;cat;crt;etfA;etfB;hbd;thl,lctD;one_of(lctB|lctC);one_of(pfor),7,11,0.6428571428571429,0.7,0.7777777777777778
FW_TWAS_rep_1,GCA_005518185.1,0.004024632691654948,X_VFA_deg,0.9285714285714286,true,true,syntrophic_propionate_mmc,high,fdhA;fumB;hydA;mdh;mmcE;mmcF;mmcG;sucC;sucD,"",9,10,0.9285714285714286,1.0,1.0
FW_TWAS_rep_1,GCA_005518185.1,0.004024632691654948,X_Me_ac,0.0,false,true,acetoclastic_ack_pta,none,pta,mcrA;ackA;one_of(cdhC|cdhD|cdhE),1,8,0.1111111111111111,0.25,0.2
FW_TWAS_rep_1,GCA_005518185.1,0.004024632691654948,X_Me_CO2,0.0,false,true,hydrogenotrophic_core,none,mer,mcrA;one_of(fwdA);one_of(ftr);one_of(mch),1,8,0.1111111111111111,0.2,0.16666666666666666
FW_TWAS_rep_1,GCA_005518185.1,0.004024632691654948,X_et,0.9,true,true,ethanol_to_acetyl_coa,high,acs;adh;adhE;aldh;pta,"",5,6,0.9,1.0,1.0
FW_TWAS_rep_1,GCA_005518185.1,0.004024632691654948,X_lac,0.0,false,true,lactate_to_pyruvate,none,"",lctD;pfor;one_of(lctB|lctC|rnfB),0,5,0.0,0.0,0.0
FW_TWAS_rep_1,GCA_048499395.1,0.0037336953886437474,X_ch,0.8571428571428571,true,true,starch_utilization,medium,agl;cazy_GH13;susC,"",3,4,0.8571428571428571,1.0,1.0
FW_TWAS_rep_1,GCA_048499395.1,0.0037336953886437474,X_pr,0.9090909090909091,true,true,proteolysis_and_peptide_import,high,dtpT;endopeptidase;extracellular_protease;oppA;oppB;pepN,"",6,7,0.9090909090909091,1.0,1.0
FW_TWAS_rep_1,GCA_048499395.1,0.0037336953886437474,X_li,0.5833333333333334,true,true,lipolysis,low,acylglycerol_lipase;esterase;fadD;lysophospholipase,"",4,6,0.5833333333333334,1.0,1.0
FW_TWAS_rep_1,GCA_048499395.1,0.0037336953886437474,X_su,0.8461538461538461,true,true,entner_doudoroff,medium,adhE;eda;edd;gapA;glcP;pfor;pyk,"",7,9,0.8461538461538461,1.0,1.0
FW_TWAS_rep_1,GCA_048499395.1,0.0037336953886437474,X_aa,1.0,true,true,general_amino_acid_catabolism,high,dppA;dtpT;gdh;ilvE;oppA;pfor;tdcB,"",7,7,1.0,1.0,1.0
FW_TWAS_rep_1,GCA_048499395.1,0.0037336953886437474,X_fa,1.0,true,true,lcfa_beta_oxidation,high,etfA;etfB;fadA;fadB;fadD;fadE,"",6,6,1.0,1.0,1.0
FW_TWAS_rep_1,GCA_048499395.1,0.0037336953886437474,X_ac_et,1.0,true,true,ethanol_acetate_chain_initiation,high,ackA;acs;adh;adhE;aldh;bcd;crt;etfA;etfB;hbd;pta;thl,"",12,12,1.0,1.0,1.0
FW_TWAS_rep_1,GCA_048499395.1,0.0037336953886437474,X_ac_lac,0.0,false,true,lactate_acetate_chain_initiation,none,ackA;acs;bcd;crt;etfA;etfB;hbd;lctB;lctC;pfor;pta;thl,lctD,12,13,0.875,0.875,1.0
FW_TWAS_rep_1,GCA_048499395.1,0.0037336953886437474,X_chain_et,0.0,false,true,ethanol_reverse_beta_oxidation,none,adh;adhE;aldh;bcd;crt;etfA;etfB;hbd;thl,cat,9,10,0.8461538461538461,0.8888888888888888,1.0
FW_TWAS_rep_1,GCA_048499395.1,0.0037336953886437474,X_chain_lac,0.0,false,true,lactate_reverse_beta_oxidation,none,bcd;crt;etfA;etfB;hbd;lctB;lctC;pfor;thl,cat;lctD,9,11,0.7142857142857143,0.8,1.0
FW_TWAS_rep_1,GCA_048499395.1,0.0037336953886437474,X_VFA_deg,1.0,true,true,syntrophic_propionate_mmc,high,fdhA;fumB;hydA;mdh;mmcE;mmcF;mmcG;pfor;sucC;sucD,"",10,10,1.0,1.0,1.0
FW_TWAS_rep_1,GCA_048499395.1,0.0037336953886437474,X_Me_ac,0.0,false,true,acetoclastic_ack_pta,none,ackA;pta,mcrA;one_of(cdhC|cdhD|cdhE),2,8,0.2222222222222222,0.5,0.4
FW_TWAS_rep_1,GCA_048499395.1,0.0037336953886437474,X_Me_CO2,0.0,false,true,hydrogenotrophic_core,none,fwdA,mcrA;one_of(ftr);one_of(mch);one_of(mtd|mer),1,8,0.1111111111111111,0.2,0.16666666666666666
FW_TWAS_rep_1,GCA_048499395.1,0.0037336953886437474,X_et,1.0,true,true,ethanol_to_acetyl_coa,high,ackA;acs;adh;adhE;aldh;pta,"",6,6,1.0,1.0,1.0
FW_TWAS_rep_1,GCA_048499395.1,0.0037336953886437474,X_lac,0.4895833333333333,false,true,lactate_to_pyruvate,partial,lctB;lctC;pfor;rnfB,lctD,4,5,0.625,0.6666666666666666,1.0
FW_TWAS_rep_1,GCA_044229175.1,0.00353973718663628,X_ch,0.11390625000000001,false,true,xylan_utilization,partial,xylA;xylB,one_of(cazy_GH10|cazy_GH11);one_of(cazy_GH43|cazy_CBM6),2,6,0.25,0.5,0.5
FW_TWAS_rep_1,GCA_044229175.1,0.00353973718663628,X_pr,0.8823529411764706,true,true,peptide_scavenging,medium,dppA;dppB;dppC;dtpT;oppA;oppB;pepA;pepD;pepN;pepO;pepQ;pepT,"",12,13,0.8823529411764706,1.0,1.0
FW_TWAS_rep_1,GCA_044229175.1,0.00353973718663628,X_li,0.8333333333333334,true,true,lipolysis,medium,acylglycerol_lipase;esterase;fadD;lipase;lysophospholipase,"",5,6,0.8333333333333334,1.0,1.0
FW_TWAS_rep_1,GCA_044229175.1,0.00353973718663628,X_su,0.6692307692307693,false,true,entner_doudoroff,partial,adhE;eda;edd;gapA;pfor;pyk,one_of(ptsG|glcP),6,9,0.7692307692307693,0.8,1.0
FW_TWAS_rep_1,GCA_044229175.1,0.00353973718663628,X_aa,1.0,true,true,general_amino_acid_catabolism,high,dppA;dtpT;gdh;ilvE;oppA;pfor;tdcB,"",7,7,1.0,1.0,1.0
FW_TWAS_rep_1,GCA_044229175.1,0.00353973718663628,X_fa,1.0,true,true,lcfa_beta_oxidation,high,etfA;etfB;fadA;fadB;fadD;fadE,"",6,6,1.0,1.0,1.0
FW_TWAS_rep_1,GCA_044229175.1,0.00353973718663628,X_ac_et,0.9333333333333333,true,true,ethanol_acetate_chain_initiation,high,acs;adh;adhE;aldh;bcd;crt;etfA;etfB;hbd;pta;thl,"",11,12,0.9333333333333333,1.0,1.0
FW_TWAS_rep_1,GCA_044229175.1,0.00353973718663628,X_ac_lac,0.0,false,true,lactate_acetate_chain_initiation,none,acs;bcd;crt;etfA;etfB;hbd;lctC;pfor;pta;thl,lctD,10,13,0.75,0.875,1.0
FW_TWAS_rep_1,GCA_044229175.1,0.00353973718663628,X_chain_et,1.0,true,true,ethanol_reverse_beta_oxidation,high,adh;adhE;aldh;bcd;cat;crt;etfA;etfB;hbd;thl,"",10,10,1.0,1.0,1.0
FW_TWAS_rep_1,GCA_044229175.1,0.00353973718663628,X_chain_lac,0.0,false,true,lactate_reverse_beta_oxidation,none,bcd;cat;crt;etfA;etfB;hbd;lctC;pfor;thl,lctD,9,11,0.7857142857142857,0.9,1.0
FW_TWAS_rep_1,GCA_044229175.1,0.00353973718663628,X_VFA_deg,1.0,true,true,syntrophic_butyrate_oxidation,high,bcd;crt;etfA;etfB;fdhA;hbd;hydA;rnfB;thl,"",9,9,1.0,1.0,1.0
FW_TWAS_rep_1,GCA_044229175.1,0.00353973718663628,X_Me_ac,0.0,false,true,acetoclastic_ack_pta,none,pta,mcrA;ackA;one_of(cdhC|cdhD|cdhE),1,8,0.1111111111111111,0.25,0.2
FW_TWAS_rep_1,GCA_044229175.1,0.00353973718663628,X_Me_CO2,0.0,false,true,hydrogenotrophic_core,none,fwdA,mcrA;one_of(ftr);one_of(mch);one_of(mtd|mer),1,8,0.1111111111111111,0.2,0.16666666666666666
FW_TWAS_rep_1,GCA_044229175.1,0.00353973718663628,X_et,0.9,true,true,ethanol_to_acetyl_coa,high,acs;adh;adhE;aldh;pta,"",5,6,0.9,1.0,1.0
FW_TWAS_rep_1,GCA_044229175.1,0.00353973718663628,X_lac,0.39166666666666666,false,true,lactate_to_pyruvate,partial,lctC;pfor;rnfB,lctD,3,5,0.5,0.6666666666666666,1.0
FW_TWAS_rep_1,GCA_937898325.1,0.003491247636134413,X_ch,0.8571428571428571,true,true,starch_utilization,medium,agl;cazy_GH13;susC,"",3,4,0.8571428571428571,1.0,1.0
FW_TWAS_rep_1,GCA_937898325.1,0.003491247636134413,X_pr,0.7647058823529411,true,true,peptide_scavenging,medium,dppA;dppB;dppC;endopeptidase;oppA;oppB;pepA;pepD;pepQ;pepT,"",10,13,0.7647058823529411,1.0,1.0
FW_TWAS_rep_1,GCA_937898325.1,0.003491247636134413,X_li,0.4166666666666667,true,true,lipolysis,low,acylglycerol_lipase;esterase;lysophospholipase,"",3,6,0.4166666666666667,1.0,1.0
FW_TWAS_rep_1,GCA_937898325.1,0.003491247636134413,X_su,0.9090909090909091,true,true,pentose_fermentation,high,adhE;gapA;pfor;pyk;xylA;xylB;xylF,"",7,8,0.9090909090909091,1.0,1.0
FW_TWAS_rep_1,GCA_937898325.1,0.003491247636134413,X_aa,1.0,true,true,glycine_stickland,high,grdA;grdB;oppA;oppB;pfor,"",5,5,1.0,1.0,1.0
FW_TWAS_rep_1,GCA_937898325.1,0.003491247636134413,X_fa,0.2738,false,true,lcfa_beta_oxidation,partial,etfA;fadA;fadB,fadD;fadE,3,6,0.5,0.6,0.6
FW_TWAS_rep_1,GCA_937898325.1,0.003491247636134413,X_ac_et,0.0,false,true,ethanol_acetate_chain_initiation,none,ackA;adh;adhE;crt;etfA;hbd;pta;thl,bcd;etfB,8,12,0.6666666666666666,0.7142857142857143,1.0
FW_TWAS_rep_1,GCA_937898325.1,0.003491247636134413,X_ac_lac,0.0,false,true,lactate_acetate_chain_initiation,none,ackA;crt;etfA;hbd;pfor;pta;thl,bcd;etfB;lctD;one_of(lctB|lctC),7,13,0.5,0.5,0.7777777777777778
FW_TWAS_rep_1,GCA_937898325.1,0.003491247636134413,X_chain_et,0.0,false,true,ethanol_reverse_beta_oxidation,none,adh;adhE;cat;crt;etfA;hbd;thl,bcd;etfB,7,10,0.6923076923076923,0.7777777777777778,0.875
FW_TWAS_rep_1,GCA_937898325.1,0.003491247636134413,X_chain_lac,0.0,false,true,lactate_reverse_beta_oxidation,none,cat;crt;etfA;hbd;pfor;thl,bcd;etfB;lctD;one_of(lctB|lctC),6,11,0.5,0.6,0.6666666666666666
FW_TWAS_rep_1,GCA_937898325.1,0.003491247636134413,X_VFA_deg,0.628125,false,true,syntrophic_butyrate_oxidation,partial,crt;etfA;fdhA;hbd;hydA;rnfB;thl,bcd;etfB,7,9,0.75,0.75,1.0
FW_TWAS_rep_1,GCA_937898325.1,0.003491247636134413,X_Me_ac,0.0,false,true,acetoclastic_ack_pta,none,ackA;cdhC;pta,mcrA,3,8,0.3333333333333333,0.75,0.6
FW_TWAS_rep_1,GCA_937898325.1,0.003491247636134413,X_Me_CO2,0.0,false,true,hydrogenotrophic_core,none,"",mcrA;one_of(fwdA);one_of(ftr);one_of(mch);one_of(mtd|mer),0,8,0.0,0.0,0.0
FW_TWAS_rep_1,GCA_937898325.1,0.003491247636134413,X_et,0.7,true,true,ethanol_to_acetyl_coa,medium,ackA;adh;adhE;pta,"",4,6,0.7,1.0,1.0
FW_TWAS_rep_1,GCA_937898325.1,0.003491247636134413,X_lac,0.23010416666666667,false,true,lactate_to_pyruvate,partial,pfor;rnfB,lctD,2,5,0.375,0.6666666666666666,0.6666666666666666
FW_TWAS_rep_1,GCA_963695105.1,0.003927653590651214,X_ch,0.7142857142857143,true,true,starch_utilization,medium,agl;cazy_GH13,"",2,4,0.7142857142857143,1.0,1.0
FW_TWAS_rep_1,GCA_963695105.1,0.003927653590651214,X_pr,0.6470588235294118,true,true,peptide_scavenging,low,dppA;dppB;dppC;endopeptidase;oppA;oppB;pepA;pepQ,"",8,13,0.6470588235294118,1.0,1.0
FW_TWAS_rep_1,GCA_963695105.1,0.003927653590651214,X_li,0.75,true,true,lipolysis,medium,acylglycerol_lipase;fadD;lipase;lysophospholipase,"",4,6,0.75,1.0,1.0
FW_TWAS_rep_1,GCA_963695105.1,0.003927653590651214,X_su,0.6484848484848486,false,true,hexose_fermentation,partial,adhE;lctD;pfkA;pfor;pgi;ptsG;pyk,gapA,7,9,0.7272727272727273,0.8333333333333334,1.0
FW_TWAS_rep_1,GCA_963695105.1,0.003927653590651214,X_aa,0.7,true,true,general_amino_acid_catabolism,medium,dppA;gdh;oppA;pfor;tdcB,"",5,7,0.7,1.0,1.0
FW_TWAS_rep_1,GCA_963695105.1,0.003927653590651214,X_fa,1.0,true,true,lcfa_beta_oxidation,high,etfA;etfB;fadA;fadB;fadD;fadE,"",6,6,1.0,1.0,1.0
FW_TWAS_rep_1,GCA_963695105.1,0.003927653590651214,X_ac_et,0.9333333333333333,true,true,ethanol_acetate_chain_initiation,high,ackA;acs;adh;adhE;bcd;crt;etfA;etfB;hbd;pta;thl,"",11,12,0.9333333333333333,1.0,1.0
FW_TWAS_rep_1,GCA_963695105.1,0.003927653590651214,X_ac_lac,1.0,true,true,lactate_acetate_chain_initiation,high,ackA;acs;bcd;crt;etfA;etfB;hbd;lctB;lctC;lctD;pfor;pta;thl,"",13,13,1.0,1.0,1.0
FW_TWAS_rep_1,GCA_963695105.1,0.003927653590651214,X_chain_et,0.9230769230769231,true,true,ethanol_reverse_beta_oxidation,high,adh;adhE;bcd;cat;crt;etfA;etfB;hbd;thl,"",9,10,0.9230769230769231,1.0,1.0
FW_TWAS_rep_1,GCA_963695105.1,0.003927653590651214,X_chain_lac,1.0,true,true,lactate_reverse_beta_oxidation,high,bcd;cat;crt;etfA;etfB;hbd;lctB;lctC;lctD;pfor;thl,"",11,11,1.0,1.0,1.0
FW_TWAS_rep_1,GCA_963695105.1,0.003927653590651214,X_VFA_deg,1.0,true,true,syntrophic_propionate_mmc,high,fdhA;fumB;hydA;mdh;mmcE;mmcF;mmcG;pfor;sucC;sucD,"",10,10,1.0,1.0,1.0
FW_TWAS_rep_1,GCA_963695105.1,0.003927653590651214,X_Me_ac,0.0,false,true,acetoclastic_ack_pta,none,ackA;cdhC;pta,mcrA,3,8,0.3333333333333333,0.75,0.6
FW_TWAS_rep_1,GCA_963695105.1,0.003927653590651214,X_Me_CO2,0.0,false,true,hydrogenotrophic_core,none,fwdA,mcrA;one_of(ftr);one_of(mch);one_of(mtd|mer),1,8,0.1111111111111111,0.2,0.16666666666666666
FW_TWAS_rep_1,GCA_963695105.1,0.003927653590651214,X_et,0.8,true,true,ethanol_to_acetyl_coa,medium,ackA;acs;adh;adhE;pta,"",5,6,0.8,1.0,1.0
FW_TWAS_rep_1,GCA_963695105.1,0.003927653590651214,X_lac,1.0,true,true,lactate_to_pyruvate,high,lctB;lctC;lctD;pfor;rnfB,"",5,5,1.0,1.0,1.0
FW_TWAS_rep_1,GCA_044227805.1,0.0030063521311157445,X_ch,1.0,true,true,starch_utilization,high,agl;cazy_GH13;susC;susD,"",4,4,1.0,1.0,1.0
FW_TWAS_rep_1,GCA_044227805.1,0.0030063521311157445,X_pr,1.0,true,true,peptide_scavenging,high,dppA;dppB;dppC;dtpT;endopeptidase;oppA;oppB;pepA;pepD;pepN;pepO;pepQ;pepT,"",13,13,1.0,1.0,1.0
FW_TWAS_rep_1,GCA_044227805.1,0.0030063521311157445,X_li,0.3333333333333333,false,true,lipolysis,partial,fadD;lysophospholipase,"",2,6,0.3333333333333333,1.0,1.0
FW_TWAS_rep_1,GCA_044227805.1,0.0030063521311157445,X_su,0.6484848484848486,false,true,hexose_fermentation,partial,adhE;glcP;lctD;pfkA;pfor;pgi;pyk,gapA,7,9,0.7272727272727273,0.8333333333333334,1.0
FW_TWAS_rep_1,GCA_044227805.1,0.0030063521311157445,X_aa,1.0,true,true,general_amino_acid_catabolism,high,dppA;dtpT;gdh;ilvE;oppA;pfor;tdcB,"",7,7,1.0,1.0,1.0
FW_TWAS_rep_1,GCA_044227805.1,0.0030063521311157445,X_fa,1.0,true,true,lcfa_beta_oxidation,high,etfA;etfB;fadA;fadB;fadD;fadE,"",6,6,1.0,1.0,1.0
FW_TWAS_rep_1,GCA_044227805.1,0.0030063521311157445,X_ac_et,0.8666666666666667,true,true,ethanol_acetate_chain_initiation,medium,acs;adh;adhE;bcd;crt;etfA;etfB;hbd;pta;thl,"",10,12,0.8666666666666667,1.0,1.0
FW_TWAS_rep_1,GCA_044227805.1,0.0030063521311157445,X_ac_lac,0.9375,true,true,lactate_acetate_chain_initiation,high,acs;bcd;crt;etfA;etfB;hbd;lctB;lctC;lctD;pfor;pta;thl,"",12,13,0.9375,1.0,1.0
FW_TWAS_rep_1,GCA_044227805.1,0.0030063521311157445,X_chain_et,0.9230769230769231,true,true,ethanol_reverse_beta_oxidation,high,adh;adhE;bcd;cat;crt;etfA;etfB;hbd;thl,"",9,10,0.9230769230769231,1.0,1.0
FW_TWAS_rep_1,GCA_044227805.1,0.0030063521311157445,X_chain_lac,1.0,true,true,lactate_reverse_beta_oxidation,high,bcd;cat;crt;etfA;etfB;hbd;lctB;lctC;lctD;pfor;thl,"",11,11,1.0,1.0,1.0
FW_TWAS_rep_1,GCA_044227805.1,0.0030063521311157445,X_VFA_deg,1.0,true,true,syntrophic_butyrate_oxidation,high,bcd;crt;etfA;etfB;fdhA;hbd;hydA;rnfB;thl,"",9,9,1.0,1.0,1.0
FW_TWAS_rep_1,GCA_044227805.1,0.0030063521311157445,X_Me_ac,0.0,false,true,acetoclastic_ack_pta,none,pta,mcrA;ackA;one_of(cdhC|cdhD|cdhE),1,8,0.1111111111111111,0.25,0.2
FW_TWAS_rep_1,GCA_044227805.1,0.0030063521311157445,X_Me_CO2,0.0,false,true,hydrogenotrophic_core,none,fwdA,mcrA;one_of(ftr);one_of(mch);one_of(mtd|mer),1,8,0.1111111111111111,0.2,0.16666666666666666
FW_TWAS_rep_1,GCA_044227805.1,0.0030063521311157445,X_et,0.7,true,true,ethanol_to_acetyl_coa,medium,acs;adh;adhE;pta,"",4,6,0.7,1.0,1.0
FW_TWAS_rep_1,GCA_044227805.1,0.0030063521311157445,X_lac,1.0,true,true,lactate_to_pyruvate,high,lctB;lctC;lctD;pfor;rnfB,"",5,5,1.0,1.0,1.0
FW_TWAS_rep_1,GCA_963814475.1,0.002812393929108277,X_ch,0.06508928571428572,false,true,starch_utilization,partial,susC,cazy_GH13,1,4,0.14285714285714285,0.5,0.5
FW_TWAS_rep_1,GCA_963814475.1,0.002812393929108277,X_pr,1.0,true,true,proteolysis_and_peptide_import,high,dtpT;endopeptidase;extracellular_protease;oppA;oppB;pepN;pepO,"",7,7,1.0,1.0,1.0
FW_TWAS_rep_1,GCA_963814475.1,0.002812393929108277,X_li,0.6666666666666666,true,true,lipolysis,low,acylglycerol_lipase;fadD;lysophospholipase;phospholipase,"",4,6,0.6666666666666666,1.0,1.0
FW_TWAS_rep_1,GCA_963814475.1,0.002812393929108277,X_su,0.12426136363636364,false,true,hexose_fermentation,partial,pfkA;pfor;pyk,pgi;gapA;one_of(ptsG|glcP),3,9,0.2727272727272727,0.5,0.5
FW_TWAS_rep_1,GCA_963814475.1,0.002812393929108277,X_aa,0.8,true,true,general_amino_acid_catabolism,medium,dppA;dtpT;gdh;oppA;pfor;tdcB,"",6,7,0.8,1.0,1.0
FW_TWAS_rep_1,GCA_963814475.1,0.002812393929108277,X_fa,1.0,true,true,lcfa_beta_oxidation,high,etfA;etfB;fadA;fadB;fadD;fadE,"",6,6,1.0,1.0,1.0
FW_TWAS_rep_1,GCA_963814475.1,0.002812393929108277,X_ac_et,0.0,false,true,ethanol_acetate_chain_initiation,none,acs;adh;bcd;crt;etfA;etfB;hbd;thl,one_of(adhE|aldh),8,12,0.6666666666666666,0.8571428571428571,1.0
FW_TWAS_rep_1,GCA_963814475.1,0.002812393929108277,X_ac_lac,0.0,false,true,lactate_acetate_chain_initiation,none,acs;bcd;crt;etfA;etfB;hbd;lctB;lctC;pfor;thl,lctD,10,13,0.75,0.875,1.0
FW_TWAS_rep_1,GCA_963814475.1,0.002812393929108277,X_chain_et,0.0,false,true,ethanol_reverse_beta_oxidation,none,adh;bcd;cat;crt;etfA;etfB;hbd;thl,one_of(adhE|aldh),8,10,0.7692307692307693,0.8888888888888888,1.0
FW_TWAS_rep_1,GCA_963814475.1,0.002812393929108277,X_chain_lac,0.0,false,true,lactate_reverse_beta_oxidation,none,bcd;cat;crt;etfA;etfB;hbd;lctB;lctC;pfor;thl,lctD,10,11,0.8571428571428571,0.9,1.0
FW_TWAS_rep_1,GCA_963814475.1,0.002812393929108277,X_VFA_deg,0.7218749999999999,false,true,syntrophic_propionate_mmc,partial,hydA;mdh;mmcE;mmcF;mmcG;pfor;sucC;sucD,one_of(fumB),8,10,0.7857142857142857,0.875,1.0
FW_TWAS_rep_1,GCA_963814475.1,0.002812393929108277,X_Me_ac,0.0,false,true,acetoclastic_acs,none,acs,forbidden(mvhG);mcrA;one_of(cdhC|cdhD|cdhE),1,7,0.2222222222222222,0.3333333333333333,0.25
FW_TWAS_rep_1,GCA_963814475.1,0.002812393929108277,X_Me_CO2,0.0,false,true,hydrogenotrophic_core,none,"",mcrA;one_of(fwdA);one_of(ftr);one_of(mch);one_of(mtd|mer),0,8,0.0,0.0,0.0
FW_TWAS_rep_1,GCA_963814475.1,0.002812393929108277,X_et,0.18408333333333332,false,true,ethanol_to_acetyl_coa,partial,acs;adh,one_of(adhE|aldh),2,6,0.3,0.6666666666666666,0.6666666666666666
FW_TWAS_rep_1,GCA_963814475.1,0.002812393929108277,X_lac,0.39166666666666666,false,true,lactate_to_pyruvate,partial,lctB;lctC;pfor,lctD,3,5,0.5,0.6666666666666666,1.0
FW_TWAS_rep_1,GCA_036839835.1,0.002812393929108277,X_ch,0.040138888888888884,false,true,cellulose_utilization,partial,bgl,one_of(cazy_GH5|cazy_GH9|cazy_GH48);one_of(cazy_CBM3|cazy_GH48),1,5,0.125,0.3333333333333333,0.3333333333333333
FW_TWAS_rep_1,GCA_036839835.1,0.002812393929108277,X_pr,0.3225490196078431,false,true,peptide_scavenging,partial,dppA;oppA;pepD;pepN;pepQ,one_of(oppB|dppB|dppC|dtpT),5,13,0.4117647058823529,0.6666666666666666,1.0
FW_TWAS_rep_1,GCA_036839835.1,0.002812393929108277,X_li,0.0,false,true,lipolysis,none,"",one_of(lipase|lysophospholipase|acylglycerol_lipase|phospholipase);one_of(fadD|esterase),0,6,0.0,0.0,0.0
FW_TWAS_rep_1,GCA_036839835.1,0.002812393929108277,X_su,0.1656818181818182,false,true,hexose_fermentation,partial,gapA;glcP;pyk,pgi;pfkA;one_of(pfor|adhE|lctD),3,9,0.36363636363636365,0.5,0.5
FW_TWAS_rep_1,GCA_036839835.1,0.002812393929108277,X_aa,0.08877777777777779,false,true,general_amino_acid_catabolism,partial,dppA;oppA,one_of(gdh|ilvE|tdcB);one_of(pfor),2,7,0.2,0.3333333333333333,0.6666666666666666
FW_TWAS_rep_1,GCA_036839835.1,0.002812393929108277,X_fa,0.0,false,true,lcfa_beta_oxidation,none,"",fadD;fadE;fadB;fadA;one_of(etfA|etfB),0,6,0.0,0.0,0.0
FW_TWAS_rep_1,GCA_036839835.1,0.002812393929108277,X_ac_et,0.0,false,true,ethanol_acetate_chain_initiation,none,crt,thl;bcd;etfA;etfB;one_of(acs|ackA|pta);one_of(adhE|adh);one_of(adhE|aldh),1,12,0.06666666666666667,0.0,0.125
FW_TWAS_rep_1,GCA_036839835.1,0.002812393929108277,X_ac_lac,0.0,false,true,lactate_acetate_chain_initiation,none,crt,thl;bcd;etfA;etfB;lctD;one_of(acs|ackA|pta);one_of(lctB|lctC);one_of(pfor),1,13,0.0625,0.0,0.1111111111111111
FW_TWAS_rep_1,GCA_036839835.1,0.002812393929108277,X_chain_et,0.0,false,true,ethanol_reverse_beta_oxidation,none,crt,bcd;etfA;etfB;cat;one_of(thl);one_of(hbd);one_of(adhE|adh);one_of(adhE|aldh),1,10,0.07692307692307693,0.1111111111111111,0.125
FW_TWAS_rep_1,GCA_036839835.1,0.002812393929108277,X_chain_lac,0.0,false,true,lactate_reverse_beta_oxidation,none,crt,bcd;etfA;etfB;cat;lctD;one_of(thl);one_of(hbd);one_of(lctB|lctC);one_of(pfor),1,11,0.07142857142857142,0.1,0.1111111111111111
FW_TWAS_rep_1,GCA_036839835.1,0.002812393929108277,X_VFA_deg,0.01591517857142857,false,true,syntrophic_butyrate_oxidation,partial,crt,bcd;etfA;etfB;one_of(thl);one_of(hbd);one_of(hydA|fdhA);one_of(rnfB),1,9,0.08333333333333333,0.125,0.14285714285714285
FW_TWAS_rep_1,GCA_036839835.1,0.002812393929108277,X_Me_ac,0.0,false,true,acetoclastic_ack_pta,none,"",mcrA;ackA;pta;one_of(cdhC|cdhD|cdhE),0,8,0.0,0.0,0.0
FW_TWAS_rep_1,GCA_036839835.1,0.002812393929108277,X_Me_CO2,0.0,false,true,hydrogenotrophic_core,none,"",mcrA;one_of(fwdA);one_of(ftr);one_of(mch);one_of(mtd|mer),0,8,0.0,0.0,0.0
FW_TWAS_rep_1,GCA_036839835.1,0.002812393929108277,X_et,0.0,false,true,ethanol_to_acetyl_coa,none,"",one_of(adhE|adh);one_of(adhE|aldh);one_of(acs|pta|ackA),0,6,0.0,0.0,0.0
FW_TWAS_rep_1,GCA_036839835.1,0.002812393929108277,X_lac,0.0,false,true,lactate_to_pyruvate,none,"",lctD;pfor;one_of(lctB|lctC|rnfB),0,5,0.0,0.0,0.0
FW_TWAS_rep_1,GCA_963748985.1,0.002569946176598943,X_ch,0.7142857142857143,true,true,starch_utilization,medium,agl;cazy_GH13,"",2,4,0.7142857142857143,1.0,1.0
FW_TWAS_rep_1,GCA_963748985.1,0.002569946176598943,X_pr,0.7647058823529411,true,true,peptide_scavenging,medium,dppA;dppB;dppC;dtpT;oppA;oppB;pepA;pepD;pepO;pepQ,"",10,13,0.7647058823529411,1.0,1.0
FW_TWAS_rep_1,GCA_963748985.1,0.002569946176598943,X_li,0.5,true,true,lipolysis,low,acylglycerol_lipase;fadD;lysophospholipase,"",3,6,0.5,1.0,1.0
FW_TWAS_rep_1,GCA_963748985.1,0.002569946176598943,X_su,0.8461538461538461,true,true,entner_doudoroff,medium,adhE;eda;edd;gapA;glcP;pfor;pyk,"",7,9,0.8461538461538461,1.0,1.0
FW_TWAS_rep_1,GCA_963748985.1,0.002569946176598943,X_aa,1.0,true,true,general_amino_acid_catabolism,high,dppA;dtpT;gdh;ilvE;oppA;pfor;tdcB,"",7,7,1.0,1.0,1.0
FW_TWAS_rep_1,GCA_963748985.1,0.002569946176598943,X_fa,0.9,true,true,lcfa_beta_oxidation,high,etfA;fadA;fadB;fadD;fadE,"",5,6,0.9,1.0,1.0
FW_TWAS_rep_1,GCA_963748985.1,0.002569946176598943,X_ac_et,0.0,false,true,ethanol_acetate_chain_initiation,none,acs;adh;adhE;aldh;bcd;crt;etfA;hbd;pta;thl,etfB,10,12,0.8666666666666667,0.8571428571428571,1.0
FW_TWAS_rep_1,GCA_963748985.1,0.002569946176598943,X_ac_lac,0.0,false,true,lactate_acetate_chain_initiation,none,acs;bcd;crt;etfA;hbd;lctB;pfor;pta;thl,etfB;lctD,9,13,0.6875,0.75,1.0
FW_TWAS_rep_1,GCA_963748985.1,0.002569946176598943,X_chain_et,0.0,false,true,ethanol_reverse_beta_oxidation,none,adh;adhE;aldh;bcd;crt;etfA;hbd;thl,etfB;cat,8,10,0.7692307692307693,0.7777777777777778,1.0
FW_TWAS_rep_1,GCA_963748985.1,0.002569946176598943,X_chain_lac,0.0,false,true,lactate_reverse_beta_oxidation,none,bcd;crt;etfA;hbd;lctB;pfor;thl,etfB;cat;lctD,7,11,0.5714285714285714,0.7,0.7777777777777778
FW_TWAS_rep_1,GCA_963748985.1,0.002569946176598943,X_VFA_deg,0.853125,false,true,syntrophic_propionate_mmc,partial,fdhA;fumB;hydA;mdh;mmcE;mmcF;pfor;sucC;sucD,mmcG,9,10,0.9285714285714286,0.875,1.0
FW_TWAS_rep_1,GCA_963748985.1,0.002569946176598943,X_Me_ac,0.0,false,true,acetoclastic_ack_pta,none,cdhC;pta,mcrA;ackA,2,8,0.2222222222222222,0.5,0.4
FW_TWAS_rep_1,GCA_963748985.1,0.002569946176598943,X_Me_CO2,0.0,false,true,hydrogenotrophic_core,none,mer,mcrA;one_of(fwdA);one_of(ftr);one_of(mch),1,8,0.1111111111111111,0.2,0.16666666666666666
FW_TWAS_rep_1,GCA_963748985.1,0.002569946176598943,X_et,0.9,true,true,ethanol_to_acetyl_coa,high,acs;adh;adhE;aldh;pta,"",5,6,0.9,1.0,1.0
FW_TWAS_rep_1,GCA_963748985.1,0.002569946176598943,X_lac,0.39166666666666666,false,true,lactate_to_pyruvate,partial,lctB;pfor;rnfB,lctD,3,5,0.5,0.6666666666666666,1.0
FW_TWAS_rep_1,GCA_964404795.1,0.002279008873587742,X_ch,0.040138888888888884,false,true,cellulose_utilization,partial,bgl,one_of(cazy_GH5|cazy_GH9|cazy_GH48);one_of(cazy_CBM3|cazy_GH48),1,5,0.125,0.3333333333333333,0.3333333333333333
FW_TWAS_rep_1,GCA_964404795.1,0.002279008873587742,X_pr,0.27647058823529413,false,true,peptide_scavenging,partial,dppA;oppA;pepN;pepQ,one_of(oppB|dppB|dppC|dtpT),4,13,0.35294117647058826,0.6666666666666666,1.0
FW_TWAS_rep_1,GCA_964404795.1,0.002279008873587742,X_li,0.0,false,true,lipolysis,none,"",one_of(lipase|lysophospholipase|acylglycerol_lipase|phospholipase);one_of(fadD|esterase),0,6,0.0,0.0,0.0
FW_TWAS_rep_1,GCA_964404795.1,0.002279008873587742,X_su,0.05838383838383838,false,true,hexose_fermentation,partial,gapA;pyk,pgi;pfkA;one_of(ptsG|glcP);one_of(pfor|adhE|lctD),2,9,0.18181818181818182,0.3333333333333333,0.3333333333333333
FW_TWAS_rep_1,GCA_964404795.1,0.002279008873587742,X_aa,0.08877777777777779,false,true,general_amino_acid_catabolism,partial,dppA;oppA,one_of(gdh|ilvE|tdcB);one_of(pfor),2,7,0.2,0.3333333333333333,0.6666666666666666
FW_TWAS_rep_1,GCA_964404795.1,0.002279008873587742,X_fa,0.0,false,true,lcfa_beta_oxidation,none,"",fadD;fadE;fadB;fadA;one_of(etfA|etfB),0,6,0.0,0.0,0.0
FW_TWAS_rep_1,GCA_964404795.1,0.002279008873587742,X_ac_et,0.0,false,true,ethanol_acetate_chain_initiation,none,"",thl;bcd;etfA;etfB;one_of(acs|ackA|pta);one_of(adhE|adh);one_of(adhE|aldh),0,12,0.0,0.0,0.0
FW_TWAS_rep_1,GCA_964404795.1,0.002279008873587742,X_ac_lac,0.0,false,true,lactate_acetate_chain_initiation,none,"",thl;bcd;etfA;etfB;lctD;one_of(acs|ackA|pta);one_of(lctB|lctC);one_of(pfor),0,13,0.0,0.0,0.0
FW_TWAS_rep_1,GCA_964404795.1,0.002279008873587742,X_chain_et,0.0,false,true,ethanol_reverse_beta_oxidation,none,"",bcd;etfA;etfB;cat;one_of(thl);one_of(hbd);one_of(crt);one_of(adhE|adh);one_of(adhE|aldh),0,10,0.0,0.0,0.0
FW_TWAS_rep_1,GCA_964404795.1,0.002279008873587742,X_chain_lac,0.0,false,true,lactate_reverse_beta_oxidation,none,"",bcd;etfA;etfB;cat;lctD;one_of(thl);one_of(hbd);one_of(crt);one_of(lctB|lctC);one_of(pfor),0,11,0.0,0.0,0.0
FW_TWAS_rep_1,GCA_964404795.1,0.002279008873587742,X_VFA_deg,0.0,false,true,syntrophic_propionate_mmc,none,"",mmcE;mmcF;mmcG;sucC;sucD;one_of(fumB);one_of(mdh);one_of(hydA|fdhA),0,10,0.0,0.0,0.0
FW_TWAS_rep_1,GCA_964404795.1,0.002279008873587742,X_Me_ac,0.0,false,true,acetoclastic_ack_pta,none,"",mcrA;ackA;pta;one_of(cdhC|cdhD|cdhE),0,8,0.0,0.0,0.0
FW_TWAS_rep_1,GCA_964404795.1,0.002279008873587742,X_Me_CO2,0.0,false,true,hydrogenotrophic_core,none,"",mcrA;one_of(fwdA);one_of(ftr);one_of(mch);one_of(mtd|mer),0,8,0.0,0.0,0.0
FW_TWAS_rep_1,GCA_964404795.1,0.002279008873587742,X_et,0.0,false,true,ethanol_to_acetyl_coa,none,"",one_of(adhE|adh);one_of(adhE|aldh);one_of(acs|pta|ackA),0,6,0.0,0.0,0.0
FW_TWAS_rep_1,GCA_964404795.1,0.002279008873587742,X_lac,0.0,false,true,lactate_to_pyruvate,none,"",lctD;pfor;one_of(lctB|lctC|rnfB),0,5,0.0,0.0,0.0
FW_TWAS_rep_1,GCA_022843165.1,0.0021335402220821415,X_ch,0.0,false,true,xylan_utilization,none,"",xylA;xylB;one_of(cazy_GH10|cazy_GH11);one_of(cazy_GH43|cazy_CBM6),0,6,0.0,0.0,0.0
FW_TWAS_rep_1,GCA_022843165.1,0.0021335402220821415,X_pr,0.6363636363636364,true,true,proteolysis_and_peptide_import,low,extracellular_protease;oppA;oppB;pepN,"",4,7,0.6363636363636364,1.0,1.0
FW_TWAS_rep_1,GCA_022843165.1,0.0021335402220821415,X_li,0.5,true,true,lipolysis,low,acylglycerol_lipase;fadD;lysophospholipase,"",3,6,0.5,1.0,1.0
FW_TWAS_rep_1,GCA_022843165.1,0.0021335402220821415,X_su,0.8461538461538461,true,true,entner_doudoroff,medium,adhE;eda;edd;gapA;glcP;pfor;pyk,"",7,9,0.8461538461538461,1.0,1.0
FW_TWAS_rep_1,GCA_022843165.1,0.0021335402220821415,X_aa,0.9,true,true,general_amino_acid_catabolism,high,dppA;gdh;ilvE;oppA;pfor;tdcB,"",6,7,0.9,1.0,1.0
FW_TWAS_rep_1,GCA_022843165.1,0.0021335402220821415,X_fa,1.0,true,true,lcfa_beta_oxidation,high,etfA;etfB;fadA;fadB;fadD;fadE,"",6,6,1.0,1.0,1.0
FW_TWAS_rep_1,GCA_022843165.1,0.0021335402220821415,X_ac_et,0.9333333333333333,true,true,ethanol_acetate_chain_initiation,high,acs;adh;adhE;aldh;bcd;crt;etfA;etfB;hbd;pta;thl,"",11,12,0.9333333333333333,1.0,1.0
FW_TWAS_rep_1,GCA_022843165.1,0.0021335402220821415,X_ac_lac,0.0,false,true,lactate_acetate_chain_initiation,none,acs;bcd;crt;etfA;etfB;hbd;lctB;lctC;pfor;pta;thl,lctD,11,13,0.8125,0.875,1.0
FW_TWAS_rep_1,GCA_022843165.1,0.0021335402220821415,X_chain_et,1.0,true,true,ethanol_reverse_beta_oxidation,high,adh;adhE;aldh;bcd;cat;crt;etfA;etfB;hbd;thl,"",10,10,1.0,1.0,1.0
FW_TWAS_rep_1,GCA_022843165.1,0.0021335402220821415,X_chain_lac,0.0,false,true,lactate_reverse_beta_oxidation,none,bcd;cat;crt;etfA;etfB;hbd;lctB;lctC;pfor;thl,lctD,10,11,0.8571428571428571,0.9,1.0
FW_TWAS_rep_1,GCA_022843165.1,0.0021335402220821415,X_VFA_deg,1.0,true,true,syntrophic_propionate_mmc,high,fdhA;fumB;hydA;mdh;mmcE;mmcF;mmcG;pfor;sucC;sucD,"",10,10,1.0,1.0,1.0
FW_TWAS_rep_1,GCA_022843165.1,0.0021335402220821415,X_Me_ac,0.0,false,true,acetoclastic_ack_pta,none,pta,mcrA;ackA;one_of(cdhC|cdhD|cdhE),1,8,0.1111111111111111,0.25,0.2
FW_TWAS_rep_1,GCA_022843165.1,0.0021335402220821415,X_Me_CO2,0.0,false,true,hydrogenotrophic_core,none,fwdA;mer,mcrA;one_of(ftr);one_of(mch),2,8,0.2222222222222222,0.4,0.3333333333333333
FW_TWAS_rep_1,GCA_022843165.1,0.0021335402220821415,X_et,0.9,true,true,ethanol_to_acetyl_coa,high,acs;adh;adhE;aldh;pta,"",5,6,0.9,1.0,1.0
FW_TWAS_rep_1,GCA_022843165.1,0.0021335402220821415,X_lac,0.4895833333333333,false,true,lactate_to_pyruvate,partial,lctB;lctC;pfor;rnfB,lctD,4,5,0.625,0.6666666666666666,1.0
FW_TWAS_rep_1,GCA_903917465.1,0.002036561121078408,X_ch,0.7142857142857143,true,true,starch_utilization,medium,agl;cazy_GH13,"",2,4,0.7142857142857143,1.0,1.0
FW_TWAS_rep_1,GCA_903917465.1,0.002036561121078408,X_pr,0.7058823529411765,true,true,peptide_scavenging,medium,dppA;dppB;dppC;oppA;oppB;pepA;pepD;pepN;pepQ;pepT,"",10,13,0.7058823529411765,1.0,1.0
FW_TWAS_rep_1,GCA_903917465.1,0.002036561121078408,X_li,0.8333333333333334,true,true,lipolysis,medium,acylglycerol_lipase;esterase;fadD;lipase;lysophospholipase,"",5,6,0.8333333333333334,1.0,1.0
FW_TWAS_rep_1,GCA_903917465.1,0.002036561121078408,X_su,1.0,true,true,pentose_fermentation,high,adhE;gapA;lctD;pfor;pyk;xylA;xylB;xylF,"",8,8,1.0,1.0,1.0
FW_TWAS_rep_1,GCA_903917465.1,0.002036561121078408,X_aa,0.9,true,true,general_amino_acid_catabolism,high,dppA;gdh;ilvE;oppA;pfor;tdcB,"",6,7,0.9,1.0,1.0
FW_TWAS_rep_1,GCA_903917465.1,0.002036561121078408,X_fa,1.0,true,true,lcfa_beta_oxidation,high,etfA;etfB;fadA;fadB;fadD;fadE,"",6,6,1.0,1.0,1.0
FW_TWAS_rep_1,GCA_903917465.1,0.002036561121078408,X_ac_et,0.9333333333333333,true,true,ethanol_acetate_chain_initiation,high,acs;adh;adhE;aldh;bcd;crt;etfA;etfB;hbd;pta;thl,"",11,12,0.9333333333333333,1.0,1.0
FW_TWAS_rep_1,GCA_903917465.1,0.002036561121078408,X_ac_lac,0.9375,true,true,lactate_acetate_chain_initiation,high,acs;bcd;crt;etfA;etfB;hbd;lctB;lctC;lctD;pfor;pta;thl,"",12,13,0.9375,1.0,1.0
FW_TWAS_rep_1,GCA_903917465.1,0.002036561121078408,X_chain_et,1.0,true,true,ethanol_reverse_beta_oxidation,high,adh;adhE;aldh;bcd;cat;crt;etfA;etfB;hbd;thl,"",10,10,1.0,1.0,1.0
FW_TWAS_rep_1,GCA_903917465.1,0.002036561121078408,X_chain_lac,1.0,true,true,lactate_reverse_beta_oxidation,high,bcd;cat;crt;etfA;etfB;hbd;lctB;lctC;lctD;pfor;thl,"",11,11,1.0,1.0,1.0
FW_TWAS_rep_1,GCA_903917465.1,0.002036561121078408,X_VFA_deg,1.0,true,true,syntrophic_propionate_mmc,high,fdhA;fumB;hydA;mdh;mmcE;mmcF;mmcG;pfor;sucC;sucD,"",10,10,1.0,1.0,1.0
FW_TWAS_rep_1,GCA_903917465.1,0.002036561121078408,X_Me_ac,0.0,false,true,acetoclastic_ack_pta,none,cdhC;cdhD;pta,mcrA;ackA,3,8,0.3333333333333333,0.5,0.6
FW_TWAS_rep_1,GCA_903917465.1,0.002036561121078408,X_Me_CO2,0.0,false,true,hydrogenotrophic_core,none,fwdA;mer,mcrA;one_of(ftr);one_of(mch),2,8,0.2222222222222222,0.4,0.3333333333333333
FW_TWAS_rep_1,GCA_903917465.1,0.002036561121078408,X_et,0.9,true,true,ethanol_to_acetyl_coa,high,acs;adh;adhE;aldh;pta,"",5,6,0.9,1.0,1.0
FW_TWAS_rep_1,GCA_903917465.1,0.002036561121078408,X_lac,1.0,true,true,lactate_to_pyruvate,high,lctB;lctC;lctD;pfor;rnfB,"",5,5,1.0,1.0,1.0
FW_TWAS_rep_1,GCF_049943315.1,0.0019880715705765406,X_ch,0.8571428571428571,true,true,starch_utilization,medium,agl;cazy_GH13;susC,"",3,4,0.8571428571428571,1.0,1.0
FW_TWAS_rep_1,GCF_049943315.1,0.0019880715705765406,X_pr,0.9411764705882353,true,true,peptide_scavenging,high,dppA;dppB;dppC;dtpT;endopeptidase;oppA;oppB;pepA;pepD;pepN;pepQ;pepT,"",12,13,0.9411764705882353,1.0,1.0
FW_TWAS_rep_1,GCF_049943315.1,0.0019880715705765406,X_li,0.75,true,true,lipolysis,medium,acylglycerol_lipase;esterase;fadD;lysophospholipase;phospholipase,"",5,6,0.75,1.0,1.0
FW_TWAS_rep_1,GCF_049943315.1,0.0019880715705765406,X_su,0.9230769230769231,true,true,entner_doudoroff,high,adhE;eda;edd;gapA;glcP;pfor;ptsG;pyk,"",8,9,0.9230769230769231,1.0,1.0
FW_TWAS_rep_1,GCF_049943315.1,0.0019880715705765406,X_aa,1.0,true,true,general_amino_acid_catabolism,high,dppA;dtpT;gdh;ilvE;oppA;pfor;tdcB,"",7,7,1.0,1.0,1.0
FW_TWAS_rep_1,GCF_049943315.1,0.0019880715705765406,X_fa,0.9,true,true,lcfa_beta_oxidation,high,etfA;fadA;fadB;fadD;fadE,"",5,6,0.9,1.0,1.0
FW_TWAS_rep_1,GCF_049943315.1,0.0019880715705765406,X_ac_et,0.0,false,true,ethanol_acetate_chain_initiation,none,ackA;acs;adh;adhE;aldh;bcd;crt;etfA;hbd;pta;thl,etfB,11,12,0.9333333333333333,0.8571428571428571,1.0
FW_TWAS_rep_1,GCF_049943315.1,0.0019880715705765406,X_ac_lac,0.0,false,true,lactate_acetate_chain_initiation,none,ackA;acs;bcd;crt;etfA;hbd;pfor;pta;thl,etfB;lctD;one_of(lctB|lctC),9,13,0.6875,0.625,1.0
FW_TWAS_rep_1,GCF_049943315.1,0.0019880715705765406,X_chain_et,0.0,false,true,ethanol_reverse_beta_oxidation,none,adh;adhE;aldh;bcd;cat;crt;etfA;hbd;thl,etfB,9,10,0.9230769230769231,0.8888888888888888,1.0
FW_TWAS_rep_1,GCF_049943315.1,0.0019880715705765406,X_chain_lac,0.0,false,true,lactate_reverse_beta_oxidation,none,bcd;cat;crt;etfA;hbd;pfor;thl,etfB;lctD;one_of(lctB|lctC),7,11,0.6428571428571429,0.7,0.7777777777777778
FW_TWAS_rep_1,GCF_049943315.1,0.0019880715705765406,X_VFA_deg,0.8421875,false,true,syntrophic_butyrate_oxidation,partial,bcd;crt;etfA;fdhA;hbd;hydA;rnfB;thl,etfB,8,9,0.9166666666666666,0.875,1.0
FW_TWAS_rep_1,GCF_049943315.1,0.0019880715705765406,X_Me_ac,0.0,false,true,acetoclastic_ack_pta,none,ackA;pta,mcrA;one_of(cdhC|cdhD|cdhE),2,8,0.2222222222222222,0.5,0.4
FW_TWAS_rep_1,GCF_049943315.1,0.0019880715705765406,X_Me_CO2,0.0,false,true,hydrogenotrophic_core,none,mer,mcrA;one_of(fwdA);one_of(ftr);one_of(mch),1,8,0.1111111111111111,0.2,0.16666666666666666
FW_TWAS_rep_1,GCF_049943315.1,0.0019880715705765406,X_et,1.0,true,true,ethanol_to_acetyl_coa,high,ackA;acs;adh;adhE;aldh;pta,"",6,6,1.0,1.0,1.0
FW_TWAS_rep_1,GCF_049943315.1,0.0019880715705765406,X_lac,0.23010416666666667,false,true,lactate_to_pyruvate,partial,pfor;rnfB,lctD,2,5,0.375,0.6666666666666666,0.6666666666666666
FW_TWAS_rep_1,GCF_003115115.2,0.001939582020074674,X_ch,0.8571428571428571,true,true,starch_utilization,medium,agl;cazy_GH13;susC,"",3,4,0.8571428571428571,1.0,1.0
FW_TWAS_rep_1,GCF_003115115.2,0.001939582020074674,X_pr,0.9411764705882353,true,true,peptide_scavenging,high,dppA;dppB;dppC;dtpT;endopeptidase;oppA;oppB;pepA;pepD;pepN;pepQ;pepT,"",12,13,0.9411764705882353,1.0,1.0
FW_TWAS_rep_1,GCF_003115115.2,0.001939582020074674,X_li,0.75,true,true,lipolysis,medium,acylglycerol_lipase;esterase;fadD;lysophospholipase;phospholipase,"",5,6,0.75,1.0,1.0
FW_TWAS_rep_1,GCF_003115115.2,0.001939582020074674,X_su,0.9230769230769231,true,true,entner_doudoroff,high,adhE;eda;edd;gapA;glcP;pfor;ptsG;pyk,"",8,9,0.9230769230769231,1.0,1.0
FW_TWAS_rep_1,GCF_003115115.2,0.001939582020074674,X_aa,1.0,true,true,general_amino_acid_catabolism,high,dppA;dtpT;gdh;ilvE;oppA;pfor;tdcB,"",7,7,1.0,1.0,1.0
FW_TWAS_rep_1,GCF_003115115.2,0.001939582020074674,X_fa,0.9,true,true,lcfa_beta_oxidation,high,etfA;fadA;fadB;fadD;fadE,"",5,6,0.9,1.0,1.0
FW_TWAS_rep_1,GCF_003115115.2,0.001939582020074674,X_ac_et,0.0,false,true,ethanol_acetate_chain_initiation,none,ackA;acs;adh;adhE;aldh;bcd;crt;etfA;hbd;pta;thl,etfB,11,12,0.9333333333333333,0.8571428571428571,1.0
FW_TWAS_rep_1,GCF_003115115.2,0.001939582020074674,X_ac_lac,0.0,false,true,lactate_acetate_chain_initiation,none,ackA;acs;bcd;crt;etfA;hbd;pfor;pta;thl,etfB;lctD;one_of(lctB|lctC),9,13,0.6875,0.625,1.0
FW_TWAS_rep_1,GCF_003115115.2,0.001939582020074674,X_chain_et,0.0,false,true,ethanol_reverse_beta_oxidation,none,adh;adhE;aldh;bcd;cat;crt;etfA;hbd;thl,etfB,9,10,0.9230769230769231,0.8888888888888888,1.0
FW_TWAS_rep_1,GCF_003115115.2,0.001939582020074674,X_chain_lac,0.0,false,true,lactate_reverse_beta_oxidation,none,bcd;cat;crt;etfA;hbd;pfor;thl,etfB;lctD;one_of(lctB|lctC),7,11,0.6428571428571429,0.7,0.7777777777777778
FW_TWAS_rep_1,GCF_003115115.2,0.001939582020074674,X_VFA_deg,0.8421875,false,true,syntrophic_butyrate_oxidation,partial,bcd;crt;etfA;fdhA;hbd;hydA;rnfB;thl,etfB,8,9,0.9166666666666666,0.875,1.0
FW_TWAS_rep_1,GCF_003115115.2,0.001939582020074674,X_Me_ac,0.0,false,true,acetoclastic_ack_pta,none,ackA;pta,mcrA;one_of(cdhC|cdhD|cdhE),2,8,0.2222222222222222,0.5,0.4
FW_TWAS_rep_1,GCF_003115115.2,0.001939582020074674,X_Me_CO2,0.0,false,true,hydrogenotrophic_core,none,mer,mcrA;one_of(fwdA);one_of(ftr);one_of(mch),1,8,0.1111111111111111,0.2,0.16666666666666666
FW_TWAS_rep_1,GCF_003115115.2,0.001939582020074674,X_et,1.0,true,true,ethanol_to_acetyl_coa,high,ackA;acs;adh;adhE;aldh;pta,"",6,6,1.0,1.0,1.0
FW_TWAS_rep_1,GCF_003115115.2,0.001939582020074674,X_lac,0.23010416666666667,false,true,lactate_to_pyruvate,partial,pfor;rnfB,lctD,2,5,0.375,0.6666666666666666,0.6666666666666666
FW_TWAS_rep_1,GCA_018604165.1,0.0018426029190709403,X_ch,0.08027777777777777,false,true,cellulose_utilization,partial,cazy_GH5,bgl;one_of(cazy_CBM3|cazy_GH48),1,5,0.25,0.3333333333333333,0.3333333333333333
FW_TWAS_rep_1,GCA_018604165.1,0.0018426029190709403,X_pr,1.0,true,true,proteolysis_and_peptide_import,high,dtpT;endopeptidase;extracellular_protease;oppA;oppB;pepN;pepO,"",7,7,1.0,1.0,1.0
FW_TWAS_rep_1,GCA_018604165.1,0.0018426029190709403,X_li,0.3333333333333333,false,true,lipolysis,partial,acylglycerol_lipase;fadD,"",2,6,0.3333333333333333,1.0,1.0
FW_TWAS_rep_1,GCA_018604165.1,0.0018426029190709403,X_su,0.22313131313131312,false,true,hexose_fermentation,partial,gapA;lctD;pfkA;pyk,pgi;one_of(ptsG|glcP),4,9,0.36363636363636365,0.6666666666666666,0.6666666666666666
FW_TWAS_rep_1,GCA_018604165.1,0.0018426029190709403,X_aa,0.5483333333333333,false,true,general_amino_acid_catabolism,partial,dppA;dtpT;gdh;ilvE;oppA,one_of(pfor),5,7,0.7,0.6666666666666666,1.0
FW_TWAS_rep_1,GCA_018604165.1,0.0018426029190709403,X_fa,1.0,true,true,lcfa_beta_oxidation,high,etfA;etfB;fadA;fadB;fadD;fadE,"",6,6,1.0,1.0,1.0
FW_TWAS_rep_1,GCA_018604165.1,0.0018426029190709403,X_ac_et,0.0,false,true,ethanol_acetate_chain_initiation,none,acs;adh;bcd;crt;etfA;etfB;hbd;pta;thl,one_of(adhE|aldh),9,12,0.7333333333333333,0.8571428571428571,1.0
FW_TWAS_rep_1,GCA_018604165.1,0.0018426029190709403,X_ac_lac,0.0,false,true,lactate_acetate_chain_initiation,none,acs;bcd;crt;etfA;etfB;hbd;lctB;lctC;lctD;pta;thl,one_of(pfor),11,13,0.875,0.875,1.0
FW_TWAS_rep_1,GCA_018604165.1,0.0018426029190709403,X_chain_et,0.0,false,true,ethanol_reverse_beta_oxidation,none,adh;bcd;cat;crt;etfA;etfB;hbd;thl,one_of(adhE|aldh),8,10,0.7692307692307693,0.8888888888888888,1.0
FW_TWAS_rep_1,GCA_018604165.1,0.0018426029190709403,X_chain_lac,0.0,false,true,lactate_reverse_beta_oxidation,none,bcd;cat;crt;etfA;etfB;hbd;lctB;lctC;lctD;thl,one_of(pfor),10,11,0.9285714285714286,0.9,1.0
FW_TWAS_rep_1,GCA_018604165.1,0.0018426029190709403,X_VFA_deg,0.8421875,false,true,syntrophic_butyrate_oxidation,partial,bcd;crt;etfA;etfB;fdhA;hbd;hydA;thl,one_of(rnfB),8,9,0.9166666666666666,0.875,1.0
FW_TWAS_rep_1,GCA_018604165.1,0.0018426029190709403,X_Me_ac,0.0,false,true,acetoclastic_ack_pta,none,pta,mcrA;ackA;one_of(cdhC|cdhD|cdhE),1,8,0.1111111111111111,0.25,0.2
FW_TWAS_rep_1,GCA_018604165.1,0.0018426029190709403,X_Me_CO2,0.0,false,true,hydrogenotrophic_core,none,"",mcrA;one_of(fwdA);one_of(ftr);one_of(mch);one_of(mtd|mer),0,8,0.0,0.0,0.0
FW_TWAS_rep_1,GCA_018604165.1,0.0018426029190709403,X_et,0.31333333333333335,false,true,ethanol_to_acetyl_coa,partial,acs;adh;pta,one_of(adhE|aldh),3,6,0.4,0.6666666666666666,1.0
FW_TWAS_rep_1,GCA_018604165.1,0.0018426029190709403,X_lac,0.4895833333333333,false,true,lactate_to_pyruvate,partial,lctB;lctC;lctD,pfor,3,5,0.625,0.6666666666666666,1.0
FW_TWAS_rep_1,GCF_030238425.1,0.0018426029190709403,X_ch,0.8571428571428571,true,true,starch_utilization,medium,agl;cazy_GH13;susC,"",3,4,0.8571428571428571,1.0,1.0
FW_TWAS_rep_1,GCF_030238425.1,0.0018426029190709403,X_pr,0.9411764705882353,true,true,peptide_scavenging,high,dppA;dppB;dppC;dtpT;endopeptidase;oppA;oppB;pepA;pepD;pepN;pepQ;pepT,"",12,13,0.9411764705882353,1.0,1.0
FW_TWAS_rep_1,GCF_030238425.1,0.0018426029190709403,X_li,0.6666666666666666,true,true,lipolysis,low,acylglycerol_lipase;fadD;lysophospholipase;phospholipase,"",4,6,0.6666666666666666,1.0,1.0
FW_TWAS_rep_1,GCF_030238425.1,0.0018426029190709403,X_su,1.0,true,true,hexose_fermentation,high,adhE;gapA;glcP;lctD;pfkA;pfor;pgi;ptsG;pyk,"",9,9,1.0,1.0,1.0
FW_TWAS_rep_1,GCF_030238425.1,0.0018426029190709403,X_aa,1.0,true,true,general_amino_acid_catabolism,high,dppA;dtpT;gdh;ilvE;oppA;pfor;tdcB,"",7,7,1.0,1.0,1.0
FW_TWAS_rep_1,GCF_030238425.1,0.0018426029190709403,X_fa,0.9,true,true,lcfa_beta_oxidation,high,etfA;fadA;fadB;fadD;fadE,"",5,6,0.9,1.0,1.0
FW_TWAS_rep_1,GCF_030238425.1,0.0018426029190709403,X_ac_et,0.0,false,true,ethanol_acetate_chain_initiation,none,ackA;acs;adh;adhE;aldh;bcd;crt;etfA;hbd;pta;thl,etfB,11,12,0.9333333333333333,0.8571428571428571,1.0
FW_TWAS_rep_1,GCF_030238425.1,0.0018426029190709403,X_ac_lac,0.0,false,true,lactate_acetate_chain_initiation,none,ackA;acs;bcd;crt;etfA;hbd;lctB;lctC;lctD;pfor;pta;thl,etfB,12,13,0.9375,0.875,1.0
FW_TWAS_rep_1,GCF_030238425.1,0.0018426029190709403,X_chain_et,0.0,false,true,ethanol_reverse_beta_oxidation,none,adh;adhE;aldh;bcd;cat;crt;etfA;hbd;thl,etfB,9,10,0.9230769230769231,0.8888888888888888,1.0
FW_TWAS_rep_1,GCF_030238425.1,0.0018426029190709403,X_chain_lac,0.0,false,true,lactate_reverse_beta_oxidation,none,bcd;cat;crt;etfA;hbd;lctB;lctC;lctD;pfor;thl,etfB,10,11,0.9285714285714286,0.9,1.0
FW_TWAS_rep_1,GCF_030238425.1,0.0018426029190709403,X_VFA_deg,0.8421875,false,true,syntrophic_butyrate_oxidation,partial,bcd;crt;etfA;fdhA;hbd;hydA;rnfB;thl,etfB,8,9,0.9166666666666666,0.875,1.0
FW_TWAS_rep_1,GCF_030238425.1,0.0018426029190709403,X_Me_ac,0.0,false,true,acetoclastic_ack_pta,none,ackA;pta,mcrA;one_of(cdhC|cdhD|cdhE),2,8,0.2222222222222222,0.5,0.4
FW_TWAS_rep_1,GCF_030238425.1,0.0018426029190709403,X_Me_CO2,0.0,false,true,hydrogenotrophic_core,none,mer,mcrA;one_of(fwdA);one_of(ftr);one_of(mch),1,8,0.1111111111111111,0.2,0.16666666666666666
FW_TWAS_rep_1,GCF_030238425.1,0.0018426029190709403,X_et,1.0,true,true,ethanol_to_acetyl_coa,high,ackA;acs;adh;adhE;aldh;pta,"",6,6,1.0,1.0,1.0
FW_TWAS_rep_1,GCF_030238425.1,0.0018426029190709403,X_lac,1.0,true,true,lactate_to_pyruvate,high,lctB;lctC;lctD;pfor;rnfB,"",5,5,1.0,1.0,1.0
FW_TWAS_rep_1,GCA_963784415.1,0.0018426029190709403,X_ch,0.7142857142857143,true,true,starch_utilization,medium,agl;cazy_GH13,"",2,4,0.7142857142857143,1.0,1.0
FW_TWAS_rep_1,GCA_963784415.1,0.0018426029190709403,X_pr,1.0,true,true,proteolysis_and_peptide_import,high,dtpT;endopeptidase;extracellular_protease;oppA;oppB;pepN;pepO,"",7,7,1.0,1.0,1.0
FW_TWAS_rep_1,GCA_963784415.1,0.0018426029190709403,X_li,0.5833333333333334,true,true,lipolysis,low,acylglycerol_lipase;esterase;fadD;lysophospholipase,"",4,6,0.5833333333333334,1.0,1.0
FW_TWAS_rep_1,GCA_963784415.1,0.0018426029190709403,X_su,0.3961846153846154,false,true,entner_doudoroff,partial,eda;edd;gapA;pyk,one_of(ptsG|glcP);one_of(pfor|adhE|lctD),4,9,0.6153846153846154,0.6,0.8
FW_TWAS_rep_1,GCA_963784415.1,0.0018426029190709403,X_aa,0.705,false,true,general_amino_acid_catabolism,partial,dppA;dtpT;gdh;ilvE;oppA;tdcB,one_of(pfor),6,7,0.9,0.6666666666666666,1.0
FW_TWAS_rep_1,GCA_963784415.1,0.0018426029190709403,X_fa,1.0,true,true,lcfa_beta_oxidation,high,etfA;etfB;fadA;fadB;fadD;fadE,"",6,6,1.0,1.0,1.0
FW_TWAS_rep_1,GCA_963784415.1,0.0018426029190709403,X_ac_et,0.7333333333333333,true,true,ethanol_acetate_chain_initiation,medium,acs;adh;aldh;bcd;crt;etfA;etfB;hbd;thl,"",9,12,0.7333333333333333,1.0,1.0
FW_TWAS_rep_1,GCA_963784415.1,0.0018426029190709403,X_ac_lac,0.0,false,true,lactate_acetate_chain_initiation,none,acs;bcd;crt;etfA;etfB;hbd;thl,lctD;one_of(lctB|lctC);one_of(pfor),7,13,0.5625,0.625,0.7777777777777778
FW_TWAS_rep_1,GCA_963784415.1,0.0018426029190709403,X_chain_et,0.8461538461538461,true,true,ethanol_reverse_beta_oxidation,medium,adh;aldh;bcd;cat;crt;etfA;etfB;hbd;thl,"",9,10,0.8461538461538461,1.0,1.0
FW_TWAS_rep_1,GCA_963784415.1,0.0018426029190709403,X_chain_lac,0.0,false,true,lactate_reverse_beta_oxidation,none,bcd;cat;crt;etfA;etfB;hbd;thl,lctD;one_of(lctB|lctC);one_of(pfor),7,11,0.6428571428571429,0.7,0.7777777777777778
FW_TWAS_rep_1,GCA_963784415.1,0.0018426029190709403,X_VFA_deg,0.8421875,false,true,syntrophic_butyrate_oxidation,partial,bcd;crt;etfA;etfB;fdhA;hbd;hydA;thl,one_of(rnfB),8,9,0.9166666666666666,0.875,1.0
FW_TWAS_rep_1,GCA_963784415.1,0.0018426029190709403,X_Me_ac,0.0,false,true,acetoclastic_acs,none,acs,mcrA;one_of(cdhC|cdhD|cdhE),1,7,0.2222222222222222,0.3333333333333333,0.25
FW_TWAS_rep_1,GCA_963784415.1,0.0018426029190709403,X_Me_CO2,0.0,false,true,hydrogenotrophic_core,none,mer,mcrA;one_of(fwdA);one_of(ftr);one_of(mch),1,8,0.1111111111111111,0.2,0.16666666666666666
FW_TWAS_rep_1,GCA_963784415.1,0.0018426029190709403,X_et,0.5,true,true,ethanol_to_acetyl_coa,low,acs;adh;aldh,"",3,6,0.5,1.0,1.0
FW_TWAS_rep_1,GCA_963784415.1,0.0018426029190709403,X_lac,0.0,false,true,lactate_to_pyruvate,none,"",lctD;pfor;one_of(lctB|lctC|rnfB),0,5,0.0,0.0,0.0
FW_TWAS_rep_1,GCA_048500275.1,0.0014546865150560054,X_ch,0.8571428571428571,true,true,starch_utilization,medium,agl;cazy_GH13;susC,"",3,4,0.8571428571428571,1.0,1.0
FW_TWAS_rep_1,GCA_048500275.1,0.0014546865150560054,X_pr,0.8823529411764706,true,true,peptide_scavenging,medium,dppA;dppB;dppC;dtpT;oppA;oppB;pepA;pepD;pepN;pepO;pepQ;pepT,"",12,13,0.8823529411764706,1.0,1.0
FW_TWAS_rep_1,GCA_048500275.1,0.0014546865150560054,X_li,0.5833333333333334,true,true,lipolysis,low,acylglycerol_lipase;esterase;fadD;lysophospholipase,"",4,6,0.5833333333333334,1.0,1.0
FW_TWAS_rep_1,GCA_048500275.1,0.0014546865150560054,X_su,0.7272727272727273,true,true,hexose_fermentation,medium,adhE;gapA;pfkA;pfor;pgi;ptsG;pyk,"",7,9,0.7272727272727273,1.0,1.0
FW_TWAS_rep_1,GCA_048500275.1,0.0014546865150560054,X_aa,1.0,true,true,general_amino_acid_catabolism,high,dppA;dtpT;gdh;ilvE;oppA;pfor;tdcB,"",7,7,1.0,1.0,1.0
FW_TWAS_rep_1,GCA_048500275.1,0.0014546865150560054,X_fa,1.0,true,true,lcfa_beta_oxidation,high,etfA;etfB;fadA;fadB;fadD;fadE,"",6,6,1.0,1.0,1.0
FW_TWAS_rep_1,GCA_048500275.1,0.0014546865150560054,X_ac_et,1.0,true,true,ethanol_acetate_chain_initiation,high,ackA;acs;adh;adhE;aldh;bcd;crt;etfA;etfB;hbd;pta;thl,"",12,12,1.0,1.0,1.0
FW_TWAS_rep_1,GCA_048500275.1,0.0014546865150560054,X_ac_lac,0.0,false,true,lactate_acetate_chain_initiation,none,ackA;acs;bcd;crt;etfA;etfB;hbd;lctB;pfor;pta;thl,lctD,11,13,0.8125,0.875,1.0
FW_TWAS_rep_1,GCA_048500275.1,0.0014546865150560054,X_chain_et,1.0,true,true,ethanol_reverse_beta_oxidation,high,adh;adhE;aldh;bcd;cat;crt;etfA;etfB;hbd;thl,"",10,10,1.0,1.0,1.0
FW_TWAS_rep_1,GCA_048500275.1,0.0014546865150560054,X_chain_lac,0.0,false,true,lactate_reverse_beta_oxidation,none,bcd;cat;crt;etfA;etfB;hbd;lctB;pfor;thl,lctD,9,11,0.7857142857142857,0.9,1.0
FW_TWAS_rep_1,GCA_048500275.1,0.0014546865150560054,X_VFA_deg,1.0,true,true,syntrophic_propionate_mmc,high,fdhA;fumB;hydA;mdh;mmcE;mmcF;mmcG;pfor;sucC;sucD,"",10,10,1.0,1.0,1.0
FW_TWAS_rep_1,GCA_048500275.1,0.0014546865150560054,X_Me_ac,0.0,false,true,acetoclastic_ack_pta,none,ackA;pta,mcrA;one_of(cdhC|cdhD|cdhE),2,8,0.2222222222222222,0.5,0.4
FW_TWAS_rep_1,GCA_048500275.1,0.0014546865150560054,X_Me_CO2,0.0,false,true,hydrogenotrophic_core,none,fwdA,mcrA;one_of(ftr);one_of(mch);one_of(mtd|mer),1,8,0.1111111111111111,0.2,0.16666666666666666
FW_TWAS_rep_1,GCA_048500275.1,0.0014546865150560054,X_et,1.0,true,true,ethanol_to_acetyl_coa,high,ackA;acs;adh;adhE;aldh;pta,"",6,6,1.0,1.0,1.0
FW_TWAS_rep_1,GCA_048500275.1,0.0014546865150560054,X_lac,0.39166666666666666,false,true,lactate_to_pyruvate,partial,lctB;pfor;rnfB,lctD,3,5,0.5,0.6666666666666666,1.0
FW_TWAS_rep_1,GCA_044223005.1,0.0009213014595354701,X_ch,0.8571428571428571,true,true,starch_utilization,medium,agl;cazy_GH13;susC,"",3,4,0.8571428571428571,1.0,1.0
FW_TWAS_rep_1,GCA_044223005.1,0.0009213014595354701,X_pr,0.8823529411764706,true,true,peptide_scavenging,medium,dppA;dppB;dppC;dtpT;oppA;oppB;pepA;pepD;pepN;pepO;pepQ;pepT,"",12,13,0.8823529411764706,1.0,1.0
FW_TWAS_rep_1,GCA_044223005.1,0.0009213014595354701,X_li,0.5,true,true,lipolysis,low,acylglycerol_lipase;fadD;lysophospholipase,"",3,6,0.5,1.0,1.0
FW_TWAS_rep_1,GCA_044223005.1,0.0009213014595354701,X_su,0.48636363636363633,false,true,hexose_fermentation,partial,adhE;gapA;pfkA;pfor;pgi;pyk,one_of(ptsG|glcP),6,9,0.5454545454545454,0.8333333333333334,1.0
FW_TWAS_rep_1,GCA_044223005.1,0.0009213014595354701,X_aa,1.0,true,true,general_amino_acid_catabolism,high,dppA;dtpT;gdh;ilvE;oppA;pfor;tdcB,"",7,7,1.0,1.0,1.0
FW_TWAS_rep_1,GCA_044223005.1,0.0009213014595354701,X_fa,1.0,true,true,lcfa_beta_oxidation,high,etfA;etfB;fadA;fadB;fadD;fadE,"",6,6,1.0,1.0,1.0
FW_TWAS_rep_1,GCA_044223005.1,0.0009213014595354701,X_ac_et,1.0,true,true,ethanol_acetate_chain_initiation,high,ackA;acs;adh;adhE;aldh;bcd;crt;etfA;etfB;hbd;pta;thl,"",12,12,1.0,1.0,1.0
FW_TWAS_rep_1,GCA_044223005.1,0.0009213014595354701,X_ac_lac,0.0,false,true,lactate_acetate_chain_initiation,none,ackA;acs;bcd;crt;etfA;etfB;hbd;lctB;lctC;pfor;pta;thl,lctD,12,13,0.875,0.875,1.0
FW_TWAS_rep_1,GCA_044223005.1,0.0009213014595354701,X_chain_et,0.0,false,true,ethanol_reverse_beta_oxidation,none,adh;adhE;aldh;bcd;crt;etfA;etfB;hbd;thl,cat,9,10,0.8461538461538461,0.8888888888888888,1.0
FW_TWAS_rep_1,GCA_044223005.1,0.0009213014595354701,X_chain_lac,0.0,false,true,lactate_reverse_beta_oxidation,none,bcd;crt;etfA;etfB;hbd;lctB;lctC;pfor;thl,cat;lctD,9,11,0.7142857142857143,0.8,1.0
FW_TWAS_rep_1,GCA_044223005.1,0.0009213014595354701,X_VFA_deg,1.0,true,true,syntrophic_butyrate_oxidation,high,bcd;crt;etfA;etfB;fdhA;hbd;hydA;rnfB;thl,"",9,9,1.0,1.0,1.0
FW_TWAS_rep_1,GCA_044223005.1,0.0009213014595354701,X_Me_ac,0.0,false,true,acetoclastic_ack_pta,none,ackA;pta,mcrA;one_of(cdhC|cdhD|cdhE),2,8,0.2222222222222222,0.5,0.4
FW_TWAS_rep_1,GCA_044223005.1,0.0009213014595354701,X_Me_CO2,0.0,false,true,hydrogenotrophic_core,none,"",mcrA;one_of(fwdA);one_of(ftr);one_of(mch);one_of(mtd|mer),0,8,0.0,0.0,0.0
FW_TWAS_rep_1,GCA_044223005.1,0.0009213014595354701,X_et,1.0,true,true,ethanol_to_acetyl_coa,high,ackA;acs;adh;adhE;aldh;pta,"",6,6,1.0,1.0,1.0
FW_TWAS_rep_1,GCA_044223005.1,0.0009213014595354701,X_lac,0.4895833333333333,false,true,lactate_to_pyruvate,partial,lctB;lctC;pfor;rnfB,lctD,4,5,0.625,0.6666666666666666,1.0
FW_TWAS_rep_1,GCA_041395645.1,0.0008243223585317364,X_ch,0.06508928571428572,false,true,starch_utilization,partial,susC,cazy_GH13,1,4,0.14285714285714285,0.5,0.5
FW_TWAS_rep_1,GCA_041395645.1,0.0008243223585317364,X_pr,0.7647058823529411,true,true,peptide_scavenging,medium,dppA;dppB;dppC;dtpT;oppA;oppB;pepA;pepN;pepO;pepQ,"",10,13,0.7647058823529411,1.0,1.0
FW_TWAS_rep_1,GCA_041395645.1,0.0008243223585317364,X_li,0.5833333333333334,true,true,lipolysis,low,acylglycerol_lipase;esterase;fadD;lysophospholipase,"",4,6,0.5833333333333334,1.0,1.0
FW_TWAS_rep_1,GCA_041395645.1,0.0008243223585317364,X_su,0.6363636363636364,true,true,hexose_fermentation,low,gapA;glcP;pfkA;pfor;pgi;pyk,"",6,9,0.6363636363636364,1.0,1.0
FW_TWAS_rep_1,GCA_041395645.1,0.0008243223585317364,X_aa,1.0,true,true,general_amino_acid_catabolism,high,dppA;dtpT;gdh;ilvE;oppA;pfor;tdcB,"",7,7,1.0,1.0,1.0
FW_TWAS_rep_1,GCA_041395645.1,0.0008243223585317364,X_fa,1.0,true,true,lcfa_beta_oxidation,high,etfA;etfB;fadA;fadB;fadD;fadE,"",6,6,1.0,1.0,1.0
FW_TWAS_rep_1,GCA_041395645.1,0.0008243223585317364,X_ac_et,0.8,true,true,ethanol_acetate_chain_initiation,medium,ackA;acs;adh;aldh;bcd;crt;etfA;etfB;hbd;thl,"",10,12,0.8,1.0,1.0
FW_TWAS_rep_1,GCA_041395645.1,0.0008243223585317364,X_ac_lac,0.0,false,true,lactate_acetate_chain_initiation,none,ackA;acs;bcd;crt;etfA;etfB;hbd;lctB;pfor;thl,lctD,10,13,0.75,0.875,1.0
FW_TWAS_rep_1,GCA_041395645.1,0.0008243223585317364,X_chain_et,0.0,false,true,ethanol_reverse_beta_oxidation,none,adh;aldh;bcd;crt;etfA;etfB;hbd;thl,cat,8,10,0.6923076923076923,0.8888888888888888,1.0
FW_TWAS_rep_1,GCA_041395645.1,0.0008243223585317364,X_chain_lac,0.0,false,true,lactate_reverse_beta_oxidation,none,bcd;crt;etfA;etfB;hbd;lctB;pfor;thl,cat;lctD,8,11,0.6428571428571429,0.8,0.8888888888888888
FW_TWAS_rep_1,GCA_041395645.1,0.0008243223585317364,X_VFA_deg,1.0,true,true,syntrophic_butyrate_oxidation,high,bcd;crt;etfA;etfB;fdhA;hbd;hydA;rnfB;thl,"",9,9,1.0,1.0,1.0
FW_TWAS_rep_1,GCA_041395645.1,0.0008243223585317364,X_Me_ac,0.0,false,true,acetoclastic_ack_pta,none,ackA;cdhC,mcrA;pta,2,8,0.2222222222222222,0.5,0.4
FW_TWAS_rep_1,GCA_041395645.1,0.0008243223585317364,X_Me_CO2,0.0,false,true,hydrogenotrophic_core,none,fwdA;mer,mcrA;one_of(ftr);one_of(mch),2,8,0.2222222222222222,0.4,0.3333333333333333
FW_TWAS_rep_1,GCA_041395645.1,0.0008243223585317364,X_et,0.6,true,true,ethanol_to_acetyl_coa,low,ackA;acs;adh;aldh,"",4,6,0.6,1.0,1.0
FW_TWAS_rep_1,GCA_041395645.1,0.0008243223585317364,X_lac,0.39166666666666666,false,true,lactate_to_pyruvate,partial,lctB;pfor;rnfB,lctD,3,5,0.5,0.6666666666666666,1.0
FW_TWAS_rep_1,GCA_039809345.1,0.000630364156524269,X_ch,0.0,false,true,xylan_utilization,none,"",xylA;xylB;one_of(cazy_GH10|cazy_GH11);one_of(cazy_GH43|cazy_CBM6),0,6,0.0,0.0,0.0
FW_TWAS_rep_1,GCA_039809345.1,0.000630364156524269,X_pr,0.017083333333333332,false,true,peptide_scavenging,partial,pepD,one_of(oppA|dppA|dtpT);one_of(oppB|dppB|dppC|dtpT),1,13,0.058823529411764705,0.3333333333333333,0.25
FW_TWAS_rep_1,GCA_039809345.1,0.000630364156524269,X_li,0.0,false,true,lipolysis,none,"",one_of(lipase|lysophospholipase|acylglycerol_lipase|phospholipase);one_of(fadD|esterase),0,6,0.0,0.0,0.0
FW_TWAS_rep_1,GCA_039809345.1,0.000630364156524269,X_su,0.01909722222222222,false,true,hexose_fermentation,partial,pyk,pgi;pfkA;gapA;one_of(ptsG|glcP);one_of(pfor|adhE|lctD),1,9,0.09090909090909091,0.16666666666666666,0.16666666666666666
FW_TWAS_rep_1,GCA_039809345.1,0.000630364156524269,X_aa,0.0,false,true,general_amino_acid_catabolism,none,"",one_of(gdh|ilvE|tdcB);one_of(pfor);one_of(oppA|dppA|dtpT),0,7,0.0,0.0,0.0
FW_TWAS_rep_1,GCA_039809345.1,0.000630364156524269,X_fa,0.0,false,true,lcfa_beta_oxidation,none,"",fadD;fadE;fadB;fadA;one_of(etfA|etfB),0,6,0.0,0.0,0.0
FW_TWAS_rep_1,GCA_039809345.1,0.000630364156524269,X_ac_et,0.0,false,true,ethanol_acetate_chain_initiation,none,"",thl;bcd;etfA;etfB;one_of(acs|ackA|pta);one_of(adhE|adh);one_of(adhE|aldh),0,12,0.0,0.0,0.0
FW_TWAS_rep_1,GCA_039809345.1,0.000630364156524269,X_ac_lac,0.0,false,true,lactate_acetate_chain_initiation,none,"",thl;bcd;etfA;etfB;lctD;one_of(acs|ackA|pta);one_of(lctB|lctC);one_of(pfor),0,13,0.0,0.0,0.0
FW_TWAS_rep_1,GCA_039809345.1,0.000630364156524269,X_chain_et,0.0,false,true,ethanol_reverse_beta_oxidation,none,"",bcd;etfA;etfB;cat;one_of(thl);one_of(hbd);one_of(crt);one_of(adhE|adh);one_of(adhE|aldh),0,10,0.0,0.0,0.0
FW_TWAS_rep_1,GCA_039809345.1,0.000630364156524269,X_chain_lac,0.0,false,true,lactate_reverse_beta_oxidation,none,"",bcd;etfA;etfB;cat;lctD;one_of(thl);one_of(hbd);one_of(crt);one_of(lctB|lctC);one_of(pfor),0,11,0.0,0.0,0.0
FW_TWAS_rep_1,GCA_039809345.1,0.000630364156524269,X_VFA_deg,0.0,false,true,syntrophic_propionate_mmc,none,"",mmcE;mmcF;mmcG;sucC;sucD;one_of(fumB);one_of(mdh);one_of(hydA|fdhA),0,10,0.0,0.0,0.0
FW_TWAS_rep_1,GCA_039809345.1,0.000630364156524269,X_Me_ac,0.0,false,true,acetoclastic_ack_pta,none,"",mcrA;ackA;pta;one_of(cdhC|cdhD|cdhE),0,8,0.0,0.0,0.0
FW_TWAS_rep_1,GCA_039809345.1,0.000630364156524269,X_Me_CO2,0.0,false,true,hydrogenotrophic_core,none,"",mcrA;one_of(fwdA);one_of(ftr);one_of(mch);one_of(mtd|mer),0,8,0.0,0.0,0.0
FW_TWAS_rep_1,GCA_039809345.1,0.000630364156524269,X_et,0.0,false,true,ethanol_to_acetyl_coa,none,"",one_of(adhE|adh);one_of(adhE|aldh);one_of(acs|pta|ackA),0,6,0.0,0.0,0.0
FW_TWAS_rep_1,GCA_039809345.1,0.000630364156524269,X_lac,0.0,false,true,lactate_to_pyruvate,none,"",lctD;pfor;one_of(lctB|lctC|rnfB),0,5,0.0,0.0,0.0
FW_TWAS_rep_1,GCA_023261595.1,0.0005818746060224022,X_ch,0.0656640625,false,true,xylan_utilization,partial,cazy_GH10,xylA;xylB;one_of(cazy_GH43|cazy_CBM6),1,6,0.25,0.25,0.25
FW_TWAS_rep_1,GCA_023261595.1,0.0005818746060224022,X_pr,0.19295343137254903,false,true,peptide_scavenging,partial,dppA;oppA;pepQ,one_of(oppB|dppB|dppC|dtpT),3,13,0.29411764705882354,0.6666666666666666,0.75
FW_TWAS_rep_1,GCA_023261595.1,0.0005818746060224022,X_li,0.0,false,true,lipolysis,none,"",one_of(lipase|lysophospholipase|acylglycerol_lipase|phospholipase);one_of(fadD|esterase),0,6,0.0,0.0,0.0
FW_TWAS_rep_1,GCA_023261595.1,0.0005818746060224022,X_su,0.05838383838383838,false,true,hexose_fermentation,partial,gapA;pyk,pgi;pfkA;one_of(ptsG|glcP);one_of(pfor|adhE|lctD),2,9,0.18181818181818182,0.3333333333333333,0.3333333333333333
FW_TWAS_rep_1,GCA_023261595.1,0.0005818746060224022,X_aa,0.08877777777777779,false,true,general_amino_acid_catabolism,partial,dppA;oppA,one_of(gdh|ilvE|tdcB);one_of(pfor),2,7,0.2,0.3333333333333333,0.6666666666666666
FW_TWAS_rep_1,GCA_023261595.1,0.0005818746060224022,X_fa,0.0,false,true,lcfa_beta_oxidation,none,"",fadD;fadE;fadB;fadA;one_of(etfA|etfB),0,6,0.0,0.0,0.0
FW_TWAS_rep_1,GCA_023261595.1,0.0005818746060224022,X_ac_et,0.0,false,true,ethanol_acetate_chain_initiation,none,crt,thl;bcd;etfA;etfB;one_of(acs|ackA|pta);one_of(adhE|adh);one_of(adhE|aldh),1,12,0.06666666666666667,0.0,0.125
FW_TWAS_rep_1,GCA_023261595.1,0.0005818746060224022,X_ac_lac,0.0,false,true,lactate_acetate_chain_initiation,none,crt,thl;bcd;etfA;etfB;lctD;one_of(acs|ackA|pta);one_of(lctB|lctC);one_of(pfor),1,13,0.0625,0.0,0.1111111111111111
FW_TWAS_rep_1,GCA_023261595.1,0.0005818746060224022,X_chain_et,0.0,false,true,ethanol_reverse_beta_oxidation,none,crt,bcd;etfA;etfB;cat;one_of(thl);one_of(hbd);one_of(adhE|adh);one_of(adhE|aldh),1,10,0.07692307692307693,0.1111111111111111,0.125
FW_TWAS_rep_1,GCA_023261595.1,0.0005818746060224022,X_chain_lac,0.0,false,true,lactate_reverse_beta_oxidation,none,crt,bcd;etfA;etfB;cat;lctD;one_of(thl);one_of(hbd);one_of(lctB|lctC);one_of(pfor),1,11,0.07142857142857142,0.1,0.1111111111111111
FW_TWAS_rep_1,GCA_023261595.1,0.0005818746060224022,X_VFA_deg,0.01591517857142857,false,true,syntrophic_butyrate_oxidation,partial,crt,bcd;etfA;etfB;one_of(thl);one_of(hbd);one_of(hydA|fdhA);one_of(rnfB),1,9,0.08333333333333333,0.125,0.14285714285714285
FW_TWAS_rep_1,GCA_023261595.1,0.0005818746060224022,X_Me_ac,0.0,false,true,acetoclastic_ack_pta,none,"",mcrA;ackA;pta;one_of(cdhC|cdhD|cdhE),0,8,0.0,0.0,0.0
FW_TWAS_rep_1,GCA_023261595.1,0.0005818746060224022,X_Me_CO2,0.0,false,true,hydrogenotrophic_core,none,"",mcrA;one_of(fwdA);one_of(ftr);one_of(mch);one_of(mtd|mer),0,8,0.0,0.0,0.0
FW_TWAS_rep_1,GCA_023261595.1,0.0005818746060224022,X_et,0.0,false,true,ethanol_to_acetyl_coa,none,"",one_of(adhE|adh);one_of(adhE|aldh);one_of(acs|pta|ackA),0,6,0.0,0.0,0.0
FW_TWAS_rep_1,GCA_023261595.1,0.0005818746060224022,X_lac,0.0,false,true,lactate_to_pyruvate,none,"",lctD;pfor;one_of(lctB|lctC|rnfB),0,5,0.0,0.0,0.0
FW_TWAS_rep_1,GCA_044222735.1,0.0005333850555205354,X_ch,0.26302734375000003,false,true,xylan_utilization,partial,cazy_GH43;xylA;xylB,one_of(cazy_GH10|cazy_GH11),3,6,0.375,0.75,0.75
FW_TWAS_rep_1,GCA_044222735.1,0.0005333850555205354,X_pr,0.9411764705882353,true,true,peptide_scavenging,high,dppA;dppB;dppC;dtpT;endopeptidase;oppA;oppB;pepD;pepN;pepO;pepQ;pepT,"",12,13,0.9411764705882353,1.0,1.0
FW_TWAS_rep_1,GCA_044222735.1,0.0005333850555205354,X_li,0.75,true,true,lipolysis,medium,acylglycerol_lipase;esterase;fadD;lysophospholipase;phospholipase,"",5,6,0.75,1.0,1.0
FW_TWAS_rep_1,GCA_044222735.1,0.0005333850555205354,X_su,0.7692307692307693,true,true,entner_doudoroff,medium,adhE;eda;edd;gapA;glcP;pyk,"",6,9,0.7692307692307693,1.0,1.0
FW_TWAS_rep_1,GCA_044222735.1,0.0005333850555205354,X_aa,0.5483333333333333,false,true,general_amino_acid_catabolism,partial,dppA;dtpT;gdh;oppA;tdcB,one_of(pfor),5,7,0.7,0.6666666666666666,1.0
FW_TWAS_rep_1,GCA_044222735.1,0.0005333850555205354,X_fa,0.9,true,true,lcfa_beta_oxidation,high,etfA;fadA;fadB;fadD;fadE,"",5,6,0.9,1.0,1.0
FW_TWAS_rep_1,GCA_044222735.1,0.0005333850555205354,X_ac_et,0.0,false,true,ethanol_acetate_chain_initiation,none,acs;adhE;bcd;crt;etfA;hbd;thl,etfB,7,12,0.6666666666666666,0.8571428571428571,0.875
FW_TWAS_rep_1,GCA_044222735.1,0.0005333850555205354,X_ac_lac,0.0,false,true,lactate_acetate_chain_initiation,none,acs;bcd;crt;etfA;hbd;thl,etfB;lctD;one_of(lctB|lctC);one_of(pfor),6,13,0.5,0.5,0.6666666666666666
FW_TWAS_rep_1,GCA_044222735.1,0.0005333850555205354,X_chain_et,0.0,false,true,ethanol_reverse_beta_oxidation,none,adhE;bcd;cat;crt;etfA;hbd;thl,etfB,7,10,0.7692307692307693,0.8888888888888888,0.875
FW_TWAS_rep_1,GCA_044222735.1,0.0005333850555205354,X_chain_lac,0.0,false,true,lactate_reverse_beta_oxidation,none,bcd;cat;crt;etfA;hbd;thl,etfB;lctD;one_of(lctB|lctC);one_of(pfor),6,11,0.5714285714285714,0.6,0.6666666666666666
FW_TWAS_rep_1,GCA_044222735.1,0.0005333850555205354,X_VFA_deg,0.6979166666666667,false,true,syntrophic_butyrate_oxidation,partial,bcd;crt;etfA;fdhA;hbd;hydA;thl,etfB;one_of(rnfB),7,9,0.8333333333333334,0.75,1.0
FW_TWAS_rep_1,GCA_044222735.1,0.0005333850555205354,X_Me_ac,0.0,false,true,acetoclastic_acs,none,acs,mcrA;one_of(cdhC|cdhD|cdhE),1,7,0.2222222222222222,0.3333333333333333,0.25
FW_TWAS_rep_1,GCA_044222735.1,0.0005333850555205354,X_Me_CO2,0.0,false,true,hydrogenotrophic_core,none,mer,mcrA;one_of(fwdA);one_of(ftr);one_of(mch),1,8,0.1111111111111111,0.2,0.16666666666666666
FW_TWAS_rep_1,GCA_044222735.1,0.0005333850555205354,X_et,0.31333333333333335,false,true,ethanol_to_acetyl_coa,partial,acs;adhE,"",2,6,0.4,1.0,0.6666666666666666
FW_TWAS_rep_1,GCA_044222735.1,0.0005333850555205354,X_lac,0.0,false,true,lactate_to_pyruvate,none,"",lctD;pfor;one_of(lctB|lctC|rnfB),0,5,0.0,0.0,0.0
FW_TWAS_rep_1,GCA_965231145.1,0.0002909373030112011,X_ch,0.0,false,true,xylan_utilization,none,"",xylA;xylB;one_of(cazy_GH10|cazy_GH11);one_of(cazy_GH43|cazy_CBM6),0,6,0.0,0.0,0.0
FW_TWAS_rep_1,GCA_965231145.1,0.0002909373030112011,X_pr,0.07920454545454544,false,true,proteolysis_and_peptide_import,partial,extracellular_protease,one_of(oppA|oppB|dtpT);one_of(pepN|pepO),1,7,0.2727272727272727,0.3333333333333333,0.25
FW_TWAS_rep_1,GCA_965231145.1,0.0002909373030112011,X_li,0.0,false,true,lipolysis,none,"",one_of(lipase|lysophospholipase|acylglycerol_lipase|phospholipase);one_of(fadD|esterase),0,6,0.0,0.0,0.0
FW_TWAS_rep_1,GCA_965231145.1,0.0002909373030112011,X_su,0.01909722222222222,false,true,hexose_fermentation,partial,pyk,pgi;pfkA;gapA;one_of(ptsG|glcP);one_of(pfor|adhE|lctD),1,9,0.09090909090909091,0.16666666666666666,0.16666666666666666
FW_TWAS_rep_1,GCA_965231145.1,0.0002909373030112011,X_aa,0.0,false,true,general_amino_acid_catabolism,none,"",one_of(gdh|ilvE|tdcB);one_of(pfor);one_of(oppA|dppA|dtpT),0,7,0.0,0.0,0.0
FW_TWAS_rep_1,GCA_965231145.1,0.0002909373030112011,X_fa,0.0,false,true,lcfa_beta_oxidation,none,"",fadD;fadE;fadB;fadA;one_of(etfA|etfB),0,6,0.0,0.0,0.0
FW_TWAS_rep_1,GCA_965231145.1,0.0002909373030112011,X_ac_et,0.0,false,true,ethanol_acetate_chain_initiation,none,"",thl;bcd;etfA;etfB;one_of(acs|ackA|pta);one_of(adhE|adh);one_of(adhE|aldh),0,12,0.0,0.0,0.0
FW_TWAS_rep_1,GCA_965231145.1,0.0002909373030112011,X_ac_lac,0.0,false,true,lactate_acetate_chain_initiation,none,"",thl;bcd;etfA;etfB;lctD;one_of(acs|ackA|pta);one_of(lctB|lctC);one_of(pfor),0,13,0.0,0.0,0.0
FW_TWAS_rep_1,GCA_965231145.1,0.0002909373030112011,X_chain_et,0.0,false,true,ethanol_reverse_beta_oxidation,none,"",bcd;etfA;etfB;cat;one_of(thl);one_of(hbd);one_of(crt);one_of(adhE|adh);one_of(adhE|aldh),0,10,0.0,0.0,0.0
FW_TWAS_rep_1,GCA_965231145.1,0.0002909373030112011,X_chain_lac,0.0,false,true,lactate_reverse_beta_oxidation,none,"",bcd;etfA;etfB;cat;lctD;one_of(thl);one_of(hbd);one_of(crt);one_of(lctB|lctC);one_of(pfor),0,11,0.0,0.0,0.0
FW_TWAS_rep_1,GCA_965231145.1,0.0002909373030112011,X_VFA_deg,0.0,false,true,syntrophic_propionate_mmc,none,"",mmcE;mmcF;mmcG;sucC;sucD;one_of(fumB);one_of(mdh);one_of(hydA|fdhA),0,10,0.0,0.0,0.0
FW_TWAS_rep_1,GCA_965231145.1,0.0002909373030112011,X_Me_ac,0.0,false,true,acetoclastic_ack_pta,none,"",mcrA;ackA;pta;one_of(cdhC|cdhD|cdhE),0,8,0.0,0.0,0.0
FW_TWAS_rep_1,GCA_965231145.1,0.0002909373030112011,X_Me_CO2,0.0,false,true,hydrogenotrophic_core,none,"",mcrA;one_of(fwdA);one_of(ftr);one_of(mch);one_of(mtd|mer),0,8,0.0,0.0,0.0
FW_TWAS_rep_1,GCA_965231145.1,0.0002909373030112011,X_et,0.0,false,true,ethanol_to_acetyl_coa,none,"",one_of(adhE|adh);one_of(adhE|aldh);one_of(acs|pta|ackA),0,6,0.0,0.0,0.0
FW_TWAS_rep_1,GCA_965231145.1,0.0002909373030112011,X_lac,0.0,false,true,lactate_to_pyruvate,none,"",lctD;pfor;one_of(lctB|lctC|rnfB),0,5,0.0,0.0,0.0
FW_TWAS_rep_1,GCA_964527785.1,0.00009697910100373369,X_ch,0.06508928571428572,false,true,starch_utilization,partial,susC,cazy_GH13,1,4,0.14285714285714285,0.5,0.5
FW_TWAS_rep_1,GCA_964527785.1,0.00009697910100373369,X_pr,0.6470588235294118,true,true,peptide_scavenging,low,dppA;dppB;dppC;oppA;oppB;pepA;pepN;pepQ;pepT,"",9,13,0.6470588235294118,1.0,1.0
FW_TWAS_rep_1,GCA_964527785.1,0.00009697910100373369,X_li,0.75,true,true,lipolysis,medium,acylglycerol_lipase;fadD;lipase;lysophospholipase,"",4,6,0.75,1.0,1.0
FW_TWAS_rep_1,GCA_964527785.1,0.00009697910100373369,X_su,0.48636363636363633,false,true,hexose_fermentation,partial,adhE;gapA;pfkA;pfor;pgi;pyk,one_of(ptsG|glcP),6,9,0.5454545454545454,0.8333333333333334,1.0
FW_TWAS_rep_1,GCA_964527785.1,0.00009697910100373369,X_aa,0.9,true,true,general_amino_acid_catabolism,high,dppA;gdh;ilvE;oppA;pfor;tdcB,"",6,7,0.9,1.0,1.0
FW_TWAS_rep_1,GCA_964527785.1,0.00009697910100373369,X_fa,1.0,true,true,lcfa_beta_oxidation,high,etfA;etfB;fadA;fadB;fadD;fadE,"",6,6,1.0,1.0,1.0
FW_TWAS_rep_1,GCA_964527785.1,0.00009697910100373369,X_ac_et,0.8666666666666667,true,true,ethanol_acetate_chain_initiation,medium,acs;adh;adhE;bcd;crt;etfA;etfB;hbd;pta;thl,"",10,12,0.8666666666666667,1.0,1.0
FW_TWAS_rep_1,GCA_964527785.1,0.00009697910100373369,X_ac_lac,0.0,false,true,lactate_acetate_chain_initiation,none,acs;bcd;crt;etfA;etfB;hbd;pfor;pta;thl,lctD;one_of(lctB|lctC),9,13,0.6875,0.75,1.0
FW_TWAS_rep_1,GCA_964527785.1,0.00009697910100373369,X_chain_et,0.0,false,true,ethanol_reverse_beta_oxidation,none,adh;adhE;bcd;crt;etfA;etfB;hbd;thl,cat,8,10,0.7692307692307693,0.8888888888888888,1.0
FW_TWAS_rep_1,GCA_964527785.1,0.00009697910100373369,X_chain_lac,0.0,false,true,lactate_reverse_beta_oxidation,none,bcd;crt;etfA;etfB;hbd;pfor;thl,cat;lctD;one_of(lctB|lctC),7,11,0.5714285714285714,0.7,0.7777777777777778
FW_TWAS_rep_1,GCA_964527785.1,0.00009697910100373369,X_VFA_deg,0.853125,false,true,syntrophic_propionate_mmc,partial,fdhA;hydA;mdh;mmcE;mmcF;mmcG;pfor;sucC;sucD,one_of(fumB),9,10,0.9285714285714286,0.875,1.0
FW_TWAS_rep_1,GCA_964527785.1,0.00009697910100373369,X_Me_ac,0.0,false,true,acetoclastic_ack_pta,none,pta,mcrA;ackA;one_of(cdhC|cdhD|cdhE),1,8,0.1111111111111111,0.25,0.2
FW_TWAS_rep_1,GCA_964527785.1,0.00009697910100373369,X_Me_CO2,0.0,false,true,hydrogenotrophic_core,none,fwdA,mcrA;one_of(ftr);one_of(mch);one_of(mtd|mer),1,8,0.1111111111111111,0.2,0.16666666666666666
FW_TWAS_rep_1,GCA_964527785.1,0.00009697910100373369,X_et,0.7,true,true,ethanol_to_acetyl_coa,medium,acs;adh;adhE;pta,"",4,6,0.7,1.0,1.0
FW_TWAS_rep_1,GCA_964527785.1,0.00009697910100373369,X_lac,0.08027777777777777,false,true,lactate_to_pyruvate,partial,pfor,lctD;one_of(lctB|lctC|rnfB),1,5,0.25,0.3333333333333333,0.3333333333333333
