sample,genome_id,gene_id,marker_id,bits,evalue,fident
FW_TWAS_rep_1,GCA_044230255.1,JBGARK010000004.1,mmcE,285,9.052e-80,0.362
FW_TWAS_rep_1,GCA_044230255.1,JBGARK010000007.1,folD,310,7.16e-97,0.563
FW_TWAS_rep_1,GCA_044230255.1,JBGARK010000001.1,sucC,363,9.327e-113,0.478
FW_TWAS_rep_1,GCA_044230255.1,JBGARK010000007.1,frhG,48,9.703e-9,0.274
FW_TWAS_rep_1,GCA_044230255.1,JBGARK010000003.1,fdhA,48,5.068e-8,0.432
FW_TWAS_rep_1,GCA_044230255.1,JBGARK010000004.1,fadB,139,9.196e-36,0.328
FW_TWAS_rep_1,GCA_044230255.1,JBGARK010000003.1,thl,416,1.791e-131,0.56
FW_TWAS_rep_1,GCA_044230255.1,JBGARK010000003.1,hbd,85,1.055e-20,0.435
FW_TWAS_rep_1,GCA_044230255.1,JBGARK010000003.1,etfA,163,1.323e-46,0.426
FW_TWAS_rep_1,GCA_044230255.1,JBGARK010000003.1,hydA,82,1.209e-18,0.278
FW_TWAS_rep_1,GCA_044230255.1,JBGARK010000004.1,fadD,224,1.415e-63,0.326
FW_TWAS_rep_1,GCA_044230255.1,JBGARK010000003.1,pgi,661,3.862e-214,0.614
FW_TWAS_rep_1,GCA_044230255.1,JBGARK010000010.1,fadB,125,3.879e-31,0.3
FW_TWAS_rep_1,GCA_044230255.1,JBGARK010000010.1,susD,172,1.313e-47,0.347
FW_TWAS_rep_1,GCA_044230255.1,JBGARK010000013.1,lctB,231,1.014e-70,0.445
FW_TWAS_rep_1,GCA_044230255.1,JBGARK010000007.1,pyk,363,6.671e-112,0.437
FW_TWAS_rep_1,GCA_044230255.1,JBGARK010000001.1,agl,83,2.648e-18,0.329
FW_TWAS_rep_1,GCA_044230255.1,JBGARK010000003.1,mmcE,675,4.193e-219,0.636
FW_TWAS_rep_1,GCA_044230255.1,JBGARK010000011.1,fdhA,44,2.9e-6,0.197
FW_TWAS_rep_1,GCA_044230255.1,JBGARK010000010.1,crt,57,1.96e-10,0.285
FW_TWAS_rep_1,GCA_044230255.1,JBGARK010000002.1,pepT,234,8.302e-69,0.389
FW_TWAS_rep_1,GCA_044230255.1,JBGARK010000002.1,oppB,169,1.295e-47,0.355
FW_TWAS_rep_1,GCA_044230255.1,JBGARK010000001.1,susC,644,4.88e-200,0.405
FW_TWAS_rep_1,GCA_044230255.1,JBGARK010000001.1,pepN,49,7.883e-8,0.242
FW_TWAS_rep_1,GCA_044230255.1,JBGARK010000002.1,hbd,302,5.282e-94,0.538
FW_TWAS_rep_1,GCA_044230255.1,JBGARK010000002.1,dppB,217,3.529e-64,0.4
FW_TWAS_rep_1,GCA_044230255.1,JBGARK010000014.1,mdh,241,7.238e-73,0.443
FW_TWAS_rep_1,GCA_044230255.1,JBGARK010000004.1,mmcG,104,9.061e-29,0.412
FW_TWAS_rep_1,GCA_044230255.1,JBGARK010000002.1,susC,84,5.255e-19,0.298
FW_TWAS_rep_1,GCA_044230255.1,JBGARK010000010.1,etfA,44,1.779e-6,0.361
FW_TWAS_rep_1,GCA_044230255.1,JBGARK010000004.1,hbd,181,7.233e-49,0.31
FW_TWAS_rep_1,GCA_044230255.1,JBGARK010000002.1,sucD,348,3.136e-110,0.615
FW_TWAS_rep_1,GCA_044230255.1,JBGARK010000003.1,crt,200,1.722e-59,0.426
FW_TWAS_rep_1,GCA_044230255.1,JBGARK010000006.1,lctC,384,1.92e-119,0.462
FW_TWAS_rep_1,GCA_044230255.1,JBGARK010000007.1,pfor,45,9.836e-7,0.225
FW_TWAS_rep_1,GCA_044230255.1,JBGARK010000003.1,frhG,45,8.244e-8,0.328
FW_TWAS_rep_1,GCA_044230255.1,JBGARK010000006.1,pepN,99,4.06e-23,0.256
FW_TWAS_rep_1,GCA_044230255.1,JBGARK010000004.1,acs,76,3.532e-16,0.232
FW_TWAS_rep_1,GCA_044230255.1,JBGARK010000007.1,fadD,330,3.695e-99,0.385
FW_TWAS_rep_1,GCA_044230255.1,JBGARK010000006.1,lctD,85,4.911e-21,0.316
FW_TWAS_rep_1,GCA_044230255.1,JBGARK010000011.1,extracellular_protease,126,6.523e-31,0.339
FW_TWAS_rep_1,GCA_044230255.1,JBGARK010000004.1,susC,86,2.454e-19,0.232
FW_TWAS_rep_1,GCA_044230255.1,JBGARK010000007.1,pfkA,286,6.932e-88,0.49
FW_TWAS_rep_1,GCA_044230255.1,JBGARK010000002.1,oppA,189,2.538e-52,0.304
FW_TWAS_rep_1,GCA_044230255.1,JBGARK010000008.1,acs,61,5.751e-12,0.227
FW_TWAS_rep_1,GCA_044230255.1,JBGARK010000002.1,bcd,262,9.09e-79,0.389
FW_TWAS_rep_1,GCA_044230255.1,JBGARK010000002.1,dppA,158,4.185e-42,0.274
FW_TWAS_rep_1,GCA_044230255.1,JBGARK010000010.1,hbd,136,2.756e-34,0.312
FW_TWAS_rep_1,GCA_044230255.1,JBGARK010000004.1,etfA,93,6.657e-23,0.296
FW_TWAS_rep_1,GCA_044230255.1,JBGARK010000003.1,cazy_GH43,60,2.498e-11,0.264
FW_TWAS_rep_1,GCA_044230255.1,JBGARK010000004.1,crt,127,2.424e-34,0.332
FW_TWAS_rep_1,GCA_044230255.1,JBGARK010000001.1,sucD,102,1.026e-24,0.446
FW_TWAS_rep_1,GCA_044230255.1,JBGARK010000003.1,lysophospholipase,53,4.466e-10,0.277
FW_TWAS_rep_1,GCA_044230255.1,JBGARK010000007.1,mvhG,51,1.186e-9,0.327
FW_TWAS_rep_1,GCA_044230255.1,JBGARK010000011.1,endopeptidase,219,1.307e-63,0.401
FW_TWAS_rep_1,GCA_044230255.1,JBGARK010000014.1,gapA,290,2.905e-89,0.48
FW_TWAS_rep_1,GCA_044230255.1,JBGARK010000009.1,extracellular_protease,122,1.598e-30,0.411
FW_TWAS_rep_1,GCA_044230255.1,JBGARK010000006.1,fadB,88,2.404e-21,0.308
FW_TWAS_rep_1,GCA_044230255.1,JBGARK010000001.1,fadB,166,9.519e-48,0.348
FW_TWAS_rep_1,GCA_044230255.1,JBGARK010000005.1,fadE,240,5.375e-71,0.398
FW_TWAS_rep_1,GCA_044230255.1,JBGARK010000003.1,fadA,349,3.013e-108,0.503
FW_TWAS_rep_1,GCA_044230255.1,JBGARK010000008.1,fadD,49,1.965e-8,0.254
FW_TWAS_rep_1,GCA_044230255.1,JBGARK010000001.1,pfor,42,3.194e-6,0.279
FW_TWAS_rep_1,GCA_044230255.1,JBGARK010000007.1,gdh,58,4.322e-11,0.542
FW_TWAS_rep_1,GCA_044230255.1,JBGARK010000001.1,gdh,509,6.242e-162,0.56
FW_TWAS_rep_1,GCA_044230255.1,JBGARK010000001.1,extracellular_protease,69,3.222e-14,0.285
FW_TWAS_rep_1,GCA_044230255.1,JBGARK010000006.1,crt,160,4.928e-46,0.376
FW_TWAS_rep_1,GCA_044230255.1,JBGARK010000010.1,susC,703,2.033e-220,0.43
FW_TWAS_rep_1,GCA_044230255.1,JBGARK010000009.1,fadE,268,2.245e-80,0.425
FW_TWAS_rep_1,GCA_044230255.1,JBGARK010000007.1,susD,205,5.082e-58,0.37
FW_TWAS_rep_1,GCA_044230255.1,JBGARK010000004.1,lctB,73,1.769e-16,0.261
FW_TWAS_rep_1,GCA_044230255.1,JBGARK010000005.1,susD,139,2.479e-36,0.3
FW_TWAS_rep_1,GCA_044230255.1,JBGARK010000004.1,thl,271,1.026e-81,0.432
FW_TWAS_rep_1,GCA_044230255.1,JBGARK010000001.1,fwdA,46,3.785e-7,0.415
FW_TWAS_rep_1,GCA_044230255.1,JBGARK010000002.1,fadB,192,8.002e-56,0.407
FW_TWAS_rep_1,GCA_044230255.1,JBGARK010000003.1,fadB,133,2.351e-36,0.395
FW_TWAS_rep_1,GCA_044230255.1,JBGARK010000008.1,susC,327,1.288e-93,0.296
FW_TWAS_rep_1,GCA_044230255.1,JBGARK010000002.1,pepN,68,8.463e-14,0.297
FW_TWAS_rep_1,GCA_044230255.1,JBGARK010000004.1,mmcF,75,1.292e-15,0.283
FW_TWAS_rep_1,GCA_044230255.1,JBGARK010000007.1,etfB,132,2.058e-36,0.358
FW_TWAS_rep_1,GCA_044230255.1,JBGARK010000001.1,hbd,240,5.136e-73,0.482
FW_TWAS_rep_1,GCA_044230255.1,JBGARK010000002.1,cazy_GH13,98,2.746e-23,0.294
FW_TWAS_rep_1,GCA_044230255.1,JBGARK010000002.1,fadE,199,1.794e-57,0.361
FW_TWAS_rep_1,GCA_044230255.1,JBGARK010000005.1,susC,484,3.418e-146,0.336
FW_TWAS_rep_1,GCA_044230255.1,JBGARK010000008.1,adh,48,1.878e-8,0.272
FW_TWAS_rep_1,GCA_044230255.1,JBGARK010000003.1,mmcF,168,1.204e-50,0.606
FW_TWAS_rep_1,GCA_044230255.1,JBGARK010000006.1,acs,738,1.562e-238,0.553
FW_TWAS_rep_1,GCA_044230255.1,JBGARK010000008.1,ilvE,248,1.17e-74,0.406
FW_TWAS_rep_1,GCA_044230255.1,JBGARK010000007.1,etfA,197,1.216e-57,0.403
FW_TWAS_rep_1,GCA_044230255.1,JBGARK010000007.1,susC,689,5.436e-214,0.403
FW_TWAS_rep_1,GCA_044230255.1,JBGARK010000001.1,susD,129,5.463e-33,0.278
FW_TWAS_rep_1,GCA_044230255.1,JBGARK010000005.1,oppB,201,2.643e-58,0.486
FW_TWAS_rep_1,GCA_044230255.1,JBGARK010000007.1,pepN,169,1.043e-44,0.289
FW_TWAS_rep_1,GCA_044230255.1,JBGARK010000005.1,bcd,345,3.578e-107,0.466
FW_TWAS_rep_1,GCA_044230255.1,JBGARK010000001.1,cat,259,1.03e-80,0.604
FW_TWAS_rep_1,GCA_044230255.1,JBGARK010000002.1,ilvE,66,4.795e-14,0.282
FW_TWAS_rep_1,GCA_044230255.1,JBGARK010000004.1,dtpT,324,1.792e-97,0.37
FW_TWAS_rep_1,GCA_044230255.1,JBGARK010000007.1,frhB,43,2.033e-7,0.383
FW_TWAS_rep_1,GCA_044230255.1,JBGARK010000006.1,adh,61,1.793e-12,0.278
FW_TWAS_rep_1,GCA_044230255.1,JBGARK010000009.1,bcd,365,1.016e-113,0.518
FW_TWAS_rep_1,GCA_044230255.1,JBGARK010000010.1,pepQ,138,2.575e-36,0.358
FW_TWAS_rep_1,GCA_044230255.1,JBGARK010000009.1,pta,162,1.363e-42,0.328
FW_TWAS_rep_1,GCA_044230255.1,JBGARK010000004.1,fadA,332,6.897e-103,0.47
FW_TWAS_rep_1,GCA_044230255.1,JBGARK010000005.1,dppC,184,1.152e-52,0.434
FW_TWAS_rep_1,GCA_044230255.1,JBGARK010000006.1,fadD,113,1.015e-27,0.25
FW_TWAS_rep_1,GCA_044230255.1,JBGARK010000001.1,cazy_GH13,128,2.562e-32,0.316
FW_TWAS_rep_1,GCA_044230255.1,JBGARK010000002.1,adh,72,7.096e-16,0.259
FW_TWAS_rep_1,GCA_044230255.1,JBGARK010000001.1,frhG,41,7.375e-6,0.358
FW_TWAS_rep_1,GCA_044230255.1,JBGARK010000001.1,rnfB,42,4.222e-6,0.365
FW_TWAS_rep_1,GCA_044230255.1,JBGARK010000002.1,agl,79,2.302e-17,0.268
FW_TWAS_rep_1,GCA_044230255.1,JBGARK010000007.1,acs,52,4.881e-9,0.216
FW_TWAS_rep_1,GCA_963746195.1,CAVVAS010000004.1,aldh,44,1.656e-6,0.219
FW_TWAS_rep_1,GCA_963746195.1,CAVVAS010000008.1,fadE,232,6.244e-68,0.43
FW_TWAS_rep_1,GCA_963746195.1,CAVVAS010000007.1,susC,716,3.736e-224,0.417
FW_TWAS_rep_1,GCA_963746195.1,CAVVAS010000001.1,mvhG,41,1.398e-6,0.454
FW_TWAS_rep_1,GCA_963746195.1,CAVVAS010000005.1,pepT,68,3.398e-14,0.254
FW_TWAS_rep_1,GCA_963746195.1,CAVVAS010000006.1,gapA,287,4.678e-88,0.468
FW_TWAS_rep_1,GCA_963746195.1,CAVVAS010000008.1,pepN,67,2.599e-13,0.243
FW_TWAS_rep_1,GCA_963746195.1,CAVVAS010000005.1,susC,449,4.012e-138,0.387
FW_TWAS_rep_1,GCA_963746195.1,CAVVAS010000001.1,hydA,72,1.308e-15,0.276
FW_TWAS_rep_1,GCA_963746195.1,CAVVAS010000003.1,ilvE,267,7.976e-81,0.42
FW_TWAS_rep_1,GCA_963746195.1,CAVVAS010000001.1,frhB,40,4.84e-6,0.27
FW_TWAS_rep_1,GCA_963746195.1,CAVVAS010000001.1,endopeptidase,44,4.379e-6,0.279
FW_TWAS_rep_1,GCA_963746195.1,CAVVAS010000001.1,frhG,43,3.369e-7,0.328
FW_TWAS_rep_1,GCA_963746195.1,CAVVAS010000005.1,pfkA,308,4.503e-96,0.516
FW_TWAS_rep_1,GCA_963746195.1,CAVVAS010000005.1,acylglycerol_lipase,48,1.826e-8,0.275
FW_TWAS_rep_1,GCA_963746195.1,CAVVAS010000005.1,pepQ,126,1.11e-32,0.285
FW_TWAS_rep_1,GCA_963746195.1,CAVVAS010000005.1,mmcG,102,1.235e-27,0.433
FW_TWAS_rep_1,GCA_963746195.1,CAVVAS010000007.1,dppB,122,5.546e-31,0.344
FW_TWAS_rep_1,GCA_963746195.1,CAVVAS010000001.1,fadE,236,2.317e-67,0.384
FW_TWAS_rep_1,GCA_963746195.1,CAVVAS010000005.1,cazy_GH13,233,4.764e-67,0.407
FW_TWAS_rep_1,GCA_963746195.1,CAVVAS010000006.1,acs,753,7.199e-244,0.587
FW_TWAS_rep_1,GCA_963746195.1,CAVVAS010000005.1,fadE,274,6.717e-83,0.417
FW_TWAS_rep_1,GCA_963746195.1,CAVVAS010000005.1,fadB,169,1.993e-47,0.312
FW_TWAS_rep_1,GCA_963746195.1,CAVVAS010000005.1,thl,410,1.164e-129,0.573
FW_TWAS_rep_1,GCA_963746195.1,CAVVAS010000005.1,cazy_GH9,71,1.661e-14,0.328
FW_TWAS_rep_1,GCA_963746195.1,CAVVAS010000005.1,ilvE,83,3.111e-20,0.34
FW_TWAS_rep_1,GCA_963746195.1,CAVVAS010000004.1,cazy_GH13,74,2.887e-15,0.267
FW_TWAS_rep_1,GCA_963746195.1,CAVVAS010000005.1,pyk,149,2.391e-42,0.4
FW_TWAS_rep_1,GCA_963746195.1,CAVVAS010000006.1,gdh,465,4.446e-147,0.524
FW_TWAS_rep_1,GCA_963746195.1,CAVVAS010000007.1,oppA,113,1.004e-27,0.25
FW_TWAS_rep_1,GCA_963746195.1,CAVVAS010000005.1,agl,170,2.641e-46,0.294
FW_TWAS_rep_1,GCA_963746195.1,CAVVAS010000008.1,mmcF,121,4.25e-30,0.461
FW_TWAS_rep_1,GCA_963746195.1,CAVVAS010000005.1,sucD,328,4.088e-103,0.586
FW_TWAS_rep_1,GCA_963746195.1,CAVVAS010000007.1,fadD,247,1.314e-71,0.34
FW_TWAS_rep_1,GCA_963746195.1,CAVVAS010000007.1,lipase,50,4.578e-8,0.442
FW_TWAS_rep_1,GCA_963746195.1,CAVVAS010000001.1,extracellular_protease,143,8.501e-37,0.347
FW_TWAS_rep_1,GCA_963746195.1,CAVVAS010000005.1,glcP,206,4.18e-59,0.324
FW_TWAS_rep_1,GCA_963746195.1,CAVVAS010000006.1,endopeptidase,53,1.904e-9,0.217
FW_TWAS_rep_1,GCA_963746195.1,CAVVAS010000008.1,mmcE,478,2.451e-148,0.525
FW_TWAS_rep_1,GCA_963746195.1,CAVVAS010000005.1,pepN,48,9.01e-8,0.233
FW_TWAS_rep_1,GCA_963746195.1,CAVVAS010000005.1,dtpT,422,2.187e-132,0.484
FW_TWAS_rep_1,GCA_963746195.1,CAVVAS010000003.1,susC,44,3.602e-6,0.262
FW_TWAS_rep_1,GCA_963746195.1,CAVVAS010000005.1,mmcE,300,1.083e-84,0.371
FW_TWAS_rep_1,GCA_963746195.1,CAVVAS010000001.1,susC,562,1.084e-172,0.37
FW_TWAS_rep_1,GCA_963746195.1,CAVVAS010000001.1,susD,93,7.915e-22,0.271
FW_TWAS_rep_1,GCA_963746195.1,CAVVAS010000004.1,susC,646,8.226e-201,0.406
FW_TWAS_rep_1,GCA_963746195.1,CAVVAS010000007.1,pepQ,101,2.226e-24,0.279
FW_TWAS_rep_1,GCA_963746195.1,CAVVAS010000004.1,susD,77,1.702e-16,0.331
FW_TWAS_rep_1,GCA_963746195.1,CAVVAS010000001.1,pepA,297,1.203e-90,0.442
FW_TWAS_rep_1,GCA_963746195.1,CAVVAS010000007.1,acs,136,5.071e-35,0.274
FW_TWAS_rep_1,GCA_963746195.1,CAVVAS010000005.1,fadD,266,2.727e-77,0.35
FW_TWAS_rep_1,GCA_963746195.1,CAVVAS010000005.1,susD,122,3.745e-33,0.376
FW_TWAS_rep_1,GCA_963746195.1,CAVVAS010000006.1,fadE,259,6.071e-78,0.418
FW_TWAS_rep_1,GCA_963746195.1,CAVVAS010000005.1,bcd,378,1.749e-118,0.529
FW_TWAS_rep_1,GCA_963746195.1,CAVVAS010000005.1,extracellular_protease,101,3.432e-24,0.269
FW_TWAS_rep_1,GCA_963746195.1,CAVVAS010000007.1,dppC,116,2.254e-29,0.293
FW_TWAS_rep_1,GCA_963746195.1,CAVVAS010000007.1,pepO,561,2.922e-177,0.447
FW_TWAS_rep_1,GCA_963746195.1,CAVVAS010000005.1,etfA,191,1.651e-55,0.381
FW_TWAS_rep_1,GCA_963746195.1,CAVVAS010000006.1,tdcB,226,1.863e-67,0.412
FW_TWAS_rep_1,GCA_963746195.1,CAVVAS010000007.1,oppB,141,8.314e-38,0.307
FW_TWAS_rep_1,GCA_963746195.1,CAVVAS010000005.1,crt,164,2.594e-47,0.379
FW_TWAS_rep_1,GCA_963746195.1,CAVVAS010000007.1,susD,139,3.634e-38,0.337
FW_TWAS_rep_1,GCA_963746195.1,CAVVAS010000007.1,pepN,209,6.168e-57,0.3
FW_TWAS_rep_1,GCA_963746195.1,CAVVAS010000006.1,bcd,359,2.593e-112,0.481
FW_TWAS_rep_1,GCA_963746195.1,CAVVAS010000005.1,etfB,145,6.857e-41,0.368
FW_TWAS_rep_1,GCA_963746195.1,CAVVAS010000008.1,bcd,154,1.28e-41,0.33
FW_TWAS_rep_1,GCA_963746195.1,CAVVAS010000006.1,fadD,117,5.687e-29,0.257
FW_TWAS_rep_1,GCA_963746195.1,CAVVAS010000005.1,fadA,325,2.83e-100,0.482
FW_TWAS_rep_1,GCA_963746195.1,CAVVAS010000005.1,hbd,244,5.935e-73,0.413
FW_TWAS_rep_1,GCA_963746195.1,CAVVAS010000001.1,bcd,231,6.963e-68,0.368
FW_TWAS_rep_1,GCA_963746195.1,CAVVAS010000005.1,pfor,42,6.821e-6,0.33
FW_TWAS_rep_1,GCA_963746195.1,CAVVAS010000004.1,adh,94,1.517e-23,0.302
FW_TWAS_rep_1,GCA_963746195.1,CAVVAS010000007.1,dppA,110,9.601e-27,0.221
FW_TWAS_rep_1,GCA_032654705.1,JAULAZ010000003.1,folD,307,1.037e-95,0.574
FW_TWAS_rep_1,GCA_032654705.1,JAULAZ010000003.1,pepN,190,3.744e-51,0.32
FW_TWAS_rep_1,GCA_032654705.1,JAULAZ010000003.1,rnfB,87,1.298e-20,0.317
FW_TWAS_rep_1,GCA_032654705.1,JAULAZ010000003.1,tdcB,91,3.385e-21,0.294
FW_TWAS_rep_1,GCA_032654705.1,JAULAZ010000003.1,pepQ,137,3.472e-36,0.304
FW_TWAS_rep_1,GCA_032654705.1,JAULAZ010000003.1,susD,177,1.698e-48,0.316
FW_TWAS_rep_1,GCA_032654705.1,JAULAZ010000003.1,cat,267,3.027e-83,0.6
FW_TWAS_rep_1,GCA_032654705.1,JAULAZ010000003.1,frhB,45,6.402e-7,0.437
FW_TWAS_rep_1,GCA_032654705.1,JAULAZ010000003.1,hydA,97,1.902e-22,0.301
FW_TWAS_rep_1,GCA_032654705.1,JAULAZ010000003.1,mmcG,89,6.938e-23,0.396
FW_TWAS_rep_1,GCA_032654705.1,JAULAZ010000003.1,mdh,250,6.573e-76,0.453
FW_TWAS_rep_1,GCA_032654705.1,JAULAZ010000003.1,sucC,370,2.283e-115,0.487
FW_TWAS_rep_1,GCA_032654705.1,JAULAZ010000003.1,dppC,194,2.676e-55,0.357
FW_TWAS_rep_1,GCA_032654705.1,JAULAZ010000003.1,acylglycerol_lipase,45,2.659e-7,0.254
FW_TWAS_rep_1,GCA_032654705.1,JAULAZ010000003.1,lctD,86,2.44e-21,0.327
FW_TWAS_rep_1,GCA_032654705.1,JAULAZ010000003.1,sucD,334,3.912e-105,0.576
FW_TWAS_rep_1,GCA_032654705.1,JAULAZ010000003.1,agl,83,1.55e-18,0.327
FW_TWAS_rep_1,GCA_032654705.1,JAULAZ010000003.1,xylB,63,2.214e-12,0.232
FW_TWAS_rep_1,GCA_032654705.1,JAULAZ010000003.1,fadE,274,2.51e-82,0.424
FW_TWAS_rep_1,GCA_032654705.1,JAULAZ010000003.1,mmcF,182,1.918e-55,0.631
FW_TWAS_rep_1,GCA_032654705.1,JAULAZ010000003.1,pfor,1421,0.0,0.601
FW_TWAS_rep_1,GCA_032654705.1,JAULAZ010000003.1,endopeptidase,229,4.795e-67,0.413
FW_TWAS_rep_1,GCA_032654705.1,JAULAZ010000003.1,fdhA,584,5.757e-181,0.424
FW_TWAS_rep_1,GCA_032654705.1,JAULAZ010000003.1,dppA,194,6.003e-54,0.281
FW_TWAS_rep_1,GCA_032654705.1,JAULAZ010000003.1,hbd,294,4.361e-90,0.551
FW_TWAS_rep_1,GCA_032654705.1,JAULAZ010000003.1,pfkA,287,2.505e-88,0.487
FW_TWAS_rep_1,GCA_032654705.1,JAULAZ010000003.1,cazy_GH13,122,2.47e-30,0.324
FW_TWAS_rep_1,GCA_032654705.1,JAULAZ010000003.1,fwdA,48,8.661e-8,0.375
FW_TWAS_rep_1,GCA_032654705.1,JAULAZ010000003.1,extracellular_protease,131,2.293e-33,0.394
FW_TWAS_rep_1,GCA_032654705.1,JAULAZ010000003.1,etfB,154,1.488e-43,0.389
FW_TWAS_rep_1,GCA_032654705.1,JAULAZ010000003.1,adh,44,5.208e-7,0.236
FW_TWAS_rep_1,GCA_032654705.1,JAULAZ010000003.1,fhs,673,4.685e-217,0.6
FW_TWAS_rep_1,GCA_032654705.1,JAULAZ010000003.1,pepT,228,2.175e-66,0.394
FW_TWAS_rep_1,GCA_032654705.1,JAULAZ010000003.1,dtpT,392,5.704e-121,0.434
FW_TWAS_rep_1,GCA_032654705.1,JAULAZ010000003.1,gapA,296,3.182e-90,0.482
FW_TWAS_rep_1,GCA_032654705.1,JAULAZ010000003.1,frhG,45,7.226e-8,0.23
FW_TWAS_rep_1,GCA_032654705.1,JAULAZ010000003.1,etfA,192,4.755e-56,0.391
FW_TWAS_rep_1,GCA_032654705.1,JAULAZ010000003.1,lctB,235,3.928e-72,0.462
FW_TWAS_rep_1,GCA_032654705.1,JAULAZ010000003.1,mmcE,698,8.056e-227,0.67
FW_TWAS_rep_1,GCA_032654705.1,JAULAZ010000003.1,gdh,593,2.256e-191,0.629
FW_TWAS_rep_1,GCA_032654705.1,JAULAZ010000003.1,pepO,551,2.022e-173,0.447
FW_TWAS_rep_1,GCA_032654705.1,JAULAZ010000003.1,lctC,382,6.083e-119,0.484
FW_TWAS_rep_1,GCA_032654705.1,JAULAZ010000003.1,pta,164,3.321e-43,0.328
FW_TWAS_rep_1,GCA_032654705.1,JAULAZ010000003.1,fadB,173,9.012e-49,0.385
FW_TWAS_rep_1,GCA_032654705.1,JAULAZ010000003.1,fadA,362,4.87e-113,0.513
FW_TWAS_rep_1,GCA_032654705.1,JAULAZ010000003.1,mvhG,48,8.863e-9,0.3
FW_TWAS_rep_1,GCA_032654705.1,JAULAZ010000003.1,fadD,330,5.023e-99,0.395
FW_TWAS_rep_1,GCA_032654705.1,JAULAZ010000003.1,pyk,387,4.735e-120,0.461
FW_TWAS_rep_1,GCA_032654705.1,JAULAZ010000003.1,thl,406,2.473e-128,0.57
FW_TWAS_rep_1,GCA_032654705.1,JAULAZ010000003.1,bcd,368,1.008e-114,0.514
FW_TWAS_rep_1,GCA_032654705.1,JAULAZ010000003.1,crt,214,1.604e-64,0.453
FW_TWAS_rep_1,GCA_032654705.1,JAULAZ010000004.1,tdcB,55,5.013e-10,0.289
FW_TWAS_rep_1,GCA_032654705.1,JAULAZ010000003.1,pgi,673,1.271e-217,0.628
FW_TWAS_rep_1,GCA_032654705.1,JAULAZ010000003.1,ilvE,262,1.683e-79,0.418
FW_TWAS_rep_1,GCA_032654705.1,JAULAZ010000003.1,dppB,214,8.434e-63,0.406
FW_TWAS_rep_1,GCA_032654705.1,JAULAZ010000003.1,oppA,205,1.302e-57,0.303
FW_TWAS_rep_1,GCA_032654705.1,JAULAZ010000003.1,acs,733,1.288e-236,0.558
FW_TWAS_rep_1,GCA_032654705.1,JAULAZ010000003.1,susC,695,3.143e-217,0.411
FW_TWAS_rep_1,GCA_032654705.1,JAULAZ010000003.1,oppB,203,1.209e-58,0.369
FW_TWAS_rep_1,GCA_034676565.1,JAUCCD010000028.1,ilvE,154,4.506e-43,0.345
FW_TWAS_rep_1,GCA_034676565.1,JAUCCD010000035.1,etfA,292,2.428e-90,0.577
FW_TWAS_rep_1,GCA_034676565.1,JAUCCD010000018.1,fadB,162,6.682e-46,0.35
FW_TWAS_rep_1,GCA_034676565.1,JAUCCD010000034.1,fadE,48,6.743e-8,0.405
FW_TWAS_rep_1,GCA_034676565.1,JAUCCD010000021.1,hydA,109,1.834e-26,0.313
FW_TWAS_rep_1,GCA_034676565.1,JAUCCD010000032.1,mmcE,523,7.396e-163,0.517
FW_TWAS_rep_1,GCA_034676565.1,JAUCCD010000012.1,pepQ,163,1.318e-44,0.372
FW_TWAS_rep_1,GCA_034676565.1,JAUCCD010000026.1,crt,143,4.094e-40,0.373
FW_TWAS_rep_1,GCA_034676565.1,JAUCCD010000002.1,etfA,317,2.202e-98,0.646
FW_TWAS_rep_1,GCA_034676565.1,JAUCCD010000003.1,fadD,66,3.464e-13,0.241
FW_TWAS_rep_1,GCA_034676565.1,JAUCCD010000041.1,adh,56,9.165e-11,0.303
FW_TWAS_rep_1,GCA_034676565.1,JAUCCD010000012.1,gapA,291,2.478e-89,0.489
FW_TWAS_rep_1,GCA_034676565.1,JAUCCD010000035.1,acylglycerol_lipase,54,4.034e-10,0.276
FW_TWAS_rep_1,GCA_034676565.1,JAUCCD010000012.1,frhG,48,1.419e-8,0.285
FW_TWAS_rep_1,GCA_034676565.1,JAUCCD010000001.1,bcd,400,1.743e-126,0.525
FW_TWAS_rep_1,GCA_034676565.1,JAUCCD010000032.1,crt,137,1.241e-37,0.37
FW_TWAS_rep_1,GCA_034676565.1,JAUCCD010000028.1,hbd,323,9.249e-102,0.587
FW_TWAS_rep_1,GCA_034676565.1,JAUCCD010000026.1,hbd,251,4.645e-73,0.488
FW_TWAS_rep_1,GCA_034676565.1,JAUCCD010000012.1,pfkA,74,5.035e-16,0.302
FW_TWAS_rep_1,GCA_034676565.1,JAUCCD010000021.1,acylglycerol_lipase,54,5.731e-10,0.26
FW_TWAS_rep_1,GCA_034676565.1,JAUCCD010000035.1,fadB,398,9.222e-120,0.355
FW_TWAS_rep_1,GCA_034676565.1,JAUCCD010000020.1,acs,200,3.463e-60,0.577
FW_TWAS_rep_1,GCA_034676565.1,JAUCCD010000018.1,hbd,178,2.732e-51,0.404
FW_TWAS_rep_1,GCA_034676565.1,JAUCCD010000003.1,lctD,86,4.363e-21,0.313
FW_TWAS_rep_1,GCA_034676565.1,JAUCCD010000036.1,thl,244,3.052e-73,0.442
FW_TWAS_rep_1,GCA_034676565.1,JAUCCD010000030.1,susC,65,7.094e-13,0.214
FW_TWAS_rep_1,GCA_034676565.1,JAUCCD010000041.1,crt,190,2.191e-54,0.388
FW_TWAS_rep_1,GCA_034676565.1,JAUCCD010000041.1,fadD,134,1.346e-34,0.287
FW_TWAS_rep_1,GCA_034676565.1,JAUCCD010000001.1,acs,138,2.751e-35,0.26
FW_TWAS_rep_1,GCA_034676565.1,JAUCCD010000022.1,gdh,397,2.272e-125,0.663
FW_TWAS_rep_1,GCA_034676565.1,JAUCCD010000031.1,sucD,318,6.813e-100,0.554
FW_TWAS_rep_1,GCA_034676565.1,JAUCCD010000028.1,pyk,332,2.924e-101,0.426
FW_TWAS_rep_1,GCA_034676565.1,JAUCCD010000003.1,hydA,86,4.662e-19,0.301
FW_TWAS_rep_1,GCA_034676565.1,JAUCCD010000003.1,lctB,229,5.233e-69,0.508
FW_TWAS_rep_1,GCA_034676565.1,JAUCCD010000041.1,bcd,141,5.281e-38,0.293
FW_TWAS_rep_1,GCA_034676565.1,JAUCCD010000035.1,bcd,130,2.228e-33,0.317
FW_TWAS_rep_1,GCA_034676565.1,JAUCCD010000012.1,cdhC,50,3.236e-9,0.343
FW_TWAS_rep_1,GCA_034676565.1,JAUCCD010000018.1,pta,221,9.493e-64,0.495
FW_TWAS_rep_1,GCA_034676565.1,JAUCCD010000035.1,fdhA,353,6.757e-104,0.336
FW_TWAS_rep_1,GCA_034676565.1,JAUCCD010000041.1,fadE,177,6.175e-50,0.341
FW_TWAS_rep_1,GCA_034676565.1,JAUCCD010000026.1,fadB,141,1.222e-36,0.328
FW_TWAS_rep_1,GCA_034676565.1,JAUCCD010000026.1,fadA,341,1.203e-105,0.513
FW_TWAS_rep_1,GCA_034676565.1,JAUCCD010000001.1,fadD,216,9.542e-61,0.322
FW_TWAS_rep_1,GCA_034676565.1,JAUCCD010000028.1,tdcB,70,6.287e-15,0.284
FW_TWAS_rep_1,GCA_034676565.1,JAUCCD010000003.1,gdh,1170,0.0,0.554
FW_TWAS_rep_1,GCA_034676565.1,JAUCCD010000035.1,adh,54,2.285e-10,0.349
FW_TWAS_rep_1,GCA_034676565.1,JAUCCD010000041.1,etfA,144,1.776e-39,0.397
FW_TWAS_rep_1,GCA_034676565.1,JAUCCD010000002.1,crt,158,2.696e-45,0.394
FW_TWAS_rep_1,GCA_034676565.1,JAUCCD010000041.1,acylglycerol_lipase,46,1.617e-7,0.35
FW_TWAS_rep_1,GCA_034676565.1,JAUCCD010000012.1,acs,226,3.147e-64,0.343
FW_TWAS_rep_1,GCA_034676565.1,JAUCCD010000032.1,mmcF,123,1.356e-30,0.507
FW_TWAS_rep_1,GCA_034676565.1,JAUCCD010000012.1,hydA,50,2.406e-9,0.355
FW_TWAS_rep_1,GCA_034676565.1,JAUCCD010000003.1,acs,242,7.752e-69,0.279
FW_TWAS_rep_1,GCA_034676565.1,JAUCCD010000026.1,etfA,74,1.044e-16,0.29
FW_TWAS_rep_1,GCA_034676565.1,JAUCCD010000012.1,pfor,46,2.504e-7,0.257
FW_TWAS_rep_1,GCA_034676565.1,JAUCCD010000045.1,tdcB,325,2e-98,0.447
FW_TWAS_rep_1,GCA_034676565.1,JAUCCD010000035.1,acs,144,1.291e-37,0.272
FW_TWAS_rep_1,GCA_034676565.1,JAUCCD010000002.1,fadD,123,7.231e-32,0.31
FW_TWAS_rep_1,GCA_034676565.1,JAUCCD010000028.1,edd,235,4.344e-67,0.323
FW_TWAS_rep_1,GCA_034676565.1,JAUCCD010000018.1,thl,278,7.142e-84,0.439
FW_TWAS_rep_1,GCA_034676565.1,JAUCCD010000028.1,acylglycerol_lipase,41,3.031e-6,0.379
FW_TWAS_rep_1,GCA_034676565.1,JAUCCD010000018.1,fadA,356,1.365e-110,0.528
FW_TWAS_rep_1,GCA_034676565.1,JAUCCD010000035.1,aldh,46,4.312e-7,0.266
FW_TWAS_rep_1,GCA_034676565.1,JAUCCD010000012.1,rnfB,221,1.067e-67,0.666
FW_TWAS_rep_1,GCA_034676565.1,JAUCCD010000002.1,ilvE,48,1.61e-7,0.307
FW_TWAS_rep_1,GCA_034676565.1,JAUCCD010000012.1,fadD,170,7.747e-46,0.31
FW_TWAS_rep_1,GCA_034676565.1,JAUCCD010000035.1,etfB,308,1.755e-96,0.682
FW_TWAS_rep_1,GCA_034676565.1,JAUCCD010000003.1,frhG,43,2.033e-7,0.247
FW_TWAS_rep_1,GCA_034676565.1,JAUCCD010000015.1,mdh,175,3.918e-49,0.436
FW_TWAS_rep_1,GCA_034676565.1,JAUCCD010000041.1,fadB,106,2.531e-26,0.321
FW_TWAS_rep_1,GCA_034676565.1,JAUCCD010000012.1,frhB,47,3.436e-8,0.411
FW_TWAS_rep_1,GCA_034676565.1,JAUCCD010000021.1,tdcB,89,4.087e-21,0.298
FW_TWAS_rep_1,GCA_034676565.1,JAUCCD010000041.1,etfB,109,1.259e-28,0.374
FW_TWAS_rep_1,GCA_034676565.1,JAUCCD010000028.1,rnfB,46,5.015e-9,0.333
FW_TWAS_rep_1,GCA_034676565.1,JAUCCD010000012.1,pepN,401,7.413e-119,0.409
FW_TWAS_rep_1,GCA_034676565.1,JAUCCD010000044.1,fadA,159,1.492e-46,0.474
FW_TWAS_rep_1,GCA_034676565.1,JAUCCD010000004.1,pta,116,2.423e-28,0.263
FW_TWAS_rep_1,GCA_034676565.1,JAUCCD010000043.1,aldh,42,5.781e-6,0.232
FW_TWAS_rep_1,GCA_034676565.1,JAUCCD010000020.1,cazy_GH13,54,1.688e-9,0.245
FW_TWAS_rep_1,GCA_034676565.1,JAUCCD010000002.1,etfB,300,1.051e-93,0.661
FW_TWAS_rep_1,GCA_034676565.1,JAUCCD010000045.1,endopeptidase,87,1.306e-20,0.296
FW_TWAS_rep_1,GCA_034676565.1,JAUCCD010000020.1,dppA,101,1.089e-23,0.234
FW_TWAS_rep_1,GCA_034676565.1,JAUCCD010000032.1,acs,68,8.615e-14,0.242
FW_TWAS_rep_1,GCA_034676565.1,JAUCCD010000044.1,thl,157,9.82e-46,0.487
FW_TWAS_rep_1,GCA_034676565.1,JAUCCD010000018.1,ackA,341,1.109e-103,0.495
FW_TWAS_rep_1,GCA_034676565.1,JAUCCD010000018.1,fadE,104,1.664e-24,0.275
FW_TWAS_rep_1,GCA_034676565.1,JAUCCD010000028.1,acs,460,1.195e-143,0.45
FW_TWAS_rep_1,GCA_034676565.1,JAUCCD010000004.1,phospholipase,94,1.992e-22,0.307
FW_TWAS_rep_1,GCA_034676565.1,JAUCCD010000035.1,fadA,336,3.962e-104,0.497
FW_TWAS_rep_1,GCA_034676565.1,JAUCCD010000001.1,etfA,63,3.734e-13,0.284
FW_TWAS_rep_1,GCA_034676565.1,JAUCCD010000020.1,pgi,599,8.539e-192,0.581
FW_TWAS_rep_1,GCA_034676565.1,JAUCCD010000020.1,oppB,136,3.37e-35,0.35
FW_TWAS_rep_1,GCA_034676565.1,JAUCCD010000001.1,fadA,251,9.285e-75,0.418
FW_TWAS_rep_1,GCA_034676565.1,JAUCCD010000037.1,folD,335,1.658e-105,0.58
FW_TWAS_rep_1,GCA_034676565.1,JAUCCD010000031.1,gdh,111,5.75e-28,0.328
FW_TWAS_rep_1,GCA_034676565.1,JAUCCD010000031.1,sucC,385,1.005e-120,0.503
FW_TWAS_rep_1,GCA_034676565.1,JAUCCD010000036.1,fumB,108,8.868e-29,0.338
FW_TWAS_rep_1,GCA_034676565.1,JAUCCD010000035.1,hbd,234,2.036e-65,0.408
FW_TWAS_rep_1,GCA_034676565.1,JAUCCD010000029.1,acylglycerol_lipase,50,7.367e-9,0.341
FW_TWAS_rep_1,GCA_034676565.1,JAUCCD010000035.1,mer,112,9.326e-28,0.305
FW_TWAS_rep_1,GCA_034676565.1,JAUCCD010000044.1,bcd,98,7.544e-23,0.275
FW_TWAS_rep_1,GCA_034676565.1,JAUCCD010000020.1,dppB,128,3.207e-34,0.286
FW_TWAS_rep_1,GCA_034676565.1,JAUCCD010000035.1,fadD,232,1.322e-66,0.336
FW_TWAS_rep_1,GCA_034676565.1,JAUCCD010000034.1,endopeptidase,174,2.553e-50,0.474
FW_TWAS_rep_1,GCA_034676565.1,JAUCCD010000001.1,fadE,312,5.497e-96,0.476
FW_TWAS_rep_1,GCA_034676565.1,JAUCCD010000033.1,acs,51,3.095e-9,0.325
FW_TWAS_rep_1,GCA_034676565.1,JAUCCD010000032.1,fadB,74,1.316e-16,0.312
FW_TWAS_rep_1,GCA_034676565.1,JAUCCD010000035.1,thl,274,4.55e-81,0.422
FW_TWAS_rep_1,GCA_034676565.1,JAUCCD010000010.1,fdhA,126,1.832e-31,0.268
FW_TWAS_rep_1,GCA_034676565.1,JAUCCD010000012.1,pepA,386,6.496e-119,0.485
FW_TWAS_rep_1,GCA_034676565.1,JAUCCD010000032.1,cazy_GH5,91,1.158e-21,0.285
FW_TWAS_rep_1,GCA_034676565.1,JAUCCD010000005.1,lysophospholipase,166,6.692e-48,0.409
FW_TWAS_rep_1,GCA_034676565.1,JAUCCD010000001.1,thl,400,6.121e-126,0.588
FW_TWAS_rep_1,GCA_034676565.1,JAUCCD010000002.1,bcd,122,2.189e-30,0.312
FW_TWAS_rep_1,GCA_034676565.1,JAUCCD010000044.1,fadE,104,2.067e-24,0.282
FW_TWAS_rep_1,GCA_034676565.1,JAUCCD010000003.1,pepN,79,2.585e-17,0.28
FW_TWAS_rep_1,GCA_034676565.1,JAUCCD010000022.1,endopeptidase,273,2.127e-81,0.401
FW_TWAS_rep_1,GCA_034676565.1,JAUCCD010000008.1,tdcB,333,1.307e-97,0.465
FW_TWAS_rep_1,GCA_034676565.1,JAUCCD010000002.1,acs,115,3.71e-29,0.313
FW_TWAS_rep_1,GCA_034676565.1,JAUCCD010000032.1,edd,223,8.807e-63,0.323
FW_TWAS_rep_1,GCA_034676565.1,JAUCCD010000018.1,crt,139,1.207e-38,0.357
FW_TWAS_rep_1,GCA_034676565.1,JAUCCD010000017.1,pepQ,65,8.866e-14,0.272
FW_TWAS_rep_1,GCA_034676565.1,JAUCCD010000031.1,crt,287,7.592e-89,0.63
FW_TWAS_rep_1,GCA_034676565.1,JAUCCD010000023.1,gapA,175,7.703e-50,0.363
FW_TWAS_rep_1,GCA_034676565.1,JAUCCD010000036.1,adh,64,1.565e-13,0.298
FW_TWAS_rep_1,GCA_034676565.1,JAUCCD010000028.1,fadB,188,6.58e-55,0.401
FW_TWAS_rep_1,GCA_034676565.1,JAUCCD010000032.1,fadD,212,9.755e-60,0.349
FW_TWAS_rep_1,GCA_034676565.1,JAUCCD010000035.1,fadE,153,3.228e-41,0.35
FW_TWAS_rep_1,GCA_034676565.1,JAUCCD010000003.1,lctC,441,1.539e-138,0.514
FW_TWAS_rep_1,GCA_034676565.1,JAUCCD010000002.1,fadE,145,1.418e-37,0.338
FW_TWAS_rep_1,GCA_034676565.1,JAUCCD010000012.1,pyk,364,3.325e-112,0.455
FW_TWAS_rep_1,GCA_034676565.1,JAUCCD010000020.1,dppC,118,1.228e-29,0.307
FW_TWAS_rep_1,GCA_034676565.1,JAUCCD010000003.1,fdhA,123,1.691e-30,0.233
FW_TWAS_rep_1,GCA_034676565.1,JAUCCD010000028.1,frhB,45,7.105e-7,0.343
FW_TWAS_rep_1,GCA_034676565.1,JAUCCD010000012.1,acylglycerol_lipase,43,1.247e-6,0.239
FW_TWAS_rep_1,GCA_034676565.1,JAUCCD010000031.1,fadB,116,2.445e-30,0.37
FW_TWAS_rep_1,GCA_034676565.1,JAUCCD010000001.1,crt,136,2.304e-37,0.388
FW_TWAS_rep_1,GCA_034676565.1,JAUCCD010000018.1,bcd,98,8.091e-23,0.258
FW_TWAS_rep_1,GCA_034676565.1,JAUCCD010000030.1,fwdA,44,1.773e-6,0.355
FW_TWAS_rep_1,GCA_034676565.1,JAUCCD010000028.1,adh,77,6.868e-18,0.278
FW_TWAS_rep_1,GCA_034676565.1,JAUCCD010000029.1,lysophospholipase,53,1.344e-9,0.369
FW_TWAS_rep_1,GCA_034676565.1,JAUCCD010000031.1,etfA,126,1.605e-33,0.383
FW_TWAS_rep_1,GCA_034676565.1,JAUCCD010000043.1,endopeptidase,94,6.578e-22,0.328
FW_TWAS_rep_1,GCA_034676565.1,JAUCCD010000026.1,thl,322,3.972e-99,0.485
FW_TWAS_rep_1,GCA_034676565.1,JAUCCD010000035.1,crt,229,4.539e-69,0.488
FW_TWAS_rep_1,GCA_034676565.1,JAUCCD010000021.1,fdhA,349,1.398e-104,0.367
FW_TWAS_rep_1,GCA_034676565.1,JAUCCD010000032.1,etfA,58,1.645e-11,0.293
FW_TWAS_rep_1,GCA_034676565.1,JAUCCD010000024.1,lctB,63,5.832e-12,0.25
FW_TWAS_rep_1,GCA_034676565.1,JAUCCD010000036.1,fadA,213,1.982e-62,0.438
FW_TWAS_rep_1,GCA_034676565.1,JAUCCD010000018.1,etfA,79,1.549e-18,0.32
FW_TWAS_rep_1,GCA_034676565.1,JAUCCD010000020.1,oppA,115,3.714e-28,0.257
FW_TWAS_rep_1,GCA_034676565.1,JAUCCD010000028.1,fadD,219,3.812e-62,0.338
FW_TWAS_rep_1,GCA_937869105.1,CALMKZ010000130.1,frhG,80,5.714e-18,0.347
FW_TWAS_rep_1,GCA_937869105.1,CALMKZ010000129.1,mdh,288,3.211e-89,0.505
FW_TWAS_rep_1,GCA_937869105.1,CALMKZ010000112.1,tdcB,224,4.261e-67,0.401
FW_TWAS_rep_1,GCA_937869105.1,CALMKZ010000058.1,eda,135,1.656e-37,0.376
FW_TWAS_rep_1,GCA_937869105.1,CALMKZ010000113.1,susC,70,2.435e-14,0.386
FW_TWAS_rep_1,GCA_937869105.1,CALMKZ010000125.1,fadA,360,2.065e-112,0.527
FW_TWAS_rep_1,GCA_937869105.1,CALMKZ010000098.1,pyk,392,3.172e-122,0.478
FW_TWAS_rep_1,GCA_937869105.1,CALMKZ010000125.1,frhA,128,2.373e-32,0.263
FW_TWAS_rep_1,GCA_937869105.1,CALMKZ010000122.1,extracellular_protease,141,1.66e-36,0.377
FW_TWAS_rep_1,GCA_937869105.1,CALMKZ010000075.1,fadE,190,7.6e-54,0.366
FW_TWAS_rep_1,GCA_937869105.1,CALMKZ010000069.1,folD,265,1.466e-81,0.494
FW_TWAS_rep_1,GCA_937869105.1,CALMKZ010000007.1,hbd,162,9.789e-48,0.5
FW_TWAS_rep_1,GCA_937869105.1,CALMKZ010000032.1,etfA,195,4.381e-57,0.415
FW_TWAS_rep_1,GCA_937869105.1,CALMKZ010000115.1,fadE,278,6.209e-84,0.441
FW_TWAS_rep_1,GCA_937869105.1,CALMKZ010000051.1,susC,573,1.636e-176,0.378
FW_TWAS_rep_1,GCA_937869105.1,CALMKZ010000032.1,pepN,55,5.586e-10,0.231
FW_TWAS_rep_1,GCA_937869105.1,CALMKZ010000099.1,susC,303,9.29e-86,0.281
FW_TWAS_rep_1,GCA_937869105.1,CALMKZ010000125.1,fadB,122,5.071e-30,0.306
FW_TWAS_rep_1,GCA_937869105.1,CALMKZ010000097.1,pepN,101,3.556e-24,0.22
FW_TWAS_rep_1,GCA_937869105.1,CALMKZ010000058.1,pyk,149,2.131e-39,0.336
FW_TWAS_rep_1,GCA_937869105.1,CALMKZ010000042.1,susC,543,4.312e-168,0.396
FW_TWAS_rep_1,GCA_937869105.1,CALMKZ010000028.1,lysophospholipase,69,4.536e-15,0.271
FW_TWAS_rep_1,GCA_937869105.1,CALMKZ010000075.1,pepQ,87,4.592e-20,0.331
FW_TWAS_rep_1,GCA_937869105.1,CALMKZ010000110.1,susC,93,3.099e-21,0.341
FW_TWAS_rep_1,GCA_937869105.1,CALMKZ010000018.1,mvhG,43,1.056e-6,0.273
FW_TWAS_rep_1,GCA_937869105.1,CALMKZ010000086.1,ackA,364,1.565e-113,0.48
FW_TWAS_rep_1,GCA_937869105.1,CALMKZ010000125.1,mvhG,42,4.768e-6,0.229
FW_TWAS_rep_1,GCA_937869105.1,CALMKZ010000113.1,thl,407,1.494e-128,0.549
FW_TWAS_rep_1,GCA_937869105.1,CALMKZ010000020.1,cazy_GH13,102,1.149e-24,0.3
FW_TWAS_rep_1,GCA_937869105.1,CALMKZ010000110.1,bcd,268,9.82e-81,0.4
FW_TWAS_rep_1,GCA_937869105.1,CALMKZ010000125.1,crt,62,9.75e-12,0.258
FW_TWAS_rep_1,GCA_937869105.1,CALMKZ010000032.1,etfB,144,4.014e-40,0.372
FW_TWAS_rep_1,GCA_937869105.1,CALMKZ010000113.1,gapA,487,1.671e-157,0.695
FW_TWAS_rep_1,GCA_937869105.1,CALMKZ010000044.1,tdcB,294,2.568e-89,0.435
FW_TWAS_rep_1,GCA_937869105.1,CALMKZ010000125.1,frhG,53,1.058e-9,0.289
FW_TWAS_rep_1,GCA_937869105.1,CALMKZ010000051.1,fadB,201,4.064e-59,0.418
FW_TWAS_rep_1,GCA_937869105.1,CALMKZ010000112.1,adh,57,2.697e-11,0.254
FW_TWAS_rep_1,GCA_937869105.1,CALMKZ010000086.1,pta,222,4.566e-62,0.411
FW_TWAS_rep_1,GCA_937869105.1,CALMKZ010000106.1,lctB,64,1.632e-13,0.246
FW_TWAS_rep_1,GCA_937869105.1,CALMKZ010000097.1,pfkA,184,1.351e-52,0.371
FW_TWAS_rep_1,GCA_937869105.1,CALMKZ010000115.1,mer,48,4.074e-8,0.232
FW_TWAS_rep_1,GCA_937869105.1,CALMKZ010000084.1,susC,153,9.249e-39,0.42
FW_TWAS_rep_1,GCA_937869105.1,CALMKZ010000125.1,bcd,255,1.314e-73,0.385
FW_TWAS_rep_1,GCA_937869105.1,CALMKZ010000108.1,susC,169,1.427e-49,0.459
FW_TWAS_rep_1,GCA_937869105.1,CALMKZ010000008.1,susC,87,1.732e-19,0.432
FW_TWAS_rep_1,GCA_937869105.1,CALMKZ010000097.1,endopeptidase,222,9.449e-65,0.407
FW_TWAS_rep_1,GCA_937869105.1,CALMKZ010000051.1,bgl,147,7.921e-40,0.288
FW_TWAS_rep_1,GCA_937869105.1,CALMKZ010000002.1,fwdA,44,1.835e-6,0.435
FW_TWAS_rep_1,GCA_937869105.1,CALMKZ010000051.1,adhE,96,2.273e-23,0.281
FW_TWAS_rep_1,GCA_937869105.1,CALMKZ010000051.1,xylA,518,4.083e-166,0.563
FW_TWAS_rep_1,GCA_937869105.1,CALMKZ010000032.1,acs,136,6.974e-35,0.283
FW_TWAS_rep_1,GCA_937869105.1,CALMKZ010000074.1,crt,137,7.807e-38,0.37
FW_TWAS_rep_1,GCA_937869105.1,CALMKZ010000080.1,thl,339,3.93e-105,0.492
FW_TWAS_rep_1,GCA_937869105.1,CALMKZ010000097.1,cazy_GH13,51,1.573e-8,0.318
FW_TWAS_rep_1,GCA_937869105.1,CALMKZ010000126.1,adhE,61,6.643e-12,0.223
FW_TWAS_rep_1,GCA_937869105.1,CALMKZ010000126.1,pepO,643,3.747e-205,0.481
FW_TWAS_rep_1,GCA_937869105.1,CALMKZ010000121.1,pepQ,157,2.7e-42,0.309
FW_TWAS_rep_1,GCA_937869105.1,CALMKZ010000032.1,pfkA,271,1.437e-82,0.495
FW_TWAS_rep_1,GCA_937869105.1,CALMKZ010000113.1,tdcB,70,1.041e-14,0.291
FW_TWAS_rep_1,GCA_937869105.1,CALMKZ010000075.1,frhG,43,3.745e-7,0.252
FW_TWAS_rep_1,GCA_937869105.1,CALMKZ010000125.1,thl,291,1.257e-88,0.459
FW_TWAS_rep_1,GCA_937869105.1,CALMKZ010000125.1,fadE,216,9.764e-61,0.359
FW_TWAS_rep_1,GCA_937869105.1,CALMKZ010000020.1,etfA,141,1.539e-39,0.405
FW_TWAS_rep_1,GCA_937869105.1,CALMKZ010000032.1,acylglycerol_lipase,47,9.505e-8,0.256
FW_TWAS_rep_1,GCA_937869105.1,CALMKZ010000077.1,ilvE,254,3.346e-76,0.384
FW_TWAS_rep_1,GCA_937869105.1,CALMKZ010000130.1,bcd,117,5.078e-29,0.267
FW_TWAS_rep_1,GCA_937869105.1,CALMKZ010000130.1,etfA,87,5.974e-21,0.288
FW_TWAS_rep_1,GCA_937869105.1,CALMKZ010000044.1,edd,213,7.648e-60,0.346
FW_TWAS_rep_1,GCA_937869105.1,CALMKZ010000125.1,fadD,237,2.911e-68,0.34
FW_TWAS_rep_1,GCA_937869105.1,CALMKZ010000099.1,sucD,351,3.009e-111,0.595
FW_TWAS_rep_1,GCA_937869105.1,CALMKZ010000080.1,acylglycerol_lipase,42,1.944e-6,0.275
FW_TWAS_rep_1,GCA_937869105.1,CALMKZ010000098.1,thl,41,7.035e-6,0.28
FW_TWAS_rep_1,GCA_937869105.1,CALMKZ010000115.1,acylglycerol_lipase,56,5.111e-11,0.32
FW_TWAS_rep_1,GCA_937869105.1,CALMKZ010000130.1,frhA,139,1.503e-36,0.257
FW_TWAS_rep_1,GCA_937869105.1,CALMKZ010000130.1,fdhA,42,3.088e-6,0.265
FW_TWAS_rep_1,GCA_937869105.1,CALMKZ010000051.1,agl,241,3.248e-69,0.353
FW_TWAS_rep_1,GCA_937869105.1,CALMKZ010000115.1,bcd,382,1.228e-119,0.535
FW_TWAS_rep_1,GCA_937869105.1,CALMKZ010000018.1,frhG,47,6.205e-8,0.274
FW_TWAS_rep_1,GCA_937869105.1,CALMKZ010000045.1,acs,789,2.249e-256,0.61
FW_TWAS_rep_1,GCA_937869105.1,CALMKZ010000097.1,fadD,262,4.241e-76,0.33
FW_TWAS_rep_1,GCA_937869105.1,CALMKZ010000007.1,fadB,111,5.124e-30,0.359
FW_TWAS_rep_1,GCA_937869105.1,CALMKZ010000020.1,ilvE,265,2.034e-80,0.403
FW_TWAS_rep_1,GCA_937869105.1,CALMKZ010000051.1,susD,112,1.184e-27,0.272
FW_TWAS_rep_1,GCA_937869105.1,CALMKZ010000089.1,lipase,44,1.064e-6,0.336
FW_TWAS_rep_1,GCA_937869105.1,CALMKZ010000051.1,cazy_GH13,194,1.545e-53,0.366
FW_TWAS_rep_1,GCA_937869105.1,CALMKZ010000084.1,pfor,1135,0.0,0.515
FW_TWAS_rep_1,GCA_937869105.1,CALMKZ010000119.1,extracellular_protease,148,4.987e-39,0.411
FW_TWAS_rep_1,GCA_937869105.1,CALMKZ010000019.1,adhE,191,9.492e-55,0.339
FW_TWAS_rep_1,GCA_937869105.1,CALMKZ010000075.1,mvhG,40,5.314e-6,0.464
FW_TWAS_rep_1,GCA_937869105.1,CALMKZ010000130.1,mvhA,443,1.075e-139,0.47
FW_TWAS_rep_1,GCA_937869105.1,CALMKZ010000130.1,fadB,96,2.96e-24,0.343
FW_TWAS_rep_1,GCA_937869105.1,CALMKZ010000051.1,hbd,307,1.021e-95,0.544
FW_TWAS_rep_1,GCA_937869105.1,CALMKZ010000125.1,pepD,46,2.043e-7,0.263
FW_TWAS_rep_1,GCA_937869105.1,CALMKZ010000020.1,crt,289,1.887e-90,0.586
FW_TWAS_rep_1,GCA_937869105.1,CALMKZ010000125.1,acs,128,2.201e-32,0.276
FW_TWAS_rep_1,GCA_937869105.1,CALMKZ010000059.1,gdh,441,7.283e-140,0.538
FW_TWAS_rep_1,GCA_937869105.1,CALMKZ010000020.1,fadB,109,1.621e-28,0.348
FW_TWAS_rep_1,GCA_937869105.1,CALMKZ010000126.1,susC,573,1.636e-176,0.373
FW_TWAS_rep_1,GCA_937869105.1,CALMKZ010000032.1,adh,52,1.022e-9,0.292
FW_TWAS_rep_1,GCA_937869105.1,CALMKZ010000051.1,dtpT,391,2.806e-121,0.444
FW_TWAS_rep_1,GCA_937869105.1,CALMKZ010000084.1,fadD,235,3.61e-67,0.331
FW_TWAS_rep_1,GCA_937869105.1,CALMKZ010000124.1,pta,149,1.331e-38,0.311
FW_TWAS_rep_1,GCA_937869105.1,CALMKZ010000058.1,dtpT,48,6.621e-8,0.311
FW_TWAS_rep_1,GCA_937869105.1,CALMKZ010000020.1,adh,74,1.156e-16,0.331
FW_TWAS_rep_1,GCA_937869105.1,CALMKZ010000018.1,pepN,161,4.591e-43,0.291
FW_TWAS_rep_1,GCA_937869105.1,CALMKZ010000069.1,pepN,144,1.455e-37,0.258
FW_TWAS_rep_1,GCA_937869105.1,CALMKZ010000130.1,adh,78,5.29e-18,0.306
FW_TWAS_rep_1,GCA_937869105.1,CALMKZ010000075.1,bcd,153,2.017e-41,0.292
FW_TWAS_rep_1,GCA_937869105.1,CALMKZ010000074.1,etfA,100,3.803e-25,0.319
FW_TWAS_rep_1,GCA_937869105.1,CALMKZ010000032.1,cazy_GH13,226,8.533e-65,0.395
FW_TWAS_rep_1,GCA_937869105.1,CALMKZ010000082.1,aldh,52,4.848e-9,0.267
FW_TWAS_rep_1,GCA_937869105.1,CALMKZ010000084.1,acs,138,1.082e-35,0.26
FW_TWAS_rep_1,GCA_937869105.1,CALMKZ010000110.1,cat,236,6.042e-72,0.538
FW_TWAS_rep_1,GCA_937869105.1,CALMKZ010000075.1,adh,55,1.305e-10,0.32
FW_TWAS_rep_1,GCA_937869105.1,CALMKZ010000080.1,fadA,353,4.982e-110,0.517
FW_TWAS_rep_1,GCA_937869105.1,CALMKZ010000098.1,pepT,72,2.064e-15,0.275
FW_TWAS_rep_1,GCA_937869105.1,CALMKZ010000032.1,fadD,217,1.546e-61,0.322
FW_TWAS_rep_1,GCA_937869105.1,CALMKZ010000126.1,susD,129,8.741e-33,0.289
FW_TWAS_rep_1,GCA_937869105.1,CALMKZ010000125.1,mvhA,142,5.614e-37,0.261
FW_TWAS_rep_1,GCA_937869105.1,CALMKZ010000130.1,crt,174,8.804e-51,0.41
FW_TWAS_rep_1,GCA_937869105.1,CALMKZ010000131.1,mmcE,495,3.262e-153,0.503
FW_TWAS_rep_1,GCA_937869105.1,CALMKZ010000044.1,ilvE,137,1.469e-37,0.377
FW_TWAS_rep_1,GCA_937869105.1,CALMKZ010000084.1,rnfB,90,1.396e-21,0.287
FW_TWAS_rep_1,GCA_937869105.1,CALMKZ010000130.1,mvhG,113,2.844e-28,0.362
FW_TWAS_rep_1,GCA_937869105.1,CALMKZ010000125.1,etfA,44,3.198e-6,0.423
FW_TWAS_rep_1,GCA_937869105.1,CALMKZ010000022.1,cazy_GH43,119,4.649e-31,0.346
FW_TWAS_rep_1,GCA_937869105.1,CALMKZ010000097.1,crt,136,1.628e-37,0.342
FW_TWAS_rep_1,GCA_937869105.1,CALMKZ010000115.1,hbd,84,1.823e-20,0.401
FW_TWAS_rep_1,GCA_937869105.1,CALMKZ010000032.1,pgi,671,3.373e-217,0.625
FW_TWAS_rep_1,GCA_937869105.1,CALMKZ010000020.1,agl,78,3.019e-17,0.273
FW_TWAS_rep_1,GCA_937869105.1,CALMKZ010000032.1,agl,178,6.17e-47,0.303
FW_TWAS_rep_1,GCA_937869105.1,CALMKZ010000129.1,mmcE,299,2.793e-84,0.364
FW_TWAS_rep_1,GCA_937869105.1,CALMKZ010000097.1,acs,55,9.461e-10,0.208
FW_TWAS_rep_1,GCA_937869105.1,CALMKZ010000125.1,hbd,128,7.819e-32,0.295
FW_TWAS_rep_1,GCA_937869105.1,CALMKZ010000131.1,glcP,195,5.342e-55,0.312
FW_TWAS_rep_1,GCA_937869105.1,CALMKZ010000130.1,hydA,87,4.444e-20,0.25
FW_TWAS_rep_1,GCA_937869105.1,CALMKZ010000061.1,susC,127,8.188e-32,0.239
FW_TWAS_rep_1,GCA_937869105.1,CALMKZ010000110.1,fadE,194,1.446e-55,0.356
FW_TWAS_rep_1,GCA_937869105.1,CALMKZ010000069.1,pepQ,134,5.464e-35,0.308
FW_TWAS_rep_1,GCA_937869105.1,CALMKZ010000045.1,fadD,123,8.073e-31,0.26
FW_TWAS_rep_1,GCA_937869105.1,CALMKZ010000018.1,pepQ,123,3.481e-31,0.304
FW_TWAS_rep_1,GCA_937869105.1,CALMKZ010000078.1,fwdA,44,1.867e-7,0.437
FW_TWAS_rep_1,GCA_937869105.1,CALMKZ010000097.1,pepT,96,1.239e-22,0.282
FW_TWAS_rep_1,GCA_937869105.1,CALMKZ010000098.1,fadD,195,6.377e-54,0.324
FW_TWAS_rep_1,GCA_937869105.1,CALMKZ010000130.1,fadE,117,8.928e-29,0.317
FW_TWAS_rep_1,GCA_937869105.1,CALMKZ010000131.1,mmcF,132,2.945e-33,0.51
FW_TWAS_rep_1,GCA_937869105.1,CALMKZ010000098.1,acs,153,1.849e-40,0.286
FW_TWAS_rep_1,GCA_937869105.1,CALMKZ010000112.1,pepN,63,3.995e-12,0.264
FW_TWAS_rep_1,GCA_937869105.1,CALMKZ010000071.1,susC,220,9.053e-60,0.25
FW_TWAS_rep_1,GCA_937869105.1,CALMKZ010000098.1,pepD,49,2.836e-8,0.221
FW_TWAS_rep_1,GCA_937869105.1,CALMKZ010000113.1,fadA,254,7.748e-76,0.416
FW_TWAS_rep_1,GCA_937869105.1,CALMKZ010000097.1,susC,166,1.98e-48,0.458
FW_TWAS_rep_1,GCA_937869105.1,CALMKZ010000002.1,susC,48,1.102e-7,0.246
FW_TWAS_rep_1,GCA_937869105.1,CALMKZ010000069.1,mmcG,111,8.124e-31,0.436
FW_TWAS_rep_1,GCA_044230475.1,JBGARA010000046.1,dppC,242,4.636e-74,0.489
FW_TWAS_rep_1,GCA_044230475.1,JBGARA010000081.1,fwdA,53,2.517e-9,0.227
FW_TWAS_rep_1,GCA_044230475.1,JBGARA010000026.1,mdh,315,1.786e-98,0.538
FW_TWAS_rep_1,GCA_044230475.1,JBGARA010000011.1,frhG,40,3.992e-6,0.343
FW_TWAS_rep_1,GCA_044230475.1,JBGARA010000064.1,pepQ,191,7.514e-54,0.358
FW_TWAS_rep_1,GCA_044230475.1,JBGARA010000104.1,acylglycerol_lipase,56,1.253e-10,0.239
FW_TWAS_rep_1,GCA_044230475.1,JBGARA010000003.1,adh,66,2.734e-14,0.307
FW_TWAS_rep_1,GCA_044230475.1,JBGARA010000032.1,fadB,91,4.55e-22,0.313
FW_TWAS_rep_1,GCA_044230475.1,JBGARA010000028.1,thl,400,4.295e-126,0.571
FW_TWAS_rep_1,GCA_044230475.1,JBGARA010000040.1,extracellular_protease,139,1.138e-35,0.301
FW_TWAS_rep_1,GCA_044230475.1,JBGARA010000002.1,fadD,130,4.943e-32,0.279
FW_TWAS_rep_1,GCA_044230475.1,JBGARA010000004.1,fdhA,561,7.353e-173,0.383
FW_TWAS_rep_1,GCA_044230475.1,JBGARA010000037.1,acs,106,1.378e-25,0.248
FW_TWAS_rep_1,GCA_044230475.1,JBGARA010000004.1,fadD,358,3.152e-108,0.406
FW_TWAS_rep_1,GCA_044230475.1,JBGARA010000005.1,pepA,404,1.328e-125,0.463
FW_TWAS_rep_1,GCA_044230475.1,JBGARA010000106.1,pepN,162,1.898e-42,0.26
FW_TWAS_rep_1,GCA_044230475.1,JBGARA010000079.1,bcd,354,1.871e-110,0.496
FW_TWAS_rep_1,GCA_044230475.1,JBGARA010000098.1,fadB,141,5.681e-36,0.322
FW_TWAS_rep_1,GCA_044230475.1,JBGARA010000098.1,fadA,380,9.949e-120,0.558
FW_TWAS_rep_1,GCA_044230475.1,JBGARA010000130.1,ilvE,137,7.324e-37,0.32
FW_TWAS_rep_1,GCA_044230475.1,JBGARA010000098.1,crt,66,5.997e-13,0.286
FW_TWAS_rep_1,GCA_044230475.1,JBGARA010000011.1,pepQ,61,2.494e-12,0.274
FW_TWAS_rep_1,GCA_044230475.1,JBGARA010000042.1,oppA,156,1.617e-41,0.263
FW_TWAS_rep_1,GCA_044230475.1,JBGARA010000002.1,acs,119,1.082e-28,0.279
FW_TWAS_rep_1,GCA_044230475.1,JBGARA010000026.1,dppC,274,4.847e-84,0.464
FW_TWAS_rep_1,GCA_044230475.1,JBGARA010000042.1,dppA,203,4.747e-57,0.31
FW_TWAS_rep_1,GCA_044230475.1,JBGARA010000026.1,oppA,311,1.755e-91,0.328
FW_TWAS_rep_1,GCA_044230475.1,JBGARA010000013.1,fdhA,147,7.16e-38,0.271
FW_TWAS_rep_1,GCA_044230475.1,JBGARA010000005.1,sucD,114,5.351e-29,0.469
FW_TWAS_rep_1,GCA_044230475.1,JBGARA010000075.1,fadD,139,1.321e-35,0.275
FW_TWAS_rep_1,GCA_044230475.1,JBGARA010000041.1,acs,180,1.995e-49,0.304
FW_TWAS_rep_1,GCA_044230475.1,JBGARA010000006.1,hydA,41,4.535e-6,0.289
FW_TWAS_rep_1,GCA_044230475.1,JBGARA010000073.1,pfor,42,5.691e-6,0.316
FW_TWAS_rep_1,GCA_044230475.1,JBGARA010000040.1,acs,100,3.497e-23,0.24
FW_TWAS_rep_1,GCA_044230475.1,JBGARA010000014.1,fadA,404,1.238e-127,0.558
FW_TWAS_rep_1,GCA_044230475.1,JBGARA010000026.1,oppB,342,1.725e-107,0.582
FW_TWAS_rep_1,GCA_044230475.1,JBGARA010000017.1,bcd,340,2.015e-105,0.458
FW_TWAS_rep_1,GCA_044230475.1,JBGARA010000028.1,fadB,209,1.092e-61,0.429
FW_TWAS_rep_1,GCA_044230475.1,JBGARA010000073.1,frhB,43,1.865e-6,0.411
FW_TWAS_rep_1,GCA_044230475.1,JBGARA010000046.1,dppB,243,4.713e-73,0.409
FW_TWAS_rep_1,GCA_044230475.1,JBGARA010000007.1,fadD,263,1.364e-72,0.314
FW_TWAS_rep_1,GCA_044230475.1,JBGARA010000028.1,fadA,302,3.114e-92,0.437
FW_TWAS_rep_1,GCA_044230475.1,JBGARA010000026.1,extracellular_protease,125,4.72e-31,0.335
FW_TWAS_rep_1,GCA_044230475.1,JBGARA010000011.1,sucD,361,6.784e-114,0.598
FW_TWAS_rep_1,GCA_044230475.1,JBGARA010000079.1,fadE,271,6.121e-82,0.46
FW_TWAS_rep_1,GCA_044230475.1,JBGARA010000017.1,pepN,126,2.877e-32,0.273
FW_TWAS_rep_1,GCA_044230475.1,JBGARA010000038.1,lctC,43,1.076e-6,0.292
FW_TWAS_rep_1,GCA_044230475.1,JBGARA010000028.1,hbd,324,1.473e-101,0.577
FW_TWAS_rep_1,GCA_044230475.1,JBGARA010000014.1,fadE,231,9.002e-66,0.358
FW_TWAS_rep_1,GCA_044230475.1,JBGARA010000078.1,mmcE,702,1.91e-227,0.639
FW_TWAS_rep_1,GCA_044230475.1,JBGARA010000032.1,aldh,50,1.567e-8,0.266
FW_TWAS_rep_1,GCA_044230475.1,JBGARA010000002.1,crt,246,2.239e-75,0.52
FW_TWAS_rep_1,GCA_044230475.1,JBGARA010000107.1,hydA,42,1.212e-6,0.289
FW_TWAS_rep_1,GCA_044230475.1,JBGARA010000005.1,xylF,275,3.658e-84,0.472
FW_TWAS_rep_1,GCA_044230475.1,JBGARA010000041.1,pepT,211,2.944e-60,0.369
FW_TWAS_rep_1,GCA_044230475.1,JBGARA010000103.1,prdB,153,2.266e-43,0.352
FW_TWAS_rep_1,GCA_044230475.1,JBGARA010000044.1,xylB,49,2.407e-8,0.227
FW_TWAS_rep_1,GCA_044230475.1,JBGARA010000003.1,extracellular_protease,194,2.404e-54,0.433
FW_TWAS_rep_1,GCA_044230475.1,JBGARA010000043.1,lysophospholipase,51,1.631e-9,0.252
FW_TWAS_rep_1,GCA_044230475.1,JBGARA010000064.1,pepO,587,1.364e-185,0.458
FW_TWAS_rep_1,GCA_044230475.1,JBGARA010000054.1,fwdA,41,7.303e-6,0.363
FW_TWAS_rep_1,GCA_044230475.1,JBGARA010000065.1,etfA,120,7.053e-33,0.368
FW_TWAS_rep_1,GCA_044230475.1,JBGARA010000098.1,thl,316,1.149e-97,0.496
FW_TWAS_rep_1,GCA_044230475.1,JBGARA010000001.1,mmcG,44,7.389e-7,0.344
FW_TWAS_rep_1,GCA_044230475.1,JBGARA010000115.1,pta,241,1.121e-72,0.449
FW_TWAS_rep_1,GCA_044230475.1,JBGARA010000005.1,tdcB,239,3.333e-72,0.437
FW_TWAS_rep_1,GCA_044230475.1,JBGARA010000014.1,thl,321,4.764e-99,0.476
FW_TWAS_rep_1,GCA_044230475.1,JBGARA010000032.1,crt,172,8.881e-50,0.412
FW_TWAS_rep_1,GCA_044230475.1,JBGARA010000067.1,bcd,276,2.304e-83,0.406
FW_TWAS_rep_1,GCA_044230475.1,JBGARA010000013.1,frhG,48,1.18e-8,0.234
FW_TWAS_rep_1,GCA_044230475.1,JBGARA010000031.1,tdcB,173,1.191e-49,0.37
FW_TWAS_rep_1,GCA_044230475.1,JBGARA010000007.1,acs,486,2.767e-151,0.424
FW_TWAS_rep_1,GCA_044230475.1,JBGARA010000100.1,pepN,81,2.698e-18,0.248
FW_TWAS_rep_1,GCA_044230475.1,JBGARA010000098.1,hbd,149,1.593e-38,0.356
FW_TWAS_rep_1,GCA_044230475.1,JBGARA010000005.1,sucC,413,8.193e-131,0.543
FW_TWAS_rep_1,GCA_044230475.1,JBGARA010000032.1,etfA,106,4.43e-27,0.325
FW_TWAS_rep_1,GCA_044230475.1,JBGARA010000004.1,pepN,63,3.181e-12,0.233
FW_TWAS_rep_1,GCA_044230475.1,JBGARA010000004.1,hydA,93,5.263e-21,0.3
FW_TWAS_rep_1,GCA_044230475.1,JBGARA010000016.1,mmcE,689,1.86e-223,0.64
FW_TWAS_rep_1,GCA_044230475.1,JBGARA010000040.1,pepN,167,1.027e-43,0.29
FW_TWAS_rep_1,GCA_044230475.1,JBGARA010000010.1,tdcB,335,1.044e-103,0.501
FW_TWAS_rep_1,GCA_044230475.1,JBGARA010000060.1,extracellular_protease,147,6.758e-39,0.37
FW_TWAS_rep_1,GCA_044230475.1,JBGARA010000065.1,crt,141,2.171e-39,0.363
FW_TWAS_rep_1,GCA_044230475.1,JBGARA010000024.1,extracellular_protease,151,4.649e-39,0.353
FW_TWAS_rep_1,GCA_044230475.1,JBGARA010000010.1,extracellular_protease,104,1.245e-24,0.337
FW_TWAS_rep_1,GCA_044230475.1,JBGARA010000013.1,lysophospholipase,55,3.564e-10,0.247
FW_TWAS_rep_1,GCA_044230475.1,JBGARA010000026.1,dppB,249,6.851e-76,0.422
FW_TWAS_rep_1,GCA_044230475.1,JBGARA010000014.1,bcd,259,4.051e-75,0.38
FW_TWAS_rep_1,GCA_044230475.1,JBGARA010000075.1,acs,783,1.513e-253,0.584
FW_TWAS_rep_1,GCA_044230475.1,JBGARA010000007.1,pepT,76,8.747e-18,0.318
FW_TWAS_rep_1,GCA_044230475.1,JBGARA010000022.1,gdh,456,4.14e-145,0.519
FW_TWAS_rep_1,GCA_044230475.1,JBGARA010000067.1,fadE,239,1.14e-70,0.389
FW_TWAS_rep_1,GCA_044230475.1,JBGARA010000003.1,fdhA,181,2.935e-48,0.284
FW_TWAS_rep_1,GCA_044230475.1,JBGARA010000041.1,fadD,262,1.018e-76,0.362
FW_TWAS_rep_1,GCA_044230475.1,JBGARA010000012.1,dtpT,277,8.176e-82,0.357
FW_TWAS_rep_1,GCA_044230475.1,JBGARA010000026.1,dppA,232,2.82e-65,0.283
FW_TWAS_rep_1,GCA_044230475.1,JBGARA010000040.1,fadD,289,2.912e-82,0.357
FW_TWAS_rep_1,GCA_044230475.1,JBGARA010000006.1,fdhA,520,1.218e-161,0.408
FW_TWAS_rep_1,GCA_044230475.1,JBGARA010000019.1,pfkA,217,1.102e-63,0.397
FW_TWAS_rep_1,GCA_044230475.1,JBGARA010000013.1,hydA,111,7.905e-27,0.323
FW_TWAS_rep_1,GCA_044230475.1,JBGARA010000002.1,fadB,117,2.733e-31,0.375
FW_TWAS_rep_1,GCA_044230475.1,JBGARA010000037.1,extracellular_protease,167,9.488e-46,0.369
FW_TWAS_rep_1,GCA_044230475.1,JBGARA010000002.1,etfA,168,1.456e-48,0.419
FW_TWAS_rep_1,GCA_044230475.1,JBGARA010000073.1,frhG,42,5.691e-6,0.35
FW_TWAS_rep_1,GCA_044230475.1,JBGARA010000065.1,fadB,112,3.588e-30,0.383
FW_TWAS_rep_1,GCA_044230475.1,JBGARA010000037.1,fadD,353,1.166e-106,0.399
FW_TWAS_rep_1,GCA_044230475.1,JBGARA010000053.1,adh,59,7.462e-12,0.264
FW_TWAS_rep_1,GCA_044230475.1,JBGARA010000031.1,adhE,388,3.645e-119,0.478
FW_TWAS_rep_1,GCA_044230475.1,JBGARA010000001.1,mtrA,161,2.924e-44,0.484
FW_TWAS_rep_1,GCA_044230475.1,JBGARA010000036.1,extracellular_protease,84,5.696e-19,0.257
FW_TWAS_rep_1,GCA_044230475.1,JBGARA010000046.1,oppB,253,9.623e-78,0.49
FW_TWAS_rep_1,GCA_044230475.1,JBGARA010000008.1,pepN,74,1.202e-15,0.225
FW_TWAS_rep_1,GCA_044230475.1,JBGARA010000031.1,aldh,447,2.511e-139,0.47
FW_TWAS_rep_1,GCA_044230475.1,JBGARA010000055.1,pepN,74,7.362e-16,0.249
FW_TWAS_rep_1,GCA_044230475.1,JBGARA010000065.1,mmcF,197,5.177e-61,0.717
FW_TWAS_rep_1,GCA_044230475.1,JBGARA010000055.1,fhs,684,2.484e-221,0.612
FW_TWAS_rep_1,GCA_044230475.1,JBGARA010000013.1,mvhG,42,1.266e-6,0.516
FW_TWAS_rep_1,GCA_044230475.1,JBGARA010000004.1,acs,94,1.118e-21,0.258
FW_TWAS_rep_1,GCA_044230475.1,JBGARA010000054.1,etfA,204,7.258e-60,0.395
FW_TWAS_rep_1,GCA_044230475.1,JBGARA010000027.1,pyk,354,1.633e-108,0.441
FW_TWAS_rep_1,GCA_044230475.1,JBGARA010000079.1,mmcG,124,2.567e-35,0.453
FW_TWAS_rep_1,GCA_044230475.1,JBGARA010000107.1,fdhA,487,1.395e-151,0.409
FW_TWAS_rep_1,GCA_044230475.1,JBGARA010000017.1,fadE,257,5.99e-77,0.401
FW_TWAS_rep_1,GCA_044230475.1,JBGARA010000088.1,gapA,344,6.703e-108,0.523
FW_TWAS_rep_1,GCA_044230475.1,JBGARA010000054.1,etfB,124,2.053e-33,0.408
FW_TWAS_rep_1,GCA_044230475.1,JBGARA010000026.1,folD,319,4.777e-99,0.492
FW_TWAS_rep_1,GCA_044224235.1,JBGAKV010000028.1,hbd,312,1.232e-97,0.545
FW_TWAS_rep_1,GCA_044224235.1,JBGAKV010000009.1,thl,313,3.903e-95,0.458
FW_TWAS_rep_1,GCA_044224235.1,JBGAKV010000049.1,dppC,189,6.651e-54,0.447
FW_TWAS_rep_1,GCA_044224235.1,JBGAKV010000018.1,sucD,338,5.997e-106,0.583
FW_TWAS_rep_1,GCA_044224235.1,JBGAKV010000029.1,bcd,368,2.744e-115,0.498
FW_TWAS_rep_1,GCA_044224235.1,JBGAKV010000001.1,pepQ,167,1.186e-45,0.343
FW_TWAS_rep_1,GCA_044224235.1,JBGAKV010000013.1,fadD,341,7.028e-103,0.406
FW_TWAS_rep_1,GCA_044224235.1,JBGAKV010000006.1,gapA,304,4.824e-94,0.483
FW_TWAS_rep_1,GCA_044224235.1,JBGAKV010000062.1,extracellular_protease,53,4.776e-9,0.329
FW_TWAS_rep_1,GCA_044224235.1,JBGAKV010000013.1,acs,50,1.921e-8,0.255
FW_TWAS_rep_1,GCA_044224235.1,JBGAKV010000051.1,pepN,218,5.095e-61,0.335
FW_TWAS_rep_1,GCA_044224235.1,JBGAKV010000078.1,fadD,120,8.413e-30,0.264
FW_TWAS_rep_1,GCA_044224235.1,JBGAKV010000010.1,dtpT,425,2.459e-132,0.458
FW_TWAS_rep_1,GCA_044224235.1,JBGAKV010000021.1,lctC,49,4.612e-9,0.257
FW_TWAS_rep_1,GCA_044224235.1,JBGAKV010000050.1,cat,267,1.311e-83,0.625
FW_TWAS_rep_1,GCA_044224235.1,JBGAKV010000021.1,lctD,85,5.047e-21,0.322
FW_TWAS_rep_1,GCA_044224235.1,JBGAKV010000034.1,mvhG,47,1.766e-8,0.318
FW_TWAS_rep_1,GCA_044224235.1,JBGAKV010000028.1,sucC,367,1.383e-114,0.489
FW_TWAS_rep_1,GCA_044224235.1,JBGAKV010000080.1,pfkA,256,2.001e-77,0.436
FW_TWAS_rep_1,GCA_044224235.1,JBGAKV010000017.1,pta,179,6.117e-48,0.334
FW_TWAS_rep_1,GCA_044224235.1,JBGAKV010000001.1,fadA,263,3.343e-79,0.419
FW_TWAS_rep_1,GCA_044224235.1,JBGAKV010000008.1,oppB,117,5.486e-30,0.276
FW_TWAS_rep_1,GCA_044224235.1,JBGAKV010000089.1,gdh,89,1.927e-20,0.259
FW_TWAS_rep_1,GCA_044224235.1,JBGAKV010000013.1,fadE,235,5.367e-67,0.375
FW_TWAS_rep_1,GCA_044224235.1,JBGAKV010000002.1,crt,222,4.195e-65,0.463
FW_TWAS_rep_1,GCA_044224235.1,JBGAKV010000009.1,etfA,195,6.169e-57,0.425
FW_TWAS_rep_1,GCA_044224235.1,JBGAKV010000001.1,dppA,184,9.311e-51,0.264
FW_TWAS_rep_1,GCA_044224235.1,JBGAKV010000035.1,mdh,282,3.7e-87,0.487
FW_TWAS_rep_1,GCA_044224235.1,JBGAKV010000008.1,oppA,122,1.579e-30,0.261
FW_TWAS_rep_1,GCA_044224235.1,JBGAKV010000079.1,frhB,42,1.187e-6,0.288
FW_TWAS_rep_1,GCA_044224235.1,JBGAKV010000028.1,fadB,195,2.412e-57,0.407
FW_TWAS_rep_1,GCA_044224235.1,JBGAKV010000010.1,gapA,200,1.498e-56,0.387
FW_TWAS_rep_1,GCA_044224235.1,JBGAKV010000015.1,mmcE,304,8.755e-86,0.377
FW_TWAS_rep_1,GCA_044224235.1,JBGAKV010000007.1,fadE,196,4.221e-56,0.362
FW_TWAS_rep_1,GCA_044224235.1,JBGAKV010000063.1,mvhG,40,5.658e-6,0.5
FW_TWAS_rep_1,GCA_044224235.1,JBGAKV010000002.1,endopeptidase,46,2.337e-7,0.311
FW_TWAS_rep_1,GCA_044224235.1,JBGAKV010000002.1,etfA,173,1.25e-48,0.436
FW_TWAS_rep_1,GCA_044224235.1,JBGAKV010000008.1,dppB,125,1.405e-32,0.282
FW_TWAS_rep_1,GCA_044224235.1,JBGAKV010000021.1,dtpT,313,8.565e-94,0.383
FW_TWAS_rep_1,GCA_044224235.1,JBGAKV010000013.1,fadB,128,7.705e-32,0.303
FW_TWAS_rep_1,GCA_044224235.1,JBGAKV010000006.1,lctB,230,2.619e-69,0.447
FW_TWAS_rep_1,GCA_044224235.1,JBGAKV010000002.1,mmcF,172,3.121e-52,0.597
FW_TWAS_rep_1,GCA_044224235.1,JBGAKV010000007.1,gdh,460,7.33e-145,0.51
FW_TWAS_rep_1,GCA_044224235.1,JBGAKV010000077.1,endopeptidase,51,2.315e-9,0.317
FW_TWAS_rep_1,GCA_044224235.1,JBGAKV010000008.1,adh,52,1.295e-9,0.3
FW_TWAS_rep_1,GCA_044224235.1,JBGAKV010000028.1,sucD,101,1.366e-24,0.452
FW_TWAS_rep_1,GCA_044224235.1,JBGAKV010000001.1,pepO,583,4.086e-184,0.465
FW_TWAS_rep_1,GCA_044224235.1,JBGAKV010000033.1,susC,53,3.894e-9,0.277
FW_TWAS_rep_1,GCA_044224235.1,JBGAKV010000001.1,thl,423,2.924e-134,0.593
FW_TWAS_rep_1,GCA_044224235.1,JBGAKV010000001.1,susC,81,1.604e-17,0.229
FW_TWAS_rep_1,GCA_044224235.1,JBGAKV010000060.1,pepN,145,1.044e-37,0.27
FW_TWAS_rep_1,GCA_044224235.1,JBGAKV010000029.1,fadE,258,2.122e-77,0.415
FW_TWAS_rep_1,GCA_044224235.1,JBGAKV010000063.1,hydA,66,1.044e-13,0.252
FW_TWAS_rep_1,GCA_044224235.1,JBGAKV010000092.1,extracellular_protease,130,1.536e-32,0.35
FW_TWAS_rep_1,GCA_044224235.1,JBGAKV010000007.1,bcd,243,4.338e-72,0.371
FW_TWAS_rep_1,GCA_044224235.1,JBGAKV010000034.1,fwdA,50,1.704e-8,0.305
FW_TWAS_rep_1,GCA_044224235.1,JBGAKV010000057.1,gdh,115,1.537e-29,0.303
FW_TWAS_rep_1,GCA_044224235.1,JBGAKV010000002.1,pepQ,160,5.168e-43,0.331
FW_TWAS_rep_1,GCA_044224235.1,JBGAKV010000008.1,dppC,102,1.223e-24,0.288
FW_TWAS_rep_1,GCA_044224235.1,JBGAKV010000051.1,pepA,312,1.962e-94,0.471
FW_TWAS_rep_1,GCA_044224235.1,JBGAKV010000097.1,bcd,396,3.556e-125,0.539
FW_TWAS_rep_1,GCA_044224235.1,JBGAKV010000015.1,extracellular_protease,59,5.847e-11,0.32
FW_TWAS_rep_1,GCA_044224235.1,JBGAKV010000079.1,hydA,68,2.723e-14,0.252
FW_TWAS_rep_1,GCA_044224235.1,JBGAKV010000079.1,frhG,41,1.594e-6,0.328
FW_TWAS_rep_1,GCA_044224235.1,JBGAKV010000013.1,bcd,276,5.045e-81,0.386
FW_TWAS_rep_1,GCA_044224235.1,JBGAKV010000018.1,susC,58,1.737e-10,0.273
FW_TWAS_rep_1,GCA_044224235.1,JBGAKV010000005.1,pepO,662,8.438e-212,0.494
FW_TWAS_rep_1,GCA_044224235.1,JBGAKV010000018.1,adh,61,3.175e-12,0.252
FW_TWAS_rep_1,GCA_044224235.1,JBGAKV010000009.1,hbd,273,1.97e-82,0.435
FW_TWAS_rep_1,GCA_044224235.1,JBGAKV010000009.1,etfB,144,3.792e-40,0.35
FW_TWAS_rep_1,GCA_044224235.1,JBGAKV010000016.1,acylglycerol_lipase,54,3.678e-10,0.302
FW_TWAS_rep_1,GCA_044224235.1,JBGAKV010000011.1,susC,66,3.589e-13,0.354
FW_TWAS_rep_1,GCA_044224235.1,JBGAKV010000018.1,folD,287,1.617e-88,0.541
FW_TWAS_rep_1,GCA_044224235.1,JBGAKV010000036.1,dppB,207,2.665e-60,0.392
FW_TWAS_rep_1,GCA_044224235.1,JBGAKV010000097.1,fadE,284,1.152e-86,0.43
FW_TWAS_rep_1,GCA_044224235.1,JBGAKV010000013.1,susC,63,5.044e-12,0.271
FW_TWAS_rep_1,GCA_044224235.1,JBGAKV010000002.1,fadB,135,1.086e-35,0.387
FW_TWAS_rep_1,GCA_044224235.1,JBGAKV010000045.1,fdhA,203,2.876e-55,0.276
FW_TWAS_rep_1,GCA_044224235.1,JBGAKV010000008.1,dppA,77,1.619e-16,0.223
FW_TWAS_rep_1,GCA_044224235.1,JBGAKV010000021.1,gdh,450,7.118e-143,0.539
FW_TWAS_rep_1,GCA_044224235.1,JBGAKV010000013.1,thl,276,1.748e-83,0.411
FW_TWAS_rep_1,GCA_044224235.1,JBGAKV010000009.1,fadA,328,2.813e-100,0.48
FW_TWAS_rep_1,GCA_044224235.1,JBGAKV010000068.1,crt,176,2.955e-51,0.395
FW_TWAS_rep_1,GCA_044224235.1,JBGAKV010000049.1,oppB,198,7.592e-57,0.461
FW_TWAS_rep_1,GCA_044224235.1,JBGAKV010000013.1,hbd,137,9.6e-35,0.268
FW_TWAS_rep_1,GCA_044224235.1,JBGAKV010000002.1,pyk,370,6.597e-114,0.441
FW_TWAS_rep_1,GCA_044224235.1,JBGAKV010000028.1,susC,383,7.589e-112,0.294
FW_TWAS_rep_1,GCA_044224235.1,JBGAKV010000078.1,acs,741,1.468e-239,0.57
FW_TWAS_rep_1,GCA_044224235.1,JBGAKV010000019.1,mmcG,112,7.551e-31,0.438
FW_TWAS_rep_1,GCA_044224235.1,JBGAKV010000063.1,frhG,44,2.994e-7,0.252
FW_TWAS_rep_1,GCA_044224235.1,JBGAKV010000013.1,fhs,580,1.881e-185,0.544
FW_TWAS_rep_1,GCA_044224235.1,JBGAKV010000030.1,gdh,65,3.819e-13,0.545
FW_TWAS_rep_1,GCA_044224235.1,JBGAKV010000047.1,dtpT,319,1.073e-96,0.408
FW_TWAS_rep_1,GCA_044224235.1,JBGAKV010000068.1,fadB,90,5.195e-22,0.305
FW_TWAS_rep_1,GCA_044224235.1,JBGAKV010000078.1,aldh,54,1.414e-9,0.256
FW_TWAS_rep_1,GCA_044224235.1,JBGAKV010000061.1,extracellular_protease,50,1.746e-7,0.38
FW_TWAS_rep_1,GCA_044224235.1,JBGAKV010000036.1,oppB,175,1.492e-49,0.345
FW_TWAS_rep_1,GCA_044224235.1,JBGAKV010000091.1,extracellular_protease,88,7.12e-20,0.297
FW_TWAS_rep_1,GCA_044224235.1,JBGAKV010000052.1,pepN,149,2.155e-39,0.379
FW_TWAS_rep_1,GCA_044224235.1,JBGAKV010000002.1,lctC,390,1.121e-121,0.449
FW_TWAS_rep_1,GCA_044224235.1,JBGAKV010000013.1,fadA,346,2.322e-107,0.494
FW_TWAS_rep_1,GCA_044224235.1,JBGAKV010000009.1,fadB,181,4.075e-51,0.328
FW_TWAS_rep_1,GCA_044224235.1,JBGAKV010000007.1,pepN,117,1.022e-28,0.3
FW_TWAS_rep_1,GCA_044224235.1,JBGAKV010000001.1,oppA,208,1.873e-58,0.294
FW_TWAS_rep_1,GCA_044223705.1,JBGALS010000005.1,acs,93,3.973e-21,0.229
FW_TWAS_rep_1,GCA_044223705.1,JBGALS010000004.1,fadB,133,3.171e-36,0.32
FW_TWAS_rep_1,GCA_044223705.1,JBGALS010000004.1,crt,242,1.305e-73,0.515
FW_TWAS_rep_1,GCA_044223705.1,JBGALS010000014.1,bcd,273,2.673e-82,0.403
FW_TWAS_rep_1,GCA_044223705.1,JBGALS010000016.1,mmcF,189,1.9e-57,0.706
FW_TWAS_rep_1,GCA_044223705.1,JBGALS010000001.1,dtpT,270,2.818e-79,0.351
FW_TWAS_rep_1,GCA_044223705.1,JBGALS010000016.1,adhE,404,2.252e-124,0.493
FW_TWAS_rep_1,GCA_044223705.1,JBGALS010000009.1,gapA,336,1.76e-105,0.519
FW_TWAS_rep_1,GCA_044223705.1,JBGALS010000005.1,pepN,187,4.156e-50,0.324
FW_TWAS_rep_1,GCA_044223705.1,JBGALS010000001.1,dppA,160,3.548e-42,0.292
FW_TWAS_rep_1,GCA_044223705.1,JBGALS010000001.1,acs,172,6.859e-47,0.276
FW_TWAS_rep_1,GCA_044223705.1,JBGALS010000001.1,tdcB,265,2.359e-80,0.478
FW_TWAS_rep_1,GCA_044223705.1,JBGALS010000012.1,pfkA,44,8.318e-7,0.263
FW_TWAS_rep_1,GCA_044223705.1,JBGALS010000003.1,fdhA,591,3.599e-184,0.437
FW_TWAS_rep_1,GCA_044223705.1,JBGALS010000001.1,fadA,403,2.584e-127,0.558
FW_TWAS_rep_1,GCA_044223705.1,JBGALS010000001.1,adhE,64,1.28e-12,0.231
FW_TWAS_rep_1,GCA_044223705.1,JBGALS010000007.1,pepN,87,1.156e-19,0.225
FW_TWAS_rep_1,GCA_044223705.1,JBGALS010000008.1,fadD,124,3.857e-31,0.272
FW_TWAS_rep_1,GCA_044223705.1,JBGALS010000002.1,bcd,152,2.431e-41,0.307
FW_TWAS_rep_1,GCA_044223705.1,JBGALS010000001.1,oppA,201,2.188e-55,0.291
FW_TWAS_rep_1,GCA_044223705.1,JBGALS010000016.1,etfA,93,2.677e-23,0.382
FW_TWAS_rep_1,GCA_044223705.1,JBGALS010000009.1,hbd,326,6.959e-103,0.577
FW_TWAS_rep_1,GCA_044223705.1,JBGALS010000007.1,dppC,115,1.174e-29,0.35
FW_TWAS_rep_1,GCA_044223705.1,JBGALS010000008.1,pepT,154,1.074e-41,0.328
FW_TWAS_rep_1,GCA_044223705.1,JBGALS010000009.1,fadA,316,3.49e-97,0.447
FW_TWAS_rep_1,GCA_044223705.1,JBGALS010000018.1,pfor,1425,0.0,0.612
FW_TWAS_rep_1,GCA_044223705.1,JBGALS010000007.1,dppA,128,2.272e-32,0.265
FW_TWAS_rep_1,GCA_044223705.1,JBGALS010000012.1,adh,79,3.158e-18,0.323
FW_TWAS_rep_1,GCA_044223705.1,JBGALS010000002.1,pyk,363,6.916e-112,0.437
FW_TWAS_rep_1,GCA_044223705.1,JBGALS010000001.1,mdh,311,5.427e-97,0.537
FW_TWAS_rep_1,GCA_044223705.1,JBGALS010000011.1,acs,63,3.901e-12,0.226
FW_TWAS_rep_1,GCA_044223705.1,JBGALS010000005.1,sucC,419,5.964e-133,0.553
FW_TWAS_rep_1,GCA_044223705.1,JBGALS010000001.1,edd,239,2.149e-68,0.324
FW_TWAS_rep_1,GCA_044223705.1,JBGALS010000001.1,hbd,143,2.011e-36,0.349
FW_TWAS_rep_1,GCA_044223705.1,JBGALS010000001.1,folD,328,1.029e-102,0.559
FW_TWAS_rep_1,GCA_044223705.1,JBGALS010000002.1,pepT,105,2.491e-26,0.311
FW_TWAS_rep_1,GCA_044223705.1,JBGALS010000001.1,hydA,121,7.16e-30,0.326
FW_TWAS_rep_1,GCA_044223705.1,JBGALS010000007.1,dppB,119,4.225e-31,0.295
FW_TWAS_rep_1,GCA_044223705.1,JBGALS010000008.1,acs,767,2.286e-248,0.574
FW_TWAS_rep_1,GCA_044223705.1,JBGALS010000001.1,mmcG,117,4.704e-33,0.445
FW_TWAS_rep_1,GCA_044223705.1,JBGALS010000005.1,gdh,459,9.677e-146,0.526
FW_TWAS_rep_1,GCA_044223705.1,JBGALS010000019.1,etfB,145,6.631e-41,0.402
FW_TWAS_rep_1,GCA_044223705.1,JBGALS010000016.1,fadB,93,2.677e-23,0.343
FW_TWAS_rep_1,GCA_044223705.1,JBGALS010000014.1,adh,72,3.736e-16,0.285
FW_TWAS_rep_1,GCA_044223705.1,JBGALS010000001.1,pepT,210,5.229e-60,0.353
FW_TWAS_rep_1,GCA_044223705.1,JBGALS010000001.1,prdB,139,1.207e-38,0.342
FW_TWAS_rep_1,GCA_044223705.1,JBGALS010000002.1,cazy_GH9,168,2.836e-44,0.295
FW_TWAS_rep_1,GCA_044223705.1,JBGALS010000001.1,crt,66,4.723e-13,0.314
FW_TWAS_rep_1,GCA_044223705.1,JBGALS010000012.1,cazy_CE8,270,2.573e-77,0.484
FW_TWAS_rep_1,GCA_044223705.1,JBGALS010000006.1,oppB,250,8.093e-77,0.479
FW_TWAS_rep_1,GCA_044223705.1,JBGALS010000003.1,adh,65,8.28e-14,0.276
FW_TWAS_rep_1,GCA_044223705.1,JBGALS010000005.1,fadD,271,2.785e-76,0.346
FW_TWAS_rep_1,GCA_044223705.1,JBGALS010000016.1,crt,131,4.356e-36,0.334
FW_TWAS_rep_1,GCA_044223705.1,JBGALS010000009.1,thl,405,6.175e-128,0.56
FW_TWAS_rep_1,GCA_044223705.1,JBGALS010000001.1,pepQ,171,1.957e-47,0.336
FW_TWAS_rep_1,GCA_044223705.1,JBGALS010000009.1,lipase,64,1.355e-12,0.279
FW_TWAS_rep_1,GCA_044223705.1,JBGALS010000002.1,fadD,256,5.966e-75,0.354
FW_TWAS_rep_1,GCA_044223705.1,JBGALS010000006.1,dppA,196,1.037e-54,0.302
FW_TWAS_rep_1,GCA_044223705.1,JBGALS010000001.1,bcd,355,3.714e-111,0.498
FW_TWAS_rep_1,GCA_044223705.1,JBGALS010000002.1,etfA,100,3.54e-25,0.337
FW_TWAS_rep_1,GCA_044223705.1,JBGALS010000002.1,aldh,55,4.46e-10,0.226
FW_TWAS_rep_1,GCA_044223705.1,JBGALS010000002.1,crt,185,2.238e-54,0.45
FW_TWAS_rep_1,GCA_044223705.1,JBGALS010000008.1,aldh,62,5.589e-12,0.232
FW_TWAS_rep_1,GCA_044223705.1,JBGALS010000002.1,acs,346,4.545e-100,0.295
FW_TWAS_rep_1,GCA_044223705.1,JBGALS010000019.1,frhG,40,3.304e-6,0.343
FW_TWAS_rep_1,GCA_044223705.1,JBGALS010000004.1,cazy_GH13,141,2.805e-36,0.318
FW_TWAS_rep_1,GCA_044223705.1,JBGALS010000006.1,dppB,231,3.148e-69,0.405
FW_TWAS_rep_1,GCA_044223705.1,JBGALS010000002.1,fwdA,56,2.705e-10,0.222
FW_TWAS_rep_1,GCA_044223705.1,JBGALS010000001.1,fhs,689,1.304e-222,0.614
FW_TWAS_rep_1,GCA_044223705.1,JBGALS010000019.1,sucD,371,4.826e-118,0.67
FW_TWAS_rep_1,GCA_044223705.1,JBGALS010000018.1,frhB,49,2.981e-8,0.382
FW_TWAS_rep_1,GCA_044223705.1,JBGALS010000006.1,tdcB,68,4.509e-14,0.267
FW_TWAS_rep_1,GCA_044223705.1,JBGALS010000003.1,pepO,606,2.246e-192,0.469
FW_TWAS_rep_1,GCA_044223705.1,JBGALS010000002.1,fadE,231,3.746e-68,0.396
FW_TWAS_rep_1,GCA_044223705.1,JBGALS010000006.1,extracellular_protease,157,1.114e-44,0.398
FW_TWAS_rep_1,GCA_044223705.1,JBGALS010000005.1,mmcE,711,7.188e-231,0.656
FW_TWAS_rep_1,GCA_044223705.1,JBGALS010000005.1,pepQ,148,7.601e-39,0.299
FW_TWAS_rep_1,GCA_044223705.1,JBGALS010000001.1,adh,69,5.306e-15,0.266
FW_TWAS_rep_1,GCA_044223705.1,JBGALS010000016.1,aldh,442,1.679e-137,0.477
FW_TWAS_rep_1,GCA_044223705.1,JBGALS010000013.1,fdhA,47,4.022e-7,0.207
FW_TWAS_rep_1,GCA_044223705.1,JBGALS010000001.1,extracellular_protease,147,1.34e-37,0.32
FW_TWAS_rep_1,GCA_044223705.1,JBGALS010000001.1,lctC,42,2.326e-6,0.281
FW_TWAS_rep_1,GCA_044223705.1,JBGALS010000001.1,ilvE,142,1.088e-38,0.342
FW_TWAS_rep_1,GCA_044223705.1,JBGALS010000001.1,fadB,138,4.327e-35,0.344
FW_TWAS_rep_1,GCA_044223705.1,JBGALS010000005.1,xylF,284,6.825e-87,0.474
FW_TWAS_rep_1,GCA_044223705.1,JBGALS010000016.1,tdcB,168,8.353e-48,0.347
FW_TWAS_rep_1,GCA_044223705.1,JBGALS010000008.1,gdh,44,9.749e-7,0.285
FW_TWAS_rep_1,GCA_044223705.1,JBGALS010000001.1,mmcE,703,2.044e-228,0.667
FW_TWAS_rep_1,GCA_044223705.1,JBGALS010000004.1,extracellular_protease,44,4.811e-6,0.29
FW_TWAS_rep_1,GCA_044223705.1,JBGALS010000005.1,ilvE,137,6.293e-37,0.308
FW_TWAS_rep_1,GCA_044223705.1,JBGALS010000015.1,pfkA,221,4.689e-65,0.417
FW_TWAS_rep_1,GCA_044223705.1,JBGALS010000002.1,tdcB,224,7.349e-67,0.447
FW_TWAS_rep_1,GCA_044223705.1,JBGALS010000006.1,oppA,171,1.281e-46,0.277
FW_TWAS_rep_1,GCA_044223705.1,JBGALS010000001.1,fadD,354,4.293e-107,0.411
FW_TWAS_rep_1,GCA_044223705.1,JBGALS010000012.1,cazy_GH43,152,3.739e-40,0.332
FW_TWAS_rep_1,GCA_044223705.1,JBGALS010000026.1,tdcB,317,5.487e-97,0.456
FW_TWAS_rep_1,GCA_044223705.1,JBGALS010000010.1,pepQ,65,1.002e-13,0.294
FW_TWAS_rep_1,GCA_044223705.1,JBGALS010000005.1,pepA,413,3.533e-129,0.492
FW_TWAS_rep_1,GCA_044223705.1,JBGALS010000007.1,pta,233,1.371e-69,0.435
FW_TWAS_rep_1,GCA_044223705.1,JBGALS010000007.1,oppB,142,1.779e-38,0.379
FW_TWAS_rep_1,GCA_044223705.1,JBGALS010000001.1,mvhG,44,3.775e-7,0.545
FW_TWAS_rep_1,GCA_044223705.1,JBGALS010000014.1,esterase,47,9.136e-8,0.295
FW_TWAS_rep_1,GCA_044223705.1,JBGALS010000004.1,bcd,347,3.038e-108,0.468
FW_TWAS_rep_1,GCA_044223705.1,JBGALS010000004.1,fadE,258,1.449e-77,0.412
FW_TWAS_rep_1,GCA_044223705.1,JBGALS010000019.1,etfA,205,1.279e-59,0.414
FW_TWAS_rep_1,GCA_044223705.1,JBGALS010000011.1,fadD,347,2.451e-104,0.371
FW_TWAS_rep_1,GCA_044223705.1,JBGALS010000005.1,sucD,117,7.895e-30,0.486
FW_TWAS_rep_1,GCA_044223705.1,JBGALS010000001.1,pepN,188,3.055e-50,0.309
FW_TWAS_rep_1,GCA_044223705.1,JBGALS010000012.1,eda,183,2.527e-54,0.412
FW_TWAS_rep_1,GCA_044223705.1,JBGALS010000006.1,dppC,235,1.678e-71,0.458
FW_TWAS_rep_1,GCA_044223705.1,JBGALS010000004.1,pepN,124,4.075e-31,0.269
FW_TWAS_rep_1,GCA_044223705.1,JBGALS010000009.1,fadB,201,8.434e-60,0.425
FW_TWAS_rep_1,GCA_044223705.1,JBGALS010000014.1,fadE,243,3.671e-72,0.396
FW_TWAS_rep_1,GCA_044223705.1,JBGALS010000004.1,etfA,170,5.015e-49,0.423
FW_TWAS_rep_1,GCA_044223705.1,JBGALS010000007.1,oppA,144,1.822e-37,0.265
FW_TWAS_rep_1,GCA_044223705.1,JBGALS010000004.1,pepT,54,1.307e-9,0.252
FW_TWAS_rep_1,GCA_044223705.1,JBGALS010000001.1,fadE,271,3.32e-82,0.454
FW_TWAS_rep_1,GCA_044223705.1,JBGALS010000001.1,frhG,49,8.322e-9,0.258
FW_TWAS_rep_1,GCA_044223705.1,JBGALS010000001.1,fdhA,136,1.316e-34,0.277
FW_TWAS_rep_1,GCA_044223705.1,JBGALS010000015.1,extracellular_protease,154,1.542e-40,0.383
FW_TWAS_rep_1,GCA_044223705.1,JBGALS010000001.1,thl,330,4.018e-102,0.492
FW_TWAS_rep_1,GCA_044223705.1,JBGALS010000004.1,agl,109,5.824e-27,0.288
FW_TWAS_rep_1,GCA_044223705.1,JBGALS010000003.1,extracellular_protease,174,4.716e-48,0.406
FW_TWAS_rep_1,GCA_943370345.1,CALRQQ020000199.1,fwdA,45,4.404e-7,0.338
FW_TWAS_rep_1,GCA_943370345.1,CALRQQ020000136.1,fwdA,43,2.459e-6,0.375
FW_TWAS_rep_1,GCA_943370345.1,CALRQQ020000142.1,fadE,212,4.497e-63,0.431
FW_TWAS_rep_1,GCA_943370345.1,CALRQQ020000450.1,cazy_GH43,98,1.47e-23,0.317
FW_TWAS_rep_1,GCA_943370345.1,CALRQQ020000158.1,susC,603,9.539e-186,0.375
FW_TWAS_rep_1,GCA_943370345.1,CALRQQ020000173.1,frhB,46,3.966e-7,0.389
FW_TWAS_rep_1,GCA_943370345.1,CALRQQ020000018.1,extracellular_protease,70,6.168e-14,0.274
FW_TWAS_rep_1,GCA_943370345.1,CALRQQ020000067.1,mmcG,98,1.465e-26,0.404
FW_TWAS_rep_1,GCA_943370345.1,CALRQQ020000454.1,mmcF,99,1.094e-27,0.505
FW_TWAS_rep_1,GCA_943370345.1,CALRQQ020000521.1,etfA,158,2.515e-45,0.429
FW_TWAS_rep_1,GCA_943370345.1,CALRQQ020000118.1,dppC,192,1.867e-55,0.364
FW_TWAS_rep_1,GCA_943370345.1,CALRQQ020000265.1,oppA,195,2.108e-54,0.295
FW_TWAS_rep_1,GCA_943370345.1,CALRQQ020000045.1,adhE,99,3.981e-24,0.268
FW_TWAS_rep_1,GCA_943370345.1,CALRQQ020000259.1,gapA,222,2.188e-67,0.505
FW_TWAS_rep_1,GCA_943370345.1,CALRQQ020000220.1,pepQ,64,2.906e-13,0.274
FW_TWAS_rep_1,GCA_943370345.1,CALRQQ020000173.1,pfor,1446,0.0,0.627
FW_TWAS_rep_1,GCA_943370345.1,CALRQQ020000029.1,adhE,191,1.182e-54,0.335
FW_TWAS_rep_1,GCA_943370345.1,CALRQQ020000050.1,susD,107,1.214e-25,0.286
FW_TWAS_rep_1,GCA_943370345.1,CALRQQ020000001.1,susC,300,8.176e-85,0.277
FW_TWAS_rep_1,GCA_943370345.1,CALRQQ020000327.1,etfB,151,4.868e-43,0.408
FW_TWAS_rep_1,GCA_943370345.1,CALRQQ020000014.1,hbd,88,7.889e-22,0.429
FW_TWAS_rep_1,GCA_943370345.1,CALRQQ020000132.1,gdh,65,3.621e-13,0.507
FW_TWAS_rep_1,GCA_943370345.1,CALRQQ020000483.1,mvhG,49,3.733e-9,0.295
FW_TWAS_rep_1,GCA_943370345.1,CALRQQ020000202.1,fhs,649,2.822e-209,0.578
FW_TWAS_rep_1,GCA_943370345.1,CALRQQ020000023.1,pfkA,257,1.579e-78,0.439
FW_TWAS_rep_1,GCA_943370345.1,CALRQQ020000181.1,fadD,86,1.283e-19,0.275
FW_TWAS_rep_1,GCA_943370345.1,CALRQQ020000142.1,bcd,292,7.534e-91,0.496
FW_TWAS_rep_1,GCA_943370345.1,CALRQQ020000104.1,susD,66,2.925e-13,0.259
FW_TWAS_rep_1,GCA_943370345.1,CALRQQ020000027.1,cazy_GH13,57,4.425e-10,0.285
FW_TWAS_rep_1,GCA_943370345.1,CALRQQ020000094.1,adh,47,2.588e-8,0.268
FW_TWAS_rep_1,GCA_943370345.1,CALRQQ020000042.1,acs,719,1.209e-232,0.566
FW_TWAS_rep_1,GCA_943370345.1,CALRQQ020000411.1,fadE,207,2.071e-59,0.37
FW_TWAS_rep_1,GCA_943370345.1,CALRQQ020000415.1,susC,252,1.43e-71,0.285
FW_TWAS_rep_1,GCA_943370345.1,CALRQQ020000281.1,pepN,59,6.327e-11,0.282
FW_TWAS_rep_1,GCA_943370345.1,CALRQQ020000381.1,frhG,43,3.855e-7,0.274
FW_TWAS_rep_1,GCA_943370345.1,CALRQQ020000054.1,cazy_CE8,83,5.134e-19,0.3
FW_TWAS_rep_1,GCA_943370345.1,CALRQQ020000298.1,hydA,78,2.781e-17,0.264
FW_TWAS_rep_1,GCA_943370345.1,CALRQQ020000265.1,pepN,70,7.904e-15,0.237
FW_TWAS_rep_1,GCA_943370345.1,CALRQQ020000013.1,susD,115,1.994e-28,0.279
FW_TWAS_rep_1,GCA_943370345.1,CALRQQ020000099.1,agl,56,1.868e-10,0.304
FW_TWAS_rep_1,GCA_943370345.1,CALRQQ020000408.1,susC,47,8.839e-10,0.384
FW_TWAS_rep_1,GCA_943370345.1,CALRQQ020000082.1,dtpT,324,1.477e-100,0.489
FW_TWAS_rep_1,GCA_943370345.1,CALRQQ020000116.1,rnfB,42,2.083e-6,0.355
FW_TWAS_rep_1,GCA_943370345.1,CALRQQ020000327.1,etfA,198,5.669e-58,0.397
FW_TWAS_rep_1,GCA_943370345.1,CALRQQ020000365.1,frhG,99,3.845e-26,0.335
FW_TWAS_rep_1,GCA_943370345.1,CALRQQ020000132.1,fadD,122,1.643e-33,0.402
FW_TWAS_rep_1,GCA_943370345.1,CALRQQ020000120.1,dppB,214,3.698e-63,0.409
FW_TWAS_rep_1,GCA_943370345.1,CALRQQ020000002.1,susC,709,6.094e-221,0.431
FW_TWAS_rep_1,GCA_943370345.1,CALRQQ020000141.1,pepQ,56,7.994e-11,0.252
FW_TWAS_rep_1,GCA_943370345.1,CALRQQ020000181.1,acs,371,2.355e-115,0.437
FW_TWAS_rep_1,GCA_943370345.1,CALRQQ020000298.1,frhB,41,1.441e-6,0.306
FW_TWAS_rep_1,GCA_943370345.1,CALRQQ020000169.1,susD,139,1.714e-36,0.303
FW_TWAS_rep_1,GCA_943370345.1,CALRQQ020000134.1,dtpT,304,2.098e-90,0.363
FW_TWAS_rep_1,GCA_943370345.1,CALRQQ020000131.1,gdh,290,1.02e-91,0.683
FW_TWAS_rep_1,GCA_943370345.1,CALRQQ020000295.1,susD,81,5.095e-21,0.449
FW_TWAS_rep_1,GCA_943370345.1,CALRQQ020000016.1,mmcE,294,1.198e-82,0.358
FW_TWAS_rep_1,GCA_943370345.1,CALRQQ020000089.1,susC,62,5.136e-12,0.423
FW_TWAS_rep_1,GCA_943370345.1,CALRQQ020000002.1,susD,114,2.361e-28,0.283
FW_TWAS_rep_1,GCA_943370345.1,CALRQQ020000230.1,susC,470,3.597e-145,0.406
FW_TWAS_rep_1,GCA_943370345.1,CALRQQ020000365.1,mvhG,126,2.988e-35,0.39
FW_TWAS_rep_1,GCA_943370345.1,CALRQQ020000013.1,xylF,100,6.834e-25,0.319
FW_TWAS_rep_1,GCA_943370345.1,CALRQQ020000040.1,agl,66,2.065e-13,0.255
FW_TWAS_rep_1,GCA_943370345.1,CALRQQ020000118.1,dppB,44,8.104e-7,0.317
FW_TWAS_rep_1,GCA_943370345.1,CALRQQ020000461.1,hydA,71,2.835e-15,0.269
FW_TWAS_rep_1,GCA_943370345.1,CALRQQ020000010.1,susC,144,2.135e-38,0.292
FW_TWAS_rep_1,GCA_943370345.1,CALRQQ020000112.1,susC,364,1.701e-109,0.346
FW_TWAS_rep_1,GCA_943370345.1,CALRQQ020000360.1,pepN,64,2.51e-13,0.242
FW_TWAS_rep_1,GCA_943370345.1,CALRQQ020000006.1,adh,59,9.007e-12,0.32
FW_TWAS_rep_1,GCA_943370345.1,CALRQQ020000042.1,fadD,111,4.652e-27,0.257
FW_TWAS_rep_1,GCA_943370345.1,CALRQQ020000132.1,acs,63,1.908e-13,0.287
FW_TWAS_rep_1,GCA_943370345.1,CALRQQ020000016.1,mmcF,73,6.701e-15,0.279
FW_TWAS_rep_1,GCA_943370345.1,CALRQQ020000365.1,fdhA,48,2.69e-8,0.354
FW_TWAS_rep_1,GCA_943370345.1,CALRQQ020000381.1,mvhG,41,2.259e-6,0.535
FW_TWAS_rep_1,GCA_943370345.1,CALRQQ020000380.1,frhG,45,9.579e-8,0.241
FW_TWAS_rep_1,GCA_943370345.1,CALRQQ020000229.1,mmcE,299,3.554e-84,0.364
FW_TWAS_rep_1,GCA_943370345.1,CALRQQ020000169.1,susC,310,4.726e-91,0.322
FW_TWAS_rep_1,GCA_943370345.1,CALRQQ020000456.1,susC,250,4.513e-73,0.363
FW_TWAS_rep_1,GCA_943370345.1,CALRQQ020000521.1,crt,201,5.404e-60,0.444
FW_TWAS_rep_1,GCA_943370345.1,CALRQQ020000242.1,susD,131,2.232e-33,0.288
FW_TWAS_rep_1,GCA_943370345.1,CALRQQ020000354.1,lctB,216,2.528e-65,0.451
FW_TWAS_rep_1,GCA_943370345.1,CALRQQ020000273.1,esterase,61,2.002e-13,0.33
FW_TWAS_rep_1,GCA_943370345.1,CALRQQ020000239.1,cazy_GH13,135,7.092e-35,0.337
FW_TWAS_rep_1,GCA_943370345.1,CALRQQ020000301.1,fadD,159,1.28e-42,0.305
FW_TWAS_rep_1,GCA_943370345.1,CALRQQ020000121.1,mmcF,81,3.884e-22,0.812
FW_TWAS_rep_1,GCA_943370345.1,CALRQQ020000130.1,hbd,282,3.523e-87,0.523
FW_TWAS_rep_1,GCA_943370345.1,CALRQQ020000306.1,ilvE,247,3.053e-74,0.397
FW_TWAS_rep_1,GCA_943370345.1,CALRQQ020000028.1,esterase,206,8.02e-60,0.377
FW_TWAS_rep_1,GCA_943370345.1,CALRQQ020000017.1,susD,161,2.902e-43,0.318
FW_TWAS_rep_1,GCA_943370345.1,CALRQQ020000514.1,susC,82,4.593e-18,0.24
FW_TWAS_rep_1,GCA_943370345.1,CALRQQ020000058.1,crt,56,4.534e-10,0.252
FW_TWAS_rep_1,GCA_943370345.1,CALRQQ020000218.1,gdh,136,2.011e-40,0.642
FW_TWAS_rep_1,GCA_943370345.1,CALRQQ020000120.1,oppB,179,4.905e-51,0.363
FW_TWAS_rep_1,GCA_943370345.1,CALRQQ020000008.1,cazy_GH43,65,6.032e-13,0.302
FW_TWAS_rep_1,GCA_943370345.1,CALRQQ020000265.1,dppA,177,2.774e-48,0.264
FW_TWAS_rep_1,GCA_943370345.1,CALRQQ020000320.1,susC,216,1.706e-64,0.408
FW_TWAS_rep_1,GCA_943370345.1,CALRQQ020000365.1,hydA,123,2.416e-33,0.336
FW_TWAS_rep_1,GCA_943370345.1,CALRQQ020000074.1,acylglycerol_lipase,41,7.351e-6,0.345
FW_TWAS_rep_1,GCA_943370345.1,CALRQQ020000493.1,lysophospholipase,50,5.579e-9,0.347
FW_TWAS_rep_1,GCA_943370345.1,CALRQQ020000001.1,hbd,244,5.646e-74,0.489
FW_TWAS_rep_1,GCA_943370345.1,CALRQQ020000001.1,lctC,391,5.766e-122,0.474
FW_TWAS_rep_1,GCA_943370345.1,CALRQQ020000348.1,susC,57,2.685e-10,0.266
FW_TWAS_rep_1,GCA_943370345.1,CALRQQ020000039.1,fwdA,45,1.452e-6,0.414
FW_TWAS_rep_1,GCA_943370345.1,CALRQQ020000112.1,susD,81,4.414e-18,0.292
FW_TWAS_rep_1,GCA_943370345.1,CALRQQ020000105.1,bcd,268,9.099e-81,0.385
FW_TWAS_rep_1,GCA_943370345.1,CALRQQ020000041.1,susC,536,4.67e-163,0.379
FW_TWAS_rep_1,GCA_943370345.1,CALRQQ020000307.1,mdh,254,2.979e-77,0.46
FW_TWAS_rep_1,GCA_943370345.1,CALRQQ020000466.1,frhG,56,2.121e-10,0.301
FW_TWAS_rep_1,GCA_943370345.1,CALRQQ020000105.1,fadE,196,2.248e-56,0.353
FW_TWAS_rep_1,GCA_943370345.1,CALRQQ020000420.1,susD,82,3.769e-18,0.262
FW_TWAS_rep_1,GCA_943370345.1,CALRQQ020000109.1,cazy_PL1,53,1.556e-9,0.277
FW_TWAS_rep_1,GCA_943370345.1,CALRQQ020000111.1,susC,617,1.822e-192,0.431
FW_TWAS_rep_1,GCA_943370345.1,CALRQQ020000466.1,frhA,124,2.337e-31,0.257
FW_TWAS_rep_1,GCA_943370345.1,CALRQQ020000089.1,sucC,367,3.139e-114,0.485
FW_TWAS_rep_1,GCA_943370345.1,CALRQQ020000243.1,acylglycerol_lipase,48,2.016e-8,0.237
FW_TWAS_rep_1,GCA_943370345.1,CALRQQ020000380.1,mvhG,48,6.439e-9,0.309
FW_TWAS_rep_1,GCA_943370345.1,CALRQQ020000321.1,susD,117,3.25e-30,0.303
FW_TWAS_rep_1,GCA_943370345.1,CALRQQ020000050.1,susC,532,6.215e-162,0.349
FW_TWAS_rep_1,GCA_943370345.1,CALRQQ020000213.1,susD,168,7.147e-46,0.323
FW_TWAS_rep_1,GCA_943370345.1,CALRQQ020000241.1,lctC,48,1.072e-8,0.567
FW_TWAS_rep_1,GCA_943370345.1,CALRQQ020000002.1,esterase,46,2.253e-7,0.25
FW_TWAS_rep_1,GCA_943370345.1,CALRQQ020000090.1,fadB,89,1.281e-21,0.307
FW_TWAS_rep_1,GCA_943370345.1,CALRQQ020000396.1,cazy_GH43,85,6.876e-20,0.303
FW_TWAS_rep_1,GCA_943370345.1,CALRQQ020000399.1,lctB,227,3.088e-69,0.464
FW_TWAS_rep_1,GCA_943370345.1,CALRQQ020000229.1,mmcF,69,7.92e-14,0.271
FW_TWAS_rep_1,GCA_943370345.1,CALRQQ020000349.1,frhA,103,1.981e-25,0.272
FW_TWAS_rep_1,GCA_943370345.1,CALRQQ020000354.1,lctC,53,9.277e-12,0.52
FW_TWAS_rep_1,GCA_943370345.1,CALRQQ020000072.1,extracellular_protease,55,1.787e-9,0.344
FW_TWAS_rep_1,GCA_943370345.1,CALRQQ020000118.1,oppB,196,1.151e-56,0.365
FW_TWAS_rep_1,GCA_943370345.1,CALRQQ020000509.1,susC,177,2.927e-52,0.424
FW_TWAS_rep_1,GCA_943370345.1,CALRQQ020000027.1,susC,150,1.175e-43,0.489
FW_TWAS_rep_1,GCA_943370345.1,CALRQQ020000012.1,pepT,41,8.104e-6,0.242
FW_TWAS_rep_1,GCA_943370345.1,CALRQQ020000277.1,cazy_GH13,107,3.043e-26,0.312
FW_TWAS_rep_1,GCA_943370345.1,CALRQQ020000002.1,cazy_CE8,251,4.036e-76,0.44
FW_TWAS_rep_1,GCA_943370345.1,CALRQQ020000509.1,susD,199,7.177e-56,0.308
FW_TWAS_rep_1,GCA_943370345.1,CALRQQ020000466.1,mvhA,115,2.875e-28,0.244
FW_TWAS_rep_1,GCA_943370345.1,CALRQQ020000168.1,gdh,41,9.269e-6,0.246
FW_TWAS_rep_1,GCA_943370345.1,CALRQQ020000044.1,cazy_GH9,164,6.132e-43,0.281
FW_TWAS_rep_1,GCA_943370345.1,CALRQQ020000215.1,lctD,54,1.292e-10,0.314
FW_TWAS_rep_1,GCA_943370345.1,CALRQQ020000311.1,susC,246,1.342e-74,0.494
FW_TWAS_rep_1,GCA_943370345.1,CALRQQ020000013.1,susC,436,3.293e-129,0.317
FW_TWAS_rep_1,GCA_943370345.1,CALRQQ020000027.1,agl,45,1.724e-6,0.3
FW_TWAS_rep_1,GCA_943370345.1,CALRQQ020000366.1,eda,110,1.395e-29,0.326
FW_TWAS_rep_1,GCA_943370345.1,CALRQQ020000365.1,mvhA,469,6.9e-149,0.487
FW_TWAS_rep_1,GCA_943370345.1,CALRQQ020000302.1,cazy_GH13,96,2.227e-22,0.34
FW_TWAS_rep_1,GCA_943370345.1,CALRQQ020000129.1,susC,437,6.607e-135,0.422
FW_TWAS_rep_1,GCA_943370345.1,CALRQQ020000089.1,sucD,107,2.018e-26,0.475
FW_TWAS_rep_1,GCA_943370345.1,CALRQQ020000184.1,susC,510,1.196e-157,0.393
FW_TWAS_rep_1,GCA_943370345.1,CALRQQ020000248.1,cazy_GH43,63,7.042e-13,0.285
FW_TWAS_rep_1,GCA_943370345.1,CALRQQ020000521.1,fadB,138,3.675e-38,0.418
FW_TWAS_rep_1,GCA_943370345.1,CALRQQ020000034.1,fadA,344,2.048e-106,0.5
FW_TWAS_rep_1,GCA_943370345.1,CALRQQ020000400.1,susC,91,1.885e-21,0.354
FW_TWAS_rep_1,GCA_943370345.1,CALRQQ020000290.1,gdh,147,2.523e-43,0.601
FW_TWAS_rep_1,GCA_943370345.1,CALRQQ020000109.1,cazy_CE8,259,7.182e-75,0.47
FW_TWAS_rep_1,GCA_943370345.1,CALRQQ020000239.1,agl,94,5.685e-22,0.267
FW_TWAS_rep_1,GCA_943370345.1,CALRQQ020000241.1,lctD,85,6.324e-21,0.32
FW_TWAS_rep_1,GCA_943370345.1,CALRQQ020000349.1,mvhA,51,5.139e-9,0.219
FW_TWAS_rep_1,GCA_943370345.1,CALRQQ020000460.1,cat,259,6.533e-81,0.598
FW_TWAS_rep_1,GCA_943370345.1,CALRQQ020000119.1,susD,130,1.891e-33,0.284
FW_TWAS_rep_1,GCA_943370345.1,CALRQQ020000494.1,lysophospholipase,51,9.683e-9,0.277
FW_TWAS_rep_1,GCA_943370345.1,CALRQQ020000151.1,xylA,500,6.948e-160,0.555
FW_TWAS_rep_1,GCA_943370345.1,CALRQQ020000349.1,hydA,50,3.942e-9,0.366
FW_TWAS_rep_1,GCA_943370345.1,CALRQQ020000242.1,susC,221,4.907e-66,0.402
FW_TWAS_rep_1,GCA_943370345.1,CALRQQ020000039.1,pta,173,8.62e-46,0.345
FW_TWAS_rep_1,GCA_943370345.1,CALRQQ020000058.1,fadB,119,4.474e-29,0.295
FW_TWAS_rep_1,GCA_943370345.1,CALRQQ020000462.1,bgl,311,1.016e-94,0.387
FW_TWAS_rep_1,GCA_943370345.1,CALRQQ020000109.1,cazy_GH43,137,1.475e-35,0.345
FW_TWAS_rep_1,GCA_943370345.1,CALRQQ020000420.1,susC,118,7.524e-32,0.357
FW_TWAS_rep_1,GCA_943370345.1,CALRQQ020000235.1,extracellular_protease,130,1.373e-35,0.409
FW_TWAS_rep_1,GCA_943370345.1,CALRQQ020000321.1,susC,582,1.993e-178,0.364
FW_TWAS_rep_1,GCA_943370345.1,CALRQQ020000032.1,endopeptidase,221,1.994e-64,0.399
FW_TWAS_rep_1,GCA_943370345.1,CALRQQ020000248.1,cazy_GH10,234,3.292e-69,0.383
FW_TWAS_rep_1,GCA_943370345.1,CALRQQ020000034.1,thl,282,3.912e-85,0.453
FW_TWAS_rep_1,GCA_943370345.1,CALRQQ020000497.1,pepN,100,1.145e-23,0.24
FW_TWAS_rep_1,GCA_943370345.1,CALRQQ020000115.1,susC,533,2.276e-161,0.34
FW_TWAS_rep_1,GCA_943370345.1,CALRQQ020000125.1,fadD,223,5.93e-66,0.405
FW_TWAS_rep_1,GCA_943370345.1,CALRQQ020000351.1,lctB,62,6.653e-13,0.25
FW_TWAS_rep_1,GCA_943370345.1,CALRQQ020000035.1,susC,464,9.252e-138,0.325
FW_TWAS_rep_1,GCA_943370345.1,CALRQQ020000511.1,edd,198,2.983e-55,0.338
FW_TWAS_rep_1,GCA_943370345.1,CALRQQ020000511.1,ilvE,123,1.083e-32,0.347
FW_TWAS_rep_1,GCA_943370345.1,CALRQQ020000017.1,cazy_GH43,66,3.361e-13,0.299
FW_TWAS_rep_1,GCA_943370345.1,CALRQQ020000060.1,cazy_GH13,47,1.854e-7,0.313
FW_TWAS_rep_1,GCA_943370345.1,CALRQQ020000001.1,fadB,180,9.296e-52,0.389
FW_TWAS_rep_1,GCA_943370345.1,CALRQQ020000125.1,cazy_GH43,46,4.925e-8,0.292
FW_TWAS_rep_1,GCA_943370345.1,CALRQQ020000035.1,susD,119,2.057e-29,0.281
FW_TWAS_rep_1,GCA_943370345.1,CALRQQ020000277.1,agl,90,8.838e-21,0.269
FW_TWAS_rep_1,GCA_943370345.1,CALRQQ020000119.1,susC,231,5.388e-66,0.309
FW_TWAS_rep_1,GCA_943370345.1,CALRQQ020000349.1,rnfB,40,5.724e-6,0.343
FW_TWAS_rep_1,GCA_943370345.1,CALRQQ020000074.1,pepN,64,1.755e-12,0.234
FW_TWAS_rep_1,GCA_943370345.1,CALRQQ020000173.1,rnfB,43,3.644e-6,0.38
FW_TWAS_rep_1,GCA_943370345.1,CALRQQ020000165.1,gdh,252,1.684e-77,0.476
FW_TWAS_rep_1,GCA_943370345.1,CALRQQ020000483.1,frhG,46,3.049e-8,0.258
FW_TWAS_rep_1,GCA_943370345.1,CALRQQ020000408.1,susD,54,1.124e-9,0.299
FW_TWAS_rep_1,GCA_943370345.1,CALRQQ020000115.1,susD,142,2.937e-37,0.287
FW_TWAS_rep_1,GCA_943370345.1,CALRQQ020000154.1,tdcB,305,3.566e-93,0.427
FW_TWAS_rep_1,GCA_943370345.1,CALRQQ020000411.1,bcd,158,3.132e-43,0.312
FW_TWAS_rep_1,GCA_943370345.1,CALRQQ020000022.1,bcd,263,1.386e-76,0.381
FW_TWAS_rep_1,GCA_943370345.1,CALRQQ020000118.1,acylglycerol_lipase,49,7.306e-9,0.224
FW_TWAS_rep_1,GCA_943370345.1,CALRQQ020000213.1,susC,74,3.59e-19,0.454
FW_TWAS_rep_1,GCA_943370345.1,CALRQQ020000301.1,acs,147,1.21e-38,0.272
FW_TWAS_rep_1,GCA_943370345.1,CALRQQ020000349.1,frhG,55,4.351e-11,0.285
FW_TWAS_rep_1,GCA_943370345.1,CALRQQ020000005.1,pepT,49,1.577e-8,0.238
FW_TWAS_rep_1,GCA_943370345.1,CALRQQ020000022.1,fadE,224,2.098e-63,0.353
FW_TWAS_rep_1,GCA_943370345.1,CALRQQ020000017.1,susC,602,3.723e-184,0.374
FW_TWAS_rep_1,GCA_943370345.1,CALRQQ020000010.1,folD,303,2.783e-94,0.543
FW_TWAS_rep_1,GCA_943370345.1,CALRQQ020000215.1,lctC,400,1.001e-125,0.485
FW_TWAS_rep_1,GCA_943370345.1,CALRQQ020000002.1,pfkA,52,1.762e-9,0.238
FW_TWAS_rep_1,GCA_943370345.1,CALRQQ020000130.1,fadB,171,3.739e-49,0.38
FW_TWAS_rep_1,GCA_943370345.1,CALRQQ020000365.1,frhA,161,1.285e-43,0.307
FW_TWAS_rep_1,GCA_943370345.1,CALRQQ020000298.1,frhG,47,2.221e-8,0.328
FW_TWAS_rep_1,GCA_943370345.1,CALRQQ020000411.1,adh,58,1.751e-11,0.271
FW_TWAS_rep_1,GCA_943370345.1,CALRQQ020000388.1,pepQ,144,1.305e-38,0.303
FW_TWAS_rep_1,GCA_943370345.1,CALRQQ020000058.1,hbd,117,1.36e-28,0.273
FW_TWAS_rep_1,GCA_943370345.1,CALRQQ020000212.1,susC,545,7.833e-170,0.437
FW_TWAS_rep_1,GCA_943370345.1,CALRQQ020000054.1,adh,48,2.346e-8,0.226
FW_TWAS_rep_1,GCA_943370345.1,CALRQQ020000104.1,susC,177,2.508e-51,0.375
FW_TWAS_rep_1,GCA_943370345.1,CALRQQ020000155.1,susC,55,1.07e-9,0.289
FW_TWAS_rep_1,GCA_943370345.1,CALRQQ020000271.1,cazy_GH13,116,8.604e-29,0.309
FW_TWAS_rep_1,GCA_943370345.1,CALRQQ020000090.1,crt,164,2.865e-47,0.428
FW_TWAS_rep_1,GCF_002978245.1,NZ_NRMR01000004.1,hydA,87,2.057e-19,0.267
FW_TWAS_rep_1,GCF_002978245.1,NZ_NRMR01000302.1,etfA,52,1.156e-10,0.378
FW_TWAS_rep_1,GCF_002978245.1,NZ_NRMR01000014.1,crt,136,2.844e-37,0.373
FW_TWAS_rep_1,GCF_002978245.1,NZ_NRMR01000034.1,bcd,101,1.296e-23,0.277
FW_TWAS_rep_1,GCF_002978245.1,NZ_NRMR01000016.1,ptsG,260,5.586e-76,0.351
FW_TWAS_rep_1,GCF_002978245.1,NZ_NRMR01000005.1,cazy_GH13,196,2.688e-54,0.368
FW_TWAS_rep_1,GCF_002978245.1,NZ_NRMR01000007.1,pepA,262,4.031e-78,0.459
FW_TWAS_rep_1,GCF_002978245.1,NZ_NRMR01000022.1,frhB,45,2.968e-7,0.431
FW_TWAS_rep_1,GCF_002978245.1,NZ_NRMR01000009.1,cazy_GH43,113,2.475e-29,0.289
FW_TWAS_rep_1,GCF_002978245.1,NZ_NRMR01000007.1,fadD,152,3.464e-40,0.292
FW_TWAS_rep_1,GCF_002978245.1,NZ_NRMR01000004.1,ptsG,380,1.434e-117,0.45
FW_TWAS_rep_1,GCF_002978245.1,NZ_NRMR01000012.1,endopeptidase,235,1.44e-66,0.368
FW_TWAS_rep_1,GCF_002978245.1,NZ_NRMR01000013.1,gapA,246,8.462e-74,0.399
FW_TWAS_rep_1,GCF_002978245.1,NZ_NRMR01000006.1,oppA,423,1.01e-131,0.448
FW_TWAS_rep_1,GCF_002978245.1,NZ_NRMR01000005.1,sucD,379,2.386e-120,0.662
FW_TWAS_rep_1,GCF_002978245.1,NZ_NRMR01000041.1,oppA,199,2.59e-55,0.3
FW_TWAS_rep_1,GCF_002978245.1,NZ_NRMR01000027.1,dppA,218,5.824e-62,0.311
FW_TWAS_rep_1,GCF_002978245.1,NZ_NRMR01000002.1,dppA,771,1.075e-251,0.691
FW_TWAS_rep_1,GCF_002978245.1,NZ_NRMR01000012.1,fdhA,190,5.09e-51,0.277
FW_TWAS_rep_1,GCF_002978245.1,NZ_NRMR01000036.1,susC,46,7.161e-7,0.34
FW_TWAS_rep_1,GCF_002978245.1,NZ_NRMR01000084.1,adhE,160,8.619e-47,0.392
FW_TWAS_rep_1,GCF_002978245.1,NZ_NRMR01000022.1,dppB,253,7.305e-77,0.456
FW_TWAS_rep_1,GCF_002978245.1,NZ_NRMR01000038.1,bgl,211,1.379e-60,0.325
FW_TWAS_rep_1,GCF_002978245.1,NZ_NRMR01000003.1,acs,830,3.092e-270,0.606
FW_TWAS_rep_1,GCF_002978245.1,NZ_NRMR01000023.1,fadA,378,7.495e-119,0.542
FW_TWAS_rep_1,GCF_002978245.1,NZ_NRMR01000018.1,rnfB,44,2.91e-7,0.262
FW_TWAS_rep_1,GCF_002978245.1,NZ_NRMR01000001.1,edd,830,3.719e-271,0.668
FW_TWAS_rep_1,GCF_002978245.1,NZ_NRMR01000017.1,adh,63,3.581e-13,0.27
FW_TWAS_rep_1,GCF_002978245.1,NZ_NRMR01000022.1,fdhA,227,5.12e-63,0.284
FW_TWAS_rep_1,GCF_002978245.1,NZ_NRMR01000018.1,frhB,44,1.611e-7,0.365
FW_TWAS_rep_1,GCF_002978245.1,NZ_NRMR01000008.1,mdh,152,3.471e-42,0.372
FW_TWAS_rep_1,GCF_002978245.1,NZ_NRMR01000012.1,aldh,51,1.203e-8,0.226
FW_TWAS_rep_1,GCF_002978245.1,NZ_NRMR01000005.1,agl,258,4.216e-75,0.371
FW_TWAS_rep_1,GCF_002978245.1,NZ_NRMR01000001.1,adhE,1087,0.0,0.642
FW_TWAS_rep_1,GCF_002978245.1,NZ_NRMR01000012.1,oppA,415,1.822e-128,0.455
FW_TWAS_rep_1,GCF_002978245.1,NZ_NRMR01000014.1,thl,225,2.037e-65,0.354
FW_TWAS_rep_1,GCF_002978245.1,NZ_NRMR01000011.1,thl,406,5.829e-128,0.576
FW_TWAS_rep_1,GCF_002978245.1,NZ_NRMR01000011.1,adh,63,3.376e-13,0.246
FW_TWAS_rep_1,GCF_002978245.1,NZ_NRMR01000010.1,agl,89,3.005e-20,0.271
FW_TWAS_rep_1,GCF_002978245.1,NZ_NRMR01000006.1,pepT,258,5.175e-77,0.406
FW_TWAS_rep_1,GCF_002978245.1,NZ_NRMR01000021.1,bgl,232,1.848e-67,0.322
FW_TWAS_rep_1,GCF_002978245.1,NZ_NRMR01000023.1,fadB,1026,0.0,0.728
FW_TWAS_rep_1,GCF_002978245.1,NZ_NRMR01000018.1,aldh,70,1.782e-14,0.25
FW_TWAS_rep_1,GCF_002978245.1,NZ_NRMR01000034.1,fadE,78,1.597e-16,0.25
FW_TWAS_rep_1,GCF_002978245.1,NZ_NRMR01000014.1,ackA,367,9.331e-115,0.51
FW_TWAS_rep_1,GCF_002978245.1,NZ_NRMR01000055.1,gapA,351,1.48e-110,0.548
FW_TWAS_rep_1,GCF_002978245.1,NZ_NRMR01000006.1,ptsG,519,1.006e-165,0.573
FW_TWAS_rep_1,GCF_002978245.1,NZ_NRMR01000011.1,fadA,323,2.906e-99,0.505
FW_TWAS_rep_1,GCF_002978245.1,NZ_NRMR01000015.1,mer,64,5.453e-13,0.292
FW_TWAS_rep_1,GCF_002978245.1,NZ_NRMR01000022.1,frhG,41,5.087e-6,0.4
FW_TWAS_rep_1,GCF_002978245.1,NZ_NRMR01000004.1,folD,330,4.028e-103,0.597
FW_TWAS_rep_1,GCF_002978245.1,NZ_NRMR01000001.1,dppB,263,1.814e-80,0.445
FW_TWAS_rep_1,GCF_002978245.1,NZ_NRMR01000003.1,adhE,108,6.615e-27,0.257
FW_TWAS_rep_1,GCF_002978245.1,NZ_NRMR01000019.1,dppC,134,8.402e-36,0.349
FW_TWAS_rep_1,GCF_002978245.1,NZ_NRMR01000014.1,frhB,43,6.766e-7,0.357
FW_TWAS_rep_1,GCF_002978245.1,NZ_NRMR01000027.1,dppC,252,7.055e-77,0.48
FW_TWAS_rep_1,GCF_002978245.1,NZ_NRMR01000008.1,pepA,347,2.454e-106,0.44
FW_TWAS_rep_1,GCF_002978245.1,NZ_NRMR01000041.1,dppA,789,1.226e-257,0.727
FW_TWAS_rep_1,GCF_002978245.1,NZ_NRMR01000023.1,pepQ,79,2.054e-17,0.256
FW_TWAS_rep_1,GCF_002978245.1,NZ_NRMR01000001.1,oppB,312,3.145e-97,0.53
FW_TWAS_rep_1,GCF_002978245.1,NZ_NRMR01000249.1,bcd,96,1.23e-25,0.404
FW_TWAS_rep_1,GCF_002978245.1,NZ_NRMR01000004.1,glcP,195,1.149e-54,0.306
FW_TWAS_rep_1,GCF_002978245.1,NZ_NRMR01000014.1,hbd,210,1.06e-57,0.344
FW_TWAS_rep_1,GCF_002978245.1,NZ_NRMR01000014.1,fdhA,66,4.161e-13,0.235
FW_TWAS_rep_1,GCF_002978245.1,NZ_NRMR01000014.1,mvhG,42,1.837e-6,0.323
FW_TWAS_rep_1,GCF_002978245.1,NZ_NRMR01000010.1,pfkA,254,5.385e-77,0.449
FW_TWAS_rep_1,GCF_002978245.1,NZ_NRMR01000015.1,adhE,44,1.229e-6,0.23
FW_TWAS_rep_1,GCF_002978245.1,NZ_NRMR01000022.1,dppA,633,2.926e-204,0.591
FW_TWAS_rep_1,GCF_002978245.1,NZ_NRMR01000023.1,hbd,205,4.044e-56,0.341
FW_TWAS_rep_1,GCF_002978245.1,NZ_NRMR01000014.1,etfA,108,9.233e-26,0.35
FW_TWAS_rep_1,GCF_002978245.1,NZ_NRMR01000036.1,cazy_GH13,75,8.514e-16,0.261
FW_TWAS_rep_1,GCF_002978245.1,NZ_NRMR01000013.1,bgl,218,7.671e-63,0.317
FW_TWAS_rep_1,GCF_002978245.1,NZ_NRMR01000007.1,ptsG,330,3.073e-100,0.401
FW_TWAS_rep_1,GCF_002978245.1,NZ_NRMR01000001.1,dppA,434,4.794e-135,0.423
FW_TWAS_rep_1,GCF_002978245.1,NZ_NRMR01000028.1,glcP,224,4.566e-64,0.314
FW_TWAS_rep_1,GCF_002978245.1,NZ_NRMR01000023.1,lysophospholipase,207,8.427e-61,0.432
FW_TWAS_rep_1,GCF_002978245.1,NZ_NRMR01000011.1,bgl,204,7.879e-58,0.316
FW_TWAS_rep_1,GCF_002978245.1,NZ_NRMR01000005.1,ptsG,319,1.403e-94,0.414
FW_TWAS_rep_1,GCF_002978245.1,NZ_NRMR01000007.1,pta,128,7.063e-32,0.309
FW_TWAS_rep_1,GCF_002978245.1,NZ_NRMR01000013.1,pfkA,57,1.23e-10,0.261
FW_TWAS_rep_1,GCF_002978245.1,NZ_NRMR01000001.1,acs,154,1.008e-40,0.283
FW_TWAS_rep_1,GCF_002978245.1,NZ_NRMR01000012.1,dppA,278,1.192e-81,0.353
FW_TWAS_rep_1,GCF_002978245.1,NZ_NRMR01000022.1,agl,165,2.982e-44,0.307
FW_TWAS_rep_1,GCF_002978245.1,NZ_NRMR01000002.1,oppA,222,3.705e-63,0.313
FW_TWAS_rep_1,GCF_002978245.1,NZ_NRMR01000002.1,dppB,444,3.179e-142,0.675
FW_TWAS_rep_1,GCF_002978245.1,NZ_NRMR01000010.1,xylA,496,1.387e-158,0.541
FW_TWAS_rep_1,GCF_002978245.1,NZ_NRMR01000002.1,oppB,240,8.547e-73,0.464
FW_TWAS_rep_1,GCF_002978245.1,NZ_NRMR01000001.1,eda,225,7.165e-69,0.532
FW_TWAS_rep_1,GCF_002978245.1,NZ_NRMR01000009.1,pepQ,69,4.835e-15,0.283
FW_TWAS_rep_1,GCF_002978245.1,NZ_NRMR01000008.1,mer,60,8.528e-12,0.376
FW_TWAS_rep_1,GCF_002978245.1,NZ_NRMR01000016.1,eda,112,2.746e-30,0.357
FW_TWAS_rep_1,GCF_002978245.1,NZ_NRMR01000019.1,pfkA,144,3.313e-39,0.368
FW_TWAS_rep_1,GCF_002978245.1,NZ_NRMR01000014.1,fadA,246,2.179e-72,0.4
FW_TWAS_rep_1,GCF_002978245.1,NZ_NRMR01000027.1,oppB,261,1.017e-79,0.491
FW_TWAS_rep_1,GCF_002978245.1,NZ_NRMR01000002.1,adhE,224,1.725e-65,0.389
FW_TWAS_rep_1,GCF_002978245.1,NZ_NRMR01000019.1,oppA,88,7.35e-20,0.247
FW_TWAS_rep_1,GCF_002978245.1,NZ_NRMR01000027.1,dppB,289,2.163e-89,0.462
FW_TWAS_rep_1,GCF_002978245.1,NZ_NRMR01000015.1,dppA,105,2.834e-25,0.245
FW_TWAS_rep_1,GCF_002978245.1,NZ_NRMR01000018.1,hydA,46,7.03e-8,0.333
FW_TWAS_rep_1,GCF_002978245.1,NZ_NRMR01000002.1,dppC,419,1.264e-134,0.706
FW_TWAS_rep_1,GCF_002978245.1,NZ_NRMR01000006.1,pepN,423,3.618e-127,0.42
FW_TWAS_rep_1,GCF_002978245.1,NZ_NRMR01000015.1,fumB,742,3.959e-241,0.652
FW_TWAS_rep_1,GCF_002978245.1,NZ_NRMR01000023.1,thl,287,1.445e-87,0.464
FW_TWAS_rep_1,GCF_002978245.1,NZ_NRMR01000022.1,cazy_GH13,173,6.177e-47,0.36
FW_TWAS_rep_1,GCF_002978245.1,NZ_NRMR01000011.1,acs,104,8.071e-25,0.246
FW_TWAS_rep_1,GCF_002978245.1,NZ_NRMR01000022.1,dppC,186,1.738e-54,0.411
FW_TWAS_rep_1,GCF_002978245.1,NZ_NRMR01000015.1,rnfB,197,8.991e-60,0.581
FW_TWAS_rep_1,GCF_002978245.1,NZ_NRMR01000002.1,fdhA,306,1.308e-88,0.321
FW_TWAS_rep_1,GCF_002978245.1,NZ_NRMR01000302.1,fadB,53,3.321e-11,0.382
FW_TWAS_rep_1,GCF_002978245.1,NZ_NRMR01000001.1,etfA,59,1.364e-11,0.33
FW_TWAS_rep_1,GCF_002978245.1,NZ_NRMR01000012.1,rnfB,40,4.698e-6,0.28
FW_TWAS_rep_1,GCF_002978245.1,NZ_NRMR01000010.1,xylF,336,3.348e-105,0.548
FW_TWAS_rep_1,GCF_002978245.1,NZ_NRMR01000010.1,crt,48,3.701e-8,0.417
FW_TWAS_rep_1,GCF_002978245.1,NZ_NRMR01000015.1,frhB,48,8.391e-9,0.51
FW_TWAS_rep_1,GCF_002978245.1,NZ_NRMR01000002.1,glcP,42,4.405e-6,0.246
FW_TWAS_rep_1,GCF_002978245.1,NZ_NRMR01000023.1,phospholipase,214,9.605e-64,0.425
FW_TWAS_rep_1,GCF_002978245.1,NZ_NRMR01000015.1,pfkA,59,1.326e-11,0.403
FW_TWAS_rep_1,GCF_002978245.1,NZ_NRMR01000038.1,ptsG,49,3.625e-8,0.33
FW_TWAS_rep_1,GCF_002978245.1,NZ_NRMR01000022.1,rnfB,42,2.884e-6,0.368
FW_TWAS_rep_1,GCF_002978245.1,NZ_NRMR01000031.1,tdcB,303,4.169e-91,0.455
FW_TWAS_rep_1,GCF_002978245.1,NZ_NRMR01000018.1,frhG,44,1.611e-7,0.377
FW_TWAS_rep_1,GCF_002978245.1,NZ_NRMR01000024.1,endopeptidase,289,9.49e-87,0.411
FW_TWAS_rep_1,GCF_002978245.1,NZ_NRMR01000018.1,pyk,462,1.032e-145,0.553
FW_TWAS_rep_1,GCF_002978245.1,NZ_NRMR01000002.1,cazy_GH13,79,4.92e-17,0.288
FW_TWAS_rep_1,GCF_002978245.1,NZ_NRMR01000249.1,fadE,111,7.886e-31,0.503
FW_TWAS_rep_1,GCF_002978245.1,NZ_NRMR01000001.1,oppA,445,1.286e-138,0.468
FW_TWAS_rep_1,GCF_002978245.1,NZ_NRMR01000015.1,oppB,170,2.793e-48,0.387
FW_TWAS_rep_1,GCF_002978245.1,NZ_NRMR01000022.1,adh,72,3.326e-16,0.269
FW_TWAS_rep_1,GCF_002978245.1,NZ_NRMR01000010.1,cazy_GH13,104,7.741e-25,0.291
FW_TWAS_rep_1,GCF_002978245.1,NZ_NRMR01000014.1,fadB,445,3.066e-136,0.395
FW_TWAS_rep_1,GCF_002978245.1,NZ_NRMR01000005.1,fadD,94,3.862e-21,0.241
FW_TWAS_rep_1,GCF_002978245.1,NZ_NRMR01000302.1,crt,57,1.995e-12,0.43
FW_TWAS_rep_1,GCF_002978245.1,NZ_NRMR01000015.1,dppB,166,4.524e-47,0.386
FW_TWAS_rep_1,GCF_002978245.1,NZ_NRMR01000017.1,pfkA,251,2.029e-76,0.487
FW_TWAS_rep_1,GCF_002978245.1,NZ_NRMR01000014.1,pta,222,9.845e-62,0.44
FW_TWAS_rep_1,GCF_002978245.1,NZ_NRMR01000013.1,glcP,228,8.248e-66,0.329
FW_TWAS_rep_1,GCF_002978245.1,NZ_NRMR01000001.1,tdcB,50,7.501e-9,0.257
FW_TWAS_rep_1,GCF_002978245.1,NZ_NRMR01000021.1,ptsG,76,6.735e-19,0.479
FW_TWAS_rep_1,GCF_002978245.1,NZ_NRMR01000005.1,cazy_CE8,84,6.047e-19,0.302
FW_TWAS_rep_1,GCF_002978245.1,NZ_NRMR01000023.1,crt,133,1.287e-33,0.35
FW_TWAS_rep_1,GCF_002978245.1,NZ_NRMR01000023.1,etfA,113,1.944e-27,0.383
FW_TWAS_rep_1,GCF_002978245.1,NZ_NRMR01000008.1,endopeptidase,188,2.744e-54,0.399
FW_TWAS_rep_1,GCF_002978245.1,NZ_NRMR01000034.1,pepD,521,3.731e-166,0.542
FW_TWAS_rep_1,GCF_002978245.1,NZ_NRMR01000001.1,fadD,267,5.094e-78,0.366
FW_TWAS_rep_1,GCF_002978245.1,NZ_NRMR01000008.1,pfkA,57,7.539e-11,0.281
FW_TWAS_rep_1,GCF_002978245.1,NZ_NRMR01000013.1,pepQ,185,1.395e-51,0.357
FW_TWAS_rep_1,GCF_002978245.1,NZ_NRMR01000017.1,gapA,494,4.034e-160,0.713
FW_TWAS_rep_1,GCF_002978245.1,NZ_NRMR01000022.1,oppA,216,1.479e-61,0.325
FW_TWAS_rep_1,GCF_002978245.1,NZ_NRMR01000018.1,adhE,68,4.123e-14,0.25
FW_TWAS_rep_1,GCF_002978245.1,NZ_NRMR01000019.1,oppB,185,9.531e-53,0.339
FW_TWAS_rep_1,GCF_002978245.1,NZ_NRMR01000003.1,fadD,131,4.334e-33,0.276
FW_TWAS_rep_1,GCF_002978245.1,NZ_NRMR01000015.1,dtpT,289,3.07e-86,0.367
FW_TWAS_rep_1,GCF_002978245.1,NZ_NRMR01000018.1,fdhA,542,7.173e-168,0.437
FW_TWAS_rep_1,GCF_002978245.1,NZ_NRMR01000022.1,oppB,210,3.366e-62,0.444
FW_TWAS_rep_1,GCF_002978245.1,NZ_NRMR01000004.1,fdhA,649,1.966e-202,0.479
FW_TWAS_rep_1,GCF_002978245.1,NZ_NRMR01000015.1,ptsG,339,3.498e-103,0.411
FW_TWAS_rep_1,GCF_002978245.1,NZ_NRMR01000003.1,agl,256,2.936e-74,0.364
FW_TWAS_rep_1,GCF_002978245.1,NZ_NRMR01000011.1,fadD,138,2.931e-35,0.336
FW_TWAS_rep_1,GCF_002978245.1,NZ_NRMR01000027.1,oppA,192,2.53e-53,0.318
FW_TWAS_rep_1,GCF_002978245.1,NZ_NRMR01000003.1,pgi,726,2.64e-235,0.682
FW_TWAS_rep_1,GCF_002978245.1,NZ_NRMR01000014.1,hydA,40,3.876e-6,0.327
FW_TWAS_rep_1,GCF_002978245.1,NZ_NRMR01000019.1,dppB,174,3.899e-49,0.325
FW_TWAS_rep_1,GCF_002978245.1,NZ_NRMR01000031.1,ilvE,168,1.308e-47,0.355
FW_TWAS_rep_1,GCF_002978245.1,NZ_NRMR01000001.1,fdhA,372,3.698e-109,0.344
FW_TWAS_rep_1,GCF_002978245.1,NZ_NRMR01000004.1,agl,100,1.162e-23,0.284
FW_TWAS_rep_1,GCF_002978245.1,NZ_NRMR01000025.1,mdh,182,4.395e-52,0.355
FW_TWAS_rep_1,GCF_002978245.1,NZ_NRMR01000031.1,edd,225,1.191e-63,0.316
FW_TWAS_rep_1,GCF_002978245.1,NZ_NRMR01000002.1,rnfB,42,2.424e-6,0.242
FW_TWAS_rep_1,GCF_002978245.1,NZ_NRMR01000012.1,esterase,214,3.582e-60,0.341
FW_TWAS_rep_1,GCF_002978245.1,NZ_NRMR01000018.1,frhA,100,9.767e-24,0.265
FW_TWAS_rep_1,GCF_002978245.1,NZ_NRMR01000015.1,dppC,198,1.142e-57,0.433
FW_TWAS_rep_1,GCF_002978245.1,NZ_NRMR01000006.1,fdhA,220,6.541e-61,0.291
FW_TWAS_rep_1,GCF_002978245.1,NZ_NRMR01000001.1,adh,59,6.818e-12,0.274
FW_TWAS_rep_1,GCF_002978245.1,NZ_NRMR01000001.1,aldh,415,3.692e-124,0.509
FW_TWAS_rep_1,GCF_002978245.1,NZ_NRMR01000023.1,acylglycerol_lipase,91,1.479e-21,0.278
FW_TWAS_rep_1,GCF_002978245.1,NZ_NRMR01000004.1,cazy_GH13,121,3.856e-30,0.311
FW_TWAS_rep_1,GCF_002978245.1,NZ_NRMR01000015.1,bgl,268,1.726e-79,0.354
FW_TWAS_rep_1,GCF_002978245.1,NZ_NRMR01000001.1,pyk,371,7.899e-115,0.483
FW_TWAS_rep_1,GCF_002978245.1,NZ_NRMR01000003.1,cazy_GH13,166,1.378e-44,0.355
FW_TWAS_rep_1,GCF_002978245.1,NZ_NRMR01000012.1,pfor,1385,0.0,0.6
FW_TWAS_rep_1,GCF_002978245.1,NZ_NRMR01000001.1,dppC,250,1.042e-75,0.464
FW_TWAS_rep_1,GCF_002978245.1,NZ_NRMR01000005.1,sucC,381,7.167e-120,0.517
FW_TWAS_rep_1,GCF_002978245.1,NZ_NRMR01000006.1,dppA,276,1.428e-81,0.328
FW_TWAS_rep_1,GCF_002978245.1,NZ_NRMR01000002.1,pfkA,48,2.348e-8,0.416
FW_TWAS_rep_1,GCF_002978245.1,NZ_NRMR01000011.1,ptsG,446,1.092e-139,0.5
FW_TWAS_rep_1,GCF_002978245.1,NZ_NRMR01000005.1,acs,81,1.955e-17,0.247
FW_TWAS_rep_1,GCF_002978245.1,NZ_NRMR01000021.1,extracellular_protease,113,2.843e-27,0.306
FW_TWAS_rep_1,GCF_002978245.1,NZ_NRMR01000041.1,pepT,209,2.24e-58,0.369
FW_TWAS_rep_1,GCF_002978245.1,NZ_NRMR01000014.1,frhG,45,1.172e-7,0.358
FW_TWAS_rep_1,GCF_002978245.1,NZ_NRMR01000019.1,dppA,65,5.607e-13,0.197
FW_TWAS_rep_1,GCA_050287485.1,JBNKBZ010000055.1,acs,159,1.98e-42,0.266
FW_TWAS_rep_1,GCA_050287485.1,JBNKBZ010000134.1,crt,63,1.191e-12,0.3
FW_TWAS_rep_1,GCA_050287485.1,JBNKBZ010000085.1,cazy_GH13,86,3.304e-19,0.34
FW_TWAS_rep_1,GCA_050287485.1,JBNKBZ010000055.1,eda,129,4.656e-36,0.395
FW_TWAS_rep_1,GCA_050287485.1,JBNKBZ010000168.1,endopeptidase,49,7.761e-11,0.508
FW_TWAS_rep_1,GCA_050287485.1,JBNKBZ010000213.1,tdcB,77,5.16e-17,0.286
FW_TWAS_rep_1,GCA_050287485.1,JBNKBZ010000287.1,lctD,80,4.558e-19,0.45
FW_TWAS_rep_1,GCA_050287485.1,JBNKBZ010000029.1,mvhA,91,8.715e-21,0.231
FW_TWAS_rep_1,GCA_050287485.1,JBNKBZ010000354.1,sucC,372,1.916e-116,0.496
FW_TWAS_rep_1,GCA_050287485.1,JBNKBZ010000063.1,pfor,834,5.01e-271,0.601
FW_TWAS_rep_1,GCA_050287485.1,JBNKBZ010000120.1,fadD,126,1.262e-31,0.26
FW_TWAS_rep_1,GCA_050287485.1,JBNKBZ010000244.1,fumB,273,7.383e-81,0.374
FW_TWAS_rep_1,GCA_050287485.1,JBNKBZ010000055.1,fadA,362,6.929e-113,0.501
FW_TWAS_rep_1,GCA_050287485.1,JBNKBZ010000301.1,fdhA,51,2.111e-8,0.462
FW_TWAS_rep_1,GCA_050287485.1,JBNKBZ010000086.1,hydA,43,1.791e-6,0.359
FW_TWAS_rep_1,GCA_050287485.1,JBNKBZ010000346.1,mmcF,137,9.817e-35,0.51
FW_TWAS_rep_1,GCA_050287485.1,JBNKBZ010000333.1,oppA,156,1.369e-41,0.275
FW_TWAS_rep_1,GCA_050287485.1,JBNKBZ010000103.1,gdh,51,6.464e-9,0.436
FW_TWAS_rep_1,GCA_050287485.1,JBNKBZ010000134.1,etfA,65,1.607e-13,0.404
FW_TWAS_rep_1,GCA_050287485.1,JBNKBZ010000085.1,dppA,102,4.892e-24,0.233
FW_TWAS_rep_1,GCA_050287485.1,JBNKBZ010000318.1,crt,109,2.297e-26,0.357
FW_TWAS_rep_1,GCA_050287485.1,JBNKBZ010000045.1,pepN,393,2.845e-118,0.41
FW_TWAS_rep_1,GCA_050287485.1,JBNKBZ010000090.1,fumB,269,3.759e-79,0.368
FW_TWAS_rep_1,GCA_050287485.1,JBNKBZ010000301.1,hydA,66,4.523e-13,0.336
FW_TWAS_rep_1,GCA_050287485.1,JBNKBZ010000143.1,pepN,87,2.088e-19,0.235
FW_TWAS_rep_1,GCA_050287485.1,JBNKBZ010000346.1,fadD,124,4.64e-31,0.278
FW_TWAS_rep_1,GCA_050287485.1,JBNKBZ010000290.1,frhA,40,2.98e-7,0.325
FW_TWAS_rep_1,GCA_050287485.1,JBNKBZ010000318.1,etfA,79,3.343e-17,0.333
FW_TWAS_rep_1,GCA_050287485.1,JBNKBZ010000147.1,mmcG,179,3.904e-54,0.659
FW_TWAS_rep_1,GCA_050287485.1,JBNKBZ010000213.1,fadD,141,3.71e-37,0.302
FW_TWAS_rep_1,GCA_050287485.1,JBNKBZ010000085.1,dppB,147,4.788e-40,0.305
FW_TWAS_rep_1,GCA_050287485.1,JBNKBZ010000355.1,crt,109,3.909e-28,0.298
FW_TWAS_rep_1,GCA_050287485.1,JBNKBZ010000346.1,mmcE,570,4.753e-179,0.526
FW_TWAS_rep_1,GCA_050287485.1,JBNKBZ010000134.1,fadB,71,2.871e-15,0.289
FW_TWAS_rep_1,GCA_050287485.1,JBNKBZ010000211.1,pepQ,167,4.903e-46,0.336
FW_TWAS_rep_1,GCA_050287485.1,JBNKBZ010000341.1,fadD,156,1.686e-41,0.314
FW_TWAS_rep_1,GCA_050287485.1,JBNKBZ010000142.1,pfkA,63,1.478e-12,0.276
FW_TWAS_rep_1,GCA_050287485.1,JBNKBZ010000378.1,fadD,157,1.589e-40,0.275
FW_TWAS_rep_1,GCA_050287485.1,JBNKBZ010000226.1,crt,49,9.811e-9,0.395
FW_TWAS_rep_1,GCA_050287485.1,JBNKBZ010000341.1,acs,46,2.819e-7,0.25
FW_TWAS_rep_1,GCA_050287485.1,JBNKBZ010000290.1,mvhG,123,4.647e-32,0.304
FW_TWAS_rep_1,GCA_050287485.1,JBNKBZ010000321.1,agl,73,3.276e-15,0.418
FW_TWAS_rep_1,GCA_050287485.1,JBNKBZ010000149.1,fadD,171,8.721e-46,0.308
FW_TWAS_rep_1,GCA_050287485.1,JBNKBZ010000063.1,mvhG,98,8.553e-26,0.365
FW_TWAS_rep_1,GCA_050287485.1,JBNKBZ010000080.1,etfA,284,1.246e-88,0.619
FW_TWAS_rep_1,GCA_050287485.1,JBNKBZ010000085.1,oppA,108,1.002e-25,0.264
FW_TWAS_rep_1,GCA_050287485.1,JBNKBZ010000321.1,cazy_GH13,111,8.283e-27,0.303
FW_TWAS_rep_1,GCA_050287485.1,JBNKBZ010000080.1,fadE,143,3.092e-37,0.338
FW_TWAS_rep_1,GCA_050287485.1,JBNKBZ010000080.1,etfB,301,1.655e-94,0.658
FW_TWAS_rep_1,GCA_050287485.1,JBNKBZ010000047.1,ackA,385,1.88e-120,0.528
FW_TWAS_rep_1,GCA_050287485.1,JBNKBZ010000035.1,gapA,333,3.696e-104,0.5
FW_TWAS_rep_1,GCA_050287485.1,JBNKBZ010000080.1,bcd,119,1.133e-29,0.288
FW_TWAS_rep_1,GCA_050287485.1,JBNKBZ010000135.1,fadE,103,3.258e-24,0.281
FW_TWAS_rep_1,GCA_050287485.1,JBNKBZ010000421.1,lctC,171,3.371e-50,0.507
FW_TWAS_rep_1,GCA_050287485.1,JBNKBZ010000245.1,fdhA,259,1.247e-73,0.319
FW_TWAS_rep_1,GCA_050287485.1,JBNKBZ010000318.1,hbd,198,8.779e-54,0.361
FW_TWAS_rep_1,GCA_050287485.1,JBNKBZ010000416.1,lctD,40,3.141e-8,0.545
FW_TWAS_rep_1,GCA_050287485.1,JBNKBZ010000333.1,oppB,233,4.487e-70,0.46
FW_TWAS_rep_1,GCA_050287485.1,JBNKBZ010000307.1,pfor,636,5.403e-205,0.573
FW_TWAS_rep_1,GCA_050287485.1,JBNKBZ010000015.1,frhG,43,3.041e-7,0.365
FW_TWAS_rep_1,GCA_050287485.1,JBNKBZ010000325.1,gapA,281,3.913e-86,0.445
FW_TWAS_rep_1,GCA_050287485.1,JBNKBZ010000056.1,frhB,41,1.441e-6,0.465
FW_TWAS_rep_1,GCA_050287485.1,JBNKBZ010000200.1,endopeptidase,279,2.321e-83,0.45
FW_TWAS_rep_1,GCA_050287485.1,JBNKBZ010000108.1,pfkA,203,3.991e-59,0.367
FW_TWAS_rep_1,GCA_050287485.1,JBNKBZ010000055.1,fadD,243,6.604e-70,0.33
FW_TWAS_rep_1,GCA_050287485.1,JBNKBZ010000063.1,mvhD,201,2.019e-61,0.569
FW_TWAS_rep_1,GCA_050287485.1,JBNKBZ010000048.1,pepQ,65,8.029e-14,0.291
FW_TWAS_rep_1,GCA_050287485.1,JBNKBZ010000015.1,frhB,43,2.249e-7,0.298
FW_TWAS_rep_1,GCA_050287485.1,JBNKBZ010000318.1,thl,88,1.073e-23,0.51
FW_TWAS_rep_1,GCA_050287485.1,JBNKBZ010000047.1,pta,203,1.722e-55,0.407
FW_TWAS_rep_1,GCA_050287485.1,JBNKBZ010000253.1,frhA,131,1.797e-34,0.267
FW_TWAS_rep_1,GCA_050287485.1,JBNKBZ010000371.1,rnfB,41,9.813e-8,0.344
FW_TWAS_rep_1,GCA_050287485.1,JBNKBZ010000361.1,frhA,51,8.825e-9,0.224
FW_TWAS_rep_1,GCA_050287485.1,JBNKBZ010000361.1,frhG,41,9.965e-7,0.255
FW_TWAS_rep_1,GCA_050287485.1,JBNKBZ010000156.1,fwdA,46,2.573e-7,0.428
FW_TWAS_rep_1,GCA_050287485.1,JBNKBZ010000159.1,pgi,672,3.932e-217,0.636
FW_TWAS_rep_1,GCA_050287485.1,JBNKBZ010000085.1,oppB,157,1.663e-43,0.348
FW_TWAS_rep_1,GCA_050287485.1,JBNKBZ010000173.1,rnfB,41,3.438e-7,0.274
FW_TWAS_rep_1,GCA_050287485.1,JBNKBZ010000109.1,crt,155,1.138e-43,0.397
FW_TWAS_rep_1,GCA_050287485.1,JBNKBZ010000333.1,dppB,299,1.181e-92,0.518
FW_TWAS_rep_1,GCA_050287485.1,JBNKBZ010000098.1,endopeptidase,180,1.328e-51,0.381
FW_TWAS_rep_1,GCA_050287485.1,JBNKBZ010000404.1,frhG,42,9.468e-7,0.29
FW_TWAS_rep_1,GCA_050287485.1,JBNKBZ010000290.1,frhG,70,7.389e-15,0.282
FW_TWAS_rep_1,GCA_050287485.1,JBNKBZ010000354.1,sucD,380,3.446e-120,0.651
FW_TWAS_rep_1,GCA_050287485.1,JBNKBZ010000318.1,fadA,80,4.411e-21,0.457
FW_TWAS_rep_1,GCA_050287485.1,JBNKBZ010000015.1,hydA,45,6.704e-8,0.419
FW_TWAS_rep_1,GCA_050287485.1,JBNKBZ010000029.1,lctB,59,2.52e-11,0.25
FW_TWAS_rep_1,GCA_050287485.1,JBNKBZ010000055.1,thl,278,7.395e-84,0.452
FW_TWAS_rep_1,GCA_050287485.1,JBNKBZ010000109.1,etfA,94,3.422e-23,0.302
FW_TWAS_rep_1,GCA_050287485.1,JBNKBZ010000168.1,fdhA,258,2.267e-73,0.316
FW_TWAS_rep_1,GCA_050287485.1,JBNKBZ010000313.1,frhG,49,6.119e-8,0.369
FW_TWAS_rep_1,GCA_050287485.1,JBNKBZ010000211.1,tdcB,323,8.836e-98,0.439
FW_TWAS_rep_1,GCA_050287485.1,JBNKBZ010000306.1,tdcB,68,2.575e-14,0.269
FW_TWAS_rep_1,GCA_050287485.1,JBNKBZ010000055.1,hbd,189,3.239e-51,0.384
FW_TWAS_rep_1,GCA_050287485.1,JBNKBZ010000244.1,pyk,397,1.058e-122,0.471
FW_TWAS_rep_1,GCA_050287485.1,JBNKBZ010000056.1,cdhC,46,5.451e-8,0.384
FW_TWAS_rep_1,GCA_050287485.1,JBNKBZ010000056.1,rnfB,202,1.173e-61,0.591
FW_TWAS_rep_1,GCA_050287485.1,JBNKBZ010000361.1,mvhG,40,3.317e-6,0.515
FW_TWAS_rep_1,GCA_050287485.1,JBNKBZ010000079.1,fadD,323,2.212e-96,0.388
FW_TWAS_rep_1,GCA_050287485.1,JBNKBZ010000135.1,bcd,114,1.386e-27,0.294
FW_TWAS_rep_1,GCA_050287485.1,JBNKBZ010000149.1,acs,206,8.101e-57,0.285
FW_TWAS_rep_1,GCA_050287485.1,JBNKBZ010000253.1,mvhA,161,1.722e-44,0.293
FW_TWAS_rep_1,GCA_050287485.1,JBNKBZ010000079.1,acs,94,1.095e-21,0.232
FW_TWAS_rep_1,GCA_050287485.1,JBNKBZ010000318.1,fadD,332,1.106e-99,0.381
FW_TWAS_rep_1,GCA_050287485.1,JBNKBZ010000123.1,fdhA,186,1.215e-49,0.266
FW_TWAS_rep_1,GCA_050287485.1,JBNKBZ010000213.1,acs,79,1.388e-17,0.24
FW_TWAS_rep_1,GCA_050287485.1,JBNKBZ010000287.1,lctC,287,1.683e-88,0.481
FW_TWAS_rep_1,GCA_050287485.1,JBNKBZ010000290.1,mvhA,63,2.171e-15,0.367
FW_TWAS_rep_1,GCA_050287485.1,JBNKBZ010000333.1,dppC,193,3.067e-57,0.438
FW_TWAS_rep_1,GCA_050287485.1,JBNKBZ010000085.1,agl,59,3.912e-11,0.23
FW_TWAS_rep_1,GCA_050287485.1,JBNKBZ010000135.1,fadA,229,6.804e-68,0.411
FW_TWAS_rep_1,GCA_050287485.1,JBNKBZ010000120.1,acs,859,2.166e-280,0.64
FW_TWAS_rep_1,GCA_050287485.1,JBNKBZ010000029.1,frhA,101,4.491e-24,0.23
FW_TWAS_rep_1,GCA_050287485.1,JBNKBZ010000026.1,folD,345,3.371e-109,0.626
FW_TWAS_rep_1,GCA_050287485.1,JBNKBZ010000182.1,pgi,42,4.951e-7,0.367
FW_TWAS_rep_1,GCA_050287485.1,JBNKBZ010000095.1,gdh,441,7.622e-139,0.488
FW_TWAS_rep_1,GCA_050287485.1,JBNKBZ010000182.1,pepA,376,4.361e-116,0.473
FW_TWAS_rep_1,GCA_050287485.1,JBNKBZ010000112.1,mdh,171,1.915e-48,0.401
FW_TWAS_rep_1,GCA_050287485.1,JBNKBZ010000318.1,fadB,355,9.814e-106,0.339
FW_TWAS_rep_1,GCA_050287485.1,JBNKBZ010000055.1,etfA,91,1.036e-20,0.358
FW_TWAS_rep_1,GCA_050287485.1,JBNKBZ010000318.1,acs,83,1.461e-18,0.223
FW_TWAS_rep_1,GCA_050287485.1,JBNKBZ010000054.1,frhG,45,5.699e-8,0.318
FW_TWAS_rep_1,GCA_050287485.1,JBNKBZ010000054.1,frhA,56,3.464e-10,0.238
FW_TWAS_rep_1,GCA_050287485.1,JBNKBZ010000056.1,hydA,45,7.35e-8,0.338
FW_TWAS_rep_1,GCA_050287485.1,JBNKBZ010000346.1,acs,535,8.821e-169,0.435
FW_TWAS_rep_1,GCA_050287485.1,JBNKBZ010000034.1,etfA,202,6.743e-63,0.83
FW_TWAS_rep_1,GCA_050287485.1,JBNKBZ010000169.1,edd,200,3.079e-56,0.321
FW_TWAS_rep_1,GCA_050287485.1,JBNKBZ010000055.1,crt,112,4.116e-27,0.333
FW_TWAS_rep_1,GCA_050287485.1,JBNKBZ010000421.1,lctB,244,6.846e-75,0.512
FW_TWAS_rep_1,GCA_050287485.1,JBNKBZ010000135.1,thl,204,2.856e-59,0.393
FW_TWAS_rep_1,GCA_050287485.1,JBNKBZ010000055.1,fadB,897,4.484e-292,0.619
FW_TWAS_rep_1,GCA_050287485.1,JBNKBZ010000112.1,ilvE,91,2.933e-22,0.297
FW_TWAS_rep_1,GCA_050287485.1,JBNKBZ010000333.1,dppA,164,3.625e-44,0.277
FW_TWAS_rep_1,GCA_050287485.1,JBNKBZ010000015.1,fdhA,119,2.397e-29,0.264
FW_TWAS_rep_1,GCA_050287485.1,JBNKBZ010000378.1,acs,85,1.02e-18,0.247
FW_TWAS_rep_1,GCA_963736865.1,CAVTQQ010000001.1,tdcB,309,1.613e-92,0.501
FW_TWAS_rep_1,GCA_963736865.1,CAVTQQ010000007.1,frhA,151,4.776e-40,0.278
FW_TWAS_rep_1,GCA_963736865.1,CAVTQQ010000005.1,fadD,153,4.749e-41,0.342
FW_TWAS_rep_1,GCA_963736865.1,CAVTQQ010000010.1,gapA,158,2.064e-42,0.542
FW_TWAS_rep_1,GCA_963736865.1,CAVTQQ010000010.1,fadE,162,1.544e-44,0.34
FW_TWAS_rep_1,GCA_963736865.1,CAVTQQ010000007.1,hbd,199,5.957e-53,0.401
FW_TWAS_rep_1,GCA_963736865.1,CAVTQQ010000003.1,hbd,124,9.59e-31,0.318
FW_TWAS_rep_1,GCA_963736865.1,CAVTQQ010000003.1,bcd,116,6.569e-29,0.311
FW_TWAS_rep_1,GCA_963736865.1,CAVTQQ010000002.1,fadD,216,2.652e-61,0.323
FW_TWAS_rep_1,GCA_963736865.1,CAVTQQ010000009.1,adh,74,2.728e-16,0.312
FW_TWAS_rep_1,GCA_963736865.1,CAVTQQ010000003.1,thl,297,8.042e-91,0.437
FW_TWAS_rep_1,GCA_963736865.1,CAVTQQ010000005.1,lctD,113,1.803e-29,0.4
FW_TWAS_rep_1,GCA_963736865.1,CAVTQQ010000002.1,pepQ,42,1.635e-6,0.275
FW_TWAS_rep_1,GCA_963736865.1,CAVTQQ010000007.1,mvhG,124,1.021e-33,0.398
FW_TWAS_rep_1,GCA_963736865.1,CAVTQQ010000005.1,pfor,227,4.258e-63,0.315
FW_TWAS_rep_1,GCA_963736865.1,CAVTQQ010000010.1,endopeptidase,237,6.946e-67,0.326
FW_TWAS_rep_1,GCA_963736865.1,CAVTQQ010000009.1,fadE,88,1.014e-19,0.325
FW_TWAS_rep_1,GCA_963736865.1,CAVTQQ010000009.1,fadA,185,6.442e-55,0.611
FW_TWAS_rep_1,GCA_963736865.1,CAVTQQ010000007.1,fadB,315,5.216e-88,0.346
FW_TWAS_rep_1,GCA_963736865.1,CAVTQQ010000010.1,adhE,113,1.193e-28,0.35
FW_TWAS_rep_1,GCA_963736865.1,CAVTQQ010000004.1,dppC,113,1.959e-27,0.33
FW_TWAS_rep_1,GCA_963736865.1,CAVTQQ010000001.1,edd,78,2.961e-17,0.322
FW_TWAS_rep_1,GCA_963736865.1,CAVTQQ010000005.1,mmcF,75,1.231e-15,0.345
FW_TWAS_rep_1,GCA_963736865.1,CAVTQQ010000005.1,hydA,43,6.009e-7,0.302
FW_TWAS_rep_1,GCA_963736865.1,CAVTQQ010000005.1,cdhC,40,7.552e-6,0.341
FW_TWAS_rep_1,GCA_963736865.1,CAVTQQ010000005.1,lctB,227,2.299e-67,0.529
FW_TWAS_rep_1,GCA_963736865.1,CAVTQQ010000010.1,pgi,571,1.421e-182,0.554
FW_TWAS_rep_1,GCA_963736865.1,CAVTQQ010000004.1,mdh,185,7.506e-53,0.425
FW_TWAS_rep_1,GCA_963736865.1,CAVTQQ010000004.1,endopeptidase,121,6.052e-33,0.454
FW_TWAS_rep_1,GCA_963736865.1,CAVTQQ010000005.1,pepA,383,2.286e-118,0.487
FW_TWAS_rep_1,GCA_963736865.1,CAVTQQ010000010.1,frhG,42,4.768e-7,0.274
FW_TWAS_rep_1,GCA_963736865.1,CAVTQQ010000002.1,frhB,43,4.077e-7,0.403
FW_TWAS_rep_1,GCA_963736865.1,CAVTQQ010000007.1,tdcB,80,4.545e-18,0.287
FW_TWAS_rep_1,GCA_963736865.1,CAVTQQ010000005.1,rnfB,82,5.021e-19,0.29
FW_TWAS_rep_1,GCA_963736865.1,CAVTQQ010000005.1,mvhD,101,1.401e-23,0.357
FW_TWAS_rep_1,GCA_963736865.1,CAVTQQ010000005.1,mvhG,58,1.281e-10,0.286
FW_TWAS_rep_1,GCA_963736865.1,CAVTQQ010000009.1,hbd,105,3.564e-26,0.368
FW_TWAS_rep_1,GCA_963736865.1,CAVTQQ010000003.1,acs,141,6.398e-38,0.33
FW_TWAS_rep_1,GCA_963736865.1,CAVTQQ010000010.1,pyk,64,4.802e-14,0.458
FW_TWAS_rep_1,GCA_963736865.1,CAVTQQ010000010.1,pfor,158,2.282e-43,0.311
FW_TWAS_rep_1,GCA_963736865.1,CAVTQQ010000001.1,lysophospholipase,45,2.327e-7,0.28
FW_TWAS_rep_1,GCA_963736865.1,CAVTQQ010000001.1,mmcF,125,1.337e-35,0.504
FW_TWAS_rep_1,GCA_963736865.1,CAVTQQ010000002.1,gdh,48,1.459e-8,0.428
FW_TWAS_rep_1,GCA_963736865.1,CAVTQQ010000010.1,bcd,203,1.174e-58,0.345
FW_TWAS_rep_1,GCA_963736865.1,CAVTQQ010000010.1,etfA,90,1.421e-21,0.331
FW_TWAS_rep_1,GCA_963736865.1,CAVTQQ010000005.1,ackA,325,6.09e-98,0.51
FW_TWAS_rep_1,GCA_963736865.1,CAVTQQ010000009.1,bcd,48,2.748e-8,0.433
FW_TWAS_rep_1,GCA_963736865.1,CAVTQQ010000004.1,fumB,256,4.881e-75,0.363
FW_TWAS_rep_1,GCA_963736865.1,CAVTQQ010000002.1,pepD,449,2.066e-141,0.492
FW_TWAS_rep_1,GCA_963736865.1,CAVTQQ010000004.1,fadD,235,4.041e-66,0.35
FW_TWAS_rep_1,GCA_963736865.1,CAVTQQ010000001.1,endopeptidase,41,2.56e-6,0.566
FW_TWAS_rep_1,GCA_963736865.1,CAVTQQ010000001.1,phospholipase,267,2.208e-79,0.509
FW_TWAS_rep_1,GCA_963736865.1,CAVTQQ010000001.1,ilvE,57,5.71e-11,0.297
FW_TWAS_rep_1,GCA_963736865.1,CAVTQQ010000007.1,crt,107,5.113e-25,0.355
FW_TWAS_rep_1,GCA_963736865.1,CAVTQQ010000007.1,fdhA,146,1.391e-37,0.242
FW_TWAS_rep_1,GCA_963736865.1,CAVTQQ010000002.1,fdhA,81,6.987e-18,0.285
FW_TWAS_rep_1,GCA_963736865.1,CAVTQQ010000004.1,rnfB,130,5.578e-36,0.429
FW_TWAS_rep_1,GCA_963736865.1,CAVTQQ010000010.1,pepQ,96,2.332e-24,0.425
FW_TWAS_rep_1,GCA_963736865.1,CAVTQQ010000010.1,crt,138,1.523e-37,0.358
FW_TWAS_rep_1,GCA_963736865.1,CAVTQQ010000005.1,fdhA,272,6.951e-79,0.337
FW_TWAS_rep_1,GCA_963736865.1,CAVTQQ010000004.1,dppB,135,1.528e-36,0.314
FW_TWAS_rep_1,GCA_963736865.1,CAVTQQ010000007.1,frhG,82,1.904e-19,0.313
FW_TWAS_rep_1,GCA_963736865.1,CAVTQQ010000010.1,fdhA,277,1.51e-78,0.314
FW_TWAS_rep_1,GCA_963736865.1,CAVTQQ010000003.1,fadE,124,1.566e-31,0.324
FW_TWAS_rep_1,GCA_963736865.1,CAVTQQ010000010.1,pta,49,2.181e-10,0.436
FW_TWAS_rep_1,GCA_963736865.1,CAVTQQ010000004.1,frhB,46,7.366e-8,0.388
FW_TWAS_rep_1,GCA_963736865.1,CAVTQQ010000010.1,pepN,394,3.302e-117,0.398
FW_TWAS_rep_1,GCA_963736865.1,CAVTQQ010000003.1,fadB,119,4.697e-29,0.341
FW_TWAS_rep_1,GCA_963736865.1,CAVTQQ010000004.1,frhG,40,5.724e-6,0.416
FW_TWAS_rep_1,GCA_963736865.1,CAVTQQ010000002.1,lipase,44,8.473e-7,0.358
FW_TWAS_rep_1,GCA_963736865.1,CAVTQQ010000007.1,fadA,254,1.444e-69,0.42
FW_TWAS_rep_1,GCA_963736865.1,CAVTQQ010000001.1,fadE,286,2.729e-86,0.459
FW_TWAS_rep_1,GCA_963736865.1,CAVTQQ010000007.1,pta,226,5.448e-65,0.515
FW_TWAS_rep_1,GCA_963736865.1,CAVTQQ010000001.1,thl,404,1.765e-127,0.581
FW_TWAS_rep_1,GCA_963736865.1,CAVTQQ010000005.1,sucD,315,6.266e-98,0.535
FW_TWAS_rep_1,GCA_963736865.1,CAVTQQ010000010.1,rnfB,135,9.659e-38,0.472
FW_TWAS_rep_1,GCA_963736865.1,CAVTQQ010000001.1,bcd,378,4.891e-118,0.521
FW_TWAS_rep_1,GCA_963736865.1,CAVTQQ010000002.1,crt,278,1.046e-86,0.623
FW_TWAS_rep_1,GCA_963736865.1,CAVTQQ010000004.1,cat,111,4.232e-27,0.331
FW_TWAS_rep_1,GCA_963736865.1,CAVTQQ010000005.1,frhG,47,1.461e-7,0.272
FW_TWAS_rep_1,GCA_963736865.1,CAVTQQ010000005.1,mmcE,327,1.685e-93,0.398
FW_TWAS_rep_1,GCA_963736865.1,CAVTQQ010000009.1,oppA,57,9.984e-11,0.315
FW_TWAS_rep_1,GCA_963736865.1,CAVTQQ010000007.1,rnfB,46,5.357e-9,0.361
FW_TWAS_rep_1,GCA_963736865.1,CAVTQQ010000009.1,etfA,124,3.637e-32,0.802
FW_TWAS_rep_1,GCA_963736865.1,CAVTQQ010000003.1,fadD,83,1.297e-18,0.398
FW_TWAS_rep_1,GCA_963736865.1,CAVTQQ010000001.1,crt,144,2.718e-40,0.383
FW_TWAS_rep_1,GCA_963736865.1,CAVTQQ010000010.1,folD,342,1.09e-104,0.622
FW_TWAS_rep_1,GCA_963736865.1,CAVTQQ010000004.1,hydA,41,8.516e-7,0.349
FW_TWAS_rep_1,GCA_963736865.1,CAVTQQ010000004.1,acs,521,1.04e-167,0.609
FW_TWAS_rep_1,GCA_963736865.1,CAVTQQ010000009.1,fadB,92,8.021e-22,0.351
FW_TWAS_rep_1,GCA_963736865.1,CAVTQQ010000007.1,hydA,84,1.307e-18,0.276
FW_TWAS_rep_1,GCA_963736865.1,CAVTQQ010000002.1,rnfB,102,6.714e-27,0.633
FW_TWAS_rep_1,GCA_963736865.1,CAVTQQ010000010.1,fadD,68,6.256e-14,0.248
FW_TWAS_rep_1,GCA_963736865.1,CAVTQQ010000007.1,etfA,77,7.827e-16,0.28
FW_TWAS_rep_1,GCA_963736865.1,CAVTQQ010000007.1,ackA,351,5.27e-106,0.528
FW_TWAS_rep_1,GCA_963736865.1,CAVTQQ010000007.1,fadD,226,2.965e-63,0.336
FW_TWAS_rep_1,GCA_963736865.1,CAVTQQ010000004.1,oppB,146,2.823e-40,0.348
FW_TWAS_rep_1,GCA_963736865.1,CAVTQQ010000001.1,fadA,253,1.395e-75,0.43
FW_TWAS_rep_1,GCA_963736865.1,CAVTQQ010000009.1,thl,166,2.219e-48,0.555
FW_TWAS_rep_1,GCA_963736865.1,CAVTQQ010000005.1,extracellular_protease,57,2.772e-10,0.368
FW_TWAS_rep_1,GCA_963736865.1,CAVTQQ010000009.1,crt,162,3.86e-46,0.382
FW_TWAS_rep_1,GCA_963736865.1,CAVTQQ010000001.1,mmcE,215,6.771e-65,0.497
FW_TWAS_rep_1,GCA_963736865.1,CAVTQQ010000001.1,mmcG,45,6.298e-8,0.241
FW_TWAS_rep_1,GCA_963736865.1,CAVTQQ010000001.1,pepN,61,3.276e-12,0.42
FW_TWAS_rep_1,GCA_963736865.1,CAVTQQ010000010.1,ilvE,111,1.342e-28,0.368
FW_TWAS_rep_1,GCA_963736865.1,CAVTQQ010000003.1,fadA,361,1.456e-112,0.526
FW_TWAS_rep_1,GCA_963736865.1,CAVTQQ010000002.1,fadB,116,6.895e-31,0.378
FW_TWAS_rep_1,GCA_963736865.1,CAVTQQ010000007.1,mvhA,434,1.15e-135,0.456
FW_TWAS_rep_1,GCA_963736865.1,CAVTQQ010000007.1,pfkA,69,1.656e-14,0.261
FW_TWAS_rep_1,GCA_963736865.1,CAVTQQ010000009.1,cazy_GH13,79,2.227e-17,0.268
FW_TWAS_rep_1,GCA_963736865.1,CAVTQQ010000001.1,lctB,64,9.001e-13,0.259
FW_TWAS_rep_1,GCA_963736865.1,CAVTQQ010000005.1,lctC,376,1.839e-118,0.548
FW_TWAS_rep_1,GCA_963736865.1,CAVTQQ010000007.1,thl,228,3.648e-66,0.468
FW_TWAS_rep_1,GCA_963736865.1,CAVTQQ010000008.1,etfA,154,1.844e-46,0.693
FW_TWAS_rep_1,GCA_963736865.1,CAVTQQ010000010.1,acs,343,2.315e-105,0.419
FW_TWAS_rep_1,GCA_963736865.1,CAVTQQ010000002.1,acs,246,2.244e-70,0.303
FW_TWAS_rep_1,GCA_963736865.1,CAVTQQ010000007.1,fadE,89,8.226e-20,0.268
FW_TWAS_rep_1,GCA_963736865.1,CAVTQQ010000004.1,sucD,53,6.54e-9,0.28
FW_TWAS_rep_1,GCA_963736865.1,CAVTQQ010000002.1,etfA,124,1.051e-33,0.366
FW_TWAS_rep_1,GCA_963736865.1,CAVTQQ010000003.1,crt,51,1.69e-8,0.347
FW_TWAS_rep_1,GCA_963736865.1,CAVTQQ010000001.1,fdhA,260,4.035e-75,0.381
FW_TWAS_rep_1,GCA_963736865.1,CAVTQQ010000005.1,sucC,385,3.275e-121,0.525
FW_TWAS_rep_1,GCA_963736865.1,CAVTQQ010000005.1,acs,66,8.146e-14,0.265
FW_TWAS_rep_1,GCA_963736865.1,CAVTQQ010000010.1,hydA,94,1.23e-21,0.296
FW_TWAS_rep_1,GCA_963736865.1,CAVTQQ010000009.1,etfB,193,5.573e-57,0.724
FW_TWAS_rep_1,GCA_963736865.1,CAVTQQ010000007.1,acs,132,2.507e-33,0.248
FW_TWAS_rep_1,GCA_963736865.1,CAVTQQ010000005.1,pta,41,4.51e-6,0.25
FW_TWAS_rep_1,GCA_044238845.1,JBIICN010000001.1,adhE,91,1.386e-21,0.261
FW_TWAS_rep_1,GCA_044238845.1,JBIICN010000011.1,hbd,306,2.845e-95,0.549
FW_TWAS_rep_1,GCA_044238845.1,JBIICN010000007.1,fadD,310,1.499e-92,0.373
FW_TWAS_rep_1,GCA_044238845.1,JBIICN010000003.1,pepT,78,3.592e-17,0.349
FW_TWAS_rep_1,GCA_044238845.1,JBIICN010000069.1,thl,430,1.628e-136,0.576
FW_TWAS_rep_1,GCA_044238845.1,JBIICN010000014.1,extracellular_protease,145,6.989e-37,0.363
FW_TWAS_rep_1,GCA_044238845.1,JBIICN010000014.1,mmcE,296,2.562e-83,0.371
FW_TWAS_rep_1,GCA_044238845.1,JBIICN010000027.1,hbd,249,1.804e-74,0.387
FW_TWAS_rep_1,GCA_044238845.1,JBIICN010000038.1,pepN,44,4.157e-6,0.227
FW_TWAS_rep_1,GCA_044238845.1,JBIICN010000090.1,cat,254,5.605e-79,0.604
FW_TWAS_rep_1,GCA_044238845.1,JBIICN010000023.1,pepT,67,8.533e-14,0.255
FW_TWAS_rep_1,GCA_044238845.1,JBIICN010000012.1,pepN,180,7.948e-48,0.32
FW_TWAS_rep_1,GCA_044238845.1,JBIICN010000010.1,pepO,636,1.227e-202,0.474
FW_TWAS_rep_1,GCA_044238845.1,JBIICN010000071.1,mvhG,41,1.797e-6,0.457
FW_TWAS_rep_1,GCA_044238845.1,JBIICN010000010.1,adh,63,7.021e-13,0.271
FW_TWAS_rep_1,GCA_044238845.1,JBIICN010000026.1,fdhA,44,5.114e-7,0.45
FW_TWAS_rep_1,GCA_044238845.1,JBIICN010000023.1,acs,760,1.887e-245,0.576
FW_TWAS_rep_1,GCA_044238845.1,JBIICN010000006.1,adh,76,2.834e-17,0.278
FW_TWAS_rep_1,GCA_044238845.1,JBIICN010000002.1,lysophospholipase,55,9.566e-11,0.336
FW_TWAS_rep_1,GCA_044238845.1,JBIICN010000013.1,bcd,390,3.786e-123,0.539
FW_TWAS_rep_1,GCA_044238845.1,JBIICN010000032.1,pfkA,235,2.761e-70,0.432
FW_TWAS_rep_1,GCA_044238845.1,JBIICN010000035.1,fadD,64,1.165e-12,0.254
FW_TWAS_rep_1,GCA_044238845.1,JBIICN010000025.1,fhs,666,3.332e-215,0.598
FW_TWAS_rep_1,GCA_044238845.1,JBIICN010000001.1,sucD,319,4.123e-100,0.577
FW_TWAS_rep_1,GCA_044238845.1,JBIICN010000009.1,fadB,138,2.176e-38,0.412
FW_TWAS_rep_1,GCA_044238845.1,JBIICN010000004.1,bcd,239,3.362e-70,0.363
FW_TWAS_rep_1,GCA_044238845.1,JBIICN010000005.1,ilvE,136,5.989e-37,0.364
FW_TWAS_rep_1,GCA_044238845.1,JBIICN010000023.1,pyk,372,3.806e-115,0.444
FW_TWAS_rep_1,GCA_044238845.1,JBIICN010000053.1,dppC,192,2.552e-54,0.452
FW_TWAS_rep_1,GCA_044238845.1,JBIICN010000006.1,mmcE,508,5.344e-158,0.439
FW_TWAS_rep_1,GCA_044238845.1,JBIICN010000043.1,dtpT,296,3.483e-88,0.368
FW_TWAS_rep_1,GCA_044238845.1,JBIICN010000008.1,pta,169,1.079e-44,0.344
FW_TWAS_rep_1,GCA_044238845.1,JBIICN010000035.1,acs,62,4.706e-12,0.229
FW_TWAS_rep_1,GCA_044238845.1,JBIICN010000019.1,pepN,78,8.028e-17,0.234
FW_TWAS_rep_1,GCA_044238845.1,JBIICN010000005.1,oppA,212,2.306e-59,0.297
FW_TWAS_rep_1,GCA_044238845.1,JBIICN010000006.1,fadA,329,1.499e-101,0.491
FW_TWAS_rep_1,GCA_044238845.1,JBIICN010000024.1,endopeptidase,46,2.783e-7,0.408
FW_TWAS_rep_1,GCA_044238845.1,JBIICN010000001.1,sucC,372,1.109e-116,0.486
FW_TWAS_rep_1,GCA_044238845.1,JBIICN010000016.1,endopeptidase,228,7.609e-67,0.392
FW_TWAS_rep_1,GCA_044238845.1,JBIICN010000002.1,susC,70,3.968e-14,0.423
FW_TWAS_rep_1,GCA_044238845.1,JBIICN010000010.1,extracellular_protease,45,8.873e-7,0.281
FW_TWAS_rep_1,GCA_044238845.1,JBIICN010000001.1,gdh,94,1.878e-22,0.282
FW_TWAS_rep_1,GCA_044238845.1,JBIICN010000009.1,adh,64,2.185e-13,0.293
FW_TWAS_rep_1,GCA_044238845.1,JBIICN010000021.1,susC,59,5.752e-12,0.26
FW_TWAS_rep_1,GCA_044238845.1,JBIICN010000012.1,pepT,220,5.362e-64,0.367
FW_TWAS_rep_1,GCA_044238845.1,JBIICN010000047.1,ilvE,252,6.801e-76,0.402
FW_TWAS_rep_1,GCA_044238845.1,JBIICN010000034.1,oppB,130,4.707e-34,0.339
FW_TWAS_rep_1,GCA_044238845.1,JBIICN010000071.1,frhG,48,1.596e-8,0.268
FW_TWAS_rep_1,GCA_044238845.1,JBIICN010000046.1,extracellular_protease,167,2.141e-43,0.335
FW_TWAS_rep_1,GCA_044238845.1,JBIICN010000003.1,susC,64,3.129e-12,0.226
FW_TWAS_rep_1,GCA_044238845.1,JBIICN010000045.1,extracellular_protease,99,1.583e-23,0.293
FW_TWAS_rep_1,GCA_044238845.1,JBIICN010000059.1,ilvE,57,5.296e-11,0.263
FW_TWAS_rep_1,GCA_044238845.1,JBIICN010000027.1,gdh,432,7.67e-137,0.507
FW_TWAS_rep_1,GCA_044238845.1,JBIICN010000034.1,dppB,143,2.226e-38,0.298
FW_TWAS_rep_1,GCA_044238845.1,JBIICN010000052.1,adh,76,1.676e-17,0.304
FW_TWAS_rep_1,GCA_044238845.1,JBIICN010000006.1,mmcF,128,5.666e-32,0.51
FW_TWAS_rep_1,GCA_044238845.1,JBIICN010000001.1,endopeptidase,246,1.93e-70,0.452
FW_TWAS_rep_1,GCA_044238845.1,JBIICN010000005.1,edd,220,1.774e-62,0.316
FW_TWAS_rep_1,GCA_044238845.1,JBIICN010000001.1,folD,326,1.402e-102,0.586
FW_TWAS_rep_1,GCA_044238845.1,JBIICN010000013.1,fadE,280,2.524e-85,0.437
FW_TWAS_rep_1,GCA_044238845.1,JBIICN010000026.1,frhB,44,3.206e-7,0.291
FW_TWAS_rep_1,GCA_044238845.1,JBIICN010000023.1,fadD,110,1.08e-26,0.249
FW_TWAS_rep_1,GCA_044238845.1,JBIICN010000034.1,oppA,110,1.249e-26,0.25
FW_TWAS_rep_1,GCA_044238845.1,JBIICN010000020.1,gapA,302,8.93e-94,0.472
FW_TWAS_rep_1,GCA_044238845.1,JBIICN010000077.1,endopeptidase,43,1.799e-6,0.304
FW_TWAS_rep_1,GCA_044238845.1,JBIICN010000013.1,oppB,181,1.181e-51,0.333
FW_TWAS_rep_1,GCA_044238845.1,JBIICN010000007.1,pepN,63,4.44e-12,0.263
FW_TWAS_rep_1,GCA_044238845.1,JBIICN010000052.1,crt,175,4.886e-51,0.419
FW_TWAS_rep_1,GCA_044238845.1,JBIICN010000053.1,acylglycerol_lipase,49,7.553e-9,0.272
FW_TWAS_rep_1,GCA_044238845.1,JBIICN010000005.1,tdcB,292,7.744e-89,0.42
FW_TWAS_rep_1,GCA_044238845.1,JBIICN010000006.1,gdh,43,1.927e-6,0.418
FW_TWAS_rep_1,GCA_044238845.1,JBIICN010000026.1,hydA,76,7.712e-17,0.257
FW_TWAS_rep_1,GCA_044238845.1,JBIICN010000045.1,adh,75,4.338e-17,0.322
FW_TWAS_rep_1,GCA_044238845.1,JBIICN010000069.1,fadA,287,1.585e-87,0.447
FW_TWAS_rep_1,GCA_044238845.1,JBIICN010000011.1,gapA,191,1.438e-53,0.369
FW_TWAS_rep_1,GCA_044238845.1,JBIICN010000026.1,dppA,158,4.965e-42,0.267
FW_TWAS_rep_1,GCA_044238845.1,JBIICN010000049.1,susC,83,2.434e-18,0.256
FW_TWAS_rep_1,GCA_044238845.1,JBIICN010000034.1,dppC,116,2.1e-29,0.302
FW_TWAS_rep_1,GCA_044238845.1,JBIICN010000008.1,dppA,202,1.999e-56,0.28
FW_TWAS_rep_1,GCA_044238845.1,JBIICN010000024.1,esterase,48,6.9e-8,0.291
FW_TWAS_rep_1,GCA_044238845.1,JBIICN010000013.1,dppB,221,2.139e-65,0.376
FW_TWAS_rep_1,GCA_044238845.1,JBIICN010000053.1,oppB,215,3.414e-62,0.528
FW_TWAS_rep_1,GCA_044238845.1,JBIICN010000008.1,extracellular_protease,130,5.054e-33,0.439
FW_TWAS_rep_1,GCA_044238845.1,JBIICN010000023.1,pepQ,160,1.181e-43,0.321
FW_TWAS_rep_1,GCA_044238845.1,JBIICN010000003.1,pepD,493,1.43e-156,0.514
FW_TWAS_rep_1,GCA_044238845.1,JBIICN010000009.1,crt,205,1.931e-61,0.44
FW_TWAS_rep_1,GCA_044238845.1,JBIICN010000052.1,fadB,93,6.404e-23,0.304
FW_TWAS_rep_1,GCA_044238845.1,JBIICN010000010.1,endopeptidase,42,7.003e-6,0.358
FW_TWAS_rep_1,GCA_044238845.1,JBIICN010000007.1,adh,62,7.035e-13,0.263
FW_TWAS_rep_1,GCA_044238845.1,JBIICN010000001.1,acylglycerol_lipase,50,4.961e-9,0.312
FW_TWAS_rep_1,GCA_044238845.1,JBIICN010000012.1,pepA,281,1.578e-83,0.451
FW_TWAS_rep_1,GCA_044238845.1,JBIICN010000005.1,dppA,214,3.807e-60,0.281
FW_TWAS_rep_1,GCA_044238845.1,JBIICN010000026.1,oppA,201,3.299e-56,0.314
FW_TWAS_rep_1,GCA_044238845.1,JBIICN010000004.1,fadE,206,5.841e-59,0.357
FW_TWAS_rep_1,GCA_044238845.1,JBIICN010000002.1,aldh,55,3.973e-10,0.247
FW_TWAS_rep_1,GCA_044238845.1,JBIICN010000008.1,oppA,225,6.905e-64,0.33
FW_TWAS_rep_1,GCA_044238845.1,JBIICN010000026.1,frhG,42,7.742e-7,0.333
FW_TWAS_rep_1,GCA_044238845.1,JBIICN010000011.1,fadB,192,4.156e-56,0.414
FW_TWAS_rep_1,GCA_044238845.1,JBIICN010000009.1,etfA,178,4.638e-52,0.476
FW_TWAS_rep_1,GCA_044238845.1,JBIICN010000045.1,pepN,56,8.547e-10,0.231
FW_TWAS_rep_1,GCA_044238845.1,JBIICN010000031.1,mmcG,102,1.335e-27,0.401
FW_TWAS_rep_1,GCA_044238845.1,JBIICN010000034.1,dppA,90,1.913e-20,0.225
FW_TWAS_rep_1,GCA_044238845.1,JBIICN010000008.1,fadE,259,1.979e-77,0.415
FW_TWAS_rep_1,GCA_044238845.1,JBIICN010000017.1,dtpT,336,9.186e-102,0.392
FW_TWAS_rep_1,GCA_044238845.1,JBIICN010000006.1,thl,302,3.478e-92,0.452
FW_TWAS_rep_1,GCA_044238845.1,JBIICN010000014.1,etfA,168,1.273e-47,0.367
FW_TWAS_rep_1,GCA_044238845.1,JBIICN010000087.1,susC,90,2.059e-20,0.308
FW_TWAS_rep_1,GCA_044238845.1,JBIICN010000027.1,fadB,183,7.066e-52,0.334
FW_TWAS_rep_1,GCA_044238845.1,JBIICN010000050.1,acylglycerol_lipase,52,1.22e-9,0.257
FW_TWAS_rep_1,GCA_044238845.1,JBIICN010000019.1,mdh,249,1.673e-75,0.441
FW_TWAS_rep_1,GCA_044238845.1,JBIICN010000008.1,bcd,363,3.047e-113,0.471
FW_TWAS_rep_1,GCA_044220615.1,JBGAQR010000005.1,fadA,348,1.977e-108,0.527
FW_TWAS_rep_1,GCA_044220615.1,JBGAQR010000002.1,pfkA,46,1.966e-7,0.259
FW_TWAS_rep_1,GCA_044220615.1,JBGAQR010000003.1,pepQ,105,8.258e-26,0.354
FW_TWAS_rep_1,GCA_044220615.1,JBGAQR010000004.1,thl,263,4.109e-79,0.397
FW_TWAS_rep_1,GCA_044220615.1,JBGAQR010000003.1,pfkA,292,3.347e-90,0.496
FW_TWAS_rep_1,GCA_044220615.1,JBGAQR010000004.1,pepQ,130,7.179e-34,0.358
FW_TWAS_rep_1,GCA_044220615.1,JBGAQR010000003.1,bcd,367,9.294e-115,0.513
FW_TWAS_rep_1,GCA_044220615.1,JBGAQR010000005.1,susC,666,7.169e-208,0.429
FW_TWAS_rep_1,GCA_044220615.1,JBGAQR010000002.1,mvhG,50,2.191e-9,0.313
FW_TWAS_rep_1,GCA_044220615.1,JBGAQR010000002.1,susC,659,6.343e-204,0.397
FW_TWAS_rep_1,GCA_044220615.1,JBGAQR010000001.1,mmcE,682,1.918e-221,0.666
FW_TWAS_rep_1,GCA_044220615.1,JBGAQR010000001.1,dppB,230,1.901e-68,0.415
FW_TWAS_rep_1,GCA_044220615.1,JBGAQR010000005.1,frhG,46,7.134e-8,0.342
FW_TWAS_rep_1,GCA_044220615.1,JBGAQR010000002.1,adhE,88,1.285e-20,0.271
FW_TWAS_rep_1,GCA_044220615.1,JBGAQR010000004.1,susC,640,5.355e-197,0.379
FW_TWAS_rep_1,GCA_044220615.1,JBGAQR010000001.1,pfkA,42,3.992e-6,0.377
FW_TWAS_rep_1,GCA_044220615.1,JBGAQR010000001.1,acylglycerol_lipase,42,2.35e-6,0.221
FW_TWAS_rep_1,GCA_044220615.1,JBGAQR010000006.1,gdh,506,1.409e-161,0.555
FW_TWAS_rep_1,GCA_044220615.1,JBGAQR010000003.1,pyk,374,1.548e-115,0.448
FW_TWAS_rep_1,GCA_044220615.1,JBGAQR010000001.1,oppB,178,8.828e-51,0.364
FW_TWAS_rep_1,GCA_044220615.1,JBGAQR010000001.1,frhG,42,6.005e-6,0.297
FW_TWAS_rep_1,GCA_044220615.1,JBGAQR010000002.1,susD,85,4.1e-19,0.303
FW_TWAS_rep_1,GCA_044220615.1,JBGAQR010000001.1,etfB,140,1.764e-38,0.373
FW_TWAS_rep_1,GCA_044220615.1,JBGAQR010000006.1,agl,75,3.243e-16,0.244
FW_TWAS_rep_1,GCA_044220615.1,JBGAQR010000004.1,hbd,251,5.969e-77,0.473
FW_TWAS_rep_1,GCA_044220615.1,JBGAQR010000001.1,pepN,121,2.828e-30,0.243
FW_TWAS_rep_1,GCA_044220615.1,JBGAQR010000001.1,fdhA,571,1.576e-176,0.451
FW_TWAS_rep_1,GCA_044220615.1,JBGAQR010000002.1,mmcE,293,2.613e-82,0.358
FW_TWAS_rep_1,GCA_044220615.1,JBGAQR010000006.1,pepN,46,7.335e-7,0.228
FW_TWAS_rep_1,GCA_044220615.1,JBGAQR010000002.1,extracellular_protease,81,4.699e-17,0.299
FW_TWAS_rep_1,GCA_044220615.1,JBGAQR010000002.1,lctD,83,3.128e-20,0.328
FW_TWAS_rep_1,GCA_044220615.1,JBGAQR010000004.1,dtpT,310,4.397e-93,0.348
FW_TWAS_rep_1,GCA_044220615.1,JBGAQR010000002.1,frhB,40,3.199e-6,0.37
FW_TWAS_rep_1,GCA_044220615.1,JBGAQR010000001.1,ilvE,248,1.257e-74,0.409
FW_TWAS_rep_1,GCA_044220615.1,JBGAQR010000006.1,endopeptidase,54,1.221e-8,0.339
FW_TWAS_rep_1,GCA_044220615.1,JBGAQR010000003.1,extracellular_protease,113,7.445e-28,0.391
FW_TWAS_rep_1,GCA_044220615.1,JBGAQR010000004.1,susD,171,5.154e-47,0.343
FW_TWAS_rep_1,GCA_044220615.1,JBGAQR010000004.1,fadB,169,1.113e-48,0.368
FW_TWAS_rep_1,GCA_044220615.1,JBGAQR010000003.1,sucC,353,1.002e-109,0.467
FW_TWAS_rep_1,GCA_044220615.1,JBGAQR010000005.1,bcd,258,2.275e-77,0.379
FW_TWAS_rep_1,GCA_044220615.1,JBGAQR010000005.1,fadE,198,6.744e-57,0.353
FW_TWAS_rep_1,GCA_044220615.1,JBGAQR010000001.1,cazy_GH43,131,1.791e-33,0.33
FW_TWAS_rep_1,GCA_044220615.1,JBGAQR010000001.1,pta,174,2.843e-46,0.335
FW_TWAS_rep_1,GCA_044220615.1,JBGAQR010000004.1,gdh,59,1.879e-11,0.545
FW_TWAS_rep_1,GCA_044220615.1,JBGAQR010000001.1,etfA,196,3.683e-57,0.385
FW_TWAS_rep_1,GCA_044220615.1,JBGAQR010000004.1,fadD,333,5.612e-100,0.385
FW_TWAS_rep_1,GCA_044220615.1,JBGAQR010000003.1,pepT,49,1.763e-8,0.227
FW_TWAS_rep_1,GCA_044220615.1,JBGAQR010000001.1,fadB,129,2.422e-32,0.318
FW_TWAS_rep_1,GCA_044220615.1,JBGAQR010000003.1,susC,452,1.8e-134,0.316
FW_TWAS_rep_1,GCA_044220615.1,JBGAQR010000005.1,pepT,225,1.272e-65,0.369
FW_TWAS_rep_1,GCA_044220615.1,JBGAQR010000005.1,fadB,172,2.973e-49,0.374
FW_TWAS_rep_1,GCA_044220615.1,JBGAQR010000005.1,frhB,45,9.029e-7,0.437
FW_TWAS_rep_1,GCA_044220615.1,JBGAQR010000001.1,sucD,334,1.385e-105,0.598
FW_TWAS_rep_1,GCA_044220615.1,JBGAQR010000002.1,bcd,359,2.924e-112,0.477
FW_TWAS_rep_1,GCA_044220615.1,JBGAQR010000003.1,fadE,274,7.681e-83,0.421
FW_TWAS_rep_1,GCA_044220615.1,JBGAQR010000002.1,fadD,108,3.951e-26,0.241
FW_TWAS_rep_1,GCA_044220615.1,JBGAQR010000003.1,cazy_GH43,118,8.964e-31,0.334
FW_TWAS_rep_1,GCA_044220615.1,JBGAQR010000002.1,cazy_GH10,274,2.313e-83,0.451
FW_TWAS_rep_1,GCA_044220615.1,JBGAQR010000002.1,pepN,123,1.166e-30,0.275
FW_TWAS_rep_1,GCA_044220615.1,JBGAQR010000002.1,oppB,200,4.191e-58,0.486
FW_TWAS_rep_1,GCA_044220615.1,JBGAQR010000003.1,tdcB,61,4.721e-12,0.271
FW_TWAS_rep_1,GCA_044220615.1,JBGAQR010000005.1,hbd,286,1.811e-88,0.526
FW_TWAS_rep_1,GCA_044220615.1,JBGAQR010000002.1,crt,168,2.213e-48,0.388
FW_TWAS_rep_1,GCA_044220615.1,JBGAQR010000001.1,cazy_CE8,267,6.752e-82,0.479
FW_TWAS_rep_1,GCA_044220615.1,JBGAQR010000002.1,fadE,255,2.079e-76,0.407
FW_TWAS_rep_1,GCA_044220615.1,JBGAQR010000005.1,fwdA,49,1.186e-7,0.485
FW_TWAS_rep_1,GCA_044220615.1,JBGAQR010000001.1,susC,635,6.029e-196,0.376
FW_TWAS_rep_1,GCA_044220615.1,JBGAQR010000005.1,agl,90,1.76e-20,0.258
FW_TWAS_rep_1,GCA_044220615.1,JBGAQR010000005.1,thl,322,2.548e-99,0.493
FW_TWAS_rep_1,GCA_044220615.1,JBGAQR010000003.1,sucD,104,1.428e-25,0.443
FW_TWAS_rep_1,GCA_044220615.1,JBGAQR010000002.1,edd,217,2.402e-61,0.325
FW_TWAS_rep_1,GCA_044220615.1,JBGAQR010000005.1,mmcF,173,7.218e-52,0.609
FW_TWAS_rep_1,GCA_044220615.1,JBGAQR010000003.1,adhE,199,1.207e-57,0.352
FW_TWAS_rep_1,GCA_044220615.1,JBGAQR010000006.1,cazy_GH13,87,3.618e-20,0.272
FW_TWAS_rep_1,GCA_044220615.1,JBGAQR010000005.1,hydA,76,1.426e-16,0.264
FW_TWAS_rep_1,GCA_044220615.1,JBGAQR010000002.1,xylA,499,6.461e-159,0.537
FW_TWAS_rep_1,GCA_044220615.1,JBGAQR010000004.1,agl,171,1.824e-46,0.309
FW_TWAS_rep_1,GCA_044220615.1,JBGAQR010000005.1,rnfB,48,1.296e-7,0.411
FW_TWAS_rep_1,GCA_044220615.1,JBGAQR010000005.1,cazy_GH13,128,1.942e-32,0.327
FW_TWAS_rep_1,GCA_044220615.1,JBGAQR010000001.1,fadA,266,3.055e-80,0.43
FW_TWAS_rep_1,GCA_044220615.1,JBGAQR010000002.1,hbd,79,7.591e-19,0.387
FW_TWAS_rep_1,GCA_044220615.1,JBGAQR010000005.1,pfor,606,2.31e-196,0.665
FW_TWAS_rep_1,GCA_044220615.1,JBGAQR010000003.1,dppA,161,7.012e-43,0.25
FW_TWAS_rep_1,GCA_044220615.1,JBGAQR010000003.1,susD,121,3.879e-30,0.274
FW_TWAS_rep_1,GCA_044220615.1,JBGAQR010000003.1,pgi,673,4.981e-218,0.629
FW_TWAS_rep_1,GCA_044220615.1,JBGAQR010000004.1,adh,55,1.808e-10,0.298
FW_TWAS_rep_1,GCA_044220615.1,JBGAQR010000001.1,hydA,99,6.296e-23,0.306
FW_TWAS_rep_1,GCA_044220615.1,JBGAQR010000004.1,fadA,319,1.665e-98,0.453
FW_TWAS_rep_1,GCA_044220615.1,JBGAQR010000004.1,bgl,316,3.591e-96,0.388
FW_TWAS_rep_1,GCA_044220615.1,JBGAQR010000004.1,cat,265,9.366e-83,0.613
FW_TWAS_rep_1,GCA_044220615.1,JBGAQR010000002.1,dppC,186,3.927e-53,0.355
FW_TWAS_rep_1,GCA_044220615.1,JBGAQR010000004.1,cazy_GH13,218,3.435e-62,0.405
FW_TWAS_rep_1,GCA_044220615.1,JBGAQR010000005.1,gapA,295,4.566e-91,0.494
FW_TWAS_rep_1,GCA_044220615.1,JBGAQR010000001.1,lctB,236,2.64e-72,0.454
FW_TWAS_rep_1,GCA_044220615.1,JBGAQR010000004.1,ilvE,254,3.346e-76,0.392
FW_TWAS_rep_1,GCA_044220615.1,JBGAQR010000001.1,susD,150,7.7e-40,0.287
FW_TWAS_rep_1,GCA_044220615.1,JBGAQR010000004.1,esterase,49,1.58e-8,0.307
FW_TWAS_rep_1,GCA_044220615.1,JBGAQR010000001.1,thl,421,1.499e-133,0.591
FW_TWAS_rep_1,GCA_044220615.1,JBGAQR010000002.1,lctC,397,2.817e-124,0.487
FW_TWAS_rep_1,GCA_044220615.1,JBGAQR010000001.1,lctC,415,2.698e-130,0.51
FW_TWAS_rep_1,GCA_044220615.1,JBGAQR010000001.1,cazy_GH13,59,7.094e-11,0.337
FW_TWAS_rep_1,GCA_044220615.1,JBGAQR010000005.1,mvhG,40,3.429e-6,0.454
FW_TWAS_rep_1,GCA_044220615.1,JBGAQR010000002.1,fhs,563,6.311e-180,0.532
FW_TWAS_rep_1,GCA_044220615.1,JBGAQR010000002.1,endopeptidase,48,2.257e-7,0.31
FW_TWAS_rep_1,GCA_044220615.1,JBGAQR010000002.1,fadB,92,9.754e-23,0.333
FW_TWAS_rep_1,GCA_044220615.1,JBGAQR010000001.1,cazy_PL1,46,3.941e-7,0.28
FW_TWAS_rep_1,GCA_044220615.1,JBGAQR010000001.1,hbd,126,1.703e-31,0.297
FW_TWAS_rep_1,GCA_044220615.1,JBGAQR010000001.1,pepO,655,6.882e-209,0.48
FW_TWAS_rep_1,GCA_044220615.1,JBGAQR010000002.1,mmcF,71,2.073e-14,0.266
FW_TWAS_rep_1,GCA_044220615.1,JBGAQR010000005.1,susD,98,3.817e-23,0.254
FW_TWAS_rep_1,GCA_044220615.1,JBGAQR010000001.1,lctD,50,2.329e-9,0.344
FW_TWAS_rep_1,GCA_044220615.1,JBGAQR010000001.1,pfor,43,1.971e-6,0.307
FW_TWAS_rep_1,GCA_044220615.1,JBGAQR010000005.1,crt,206,1.573e-61,0.435
FW_TWAS_rep_1,GCA_044220615.1,JBGAQR010000004.1,folD,302,5.215e-94,0.561
FW_TWAS_rep_1,GCA_044220615.1,JBGAQR010000004.1,acs,109,8.582e-27,0.261
FW_TWAS_rep_1,GCA_044220615.1,JBGAQR010000002.1,acs,717,6.016e-231,0.547
FW_TWAS_rep_1,GCA_044220615.1,JBGAQR010000001.1,crt,56,4.519e-10,0.306
FW_TWAS_rep_1,GCA_044220615.1,JBGAQR010000006.1,mdh,245,2.713e-74,0.453
FW_TWAS_rep_1,GCA_044220615.1,JBGAQR010000001.1,eda,130,2.6e-36,0.337
FW_TWAS_rep_1,GCA_044220615.1,JBGAQR010000002.1,pfor,899,8.886e-292,0.586
FW_TWAS_rep_1,GCA_044220615.1,JBGAQR010000001.1,adh,63,4.673e-13,0.278
FW_TWAS_rep_1,GCA_044220615.1,JBGAQR010000005.1,mmcG,96,6.316e-26,0.396
FW_TWAS_rep_1,GCA_044220615.1,JBGAQR010000005.1,pepN,186,7.601e-50,0.295
FW_TWAS_rep_1,GCA_044220615.1,JBGAQR010000005.1,etfA,154,1.701e-43,0.418
FW_TWAS_rep_1,GCA_027492415.1,JAPUEV010000307.1,adh,66,4.366e-14,0.306
FW_TWAS_rep_1,GCA_027492415.1,JAPUEV010000023.1,oppB,195,1.281e-56,0.364
FW_TWAS_rep_1,GCA_027492415.1,JAPUEV010000161.1,acylglycerol_lipase,46,1.226e-7,0.293
FW_TWAS_rep_1,GCA_027492415.1,JAPUEV010000255.1,adhE,76,2.685e-16,0.238
FW_TWAS_rep_1,GCA_027492415.1,JAPUEV010000047.1,fdhA,55,1.2e-10,0.373
FW_TWAS_rep_1,GCA_027492415.1,JAPUEV010000213.1,crt,137,7.53e-38,0.338
FW_TWAS_rep_1,GCA_027492415.1,JAPUEV010000423.1,fadD,163,1.576e-43,0.29
FW_TWAS_rep_1,GCA_027492415.1,JAPUEV010000224.1,fadE,276,1.071e-83,0.43
FW_TWAS_rep_1,GCA_027492415.1,JAPUEV010000031.1,mdh,282,3.554e-87,0.479
FW_TWAS_rep_1,GCA_027492415.1,JAPUEV010000238.1,bcd,178,4.115e-54,0.64
FW_TWAS_rep_1,GCA_027492415.1,JAPUEV010000221.1,aldh,64,1.174e-12,0.26
FW_TWAS_rep_1,GCA_027492415.1,JAPUEV010000131.1,extracellular_protease,105,8.589e-25,0.301
FW_TWAS_rep_1,GCA_027492415.1,JAPUEV010000068.1,etfA,128,8.52e-35,0.368
FW_TWAS_rep_1,GCA_027492415.1,JAPUEV010000084.1,extracellular_protease,105,9.459e-25,0.307
FW_TWAS_rep_1,GCA_027492415.1,JAPUEV010000040.1,adh,91,1.083e-22,0.303
FW_TWAS_rep_1,GCA_027492415.1,JAPUEV010000228.1,dppB,215,1.184e-63,0.371
FW_TWAS_rep_1,GCA_027492415.1,JAPUEV010000397.1,pyk,383,4.497e-119,0.481
FW_TWAS_rep_1,GCA_027492415.1,JAPUEV010000086.1,gdh,430,4.108e-136,0.505
FW_TWAS_rep_1,GCA_027492415.1,JAPUEV010000238.1,oppB,249,5.83e-75,0.421
FW_TWAS_rep_1,GCA_027492415.1,JAPUEV010000033.1,mvhA,209,6.808e-60,0.313
FW_TWAS_rep_1,GCA_027492415.1,JAPUEV010000033.1,frhA,138,1.888e-36,0.252
FW_TWAS_rep_1,GCA_027492415.1,JAPUEV010000255.1,pepT,62,4.916e-14,0.333
FW_TWAS_rep_1,GCA_027492415.1,JAPUEV010000248.1,fadD,81,4.919e-19,0.335
FW_TWAS_rep_1,GCA_027492415.1,JAPUEV010000224.1,bcd,327,1.715e-101,0.461
FW_TWAS_rep_1,GCA_027492415.1,JAPUEV010000394.1,pfor,863,3.88e-280,0.606
FW_TWAS_rep_1,GCA_027492415.1,JAPUEV010000246.1,pfkA,47,6.285e-8,0.306
FW_TWAS_rep_1,GCA_027492415.1,JAPUEV010000412.1,oppA,234,4.663e-67,0.326
FW_TWAS_rep_1,GCA_027492415.1,JAPUEV010000255.1,aldh,65,5.114e-13,0.23
FW_TWAS_rep_1,GCA_027492415.1,JAPUEV010000116.1,pfor,44,8.004e-8,0.309
FW_TWAS_rep_1,GCA_027492415.1,JAPUEV010000087.1,fadB,144,1.417e-41,0.435
FW_TWAS_rep_1,GCA_027492415.1,JAPUEV010000228.1,dppC,190,2.42e-54,0.456
FW_TWAS_rep_1,GCA_027492415.1,JAPUEV010000257.1,tdcB,99,6.966e-27,0.436
FW_TWAS_rep_1,GCA_027492415.1,JAPUEV010000237.1,sucD,349,2.946e-109,0.572
FW_TWAS_rep_1,GCA_027492415.1,JAPUEV010000028.1,pepA,370,4.703e-114,0.452
FW_TWAS_rep_1,GCA_027492415.1,JAPUEV010000395.1,extracellular_protease,61,5.113e-12,0.309
FW_TWAS_rep_1,GCA_027492415.1,JAPUEV010000201.1,mmcG,102,5.768e-28,0.389
FW_TWAS_rep_1,GCA_027492415.1,JAPUEV010000033.1,frhG,85,2.581e-20,0.28
FW_TWAS_rep_1,GCA_027492415.1,JAPUEV010000258.1,mmcF,179,2.622e-54,0.602
FW_TWAS_rep_1,GCA_027492415.1,JAPUEV010000055.1,pepN,124,6.309e-31,0.258
FW_TWAS_rep_1,GCA_027492415.1,JAPUEV010000210.1,bcd,228,5.901e-70,0.513
FW_TWAS_rep_1,GCA_027492415.1,JAPUEV010000210.1,fadE,181,7.607e-54,0.483
FW_TWAS_rep_1,GCA_027492415.1,JAPUEV010000238.1,dppC,231,9.878e-69,0.388
FW_TWAS_rep_1,GCA_027492415.1,JAPUEV010000338.1,acs,66,3.013e-13,0.217
FW_TWAS_rep_1,GCA_027492415.1,JAPUEV010000338.1,fadD,323,1.712e-96,0.382
FW_TWAS_rep_1,GCA_027492415.1,JAPUEV010000259.1,mmcE,681,6.783e-221,0.629
FW_TWAS_rep_1,GCA_027492415.1,JAPUEV010000116.1,frhG,43,1.991e-7,0.344
FW_TWAS_rep_1,GCA_027492415.1,JAPUEV010000197.1,dppA,218,1.769e-61,0.309
FW_TWAS_rep_1,GCA_027492415.1,JAPUEV010000238.1,fadE,140,5.864e-41,0.52
FW_TWAS_rep_1,GCA_027492415.1,JAPUEV010000292.1,etfB,180,1.025e-52,0.424
FW_TWAS_rep_1,GCA_027492415.1,JAPUEV010000033.1,mvhG,132,5.266e-36,0.32
FW_TWAS_rep_1,GCA_027492415.1,JAPUEV010000023.1,dppB,199,4.213e-58,0.347
FW_TWAS_rep_1,GCA_027492415.1,JAPUEV010000228.1,oppA,190,4.575e-52,0.275
FW_TWAS_rep_1,GCA_027492415.1,JAPUEV010000375.1,gapA,322,5.637e-101,0.58
FW_TWAS_rep_1,GCA_027492415.1,JAPUEV010000423.1,acs,401,1.026e-123,0.399
FW_TWAS_rep_1,GCA_027492415.1,JAPUEV010000084.1,pepN,173,1.183e-45,0.33
FW_TWAS_rep_1,GCA_027492415.1,JAPUEV010000197.1,dppB,245,1.836e-74,0.426
FW_TWAS_rep_1,GCA_027492415.1,JAPUEV010000087.1,hbd,179,9.909e-54,0.513
FW_TWAS_rep_1,GCA_027492415.1,JAPUEV010000009.1,extracellular_protease,71,1.073e-14,0.345
FW_TWAS_rep_1,GCA_027492415.1,JAPUEV010000412.1,dppA,218,1.56e-61,0.3
FW_TWAS_rep_1,GCA_027492415.1,JAPUEV010000228.1,dppA,152,7.56e-40,0.281
FW_TWAS_rep_1,GCA_027492415.1,JAPUEV010000228.1,oppB,223,1.211e-65,0.465
FW_TWAS_rep_1,GCA_027492415.1,JAPUEV010000232.1,pepN,119,2.998e-29,0.267
FW_TWAS_rep_1,GCA_027492415.1,JAPUEV010000259.1,adh,70,1.324e-15,0.271
FW_TWAS_rep_1,GCA_027492415.1,JAPUEV010000087.1,fadA,265,5.501e-80,0.428
FW_TWAS_rep_1,GCA_027492415.1,JAPUEV010000233.1,pta,175,3.733e-50,0.349
FW_TWAS_rep_1,GCA_027492415.1,JAPUEV010000279.1,susC,80,3.703e-17,0.304
FW_TWAS_rep_1,GCA_027492415.1,JAPUEV010000404.1,pepQ,130,7.942e-34,0.303
FW_TWAS_rep_1,GCA_027492415.1,JAPUEV010000268.1,adhE,49,2.803e-8,0.201
FW_TWAS_rep_1,GCA_027492415.1,JAPUEV010000068.1,fadB,117,3.533e-31,0.363
FW_TWAS_rep_1,GCA_027492415.1,JAPUEV010000068.1,crt,279,1.116e-86,0.565
FW_TWAS_rep_1,GCA_027492415.1,JAPUEV010000252.1,pgi,88,2.442e-20,0.288
FW_TWAS_rep_1,GCA_027492415.1,JAPUEV010000047.1,frhA,170,9.43e-47,0.292
FW_TWAS_rep_1,GCA_027492415.1,JAPUEV010000063.1,hbd,103,1.172e-26,0.392
FW_TWAS_rep_1,GCA_027492415.1,JAPUEV010000334.1,extracellular_protease,73,1.804e-15,0.275
FW_TWAS_rep_1,GCA_027492415.1,JAPUEV010000295.1,aldh,51,8.1e-9,0.238
FW_TWAS_rep_1,GCA_027492415.1,JAPUEV010000047.1,mvhA,472,1.051e-149,0.485
FW_TWAS_rep_1,GCA_027492415.1,JAPUEV010000113.1,mmcE,682,1.069e-220,0.615
FW_TWAS_rep_1,GCA_027492415.1,JAPUEV010000186.1,pepQ,57,4.512e-11,0.245
FW_TWAS_rep_1,GCA_027492415.1,JAPUEV010000292.1,etfA,261,3.074e-79,0.489
FW_TWAS_rep_1,GCA_027492415.1,JAPUEV010000227.1,susC,55,8.768e-10,0.259
FW_TWAS_rep_1,GCA_027492415.1,JAPUEV010000242.1,crt,94,3.934e-24,0.348
FW_TWAS_rep_1,GCA_027492415.1,JAPUEV010000315.1,fadA,391,3.346e-123,0.553
FW_TWAS_rep_1,GCA_027492415.1,JAPUEV010000047.1,hydA,132,1.46e-36,0.355
FW_TWAS_rep_1,GCA_027492415.1,JAPUEV010000225.1,extracellular_protease,93,1.848e-21,0.323
FW_TWAS_rep_1,GCA_027492415.1,JAPUEV010000047.1,rnfB,43,7.166e-7,0.264
FW_TWAS_rep_1,GCA_027492415.1,JAPUEV010000197.1,oppA,233,1.362e-66,0.307
FW_TWAS_rep_1,GCA_027492415.1,JAPUEV010000242.1,etfA,83,3.028e-20,0.28
FW_TWAS_rep_1,GCA_027492415.1,JAPUEV010000422.1,extracellular_protease,79,3.661e-17,0.287
FW_TWAS_rep_1,GCA_027492415.1,JAPUEV010000083.1,sucD,57,2.284e-10,0.277
FW_TWAS_rep_1,GCA_027492415.1,JAPUEV010000315.1,thl,356,4.396e-111,0.515
FW_TWAS_rep_1,GCA_027492415.1,JAPUEV010000023.1,dppC,84,1.866e-21,0.333
FW_TWAS_rep_1,GCA_027492415.1,JAPUEV010000087.1,thl,397,2.985e-125,0.543
FW_TWAS_rep_1,GCA_027492415.1,JAPUEV010000047.1,mvhG,126,4.036e-35,0.367
FW_TWAS_rep_1,GCA_027492415.1,JAPUEV010000134.1,pepQ,155,6.152e-43,0.314
FW_TWAS_rep_1,GCA_027492415.1,JAPUEV010000197.1,oppB,211,1.658e-62,0.41
FW_TWAS_rep_1,GCA_027492415.1,JAPUEV010000047.1,frhG,97,2.391e-25,0.35
FW_TWAS_rep_1,GCA_963779235.1,CAVZXI010000022.1,aldh,55,5.705e-10,0.24
FW_TWAS_rep_1,GCA_963779235.1,CAVZXI010000031.1,adh,72,4.041e-16,0.299
FW_TWAS_rep_1,GCA_963779235.1,CAVZXI010000002.1,adh,68,6.843e-15,0.283
FW_TWAS_rep_1,GCA_963779235.1,CAVZXI010000007.1,pepQ,139,9.237e-36,0.344
FW_TWAS_rep_1,GCA_963779235.1,CAVZXI010000002.1,fadD,266,2.024e-78,0.375
FW_TWAS_rep_1,GCA_963779235.1,CAVZXI010000031.1,acs,169,6.969e-46,0.308
FW_TWAS_rep_1,GCA_963779235.1,CAVZXI010000013.1,pepQ,116,4.423e-29,0.361
FW_TWAS_rep_1,GCA_963779235.1,CAVZXI010000010.1,acs,471,2.178e-146,0.437
FW_TWAS_rep_1,GCA_963779235.1,CAVZXI010000010.1,lipase,56,5.528e-10,0.242
FW_TWAS_rep_1,GCA_963779235.1,CAVZXI010000032.1,adh,68,4.646e-15,0.273
FW_TWAS_rep_1,GCA_963779235.1,CAVZXI010000010.1,fadB,79,2.579e-19,0.327
FW_TWAS_rep_1,GCA_963779235.1,CAVZXI010000010.1,thl,147,6.912e-44,0.579
FW_TWAS_rep_1,GCA_963779235.1,CAVZXI010000013.1,sucC,268,1.545e-83,0.574
FW_TWAS_rep_1,GCA_963779235.1,CAVZXI010000010.1,extracellular_protease,81,6.336e-18,0.264
FW_TWAS_rep_1,GCA_963779235.1,CAVZXI010000013.1,lysophospholipase,42,1.919e-6,0.303
FW_TWAS_rep_1,GCA_963779235.1,CAVZXI010000032.1,fadB,102,4.613e-26,0.351
FW_TWAS_rep_1,GCA_963779235.1,CAVZXI010000032.1,etfA,213,4.694e-63,0.408
FW_TWAS_rep_1,GCA_963779235.1,CAVZXI010000002.1,fdhA,204,2.148e-56,0.309
FW_TWAS_rep_1,GCA_963779235.1,CAVZXI010000006.1,cazy_GH5,66,1.35e-14,0.375
FW_TWAS_rep_1,GCA_963779235.1,CAVZXI010000023.1,edd,251,8.46e-73,0.333
FW_TWAS_rep_1,GCA_963779235.1,CAVZXI010000010.1,mmcG,127,1.502e-36,0.461
FW_TWAS_rep_1,GCA_963779235.1,CAVZXI010000006.1,xylB,51,1.156e-10,0.32
FW_TWAS_rep_1,GCA_963779235.1,CAVZXI010000032.1,dppC,248,1.006e-75,0.496
FW_TWAS_rep_1,GCA_963779235.1,CAVZXI010000016.1,etfA,58,1.778e-12,0.483
FW_TWAS_rep_1,GCA_963779235.1,CAVZXI010000014.1,acs,132,5.929e-34,0.269
FW_TWAS_rep_1,GCA_963779235.1,CAVZXI010000021.1,tdcB,70,1.08e-14,0.271
FW_TWAS_rep_1,GCA_963779235.1,CAVZXI010000010.1,fadE,104,3.718e-27,0.374
FW_TWAS_rep_1,GCA_963779235.1,CAVZXI010000013.1,acylglycerol_lipase,55,1.444e-10,0.242
FW_TWAS_rep_1,GCA_963779235.1,CAVZXI010000011.1,cazy_GH13,76,4.467e-17,0.324
FW_TWAS_rep_1,GCA_963779235.1,CAVZXI010000030.1,acs,438,3.46e-136,0.449
FW_TWAS_rep_1,GCA_963779235.1,CAVZXI010000032.1,crt,160,1.211e-45,0.369
FW_TWAS_rep_1,GCA_963779235.1,CAVZXI010000014.1,extracellular_protease,156,1.583e-42,0.333
FW_TWAS_rep_1,GCA_963779235.1,CAVZXI010000006.1,cazy_GH10,250,8.427e-75,0.398
FW_TWAS_rep_1,GCA_963779235.1,CAVZXI010000039.1,adh,74,8.019e-17,0.312
FW_TWAS_rep_1,GCA_963779235.1,CAVZXI010000019.1,adhE,137,4.375e-39,0.434
FW_TWAS_rep_1,GCA_963779235.1,CAVZXI010000002.1,hydA,40,7.013e-7,0.337
FW_TWAS_rep_1,GCA_963779235.1,CAVZXI010000016.1,pepQ,64,2.047e-13,0.303
FW_TWAS_rep_1,GCA_963779235.1,CAVZXI010000022.1,mmcE,685,2.722e-222,0.643
FW_TWAS_rep_1,GCA_963779235.1,CAVZXI010000002.1,extracellular_protease,106,1.653e-28,0.442
FW_TWAS_rep_1,GCA_963779235.1,CAVZXI010000011.1,agl,66,6.455e-14,0.25
FW_TWAS_rep_1,GCA_963779235.1,CAVZXI010000002.1,gdh,48,2.603e-8,0.48
FW_TWAS_rep_1,GCA_963779235.1,CAVZXI010000010.1,bcd,109,9.126e-29,0.388
FW_TWAS_rep_1,GCA_963779235.1,CAVZXI010000016.1,xylF,94,7.136e-23,0.315
FW_TWAS_rep_1,GCA_963779235.1,CAVZXI010000016.1,fadD,54,6.01e-11,0.381
FW_TWAS_rep_1,GCA_963779235.1,CAVZXI010000009.1,tdcB,294,4.379e-89,0.443
FW_TWAS_rep_1,GCA_963779235.1,CAVZXI010000031.1,cazy_CE8,137,4.92e-39,0.468
FW_TWAS_rep_1,GCA_963779235.1,CAVZXI010000023.1,bcd,239,1.088e-73,0.54
FW_TWAS_rep_1,GCA_963779235.1,CAVZXI010000005.1,fadD,292,1.751e-88,0.425
FW_TWAS_rep_1,GCA_963779235.1,CAVZXI010000014.1,cazy_GH13,109,8.338e-27,0.325
FW_TWAS_rep_1,GCA_963779235.1,CAVZXI010000008.1,fadE,237,3.787e-70,0.406
FW_TWAS_rep_1,GCA_963779235.1,CAVZXI010000002.1,acs,495,3.795e-159,0.619
FW_TWAS_rep_1,GCA_963779235.1,CAVZXI010000008.1,bcd,149,2.522e-40,0.312
FW_TWAS_rep_1,GCA_963779235.1,CAVZXI010000013.1,dppC,227,1.603e-68,0.491
FW_TWAS_rep_1,GCA_963779235.1,CAVZXI010000023.1,fadD,112,5.345e-31,0.449
FW_TWAS_rep_1,GCA_963779235.1,CAVZXI010000016.1,crt,79,1.677e-19,0.453
FW_TWAS_rep_1,GCA_963779235.1,CAVZXI010000013.1,dppB,251,2.199e-76,0.432
FW_TWAS_rep_1,GCA_963779235.1,CAVZXI010000032.1,pyk,176,8.721e-51,0.416
FW_TWAS_rep_1,GCA_963779235.1,CAVZXI010000013.1,ilvE,139,1.166e-37,0.322
FW_TWAS_rep_1,GCA_963779235.1,CAVZXI010000024.1,lctC,43,1.076e-6,0.275
FW_TWAS_rep_1,GCA_963779235.1,CAVZXI010000032.1,dppB,245,3.933e-74,0.418
FW_TWAS_rep_1,GCA_963779235.1,CAVZXI010000013.1,sucD,114,1.905e-30,0.478
FW_TWAS_rep_1,GCA_963779235.1,CAVZXI010000002.1,pta,226,1.489e-67,0.428
FW_TWAS_rep_1,GCA_963779235.1,CAVZXI010000018.1,bgl,235,6.385e-68,0.335
FW_TWAS_rep_1,GCA_963779235.1,CAVZXI010000016.1,thl,198,2.835e-58,0.414
FW_TWAS_rep_1,GCA_963779235.1,CAVZXI010000016.1,fadA,198,5.29e-58,0.452
FW_TWAS_rep_1,GCA_963779235.1,CAVZXI010000010.1,lctB,98,2.591e-23,0.334
FW_TWAS_rep_1,GCA_963779235.1,CAVZXI010000006.1,fwdA,54,6.265e-10,0.453
FW_TWAS_rep_1,GCA_963779235.1,CAVZXI010000010.1,fdhA,231,2.146e-64,0.282
FW_TWAS_rep_1,GCA_963779235.1,CAVZXI010000002.1,dtpT,388,5.709e-119,0.413
FW_TWAS_rep_1,GCA_963779235.1,CAVZXI010000032.1,pepN,70,1.206e-14,0.231
FW_TWAS_rep_1,GCA_963779235.1,CAVZXI010000003.1,pfkA,176,4.494e-51,0.409
FW_TWAS_rep_1,GCA_963779235.1,CAVZXI010000032.1,hydA,108,9.075e-26,0.328
FW_TWAS_rep_1,GCA_963779235.1,CAVZXI010000010.1,pfkA,43,1.519e-6,0.337
FW_TWAS_rep_1,GCA_963779235.1,CAVZXI010000010.1,crt,71,1.968e-15,0.322
FW_TWAS_rep_1,GCA_963779235.1,CAVZXI010000026.1,extracellular_protease,98,1.241e-25,0.375
FW_TWAS_rep_1,GCA_963779235.1,CAVZXI010000023.1,fadE,182,6.776e-54,0.441
FW_TWAS_rep_1,GCA_963779235.1,CAVZXI010000032.1,mvhG,42,8.444e-7,0.484
FW_TWAS_rep_1,GCA_963779235.1,CAVZXI010000023.1,adh,74,1.2e-16,0.316
FW_TWAS_rep_1,GCA_963779235.1,CAVZXI010000032.1,fdhA,185,4.722e-54,0.407
FW_TWAS_rep_1,GCA_963779235.1,CAVZXI010000014.1,agl,79,1.28e-17,0.3
FW_TWAS_rep_1,GCA_963779235.1,CAVZXI010000003.1,xylF,259,2.652e-78,0.452
FW_TWAS_rep_1,GCA_963779235.1,CAVZXI010000032.1,pepT,121,6.92e-30,0.302
FW_TWAS_rep_1,GCA_963779235.1,CAVZXI010000039.1,esterase,48,5.189e-8,0.286
FW_TWAS_rep_1,GCA_963779235.1,CAVZXI010000002.1,crt,242,4.773e-74,0.507
FW_TWAS_rep_1,GCA_963779235.1,CAVZXI010000032.1,frhG,50,3.14e-9,0.268
FW_TWAS_rep_1,GCA_963779235.1,CAVZXI010000005.1,acs,44,1.741e-7,0.243
FW_TWAS_rep_1,GCA_963779235.1,CAVZXI010000003.1,prdB,115,1.849e-32,0.451
FW_TWAS_rep_1,GCA_963779235.1,CAVZXI010000002.1,fadB,130,1.294e-35,0.414
FW_TWAS_rep_1,GCA_963779235.1,CAVZXI010000007.1,pepN,123,7.049e-31,0.273
FW_TWAS_rep_1,GCA_963779235.1,CAVZXI010000013.1,pepN,166,8.062e-45,0.296
FW_TWAS_rep_1,GCA_963779235.1,CAVZXI010000013.1,oppA,289,1.187e-84,0.407
FW_TWAS_rep_1,GCA_963779235.1,CAVZXI010000016.1,fadB,49,2.53e-9,0.314
FW_TWAS_rep_1,GCA_963779235.1,CAVZXI010000013.1,oppB,274,2.031e-84,0.475
FW_TWAS_rep_1,GCA_963779235.1,CAVZXI010000002.1,etfA,172,5.957e-50,0.432
FW_TWAS_rep_1,GCA_963779235.1,CAVZXI010000031.1,cazy_GH43,45,6.085e-9,0.428
FW_TWAS_rep_1,GCA_963779235.1,CAVZXI010000010.1,adh,63,5.99e-13,0.264
FW_TWAS_rep_1,GCA_963779235.1,CAVZXI010000014.1,fadD,243,1.936e-70,0.369
FW_TWAS_rep_1,GCA_963779235.1,CAVZXI010000030.1,fadD,178,2.755e-48,0.292
FW_TWAS_rep_1,GCA_963779235.1,CAVZXI010000005.1,pepT,48,9.148e-8,0.301
FW_TWAS_rep_1,GCA_963779235.1,CAVZXI010000010.1,fadD,121,5.291e-30,0.291
FW_TWAS_rep_1,GCA_963779235.1,CAVZXI010000002.1,prdB,141,3.755e-40,0.376
FW_TWAS_rep_1,GCA_963779235.1,CAVZXI010000033.1,pepQ,123,7.049e-31,0.274
FW_TWAS_rep_1,GCA_963779235.1,CAVZXI010000019.1,aldh,156,1.224e-45,0.455
FW_TWAS_rep_1,GCA_963779235.1,CAVZXI010000013.1,pepA,396,5.023e-123,0.454
FW_TWAS_rep_1,GCA_963779235.1,CAVZXI010000031.1,fadD,193,1.57e-53,0.316
FW_TWAS_rep_1,GCA_963779235.1,CAVZXI010000010.1,esterase,164,8.632e-47,0.402
FW_TWAS_rep_1,GCA_963779235.1,CAVZXI010000010.1,etfA,50,1.001e-8,0.351
FW_TWAS_rep_1,GCA_963779235.1,CAVZXI010000007.1,prdB,125,3.258e-35,0.51
FW_TWAS_rep_1,GCA_963779235.1,CAVZXI010000002.1,pepN,65,1.159e-12,0.241
FW_TWAS_rep_1,GCA_963779235.1,CAVZXI010000013.1,dppA,213,2.191e-59,0.34
FW_TWAS_rep_1,GCA_963779235.1,CAVZXI010000010.1,hbd,71,1.264e-16,0.341
FW_TWAS_rep_1,GCA_963779235.1,CAVZXI010000016.1,pepT,90,2.777e-21,0.296
FW_TWAS_rep_1,GCA_963779235.1,CAVZXI010000006.1,xylF,344,1.421e-107,0.545
FW_TWAS_rep_1,GCA_963779235.1,CAVZXI010000012.1,fadD,111,1.268e-30,0.495
FW_TWAS_rep_1,GCA_963779235.1,CAVZXI010000013.1,mmcE,692,3.164e-224,0.63
FW_TWAS_rep_1,GCA_963779235.1,CAVZXI010000010.1,fadA,168,6.945e-51,0.688
FW_TWAS_rep_1,GCA_963779235.1,CAVZXI010000032.1,fhs,530,2.972e-170,0.613
FW_TWAS_rep_1,GCA_963779235.1,CAVZXI010000018.1,pepN,85,3.659e-21,0.34
FW_TWAS_rep_1,GCA_963779235.1,CAVZXI010000014.1,ackA,408,1.205e-127,0.495
FW_TWAS_rep_1,GCA_963779235.1,CAVZXI010000010.1,eda,186,9.67e-56,0.448
FW_TWAS_rep_1,GCA_963779235.1,CAVZXI010000032.1,tdcB,220,8.91e-65,0.426
FW_TWAS_rep_1,GCA_963779235.1,CAVZXI010000023.1,acs,52,6.641e-10,0.292
FW_TWAS_rep_1,GCA_963779235.1,CAVZXI010000030.1,tdcB,43,1.073e-7,0.523
FW_TWAS_rep_1,GCA_963779235.1,CAVZXI010000032.1,etfB,144,3.765e-40,0.388
FW_TWAS_rep_1,GCA_963779235.1,CAVZXI010000032.1,oppB,258,2.873e-79,0.505
FW_TWAS_rep_1,GCA_005518185.1,RKSN01000001.1,fadD,293,2.882e-86,0.37
FW_TWAS_rep_1,GCA_005518185.1,RKSN01000002.1,aldh,70,1.173e-14,0.245
FW_TWAS_rep_1,GCA_005518185.1,RKSN01000002.1,acylglycerol_lipase,219,1.442e-65,0.428
FW_TWAS_rep_1,GCA_005518185.1,RKSN01000001.1,fadA,317,2.11e-97,0.481
FW_TWAS_rep_1,GCA_005518185.1,RKSN01000002.1,pyk,358,2e-110,0.458
FW_TWAS_rep_1,GCA_005518185.1,RKSN01000002.1,cat,259,4.601e-81,0.599
FW_TWAS_rep_1,GCA_005518185.1,RKSN01000002.1,hydA,104,2.69e-24,0.312
FW_TWAS_rep_1,GCA_005518185.1,RKSN01000001.1,pgi,362,5.496e-111,0.433
FW_TWAS_rep_1,GCA_005518185.1,RKSN01000001.1,pepD,51,5.774e-9,0.273
FW_TWAS_rep_1,GCA_005518185.1,RKSN01000002.1,etfB,317,4.107e-100,0.7
FW_TWAS_rep_1,GCA_005518185.1,RKSN01000001.1,thl,381,8.721e-119,0.534
FW_TWAS_rep_1,GCA_005518185.1,RKSN01000002.1,adh,59,6.289e-12,0.26
FW_TWAS_rep_1,GCA_005518185.1,RKSN01000002.1,lysophospholipase,79,4.671e-18,0.312
FW_TWAS_rep_1,GCA_005518185.1,RKSN01000001.1,crt,275,9.055e-84,0.61
FW_TWAS_rep_1,GCA_005518185.1,RKSN01000002.1,adhE,76,1.733e-16,0.259
FW_TWAS_rep_1,GCA_005518185.1,RKSN01000001.1,pepQ,94,2.068e-22,0.321
FW_TWAS_rep_1,GCA_005518185.1,RKSN01000002.1,fadD,220,3.309e-62,0.339
FW_TWAS_rep_1,GCA_005518185.1,RKSN01000003.1,pepN,386,6.347e-115,0.404
FW_TWAS_rep_1,GCA_005518185.1,RKSN01000001.1,pfkA,161,1.594e-44,0.34
FW_TWAS_rep_1,GCA_005518185.1,RKSN01000001.1,cazy_GH13,161,1.03e-42,0.34
FW_TWAS_rep_1,GCA_005518185.1,RKSN01000003.1,extracellular_protease,105,5.287e-25,0.364
FW_TWAS_rep_1,GCA_005518185.1,RKSN01000003.1,crt,166,3.414e-48,0.407
FW_TWAS_rep_1,GCA_005518185.1,RKSN01000002.1,pepO,778,1.25e-251,0.585
FW_TWAS_rep_1,GCA_005518185.1,RKSN01000001.1,edd,808,1.976e-263,0.681
FW_TWAS_rep_1,GCA_005518185.1,RKSN01000001.1,hydA,83,1.751e-18,0.292
FW_TWAS_rep_1,GCA_005518185.1,RKSN01000001.1,fadE,259,7.723e-78,0.41
FW_TWAS_rep_1,GCA_005518185.1,RKSN01000001.1,adh,64,5.767e-13,0.243
FW_TWAS_rep_1,GCA_005518185.1,RKSN01000001.1,fumB,268,3.379e-79,0.384
FW_TWAS_rep_1,GCA_005518185.1,RKSN01000003.1,acs,160,2.357e-42,0.293
FW_TWAS_rep_1,GCA_005518185.1,RKSN01000003.1,bcd,119,1.671e-30,0.292
FW_TWAS_rep_1,GCA_005518185.1,RKSN01000002.1,fadA,375,1.095e-117,0.524
FW_TWAS_rep_1,GCA_005518185.1,RKSN01000001.1,etfA,124,2.866e-32,0.405
FW_TWAS_rep_1,GCA_005518185.1,RKSN01000004.1,pgi,76,8.097e-16,0.276
FW_TWAS_rep_1,GCA_005518185.1,RKSN01000001.1,mdh,295,3.599e-91,0.505
FW_TWAS_rep_1,GCA_005518185.1,RKSN01000002.1,extracellular_protease,109,2.438e-26,0.354
FW_TWAS_rep_1,GCA_005518185.1,RKSN01000001.1,frhG,46,8.938e-8,0.275
FW_TWAS_rep_1,GCA_005518185.1,RKSN01000003.1,tdcB,341,7.916e-101,0.446
FW_TWAS_rep_1,GCA_005518185.1,RKSN01000002.1,mer,104,1.53e-25,0.278
FW_TWAS_rep_1,GCA_005518185.1,RKSN01000002.1,fadB,402,1.689e-122,0.361
FW_TWAS_rep_1,GCA_005518185.1,RKSN01000001.1,ilvE,284,1.825e-86,0.48
FW_TWAS_rep_1,GCA_005518185.1,RKSN01000001.1,eda,175,1.246e-51,0.519
FW_TWAS_rep_1,GCA_005518185.1,RKSN01000002.1,dtpT,338,1.146e-101,0.385
FW_TWAS_rep_1,GCA_005518185.1,RKSN01000001.1,tdcB,194,2.527e-55,0.404
FW_TWAS_rep_1,GCA_005518185.1,RKSN01000002.1,fdhA,657,2.675e-204,0.429
FW_TWAS_rep_1,GCA_005518185.1,RKSN01000001.1,folD,322,2.728e-100,0.615
FW_TWAS_rep_1,GCA_005518185.1,RKSN01000002.1,sucD,114,1.128e-28,0.495
FW_TWAS_rep_1,GCA_005518185.1,RKSN01000003.1,etfA,77,7.152e-18,0.37
FW_TWAS_rep_1,GCA_005518185.1,RKSN01000002.1,etfA,315,8.034e-98,0.647
FW_TWAS_rep_1,GCA_005518185.1,RKSN01000001.1,oppA,66,2.062e-13,0.231
FW_TWAS_rep_1,GCA_005518185.1,RKSN01000002.1,folD,325,5.057e-102,0.586
FW_TWAS_rep_1,GCA_005518185.1,RKSN01000001.1,mmcG,132,7.766e-38,0.471
FW_TWAS_rep_1,GCA_005518185.1,RKSN01000001.1,acs,833,2.227e-270,0.627
FW_TWAS_rep_1,GCA_005518185.1,RKSN01000001.1,dppA,62,3.376e-12,0.302
FW_TWAS_rep_1,GCA_005518185.1,RKSN01000001.1,fadB,185,5.255e-54,0.405
FW_TWAS_rep_1,GCA_005518185.1,RKSN01000001.1,aldh,56,2.594e-10,0.227
FW_TWAS_rep_1,GCA_005518185.1,RKSN01000003.1,fadD,252,1.498e-72,0.362
FW_TWAS_rep_1,GCA_005518185.1,RKSN01000003.1,gdh,1170,0.0,0.464
FW_TWAS_rep_1,GCA_005518185.1,RKSN01000002.1,acs,130,4.886e-33,0.264
FW_TWAS_rep_1,GCA_005518185.1,RKSN01000003.1,fadE,158,2.031e-43,0.306
FW_TWAS_rep_1,GCA_005518185.1,RKSN01000001.1,gapA,336,3.732e-105,0.534
FW_TWAS_rep_1,GCA_005518185.1,RKSN01000001.1,pepN,45,7.614e-7,0.218
FW_TWAS_rep_1,GCA_005518185.1,RKSN01000001.1,hbd,288,1.153e-89,0.52
FW_TWAS_rep_1,GCA_005518185.1,RKSN01000002.1,fadE,381,1.671e-119,0.507
FW_TWAS_rep_1,GCA_005518185.1,RKSN01000001.1,mmcE,543,2.483e-170,0.445
FW_TWAS_rep_1,GCA_005518185.1,RKSN01000001.1,bcd,299,1.084e-85,0.424
FW_TWAS_rep_1,GCA_005518185.1,RKSN01000003.1,edd,233,1.607e-66,0.321
FW_TWAS_rep_1,GCA_005518185.1,RKSN01000003.1,cazy_GH13,67,1.705e-13,0.294
FW_TWAS_rep_1,GCA_005518185.1,RKSN01000003.1,pepQ,64,1.835e-13,0.296
FW_TWAS_rep_1,GCA_005518185.1,RKSN01000002.1,sucC,400,6.183e-126,0.536
FW_TWAS_rep_1,GCA_005518185.1,RKSN01000002.1,gdh,557,3.304e-179,0.587
FW_TWAS_rep_1,GCA_005518185.1,RKSN01000001.1,mmcF,130,1.338e-32,0.481
FW_TWAS_rep_1,GCA_005518185.1,RKSN01000001.1,fdhA,78,8.551e-17,0.222
FW_TWAS_rep_1,GCA_005518185.1,RKSN01000001.1,esterase,44,4.869e-7,0.322
FW_TWAS_rep_1,GCA_005518185.1,RKSN01000002.1,thl,289,9.728e-88,0.458
FW_TWAS_rep_1,GCA_005518185.1,RKSN01000003.1,fdhA,187,2.674e-50,0.26
FW_TWAS_rep_1,GCA_005518185.1,RKSN01000001.1,dtpT,234,4.847e-68,0.348
FW_TWAS_rep_1,GCA_005518185.1,RKSN01000002.1,crt,178,1.056e-51,0.41
FW_TWAS_rep_1,GCA_005518185.1,RKSN01000002.1,pepQ,215,3.056e-60,0.364
FW_TWAS_rep_1,GCA_005518185.1,RKSN01000001.1,agl,276,2.676e-81,0.403
FW_TWAS_rep_1,GCA_005518185.1,RKSN01000001.1,pepA,379,2.829e-117,0.496
FW_TWAS_rep_1,GCA_005518185.1,RKSN01000001.1,adhE,61,9.194e-12,0.265
FW_TWAS_rep_1,GCA_005518185.1,RKSN01000002.1,esterase,192,2.34e-53,0.327
FW_TWAS_rep_1,GCA_005518185.1,RKSN01000002.1,bcd,254,1.128e-75,0.398
FW_TWAS_rep_1,GCA_005518185.1,RKSN01000003.1,pta,125,7.042e-31,0.305
FW_TWAS_rep_1,GCA_005518185.1,RKSN01000001.1,susC,46,4.294e-7,0.305
FW_TWAS_rep_1,GCA_005518185.1,RKSN01000002.1,hbd,233,6.285e-66,0.418
FW_TWAS_rep_1,GCA_005518185.1,RKSN01000001.1,sucD,385,7.452e-122,0.673
FW_TWAS_rep_1,GCA_048499395.1,JASNZX010000024.1,fadA,393,5.241e-124,0.548
FW_TWAS_rep_1,GCA_048499395.1,JASNZX010000004.1,susC,48,2.679e-7,0.43
FW_TWAS_rep_1,GCA_048499395.1,JASNZX010000010.1,mvhD,190,4.21e-57,0.632
FW_TWAS_rep_1,GCA_048499395.1,JASNZX010000001.1,cazy_GH43,119,7.363e-31,0.325
FW_TWAS_rep_1,GCA_048499395.1,JASNZX010000003.1,pfkA,213,1.713e-62,0.387
FW_TWAS_rep_1,GCA_048499395.1,JASNZX010000002.1,acs,836,3.44e-272,0.628
FW_TWAS_rep_1,GCA_048499395.1,JASNZX010000003.1,cazy_GH10,297,3.406e-91,0.462
FW_TWAS_rep_1,GCA_048499395.1,JASNZX010000007.1,gdh,603,1.483e-194,0.667
FW_TWAS_rep_1,GCA_048499395.1,JASNZX010000018.1,acylglycerol_lipase,81,1.041e-18,0.318
FW_TWAS_rep_1,GCA_048499395.1,JASNZX010000003.1,acs,164,1.653e-44,0.279
FW_TWAS_rep_1,GCA_048499395.1,JASNZX010000030.1,extracellular_protease,78,3.134e-17,0.32
FW_TWAS_rep_1,GCA_048499395.1,JASNZX010000016.1,sucC,411,9.105e-130,0.551
FW_TWAS_rep_1,GCA_048499395.1,JASNZX010000010.1,lctC,40,5.706e-6,0.256
FW_TWAS_rep_1,GCA_048499395.1,JASNZX010000008.1,cazy_GH13,55,4.359e-10,0.252
FW_TWAS_rep_1,GCA_048499395.1,JASNZX010000001.1,dppC,291,1.008e-89,0.494
FW_TWAS_rep_1,GCA_048499395.1,JASNZX010000006.1,rnfB,49,9.246e-8,0.428
FW_TWAS_rep_1,GCA_048499395.1,JASNZX010000020.1,dppC,228,3.561e-68,0.442
FW_TWAS_rep_1,GCA_048499395.1,JASNZX010000024.1,acs,213,1.666e-59,0.311
FW_TWAS_rep_1,GCA_048499395.1,JASNZX010000010.1,frhB,42,2.244e-7,0.276
FW_TWAS_rep_1,GCA_048499395.1,JASNZX010000016.1,sucD,104,2.271e-25,0.5
FW_TWAS_rep_1,GCA_048499395.1,JASNZX010000027.1,adhE,165,1.615e-45,0.319
FW_TWAS_rep_1,GCA_048499395.1,JASNZX010000002.1,xylB,51,1.149e-8,0.238
FW_TWAS_rep_1,GCA_048499395.1,JASNZX010000011.1,rnfB,40,9.465e-6,0.235
FW_TWAS_rep_1,GCA_048499395.1,JASNZX010000036.1,pfkA,106,4.722e-26,0.301
FW_TWAS_rep_1,GCA_048499395.1,JASNZX010000020.1,dppA,305,1.086e-88,0.36
FW_TWAS_rep_1,GCA_048499395.1,JASNZX010000004.1,gdh,59,3.523e-11,0.473
FW_TWAS_rep_1,GCA_048499395.1,JASNZX010000020.1,gapA,415,3.726e-132,0.623
FW_TWAS_rep_1,GCA_048499395.1,JASNZX010000013.1,dtpT,444,1.259e-139,0.488
FW_TWAS_rep_1,GCA_048499395.1,JASNZX010000036.1,mdh,173,3.302e-49,0.402
FW_TWAS_rep_1,GCA_048499395.1,JASNZX010000006.1,extracellular_protease,149,2.355e-39,0.395
FW_TWAS_rep_1,GCA_048499395.1,JASNZX010000004.1,esterase,55,2.375e-10,0.26
FW_TWAS_rep_1,GCA_048499395.1,JASNZX010000010.1,rnfB,55,6.482e-10,0.358
FW_TWAS_rep_1,GCA_048499395.1,JASNZX010000010.1,mmcG,87,8.215e-21,0.339
FW_TWAS_rep_1,GCA_048499395.1,JASNZX010000031.1,folD,314,1.543e-97,0.569
FW_TWAS_rep_1,GCA_048499395.1,JASNZX010000008.1,oppA,144,1.839e-37,0.254
FW_TWAS_rep_1,GCA_048499395.1,JASNZX010000017.1,cazy_GH43,66,5.521e-14,0.318
FW_TWAS_rep_1,GCA_048499395.1,JASNZX010000018.1,glcP,183,1.15e-51,0.329
FW_TWAS_rep_1,GCA_048499395.1,JASNZX010000005.1,aldh,164,1.504e-44,0.296
FW_TWAS_rep_1,GCA_048499395.1,JASNZX010000017.1,pfkA,57,5.068e-11,0.274
FW_TWAS_rep_1,GCA_048499395.1,JASNZX010000032.1,pfkA,170,4.412e-47,0.393
FW_TWAS_rep_1,GCA_048499395.1,JASNZX010000001.1,ilvE,83,2.874e-19,0.27
FW_TWAS_rep_1,GCA_048499395.1,JASNZX010000008.1,lysophospholipase,92,1.202e-21,0.285
FW_TWAS_rep_1,GCA_048499395.1,JASNZX010000024.1,fadD,258,1.368e-74,0.352
FW_TWAS_rep_1,GCA_048499395.1,JASNZX010000015.1,frhB,45,2.597e-7,0.319
FW_TWAS_rep_1,GCA_048499395.1,JASNZX010000028.1,endopeptidase,268,3.236e-75,0.403
FW_TWAS_rep_1,GCA_048499395.1,JASNZX010000004.1,fadD,184,9.283e-51,0.347
FW_TWAS_rep_1,GCA_048499395.1,JASNZX010000020.1,oppB,269,8.088e-83,0.478
FW_TWAS_rep_1,GCA_048499395.1,JASNZX010000020.1,oppA,370,2.371e-110,0.397
FW_TWAS_rep_1,GCA_048499395.1,JASNZX010000002.1,acylglycerol_lipase,55,1.215e-10,0.267
FW_TWAS_rep_1,GCA_048499395.1,JASNZX010000011.1,aldh,53,2.725e-9,0.252
FW_TWAS_rep_1,GCA_048499395.1,JASNZX010000024.1,crt,78,1.155e-16,0.321
FW_TWAS_rep_1,GCA_048499395.1,JASNZX010000024.1,etfB,273,2.726e-84,0.613
FW_TWAS_rep_1,GCA_048499395.1,JASNZX010000022.1,hydA,79,3.785e-17,0.24
FW_TWAS_rep_1,GCA_048499395.1,JASNZX010000007.1,ilvE,64,2.788e-13,0.265
FW_TWAS_rep_1,GCA_048499395.1,JASNZX010000010.1,hydA,111,2.781e-29,0.313
FW_TWAS_rep_1,GCA_048499395.1,JASNZX010000006.1,fdhA,392,3.91e-117,0.35
FW_TWAS_rep_1,GCA_048499395.1,JASNZX010000010.1,frhA,149,1.784e-39,0.264
FW_TWAS_rep_1,GCA_048499395.1,JASNZX010000005.1,cazy_GH43,175,2.033e-48,0.386
FW_TWAS_rep_1,GCA_048499395.1,JASNZX010000024.1,bcd,255,1.191e-73,0.398
FW_TWAS_rep_1,GCA_048499395.1,JASNZX010000005.1,extracellular_protease,54,7.145e-9,0.472
FW_TWAS_rep_1,GCA_048499395.1,JASNZX010000001.1,oppA,449,1.479e-140,0.456
FW_TWAS_rep_1,GCA_048499395.1,JASNZX010000011.1,eda,175,1.76e-51,0.452
FW_TWAS_rep_1,GCA_048499395.1,JASNZX010000001.1,extracellular_protease,69,8.408e-14,0.278
FW_TWAS_rep_1,GCA_048499395.1,JASNZX010000010.1,extracellular_protease,136,2.309e-35,0.373
FW_TWAS_rep_1,GCA_048499395.1,JASNZX010000004.1,acs,174,1.63e-47,0.311
FW_TWAS_rep_1,GCA_048499395.1,JASNZX010000005.1,adhE,150,9.003e-40,0.284
FW_TWAS_rep_1,GCA_048499395.1,JASNZX010000017.1,extracellular_protease,85,1.008e-18,0.307
FW_TWAS_rep_1,GCA_048499395.1,JASNZX010000021.1,mvhG,44,2.31e-7,0.247
FW_TWAS_rep_1,GCA_048499395.1,JASNZX010000002.1,extracellular_protease,175,8.638e-47,0.385
FW_TWAS_rep_1,GCA_048499395.1,JASNZX010000038.1,pfor,346,4.186e-103,0.335
FW_TWAS_rep_1,GCA_048499395.1,JASNZX010000022.1,fdhA,79,2.864e-17,0.326
FW_TWAS_rep_1,GCA_048499395.1,JASNZX010000022.1,xylA,564,4.006e-182,0.627
FW_TWAS_rep_1,GCA_048499395.1,JASNZX010000006.1,hydA,68,8.271e-14,0.346
FW_TWAS_rep_1,GCA_048499395.1,JASNZX010000020.1,dppB,260,1.503e-79,0.471
FW_TWAS_rep_1,GCA_048499395.1,JASNZX010000024.1,hbd,143,1.098e-36,0.362
FW_TWAS_rep_1,GCA_048499395.1,JASNZX010000007.1,adhE,159,9.669e-43,0.307
FW_TWAS_rep_1,GCA_048499395.1,JASNZX010000006.1,tdcB,61,9.773e-12,0.254
FW_TWAS_rep_1,GCA_048499395.1,JASNZX010000023.1,cazy_GH13,83,2.41e-18,0.282
FW_TWAS_rep_1,GCA_048499395.1,JASNZX010000001.1,fwdA,49,4.66e-8,0.264
FW_TWAS_rep_1,GCA_048499395.1,JASNZX010000021.1,tdcB,364,1.565e-113,0.56
FW_TWAS_rep_1,GCA_048499395.1,JASNZX010000010.1,mvhA,523,8.555e-167,0.541
FW_TWAS_rep_1,GCA_048499395.1,JASNZX010000035.1,mmcE,527,1.525e-164,0.455
FW_TWAS_rep_1,GCA_048499395.1,JASNZX010000005.1,ackA,289,5.888e-87,0.435
FW_TWAS_rep_1,GCA_048499395.1,JASNZX010000006.1,adh,51,3.323e-9,0.301
FW_TWAS_rep_1,GCA_048499395.1,JASNZX010000003.1,cazy_GH43,119,6.911e-30,0.313
FW_TWAS_rep_1,GCA_048499395.1,JASNZX010000006.1,xylB,171,1.462e-46,0.318
FW_TWAS_rep_1,GCA_048499395.1,JASNZX010000010.1,frhG,98,5.296e-25,0.327
FW_TWAS_rep_1,GCA_048499395.1,JASNZX010000001.1,oppB,340,1.754e-106,0.585
FW_TWAS_rep_1,GCA_048499395.1,JASNZX010000022.1,pfor,41,2.652e-6,0.311
FW_TWAS_rep_1,GCA_048499395.1,JASNZX010000024.1,fadE,224,2.189e-63,0.355
FW_TWAS_rep_1,GCA_048499395.1,JASNZX010000008.1,agl,55,1.628e-9,0.242
FW_TWAS_rep_1,GCA_048499395.1,JASNZX010000011.1,adhE,51,6.287e-9,0.265
FW_TWAS_rep_1,GCA_048499395.1,JASNZX010000002.1,cazy_GH13,66,1.685e-13,0.294
FW_TWAS_rep_1,GCA_048499395.1,JASNZX010000015.1,frhG,41,3.394e-6,0.298
FW_TWAS_rep_1,GCA_048499395.1,JASNZX010000016.1,extracellular_protease,77,7.796e-16,0.307
FW_TWAS_rep_1,GCA_048499395.1,JASNZX010000011.1,sucD,63,3.514e-12,0.275
FW_TWAS_rep_1,GCA_048499395.1,JASNZX010000021.1,frhG,47,4.01e-8,0.307
FW_TWAS_rep_1,GCA_048499395.1,JASNZX010000024.1,fadB,110,2.076e-26,0.256
FW_TWAS_rep_1,GCA_048499395.1,JASNZX010000035.1,mmcG,103,2.64e-28,0.388
FW_TWAS_rep_1,GCA_048499395.1,JASNZX010000001.1,fdhA,257,9.688e-73,0.306
FW_TWAS_rep_1,GCA_048499395.1,JASNZX010000005.1,pepQ,73,3.055e-16,0.295
FW_TWAS_rep_1,GCA_048499395.1,JASNZX010000010.1,pfkA,51,6.504e-9,0.287
FW_TWAS_rep_1,GCA_048499395.1,JASNZX010000011.1,pfor,1494,0.0,0.641
FW_TWAS_rep_1,GCA_048499395.1,JASNZX010000028.1,cazy_GH9,179,4.296e-48,0.285
FW_TWAS_rep_1,GCA_048499395.1,JASNZX010000005.1,edd,224,3.023e-63,0.341
FW_TWAS_rep_1,GCA_048499395.1,JASNZX010000011.1,lctB,134,4.347e-35,0.317
FW_TWAS_rep_1,GCA_048499395.1,JASNZX010000024.1,etfA,262,7.692e-80,0.504
FW_TWAS_rep_1,GCA_048499395.1,JASNZX010000008.1,lctB,86,5.785e-19,0.297
FW_TWAS_rep_1,GCA_048499395.1,JASNZX010000005.1,sucD,327,2.473e-102,0.572
FW_TWAS_rep_1,GCA_048499395.1,JASNZX010000010.1,fdhA,70,1.92e-15,0.469
FW_TWAS_rep_1,GCA_048499395.1,JASNZX010000003.1,pyk,353,9.62e-108,0.435
FW_TWAS_rep_1,GCA_048499395.1,JASNZX010000006.1,gdh,408,2.397e-127,0.512
FW_TWAS_rep_1,GCA_048499395.1,JASNZX010000001.1,cazy_GH5,89,1.571e-20,0.286
FW_TWAS_rep_1,GCA_048499395.1,JASNZX010000011.1,fumB,106,5.848e-28,0.371
FW_TWAS_rep_1,GCA_048499395.1,JASNZX010000021.1,pepN,234,8.628e-65,0.353
FW_TWAS_rep_1,GCA_048499395.1,JASNZX010000028.1,pgi,194,7.048e-54,0.329
FW_TWAS_rep_1,GCA_048499395.1,JASNZX010000007.1,pfkA,46,1.524e-7,0.38
FW_TWAS_rep_1,GCA_048499395.1,JASNZX010000037.1,hydA,46,5.266e-8,0.446
FW_TWAS_rep_1,GCA_048499395.1,JASNZX010000002.1,cazy_GH10,136,3.923e-35,0.304
FW_TWAS_rep_1,GCA_048499395.1,JASNZX010000002.1,pta,194,4.202e-56,0.377
FW_TWAS_rep_1,GCA_048499395.1,JASNZX010000004.1,extracellular_protease,122,3.005e-30,0.323
FW_TWAS_rep_1,GCA_048499395.1,JASNZX010000008.1,dppA,132,1.325e-33,0.252
FW_TWAS_rep_1,GCA_048499395.1,JASNZX010000008.1,edd,178,1.083e-47,0.335
FW_TWAS_rep_1,GCA_048499395.1,JASNZX010000032.1,extracellular_protease,55,5.356e-9,0.318
FW_TWAS_rep_1,GCA_048499395.1,JASNZX010000005.1,pepT,86,1.005e-19,0.277
FW_TWAS_rep_1,GCA_048499395.1,JASNZX010000026.1,pfkA,123,2.107e-31,0.291
FW_TWAS_rep_1,GCA_048499395.1,JASNZX010000001.1,dppA,366,5.63e-112,0.368
FW_TWAS_rep_1,GCA_048499395.1,JASNZX010000017.1,xylB,55,6.765e-10,0.222
FW_TWAS_rep_1,GCA_048499395.1,JASNZX010000008.1,pfkA,216,1.886e-63,0.378
FW_TWAS_rep_1,GCA_048499395.1,JASNZX010000002.1,fadD,159,7.157e-41,0.3
FW_TWAS_rep_1,GCA_048499395.1,JASNZX010000025.1,dppC,42,2.298e-6,0.284
FW_TWAS_rep_1,GCA_048499395.1,JASNZX010000006.1,cazy_GH10,222,5.953e-65,0.387
FW_TWAS_rep_1,GCA_048499395.1,JASNZX010000020.1,aldh,44,1.877e-6,0.248
FW_TWAS_rep_1,GCA_048499395.1,JASNZX010000011.1,fdhA,70,6.202e-14,0.205
FW_TWAS_rep_1,GCA_048499395.1,JASNZX010000033.1,cazy_GH5,100,1.189e-24,0.288
FW_TWAS_rep_1,GCA_048499395.1,JASNZX010000037.1,fdhA,134,1.84e-33,0.23
FW_TWAS_rep_1,GCA_048499395.1,JASNZX010000001.1,dppB,271,1.977e-83,0.471
FW_TWAS_rep_1,GCA_048499395.1,JASNZX010000003.1,fadD,253,2.839e-74,0.392
FW_TWAS_rep_1,GCA_048499395.1,JASNZX010000024.1,thl,330,4.342e-102,0.492
FW_TWAS_rep_1,GCA_048499395.1,JASNZX010000004.1,pepQ,81,2.734e-18,0.291
FW_TWAS_rep_1,GCA_048499395.1,JASNZX010000023.1,agl,63,4.412e-12,0.267
FW_TWAS_rep_1,GCA_048499395.1,JASNZX010000008.1,cazy_GH5,62,3.967e-12,0.25
FW_TWAS_rep_1,GCA_048499395.1,JASNZX010000035.1,mmcF,124,9.798e-31,0.528
FW_TWAS_rep_1,GCA_048499395.1,JASNZX010000010.1,mvhG,318,2.279e-99,0.504
FW_TWAS_rep_1,GCA_048499395.1,JASNZX010000003.1,cazy_CBM6,88,8.369e-20,0.445
FW_TWAS_rep_1,GCA_048499395.1,JASNZX010000003.1,ilvE,123,7.636e-33,0.328
FW_TWAS_rep_1,GCA_048499395.1,JASNZX010000022.1,frhG,50,1.542e-9,0.28
FW_TWAS_rep_1,GCA_044229175.1,JBGATM010000017.1,hydA,107,4.645e-26,0.316
FW_TWAS_rep_1,GCA_044229175.1,JBGATM010000002.1,oppA,141,1.886e-36,0.243
FW_TWAS_rep_1,GCA_044229175.1,JBGATM010000010.1,frhA,109,2.42e-26,0.246
FW_TWAS_rep_1,GCA_044229175.1,JBGATM010000002.1,frhG,91,2.774e-23,0.345
FW_TWAS_rep_1,GCA_044229175.1,JBGATM010000033.1,pepD,244,6.568e-75,0.595
FW_TWAS_rep_1,GCA_044229175.1,JBGATM010000019.1,crt,142,1.571e-36,0.345
FW_TWAS_rep_1,GCA_044229175.1,JBGATM010000002.1,pgi,745,1.033e-241,0.686
FW_TWAS_rep_1,GCA_044229175.1,JBGATM010000007.1,fadE,102,5.352e-24,0.298
FW_TWAS_rep_1,GCA_044229175.1,JBGATM010000013.1,pfor,320,2.109e-89,0.256
FW_TWAS_rep_1,GCA_044229175.1,JBGATM010000046.1,fadB,204,2.332e-60,0.397
FW_TWAS_rep_1,GCA_044229175.1,JBGATM010000001.1,fadD,87,1.164e-19,0.269
FW_TWAS_rep_1,GCA_044229175.1,JBGATM010000003.1,dtpT,340,7.413e-104,0.44
FW_TWAS_rep_1,GCA_044229175.1,JBGATM010000004.1,adh,64,1.199e-13,0.308
FW_TWAS_rep_1,GCA_044229175.1,JBGATM010000016.1,bcd,149,4.411e-40,0.302
FW_TWAS_rep_1,GCA_044229175.1,JBGATM010000020.1,crt,146,2.381e-40,0.379
FW_TWAS_rep_1,GCA_044229175.1,JBGATM010000016.1,pfkA,123,1.202e-31,0.289
FW_TWAS_rep_1,GCA_044229175.1,JBGATM010000013.1,etfA,80,7.013e-18,0.303
FW_TWAS_rep_1,GCA_044229175.1,JBGATM010000032.1,frhB,48,5.661e-8,0.329
FW_TWAS_rep_1,GCA_044229175.1,JBGATM010000001.1,pta,196,9.879e-57,0.417
FW_TWAS_rep_1,GCA_044229175.1,JBGATM010000013.1,acs,181,7.641e-49,0.301
FW_TWAS_rep_1,GCA_044229175.1,JBGATM010000018.1,frhG,44,2.079e-7,0.255
FW_TWAS_rep_1,GCA_044229175.1,JBGATM010000039.1,etfA,93,2.629e-21,0.381
FW_TWAS_rep_1,GCA_044229175.1,JBGATM010000002.1,oppB,261,9.72e-78,0.47
FW_TWAS_rep_1,GCA_044229175.1,JBGATM010000012.1,fadE,218,5.813e-64,0.388
FW_TWAS_rep_1,GCA_044229175.1,JBGATM010000009.1,fdhA,519,1.975e-161,0.408
FW_TWAS_rep_1,GCA_044229175.1,JBGATM010000001.1,mmcG,123,4.433e-35,0.438
FW_TWAS_rep_1,GCA_044229175.1,JBGATM010000029.1,extracellular_protease,173,7.59e-47,0.356
FW_TWAS_rep_1,GCA_044229175.1,JBGATM010000033.1,gdh,94,6.81e-22,0.269
FW_TWAS_rep_1,GCA_044229175.1,JBGATM010000006.1,fdhA,463,2.598e-145,0.448
FW_TWAS_rep_1,GCA_044229175.1,JBGATM010000005.1,susC,44,3.053e-6,0.368
FW_TWAS_rep_1,GCA_044229175.1,JBGATM010000017.1,mvhG,42,1.965e-6,0.484
FW_TWAS_rep_1,GCA_044229175.1,JBGATM010000001.1,acylglycerol_lipase,158,4.102e-44,0.381
FW_TWAS_rep_1,GCA_044229175.1,JBGATM010000022.1,sucD,296,1.895e-92,0.62
FW_TWAS_rep_1,GCA_044229175.1,JBGATM010000002.1,mvhG,123,3.814e-34,0.365
FW_TWAS_rep_1,GCA_044229175.1,JBGATM010000003.1,tdcB,277,6.495e-84,0.496
FW_TWAS_rep_1,GCA_044229175.1,JBGATM010000054.1,acs,82,3.445e-18,0.25
FW_TWAS_rep_1,GCA_044229175.1,JBGATM010000014.1,frhG,43,1.903e-6,0.283
FW_TWAS_rep_1,GCA_044229175.1,JBGATM010000002.1,etfB,169,1.513e-48,0.457
FW_TWAS_rep_1,GCA_044229175.1,JBGATM010000004.1,pfor,1461,0.0,0.63
FW_TWAS_rep_1,GCA_044229175.1,JBGATM010000020.1,bcd,189,5.441e-53,0.366
FW_TWAS_rep_1,GCA_044229175.1,JBGATM010000031.1,thl,355,8.556e-111,0.513
FW_TWAS_rep_1,GCA_044229175.1,JBGATM010000009.1,pepT,43,3.627e-6,0.276
FW_TWAS_rep_1,GCA_044229175.1,JBGATM010000007.1,thl,417,4.55e-132,0.587
FW_TWAS_rep_1,GCA_044229175.1,JBGATM010000039.1,crt,128,5.092e-32,0.34
FW_TWAS_rep_1,GCA_044229175.1,JBGATM010000025.1,fdhA,221,1.147e-61,0.284
FW_TWAS_rep_1,GCA_044229175.1,JBGATM010000009.1,bcd,216,1.985e-60,0.355
FW_TWAS_rep_1,GCA_044229175.1,JBGATM010000013.1,fadD,204,1.623e-56,0.329
FW_TWAS_rep_1,GCA_044229175.1,JBGATM010000012.1,fdhA,222,3.355e-60,0.284
FW_TWAS_rep_1,GCA_044229175.1,JBGATM010000042.1,etfA,48,9.31e-8,0.284
FW_TWAS_rep_1,GCA_044229175.1,JBGATM010000014.1,frhB,48,8.845e-8,0.378
FW_TWAS_rep_1,GCA_044229175.1,JBGATM010000028.1,adhE,55,5.554e-10,0.242
FW_TWAS_rep_1,GCA_044229175.1,JBGATM010000013.1,fadB,76,9.268e-17,0.266
FW_TWAS_rep_1,GCA_044229175.1,JBGATM010000004.1,dppA,143,2.604e-37,0.271
FW_TWAS_rep_1,GCA_044229175.1,JBGATM010000054.1,bcd,259,1.683e-71,0.387
FW_TWAS_rep_1,GCA_044229175.1,JBGATM010000029.1,mmcE,683,3.886e-221,0.647
FW_TWAS_rep_1,GCA_044229175.1,JBGATM010000054.1,fadE,223,1.838e-60,0.336
FW_TWAS_rep_1,GCA_044229175.1,JBGATM010000006.1,hydA,86,6.81e-20,0.279
FW_TWAS_rep_1,GCA_044229175.1,JBGATM010000008.1,frhB,43,2.587e-6,0.413
FW_TWAS_rep_1,GCA_044229175.1,JBGATM010000002.1,fdhA,53,6.057e-10,0.358
FW_TWAS_rep_1,GCA_044229175.1,JBGATM010000039.1,fadB,428,8.225e-129,0.375
FW_TWAS_rep_1,GCA_044229175.1,JBGATM010000008.1,crt,88,3.47e-20,0.346
FW_TWAS_rep_1,GCA_044229175.1,JBGATM010000004.1,fadD,198,9.488e-55,0.334
FW_TWAS_rep_1,GCA_044229175.1,JBGATM010000010.1,pepO,595,4.479e-177,0.458
FW_TWAS_rep_1,GCA_044229175.1,JBGATM010000002.1,xylA,112,2.559e-28,0.303
FW_TWAS_rep_1,GCA_044229175.1,JBGATM010000033.1,frhG,53,5.723e-10,0.316
FW_TWAS_rep_1,GCA_044229175.1,JBGATM010000026.1,fadD,83,2.429e-18,0.256
FW_TWAS_rep_1,GCA_044229175.1,JBGATM010000031.1,mmcF,184,2.686e-53,0.674
FW_TWAS_rep_1,GCA_044229175.1,JBGATM010000029.1,fhs,646,3.786e-208,0.595
FW_TWAS_rep_1,GCA_044229175.1,JBGATM010000003.1,gdh,78,1.548e-17,0.273
FW_TWAS_rep_1,GCA_044229175.1,JBGATM010000054.1,fadD,389,4.408e-119,0.415
FW_TWAS_rep_1,GCA_044229175.1,JBGATM010000013.1,rnfB,78,1.289e-17,0.288
FW_TWAS_rep_1,GCA_044229175.1,JBGATM010000011.1,rnfB,46,3.265e-8,0.228
FW_TWAS_rep_1,GCA_044229175.1,JBGATM010000007.1,extracellular_protease,181,2.76e-50,0.375
FW_TWAS_rep_1,GCA_044229175.1,JBGATM010000013.1,lctC,53,2.591e-9,0.318
FW_TWAS_rep_1,GCA_044229175.1,JBGATM010000025.1,ilvE,306,1.589e-93,0.493
FW_TWAS_rep_1,GCA_044229175.1,JBGATM010000048.1,fdhA,240,7.388e-68,0.304
FW_TWAS_rep_1,GCA_044229175.1,JBGATM010000024.1,pepT,150,4.903e-40,0.34
FW_TWAS_rep_1,GCA_044229175.1,JBGATM010000002.1,mvhA,452,2.611e-141,0.469
FW_TWAS_rep_1,GCA_044229175.1,JBGATM010000056.1,pepN,153,5.763e-41,0.295
FW_TWAS_rep_1,GCA_044229175.1,JBGATM010000020.1,acs,196,1.878e-54,0.3
FW_TWAS_rep_1,GCA_044229175.1,JBGATM010000014.1,rnfB,44,1.089e-6,0.35
FW_TWAS_rep_1,GCA_044229175.1,JBGATM010000013.1,crt,116,1.703e-29,0.356
FW_TWAS_rep_1,GCA_044229175.1,JBGATM010000046.1,crt,232,2.327e-70,0.501
FW_TWAS_rep_1,GCA_044229175.1,JBGATM010000005.1,pepN,68,1.742e-13,0.25
FW_TWAS_rep_1,GCA_044229175.1,JBGATM010000002.1,fadD,122,2.935e-30,0.27
FW_TWAS_rep_1,GCA_044229175.1,JBGATM010000018.1,esterase,208,1.714e-57,0.337
FW_TWAS_rep_1,GCA_044229175.1,JBGATM010000006.1,eda,180,8.699e-53,0.422
FW_TWAS_rep_1,GCA_044229175.1,JBGATM010000006.1,ilvE,86,2.35e-19,0.307
FW_TWAS_rep_1,GCA_044229175.1,JBGATM010000005.1,cat,263,7.489e-78,0.592
FW_TWAS_rep_1,GCA_044229175.1,JBGATM010000046.1,hbd,294,2.145e-91,0.512
FW_TWAS_rep_1,GCA_044229175.1,JBGATM010000014.1,pepT,57,1.354e-10,0.238
FW_TWAS_rep_1,GCA_044229175.1,JBGATM010000002.1,pepN,72,8.756e-15,0.25
FW_TWAS_rep_1,GCA_044229175.1,JBGATM010000001.1,lysophospholipase,46,3.556e-7,0.308
FW_TWAS_rep_1,GCA_044229175.1,JBGATM010000008.1,fdhA,132,5.987e-33,0.256
FW_TWAS_rep_1,GCA_044229175.1,JBGATM010000002.1,dppB,258,8.426e-79,0.449
FW_TWAS_rep_1,GCA_044229175.1,JBGATM010000009.1,pfor,46,6.287e-7,0.324
FW_TWAS_rep_1,GCA_044229175.1,JBGATM010000055.1,tdcB,69,6.696e-15,0.269
FW_TWAS_rep_1,GCA_044229175.1,JBGATM010000011.1,hydA,48,1.332e-8,0.4
FW_TWAS_rep_1,GCA_044229175.1,JBGATM010000020.1,acylglycerol_lipase,43,5.407e-6,0.229
FW_TWAS_rep_1,GCA_044229175.1,JBGATM010000006.1,pepQ,122,3.999e-30,0.288
FW_TWAS_rep_1,GCA_044229175.1,JBGATM010000001.1,bcd,355,1.167e-110,0.505
FW_TWAS_rep_1,GCA_044229175.1,JBGATM010000010.1,frhG,56,2.53e-10,0.303
FW_TWAS_rep_1,GCA_044229175.1,JBGATM010000002.1,frhA,151,1.115e-39,0.304
FW_TWAS_rep_1,GCA_044229175.1,JBGATM010000025.1,pepQ,80,3.846e-17,0.335
FW_TWAS_rep_1,GCA_044229175.1,JBGATM010000033.1,mvhG,46,9.84e-8,0.274
FW_TWAS_rep_1,GCA_044229175.1,JBGATM010000002.1,aldh,422,8.308e-132,0.515
FW_TWAS_rep_1,GCA_044229175.1,JBGATM010000002.1,etfA,212,1.396e-59,0.448
FW_TWAS_rep_1,GCA_044229175.1,JBGATM010000012.1,fadD,192,3.226e-53,0.322
FW_TWAS_rep_1,GCA_044229175.1,JBGATM010000002.1,susC,44,3.005e-6,0.226
FW_TWAS_rep_1,GCA_044229175.1,JBGATM010000036.1,gapA,350,3.797e-110,0.535
FW_TWAS_rep_1,GCA_044229175.1,JBGATM010000011.1,pepQ,98,5.033e-23,0.385
FW_TWAS_rep_1,GCA_044229175.1,JBGATM010000021.1,mdh,174,1.266e-49,0.404
FW_TWAS_rep_1,GCA_044229175.1,JBGATM010000012.1,acs,140,2.294e-36,0.276
FW_TWAS_rep_1,GCA_044229175.1,JBGATM010000016.1,fadE,233,1.911e-68,0.399
FW_TWAS_rep_1,GCA_044229175.1,JBGATM010000017.1,frhB,42,1.91e-6,0.272
FW_TWAS_rep_1,GCA_044229175.1,JBGATM010000030.1,extracellular_protease,148,4.239e-39,0.438
FW_TWAS_rep_1,GCA_044229175.1,JBGATM010000039.1,hbd,196,5.844e-53,0.314
FW_TWAS_rep_1,GCA_044229175.1,JBGATM010000027.1,pepQ,91,3.473e-21,0.345
FW_TWAS_rep_1,GCA_044229175.1,JBGATM010000008.1,pfkA,216,3.209e-63,0.4
FW_TWAS_rep_1,GCA_044229175.1,JBGATM010000001.1,mmcE,646,2.941e-208,0.625
FW_TWAS_rep_1,GCA_044229175.1,JBGATM010000004.1,acs,503,4.374e-154,0.425
FW_TWAS_rep_1,GCA_044229175.1,JBGATM010000033.1,dtpT,414,1.343e-129,0.493
FW_TWAS_rep_1,GCA_044229175.1,JBGATM010000019.1,fadB,372,4.12e-112,0.343
FW_TWAS_rep_1,GCA_044229175.1,JBGATM010000046.1,thl,339,5.988e-103,0.479
FW_TWAS_rep_1,GCA_044229175.1,JBGATM010000001.1,extracellular_protease,141,2.428e-37,0.338
FW_TWAS_rep_1,GCA_044229175.1,JBGATM010000002.1,acs,801,3.787e-260,0.615
FW_TWAS_rep_1,GCA_044229175.1,JBGATM010000008.1,rnfB,44,1.122e-6,0.342
FW_TWAS_rep_1,GCA_044229175.1,JBGATM010000022.1,sucC,378,8.716e-118,0.52
FW_TWAS_rep_1,GCA_044229175.1,JBGATM010000042.1,crt,61,9.694e-12,0.304
FW_TWAS_rep_1,GCA_044229175.1,JBGATM010000021.1,fadD,137,1.943e-34,0.294
FW_TWAS_rep_1,GCA_044229175.1,JBGATM010000006.1,gdh,904,6.801e-283,0.412
FW_TWAS_rep_1,GCA_044229175.1,JBGATM010000025.1,edd,246,6.034e-71,0.349
FW_TWAS_rep_1,GCA_044229175.1,JBGATM010000007.1,fadA,313,2.134e-96,0.465
FW_TWAS_rep_1,GCA_044229175.1,JBGATM010000053.1,lipase,49,6.705e-8,0.322
FW_TWAS_rep_1,GCA_044229175.1,JBGATM010000001.1,fadE,282,1.165e-85,0.432
FW_TWAS_rep_1,GCA_044229175.1,JBGATM010000043.1,acylglycerol_lipase,64,4.868e-13,0.278
FW_TWAS_rep_1,GCA_044229175.1,JBGATM010000032.1,pfor,59,4.01e-11,0.257
FW_TWAS_rep_1,GCA_044229175.1,JBGATM010000011.1,fdhA,252,4.127e-71,0.31
FW_TWAS_rep_1,GCA_044229175.1,JBGATM010000012.1,bcd,223,1.408e-65,0.37
FW_TWAS_rep_1,GCA_044229175.1,JBGATM010000002.1,fadB,106,1.726e-27,0.366
FW_TWAS_rep_1,GCA_044229175.1,JBGATM010000023.1,pyk,413,2.069e-129,0.509
FW_TWAS_rep_1,GCA_044229175.1,JBGATM010000004.1,pepD,44,1.811e-6,0.283
FW_TWAS_rep_1,GCA_044229175.1,JBGATM010000006.1,adh,65,9.87e-14,0.349
FW_TWAS_rep_1,GCA_044229175.1,JBGATM010000020.1,fadE,211,2.868e-60,0.402
FW_TWAS_rep_1,GCA_044229175.1,JBGATM010000018.1,mvhG,41,2.145e-6,0.515
FW_TWAS_rep_1,GCA_044229175.1,JBGATM010000002.1,dppC,227,6.299e-66,0.437
FW_TWAS_rep_1,GCA_044229175.1,JBGATM010000015.1,fwdA,48,5.572e-8,0.442
FW_TWAS_rep_1,GCA_044229175.1,JBGATM010000009.1,fadE,204,1.494e-56,0.369
FW_TWAS_rep_1,GCA_044229175.1,JBGATM010000001.1,sucD,54,2.753e-9,0.296
FW_TWAS_rep_1,GCA_044229175.1,JBGATM010000031.1,fadA,328,2.825e-101,0.477
FW_TWAS_rep_1,GCA_044229175.1,JBGATM010000021.1,tdcB,180,8.843e-52,0.394
FW_TWAS_rep_1,GCA_044229175.1,JBGATM010000010.1,mvhA,124,3.997e-31,0.257
FW_TWAS_rep_1,GCA_044229175.1,JBGATM010000012.1,rnfB,44,9.33e-7,0.342
FW_TWAS_rep_1,GCA_044229175.1,JBGATM010000019.1,hbd,233,1.175e-65,0.443
FW_TWAS_rep_1,GCA_044229175.1,JBGATM010000002.1,dppA,148,1.953e-38,0.257
FW_TWAS_rep_1,GCA_044229175.1,JBGATM010000012.1,folD,335,2.086e-105,0.563
FW_TWAS_rep_1,GCA_044229175.1,JBGATM010000046.1,fadA,304,7.677e-91,0.459
FW_TWAS_rep_1,GCA_044229175.1,JBGATM010000006.1,fwdA,55,3.154e-10,0.435
FW_TWAS_rep_1,GCA_044229175.1,JBGATM010000001.1,acs,53,3.742e-9,0.25
FW_TWAS_rep_1,GCA_044229175.1,JBGATM010000008.1,acylglycerol_lipase,46,3.271e-7,0.308
FW_TWAS_rep_1,GCA_044229175.1,JBGATM010000002.1,xylB,156,1.672e-41,0.305
FW_TWAS_rep_1,GCA_044229175.1,JBGATM010000008.1,pfor,45,1.668e-6,0.28
FW_TWAS_rep_1,GCA_044229175.1,JBGATM010000007.1,pepD,60,5.552e-12,0.256
FW_TWAS_rep_1,GCA_044229175.1,JBGATM010000008.1,pepQ,78,2.759e-17,0.316
FW_TWAS_rep_1,GCA_044229175.1,JBGATM010000017.1,frhG,49,5.919e-9,0.268
FW_TWAS_rep_1,GCA_044229175.1,JBGATM010000003.1,oppA,82,1.905e-18,0.234
FW_TWAS_rep_1,GCA_044229175.1,JBGATM010000002.1,adhE,362,4.453e-111,0.479
FW_TWAS_rep_1,GCA_044229175.1,JBGATM010000002.1,crt,187,3.897e-55,0.446
FW_TWAS_rep_1,GCA_044229175.1,JBGATM010000004.1,oppA,111,3.314e-27,0.272
FW_TWAS_rep_1,GCA_044229175.1,JBGATM010000002.1,adh,63,7.381e-13,0.247
FW_TWAS_rep_1,GCA_044229175.1,JBGATM010000023.1,tdcB,65,3.154e-13,0.276
FW_TWAS_rep_1,GCA_044229175.1,JBGATM010000017.1,fdhA,80,1.326e-17,0.252
FW_TWAS_rep_1,GCA_044229175.1,JBGATM010000021.1,acs,106,6.051e-25,0.267
FW_TWAS_rep_1,GCA_044229175.1,JBGATM010000019.1,etfA,79,3.047e-17,0.368
FW_TWAS_rep_1,GCA_044229175.1,JBGATM010000010.1,tdcB,226,2.615e-67,0.45
FW_TWAS_rep_1,GCA_044229175.1,JBGATM010000020.1,fadD,151,9.562e-40,0.289
FW_TWAS_rep_1,GCA_044229175.1,JBGATM010000046.1,etfA,162,2.451e-46,0.433
FW_TWAS_rep_1,GCA_044229175.1,JBGATM010000003.1,pepA,364,1.018e-110,0.516
FW_TWAS_rep_1,GCA_937898325.1,CALDKN010000119.1,dppC,258,8.426e-79,0.496
FW_TWAS_rep_1,GCA_937898325.1,CALDKN010000014.1,dppB,321,2.198e-100,0.521
FW_TWAS_rep_1,GCA_937898325.1,CALDKN010000072.1,dppB,115,1.779e-29,0.308
FW_TWAS_rep_1,GCA_937898325.1,CALDKN010000002.1,dppA,214,8.064e-60,0.287
FW_TWAS_rep_1,GCA_937898325.1,CALDKN010000029.1,xylB,63,2.795e-12,0.244
FW_TWAS_rep_1,GCA_937898325.1,CALDKN010000014.1,dppC,295,1.011e-91,0.51
FW_TWAS_rep_1,GCA_937898325.1,CALDKN010000119.1,dppB,247,1.358e-74,0.391
FW_TWAS_rep_1,GCA_937898325.1,CALDKN010000212.1,cdhC,41,4.8e-6,0.377
FW_TWAS_rep_1,GCA_937898325.1,CALDKN010000116.1,dppB,227,1.363e-67,0.415
FW_TWAS_rep_1,GCA_937898325.1,CALDKN010000137.1,agl,111,6.544e-27,0.282
FW_TWAS_rep_1,GCA_937898325.1,CALDKN010000175.1,oppA,71,8.947e-15,0.28
FW_TWAS_rep_1,GCA_937898325.1,CALDKN010000029.1,bgl,381,1.046e-118,0.452
FW_TWAS_rep_1,GCA_937898325.1,CALDKN010000201.1,pepA,379,2.029e-117,0.488
FW_TWAS_rep_1,GCA_937898325.1,CALDKN010000244.1,frhG,49,3.811e-8,0.5
FW_TWAS_rep_1,GCA_937898325.1,CALDKN010000151.1,pfkA,81,1.072e-18,0.303
FW_TWAS_rep_1,GCA_937898325.1,CALDKN010000202.1,eda,172,1.214e-50,0.472
FW_TWAS_rep_1,GCA_937898325.1,CALDKN010000212.1,dppC,195,8.667e-58,0.443
FW_TWAS_rep_1,GCA_937898325.1,CALDKN010000212.1,rnfB,105,7.207e-27,0.367
FW_TWAS_rep_1,GCA_937898325.1,CALDKN010000232.1,extracellular_protease,54,5.998e-10,0.261
FW_TWAS_rep_1,GCA_937898325.1,CALDKN010000120.1,pfor,1455,0.0,0.618
FW_TWAS_rep_1,GCA_937898325.1,CALDKN010000212.1,dppB,198,1.219e-57,0.377
FW_TWAS_rep_1,GCA_937898325.1,CALDKN010000002.1,dppB,250,9.452e-76,0.401
FW_TWAS_rep_1,GCA_937898325.1,CALDKN010000081.1,acylglycerol_lipase,53,1.266e-9,0.256
FW_TWAS_rep_1,GCA_937898325.1,CALDKN010000155.1,hbd,323,1.023e-101,0.599
FW_TWAS_rep_1,GCA_937898325.1,CALDKN010000237.1,oppB,95,2.136e-25,0.424
FW_TWAS_rep_1,GCA_937898325.1,CALDKN010000119.1,oppB,278,1.799e-85,0.505
FW_TWAS_rep_1,GCA_937898325.1,CALDKN010000073.1,cazy_GH13,207,6.231e-58,0.411
FW_TWAS_rep_1,GCA_937898325.1,CALDKN010000137.1,cazy_GH13,180,7.84e-49,0.371
FW_TWAS_rep_1,GCA_937898325.1,CALDKN010000114.1,hydA,49,1.438e-8,0.345
FW_TWAS_rep_1,GCA_937898325.1,CALDKN010000002.1,oppA,165,4.839e-44,0.255
FW_TWAS_rep_1,GCA_937898325.1,CALDKN010000039.1,oppA,78,7.581e-17,0.24
FW_TWAS_rep_1,GCA_937898325.1,CALDKN010000073.1,agl,245,7.817e-71,0.373
FW_TWAS_rep_1,GCA_937898325.1,CALDKN010000039.1,dppB,135,4.09e-36,0.315
FW_TWAS_rep_1,GCA_937898325.1,CALDKN010000073.1,pfkA,127,2.626e-33,0.311
FW_TWAS_rep_1,GCA_937898325.1,CALDKN010000155.1,fadB,187,1.027e-54,0.41
FW_TWAS_rep_1,GCA_937898325.1,CALDKN010000034.1,dppC,91,1.121e-23,0.402
FW_TWAS_rep_1,GCA_937898325.1,CALDKN010000212.1,dppA,181,5.797e-50,0.277
FW_TWAS_rep_1,GCA_937898325.1,CALDKN010000034.1,dppB,181,5.072e-52,0.354
FW_TWAS_rep_1,GCA_937898325.1,CALDKN010000072.1,pepT,151,1.004e-42,0.425
FW_TWAS_rep_1,GCA_937898325.1,CALDKN010000016.1,xylA,550,3.252e-177,0.604
FW_TWAS_rep_1,GCA_937898325.1,CALDKN010000089.1,dppB,169,8.766e-48,0.322
FW_TWAS_rep_1,GCA_937898325.1,CALDKN010000031.1,dppA,116,8.166e-29,0.258
FW_TWAS_rep_1,GCA_937898325.1,CALDKN010000212.1,frhB,47,6.667e-8,0.441
FW_TWAS_rep_1,GCA_937898325.1,CALDKN010000212.1,pyk,470,3.685e-149,0.539
FW_TWAS_rep_1,GCA_937898325.1,CALDKN010000008.1,dppC,198,3.049e-57,0.345
FW_TWAS_rep_1,GCA_937898325.1,CALDKN010000015.1,frhG,46,2.409e-7,0.418
FW_TWAS_rep_1,GCA_937898325.1,CALDKN010000016.1,xylB,145,5.311e-38,0.3
FW_TWAS_rep_1,GCA_937898325.1,CALDKN010000073.1,acylglycerol_lipase,129,1.538e-34,0.328
FW_TWAS_rep_1,GCA_937898325.1,CALDKN010000164.1,folD,391,3.171e-125,0.701
FW_TWAS_rep_1,GCA_937898325.1,CALDKN010000204.1,cazy_GH13,67,3.515e-13,0.245
FW_TWAS_rep_1,GCA_937898325.1,CALDKN010000130.1,oppB,132,3.761e-35,0.301
FW_TWAS_rep_1,GCA_937898325.1,CALDKN010000072.1,oppB,108,9.355e-27,0.351
FW_TWAS_rep_1,GCA_937898325.1,CALDKN010000216.1,ackA,80,2.707e-19,0.358
FW_TWAS_rep_1,GCA_937898325.1,CALDKN010000008.1,dppB,214,3.826e-63,0.37
FW_TWAS_rep_1,GCA_937898325.1,CALDKN010000089.1,dppC,172,6.515e-49,0.396
FW_TWAS_rep_1,GCA_937898325.1,CALDKN010000212.1,pepD,76,1.187e-16,0.313
FW_TWAS_rep_1,GCA_937898325.1,CALDKN010000008.1,oppB,233,2.233e-69,0.388
FW_TWAS_rep_1,GCA_937898325.1,CALDKN010000034.1,dppA,89,1.801e-20,0.243
FW_TWAS_rep_1,GCA_937898325.1,CALDKN010000116.1,dppA,132,2.03e-33,0.242
FW_TWAS_rep_1,GCA_937898325.1,CALDKN010000068.1,extracellular_protease,57,1.138e-11,0.404
FW_TWAS_rep_1,GCA_937898325.1,CALDKN010000237.1,dppC,80,4.462e-20,0.347
FW_TWAS_rep_1,GCA_937898325.1,CALDKN010000155.1,thl,427,7.07e-135,0.59
FW_TWAS_rep_1,GCA_937898325.1,CALDKN010000130.1,dppC,90,1.801e-21,0.27
FW_TWAS_rep_1,GCA_937898325.1,CALDKN010000184.1,cazy_GH13,49,3.457e-8,0.359
FW_TWAS_rep_1,GCA_937898325.1,CALDKN010000202.1,fdhA,598,3.771e-192,0.563
FW_TWAS_rep_1,GCA_937898325.1,CALDKN010000208.1,oppA,63,1.091e-12,0.272
FW_TWAS_rep_1,GCA_937898325.1,CALDKN010000027.1,fumB,118,1.389e-32,0.403
FW_TWAS_rep_1,GCA_937898325.1,CALDKN010000181.1,pfor,1498,0.0,0.638
FW_TWAS_rep_1,GCA_937898325.1,CALDKN010000120.1,grdB,590,3.683e-191,0.665
FW_TWAS_rep_1,GCA_937898325.1,CALDKN010000230.1,acylglycerol_lipase,68,3.558e-14,0.317
FW_TWAS_rep_1,GCA_937898325.1,CALDKN010000073.1,gdh,58,4.153e-11,0.472
FW_TWAS_rep_1,GCA_937898325.1,CALDKN010000020.1,xylB,113,4.417e-28,0.243
FW_TWAS_rep_1,GCA_937898325.1,CALDKN010000034.1,oppB,149,5.131e-41,0.312
FW_TWAS_rep_1,GCA_937898325.1,CALDKN010000212.1,oppA,219,6.733e-63,0.323
FW_TWAS_rep_1,GCA_937898325.1,CALDKN010000039.1,dppA,59,4.669e-11,0.218
FW_TWAS_rep_1,GCA_937898325.1,CALDKN010000093.1,ackA,432,1.883e-137,0.57
FW_TWAS_rep_1,GCA_937898325.1,CALDKN010000089.1,dppA,80,1.936e-17,0.222
FW_TWAS_rep_1,GCA_937898325.1,CALDKN010000072.1,dppC,94,2.301e-22,0.319
FW_TWAS_rep_1,GCA_937898325.1,CALDKN010000119.1,dppA,217,6.04e-61,0.28
FW_TWAS_rep_1,GCA_937898325.1,CALDKN010000031.1,dppB,144,2.705e-39,0.281
FW_TWAS_rep_1,GCA_937898325.1,CALDKN010000219.1,pepT,53,8.115e-10,0.216
FW_TWAS_rep_1,GCA_937898325.1,CALDKN010000159.1,xylF,156,7.867e-43,0.336
FW_TWAS_rep_1,GCA_937898325.1,CALDKN010000164.1,fhs,736,1.97e-239,0.649
FW_TWAS_rep_1,GCA_937898325.1,CALDKN010000244.1,fdhA,63,2.567e-12,0.457
FW_TWAS_rep_1,GCA_937898325.1,CALDKN010000116.1,cazy_GH43,156,7.835e-42,0.375
FW_TWAS_rep_1,GCA_937898325.1,CALDKN010000042.1,dppB,137,6.792e-37,0.308
FW_TWAS_rep_1,GCA_937898325.1,CALDKN010000203.1,extracellular_protease,178,1.923e-49,0.364
FW_TWAS_rep_1,GCA_937898325.1,CALDKN010000144.1,cazy_GH10,280,6.892e-85,0.462
FW_TWAS_rep_1,GCA_937898325.1,CALDKN010000212.1,pfkA,263,5.177e-80,0.468
FW_TWAS_rep_1,GCA_937898325.1,CALDKN010000231.1,crt,48,2.847e-8,0.392
FW_TWAS_rep_1,GCA_937898325.1,CALDKN010000152.1,gdh,460,1.231e-146,0.567
FW_TWAS_rep_1,GCA_937898325.1,CALDKN010000029.1,gapA,374,1.588e-118,0.571
FW_TWAS_rep_1,GCA_937898325.1,CALDKN010000219.1,pfkA,70,6.132e-15,0.382
FW_TWAS_rep_1,GCA_937898325.1,CALDKN010000014.1,oppB,258,1.403e-78,0.478
FW_TWAS_rep_1,GCA_937898325.1,CALDKN010000207.1,oppB,83,5.412e-22,0.364
FW_TWAS_rep_1,GCA_937898325.1,CALDKN010000015.1,frhB,46,1.818e-7,0.382
FW_TWAS_rep_1,GCA_937898325.1,CALDKN010000175.1,dppA,72,2.931e-15,0.271
FW_TWAS_rep_1,GCA_937898325.1,CALDKN010000187.1,dppA,119,1.535e-31,0.286
FW_TWAS_rep_1,GCA_937898325.1,CALDKN010000178.1,cazy_GH13,224,4.354e-64,0.442
FW_TWAS_rep_1,GCA_937898325.1,CALDKN010000114.1,rnfB,42,3.028e-6,0.346
FW_TWAS_rep_1,GCA_937898325.1,CALDKN010000042.1,dppA,80,1.958e-17,0.229
FW_TWAS_rep_1,GCA_937898325.1,CALDKN010000212.1,adhE,145,2.195e-39,0.322
FW_TWAS_rep_1,GCA_937898325.1,CALDKN010000193.1,extracellular_protease,134,3.384e-34,0.363
FW_TWAS_rep_1,GCA_937898325.1,CALDKN010000119.1,oppA,162,4.413e-43,0.258
FW_TWAS_rep_1,GCA_937898325.1,CALDKN010000212.1,pepT,269,6.944e-81,0.43
FW_TWAS_rep_1,GCA_937898325.1,CALDKN010000011.1,extracellular_protease,154,8.584e-39,0.322
FW_TWAS_rep_1,GCA_937898325.1,CALDKN010000020.1,pfkA,156,6.72e-44,0.348
FW_TWAS_rep_1,GCA_937898325.1,CALDKN010000012.1,dppC,65,2.184e-16,0.516
FW_TWAS_rep_1,GCA_937898325.1,CALDKN010000178.1,agl,213,1.201e-60,0.357
FW_TWAS_rep_1,GCA_937898325.1,CALDKN010000039.1,oppB,136,1.641e-36,0.291
FW_TWAS_rep_1,GCA_937898325.1,CALDKN010000212.1,frhG,44,3.701e-7,0.437
FW_TWAS_rep_1,GCA_937898325.1,CALDKN010000114.1,frhB,48,3.351e-8,0.299
FW_TWAS_rep_1,GCA_937898325.1,CALDKN010000095.1,pepT,84,3.041e-19,0.264
FW_TWAS_rep_1,GCA_937898325.1,CALDKN010000031.1,dppC,134,3.128e-36,0.323
FW_TWAS_rep_1,GCA_937898325.1,CALDKN010000031.1,oppB,156,1.433e-43,0.371
FW_TWAS_rep_1,GCA_937898325.1,CALDKN010000120.1,grdA,150,3.443e-45,0.728
FW_TWAS_rep_1,GCA_937898325.1,CALDKN010000116.1,oppB,213,1.011e-62,0.404
FW_TWAS_rep_1,GCA_937898325.1,CALDKN010000030.1,extracellular_protease,40,1.642e-6,0.333
FW_TWAS_rep_1,GCA_937898325.1,CALDKN010000155.1,fadA,319,1.659e-97,0.475
FW_TWAS_rep_1,GCA_937898325.1,CALDKN010000026.1,endopeptidase,331,3.515e-98,0.608
FW_TWAS_rep_1,GCA_937898325.1,CALDKN010000014.1,dppA,287,5.443e-86,0.361
FW_TWAS_rep_1,GCA_937898325.1,CALDKN010000089.1,oppA,93,2.608e-21,0.245
FW_TWAS_rep_1,GCA_937898325.1,CALDKN010000089.1,oppB,198,1.293e-57,0.355
FW_TWAS_rep_1,GCA_937898325.1,CALDKN010000082.1,hydA,43,8.686e-8,0.312
FW_TWAS_rep_1,GCA_937898325.1,CALDKN010000202.1,hydA,137,5.817e-37,0.358
FW_TWAS_rep_1,GCA_937898325.1,CALDKN010000031.1,oppA,93,1.434e-21,0.242
FW_TWAS_rep_1,GCA_937898325.1,CALDKN010000081.1,adh,81,3.64e-19,0.308
FW_TWAS_rep_1,GCA_937898325.1,CALDKN010000082.1,pta,152,3.179e-42,0.38
FW_TWAS_rep_1,GCA_937898325.1,CALDKN010000231.1,susC,43,3.559e-6,0.287
FW_TWAS_rep_1,GCA_937898325.1,CALDKN010000107.1,pgi,49,6.591e-10,0.317
FW_TWAS_rep_1,GCA_937898325.1,CALDKN010000040.1,fumB,125,1.273e-33,0.353
FW_TWAS_rep_1,GCA_937898325.1,CALDKN010000082.1,rnfB,44,3.397e-8,0.343
FW_TWAS_rep_1,GCA_937898325.1,CALDKN010000219.1,pgi,101,5.289e-24,0.297
FW_TWAS_rep_1,GCA_937898325.1,CALDKN010000207.1,dppC,90,3.429e-24,0.392
FW_TWAS_rep_1,GCA_937898325.1,CALDKN010000045.1,adh,56,8.344e-11,0.266
FW_TWAS_rep_1,GCA_937898325.1,CALDKN010000008.1,oppA,123,7.873e-31,0.254
FW_TWAS_rep_1,GCA_937898325.1,CALDKN010000012.1,oppB,53,4.263e-12,0.433
FW_TWAS_rep_1,GCA_937898325.1,CALDKN010000114.1,pfor,42,2.286e-6,0.27
FW_TWAS_rep_1,GCA_937898325.1,CALDKN010000190.1,xylF,189,1.83e-54,0.358
FW_TWAS_rep_1,GCA_937898325.1,CALDKN010000208.1,dppA,74,3.698e-16,0.255
FW_TWAS_rep_1,GCA_937898325.1,CALDKN010000155.1,cat,291,1.06e-91,0.663
FW_TWAS_rep_1,GCA_937898325.1,CALDKN010000093.1,hbd,205,1.032e-60,0.4
FW_TWAS_rep_1,GCA_937898325.1,CALDKN010000175.1,dppC,186,1.131e-54,0.434
FW_TWAS_rep_1,GCA_937898325.1,CALDKN010000081.1,fadA,92,1.299e-21,0.287
FW_TWAS_rep_1,GCA_937898325.1,CALDKN010000015.1,endopeptidase,355,1.732e-110,0.553
FW_TWAS_rep_1,GCA_937898325.1,CALDKN010000155.1,crt,178,5.681e-52,0.445
FW_TWAS_rep_1,GCA_937898325.1,CALDKN010000175.1,dppB,248,5.175e-75,0.443
FW_TWAS_rep_1,GCA_937898325.1,CALDKN010000064.1,ilvE,338,1.621e-105,0.518
FW_TWAS_rep_1,GCA_937898325.1,CALDKN010000008.1,dppA,145,6.155e-38,0.284
FW_TWAS_rep_1,GCA_937898325.1,CALDKN010000002.1,dppC,262,4.645e-80,0.494
FW_TWAS_rep_1,GCA_937898325.1,CALDKN010000036.1,pfkA,40,3.835e-6,0.392
FW_TWAS_rep_1,GCA_937898325.1,CALDKN010000082.1,ackA,94,1.22e-22,0.281
FW_TWAS_rep_1,GCA_937898325.1,CALDKN010000114.1,xylB,124,1.647e-31,0.263
FW_TWAS_rep_1,GCA_937898325.1,CALDKN010000217.1,cazy_GH43,126,2.21e-32,0.334
FW_TWAS_rep_1,GCA_937898325.1,CALDKN010000002.1,oppB,274,2.794e-84,0.512
FW_TWAS_rep_1,GCA_937898325.1,CALDKN010000116.1,dppC,188,4.679e-55,0.358
FW_TWAS_rep_1,GCA_937898325.1,CALDKN010000036.1,xylF,196,1.035e-56,0.37
FW_TWAS_rep_1,GCA_937898325.1,CALDKN010000062.1,xylF,245,3.919e-73,0.443
FW_TWAS_rep_1,GCA_937898325.1,CALDKN010000117.1,cazy_GH10,294,1.212e-83,0.486
FW_TWAS_rep_1,GCA_937898325.1,CALDKN010000187.1,oppA,121,6.127e-32,0.297
FW_TWAS_rep_1,GCA_937898325.1,CALDKN010000120.1,prdA,93,7.488e-22,0.282
FW_TWAS_rep_1,GCA_937898325.1,CALDKN010000037.1,acylglycerol_lipase,44,1.44e-6,0.423
FW_TWAS_rep_1,GCA_937898325.1,CALDKN010000117.1,cazy_GH43,116,7.271e-29,0.32
FW_TWAS_rep_1,GCA_937898325.1,CALDKN010000175.1,oppB,191,1.413e-56,0.468
FW_TWAS_rep_1,GCA_937898325.1,CALDKN010000092.1,cazy_GH43,108,5.51e-27,0.347
FW_TWAS_rep_1,GCA_937898325.1,CALDKN010000073.1,extracellular_protease,200,5.978e-55,0.413
FW_TWAS_rep_1,GCA_937898325.1,CALDKN010000014.1,oppA,227,2.233e-65,0.334
FW_TWAS_rep_1,GCA_937898325.1,CALDKN010000212.1,oppB,209,3.692e-61,0.475
FW_TWAS_rep_1,GCA_937898325.1,CALDKN010000042.1,oppB,158,4.344e-44,0.326
FW_TWAS_rep_1,GCA_937898325.1,CALDKN010000117.1,esterase,188,2.944e-52,0.308
FW_TWAS_rep_1,GCA_937898325.1,CALDKN010000130.1,dppB,137,7.142e-37,0.307
FW_TWAS_rep_1,GCA_937898325.1,CALDKN010000039.1,dppC,101,1.707e-25,0.336
FW_TWAS_rep_1,GCA_937898325.1,CALDKN010000244.1,hydA,494,1.043e-155,0.455
FW_TWAS_rep_1,GCA_937898325.1,CALDKN010000040.1,pepQ,195,3.739e-56,0.367
FW_TWAS_rep_1,GCA_937898325.1,CALDKN010000125.1,lysophospholipase,61,1.156e-12,0.324
FW_TWAS_rep_1,GCA_937898325.1,CALDKN010000155.1,etfA,162,2.074e-46,0.457
FW_TWAS_rep_1,GCA_963695105.1,CAVOGC010000027.1,cazy_GH13,175,7.379e-46,0.334
FW_TWAS_rep_1,GCA_963695105.1,CAVOGC010000055.1,fadD,229,4.767e-64,0.314
FW_TWAS_rep_1,GCA_963695105.1,CAVOGC010000029.1,crt,174,3.712e-50,0.437
FW_TWAS_rep_1,GCA_963695105.1,CAVOGC010000023.1,fadA,257,6.206e-77,0.407
FW_TWAS_rep_1,GCA_963695105.1,CAVOGC010000055.1,bgl,274,3.281e-81,0.448
FW_TWAS_rep_1,GCA_963695105.1,CAVOGC010000041.1,thl,355,9.997e-111,0.469
FW_TWAS_rep_1,GCA_963695105.1,CAVOGC010000041.1,agl,48,9.751e-8,0.238
FW_TWAS_rep_1,GCA_963695105.1,CAVOGC010000025.1,fadD,208,7.161e-59,0.305
FW_TWAS_rep_1,GCA_963695105.1,CAVOGC010000017.1,frhG,46,3.733e-8,0.263
FW_TWAS_rep_1,GCA_963695105.1,CAVOGC010000056.1,pta,216,5.155e-62,0.479
FW_TWAS_rep_1,GCA_963695105.1,CAVOGC010000040.1,pyk,125,1.276e-33,0.444
FW_TWAS_rep_1,GCA_963695105.1,CAVOGC010000045.1,fadE,137,4.056e-35,0.327
FW_TWAS_rep_1,GCA_963695105.1,CAVOGC010000038.1,acs,130,3.766e-33,0.308
FW_TWAS_rep_1,GCA_963695105.1,CAVOGC010000008.1,acylglycerol_lipase,46,1.127e-7,0.376
FW_TWAS_rep_1,GCA_963695105.1,CAVOGC010000040.1,mvhA,112,1.883e-27,0.242
FW_TWAS_rep_1,GCA_963695105.1,CAVOGC010000004.1,fwdA,50,2.134e-8,0.269
FW_TWAS_rep_1,GCA_963695105.1,CAVOGC010000029.1,rnfB,41,2.852e-7,0.25
FW_TWAS_rep_1,GCA_963695105.1,CAVOGC010000055.1,etfA,95,1.334e-23,0.302
FW_TWAS_rep_1,GCA_963695105.1,CAVOGC010000040.1,frhA,93,1.763e-21,0.228
FW_TWAS_rep_1,GCA_963695105.1,CAVOGC010000019.1,acs,418,5.781e-129,0.436
FW_TWAS_rep_1,GCA_963695105.1,CAVOGC010000011.1,oppB,178,1.343e-50,0.329
FW_TWAS_rep_1,GCA_963695105.1,CAVOGC010000038.1,fadD,216,1.735e-61,0.327
FW_TWAS_rep_1,GCA_963695105.1,CAVOGC010000010.1,fadD,141,2.314e-36,0.276
FW_TWAS_rep_1,GCA_963695105.1,CAVOGC010000010.1,tdcB,54,6.638e-10,0.27
FW_TWAS_rep_1,GCA_963695105.1,CAVOGC010000023.1,thl,357,1.525e-111,0.472
FW_TWAS_rep_1,GCA_963695105.1,CAVOGC010000041.1,fadA,255,2.943e-76,0.407
FW_TWAS_rep_1,GCA_963695105.1,CAVOGC010000012.1,fadD,227,8.638e-65,0.353
FW_TWAS_rep_1,GCA_963695105.1,CAVOGC010000011.1,mvhG,127,3.5e-35,0.375
FW_TWAS_rep_1,GCA_963695105.1,CAVOGC010000014.1,mdh,270,5.843e-84,0.57
FW_TWAS_rep_1,GCA_963695105.1,CAVOGC010000003.1,mmcE,326,4.641e-93,0.407
FW_TWAS_rep_1,GCA_963695105.1,CAVOGC010000045.1,fadD,241,2.298e-69,0.335
FW_TWAS_rep_1,GCA_963695105.1,CAVOGC010000005.1,hbd,115,4.124e-28,0.292
FW_TWAS_rep_1,GCA_963695105.1,CAVOGC010000040.1,crt,120,1.423e-31,0.346
FW_TWAS_rep_1,GCA_963695105.1,CAVOGC010000005.1,etfA,44,1.793e-6,0.327
FW_TWAS_rep_1,GCA_963695105.1,CAVOGC010000055.1,acs,250,3.289e-71,0.29
FW_TWAS_rep_1,GCA_963695105.1,CAVOGC010000051.1,rnfB,43,4.266e-8,0.342
FW_TWAS_rep_1,GCA_963695105.1,CAVOGC010000005.1,fadD,162,3.038e-43,0.304
FW_TWAS_rep_1,GCA_963695105.1,CAVOGC010000010.1,thl,392,1.938e-123,0.554
FW_TWAS_rep_1,GCA_963695105.1,CAVOGC010000016.1,rnfB,40,6.559e-7,0.34
FW_TWAS_rep_1,GCA_963695105.1,CAVOGC010000034.1,mdh,153,5.523e-43,0.449
FW_TWAS_rep_1,GCA_963695105.1,CAVOGC010000022.1,fadD,158,1.003e-40,0.286
FW_TWAS_rep_1,GCA_963695105.1,CAVOGC010000035.1,acylglycerol_lipase,43,3.091e-6,0.249
FW_TWAS_rep_1,GCA_963695105.1,CAVOGC010000045.1,acs,146,3.558e-38,0.301
FW_TWAS_rep_1,GCA_963695105.1,CAVOGC010000055.1,dppA,62,7.81e-14,0.591
FW_TWAS_rep_1,GCA_963695105.1,CAVOGC010000007.1,agl,59,8.37e-11,0.362
FW_TWAS_rep_1,GCA_963695105.1,CAVOGC010000040.1,pta,214,4.336e-59,0.41
FW_TWAS_rep_1,GCA_963695105.1,CAVOGC010000056.1,pfor,1377,0.0,0.611
FW_TWAS_rep_1,GCA_963695105.1,CAVOGC010000041.1,pfkA,87,1.02e-19,0.255
FW_TWAS_rep_1,GCA_963695105.1,CAVOGC010000031.1,crt,64,9.078e-13,0.5
FW_TWAS_rep_1,GCA_963695105.1,CAVOGC010000049.1,agl,51,2.033e-8,0.269
FW_TWAS_rep_1,GCA_963695105.1,CAVOGC010000010.1,acs,883,4.754e-288,0.644
FW_TWAS_rep_1,GCA_963695105.1,CAVOGC010000011.1,frhA,67,6.646e-16,0.375
FW_TWAS_rep_1,GCA_963695105.1,CAVOGC010000055.1,bcd,400,2.289e-126,0.544
FW_TWAS_rep_1,GCA_963695105.1,CAVOGC010000008.1,sucD,366,1.292e-116,0.643
FW_TWAS_rep_1,GCA_963695105.1,CAVOGC010000001.1,pfkA,378,2.308e-113,0.524
FW_TWAS_rep_1,GCA_963695105.1,CAVOGC010000011.1,frhG,94,7.748e-24,0.345
FW_TWAS_rep_1,GCA_963695105.1,CAVOGC010000003.1,hydA,50,2.156e-9,0.366
FW_TWAS_rep_1,GCA_963695105.1,CAVOGC010000020.1,mmcE,515,3.471e-160,0.515
FW_TWAS_rep_1,GCA_963695105.1,CAVOGC010000049.1,cazy_GH13,88,7.79e-20,0.29
FW_TWAS_rep_1,GCA_963695105.1,CAVOGC010000027.1,agl,225,2.476e-61,0.348
FW_TWAS_rep_1,GCA_963695105.1,CAVOGC010000030.1,frhB,48,5.764e-8,0.448
FW_TWAS_rep_1,GCA_963695105.1,CAVOGC010000040.1,lipase,41,7.375e-6,0.274
FW_TWAS_rep_1,GCA_963695105.1,CAVOGC010000012.1,acs,155,2.992e-41,0.302
FW_TWAS_rep_1,GCA_963695105.1,CAVOGC010000040.1,pepQ,158,3.798e-41,0.332
FW_TWAS_rep_1,GCA_963695105.1,CAVOGC010000010.1,lipase,43,8.986e-7,0.336
FW_TWAS_rep_1,GCA_963695105.1,CAVOGC010000008.1,cat,96,1.881e-22,0.37
FW_TWAS_rep_1,GCA_963695105.1,CAVOGC010000008.1,thl,244,1.678e-71,0.379
FW_TWAS_rep_1,GCA_963695105.1,CAVOGC010000017.1,ackA,351,7.549e-107,0.515
FW_TWAS_rep_1,GCA_963695105.1,CAVOGC010000011.1,dppB,168,4.03e-47,0.327
FW_TWAS_rep_1,GCA_963695105.1,CAVOGC010000011.1,oppA,85,4.899e-19,0.224
FW_TWAS_rep_1,GCA_963695105.1,CAVOGC010000038.1,adhE,220,5.907e-62,0.336
FW_TWAS_rep_1,GCA_963695105.1,CAVOGC010000050.1,tdcB,83,1.822e-19,0.29
FW_TWAS_rep_1,GCA_963695105.1,CAVOGC010000055.1,fumB,256,4.916e-75,0.373
FW_TWAS_rep_1,GCA_963695105.1,CAVOGC010000017.1,fdhA,132,3.306e-33,0.246
FW_TWAS_rep_1,GCA_963695105.1,CAVOGC010000036.1,gdh,890,8.925e-285,0.538
FW_TWAS_rep_1,GCA_963695105.1,CAVOGC010000056.1,oppB,168,2.698e-47,0.438
FW_TWAS_rep_1,GCA_963695105.1,CAVOGC010000041.1,cazy_GH13,51,1.855e-8,0.292
FW_TWAS_rep_1,GCA_963695105.1,CAVOGC010000020.1,mmcG,40,1.753e-6,0.274
FW_TWAS_rep_1,GCA_963695105.1,CAVOGC010000028.1,acylglycerol_lipase,51,3.147e-9,0.265
FW_TWAS_rep_1,GCA_963695105.1,CAVOGC010000048.1,mmcE,400,8.304e-122,0.384
FW_TWAS_rep_1,GCA_963695105.1,CAVOGC010000034.1,fadD,127,4.89e-32,0.272
FW_TWAS_rep_1,GCA_963695105.1,CAVOGC010000005.1,thl,313,2.781e-96,0.459
FW_TWAS_rep_1,GCA_963695105.1,CAVOGC010000045.1,etfA,341,2.361e-107,0.652
FW_TWAS_rep_1,GCA_963695105.1,CAVOGC010000056.1,dppB,43,1.346e-6,0.288
FW_TWAS_rep_1,GCA_963695105.1,CAVOGC010000018.1,cazy_GH13,48,8.906e-8,0.238
FW_TWAS_rep_1,GCA_963695105.1,CAVOGC010000034.1,ptsG,557,5.717e-175,0.505
FW_TWAS_rep_1,GCA_963695105.1,CAVOGC010000011.1,fdhA,59,8.906e-12,0.36
FW_TWAS_rep_1,GCA_963695105.1,CAVOGC010000022.1,acs,105,1.223e-24,0.245
FW_TWAS_rep_1,GCA_963695105.1,CAVOGC010000030.1,rnfB,120,7.831e-31,0.431
FW_TWAS_rep_1,GCA_963695105.1,CAVOGC010000048.1,bcd,233,1.106e-66,0.358
FW_TWAS_rep_1,GCA_963695105.1,CAVOGC010000003.1,frhG,43,5.923e-7,0.322
FW_TWAS_rep_1,GCA_963695105.1,CAVOGC010000028.1,gdh,1653,0.0,0.565
FW_TWAS_rep_1,GCA_963695105.1,CAVOGC010000020.1,sucD,366,1.292e-116,0.643
FW_TWAS_rep_1,GCA_963695105.1,CAVOGC010000016.1,pepA,371,2.087e-114,0.471
FW_TWAS_rep_1,GCA_963695105.1,CAVOGC010000005.1,frhG,49,1.239e-8,0.34
FW_TWAS_rep_1,GCA_963695105.1,CAVOGC010000007.1,cazy_GH13,106,4.082e-25,0.286
FW_TWAS_rep_1,GCA_963695105.1,CAVOGC010000048.1,mmcF,132,6.612e-34,0.507
FW_TWAS_rep_1,GCA_963695105.1,CAVOGC010000003.1,frhB,49,3.909e-9,0.366
FW_TWAS_rep_1,GCA_963695105.1,CAVOGC010000038.1,lysophospholipase,187,1.193e-55,0.409
FW_TWAS_rep_1,GCA_963695105.1,CAVOGC010000041.1,pfor,47,8.848e-8,0.292
FW_TWAS_rep_1,GCA_963695105.1,CAVOGC010000017.1,hydA,85,7.545e-19,0.299
FW_TWAS_rep_1,GCA_963695105.1,CAVOGC010000045.1,bcd,123,8.254e-31,0.322
FW_TWAS_rep_1,GCA_963695105.1,CAVOGC010000040.1,bcd,114,4.648e-28,0.28
FW_TWAS_rep_1,GCA_963695105.1,CAVOGC010000009.1,acs,101,9.868e-24,0.241
FW_TWAS_rep_1,GCA_963695105.1,CAVOGC010000045.1,etfB,318,8.952e-101,0.698
FW_TWAS_rep_1,GCA_963695105.1,CAVOGC010000055.1,crt,143,6.568e-40,0.367
FW_TWAS_rep_1,GCA_963695105.1,CAVOGC010000003.1,lctB,237,1.757e-72,0.491
FW_TWAS_rep_1,GCA_963695105.1,CAVOGC010000011.1,hydA,69,4.036e-15,0.255
FW_TWAS_rep_1,GCA_963695105.1,CAVOGC010000048.1,adhE,123,1.544e-31,0.313
FW_TWAS_rep_1,GCA_963695105.1,CAVOGC010000029.1,etfA,110,1.853e-28,0.35
FW_TWAS_rep_1,GCA_963695105.1,CAVOGC010000003.1,cdhC,48,1.281e-8,0.338
FW_TWAS_rep_1,GCA_963695105.1,CAVOGC010000016.1,crt,164,5.933e-45,0.403
FW_TWAS_rep_1,GCA_963695105.1,CAVOGC010000019.1,pgi,673,2.111e-217,0.633
FW_TWAS_rep_1,GCA_963695105.1,CAVOGC010000040.1,mvhG,49,2.59e-8,0.246
FW_TWAS_rep_1,GCA_963695105.1,CAVOGC010000005.1,fadA,376,4.82e-118,0.541
FW_TWAS_rep_1,GCA_963695105.1,CAVOGC010000056.1,dppC,149,9.342e-41,0.39
FW_TWAS_rep_1,GCA_963695105.1,CAVOGC010000020.1,mmcF,132,3.807e-33,0.507
FW_TWAS_rep_1,GCA_963695105.1,CAVOGC010000005.1,fadB,114,1.253e-27,0.282
FW_TWAS_rep_1,GCA_963695105.1,CAVOGC010000030.1,lctC,42,5.037e-6,0.351
FW_TWAS_rep_1,GCA_963695105.1,CAVOGC010000034.1,acs,548,2.3e-173,0.466
FW_TWAS_rep_1,GCA_963695105.1,CAVOGC010000040.1,tdcB,347,1.057e-104,0.472
FW_TWAS_rep_1,GCA_963695105.1,CAVOGC010000010.1,fadA,323,1.253e-99,0.482
FW_TWAS_rep_1,GCA_963695105.1,CAVOGC010000005.1,acs,170,1.267e-44,0.298
FW_TWAS_rep_1,GCA_963695105.1,CAVOGC010000055.1,edd,242,5.803e-69,0.331
FW_TWAS_rep_1,GCA_963695105.1,CAVOGC010000023.1,pfkA,87,1.02e-19,0.25
FW_TWAS_rep_1,GCA_963695105.1,CAVOGC010000056.1,frhB,42,6.196e-7,0.416
FW_TWAS_rep_1,GCA_963695105.1,CAVOGC010000009.1,fadD,130,1.064e-32,0.311
FW_TWAS_rep_1,GCA_963695105.1,CAVOGC010000012.1,lipase,78,3.49e-17,0.258
FW_TWAS_rep_1,GCA_963695105.1,CAVOGC010000016.1,etfA,88,2.493e-20,0.346
FW_TWAS_rep_1,GCA_963695105.1,CAVOGC010000055.1,endopeptidase,188,4.806e-54,0.395
FW_TWAS_rep_1,GCA_963695105.1,CAVOGC010000003.1,lctD,79,5.193e-19,0.33
FW_TWAS_rep_1,GCA_963695105.1,CAVOGC010000008.1,crt,143,2.021e-36,0.408
FW_TWAS_rep_1,GCA_963695105.1,CAVOGC010000016.1,fadB,96,1.104e-22,0.35
FW_TWAS_rep_1,GCA_963695105.1,CAVOGC010000008.1,sucC,374,4.021e-117,0.523
FW_TWAS_rep_1,GCA_963695105.1,CAVOGC010000003.1,rnfB,220,1.083e-67,0.642
FW_TWAS_rep_1,GCA_963695105.1,CAVOGC010000055.1,acylglycerol_lipase,49,1.205e-8,0.268
FW_TWAS_rep_1,GCA_963695105.1,CAVOGC010000019.1,fadD,175,3.934e-47,0.305
FW_TWAS_rep_1,GCA_963695105.1,CAVOGC010000048.1,fadE,225,6.449e-64,0.369
FW_TWAS_rep_1,GCA_963695105.1,CAVOGC010000021.1,agl,295,8.273e-88,0.418
FW_TWAS_rep_1,GCA_963695105.1,CAVOGC010000030.1,hydA,45,4.089e-7,0.42
FW_TWAS_rep_1,GCA_963695105.1,CAVOGC010000048.1,folD,326,2.235e-102,0.592
FW_TWAS_rep_1,GCA_963695105.1,CAVOGC010000001.1,acylglycerol_lipase,45,3.299e-7,0.346
FW_TWAS_rep_1,GCA_963695105.1,CAVOGC010000020.1,sucC,374,4.021e-117,0.523
FW_TWAS_rep_1,GCA_963695105.1,CAVOGC010000022.1,acylglycerol_lipase,85,9.398e-22,0.38
FW_TWAS_rep_1,GCA_963695105.1,CAVOGC010000055.1,fadE,303,5.161e-93,0.481
FW_TWAS_rep_1,GCA_963695105.1,CAVOGC010000003.1,lctC,432,1.271e-136,0.554
FW_TWAS_rep_1,GCA_963695105.1,CAVOGC010000029.1,fadB,100,6.667e-25,0.289
FW_TWAS_rep_1,GCA_963695105.1,CAVOGC010000040.1,cazy_GH13,79,3.047e-17,0.273
FW_TWAS_rep_1,GCA_963695105.1,CAVOGC010000021.1,cazy_GH13,166,9.105e-45,0.335
FW_TWAS_rep_1,GCA_963695105.1,CAVOGC010000008.1,fadA,250,2.247e-73,0.411
FW_TWAS_rep_1,GCA_963695105.1,CAVOGC010000055.1,extracellular_protease,181,3.903e-48,0.365
FW_TWAS_rep_1,GCA_963695105.1,CAVOGC010000008.1,fadB,425,4.38e-126,0.372
FW_TWAS_rep_1,GCA_963695105.1,CAVOGC010000010.1,adh,63,6.223e-13,0.283
FW_TWAS_rep_1,GCA_963695105.1,CAVOGC010000025.1,acs,189,1.093e-52,0.296
FW_TWAS_rep_1,GCA_963695105.1,CAVOGC010000008.1,etfA,118,9.808e-29,0.369
FW_TWAS_rep_1,GCA_963695105.1,CAVOGC010000008.1,hbd,219,1.216e-59,0.435
FW_TWAS_rep_1,GCA_963695105.1,CAVOGC010000005.1,crt,65,1.037e-12,0.333
FW_TWAS_rep_1,GCA_963695105.1,CAVOGC010000011.1,mvhA,220,5.64e-65,0.413
FW_TWAS_rep_1,GCA_963695105.1,CAVOGC010000011.1,dppA,74,1.189e-15,0.226
FW_TWAS_rep_1,GCA_044227805.1,JBGAWA010000079.1,frhB,42,1.071e-6,0.306
FW_TWAS_rep_1,GCA_044227805.1,JBGAWA010000004.1,pepD,66,4.721e-14,0.262
FW_TWAS_rep_1,GCA_044227805.1,JBGAWA010000040.1,lysophospholipase,45,4.592e-7,0.241
FW_TWAS_rep_1,GCA_044227805.1,JBGAWA010000124.1,crt,281,1.157e-87,0.586
FW_TWAS_rep_1,GCA_044227805.1,JBGAWA010000089.1,agl,98,2.045e-23,0.294
FW_TWAS_rep_1,GCA_044227805.1,JBGAWA010000059.1,etfA,163,7.31e-47,0.453
FW_TWAS_rep_1,GCA_044227805.1,JBGAWA010000051.1,hbd,171,3.201e-51,0.537
FW_TWAS_rep_1,GCA_044227805.1,JBGAWA010000061.1,fadE,205,1.549e-58,0.359
FW_TWAS_rep_1,GCA_044227805.1,JBGAWA010000164.1,oppB,158,5.993e-43,0.298
FW_TWAS_rep_1,GCA_044227805.1,JBGAWA010000026.1,extracellular_protease,123,6.092e-31,0.441
FW_TWAS_rep_1,GCA_044227805.1,JBGAWA010000081.1,susC,46,2.66e-7,0.25
FW_TWAS_rep_1,GCA_044227805.1,JBGAWA010000003.1,susC,104,1.775e-24,0.355
FW_TWAS_rep_1,GCA_044227805.1,JBGAWA010000006.1,cazy_GH13,85,1.267e-18,0.294
FW_TWAS_rep_1,GCA_044227805.1,JBGAWA010000122.1,susC,62,6.653e-13,0.341
FW_TWAS_rep_1,GCA_044227805.1,JBGAWA010000027.1,extracellular_protease,48,3.034e-8,0.329
FW_TWAS_rep_1,GCA_044227805.1,JBGAWA010000011.1,agl,56,1.786e-10,0.262
FW_TWAS_rep_1,GCA_044227805.1,JBGAWA010000025.1,thl,296,2.011e-90,0.459
FW_TWAS_rep_1,GCA_044227805.1,JBGAWA010000033.1,sucD,326,2.015e-102,0.566
FW_TWAS_rep_1,GCA_044227805.1,JBGAWA010000145.1,susD,69,2.511e-14,0.268
FW_TWAS_rep_1,GCA_044227805.1,JBGAWA010000039.1,lctC,43,5.055e-7,0.472
FW_TWAS_rep_1,GCA_044227805.1,JBGAWA010000022.1,folD,325,5.057e-102,0.58
FW_TWAS_rep_1,GCA_044227805.1,JBGAWA010000110.1,mmcE,684,1.331e-221,0.649
FW_TWAS_rep_1,GCA_044227805.1,JBGAWA010000164.1,dppC,137,3.667e-36,0.308
FW_TWAS_rep_1,GCA_044227805.1,JBGAWA010000002.1,rnfB,42,3.802e-7,0.372
FW_TWAS_rep_1,GCA_044227805.1,JBGAWA010000162.1,fwdA,46,3.989e-7,0.4
FW_TWAS_rep_1,GCA_044227805.1,JBGAWA010000154.1,fadA,253,1.646e-75,0.389
FW_TWAS_rep_1,GCA_044227805.1,JBGAWA010000034.1,susC,641,8.192e-199,0.386
FW_TWAS_rep_1,GCA_044227805.1,JBGAWA010000025.1,hbd,138,7.361e-35,0.258
FW_TWAS_rep_1,GCA_044227805.1,JBGAWA010000088.1,sucD,99,6.054e-24,0.426
FW_TWAS_rep_1,GCA_044227805.1,JBGAWA010000038.1,fhs,572,9.284e-183,0.53
FW_TWAS_rep_1,GCA_044227805.1,JBGAWA010000007.1,extracellular_protease,146,5.217e-38,0.317
FW_TWAS_rep_1,GCA_044227805.1,JBGAWA010000078.1,crt,163,7.055e-47,0.395
FW_TWAS_rep_1,GCA_044227805.1,JBGAWA010000058.1,mmcE,300,1.915e-84,0.372
FW_TWAS_rep_1,GCA_044227805.1,JBGAWA010000010.1,pepD,50,6.56e-9,0.272
FW_TWAS_rep_1,GCA_044227805.1,JBGAWA010000074.1,fadE,269,5.054e-81,0.422
FW_TWAS_rep_1,GCA_044227805.1,JBGAWA010000154.1,thl,426,5.334e-135,0.582
FW_TWAS_rep_1,GCA_044227805.1,JBGAWA010000025.1,bcd,255,8.387e-74,0.386
FW_TWAS_rep_1,GCA_044227805.1,JBGAWA010000004.1,susD,118,1.718e-29,0.313
FW_TWAS_rep_1,GCA_044227805.1,JBGAWA010000004.1,agl,167,4.637e-45,0.31
FW_TWAS_rep_1,GCA_044227805.1,JBGAWA010000145.1,susC,207,1.825e-58,0.327
FW_TWAS_rep_1,GCA_044227805.1,JBGAWA010000121.1,bcd,370,4.53e-116,0.504
FW_TWAS_rep_1,GCA_044227805.1,JBGAWA010000024.1,extracellular_protease,73,1.821e-15,0.367
FW_TWAS_rep_1,GCA_044227805.1,JBGAWA010000016.1,etfB,147,1.452e-41,0.39
FW_TWAS_rep_1,GCA_044227805.1,JBGAWA010000019.1,mdh,273,5.231e-84,0.464
FW_TWAS_rep_1,GCA_044227805.1,JBGAWA010000002.1,hbd,250,3.385e-76,0.475
FW_TWAS_rep_1,GCA_044227805.1,JBGAWA010000102.1,rnfB,43,1.964e-6,0.38
FW_TWAS_rep_1,GCA_044227805.1,JBGAWA010000107.1,cazy_GH13,60,2.511e-11,0.25
FW_TWAS_rep_1,GCA_044227805.1,JBGAWA010000090.1,susC,106,3.038e-25,0.339
FW_TWAS_rep_1,GCA_044227805.1,JBGAWA010000016.1,adh,53,8.212e-10,0.269
FW_TWAS_rep_1,GCA_044227805.1,JBGAWA010000088.1,sucC,365,3.799e-114,0.488
FW_TWAS_rep_1,GCA_044227805.1,JBGAWA010000058.1,pta,173,1.066e-47,0.349
FW_TWAS_rep_1,GCA_044227805.1,JBGAWA010000002.1,hydA,43,2.075e-7,0.296
FW_TWAS_rep_1,GCA_044227805.1,JBGAWA010000007.1,pepN,123,1.065e-30,0.282
FW_TWAS_rep_1,GCA_044227805.1,JBGAWA010000002.1,fadB,172,1.818e-49,0.361
FW_TWAS_rep_1,GCA_044227805.1,JBGAWA010000034.1,dtpT,307,1.239e-91,0.367
FW_TWAS_rep_1,GCA_044227805.1,JBGAWA010000149.1,agl,74,1.263e-15,0.255
FW_TWAS_rep_1,GCA_044227805.1,JBGAWA010000025.1,fadE,228,7.864e-65,0.39
FW_TWAS_rep_1,GCA_044227805.1,JBGAWA010000016.1,ilvE,277,2.202e-84,0.438
FW_TWAS_rep_1,GCA_044227805.1,JBGAWA010000004.1,susC,716,7.128e-225,0.436
FW_TWAS_rep_1,GCA_044227805.1,JBGAWA010000011.1,cazy_GH13,86,1.118e-19,0.281
FW_TWAS_rep_1,GCA_044227805.1,JBGAWA010000070.1,endopeptidase,44,2.168e-6,0.337
FW_TWAS_rep_1,GCA_044227805.1,JBGAWA010000007.1,pfkA,261,2.424e-79,0.454
FW_TWAS_rep_1,GCA_044227805.1,JBGAWA010000089.1,cazy_GH13,107,2.735e-26,0.297
FW_TWAS_rep_1,GCA_044227805.1,JBGAWA010000103.1,pepN,99,3.431e-23,0.24
FW_TWAS_rep_1,GCA_044227805.1,JBGAWA010000048.1,susC,437,5.194e-135,0.408
FW_TWAS_rep_1,GCA_044227805.1,JBGAWA010000009.1,acs,49,6.202e-8,0.24
FW_TWAS_rep_1,GCA_044227805.1,JBGAWA010000043.1,pepA,311,6.963e-96,0.464
FW_TWAS_rep_1,GCA_044227805.1,JBGAWA010000002.1,susC,571,2.147e-176,0.386
FW_TWAS_rep_1,GCA_044227805.1,JBGAWA010000008.1,gdh,495,1.828e-157,0.545
FW_TWAS_rep_1,GCA_044227805.1,JBGAWA010000007.1,pepT,233,1.402e-68,0.389
FW_TWAS_rep_1,GCA_044227805.1,JBGAWA010000011.1,hydA,41,3.837e-7,0.297
FW_TWAS_rep_1,GCA_044227805.1,JBGAWA010000014.1,pgi,131,9.79e-38,0.531
FW_TWAS_rep_1,GCA_044227805.1,JBGAWA010000018.1,gdh,44,1.136e-6,0.328
FW_TWAS_rep_1,GCA_044227805.1,JBGAWA010000016.1,lysophospholipase,42,2.571e-6,0.22
FW_TWAS_rep_1,GCA_044227805.1,JBGAWA010000088.1,pepO,600,3.202e-190,0.449
FW_TWAS_rep_1,GCA_044227805.1,JBGAWA010000076.1,pepN,50,3.228e-8,0.252
FW_TWAS_rep_1,GCA_044227805.1,JBGAWA010000172.1,thl,192,1.424e-56,0.441
FW_TWAS_rep_1,GCA_044227805.1,JBGAWA010000015.1,susC,302,1.408e-86,0.285
FW_TWAS_rep_1,GCA_044227805.1,JBGAWA010000054.1,mvhA,446,1.516e-140,0.461
FW_TWAS_rep_1,GCA_044227805.1,JBGAWA010000014.1,susC,58,1.328e-10,0.32
FW_TWAS_rep_1,GCA_044227805.1,JBGAWA010000002.1,mmcG,100,4.019e-27,0.428
FW_TWAS_rep_1,GCA_044227805.1,JBGAWA010000078.1,etfA,91,2.017e-22,0.315
FW_TWAS_rep_1,GCA_044227805.1,JBGAWA010000061.1,bcd,233,5.008e-68,0.357
FW_TWAS_rep_1,GCA_044227805.1,JBGAWA010000119.1,cat,257,4.514e-80,0.59
FW_TWAS_rep_1,GCA_044227805.1,JBGAWA010000172.1,fadA,184,5.391e-54,0.447
FW_TWAS_rep_1,GCA_044227805.1,JBGAWA010000019.1,endopeptidase,44,1.175e-6,0.319
FW_TWAS_rep_1,GCA_044227805.1,JBGAWA010000059.1,fadB,137,6.207e-38,0.381
FW_TWAS_rep_1,GCA_044227805.1,JBGAWA010000039.1,lctD,72,1.242e-16,0.38
FW_TWAS_rep_1,GCA_044227805.1,JBGAWA010000011.1,pfor,1420,0.0,0.606
FW_TWAS_rep_1,GCA_044227805.1,JBGAWA010000151.1,pepQ,145,1.125e-38,0.299
FW_TWAS_rep_1,GCA_044227805.1,JBGAWA010000054.1,fdhA,51,6.671e-9,0.298
FW_TWAS_rep_1,GCA_044227805.1,JBGAWA010000079.1,frhG,46,2.996e-8,0.384
FW_TWAS_rep_1,GCA_044227805.1,JBGAWA010000168.1,pepN,140,4.918e-36,0.29
FW_TWAS_rep_1,GCA_044227805.1,JBGAWA010000059.1,mmcF,171,1.103e-51,0.621
FW_TWAS_rep_1,GCA_044227805.1,JBGAWA010000012.1,hbd,130,4.381e-38,0.603
FW_TWAS_rep_1,GCA_044227805.1,JBGAWA010000102.1,fwdA,49,4.315e-9,0.421
FW_TWAS_rep_1,GCA_044227805.1,JBGAWA010000092.1,dppA,67,1.811e-13,0.227
FW_TWAS_rep_1,GCA_044227805.1,JBGAWA010000037.1,pfkA,49,1.368e-8,0.254
FW_TWAS_rep_1,GCA_044227805.1,JBGAWA010000005.1,hbd,69,4.379e-15,0.368
FW_TWAS_rep_1,GCA_044227805.1,JBGAWA010000164.1,dppB,126,4.873e-36,0.459
FW_TWAS_rep_1,GCA_044227805.1,JBGAWA010000058.1,mmcF,77,4.358e-16,0.313
FW_TWAS_rep_1,GCA_044227805.1,JBGAWA010000051.1,fadB,128,2.62e-36,0.429
FW_TWAS_rep_1,GCA_044227805.1,JBGAWA010000011.1,rnfB,45,9.029e-7,0.403
FW_TWAS_rep_1,GCA_044227805.1,JBGAWA010000065.1,pyk,50,8.059e-11,0.457
FW_TWAS_rep_1,GCA_044227805.1,JBGAWA010000054.1,hydA,85,2.534e-19,0.248
FW_TWAS_rep_1,GCA_044227805.1,JBGAWA010000004.1,cazy_GH13,204,1.999e-57,0.395
FW_TWAS_rep_1,GCA_044227805.1,JBGAWA010000012.1,fadB,64,3.665e-15,0.393
FW_TWAS_rep_1,GCA_044227805.1,JBGAWA010000009.1,fadD,316,6.246e-94,0.356
FW_TWAS_rep_1,GCA_044227805.1,JBGAWA010000149.1,cazy_GH13,121,4.91e-30,0.273
FW_TWAS_rep_1,GCA_044227805.1,JBGAWA010000025.1,fadA,353,3.931e-110,0.524
FW_TWAS_rep_1,GCA_044227805.1,JBGAWA010000094.1,susC,327,2.14e-93,0.278
FW_TWAS_rep_1,GCA_044227805.1,JBGAWA010000054.1,frhG,87,6.065e-20,0.356
FW_TWAS_rep_1,GCA_044227805.1,JBGAWA010000005.1,pepO,560,2.694e-176,0.455
FW_TWAS_rep_1,GCA_044227805.1,JBGAWA010000108.1,acs,761,5.175e-246,0.591
FW_TWAS_rep_1,GCA_044227805.1,JBGAWA010000059.1,crt,209,6.649e-63,0.48
FW_TWAS_rep_1,GCA_044227805.1,JBGAWA010000005.1,pepN,216,6.69e-59,0.317
FW_TWAS_rep_1,GCA_044227805.1,JBGAWA010000002.1,susD,176,5.998e-49,0.364
FW_TWAS_rep_1,GCA_044227805.1,JBGAWA010000016.1,etfA,158,3.059e-47,0.609
FW_TWAS_rep_1,GCA_044227805.1,JBGAWA010000048.1,glcP,183,7.438e-51,0.324
FW_TWAS_rep_1,GCA_044227805.1,JBGAWA010000011.1,frhB,47,2.257e-7,0.416
FW_TWAS_rep_1,GCA_044227805.1,JBGAWA010000074.1,bcd,367,7.614e-115,0.515
FW_TWAS_rep_1,GCA_044227805.1,JBGAWA010000051.1,pepN,125,5.981e-31,0.266
FW_TWAS_rep_1,GCA_044227805.1,JBGAWA010000092.1,oppA,119,1.752e-29,0.252
FW_TWAS_rep_1,GCA_044227805.1,JBGAWA010000108.1,fadD,124,4.199e-31,0.269
FW_TWAS_rep_1,GCA_044227805.1,JBGAWA010000065.1,fdhA,98,1.37e-25,0.36
FW_TWAS_rep_1,GCA_044227805.1,JBGAWA010000034.1,adhE,57,1.038e-10,0.243
FW_TWAS_rep_1,GCA_044227805.1,JBGAWA010000045.1,gdh,614,2.23e-199,0.68
FW_TWAS_rep_1,GCA_044227805.1,JBGAWA010000160.1,pepN,115,3.095e-28,0.255
FW_TWAS_rep_1,GCA_044227805.1,JBGAWA010000025.1,fadB,137,9.729e-35,0.319
FW_TWAS_rep_1,GCA_044227805.1,JBGAWA010000053.1,pyk,334,2.866e-104,0.504
FW_TWAS_rep_1,GCA_044227805.1,JBGAWA010000118.1,crt,139,1.207e-38,0.338
FW_TWAS_rep_1,GCA_044227805.1,JBGAWA010000027.1,susC,57,2.656e-10,0.24
FW_TWAS_rep_1,GCA_044227805.1,JBGAWA010000171.1,tdcB,167,3.116e-49,0.497
FW_TWAS_rep_1,GCA_044227805.1,JBGAWA010000085.1,lctC,374,8.396e-118,0.5
FW_TWAS_rep_1,GCA_044227805.1,JBGAWA010000061.1,cazy_GH43,59,3.43e-11,0.261
FW_TWAS_rep_1,GCA_044227805.1,JBGAWA010000121.1,fadE,260,3.511e-78,0.41
FW_TWAS_rep_1,GCA_044227805.1,JBGAWA010000068.1,frhA,95,7.894e-23,0.255
FW_TWAS_rep_1,GCA_044227805.1,JBGAWA010000096.1,pepO,627,1.923e-199,0.482
FW_TWAS_rep_1,GCA_044227805.1,JBGAWA010000054.1,mvhG,127,5.289e-33,0.385
FW_TWAS_rep_1,GCA_044227805.1,JBGAWA010000036.1,gdh,135,1.276e-35,0.329
FW_TWAS_rep_1,GCA_044227805.1,JBGAWA010000047.1,lctB,243,1.232e-74,0.463
FW_TWAS_rep_1,GCA_044227805.1,JBGAWA010000068.1,hydA,49,1.91e-9,0.366
FW_TWAS_rep_1,GCA_044227805.1,JBGAWA010000054.1,frhA,142,1.845e-37,0.276
FW_TWAS_rep_1,GCA_044227805.1,JBGAWA010000048.1,susD,254,1.719e-74,0.402
FW_TWAS_rep_1,GCA_044227805.1,JBGAWA010000079.1,mvhG,42,1.374e-6,0.454
FW_TWAS_rep_1,GCA_044227805.1,JBGAWA010000124.1,fadB,126,3.048e-34,0.4
FW_TWAS_rep_1,GCA_044227805.1,JBGAWA010000002.1,adh,43,7.535e-7,0.291
FW_TWAS_rep_1,GCA_044227805.1,JBGAWA010000095.1,susC,61,2.777e-11,0.219
FW_TWAS_rep_1,GCA_044227805.1,JBGAWA010000078.1,endopeptidase,41,8.981e-6,0.25
FW_TWAS_rep_1,GCA_044227805.1,JBGAWA010000124.1,etfA,141,1.699e-39,0.4
FW_TWAS_rep_1,GCA_044227805.1,JBGAWA010000033.1,adh,79,1.517e-18,0.293
FW_TWAS_rep_1,GCA_044227805.1,JBGAWA010000034.1,susD,167,1.916e-45,0.314
FW_TWAS_rep_1,GCA_044227805.1,JBGAWA010000002.1,mvhG,50,1.343e-9,0.321
FW_TWAS_rep_1,GCA_963814475.1,CAWFDA010000034.1,fadA,340,8.218e-106,0.489
FW_TWAS_rep_1,GCA_963814475.1,CAWFDA010000034.1,gdh,466,7.82e-148,0.517
FW_TWAS_rep_1,GCA_963814475.1,CAWFDA010000024.1,acs,85,2.47e-19,0.228
FW_TWAS_rep_1,GCA_963814475.1,CAWFDA010000049.1,sucD,54,1.678e-10,0.272
FW_TWAS_rep_1,GCA_963814475.1,CAWFDA010000001.1,fadE,201,6.439e-58,0.344
FW_TWAS_rep_1,GCA_963814475.1,CAWFDA010000034.1,fadB,126,3.026e-31,0.338
FW_TWAS_rep_1,GCA_963814475.1,CAWFDA010000034.1,pfkA,259,6.626e-79,0.487
FW_TWAS_rep_1,GCA_963814475.1,CAWFDA010000013.1,pepQ,84,5.766e-19,0.288
FW_TWAS_rep_1,GCA_963814475.1,CAWFDA010000046.1,adh,63,3.689e-13,0.284
FW_TWAS_rep_1,GCA_963814475.1,CAWFDA010000034.1,frhB,42,6.559e-6,0.318
FW_TWAS_rep_1,GCA_963814475.1,CAWFDA010000044.1,susC,102,5.583e-24,0.288
FW_TWAS_rep_1,GCA_963814475.1,CAWFDA010000051.1,extracellular_protease,55,1.024e-10,0.361
FW_TWAS_rep_1,GCA_963814475.1,CAWFDA010000034.1,hbd,124,1.217e-30,0.242
FW_TWAS_rep_1,GCA_963814475.1,CAWFDA010000046.1,crt,170,4.208e-49,0.393
FW_TWAS_rep_1,GCA_963814475.1,CAWFDA010000044.1,hydA,40,3.403e-6,0.284
FW_TWAS_rep_1,GCA_963814475.1,CAWFDA010000046.1,thl,322,8.176e-99,0.462
FW_TWAS_rep_1,GCA_963814475.1,CAWFDA010000049.1,hbd,309,1.522e-96,0.53
FW_TWAS_rep_1,GCA_963814475.1,CAWFDA010000037.1,gdh,461,2.375e-146,0.534
FW_TWAS_rep_1,GCA_963814475.1,CAWFDA010000025.1,susC,71,2.106e-14,0.268
FW_TWAS_rep_1,GCA_963814475.1,CAWFDA010000044.1,pfor,40,3.679e-6,0.287
FW_TWAS_rep_1,GCA_963814475.1,CAWFDA010000044.1,extracellular_protease,140,2.055e-35,0.347
FW_TWAS_rep_1,GCA_963814475.1,CAWFDA010000013.1,adh,55,1.08e-10,0.288
FW_TWAS_rep_1,GCA_963814475.1,CAWFDA010000034.1,bcd,207,6.219e-61,0.411
FW_TWAS_rep_1,GCA_963814475.1,CAWFDA010000044.1,gdh,59,3.222e-11,0.509
FW_TWAS_rep_1,GCA_963814475.1,CAWFDA010000046.1,dppC,153,2.969e-41,0.336
FW_TWAS_rep_1,GCA_963814475.1,CAWFDA010000048.1,etfB,154,3.127e-44,0.37
FW_TWAS_rep_1,GCA_963814475.1,CAWFDA010000048.1,etfA,205,2.397e-60,0.395
FW_TWAS_rep_1,GCA_963814475.1,CAWFDA010000044.1,mvhG,46,2.528e-7,0.288
FW_TWAS_rep_1,GCA_963814475.1,CAWFDA010000034.1,acs,119,1.152e-28,0.252
FW_TWAS_rep_1,GCA_963814475.1,CAWFDA010000034.1,extracellular_protease,53,4.889e-9,0.302
FW_TWAS_rep_1,GCA_963814475.1,CAWFDA010000023.1,pfkA,49,1.368e-8,0.26
FW_TWAS_rep_1,GCA_963814475.1,CAWFDA010000051.1,susC,74,3.386e-15,0.293
FW_TWAS_rep_1,GCA_963814475.1,CAWFDA010000013.1,pepO,559,3.29e-176,0.441
FW_TWAS_rep_1,GCA_963814475.1,CAWFDA010000037.1,pepN,104,1.77e-24,0.25
FW_TWAS_rep_1,GCA_963814475.1,CAWFDA010000031.1,lctB,207,2.926e-62,0.414
FW_TWAS_rep_1,GCA_963814475.1,CAWFDA010000001.1,pyk,350,1.507e-107,0.425
FW_TWAS_rep_1,GCA_963814475.1,CAWFDA010000046.1,sucC,201,9.078e-62,0.662
FW_TWAS_rep_1,GCA_963814475.1,CAWFDA010000034.1,fadE,165,1.216e-46,0.367
FW_TWAS_rep_1,GCA_963814475.1,CAWFDA010000018.1,pepN,99,1.681e-23,0.245
FW_TWAS_rep_1,GCA_963814475.1,CAWFDA010000046.1,fadB,162,5.203e-45,0.307
FW_TWAS_rep_1,GCA_963814475.1,CAWFDA010000044.1,mmcE,687,3.513e-223,0.648
FW_TWAS_rep_1,GCA_963814475.1,CAWFDA010000046.1,pepN,74,2.557e-15,0.232
FW_TWAS_rep_1,GCA_963814475.1,CAWFDA010000015.1,pepQ,154,2e-41,0.326
FW_TWAS_rep_1,GCA_963814475.1,CAWFDA010000001.1,susC,46,6.288e-9,0.433
FW_TWAS_rep_1,GCA_963814475.1,CAWFDA010000034.1,mmcF,77,1.594e-16,0.321
FW_TWAS_rep_1,GCA_963814475.1,CAWFDA010000046.1,acylglycerol_lipase,53,1.344e-9,0.243
FW_TWAS_rep_1,GCA_963814475.1,CAWFDA010000044.1,tdcB,61,9.554e-12,0.247
FW_TWAS_rep_1,GCA_963814475.1,CAWFDA010000031.1,bcd,369,9.033e-116,0.477
FW_TWAS_rep_1,GCA_963814475.1,CAWFDA010000034.1,dppB,60,9.71e-12,0.282
FW_TWAS_rep_1,GCA_963814475.1,CAWFDA010000029.1,phospholipase,201,1.82e-59,0.408
FW_TWAS_rep_1,GCA_963814475.1,CAWFDA010000034.1,fadD,322,1.78e-96,0.381
FW_TWAS_rep_1,GCA_963814475.1,CAWFDA010000007.1,susC,68,1.503e-13,0.286
FW_TWAS_rep_1,GCA_963814475.1,CAWFDA010000046.1,dppA,201,2.661e-56,0.28
FW_TWAS_rep_1,GCA_963814475.1,CAWFDA010000034.1,oppB,204,6.147e-59,0.477
FW_TWAS_rep_1,GCA_963814475.1,CAWFDA010000001.1,cat,263,1.175e-80,0.622
FW_TWAS_rep_1,GCA_963814475.1,CAWFDA010000024.1,fadE,185,7.428e-53,0.309
FW_TWAS_rep_1,GCA_963814475.1,CAWFDA010000024.1,bcd,194,8.344e-56,0.341
FW_TWAS_rep_1,GCA_963814475.1,CAWFDA010000046.1,oppB,196,8.92e-57,0.359
FW_TWAS_rep_1,GCA_963814475.1,CAWFDA010000045.1,mdh,301,2.246e-93,0.519
FW_TWAS_rep_1,GCA_963814475.1,CAWFDA010000001.1,pepN,110,5.005e-27,0.295
FW_TWAS_rep_1,GCA_963814475.1,CAWFDA010000046.1,oppA,188,4.013e-52,0.292
FW_TWAS_rep_1,GCA_963814475.1,CAWFDA010000044.1,frhB,42,8.235e-7,0.306
FW_TWAS_rep_1,GCA_963814475.1,CAWFDA010000031.1,fadE,271,3.443e-82,0.423
FW_TWAS_rep_1,GCA_963814475.1,CAWFDA010000024.1,fadD,85,2.47e-19,0.247
FW_TWAS_rep_1,GCA_963814475.1,CAWFDA010000046.1,dppB,239,1.683e-71,0.401
FW_TWAS_rep_1,GCA_963814475.1,CAWFDA010000049.1,fadB,187,1.686e-54,0.387
FW_TWAS_rep_1,GCA_963814475.1,CAWFDA010000023.1,mmcG,105,7.478e-28,0.414
FW_TWAS_rep_1,GCA_963814475.1,CAWFDA010000046.1,extracellular_protease,141,6.173e-37,0.457
FW_TWAS_rep_1,GCA_963814475.1,CAWFDA010000044.1,bgl,323,5.36e-99,0.392
FW_TWAS_rep_1,GCA_963814475.1,CAWFDA010000011.1,endopeptidase,56,2.831e-10,0.344
FW_TWAS_rep_1,GCA_963814475.1,CAWFDA010000034.1,susC,72,8.798e-15,0.258
FW_TWAS_rep_1,GCA_963814475.1,CAWFDA010000046.1,dtpT,300,1.538e-89,0.37
FW_TWAS_rep_1,GCA_963814475.1,CAWFDA010000031.1,gdh,79,1.651e-17,0.249
FW_TWAS_rep_1,GCA_963814475.1,CAWFDA010000034.1,thl,267,2.011e-80,0.414
FW_TWAS_rep_1,GCA_963814475.1,CAWFDA010000046.1,hbd,269,2.588e-81,0.412
FW_TWAS_rep_1,GCA_963814475.1,CAWFDA010000044.1,dtpT,223,2.654e-66,0.42
FW_TWAS_rep_1,GCA_963814475.1,CAWFDA010000050.1,adh,65,1.015e-13,0.266
FW_TWAS_rep_1,GCA_963814475.1,CAWFDA010000023.1,lctC,316,2.284e-96,0.381
FW_TWAS_rep_1,GCA_963814475.1,CAWFDA010000013.1,susC,62,4.341e-13,0.288
FW_TWAS_rep_1,GCA_963814475.1,CAWFDA010000007.1,lysophospholipase,42,2.147e-6,0.272
FW_TWAS_rep_1,GCA_963814475.1,CAWFDA010000046.1,fadA,336,1.065e-103,0.474
FW_TWAS_rep_1,GCA_963814475.1,CAWFDA010000018.1,pepD,503,5.248e-160,0.51
FW_TWAS_rep_1,GCA_963814475.1,CAWFDA010000018.1,thl,41,6.938e-6,0.447
FW_TWAS_rep_1,GCA_963814475.1,CAWFDA010000046.1,susC,66,4.929e-13,0.31
FW_TWAS_rep_1,GCA_963814475.1,CAWFDA010000046.1,folD,310,6.866e-97,0.576
FW_TWAS_rep_1,GCA_963814475.1,CAWFDA010000046.1,sucD,353,6.516e-112,0.597
FW_TWAS_rep_1,GCA_963814475.1,CAWFDA010000007.1,adh,67,1.286e-14,0.288
FW_TWAS_rep_1,GCA_963814475.1,CAWFDA010000001.1,bcd,242,6.609e-72,0.368
FW_TWAS_rep_1,GCA_963814475.1,CAWFDA010000044.1,frhG,45,6.501e-8,0.258
FW_TWAS_rep_1,GCA_963814475.1,CAWFDA010000034.1,mmcE,244,2.658e-71,0.415
FW_TWAS_rep_1,GCA_963814475.1,CAWFDA010000013.1,pepA,126,1.696e-36,0.605
FW_TWAS_rep_1,GCA_963814475.1,CAWFDA010000034.1,dppC,188,1.378e-53,0.438
FW_TWAS_rep_1,GCA_963814475.1,CAWFDA010000013.1,pepN,189,1.517e-50,0.306
FW_TWAS_rep_1,GCA_036839835.1,DAITDP010000005.1,pepD,46,8.462e-8,0.283
FW_TWAS_rep_1,GCA_036839835.1,DAITDP010000001.1,pyk,308,2.843e-93,0.399
FW_TWAS_rep_1,GCA_036839835.1,DAITDP010000020.1,folD,186,1.354e-54,0.389
FW_TWAS_rep_1,GCA_036839835.1,DAITDP010000006.1,gapA,308,2.459e-95,0.47
FW_TWAS_rep_1,GCA_036839835.1,DAITDP010000001.1,pepQ,106,3.232e-26,0.298
FW_TWAS_rep_1,GCA_036839835.1,DAITDP010000002.1,bgl,180,1.262e-50,0.322
FW_TWAS_rep_1,GCA_036839835.1,DAITDP010000003.1,crt,40,7.342e-6,0.337
FW_TWAS_rep_1,GCA_036839835.1,DAITDP010000013.1,pepQ,81,5.029e-19,0.321
FW_TWAS_rep_1,GCA_036839835.1,DAITDP010000001.1,dppA,108,2.934e-26,0.25
FW_TWAS_rep_1,GCA_036839835.1,DAITDP010000014.1,pepN,198,4.421e-56,0.333
FW_TWAS_rep_1,GCA_036839835.1,DAITDP010000001.1,oppA,103,1.508e-24,0.257
FW_TWAS_rep_1,GCA_036839835.1,DAITDP010000001.1,glcP,47,1.582e-7,0.258
FW_TWAS_rep_1,GCA_963748985.1,CAVVKQ010000020.1,gapA,444,1.387e-142,0.648
FW_TWAS_rep_1,GCA_963748985.1,CAVVKQ010000001.1,etfA,138,3.796e-38,0.426
FW_TWAS_rep_1,GCA_963748985.1,CAVVKQ010000002.1,etfA,101,5.561e-25,0.33
FW_TWAS_rep_1,GCA_963748985.1,CAVVKQ010000002.1,bcd,258,2.025e-73,0.403
FW_TWAS_rep_1,GCA_963748985.1,CAVVKQ010000001.1,thl,269,1.307e-79,0.443
FW_TWAS_rep_1,GCA_963748985.1,CAVVKQ010000010.1,dppB,290,9.149e-90,0.508
FW_TWAS_rep_1,GCA_963748985.1,CAVVKQ010000023.1,frhB,49,1.694e-8,0.367
FW_TWAS_rep_1,GCA_963748985.1,CAVVKQ010000013.1,acs,262,2.507e-75,0.305
FW_TWAS_rep_1,GCA_963748985.1,CAVVKQ010000015.1,fadE,112,4.262e-27,0.294
FW_TWAS_rep_1,GCA_963748985.1,CAVVKQ010000010.1,hbd,191,1.045e-51,0.429
FW_TWAS_rep_1,GCA_963748985.1,CAVVKQ010000021.1,etfA,73,6.109e-16,0.404
FW_TWAS_rep_1,GCA_963748985.1,CAVVKQ010000012.1,adhE,198,8.382e-57,0.39
FW_TWAS_rep_1,GCA_963748985.1,CAVVKQ010000021.1,crt,125,4.869e-33,0.37
FW_TWAS_rep_1,GCA_963748985.1,CAVVKQ010000026.1,tdcB,78,6.072e-17,0.314
FW_TWAS_rep_1,GCA_963748985.1,CAVVKQ010000010.1,fadB,374,8.227e-112,0.363
FW_TWAS_rep_1,GCA_963748985.1,CAVVKQ010000013.1,fadA,327,1.734e-99,0.508
FW_TWAS_rep_1,GCA_963748985.1,CAVVKQ010000015.1,mdh,182,4.009e-52,0.43
FW_TWAS_rep_1,GCA_963748985.1,CAVVKQ010000015.1,glcP,191,6.304e-54,0.346
FW_TWAS_rep_1,GCA_963748985.1,CAVVKQ010000020.1,pfkA,61,8.97e-12,0.25
FW_TWAS_rep_1,GCA_963748985.1,CAVVKQ010000007.1,dppA,290,1.226e-85,0.332
FW_TWAS_rep_1,GCA_963748985.1,CAVVKQ010000010.1,fadD,224,1.03e-63,0.333
FW_TWAS_rep_1,GCA_963748985.1,CAVVKQ010000020.1,pyk,354,2.587e-108,0.436
FW_TWAS_rep_1,GCA_963748985.1,CAVVKQ010000026.1,bcd,212,1.586e-61,0.343
FW_TWAS_rep_1,GCA_963748985.1,CAVVKQ010000004.1,acs,834,1.439e-270,0.617
FW_TWAS_rep_1,GCA_963748985.1,CAVVKQ010000019.1,hydA,71,3.572e-15,0.241
FW_TWAS_rep_1,GCA_963748985.1,CAVVKQ010000002.1,crt,156,2.458e-43,0.379
FW_TWAS_rep_1,GCA_963748985.1,CAVVKQ010000001.1,crt,163,6.165e-47,0.409
FW_TWAS_rep_1,GCA_963748985.1,CAVVKQ010000001.1,fadE,335,6.089e-104,0.454
FW_TWAS_rep_1,GCA_963748985.1,CAVVKQ010000015.1,eda,193,4.436e-58,0.549
FW_TWAS_rep_1,GCA_963748985.1,CAVVKQ010000002.1,fadE,252,2.409e-71,0.457
FW_TWAS_rep_1,GCA_963748985.1,CAVVKQ010000001.1,pyk,140,6.147e-36,0.42
FW_TWAS_rep_1,GCA_963748985.1,CAVVKQ010000013.1,thl,374,1.036e-116,0.563
FW_TWAS_rep_1,GCA_963748985.1,CAVVKQ010000015.1,pfkA,46,1.554e-7,0.271
FW_TWAS_rep_1,GCA_963748985.1,CAVVKQ010000019.1,mvhG,128,1.115e-35,0.425
FW_TWAS_rep_1,GCA_963748985.1,CAVVKQ010000001.1,dtpT,322,1.133e-97,0.419
FW_TWAS_rep_1,GCA_963748985.1,CAVVKQ010000012.1,fadD,204,1.842e-57,0.318
FW_TWAS_rep_1,GCA_963748985.1,CAVVKQ010000001.1,fadD,218,1.665e-61,0.332
FW_TWAS_rep_1,GCA_963748985.1,CAVVKQ010000024.1,frhG,42,3.604e-6,0.258
FW_TWAS_rep_1,GCA_963748985.1,CAVVKQ010000020.1,etfA,64,2.259e-13,0.271
FW_TWAS_rep_1,GCA_963748985.1,CAVVKQ010000021.1,fadB,82,5.542e-19,0.381
FW_TWAS_rep_1,GCA_963748985.1,CAVVKQ010000026.1,crt,50,5.049e-9,0.417
FW_TWAS_rep_1,GCA_963748985.1,CAVVKQ010000013.1,fadE,134,6.929e-34,0.32
FW_TWAS_rep_1,GCA_963748985.1,CAVVKQ010000006.1,rnfB,46,1.025e-7,0.367
FW_TWAS_rep_1,GCA_963748985.1,CAVVKQ010000020.1,fadE,264,1.661e-79,0.456
FW_TWAS_rep_1,GCA_963748985.1,CAVVKQ010000013.1,mmcE,298,9.172e-84,0.363
FW_TWAS_rep_1,GCA_963748985.1,CAVVKQ010000010.1,frhG,47,1.39e-8,0.333
FW_TWAS_rep_1,GCA_963748985.1,CAVVKQ010000022.1,bcd,145,1.265e-37,0.327
FW_TWAS_rep_1,GCA_963748985.1,CAVVKQ010000003.1,sucC,366,7.558e-115,0.525
FW_TWAS_rep_1,GCA_963748985.1,CAVVKQ010000005.1,pgi,559,2.311e-178,0.549
FW_TWAS_rep_1,GCA_963748985.1,CAVVKQ010000010.1,acs,155,3.656e-41,0.3
FW_TWAS_rep_1,GCA_963748985.1,CAVVKQ010000015.1,bcd,135,4.29e-34,0.305
FW_TWAS_rep_1,GCA_963748985.1,CAVVKQ010000019.1,fdhA,48,4.906e-8,0.433
FW_TWAS_rep_1,GCA_963748985.1,CAVVKQ010000008.1,adhE,56,3.24e-10,0.231
FW_TWAS_rep_1,GCA_963748985.1,CAVVKQ010000003.1,acs,110,1.147e-26,0.261
FW_TWAS_rep_1,GCA_963748985.1,CAVVKQ010000015.1,fadD,133,6.627e-35,0.456
FW_TWAS_rep_1,GCA_963748985.1,CAVVKQ010000025.1,dtpT,421,2.006e-131,0.483
FW_TWAS_rep_1,GCA_963748985.1,CAVVKQ010000011.1,pepQ,169,2.659e-46,0.327
FW_TWAS_rep_1,GCA_963748985.1,CAVVKQ010000001.1,acylglycerol_lipase,226,2.468e-68,0.442
FW_TWAS_rep_1,GCA_963748985.1,CAVVKQ010000023.1,pfor,42,8.324e-6,0.329
FW_TWAS_rep_1,GCA_963748985.1,CAVVKQ010000014.1,cazy_GH13,74,1.935e-15,0.269
FW_TWAS_rep_1,GCA_963748985.1,CAVVKQ010000010.1,oppB,309,2.609e-96,0.545
FW_TWAS_rep_1,GCA_963748985.1,CAVVKQ010000015.1,acs,83,8.236e-19,0.279
FW_TWAS_rep_1,GCA_963748985.1,CAVVKQ010000003.1,sucD,397,3.628e-126,0.67
FW_TWAS_rep_1,GCA_963748985.1,CAVVKQ010000008.1,fadA,218,5.45e-63,0.374
FW_TWAS_rep_1,GCA_963748985.1,CAVVKQ010000008.1,thl,214,6.394e-62,0.376
FW_TWAS_rep_1,GCA_963748985.1,CAVVKQ010000015.1,agl,105,3.265e-25,0.272
FW_TWAS_rep_1,GCA_963748985.1,CAVVKQ010000012.1,hydA,93,1.134e-21,0.297
FW_TWAS_rep_1,GCA_963748985.1,CAVVKQ010000011.1,fadE,93,1.763e-21,0.276
FW_TWAS_rep_1,GCA_963748985.1,CAVVKQ010000001.1,tdcB,69,1.03e-14,0.27
FW_TWAS_rep_1,GCA_963748985.1,CAVVKQ010000003.1,etfA,82,1.738e-19,0.285
FW_TWAS_rep_1,GCA_963748985.1,CAVVKQ010000004.1,pepO,768,1.58e-246,0.559
FW_TWAS_rep_1,GCA_963748985.1,CAVVKQ010000007.1,oppA,375,1.677e-114,0.395
FW_TWAS_rep_1,GCA_963748985.1,CAVVKQ010000001.1,lctB,66,1.144e-12,0.254
FW_TWAS_rep_1,GCA_963748985.1,CAVVKQ010000001.1,mvhD,49,8.119e-8,0.282
FW_TWAS_rep_1,GCA_963748985.1,CAVVKQ010000012.1,acs,168,1.419e-45,0.28
FW_TWAS_rep_1,GCA_963748985.1,CAVVKQ010000020.1,fadB,87,1.041e-19,0.302
FW_TWAS_rep_1,GCA_963748985.1,CAVVKQ010000002.1,pepD,51,6.129e-9,0.264
FW_TWAS_rep_1,GCA_963748985.1,CAVVKQ010000001.1,lysophospholipase,78,6.171e-18,0.285
FW_TWAS_rep_1,GCA_963748985.1,CAVVKQ010000012.1,mvhA,109,2.305e-26,0.231
FW_TWAS_rep_1,GCA_963748985.1,CAVVKQ010000003.1,fadB,442,1.76e-135,0.392
FW_TWAS_rep_1,GCA_963748985.1,CAVVKQ010000019.1,frhG,88,8.64e-22,0.327
FW_TWAS_rep_1,GCA_963748985.1,CAVVKQ010000003.1,fadA,276,1.798e-83,0.47
FW_TWAS_rep_1,GCA_963748985.1,CAVVKQ010000013.1,bcd,107,1.323e-25,0.268
FW_TWAS_rep_1,GCA_963748985.1,CAVVKQ010000022.1,acs,130,3.788e-33,0.267
FW_TWAS_rep_1,GCA_963748985.1,CAVVKQ010000010.1,crt,118,5.255e-29,0.396
FW_TWAS_rep_1,GCA_963748985.1,CAVVKQ010000026.1,extracellular_protease,69,9.615e-14,0.321
FW_TWAS_rep_1,GCA_963748985.1,CAVVKQ010000002.1,frhB,42,3.59e-6,0.423
FW_TWAS_rep_1,GCA_963748985.1,CAVVKQ010000014.1,agl,76,1.372e-16,0.239
FW_TWAS_rep_1,GCA_963748985.1,CAVVKQ010000011.1,pta,235,8.524e-67,0.494
FW_TWAS_rep_1,GCA_963748985.1,CAVVKQ010000001.1,frhG,42,8.886e-6,0.363
FW_TWAS_rep_1,GCA_963748985.1,CAVVKQ010000022.1,fadD,130,6.706e-33,0.281
FW_TWAS_rep_1,GCA_963748985.1,CAVVKQ010000001.1,fadB,856,3.329e-277,0.605
FW_TWAS_rep_1,GCA_963748985.1,CAVVKQ010000022.1,fadE,236,1.597e-67,0.419
FW_TWAS_rep_1,GCA_963748985.1,CAVVKQ010000001.1,acs,156,3.138e-41,0.295
FW_TWAS_rep_1,GCA_963748985.1,CAVVKQ010000001.1,bcd,235,1.712e-69,0.364
FW_TWAS_rep_1,GCA_963748985.1,CAVVKQ010000013.1,fadD,74,1.037e-15,0.252
FW_TWAS_rep_1,GCA_963748985.1,CAVVKQ010000003.1,fadD,198,1.342e-54,0.336
FW_TWAS_rep_1,GCA_963748985.1,CAVVKQ010000024.1,fdhA,191,2.038e-51,0.254
FW_TWAS_rep_1,GCA_963748985.1,CAVVKQ010000027.1,pepA,282,2.331e-84,0.425
FW_TWAS_rep_1,GCA_963748985.1,CAVVKQ010000015.1,cazy_GH13,136,6.672e-35,0.335
FW_TWAS_rep_1,GCA_963748985.1,CAVVKQ010000011.1,fumB,258,9.886e-76,0.373
FW_TWAS_rep_1,GCA_963748985.1,CAVVKQ010000001.1,mmcF,96,1.264e-25,0.479
FW_TWAS_rep_1,GCA_963748985.1,CAVVKQ010000026.1,fadE,175,4.309e-49,0.336
FW_TWAS_rep_1,GCA_963748985.1,CAVVKQ010000001.1,adhE,128,2.122e-33,0.277
FW_TWAS_rep_1,GCA_963748985.1,CAVVKQ010000012.1,fadE,385,3.656e-120,0.524
FW_TWAS_rep_1,GCA_963748985.1,CAVVKQ010000026.1,pepD,51,6.129e-9,0.26
FW_TWAS_rep_1,GCA_963748985.1,CAVVKQ010000002.1,rnfB,49,3.151e-8,0.409
FW_TWAS_rep_1,GCA_963748985.1,CAVVKQ010000011.1,adhE,54,1.311e-9,0.247
FW_TWAS_rep_1,GCA_963748985.1,CAVVKQ010000020.1,hbd,119,5.644e-30,0.367
FW_TWAS_rep_1,GCA_963748985.1,CAVVKQ010000023.1,cdhC,41,6.113e-6,0.446
FW_TWAS_rep_1,GCA_963748985.1,CAVVKQ010000020.1,crt,121,1.322e-32,0.324
FW_TWAS_rep_1,GCA_963748985.1,CAVVKQ010000002.1,fadB,97,8.136e-24,0.314
FW_TWAS_rep_1,GCA_963748985.1,CAVVKQ010000022.1,mer,55,4.261e-10,0.245
FW_TWAS_rep_1,GCA_963748985.1,CAVVKQ010000027.1,edd,220,2.195e-62,0.335
FW_TWAS_rep_1,GCA_963748985.1,CAVVKQ010000016.1,sucC,366,7.558e-115,0.522
FW_TWAS_rep_1,GCA_963748985.1,CAVVKQ010000003.1,crt,171,1.577e-49,0.411
FW_TWAS_rep_1,GCA_963748985.1,CAVVKQ010000010.1,dppC,241,5.095e-73,0.459
FW_TWAS_rep_1,GCA_963748985.1,CAVVKQ010000011.1,ilvE,82,7.717e-19,0.311
FW_TWAS_rep_1,GCA_963748985.1,CAVVKQ010000013.1,gdh,1536,0.0,0.527
FW_TWAS_rep_1,GCA_963748985.1,CAVVKQ010000005.1,pepQ,55,1.26e-10,0.268
FW_TWAS_rep_1,GCA_963748985.1,CAVVKQ010000003.1,thl,234,5.118e-69,0.431
FW_TWAS_rep_1,GCA_963748985.1,CAVVKQ010000016.1,sucD,396,9.474e-126,0.666
FW_TWAS_rep_1,GCA_963748985.1,CAVVKQ010000012.1,bcd,233,5.65e-68,0.359
FW_TWAS_rep_1,GCA_963748985.1,CAVVKQ010000002.1,hydA,45,6.753e-7,0.364
FW_TWAS_rep_1,GCA_963748985.1,CAVVKQ010000001.1,mmcE,341,2.044e-103,0.385
FW_TWAS_rep_1,GCA_963748985.1,CAVVKQ010000010.1,etfA,105,5.103e-25,0.413
FW_TWAS_rep_1,GCA_963748985.1,CAVVKQ010000003.1,hbd,215,1.982e-59,0.435
FW_TWAS_rep_1,GCA_963748985.1,CAVVKQ010000023.1,pepA,229,9.547e-66,0.367
FW_TWAS_rep_1,GCA_963748985.1,CAVVKQ010000001.1,fadA,353,1.867e-108,0.524
FW_TWAS_rep_1,GCA_963748985.1,CAVVKQ010000011.1,aldh,55,5.688e-10,0.241
FW_TWAS_rep_1,GCA_963748985.1,CAVVKQ010000001.1,hbd,202,4.603e-55,0.409
FW_TWAS_rep_1,GCA_963748985.1,CAVVKQ010000020.1,bcd,242,6.219e-72,0.374
FW_TWAS_rep_1,GCA_963748985.1,CAVVKQ010000019.1,frhA,141,4.734e-37,0.283
FW_TWAS_rep_1,GCA_963748985.1,CAVVKQ010000012.1,pfor,66,9.514e-14,0.303
FW_TWAS_rep_1,GCA_963748985.1,CAVVKQ010000012.1,frhG,47,9.4e-8,0.292
FW_TWAS_rep_1,GCA_963748985.1,CAVVKQ010000012.1,frhB,41,2.028e-6,0.295
FW_TWAS_rep_1,GCA_963748985.1,CAVVKQ010000019.1,mvhA,420,2.64e-131,0.431
FW_TWAS_rep_1,GCA_963748985.1,CAVVKQ010000012.1,fdhA,46,2.493e-7,0.305
FW_TWAS_rep_1,GCA_963748985.1,CAVVKQ010000008.1,dtpT,47,3.918e-7,0.294
FW_TWAS_rep_1,GCA_963748985.1,CAVVKQ010000015.1,edd,794,2.498e-258,0.671
FW_TWAS_rep_1,GCA_963748985.1,CAVVKQ010000012.1,frhA,101,4.805e-24,0.229
FW_TWAS_rep_1,GCA_963748985.1,CAVVKQ010000013.1,adh,58,1.971e-11,0.293
FW_TWAS_rep_1,GCA_963748985.1,CAVVKQ010000004.1,fadD,136,1.123e-34,0.284
FW_TWAS_rep_1,GCA_963748985.1,CAVVKQ010000024.1,hydA,84,1.564e-18,0.286
FW_TWAS_rep_1,GCA_963748985.1,CAVVKQ010000023.1,rnfB,182,1.19e-51,0.592
FW_TWAS_rep_1,GCA_964404795.1,CAYOLI010000003.1,pyk,334,2.489e-102,0.428
FW_TWAS_rep_1,GCA_964404795.1,CAYOLI010000002.1,bgl,186,1.134e-52,0.291
FW_TWAS_rep_1,GCA_964404795.1,CAYOLI010000005.1,pepN,178,3.897e-47,0.332
FW_TWAS_rep_1,GCA_964404795.1,CAYOLI010000003.1,oppA,109,1.748e-26,0.249
FW_TWAS_rep_1,GCA_964404795.1,CAYOLI010000003.1,folD,190,4.047e-56,0.392
FW_TWAS_rep_1,GCA_964404795.1,CAYOLI010000003.1,dppA,79,2.289e-17,0.249
FW_TWAS_rep_1,GCA_964404795.1,CAYOLI010000003.1,pepQ,79,1.177e-17,0.321
FW_TWAS_rep_1,GCA_964404795.1,CAYOLI010000005.1,gapA,300,6.881e-93,0.468
FW_TWAS_rep_1,GCA_964404795.1,CAYOLI010000007.1,pepQ,75,5.646e-17,0.28
FW_TWAS_rep_1,GCA_022843165.1,JALHOD010000001.1,oppB,233,1.123e-69,0.439
FW_TWAS_rep_1,GCA_022843165.1,JALHOD010000008.1,cat,83,1.458e-19,0.312
FW_TWAS_rep_1,GCA_022843165.1,JALHOD010000016.1,prdB,115,6.348e-29,0.344
FW_TWAS_rep_1,GCA_022843165.1,JALHOD010000001.1,bcd,224,5.688e-65,0.413
FW_TWAS_rep_1,GCA_022843165.1,JALHOD010000007.1,edd,231,9.199e-66,0.317
FW_TWAS_rep_1,GCA_022843165.1,JALHOD010000018.1,fadE,254,1.206e-75,0.38
FW_TWAS_rep_1,GCA_022843165.1,JALHOD010000025.1,etfB,313,6.427e-98,0.68
FW_TWAS_rep_1,GCA_022843165.1,JALHOD010000001.1,rnfB,46,3.199e-7,0.344
FW_TWAS_rep_1,GCA_022843165.1,JALHOD010000001.1,pfor,45,8.479e-7,0.266
FW_TWAS_rep_1,GCA_022843165.1,JALHOD010000008.1,aldh,60,1.949e-11,0.228
FW_TWAS_rep_1,GCA_022843165.1,JALHOD010000008.1,sucD,298,3.281e-92,0.539
FW_TWAS_rep_1,GCA_022843165.1,JALHOD010000001.1,acylglycerol_lipase,50,5.049e-9,0.328
FW_TWAS_rep_1,GCA_022843165.1,JALHOD010000002.1,fadE,102,3.884e-24,0.264
FW_TWAS_rep_1,GCA_022843165.1,JALHOD010000001.1,dppC,222,2.287e-62,0.459
FW_TWAS_rep_1,GCA_022843165.1,JALHOD010000023.1,pta,144,9.224e-37,0.32
FW_TWAS_rep_1,GCA_022843165.1,JALHOD010000025.1,hbd,286,2.287e-88,0.518
FW_TWAS_rep_1,GCA_022843165.1,JALHOD010000017.1,extracellular_protease,187,5.876e-52,0.412
FW_TWAS_rep_1,GCA_022843165.1,JALHOD010000001.1,crt,150,8.381e-41,0.377
FW_TWAS_rep_1,GCA_022843165.1,JALHOD010000010.1,crt,165,1.332e-46,0.391
FW_TWAS_rep_1,GCA_022843165.1,JALHOD010000001.1,pgi,83,9.279e-19,0.305
FW_TWAS_rep_1,GCA_022843165.1,JALHOD010000018.1,bcd,310,5.308e-95,0.423
FW_TWAS_rep_1,GCA_022843165.1,JALHOD010000001.1,lctC,46,2.974e-7,0.302
FW_TWAS_rep_1,GCA_022843165.1,JALHOD010000010.1,hbd,227,2.468e-63,0.368
FW_TWAS_rep_1,GCA_022843165.1,JALHOD010000001.1,dppA,136,9.731e-35,0.267
FW_TWAS_rep_1,GCA_022843165.1,JALHOD010000021.1,etfA,82,6.388e-19,0.295
FW_TWAS_rep_1,GCA_022843165.1,JALHOD010000002.1,dppA,139,6.077e-36,0.308
FW_TWAS_rep_1,GCA_022843165.1,JALHOD010000021.1,mmcG,182,1.015e-55,0.669
FW_TWAS_rep_1,GCA_022843165.1,JALHOD010000003.1,tdcB,99,3.177e-27,0.474
FW_TWAS_rep_1,GCA_022843165.1,JALHOD010000009.1,crt,118,2.189e-31,0.336
FW_TWAS_rep_1,GCA_022843165.1,JALHOD010000002.1,hbd,218,2.483e-60,0.357
FW_TWAS_rep_1,GCA_022843165.1,JALHOD010000004.1,gapA,332,1.944e-103,0.525
FW_TWAS_rep_1,GCA_022843165.1,JALHOD010000011.1,pepA,386,3.07e-119,0.451
FW_TWAS_rep_1,GCA_022843165.1,JALHOD010000008.1,acs,427,6.594e-132,0.448
FW_TWAS_rep_1,GCA_022843165.1,JALHOD010000003.1,sucC,397,3.151e-125,0.516
FW_TWAS_rep_1,GCA_022843165.1,JALHOD010000010.1,etfA,91,7.711e-21,0.402
FW_TWAS_rep_1,GCA_022843165.1,JALHOD010000001.1,frhG,44,1.474e-6,0.345
FW_TWAS_rep_1,GCA_022843165.1,JALHOD010000008.1,crt,123,6.265e-33,0.329
FW_TWAS_rep_1,GCA_022843165.1,JALHOD010000008.1,bcd,265,1.987e-78,0.399
FW_TWAS_rep_1,GCA_022843165.1,JALHOD010000001.1,hydA,85,7.637e-19,0.236
FW_TWAS_rep_1,GCA_022843165.1,JALHOD010000022.1,fumB,733,1.562e-238,0.654
FW_TWAS_rep_1,GCA_022843165.1,JALHOD010000008.1,fadE,210,7.019e-60,0.39
FW_TWAS_rep_1,GCA_022843165.1,JALHOD010000006.1,acs,126,8.622e-32,0.264
FW_TWAS_rep_1,GCA_022843165.1,JALHOD010000007.1,crt,87,2.423e-20,0.304
FW_TWAS_rep_1,GCA_022843165.1,JALHOD010000004.1,acylglycerol_lipase,47,1.085e-7,0.318
FW_TWAS_rep_1,GCA_022843165.1,JALHOD010000021.1,frhB,42,1.305e-6,0.365
FW_TWAS_rep_1,GCA_022843165.1,JALHOD010000001.1,pfkA,351,5.878e-111,0.584
FW_TWAS_rep_1,GCA_022843165.1,JALHOD010000001.1,fhs,756,3.005e-246,0.677
FW_TWAS_rep_1,GCA_022843165.1,JALHOD010000001.1,dppB,296,2.639e-91,0.462
FW_TWAS_rep_1,GCA_022843165.1,JALHOD010000027.1,bcd,94,4.399e-22,0.275
FW_TWAS_rep_1,GCA_022843165.1,JALHOD010000002.1,dppB,243,4.23e-73,0.442
FW_TWAS_rep_1,GCA_022843165.1,JALHOD010000010.1,bcd,141,1.649e-37,0.293
FW_TWAS_rep_1,GCA_022843165.1,JALHOD010000002.1,fadB,410,4.746e-124,0.375
FW_TWAS_rep_1,GCA_022843165.1,JALHOD010000009.1,fadD,113,1.509e-27,0.267
FW_TWAS_rep_1,GCA_022843165.1,JALHOD010000001.1,oppA,114,3.674e-28,0.238
FW_TWAS_rep_1,GCA_022843165.1,JALHOD010000012.1,oppA,70,1.518e-14,0.235
FW_TWAS_rep_1,GCA_022843165.1,JALHOD010000005.1,lysophospholipase,62,4.465e-12,0.261
FW_TWAS_rep_1,GCA_022843165.1,JALHOD010000009.1,acs,54,1.923e-9,0.226
FW_TWAS_rep_1,GCA_022843165.1,JALHOD010000002.1,dppC,212,7.98e-60,0.432
FW_TWAS_rep_1,GCA_022843165.1,JALHOD010000006.1,fadD,141,1.489e-36,0.285
FW_TWAS_rep_1,GCA_022843165.1,JALHOD010000025.1,mmcE,331,1.697e-102,0.443
FW_TWAS_rep_1,GCA_022843165.1,JALHOD010000015.1,adhE,63,3.446e-12,0.226
FW_TWAS_rep_1,GCA_022843165.1,JALHOD010000017.1,fwdA,48,1.42e-7,0.225
FW_TWAS_rep_1,GCA_022843165.1,JALHOD010000001.1,eda,199,5.355e-60,0.579
FW_TWAS_rep_1,GCA_022843165.1,JALHOD010000015.1,oppA,83,1.615e-18,0.266
FW_TWAS_rep_1,GCA_022843165.1,JALHOD010000001.1,ilvE,128,2.155e-33,0.335
FW_TWAS_rep_1,GCA_022843165.1,JALHOD010000012.1,tdcB,91,2.63e-21,0.294
FW_TWAS_rep_1,GCA_022843165.1,JALHOD010000002.1,fadD,234,1.403e-67,0.366
FW_TWAS_rep_1,GCA_022843165.1,JALHOD010000001.1,pepA,276,1.597e-82,0.433
FW_TWAS_rep_1,GCA_022843165.1,JALHOD010000002.1,acs,239,6.712e-68,0.284
FW_TWAS_rep_1,GCA_022843165.1,JALHOD010000019.1,acs,182,1.122e-49,0.279
FW_TWAS_rep_1,GCA_022843165.1,JALHOD010000006.1,hbd,184,9.623e-53,0.415
FW_TWAS_rep_1,GCA_022843165.1,JALHOD010000002.1,etfA,93,2.183e-21,0.351
FW_TWAS_rep_1,GCA_022843165.1,JALHOD010000003.1,edd,225,7.063e-64,0.332
FW_TWAS_rep_1,GCA_022843165.1,JALHOD010000021.1,hydA,46,3.772e-8,0.345
FW_TWAS_rep_1,GCA_022843165.1,JALHOD010000009.1,cat,45,2.515e-7,0.262
FW_TWAS_rep_1,GCA_022843165.1,JALHOD010000001.1,fadB,109,7.921e-28,0.297
FW_TWAS_rep_1,GCA_022843165.1,JALHOD010000007.1,tdcB,318,3.619e-97,0.489
FW_TWAS_rep_1,GCA_022843165.1,JALHOD010000003.1,mdh,301,6.135e-93,0.515
FW_TWAS_rep_1,GCA_022843165.1,JALHOD010000011.1,fdhA,190,1.35e-50,0.269
FW_TWAS_rep_1,GCA_022843165.1,JALHOD010000008.1,fadB,85,5.195e-20,0.29
FW_TWAS_rep_1,GCA_022843165.1,JALHOD010000013.1,pfor,51,1.555e-8,0.223
FW_TWAS_rep_1,GCA_022843165.1,JALHOD010000001.1,lctB,105,1.283e-25,0.29
FW_TWAS_rep_1,GCA_022843165.1,JALHOD010000003.1,fadD,142,5.832e-36,0.298
FW_TWAS_rep_1,GCA_022843165.1,JALHOD010000009.1,fadB,86,1.246e-20,0.36
FW_TWAS_rep_1,GCA_022843165.1,JALHOD010000025.1,etfA,325,1.27e-101,0.629
FW_TWAS_rep_1,GCA_022843165.1,JALHOD010000002.1,oppB,198,6.276e-58,0.386
FW_TWAS_rep_1,GCA_022843165.1,JALHOD010000004.1,acs,525,1.194e-164,0.448
FW_TWAS_rep_1,GCA_022843165.1,JALHOD010000017.1,mmcF,106,1.989e-25,0.487
FW_TWAS_rep_1,GCA_022843165.1,JALHOD010000006.1,fadB,118,2.45e-30,0.332
FW_TWAS_rep_1,GCA_022843165.1,JALHOD010000017.1,mmcE,497,2.296e-154,0.516
FW_TWAS_rep_1,GCA_022843165.1,JALHOD010000003.1,adh,46,1.129e-7,0.288
FW_TWAS_rep_1,GCA_022843165.1,JALHOD010000009.1,fadE,206,1.167e-59,0.382
FW_TWAS_rep_1,GCA_022843165.1,JALHOD010000021.1,frhG,44,2.228e-7,0.365
FW_TWAS_rep_1,GCA_022843165.1,JALHOD010000008.1,sucC,243,4.234e-72,0.352
FW_TWAS_rep_1,GCA_022843165.1,JALHOD010000002.1,bcd,107,7.656e-26,0.289
FW_TWAS_rep_1,GCA_022843165.1,JALHOD010000033.1,pepQ,229,1.243e-64,0.354
FW_TWAS_rep_1,GCA_022843165.1,JALHOD010000010.1,fadE,235,2.534e-69,0.421
FW_TWAS_rep_1,GCA_022843165.1,JALHOD010000025.1,fadB,170,1.793e-48,0.368
FW_TWAS_rep_1,GCA_022843165.1,JALHOD010000014.1,tdcB,273,4.32e-83,0.5
FW_TWAS_rep_1,GCA_022843165.1,JALHOD010000001.1,fdhA,697,2.618e-219,0.427
FW_TWAS_rep_1,GCA_022843165.1,JALHOD010000001.1,etfA,106,1.883e-26,0.276
FW_TWAS_rep_1,GCA_022843165.1,JALHOD010000001.1,hbd,189,1.37e-54,0.355
FW_TWAS_rep_1,GCA_022843165.1,JALHOD010000019.1,fadD,170,5.976e-46,0.312
FW_TWAS_rep_1,GCA_022843165.1,JALHOD010000001.1,frhB,43,3.38e-6,0.371
FW_TWAS_rep_1,GCA_022843165.1,JALHOD010000017.1,adh,58,4.624e-11,0.25
FW_TWAS_rep_1,GCA_022843165.1,JALHOD010000001.1,fadD,216,2.371e-60,0.348
FW_TWAS_rep_1,GCA_022843165.1,JALHOD010000015.1,aldh,52,6.215e-9,0.269
FW_TWAS_rep_1,GCA_022843165.1,JALHOD010000009.1,glcP,44,1.284e-6,0.296
FW_TWAS_rep_1,GCA_022843165.1,JALHOD010000002.1,oppA,98,3.649e-23,0.254
FW_TWAS_rep_1,GCA_022843165.1,JALHOD010000008.1,fdhA,83,4.07e-18,0.244
FW_TWAS_rep_1,GCA_022843165.1,JALHOD010000026.1,fadD,186,2.854e-51,0.324
FW_TWAS_rep_1,GCA_022843165.1,JALHOD010000004.1,pyk,357,1.224e-109,0.444
FW_TWAS_rep_1,GCA_022843165.1,JALHOD010000009.1,adh,51,2.488e-9,0.315
FW_TWAS_rep_1,GCA_022843165.1,JALHOD010000009.1,bcd,203,1.361e-58,0.354
FW_TWAS_rep_1,GCA_022843165.1,JALHOD010000007.1,fadE,260,2.383e-76,0.419
FW_TWAS_rep_1,GCA_022843165.1,JALHOD010000002.1,thl,264,1.286e-78,0.414
FW_TWAS_rep_1,GCA_022843165.1,JALHOD010000015.1,dppA,65,7.562e-13,0.249
FW_TWAS_rep_1,GCA_022843165.1,JALHOD010000007.1,bcd,268,5.03e-79,0.385
FW_TWAS_rep_1,GCA_022843165.1,JALHOD010000025.1,fadE,259,2.056e-74,0.427
FW_TWAS_rep_1,GCA_022843165.1,JALHOD010000021.1,crt,141,2.352e-38,0.346
FW_TWAS_rep_1,GCA_022843165.1,JALHOD010000005.1,mer,61,3.518e-12,0.235
FW_TWAS_rep_1,GCA_022843165.1,JALHOD010000004.1,lysophospholipase,259,7.77e-79,0.451
FW_TWAS_rep_1,GCA_022843165.1,JALHOD010000009.1,fadA,336,2.327e-103,0.512
FW_TWAS_rep_1,GCA_022843165.1,JALHOD010000003.1,gdh,1332,0.0,0.492
FW_TWAS_rep_1,GCA_022843165.1,JALHOD010000011.1,pta,132,3.114e-33,0.305
FW_TWAS_rep_1,GCA_022843165.1,JALHOD010000005.1,pfkA,299,1.085e-90,0.492
FW_TWAS_rep_1,GCA_022843165.1,JALHOD010000002.1,crt,124,8.405e-31,0.377
FW_TWAS_rep_1,GCA_022843165.1,JALHOD010000002.1,fadA,319,1.564e-97,0.47
FW_TWAS_rep_1,GCA_022843165.1,JALHOD010000004.1,fadD,146,4.225e-38,0.296
FW_TWAS_rep_1,GCA_022843165.1,JALHOD010000025.1,bcd,230,7.24e-65,0.378
FW_TWAS_rep_1,GCA_022843165.1,JALHOD010000026.1,lysophospholipase,79,3.101e-18,0.291
FW_TWAS_rep_1,GCA_022843165.1,JALHOD010000005.1,pepN,418,2.923e-125,0.411
FW_TWAS_rep_1,GCA_022843165.1,JALHOD010000005.1,acylglycerol_lipase,46,9.701e-8,0.318
FW_TWAS_rep_1,GCA_022843165.1,JALHOD010000026.1,acs,283,5.647e-84,0.347
FW_TWAS_rep_1,GCA_022843165.1,JALHOD010000003.1,folD,341,4.061e-107,0.639
FW_TWAS_rep_1,GCA_022843165.1,JALHOD010000012.1,dppA,66,3.219e-13,0.228
FW_TWAS_rep_1,GCA_022843165.1,JALHOD010000007.1,fadD,132,2.209e-33,0.312
FW_TWAS_rep_1,GCA_022843165.1,JALHOD010000003.1,sucD,394,2.013e-122,0.687
FW_TWAS_rep_1,GCA_022843165.1,JALHOD010000010.1,fadB,371,1.76e-111,0.341
FW_TWAS_rep_1,GCA_022843165.1,JALHOD010000001.1,fadE,239,3.362e-70,0.449
FW_TWAS_rep_1,GCA_022843165.1,JALHOD010000007.1,etfA,54,5.271e-10,0.315
FW_TWAS_rep_1,GCA_022843165.1,JALHOD010000008.1,fadD,219,1.89e-61,0.302
FW_TWAS_rep_1,GCA_022843165.1,JALHOD010000016.1,thl,42,4.251e-6,0.233
FW_TWAS_rep_1,GCA_022843165.1,JALHOD010000003.1,acs,837,1.498e-271,0.613
FW_TWAS_rep_1,GCA_022843165.1,JALHOD010000008.1,etfA,72,5.128e-16,0.26
FW_TWAS_rep_1,GCA_022843165.1,JALHOD010000009.1,thl,400,6.438e-126,0.565
FW_TWAS_rep_1,GCA_022843165.1,JALHOD010000021.1,fdhA,91,1.02e-20,0.233
FW_TWAS_rep_1,GCA_022843165.1,JALHOD010000006.1,edd,205,5.173e-57,0.312
FW_TWAS_rep_1,GCA_022843165.1,JALHOD010000001.1,acs,228,5.565e-65,0.322
FW_TWAS_rep_1,GCA_022843165.1,JALHOD010000001.1,lysophospholipase,48,2.824e-8,0.294
FW_TWAS_rep_1,GCA_903917465.1,CAIXAL010000300.1,crt,274,7.655e-85,0.595
FW_TWAS_rep_1,GCA_903917465.1,CAIXAL010000370.1,mer,80,3.473e-18,0.288
FW_TWAS_rep_1,GCA_903917465.1,CAIXAL010000170.1,pfor,53,2.855e-9,0.258
FW_TWAS_rep_1,GCA_903917465.1,CAIXAL010000059.1,fadD,173,3.041e-47,0.301
FW_TWAS_rep_1,GCA_903917465.1,CAIXAL010000085.1,frhA,169,1.797e-46,0.303
FW_TWAS_rep_1,GCA_903917465.1,CAIXAL010000407.1,lysophospholipase,63,1.458e-12,0.267
FW_TWAS_rep_1,GCA_903917465.1,CAIXAL010000275.1,oppA,101,6.148e-24,0.25
FW_TWAS_rep_1,GCA_903917465.1,CAIXAL010000251.1,fadD,108,3.066e-26,0.259
FW_TWAS_rep_1,GCA_903917465.1,CAIXAL010000253.1,etfA,94,1.718e-23,0.328
FW_TWAS_rep_1,GCA_903917465.1,CAIXAL010000207.1,mvhD,187,8.873e-57,0.565
FW_TWAS_rep_1,GCA_903917465.1,CAIXAL010000002.1,fdhA,612,3.002e-193,0.462
FW_TWAS_rep_1,GCA_903917465.1,CAIXAL010000253.1,frhB,42,1.039e-6,0.295
FW_TWAS_rep_1,GCA_903917465.1,CAIXAL010000046.1,xylF,70,9.113e-15,0.273
FW_TWAS_rep_1,GCA_903917465.1,CAIXAL010000317.1,adh,56,8.164e-11,0.275
FW_TWAS_rep_1,GCA_903917465.1,CAIXAL010000139.1,bcd,227,2.172e-68,0.423
FW_TWAS_rep_1,GCA_903917465.1,CAIXAL010000263.1,mer,186,1.587e-53,0.34
FW_TWAS_rep_1,GCA_903917465.1,CAIXAL010000313.1,dppA,44,1.164e-7,0.273
FW_TWAS_rep_1,GCA_903917465.1,CAIXAL010000168.1,oppB,249,2.803e-75,0.441
FW_TWAS_rep_1,GCA_903917465.1,CAIXAL010000066.1,acs,92,4.421e-21,0.242
FW_TWAS_rep_1,GCA_903917465.1,CAIXAL010000085.1,hydA,114,9.685e-28,0.309
FW_TWAS_rep_1,GCA_903917465.1,CAIXAL010000407.1,fadD,213,2.177e-58,0.344
FW_TWAS_rep_1,GCA_903917465.1,CAIXAL010000085.1,fdhA,586,2.667e-187,0.529
FW_TWAS_rep_1,GCA_903917465.1,CAIXAL010000436.1,frhB,47,9.031e-8,0.4
FW_TWAS_rep_1,GCA_903917465.1,CAIXAL010000059.1,acs,192,1.676e-53,0.304
FW_TWAS_rep_1,GCA_903917465.1,CAIXAL010000469.1,pfkA,56,1.673e-10,0.28
FW_TWAS_rep_1,GCA_903917465.1,CAIXAL010000459.1,dppA,158,1.376e-41,0.29
FW_TWAS_rep_1,GCA_903917465.1,CAIXAL010000375.1,dppB,199,8.733e-59,0.381
FW_TWAS_rep_1,GCA_903917465.1,CAIXAL010000252.1,pepQ,76,1.013e-16,0.254
FW_TWAS_rep_1,GCA_903917465.1,CAIXAL010000469.1,eda,167,9.796e-49,0.458
FW_TWAS_rep_1,GCA_903917465.1,CAIXAL010000268.1,acylglycerol_lipase,210,3.71e-62,0.411
FW_TWAS_rep_1,GCA_903917465.1,CAIXAL010000289.1,gapA,317,2.688e-98,0.519
FW_TWAS_rep_1,GCA_903917465.1,CAIXAL010000081.1,adhE,51,4.075e-9,0.252
FW_TWAS_rep_1,GCA_903917465.1,CAIXAL010000305.1,mvhD,42,6.389e-6,0.352
FW_TWAS_rep_1,GCA_903917465.1,CAIXAL010000126.1,lctC,467,1.101e-147,0.543
FW_TWAS_rep_1,GCA_903917465.1,CAIXAL010000166.1,cdhC,398,8.364e-125,0.476
FW_TWAS_rep_1,GCA_903917465.1,CAIXAL010000067.1,frhG,53,1.344e-10,0.288
FW_TWAS_rep_1,GCA_903917465.1,CAIXAL010000292.1,esterase,208,3.438e-58,0.322
FW_TWAS_rep_1,GCA_903917465.1,CAIXAL010000174.1,dppA,129,8.519e-33,0.248
FW_TWAS_rep_1,GCA_903917465.1,CAIXAL010000279.1,lipase,48,1.482e-7,0.289
FW_TWAS_rep_1,GCA_903917465.1,CAIXAL010000010.1,pfkA,235,8.775e-70,0.425
FW_TWAS_rep_1,GCA_903917465.1,CAIXAL010000238.1,gdh,404,4.355e-127,0.485
FW_TWAS_rep_1,GCA_903917465.1,CAIXAL010000060.1,crt,224,4.42e-67,0.501
FW_TWAS_rep_1,GCA_903917465.1,CAIXAL010000109.1,tdcB,66,1.366e-13,0.271
FW_TWAS_rep_1,GCA_903917465.1,CAIXAL010000336.1,etfA,162,6.477e-46,0.367
FW_TWAS_rep_1,GCA_903917465.1,CAIXAL010000376.1,dppC,221,3.131e-66,0.433
FW_TWAS_rep_1,GCA_903917465.1,CAIXAL010000041.1,cat,74,2.252e-16,0.271
FW_TWAS_rep_1,GCA_903917465.1,CAIXAL010000441.1,oppA,137,3.815e-35,0.264
FW_TWAS_rep_1,GCA_903917465.1,CAIXAL010000168.1,dppB,227,2.466e-67,0.396
FW_TWAS_rep_1,GCA_903917465.1,CAIXAL010000066.1,fadA,239,2.79e-70,0.405
FW_TWAS_rep_1,GCA_903917465.1,CAIXAL010000375.1,dppC,216,2.453e-64,0.418
FW_TWAS_rep_1,GCA_903917465.1,CAIXAL010000251.1,mmcE,751,5.552e-244,0.693
FW_TWAS_rep_1,GCA_903917465.1,CAIXAL010000275.1,oppB,256,3.055e-77,0.463
FW_TWAS_rep_1,GCA_903917465.1,CAIXAL010000126.1,lctB,246,1.082e-75,0.504
FW_TWAS_rep_1,GCA_903917465.1,CAIXAL010000467.1,bgl,171,3.332e-47,0.271
FW_TWAS_rep_1,GCA_903917465.1,CAIXAL010000145.1,fadE,180,1.401e-50,0.376
FW_TWAS_rep_1,GCA_903917465.1,CAIXAL010000409.1,oppA,126,1.276e-31,0.283
FW_TWAS_rep_1,GCA_903917465.1,CAIXAL010000346.1,pepT,129,3.376e-34,0.318
FW_TWAS_rep_1,GCA_903917465.1,CAIXAL010000025.1,pfkA,153,1.451e-41,0.336
FW_TWAS_rep_1,GCA_903917465.1,CAIXAL010000168.1,xylB,101,3.679e-24,0.267
FW_TWAS_rep_1,GCA_903917465.1,CAIXAL010000315.1,fdhA,66,5.366e-13,0.209
FW_TWAS_rep_1,GCA_903917465.1,CAIXAL010000408.1,pfor,1508,0.0,0.639
FW_TWAS_rep_1,GCA_903917465.1,CAIXAL010000407.1,acs,144,9.131e-37,0.283
FW_TWAS_rep_1,GCA_903917465.1,CAIXAL010000251.1,acylglycerol_lipase,78,8.031e-18,0.29
FW_TWAS_rep_1,GCA_903917465.1,CAIXAL010000388.1,extracellular_protease,154,5.765e-41,0.359
FW_TWAS_rep_1,GCA_903917465.1,CAIXAL010000091.1,fadE,205,1.59e-59,0.362
FW_TWAS_rep_1,GCA_903917465.1,CAIXAL010000454.1,fdhA,187,3.352e-50,0.288
FW_TWAS_rep_1,GCA_903917465.1,CAIXAL010000145.1,hbd,126,3.017e-31,0.326
FW_TWAS_rep_1,GCA_903917465.1,CAIXAL010000066.1,fadD,275,3.873e-80,0.358
FW_TWAS_rep_1,GCA_903917465.1,CAIXAL010000336.1,fdhA,130,7.179e-34,0.292
FW_TWAS_rep_1,GCA_903917465.1,CAIXAL010000253.1,hydA,89,4.992e-20,0.289
FW_TWAS_rep_1,GCA_903917465.1,CAIXAL010000407.1,acylglycerol_lipase,68,3.617e-14,0.269
FW_TWAS_rep_1,GCA_903917465.1,CAIXAL010000278.1,pfkA,381,2.846e-114,0.573
FW_TWAS_rep_1,GCA_903917465.1,CAIXAL010000145.1,fadA,409,1.848e-129,0.568
FW_TWAS_rep_1,GCA_903917465.1,CAIXAL010000174.1,oppB,252,7.471e-76,0.413
FW_TWAS_rep_1,GCA_903917465.1,CAIXAL010000300.1,cazy_GH13,214,1.123e-60,0.393
FW_TWAS_rep_1,GCA_903917465.1,CAIXAL010000367.1,ilvE,123,1.95e-32,0.323
FW_TWAS_rep_1,GCA_903917465.1,CAIXAL010000095.1,oppA,244,6.252e-71,0.345
FW_TWAS_rep_1,GCA_903917465.1,CAIXAL010000436.1,pfor,1428,0.0,0.613
FW_TWAS_rep_1,GCA_903917465.1,CAIXAL010000272.1,adh,67,6.169e-14,0.244
FW_TWAS_rep_1,GCA_903917465.1,CAIXAL010000459.1,dppB,131,3.54e-34,0.292
FW_TWAS_rep_1,GCA_903917465.1,CAIXAL010000180.1,aldh,485,7.947e-154,0.516
FW_TWAS_rep_1,GCA_903917465.1,CAIXAL010000120.1,frhG,43,2.214e-6,0.37
FW_TWAS_rep_1,GCA_903917465.1,CAIXAL010000002.1,hydA,115,5.31e-30,0.33
FW_TWAS_rep_1,GCA_903917465.1,CAIXAL010000278.1,pepN,192,1.768e-53,0.327
FW_TWAS_rep_1,GCA_903917465.1,CAIXAL010000090.1,lysophospholipase,44,6.244e-7,0.336
FW_TWAS_rep_1,GCA_903917465.1,CAIXAL010000166.1,cdhD,281,1.529e-86,0.463
FW_TWAS_rep_1,GCA_903917465.1,CAIXAL010000387.1,thl,372,6.961e-117,0.583
FW_TWAS_rep_1,GCA_903917465.1,CAIXAL010000145.1,bcd,182,3.037e-51,0.309
FW_TWAS_rep_1,GCA_903917465.1,CAIXAL010000442.1,rnfB,56,5.793e-12,0.393
FW_TWAS_rep_1,GCA_903917465.1,CAIXAL010000459.1,oppB,177,6.496e-51,0.371
FW_TWAS_rep_1,GCA_903917465.1,CAIXAL010000180.1,adhE,347,3.596e-106,0.437
FW_TWAS_rep_1,GCA_903917465.1,CAIXAL010000212.1,dppC,247,5.021e-75,0.465
FW_TWAS_rep_1,GCA_903917465.1,CAIXAL010000059.1,fadB,119,2.967e-31,0.341
FW_TWAS_rep_1,GCA_903917465.1,CAIXAL010000469.1,dppB,134,5.612e-36,0.313
FW_TWAS_rep_1,GCA_903917465.1,CAIXAL010000264.1,cazy_GH13,207,2.716e-58,0.423
FW_TWAS_rep_1,GCA_903917465.1,CAIXAL010000059.1,pepD,414,1.243e-129,0.477
FW_TWAS_rep_1,GCA_903917465.1,CAIXAL010000120.1,pfor,42,5.119e-6,0.321
FW_TWAS_rep_1,GCA_903917465.1,CAIXAL010000409.1,dppB,302,6.062e-93,0.484
FW_TWAS_rep_1,GCA_903917465.1,CAIXAL010000313.1,oppA,55,3.282e-11,0.282
FW_TWAS_rep_1,GCA_903917465.1,CAIXAL010000441.1,dppA,154,1.536e-40,0.263
FW_TWAS_rep_1,GCA_903917465.1,CAIXAL010000282.1,bcd,293,1.869e-90,0.486
FW_TWAS_rep_1,GCA_903917465.1,CAIXAL010000139.1,fadE,202,1.072e-59,0.43
FW_TWAS_rep_1,GCA_903917465.1,CAIXAL010000346.1,mmcF,187,9.689e-57,0.712
FW_TWAS_rep_1,GCA_903917465.1,CAIXAL010000345.1,fadE,59,8.125e-14,0.422
FW_TWAS_rep_1,GCA_903917465.1,CAIXAL010000057.1,xylF,70,2.19e-17,0.413
FW_TWAS_rep_1,GCA_903917465.1,CAIXAL010000060.1,fadA,293,5.011e-89,0.46
FW_TWAS_rep_1,GCA_903917465.1,CAIXAL010000212.1,dppA,253,5.01e-73,0.351
FW_TWAS_rep_1,GCA_903917465.1,CAIXAL010000268.1,pepD,432,1.985e-135,0.501
FW_TWAS_rep_1,GCA_903917465.1,CAIXAL010000059.1,crt,169,3.028e-48,0.36
FW_TWAS_rep_1,GCA_903917465.1,CAIXAL010000060.1,thl,310,1.028e-94,0.464
FW_TWAS_rep_1,GCA_903917465.1,CAIXAL010000145.1,fadB,130,1.862e-32,0.3
FW_TWAS_rep_1,GCA_903917465.1,CAIXAL010000066.1,xylA,108,9.233e-27,0.285
FW_TWAS_rep_1,GCA_903917465.1,CAIXAL010000376.1,dppB,253,4.075e-77,0.426
FW_TWAS_rep_1,GCA_903917465.1,CAIXAL010000168.1,frhB,40,1.781e-7,0.339
FW_TWAS_rep_1,GCA_903917465.1,CAIXAL010000251.1,acs,80,1.453e-17,0.24
FW_TWAS_rep_1,GCA_903917465.1,CAIXAL010000454.1,rnfB,41,7.4e-6,0.381
FW_TWAS_rep_1,GCA_903917465.1,CAIXAL010000139.1,oppA,138,8.759e-36,0.266
FW_TWAS_rep_1,GCA_903917465.1,CAIXAL010000345.1,bcd,59,8.125e-14,0.452
FW_TWAS_rep_1,GCA_903917465.1,CAIXAL010000149.1,lctC,387,2.381e-117,0.379
FW_TWAS_rep_1,GCA_903917465.1,CAIXAL010000316.1,bgl,329,3.5e-101,0.393
FW_TWAS_rep_1,GCA_903917465.1,CAIXAL010000344.1,bcd,107,7.76e-26,0.26
FW_TWAS_rep_1,GCA_903917465.1,CAIXAL010000033.1,edd,258,8.301e-75,0.328
FW_TWAS_rep_1,GCA_903917465.1,CAIXAL010000220.1,fadA,400,3.959e-126,0.575
FW_TWAS_rep_1,GCA_903917465.1,CAIXAL010000409.1,dppC,261,7.146e-80,0.503
FW_TWAS_rep_1,GCA_903917465.1,CAIXAL010000300.1,fadB,116,1.632e-30,0.411
FW_TWAS_rep_1,GCA_903917465.1,CAIXAL010000014.1,acs,192,6.578e-53,0.297
FW_TWAS_rep_1,GCA_903917465.1,CAIXAL010000253.1,crt,145,8.463e-41,0.355
FW_TWAS_rep_1,GCA_903917465.1,CAIXAL010000304.1,ilvE,136,4.404e-37,0.314
FW_TWAS_rep_1,GCA_903917465.1,CAIXAL010000469.1,oppA,72,3.846e-15,0.236
FW_TWAS_rep_1,GCA_903917465.1,CAIXAL010000130.1,folD,327,1.596e-102,0.572
FW_TWAS_rep_1,GCA_903917465.1,CAIXAL010000127.1,gdh,70,1.517e-14,0.809
FW_TWAS_rep_1,GCA_903917465.1,CAIXAL010000212.1,oppB,229,6.552e-69,0.442
FW_TWAS_rep_1,GCA_903917465.1,CAIXAL010000174.1,dppC,212,2.557e-62,0.383
FW_TWAS_rep_1,GCA_903917465.1,CAIXAL010000022.1,mvhA,123,6.178e-31,0.242
FW_TWAS_rep_1,GCA_903917465.1,CAIXAL010000431.1,pepT,104,1.059e-25,0.305
FW_TWAS_rep_1,GCA_903917465.1,CAIXAL010000207.1,frhA,153,9.519e-41,0.275
FW_TWAS_rep_1,GCA_903917465.1,CAIXAL010000188.1,mmcG,57,4.641e-12,0.291
FW_TWAS_rep_1,GCA_903917465.1,CAIXAL010000149.1,lctB,279,7.639e-87,0.575
FW_TWAS_rep_1,GCA_903917465.1,CAIXAL010000259.1,fhs,678,4.166e-217,0.549
FW_TWAS_rep_1,GCA_903917465.1,CAIXAL010000207.1,hydA,51,1.763e-8,0.386
FW_TWAS_rep_1,GCA_903917465.1,CAIXAL010000085.1,rnfB,53,2.809e-9,0.268
FW_TWAS_rep_1,GCA_903917465.1,CAIXAL010000387.1,fadA,269,1.181e-81,0.483
FW_TWAS_rep_1,GCA_903917465.1,CAIXAL010000126.1,lctD,84,4.798e-19,0.335
FW_TWAS_rep_1,GCA_903917465.1,CAIXAL010000402.1,sucD,313,1.387e-97,0.55
FW_TWAS_rep_1,GCA_903917465.1,CAIXAL010000454.1,frhB,48,6.436e-8,0.421
FW_TWAS_rep_1,GCA_903917465.1,CAIXAL010000264.1,agl,198,1.558e-55,0.356
FW_TWAS_rep_1,GCA_903917465.1,CAIXAL010000040.1,mmcG,53,1.049e-10,0.328
FW_TWAS_rep_1,GCA_903917465.1,CAIXAL010000121.1,mmcE,702,2.805e-227,0.652
FW_TWAS_rep_1,GCA_903917465.1,CAIXAL010000316.1,tdcB,78,2.704e-17,0.307
FW_TWAS_rep_1,GCA_903917465.1,CAIXAL010000095.1,dppA,222,1.662e-63,0.3
FW_TWAS_rep_1,GCA_903917465.1,CAIXAL010000085.1,frhB,43,1.458e-6,0.358
FW_TWAS_rep_1,GCA_903917465.1,CAIXAL010000297.1,pfkA,50,7.86e-9,0.351
FW_TWAS_rep_1,GCA_903917465.1,CAIXAL010000359.1,dppA,119,2.87e-30,0.28
FW_TWAS_rep_1,GCA_903917465.1,CAIXAL010000207.1,mvhA,541,1.494e-172,0.555
FW_TWAS_rep_1,GCA_903917465.1,CAIXAL010000366.1,fdhA,244,1.295e-70,0.325
FW_TWAS_rep_1,GCA_903917465.1,CAIXAL010000469.1,dppA,52,7.057e-9,0.237
FW_TWAS_rep_1,GCA_903917465.1,CAIXAL010000344.1,adhE,188,2.759e-53,0.331
FW_TWAS_rep_1,GCA_903917465.1,CAIXAL010000139.1,dppA,139,4.907e-36,0.271
FW_TWAS_rep_1,GCA_903917465.1,CAIXAL010000359.1,oppA,89,1.133e-20,0.283
FW_TWAS_rep_1,GCA_903917465.1,CAIXAL010000402.1,sucC,317,8.918e-98,0.464
FW_TWAS_rep_1,GCA_903917465.1,CAIXAL010000265.1,pepQ,122,1.369e-31,0.377
FW_TWAS_rep_1,GCA_903917465.1,CAIXAL010000253.1,fdhA,117,1.064e-28,0.258
FW_TWAS_rep_1,GCA_903917465.1,CAIXAL010000085.1,mvhA,493,6.863e-157,0.516
FW_TWAS_rep_1,GCA_903917465.1,CAIXAL010000419.1,acs,747,1.073e-241,0.572
FW_TWAS_rep_1,GCA_903917465.1,CAIXAL010000014.1,fadD,229,1.864e-65,0.322
FW_TWAS_rep_1,GCA_903917465.1,CAIXAL010000085.1,frhG,74,2.903e-17,0.298
FW_TWAS_rep_1,GCA_903917465.1,CAIXAL010000416.1,mdh,302,2.051e-93,0.505
FW_TWAS_rep_1,GCA_903917465.1,CAIXAL010000336.1,lctB,61,7.972e-12,0.414
FW_TWAS_rep_1,GCA_903917465.1,CAIXAL010000130.1,sucD,44,1.496e-6,0.243
FW_TWAS_rep_1,GCA_903917465.1,CAIXAL010000273.1,etfB,159,1.117e-44,0.434
FW_TWAS_rep_1,GCA_903917465.1,CAIXAL010000273.1,etfA,190,7.947e-55,0.398
FW_TWAS_rep_1,GCA_903917465.1,CAIXAL010000007.1,acylglycerol_lipase,53,5.352e-10,0.25
FW_TWAS_rep_1,GCA_903917465.1,CAIXAL010000282.1,fadE,268,6.981e-82,0.495
FW_TWAS_rep_1,GCA_903917465.1,CAIXAL010000098.1,acylglycerol_lipase,44,6.173e-7,0.31
FW_TWAS_rep_1,GCA_903917465.1,CAIXAL010000275.1,dppA,160,1.429e-42,0.282
FW_TWAS_rep_1,GCA_903917465.1,CAIXAL010000419.1,fadD,131,4.015e-33,0.268
FW_TWAS_rep_1,GCA_903917465.1,CAIXAL010000168.1,dppA,116,1.372e-28,0.239
FW_TWAS_rep_1,GCA_903917465.1,CAIXAL010000170.1,pyk,387,5.787e-120,0.497
FW_TWAS_rep_1,GCA_903917465.1,CAIXAL010000442.1,frhB,41,7.558e-7,0.317
FW_TWAS_rep_1,GCA_903917465.1,CAIXAL010000060.1,fadB,170,1.402e-48,0.354
FW_TWAS_rep_1,GCA_903917465.1,CAIXAL010000313.1,oppB,248,2.803e-75,0.454
FW_TWAS_rep_1,GCA_903917465.1,CAIXAL010000313.1,dppC,211,8.876e-63,0.409
FW_TWAS_rep_1,GCA_903917465.1,CAIXAL010000469.1,dppC,115,3.437e-30,0.279
FW_TWAS_rep_1,GCA_903917465.1,CAIXAL010000378.1,pta,180,4.347e-48,0.385
FW_TWAS_rep_1,GCA_903917465.1,CAIXAL010000362.1,adh,90,6.733e-22,0.291
FW_TWAS_rep_1,GCA_903917465.1,CAIXAL010000059.1,etfA,117,1.004e-30,0.338
FW_TWAS_rep_1,GCA_903917465.1,CAIXAL010000144.1,agl,259,1.416e-75,0.364
FW_TWAS_rep_1,GCA_903917465.1,CAIXAL010000266.1,ptsG,322,7.952e-100,0.452
FW_TWAS_rep_1,GCA_903917465.1,CAIXAL010000170.1,frhG,47,3.254e-8,0.329
FW_TWAS_rep_1,GCA_903917465.1,CAIXAL010000168.1,oppA,147,2.809e-38,0.265
FW_TWAS_rep_1,GCA_903917465.1,CAIXAL010000168.1,dppC,238,2.412e-71,0.447
FW_TWAS_rep_1,GCA_903917465.1,CAIXAL010000376.1,oppB,244,4.006e-74,0.419
FW_TWAS_rep_1,GCA_903917465.1,CAIXAL010000212.1,oppA,220,7.235e-62,0.319
FW_TWAS_rep_1,GCA_903917465.1,CAIXAL010000375.1,oppB,250,7.059e-76,0.443
FW_TWAS_rep_1,GCA_903917465.1,CAIXAL010000268.1,lysophospholipase,72,1.193e-15,0.271
FW_TWAS_rep_1,GCA_903917465.1,CAIXAL010000313.1,dppB,241,1.017e-72,0.392
FW_TWAS_rep_1,GCA_903917465.1,CAIXAL010000135.1,bcd,432,1.852e-136,0.582
FW_TWAS_rep_1,GCA_903917465.1,CAIXAL010000275.1,dppC,215,1.985e-63,0.395
FW_TWAS_rep_1,GCA_903917465.1,CAIXAL010000469.1,pepD,52,4.323e-9,0.249
FW_TWAS_rep_1,GCA_903917465.1,CAIXAL010000300.1,etfA,124,1.887e-33,0.405
FW_TWAS_rep_1,GCA_903917465.1,CAIXAL010000436.1,frhG,40,8.266e-6,0.354
FW_TWAS_rep_1,GCA_903917465.1,CAIXAL010000336.1,etfB,103,1.784e-26,0.324
FW_TWAS_rep_1,GCA_903917465.1,CAIXAL010000174.1,oppA,127,4.724e-32,0.264
FW_TWAS_rep_1,GCA_903917465.1,CAIXAL010000344.1,fadE,112,2.663e-27,0.265
FW_TWAS_rep_1,GCA_903917465.1,CAIXAL010000300.1,agl,308,3.287e-92,0.419
FW_TWAS_rep_1,GCA_903917465.1,CAIXAL010000170.1,mvhG,40,7.998e-6,0.278
FW_TWAS_rep_1,GCA_903917465.1,CAIXAL010000085.1,mvhG,146,1.18e-41,0.391
FW_TWAS_rep_1,GCA_903917465.1,CAIXAL010000431.1,fadA,58,5.102e-11,0.259
FW_TWAS_rep_1,GCA_903917465.1,CAIXAL010000022.1,frhA,95,4.087e-22,0.236
FW_TWAS_rep_1,GCA_903917465.1,CAIXAL010000144.1,cazy_GH13,183,3.086e-50,0.356
FW_TWAS_rep_1,GCA_903917465.1,CAIXAL010000149.1,lctD,93,2.217e-21,0.415
FW_TWAS_rep_1,GCA_903917465.1,CAIXAL010000212.1,dppB,230,9.296e-69,0.377
FW_TWAS_rep_1,GCA_903917465.1,CAIXAL010000060.1,etfA,168,9.602e-48,0.426
FW_TWAS_rep_1,GCA_903917465.1,CAIXAL010000313.1,xylB,113,6.384e-28,0.264
FW_TWAS_rep_1,GCA_903917465.1,CAIXAL010000251.1,fumB,81,2.865e-19,0.312
FW_TWAS_rep_1,GCA_903917465.1,CAIXAL010000122.1,lysophospholipase,48,3.791e-8,0.377
FW_TWAS_rep_1,GCA_903917465.1,CAIXAL010000428.1,pepA,349,1.283e-107,0.482
FW_TWAS_rep_1,GCA_903917465.1,CAIXAL010000207.1,mvhG,287,2.505e-88,0.444
FW_TWAS_rep_1,GCA_903917465.1,CAIXAL010000436.1,fwdA,62,2.362e-12,0.338
FW_TWAS_rep_1,GCA_903917465.1,CAIXAL010000066.1,thl,290,1.134e-87,0.46
FW_TWAS_rep_1,GCA_903917465.1,CAIXAL010000145.1,thl,321,4.248e-99,0.498
FW_TWAS_rep_1,GCA_903917465.1,CAIXAL010000380.1,pepT,42,3.155e-6,0.235
FW_TWAS_rep_1,GCA_903917465.1,CAIXAL010000091.1,bcd,187,2.326e-53,0.331
FW_TWAS_rep_1,GCA_903917465.1,CAIXAL010000019.1,mmcG,136,4.888e-39,0.438
FW_TWAS_rep_1,GCA_903917465.1,CAIXAL010000409.1,dppA,179,1.383e-48,0.304
FW_TWAS_rep_1,GCA_903917465.1,CAIXAL010000166.1,sucD,55,1.676e-9,0.241
FW_TWAS_rep_1,GCA_903917465.1,CAIXAL010000455.1,lctB,57,3.732e-10,0.28
FW_TWAS_rep_1,GCA_903917465.1,CAIXAL010000207.1,frhG,55,2.003e-10,0.254
FW_TWAS_rep_1,GCA_903917465.1,CAIXAL010000275.1,dppB,238,2.445e-71,0.411
FW_TWAS_rep_1,GCA_903917465.1,CAIXAL010000220.1,thl,364,9.771e-114,0.543
FW_TWAS_rep_1,GCA_903917465.1,CAIXAL010000122.1,pepQ,80,7.691e-19,0.317
FW_TWAS_rep_1,GCA_903917465.1,CAIXAL010000253.1,frhG,42,5.735e-7,0.403
FW_TWAS_rep_1,GCA_903917465.1,CAIXAL010000431.1,thl,62,3.051e-12,0.282
FW_TWAS_rep_1,GCA_903917465.1,CAIXAL010000349.1,pepQ,87,3.654e-20,0.309
FW_TWAS_rep_1,GCA_903917465.1,CAIXAL010000060.1,hbd,306,2.77e-95,0.514
FW_TWAS_rep_1,GCA_903917465.1,CAIXAL010000336.1,rnfB,42,6.02e-6,0.347
FW_TWAS_rep_1,GCA_903917465.1,CAIXAL010000090.1,acylglycerol_lipase,78,1.475e-17,0.274
FW_TWAS_rep_1,GCA_903917465.1,CAIXAL010000135.1,fadE,283,3.775e-85,0.433
FW_TWAS_rep_1,GCA_903917465.1,CAIXAL010000067.1,mvhG,54,5.377e-11,0.243
FW_TWAS_rep_1,GCA_903917465.1,CAIXAL010000459.1,dppC,221,4.48e-66,0.437
FW_TWAS_rep_1,GCA_903917465.1,CAIXAL010000066.1,xylB,154,4.468e-41,0.313
FW_TWAS_rep_1,GCA_903917465.1,CAIXAL010000174.1,dppB,198,1.851e-57,0.365
FW_TWAS_rep_1,GCA_903917465.1,CAIXAL010000469.1,oppB,151,1.458e-41,0.356
FW_TWAS_rep_1,GCA_903917465.1,CAIXAL010000409.1,oppB,209,6.216e-62,0.423
FW_TWAS_rep_1,GCF_049943315.1,NZ_JBNFVP010000007.1,dppA,300,1.49e-89,0.36
FW_TWAS_rep_1,GCF_049943315.1,NZ_JBNFVP010000012.1,pyk,366,1.599e-112,0.471
FW_TWAS_rep_1,GCF_049943315.1,NZ_JBNFVP010000005.1,fdhA,444,2.108e-138,0.436
FW_TWAS_rep_1,GCF_049943315.1,NZ_JBNFVP010000010.1,mdh,160,4.695e-45,0.386
FW_TWAS_rep_1,GCF_049943315.1,NZ_JBNFVP010000020.1,etfA,114,8.207e-28,0.401
FW_TWAS_rep_1,GCF_049943315.1,NZ_JBNFVP010000004.1,frhB,46,6.437e-8,0.383
FW_TWAS_rep_1,GCF_049943315.1,NZ_JBNFVP010000006.1,dtpT,360,1.969e-110,0.419
FW_TWAS_rep_1,GCF_049943315.1,NZ_JBNFVP010000008.1,fdhA,182,1.138e-48,0.274
FW_TWAS_rep_1,GCF_049943315.1,NZ_JBNFVP010000004.1,glcP,204,7.879e-58,0.339
FW_TWAS_rep_1,GCF_049943315.1,NZ_JBNFVP010000020.1,crt,134,9.391e-34,0.362
FW_TWAS_rep_1,GCF_049943315.1,NZ_JBNFVP010000013.1,frhA,101,5.646e-24,0.261
FW_TWAS_rep_1,GCF_049943315.1,NZ_JBNFVP010000017.1,pfkA,259,1.327e-78,0.458
FW_TWAS_rep_1,GCF_049943315.1,NZ_JBNFVP010000005.1,pfkA,47,1.003e-7,0.274
FW_TWAS_rep_1,GCF_049943315.1,NZ_JBNFVP010000007.1,adhE,1095,0.0,0.648
FW_TWAS_rep_1,GCF_049943315.1,NZ_JBNFVP010000010.1,adhE,227,8.912e-67,0.375
FW_TWAS_rep_1,GCF_049943315.1,NZ_JBNFVP010000004.1,fadB,421,2.447e-128,0.371
FW_TWAS_rep_1,GCF_049943315.1,NZ_JBNFVP010000001.1,gapA,497,4.452e-161,0.728
FW_TWAS_rep_1,GCF_049943315.1,NZ_JBNFVP010000001.1,hydA,40,6.146e-6,0.361
FW_TWAS_rep_1,GCF_049943315.1,NZ_JBNFVP010000013.1,frhB,44,1.741e-7,0.356
FW_TWAS_rep_1,GCF_049943315.1,NZ_JBNFVP010000014.1,tdcB,78,3.918e-17,0.267
FW_TWAS_rep_1,GCF_049943315.1,NZ_JBNFVP010000009.1,fadD,139,5.429e-36,0.296
FW_TWAS_rep_1,GCF_049943315.1,NZ_JBNFVP010000023.1,agl,169,6.856e-46,0.324
FW_TWAS_rep_1,GCF_049943315.1,NZ_JBNFVP010000003.1,ptsG,267,1.326e-78,0.346
FW_TWAS_rep_1,GCF_049943315.1,NZ_JBNFVP010000008.1,cat,214,1.215e-64,0.504
FW_TWAS_rep_1,GCF_049943315.1,NZ_JBNFVP010000003.1,xylF,337,3.036e-105,0.546
FW_TWAS_rep_1,GCF_049943315.1,NZ_JBNFVP010000006.1,mer,82,1.421e-18,0.272
FW_TWAS_rep_1,GCF_049943315.1,NZ_JBNFVP010000003.1,agl,81,7.758e-18,0.252
FW_TWAS_rep_1,GCF_049943315.1,NZ_JBNFVP010000028.1,dppC,238,3.654e-72,0.453
FW_TWAS_rep_1,GCF_049943315.1,NZ_JBNFVP010000003.1,fdhA,113,2.15e-27,0.232
FW_TWAS_rep_1,GCF_049943315.1,NZ_JBNFVP010000010.1,endopeptidase,188,2.126e-54,0.395
FW_TWAS_rep_1,GCF_049943315.1,NZ_JBNFVP010000001.1,adhE,91,4.377e-21,0.276
FW_TWAS_rep_1,GCF_049943315.1,NZ_JBNFVP010000002.1,cazy_GH13,131,3.163e-33,0.323
FW_TWAS_rep_1,GCF_049943315.1,NZ_JBNFVP010000002.1,fadE,75,1.104e-15,0.272
FW_TWAS_rep_1,GCF_049943315.1,NZ_JBNFVP010000011.1,fdhA,302,3.491e-87,0.323
FW_TWAS_rep_1,GCF_049943315.1,NZ_JBNFVP010000013.1,frhG,42,5.735e-7,0.377
FW_TWAS_rep_1,GCF_049943315.1,NZ_JBNFVP010000020.1,tdcB,302,1.056e-90,0.432
FW_TWAS_rep_1,GCF_049943315.1,NZ_JBNFVP010000003.1,hydA,48,1.332e-8,0.349
FW_TWAS_rep_1,GCF_049943315.1,NZ_JBNFVP010000008.1,etfA,103,2.152e-26,0.323
FW_TWAS_rep_1,GCF_049943315.1,NZ_JBNFVP010000006.1,aldh,206,9.775e-59,0.356
FW_TWAS_rep_1,GCF_049943315.1,NZ_JBNFVP010000003.1,oppA,239,4.561e-69,0.33
FW_TWAS_rep_1,GCF_049943315.1,NZ_JBNFVP010000005.1,pgi,713,9.131e-231,0.672
FW_TWAS_rep_1,GCF_049943315.1,NZ_JBNFVP010000008.1,fadA,365,7.741e-114,0.537
FW_TWAS_rep_1,GCF_049943315.1,NZ_JBNFVP010000006.1,pepQ,187,2.98e-52,0.357
FW_TWAS_rep_1,GCF_049943315.1,NZ_JBNFVP010000011.1,dtpT,282,5.344e-84,0.356
FW_TWAS_rep_1,GCF_049943315.1,NZ_JBNFVP010000008.1,ptsG,328,2.947e-99,0.404
FW_TWAS_rep_1,GCF_049943315.1,NZ_JBNFVP010000012.1,susC,44,2.62e-6,0.318
FW_TWAS_rep_1,GCF_049943315.1,NZ_JBNFVP010000003.1,dppB,439,5.683e-140,0.675
FW_TWAS_rep_1,GCF_049943315.1,NZ_JBNFVP010000006.1,ackA,415,3.495e-131,0.562
FW_TWAS_rep_1,GCF_049943315.1,NZ_JBNFVP010000004.1,dppC,130,1.682e-34,0.349
FW_TWAS_rep_1,GCF_049943315.1,NZ_JBNFVP010000006.1,acs,101,9.923e-24,0.25
FW_TWAS_rep_1,GCF_049943315.1,NZ_JBNFVP010000020.1,lysophospholipase,203,3.073e-59,0.433
FW_TWAS_rep_1,GCF_049943315.1,NZ_JBNFVP010000020.1,thl,282,9.022e-86,0.458
FW_TWAS_rep_1,GCF_049943315.1,NZ_JBNFVP010000002.1,oppA,51,1.425e-8,0.215
FW_TWAS_rep_1,GCF_049943315.1,NZ_JBNFVP010000003.1,dppC,422,2.08e-135,0.71
FW_TWAS_rep_1,GCF_049943315.1,NZ_JBNFVP010000004.1,thl,228,2.047e-66,0.363
FW_TWAS_rep_1,GCF_049943315.1,NZ_JBNFVP010000010.1,mer,56,1.098e-10,0.245
FW_TWAS_rep_1,GCF_049943315.1,NZ_JBNFVP010000006.1,glcP,198,1.38e-55,0.32
FW_TWAS_rep_1,GCF_049943315.1,NZ_JBNFVP010000004.1,pta,214,4.879e-63,0.412
FW_TWAS_rep_1,GCF_049943315.1,NZ_JBNFVP010000020.1,fadB,1037,0.0,0.728
FW_TWAS_rep_1,GCF_049943315.1,NZ_JBNFVP010000004.1,hydA,46,6.335e-7,0.358
FW_TWAS_rep_1,GCF_049943315.1,NZ_JBNFVP010000011.1,oppA,201,2.777e-56,0.318
FW_TWAS_rep_1,GCF_049943315.1,NZ_JBNFVP010000003.1,oppB,248,1.682e-75,0.468
FW_TWAS_rep_1,GCF_049943315.1,NZ_JBNFVP010000002.1,dtpT,257,1.628e-75,0.372
FW_TWAS_rep_1,GCF_049943315.1,NZ_JBNFVP010000009.1,mdh,164,1.42e-46,0.342
FW_TWAS_rep_1,GCF_049943315.1,NZ_JBNFVP010000009.1,pepQ,67,1.465e-14,0.299
FW_TWAS_rep_1,GCF_049943315.1,NZ_JBNFVP010000001.1,dppA,432,1.312e-134,0.412
FW_TWAS_rep_1,GCF_049943315.1,NZ_JBNFVP010000008.1,fumB,739,1.915e-240,0.655
FW_TWAS_rep_1,GCF_049943315.1,NZ_JBNFVP010000017.1,rnfB,41,4.268e-6,0.313
FW_TWAS_rep_1,GCF_049943315.1,NZ_JBNFVP010000004.1,etfA,119,2.576e-29,0.386
FW_TWAS_rep_1,GCF_049943315.1,NZ_JBNFVP010000004.1,endopeptidase,276,1.379e-82,0.4
FW_TWAS_rep_1,GCF_049943315.1,NZ_JBNFVP010000012.1,tdcB,53,7.965e-10,0.27
FW_TWAS_rep_1,GCF_049943315.1,NZ_JBNFVP010000012.1,acylglycerol_lipase,50,2.335e-8,0.313
FW_TWAS_rep_1,GCF_049943315.1,NZ_JBNFVP010000006.1,thl,404,6.779e-128,0.562
FW_TWAS_rep_1,GCF_049943315.1,NZ_JBNFVP010000020.1,phospholipase,226,7.316e-68,0.479
FW_TWAS_rep_1,GCF_049943315.1,NZ_JBNFVP010000018.1,acs,145,1.11e-37,0.293
FW_TWAS_rep_1,GCF_049943315.1,NZ_JBNFVP010000003.1,dtpT,257,2.876e-75,0.333
FW_TWAS_rep_1,GCF_049943315.1,NZ_JBNFVP010000012.1,fadD,132,4.733e-34,0.303
FW_TWAS_rep_1,GCF_049943315.1,NZ_JBNFVP010000008.1,gdh,439,4.666e-139,0.523
FW_TWAS_rep_1,GCF_049943315.1,NZ_JBNFVP010000001.1,dppC,249,1.183e-75,0.473
FW_TWAS_rep_1,GCF_049943315.1,NZ_JBNFVP010000004.1,ptsG,62,5.417e-12,0.335
FW_TWAS_rep_1,GCF_049943315.1,NZ_JBNFVP010000009.1,pepT,57,6.402e-11,0.279
FW_TWAS_rep_1,GCF_049943315.1,NZ_JBNFVP010000011.1,dppB,230,6.214e-69,0.423
FW_TWAS_rep_1,GCF_049943315.1,NZ_JBNFVP010000008.1,aldh,66,2.165e-13,0.226
FW_TWAS_rep_1,GCF_049943315.1,NZ_JBNFVP010000003.1,adhE,117,8.675e-30,0.338
FW_TWAS_rep_1,GCF_049943315.1,NZ_JBNFVP010000009.1,glcP,212,3.957e-60,0.322
FW_TWAS_rep_1,GCF_049943315.1,NZ_JBNFVP010000001.1,fdhA,192,1.348e-51,0.277
FW_TWAS_rep_1,GCF_049943315.1,NZ_JBNFVP010000018.1,fadD,254,1.325e-73,0.362
FW_TWAS_rep_1,GCF_049943315.1,NZ_JBNFVP010000009.1,thl,312,1.172e-95,0.451
FW_TWAS_rep_1,GCF_049943315.1,NZ_JBNFVP010000005.1,cazy_GH13,174,2.58e-47,0.369
FW_TWAS_rep_1,GCF_049943315.1,NZ_JBNFVP010000003.1,eda,113,1.472e-30,0.368
FW_TWAS_rep_1,GCF_049943315.1,NZ_JBNFVP010000007.1,fadB,111,1.69e-28,0.301
FW_TWAS_rep_1,GCF_049943315.1,NZ_JBNFVP010000028.1,adhE,85,4.19e-19,0.259
FW_TWAS_rep_1,GCF_049943315.1,NZ_JBNFVP010000009.1,acs,109,1.661e-26,0.25
FW_TWAS_rep_1,GCF_049943315.1,NZ_JBNFVP010000008.1,rnfB,42,1.064e-6,0.309
FW_TWAS_rep_1,GCF_049943315.1,NZ_JBNFVP010000020.1,acylglycerol_lipase,66,9.364e-14,0.263
FW_TWAS_rep_1,GCF_049943315.1,NZ_JBNFVP010000006.1,bgl,214,1.828e-61,0.32
FW_TWAS_rep_1,GCF_049943315.1,NZ_JBNFVP010000023.1,glcP,53,2.042e-9,0.293
FW_TWAS_rep_1,GCF_049943315.1,NZ_JBNFVP010000009.1,cat,93,9.636e-22,0.301
FW_TWAS_rep_1,GCF_049943315.1,NZ_JBNFVP010000012.1,cazy_GH13,72,2.673e-15,0.252
FW_TWAS_rep_1,GCF_049943315.1,NZ_JBNFVP010000002.1,pepQ,65,1.144e-13,0.267
FW_TWAS_rep_1,GCF_049943315.1,NZ_JBNFVP010000011.1,frhB,45,9.042e-8,0.489
FW_TWAS_rep_1,GCF_049943315.1,NZ_JBNFVP010000001.1,pepN,413,6.64e-124,0.411
FW_TWAS_rep_1,GCF_049943315.1,NZ_JBNFVP010000007.1,dppC,239,4.181e-72,0.45
FW_TWAS_rep_1,GCF_049943315.1,NZ_JBNFVP010000002.1,folD,328,6.365e-103,0.58
FW_TWAS_rep_1,GCF_049943315.1,NZ_JBNFVP010000007.1,thl,390,6.193e-123,0.583
FW_TWAS_rep_1,GCF_049943315.1,NZ_JBNFVP010000008.1,crt,223,1.547e-67,0.514
FW_TWAS_rep_1,GCF_049943315.1,NZ_JBNFVP010000002.1,pfkA,57,5.203e-11,0.259
FW_TWAS_rep_1,GCF_049943315.1,NZ_JBNFVP010000008.1,pfor,1402,0.0,0.606
FW_TWAS_rep_1,GCF_049943315.1,NZ_JBNFVP010000014.1,adhE,115,2.12e-29,0.271
FW_TWAS_rep_1,GCF_049943315.1,NZ_JBNFVP010000006.1,fadA,327,4.552e-101,0.488
FW_TWAS_rep_1,GCF_049943315.1,NZ_JBNFVP010000003.1,crt,48,4.823e-8,0.396
FW_TWAS_rep_1,GCF_049943315.1,NZ_JBNFVP010000001.1,adh,67,3.666e-14,0.241
FW_TWAS_rep_1,GCF_049943315.1,NZ_JBNFVP010000013.1,ptsG,55,5.015e-10,0.372
FW_TWAS_rep_1,GCF_049943315.1,NZ_JBNFVP010000012.1,eda,215,1.61e-65,0.542
FW_TWAS_rep_1,GCF_049943315.1,NZ_JBNFVP010000004.1,hbd,202,1.836e-55,0.388
FW_TWAS_rep_1,GCF_049943315.1,NZ_JBNFVP010000007.1,fadE,68,3.579e-14,0.255
FW_TWAS_rep_1,GCF_049943315.1,NZ_JBNFVP010000006.1,adh,46,1.046e-7,0.324
FW_TWAS_rep_1,GCF_049943315.1,NZ_JBNFVP010000002.1,ptsG,68,5.583e-16,0.418
FW_TWAS_rep_1,GCF_049943315.1,NZ_JBNFVP010000001.1,dppB,286,4.312e-88,0.459
FW_TWAS_rep_1,GCF_049943315.1,NZ_JBNFVP010000007.1,oppA,455,1.203e-142,0.478
FW_TWAS_rep_1,GCF_049943315.1,NZ_JBNFVP010000002.1,agl,93,1.783e-21,0.264
FW_TWAS_rep_1,GCF_049943315.1,NZ_JBNFVP010000014.1,glcP,226,2.014e-65,0.327
FW_TWAS_rep_1,GCF_049943315.1,NZ_JBNFVP010000007.1,pfkA,259,2.816e-79,0.47
FW_TWAS_rep_1,GCF_049943315.1,NZ_JBNFVP010000002.1,glcP,65,3.786e-13,0.311
FW_TWAS_rep_1,GCF_049943315.1,NZ_JBNFVP010000001.1,oppB,261,8.675e-80,0.503
FW_TWAS_rep_1,GCF_049943315.1,NZ_JBNFVP010000022.1,pgi,43,2.149e-6,0.272
FW_TWAS_rep_1,GCF_049943315.1,NZ_JBNFVP010000011.1,frhG,41,1.729e-6,0.304
FW_TWAS_rep_1,GCF_049943315.1,NZ_JBNFVP010000006.1,fadD,141,5.473e-36,0.303
FW_TWAS_rep_1,GCF_049943315.1,NZ_JBNFVP010000011.1,mer,64,8.342e-13,0.289
FW_TWAS_rep_1,GCF_049943315.1,NZ_JBNFVP010000007.1,hbd,165,2.045e-46,0.395
FW_TWAS_rep_1,GCF_049943315.1,NZ_JBNFVP010000001.1,fadD,138,1.24e-35,0.276
FW_TWAS_rep_1,GCF_049943315.1,NZ_JBNFVP010000011.1,rnfB,199,2.552e-60,0.595
FW_TWAS_rep_1,GCF_049943315.1,NZ_JBNFVP010000011.1,adhE,50,1.987e-8,0.242
FW_TWAS_rep_1,GCF_049943315.1,NZ_JBNFVP010000022.1,acs,124,4.422e-31,0.256
FW_TWAS_rep_1,GCF_049943315.1,NZ_JBNFVP010000001.1,sucC,371,2.233e-116,0.512
FW_TWAS_rep_1,GCF_049943315.1,NZ_JBNFVP010000005.1,glcP,43,3.002e-6,0.224
FW_TWAS_rep_1,GCF_049943315.1,NZ_JBNFVP010000008.1,hydA,40,6.146e-6,0.361
FW_TWAS_rep_1,GCF_049943315.1,NZ_JBNFVP010000020.1,fadA,363,8.924e-114,0.524
FW_TWAS_rep_1,GCF_049943315.1,NZ_JBNFVP010000018.1,tdcB,314,9.982e-98,0.514
FW_TWAS_rep_1,GCF_049943315.1,NZ_JBNFVP010000021.1,acylglycerol_lipase,59,1.167e-11,0.268
FW_TWAS_rep_1,GCF_049943315.1,NZ_JBNFVP010000004.1,dppB,176,6.092e-50,0.314
FW_TWAS_rep_1,GCF_049943315.1,NZ_JBNFVP010000010.1,fumB,90,1.36e-22,0.278
FW_TWAS_rep_1,GCF_049943315.1,NZ_JBNFVP010000008.1,hbd,267,1.609e-79,0.568
FW_TWAS_rep_1,GCF_049943315.1,NZ_JBNFVP010000020.1,ilvE,166,5.432e-47,0.354
FW_TWAS_rep_1,GCF_049943315.1,NZ_JBNFVP010000001.1,ptsG,516,1.239e-164,0.572
FW_TWAS_rep_1,GCF_049943315.1,NZ_JBNFVP010000001.1,dtpT,271,4.565e-80,0.369
FW_TWAS_rep_1,GCF_049943315.1,NZ_JBNFVP010000004.1,oppA,88,5.072e-20,0.23
FW_TWAS_rep_1,GCF_049943315.1,NZ_JBNFVP010000002.1,pepD,511,9.125e-163,0.532
FW_TWAS_rep_1,GCF_049943315.1,NZ_JBNFVP010000014.1,cazy_GH43,121,1.943e-30,0.3
FW_TWAS_rep_1,GCF_049943315.1,NZ_JBNFVP010000005.1,xylF,73,4.131e-16,0.307
FW_TWAS_rep_1,GCF_049943315.1,NZ_JBNFVP010000004.1,fdhA,77,2.399e-16,0.233
FW_TWAS_rep_1,GCF_049943315.1,NZ_JBNFVP010000028.1,oppB,196,9.346e-58,0.416
FW_TWAS_rep_1,GCF_049943315.1,NZ_JBNFVP010000007.1,fadA,314,1.56e-96,0.51
FW_TWAS_rep_1,GCF_049943315.1,NZ_JBNFVP010000018.1,ackA,362,5.269e-113,0.482
FW_TWAS_rep_1,GCF_049943315.1,NZ_JBNFVP010000001.1,sucD,373,1.527e-118,0.659
FW_TWAS_rep_1,GCF_049943315.1,NZ_JBNFVP010000008.1,fadB,158,9.888e-43,0.3
FW_TWAS_rep_1,GCF_049943315.1,NZ_JBNFVP010000001.1,bgl,205,2.448e-58,0.298
FW_TWAS_rep_1,GCF_049943315.1,NZ_JBNFVP010000005.1,fadD,136,8.394e-35,0.288
FW_TWAS_rep_1,GCF_049943315.1,NZ_JBNFVP010000002.1,xylF,105,1.542e-26,0.307
FW_TWAS_rep_1,GCF_049943315.1,NZ_JBNFVP010000022.1,pepT,258,4.796e-77,0.425
FW_TWAS_rep_1,GCF_049943315.1,NZ_JBNFVP010000012.1,acs,118,2.068e-29,0.264
FW_TWAS_rep_1,GCF_049943315.1,NZ_JBNFVP010000001.1,gdh,563,1.157e-181,0.639
FW_TWAS_rep_1,GCF_049943315.1,NZ_JBNFVP010000004.1,fadA,243,8.706e-72,0.402
FW_TWAS_rep_1,GCF_049943315.1,NZ_JBNFVP010000020.1,edd,229,6.31e-65,0.324
FW_TWAS_rep_1,GCF_049943315.1,NZ_JBNFVP010000001.1,acs,94,3.667e-21,0.245
FW_TWAS_rep_1,GCF_049943315.1,NZ_JBNFVP010000002.1,cazy_GH43,107,3.276e-27,0.298
FW_TWAS_rep_1,GCF_049943315.1,NZ_JBNFVP010000011.1,oppB,239,9.896e-70,0.426
FW_TWAS_rep_1,GCF_049943315.1,NZ_JBNFVP010000017.1,fdhA,304,7.936e-88,0.319
FW_TWAS_rep_1,GCF_049943315.1,NZ_JBNFVP010000002.1,adh,65,1.086e-13,0.265
FW_TWAS_rep_1,GCF_049943315.1,NZ_JBNFVP010000004.1,aldh,210,3.552e-60,0.362
FW_TWAS_rep_1,GCF_049943315.1,NZ_JBNFVP010000013.1,hydA,50,2.262e-9,0.363
FW_TWAS_rep_1,GCF_049943315.1,NZ_JBNFVP010000020.1,hbd,195,5.157e-53,0.366
FW_TWAS_rep_1,GCF_049943315.1,NZ_JBNFVP010000001.1,aldh,85,2.28e-19,0.25
FW_TWAS_rep_1,GCF_049943315.1,NZ_JBNFVP010000023.1,cazy_GH13,170,3.788e-46,0.357
FW_TWAS_rep_1,GCF_049943315.1,NZ_JBNFVP010000028.1,dppB,248,1.656e-74,0.452
FW_TWAS_rep_1,GCF_049943315.1,NZ_JBNFVP010000017.1,adhE,215,2.055e-62,0.373
FW_TWAS_rep_1,GCF_049943315.1,NZ_JBNFVP010000007.1,oppB,312,3.415e-97,0.53
FW_TWAS_rep_1,GCF_049943315.1,NZ_JBNFVP010000007.1,fdhA,551,3.378e-172,0.439
FW_TWAS_rep_1,GCF_049943315.1,NZ_JBNFVP010000004.1,mvhG,42,1.03e-6,0.323
FW_TWAS_rep_1,GCF_049943315.1,NZ_JBNFVP010000012.1,edd,807,3.87e-263,0.657
FW_TWAS_rep_1,GCF_049943315.1,NZ_JBNFVP010000005.1,cazy_GH43,129,1.039e-32,0.326
FW_TWAS_rep_1,GCF_049943315.1,NZ_JBNFVP010000009.1,ptsG,224,3.832e-64,0.322
FW_TWAS_rep_1,GCF_049943315.1,NZ_JBNFVP010000004.1,bgl,237,2.973e-69,0.353
FW_TWAS_rep_1,GCF_049943315.1,NZ_JBNFVP010000002.1,bcd,104,1.068e-24,0.288
FW_TWAS_rep_1,GCF_049943315.1,NZ_JBNFVP010000004.1,pepA,258,1.53e-76,0.439
FW_TWAS_rep_1,GCF_049943315.1,NZ_JBNFVP010000020.1,pepQ,78,3.618e-17,0.275
FW_TWAS_rep_1,GCF_049943315.1,NZ_JBNFVP010000004.1,adhE,196,3.287e-56,0.358
FW_TWAS_rep_1,GCF_049943315.1,NZ_JBNFVP010000007.1,cat,261,4.862e-81,0.599
FW_TWAS_rep_1,GCF_049943315.1,NZ_JBNFVP010000003.1,glcP,72,2.751e-15,0.336
FW_TWAS_rep_1,GCF_049943315.1,NZ_JBNFVP010000002.1,dppA,48,1.311e-7,0.212
FW_TWAS_rep_1,GCF_049943315.1,NZ_JBNFVP010000011.1,endopeptidase,228,5.523e-64,0.433
FW_TWAS_rep_1,GCF_049943315.1,NZ_JBNFVP010000004.1,pfkA,146,1.834e-40,0.371
FW_TWAS_rep_1,GCF_049943315.1,NZ_JBNFVP010000011.1,dppC,209,1.4e-61,0.428
FW_TWAS_rep_1,GCF_049943315.1,NZ_JBNFVP010000013.1,bgl,256,2.351e-75,0.329
FW_TWAS_rep_1,GCF_049943315.1,NZ_JBNFVP010000028.1,dppA,148,5.844e-39,0.28
FW_TWAS_rep_1,GCF_049943315.1,NZ_JBNFVP010000004.1,crt,134,1.026e-35,0.369
FW_TWAS_rep_1,GCF_049943315.1,NZ_JBNFVP010000014.1,xylF,260,7.457e-79,0.477
FW_TWAS_rep_1,GCF_049943315.1,NZ_JBNFVP010000003.1,dppA,777,1.145e-253,0.699
FW_TWAS_rep_1,GCF_049943315.1,NZ_JBNFVP010000005.1,xylA,501,1.978e-160,0.538
FW_TWAS_rep_1,GCF_049943315.1,NZ_JBNFVP010000003.1,xylA,510,9.463e-163,0.551
FW_TWAS_rep_1,GCF_049943315.1,NZ_JBNFVP010000011.1,dppA,610,2.485e-196,0.577
FW_TWAS_rep_1,GCF_049943315.1,NZ_JBNFVP010000004.1,ackA,370,7.57e-116,0.498
FW_TWAS_rep_1,GCF_049943315.1,NZ_JBNFVP010000008.1,thl,342,8.09e-106,0.505
FW_TWAS_rep_1,GCF_049943315.1,NZ_JBNFVP010000005.1,acs,840,1.868e-273,0.612
FW_TWAS_rep_1,GCF_049943315.1,NZ_JBNFVP010000009.1,adhE,144,6.776e-39,0.287
FW_TWAS_rep_1,GCF_049943315.1,NZ_JBNFVP010000007.1,dppB,264,7.661e-81,0.445
FW_TWAS_rep_1,GCF_049943315.1,NZ_JBNFVP010000011.1,bgl,354,6.905e-109,0.404
FW_TWAS_rep_1,GCF_049943315.1,NZ_JBNFVP010000009.1,fadA,284,2.669e-86,0.432
FW_TWAS_rep_1,GCF_049943315.1,NZ_JBNFVP010000001.1,xylF,91,4.869e-22,0.302
FW_TWAS_rep_1,GCF_049943315.1,NZ_JBNFVP010000001.1,rnfB,42,1.064e-6,0.309
FW_TWAS_rep_1,GCF_049943315.1,NZ_JBNFVP010000011.1,pfkA,56,7.637e-11,0.394
FW_TWAS_rep_1,GCF_049943315.1,NZ_JBNFVP010000022.1,fadD,184,1.953e-50,0.296
FW_TWAS_rep_1,GCF_049943315.1,NZ_JBNFVP010000007.1,pyk,460,7.319e-145,0.552
FW_TWAS_rep_1,GCF_049943315.1,NZ_JBNFVP010000003.1,cazy_GH13,96,2.677e-22,0.293
FW_TWAS_rep_1,GCF_049943315.1,NZ_JBNFVP010000006.1,gapA,255,3.471e-77,0.391
FW_TWAS_rep_1,GCF_049943315.1,NZ_JBNFVP010000005.1,pepD,133,1.523e-36,0.382
FW_TWAS_rep_1,GCF_049943315.1,NZ_JBNFVP010000004.1,fadD,130,1.23e-33,0.303
FW_TWAS_rep_1,GCF_049943315.1,NZ_JBNFVP010000005.1,pepA,349,7.058e-107,0.438
FW_TWAS_rep_1,GCF_049943315.1,NZ_JBNFVP010000007.1,aldh,418,4.24e-125,0.501
FW_TWAS_rep_1,GCF_049943315.1,NZ_JBNFVP010000004.1,oppB,181,2.047e-51,0.328
FW_TWAS_rep_1,GCF_049943315.1,NZ_JBNFVP010000004.1,frhG,46,1.009e-7,0.274
FW_TWAS_rep_1,GCF_049943315.1,NZ_JBNFVP010000005.1,agl,263,5.642e-77,0.366
FW_TWAS_rep_1,GCF_049943315.1,NZ_JBNFVP010000008.1,gapA,314,1.826e-97,0.505
FW_TWAS_rep_1,GCF_049943315.1,NZ_JBNFVP010000011.1,esterase,224,5.605e-64,0.351
FW_TWAS_rep_1,GCF_049943315.1,NZ_JBNFVP010000001.1,oppA,430,5.193e-134,0.455
FW_TWAS_rep_1,GCF_049943315.1,NZ_JBNFVP010000006.1,adhE,263,1.934e-78,0.431
FW_TWAS_rep_1,GCF_049943315.1,NZ_JBNFVP010000008.1,adhE,73,1.407e-15,0.25
FW_TWAS_rep_1,GCF_003115115.2,NZ_BFCV01000004.1,cazy_GH43,121,2.591e-30,0.3
FW_TWAS_rep_1,GCF_003115115.2,NZ_BFCV01000006.1,frhB,45,9.042e-8,0.489
FW_TWAS_rep_1,GCF_003115115.2,NZ_BFCV01000004.1,dtpT,360,1.969e-110,0.419
FW_TWAS_rep_1,GCF_003115115.2,NZ_BFCV01000008.1,ptsG,68,5.583e-16,0.418
FW_TWAS_rep_1,GCF_003115115.2,NZ_BFCV01000001.1,lysophospholipase,203,3.073e-59,0.433
FW_TWAS_rep_1,GCF_003115115.2,NZ_BFCV01000012.1,acs,118,2.068e-29,0.264
FW_TWAS_rep_1,GCF_003115115.2,NZ_BFCV01000017.1,oppB,312,3.415e-97,0.53
FW_TWAS_rep_1,GCF_003115115.2,NZ_BFCV01000017.1,pfkA,259,2.816e-79,0.47
FW_TWAS_rep_1,GCF_003115115.2,NZ_BFCV01000030.1,mer,82,1.421e-18,0.272
FW_TWAS_rep_1,GCF_003115115.2,NZ_BFCV01000088.1,ackA,68,4.668e-15,0.413
FW_TWAS_rep_1,GCF_003115115.2,NZ_BFCV01000008.1,oppA,51,1.425e-8,0.215
FW_TWAS_rep_1,GCF_003115115.2,NZ_BFCV01000009.1,fdhA,182,1.138e-48,0.274
FW_TWAS_rep_1,GCF_003115115.2,NZ_BFCV01000016.1,acs,123,1.039e-30,0.255
FW_TWAS_rep_1,GCF_003115115.2,NZ_BFCV01000011.1,fadB,415,1.365e-126,0.368
FW_TWAS_rep_1,GCF_003115115.2,NZ_BFCV01000001.1,pepQ,75,3.473e-16,0.275
FW_TWAS_rep_1,GCF_003115115.2,NZ_BFCV01000024.1,oppA,421,2.319e-130,0.442
FW_TWAS_rep_1,GCF_003115115.2,NZ_BFCV01000006.1,endopeptidase,228,5.523e-64,0.433
FW_TWAS_rep_1,GCF_003115115.2,NZ_BFCV01000088.1,adhE,415,4.652e-129,0.516
FW_TWAS_rep_1,GCF_003115115.2,NZ_BFCV01000015.1,dtpT,55,6.142e-10,0.318
FW_TWAS_rep_1,GCF_003115115.2,NZ_BFCV01000067.1,acylglycerol_lipase,50,7.838e-9,0.325
FW_TWAS_rep_1,GCF_003115115.2,NZ_BFCV01000006.1,esterase,223,7.601e-64,0.351
FW_TWAS_rep_1,GCF_003115115.2,NZ_BFCV01000005.1,adhE,73,1.407e-15,0.25
FW_TWAS_rep_1,GCF_003115115.2,NZ_BFCV01000019.1,dppA,165,2.667e-44,0.28
FW_TWAS_rep_1,GCF_003115115.2,NZ_BFCV01000032.1,dppC,229,7.802e-69,0.471
FW_TWAS_rep_1,GCF_003115115.2,NZ_BFCV01000011.1,hbd,204,5.697e-56,0.345
FW_TWAS_rep_1,GCF_003115115.2,NZ_BFCV01000075.1,oppB,249,8.668e-76,0.468
FW_TWAS_rep_1,GCF_003115115.2,NZ_BFCV01000003.1,hydA,46,6.335e-7,0.358
FW_TWAS_rep_1,GCF_003115115.2,NZ_BFCV01000001.1,acylglycerol_lipase,66,9.364e-14,0.263
FW_TWAS_rep_1,GCF_003115115.2,NZ_BFCV01000019.1,endopeptidase,276,1.379e-82,0.4
FW_TWAS_rep_1,GCF_003115115.2,NZ_BFCV01000005.1,thl,342,8.09e-106,0.505
FW_TWAS_rep_1,GCF_003115115.2,NZ_BFCV01000012.1,acylglycerol_lipase,60,8.778e-12,0.268
FW_TWAS_rep_1,GCF_003115115.2,NZ_BFCV01000011.1,fadD,133,1.16e-34,0.307
FW_TWAS_rep_1,GCF_003115115.2,NZ_BFCV01000037.1,adh,63,2.866e-13,0.278
FW_TWAS_rep_1,GCF_003115115.2,NZ_BFCV01000029.1,gapA,497,4.452e-161,0.728
FW_TWAS_rep_1,GCF_003115115.2,NZ_BFCV01000001.1,fadB,1038,0.0,0.728
FW_TWAS_rep_1,GCF_003115115.2,NZ_BFCV01000027.1,fadA,175,2.734e-53,0.643
FW_TWAS_rep_1,GCF_003115115.2,NZ_BFCV01000036.1,agl,89,2.203e-20,0.262
FW_TWAS_rep_1,GCF_003115115.2,NZ_BFCV01000038.1,agl,81,7.758e-18,0.252
FW_TWAS_rep_1,GCF_003115115.2,NZ_BFCV01000016.1,ptsG,516,1.239e-164,0.572
FW_TWAS_rep_1,GCF_003115115.2,NZ_BFCV01000017.1,dppC,239,4.181e-72,0.45
FW_TWAS_rep_1,GCF_003115115.2,NZ_BFCV01000005.1,fadB,156,4.421e-42,0.369
FW_TWAS_rep_1,GCF_003115115.2,NZ_BFCV01000017.1,dppB,264,7.661e-81,0.445
FW_TWAS_rep_1,GCF_003115115.2,NZ_BFCV01000075.1,dppA,777,1.145e-253,0.699
FW_TWAS_rep_1,GCF_003115115.2,NZ_BFCV01000010.1,xylF,93,1.094e-22,0.302
FW_TWAS_rep_1,GCF_003115115.2,NZ_BFCV01000007.1,agl,262,1.921e-76,0.364
FW_TWAS_rep_1,GCF_003115115.2,NZ_BFCV01000017.1,oppA,455,1.203e-142,0.478
FW_TWAS_rep_1,GCF_003115115.2,NZ_BFCV01000024.1,dppA,145,1.042e-37,0.262
FW_TWAS_rep_1,GCF_003115115.2,NZ_BFCV01000011.1,thl,228,2.047e-66,0.363
FW_TWAS_rep_1,GCF_003115115.2,NZ_BFCV01000003.1,adhE,198,9.592e-57,0.36
FW_TWAS_rep_1,GCF_003115115.2,NZ_BFCV01000050.1,fdhA,444,2.108e-138,0.436
FW_TWAS_rep_1,GCF_003115115.2,NZ_BFCV01000003.1,pta,213,1.241e-62,0.413
FW_TWAS_rep_1,GCF_003115115.2,NZ_BFCV01000027.1,fadB,111,1.69e-28,0.301
FW_TWAS_rep_1,GCF_003115115.2,NZ_BFCV01000019.1,bgl,236,5.507e-69,0.353
FW_TWAS_rep_1,GCF_003115115.2,NZ_BFCV01000021.1,dppA,216,3.126e-61,0.308
FW_TWAS_rep_1,GCF_003115115.2,NZ_BFCV01000040.1,fdhA,302,3.491e-87,0.323
FW_TWAS_rep_1,GCF_003115115.2,NZ_BFCV01000027.1,thl,239,2.084e-73,0.562
FW_TWAS_rep_1,GCF_003115115.2,NZ_BFCV01000025.1,ackA,415,4.783e-131,0.565
FW_TWAS_rep_1,GCF_003115115.2,NZ_BFCV01000024.1,pepN,414,4.891e-124,0.411
FW_TWAS_rep_1,GCF_003115115.2,NZ_BFCV01000040.1,mer,64,8.342e-13,0.289
FW_TWAS_rep_1,GCF_003115115.2,NZ_BFCV01000037.1,fadE,75,1.104e-15,0.272
FW_TWAS_rep_1,GCF_003115115.2,NZ_BFCV01000042.1,pfkA,57,3.907e-11,0.259
FW_TWAS_rep_1,GCF_003115115.2,NZ_BFCV01000016.1,pgi,43,2.149e-6,0.272
FW_TWAS_rep_1,GCF_003115115.2,NZ_BFCV01000010.1,fdhA,115,5.095e-28,0.252
FW_TWAS_rep_1,GCF_003115115.2,NZ_BFCV01000033.1,oppB,191,6.048e-55,0.416
FW_TWAS_rep_1,GCF_003115115.2,NZ_BFCV01000005.1,ptsG,327,5.482e-99,0.404
FW_TWAS_rep_1,GCF_003115115.2,NZ_BFCV01000018.1,tdcB,314,3.049e-97,0.514
FW_TWAS_rep_1,GCF_003115115.2,NZ_BFCV01000030.1,frhA,100,7.48e-24,0.261
FW_TWAS_rep_1,GCF_003115115.2,NZ_BFCV01000018.1,ackA,362,7.208e-113,0.482
FW_TWAS_rep_1,GCF_003115115.2,NZ_BFCV01000050.1,xylF,73,4.131e-16,0.307
FW_TWAS_rep_1,GCF_003115115.2,NZ_BFCV01000016.1,pepT,258,4.796e-77,0.425
FW_TWAS_rep_1,GCF_003115115.2,NZ_BFCV01000019.1,oppB,211,7.955e-63,0.414
FW_TWAS_rep_1,GCF_003115115.2,NZ_BFCV01000060.1,dppA,154,1.199e-44,0.475
FW_TWAS_rep_1,GCF_003115115.2,NZ_BFCV01000001.1,ilvE,166,5.432e-47,0.354
FW_TWAS_rep_1,GCF_003115115.2,NZ_BFCV01000034.1,sucD,374,5.944e-119,0.659
FW_TWAS_rep_1,GCF_003115115.2,NZ_BFCV01000010.1,dppC,238,2.67e-72,0.453
FW_TWAS_rep_1,GCF_003115115.2,NZ_BFCV01000027.1,pfkA,56,7.637e-11,0.394
FW_TWAS_rep_1,GCF_003115115.2,NZ_BFCV01000012.1,fadD,132,4.733e-34,0.303
FW_TWAS_rep_1,GCF_003115115.2,NZ_BFCV01000015.1,glcP,49,2.314e-8,0.29
FW_TWAS_rep_1,GCF_003115115.2,NZ_BFCV01000034.1,ptsG,370,9.379e-112,0.436
FW_TWAS_rep_1,GCF_003115115.2,NZ_BFCV01000003.1,aldh,210,3.552e-60,0.362
FW_TWAS_rep_1,GCF_003115115.2,NZ_BFCV01000004.1,mdh,160,4.695e-45,0.386
FW_TWAS_rep_1,GCF_003115115.2,NZ_BFCV01000009.1,mdh,164,1.42e-46,0.342
FW_TWAS_rep_1,GCF_003115115.2,NZ_BFCV01000030.1,bgl,255,3.201e-75,0.329
FW_TWAS_rep_1,GCF_003115115.2,NZ_BFCV01000004.1,pfkA,113,2.789e-29,0.306
FW_TWAS_rep_1,GCF_003115115.2,NZ_BFCV01000067.1,pepT,59,2.749e-11,0.279
FW_TWAS_rep_1,GCF_003115115.2,NZ_BFCV01000025.1,thl,404,6.779e-128,0.562
FW_TWAS_rep_1,GCF_003115115.2,NZ_BFCV01000030.1,frhG,42,5.735e-7,0.377
FW_TWAS_rep_1,GCF_003115115.2,NZ_BFCV01000010.1,dppA,145,3.395e-38,0.278
FW_TWAS_rep_1,GCF_003115115.2,NZ_BFCV01000040.1,dppC,207,3.566e-61,0.428
FW_TWAS_rep_1,GCF_003115115.2,NZ_BFCV01000059.1,rnfB,41,4.268e-6,0.313
FW_TWAS_rep_1,GCF_003115115.2,NZ_BFCV01000025.1,adhE,264,1.418e-78,0.431
FW_TWAS_rep_1,GCF_003115115.2,NZ_BFCV01000058.1,eda,115,2.265e-31,0.358
FW_TWAS_rep_1,GCF_003115115.2,NZ_BFCV01000075.1,dppC,421,1.911e-135,0.71
FW_TWAS_rep_1,GCF_003115115.2,NZ_BFCV01000011.1,mvhG,42,1.03e-6,0.323
FW_TWAS_rep_1,GCF_003115115.2,NZ_BFCV01000035.1,dppA,432,1.312e-134,0.412
FW_TWAS_rep_1,GCF_003115115.2,NZ_BFCV01000005.1,pfor,1398,0.0,0.606
FW_TWAS_rep_1,GCF_003115115.2,NZ_BFCV01000004.1,bgl,215,1.346e-61,0.32
FW_TWAS_rep_1,GCF_003115115.2,NZ_BFCV01000006.1,frhG,41,1.729e-6,0.304
FW_TWAS_rep_1,GCF_003115115.2,NZ_BFCV01000030.1,frhB,44,1.741e-7,0.356
FW_TWAS_rep_1,GCF_003115115.2,NZ_BFCV01000006.1,adhE,50,1.504e-8,0.238
FW_TWAS_rep_1,GCF_003115115.2,NZ_BFCV01000003.1,bgl,205,2.53e-58,0.321
FW_TWAS_rep_1,GCF_003115115.2,NZ_BFCV01000008.1,dppA,48,1.311e-7,0.212
FW_TWAS_rep_1,GCF_003115115.2,NZ_BFCV01000001.1,crt,134,9.391e-34,0.362
FW_TWAS_rep_1,GCF_003115115.2,NZ_BFCV01000040.1,glcP,53,2.042e-9,0.293
FW_TWAS_rep_1,GCF_003115115.2,NZ_BFCV01000212.1,cazy_CE8,250,4.282e-76,0.445
FW_TWAS_rep_1,GCF_003115115.2,NZ_BFCV01000009.1,fadD,138,7.261e-36,0.279
FW_TWAS_rep_1,GCF_003115115.2,NZ_BFCV01000010.1,adhE,87,5.835e-20,0.262
FW_TWAS_rep_1,GCF_003115115.2,NZ_BFCV01000021.1,bgl,203,6.129e-58,0.298
FW_TWAS_rep_1,GCF_003115115.2,NZ_BFCV01000033.1,dppB,237,1.351e-70,0.426
FW_TWAS_rep_1,GCF_003115115.2,NZ_BFCV01000017.1,dppA,300,1.49e-89,0.36
FW_TWAS_rep_1,GCF_003115115.2,NZ_BFCV01000046.1,dtpT,257,1.628e-75,0.372
FW_TWAS_rep_1,GCF_003115115.2,NZ_BFCV01000006.1,oppA,202,8.293e-57,0.32
FW_TWAS_rep_1,GCF_003115115.2,NZ_BFCV01000009.1,gapA,353,9.093e-111,0.529
FW_TWAS_rep_1,GCF_003115115.2,NZ_BFCV01000009.1,glcP,212,3.59e-60,0.322
FW_TWAS_rep_1,GCF_003115115.2,NZ_BFCV01000059.1,fdhA,304,5.877e-88,0.319
FW_TWAS_rep_1,GCF_003115115.2,NZ_BFCV01000005.1,gapA,314,1.826e-97,0.505
FW_TWAS_rep_1,GCF_003115115.2,NZ_BFCV01000021.1,oppB,261,8.675e-80,0.503
FW_TWAS_rep_1,GCF_003115115.2,NZ_BFCV01000030.1,hydA,50,2.262e-9,0.363
FW_TWAS_rep_1,GCF_003115115.2,NZ_BFCV01000032.1,adh,67,2.741e-14,0.241
FW_TWAS_rep_1,GCF_003115115.2,NZ_BFCV01000019.1,oppA,164,8.639e-44,0.276
FW_TWAS_rep_1,GCF_003115115.2,NZ_BFCV01000035.1,oppB,148,1.121e-40,0.309
FW_TWAS_rep_1,GCF_003115115.2,NZ_BFCV01000009.1,thl,312,1.172e-95,0.451
FW_TWAS_rep_1,GCF_003115115.2,NZ_BFCV01000050.1,glcP,43,3.002e-6,0.224
FW_TWAS_rep_1,GCF_003115115.2,NZ_BFCV01000011.1,frhB,46,6.437e-8,0.383
FW_TWAS_rep_1,GCF_003115115.2,NZ_BFCV01000033.1,dppA,159,1.366e-42,0.284
FW_TWAS_rep_1,GCF_003115115.2,NZ_BFCV01000011.1,crt,134,1.026e-35,0.369
FW_TWAS_rep_1,GCF_003115115.2,NZ_BFCV01000035.1,dppB,224,8.481e-67,0.383
FW_TWAS_rep_1,GCF_003115115.2,NZ_BFCV01000034.1,sucC,371,2.233e-116,0.512
FW_TWAS_rep_1,GCF_003115115.2,NZ_BFCV01000008.1,folD,328,6.365e-103,0.58
FW_TWAS_rep_1,GCF_003115115.2,NZ_BFCV01000027.1,cat,261,4.862e-81,0.599
FW_TWAS_rep_1,GCF_003115115.2,NZ_BFCV01000020.1,pepQ,65,1.144e-13,0.267
FW_TWAS_rep_1,GCF_003115115.2,NZ_BFCV01000009.1,ptsG,222,1.759e-63,0.32
FW_TWAS_rep_1,GCF_003115115.2,NZ_BFCV01000050.1,pfkA,47,1.003e-7,0.274
FW_TWAS_rep_1,GCF_003115115.2,NZ_BFCV01000027.1,oppB,242,1.146e-70,0.429
FW_TWAS_rep_1,GCF_003115115.2,NZ_BFCV01000033.1,oppA,151,6.583e-40,0.29
FW_TWAS_rep_1,GCF_003115115.2,NZ_BFCV01000006.1,dppA,612,7.076e-197,0.579
FW_TWAS_rep_1,GCF_003115115.2,NZ_BFCV01000081.1,fumB,724,1.267e-235,0.649
FW_TWAS_rep_1,GCF_003115115.2,NZ_BFCV01000001.1,tdcB,302,1.056e-90,0.432
FW_TWAS_rep_1,GCF_003115115.2,NZ_BFCV01000016.1,fadD,184,1.451e-50,0.296
FW_TWAS_rep_1,GCF_003115115.2,NZ_BFCV01000060.1,oppA,51,1.477e-9,0.232
FW_TWAS_rep_1,GCF_003115115.2,NZ_BFCV01000003.1,pepA,258,1.123e-76,0.441
FW_TWAS_rep_1,GCF_003115115.2,NZ_BFCV01000021.1,dppB,286,4.312e-88,0.459
FW_TWAS_rep_1,GCF_003115115.2,NZ_BFCV01000030.1,ptsG,55,5.015e-10,0.372
FW_TWAS_rep_1,GCF_003115115.2,NZ_BFCV01000009.1,cat,94,7.27e-22,0.301
FW_TWAS_rep_1,GCF_003115115.2,NZ_BFCV01000010.1,dppB,244,5.118e-73,0.449
FW_TWAS_rep_1,GCF_003115115.2,NZ_BFCV01000004.1,tdcB,79,1.266e-17,0.269
FW_TWAS_rep_1,GCF_003115115.2,NZ_BFCV01000017.1,aldh,418,4.24e-125,0.501
FW_TWAS_rep_1,GCF_003115115.2,NZ_BFCV01000051.1,adhE,117,8.675e-30,0.338
FW_TWAS_rep_1,GCF_003115115.2,NZ_BFCV01000005.1,crt,223,1.547e-67,0.514
FW_TWAS_rep_1,GCF_003115115.2,NZ_BFCV01000021.1,oppA,186,2.012e-51,0.31
FW_TWAS_rep_1,GCF_003115115.2,NZ_BFCV01000038.1,hydA,48,9.875e-9,0.349
FW_TWAS_rep_1,GCF_003115115.2,NZ_BFCV01000027.1,oppA,170,5.8e-46,0.29
FW_TWAS_rep_1,GCF_003115115.2,NZ_BFCV01000007.1,pepA,349,7.058e-107,0.438
FW_TWAS_rep_1,GCF_003115115.2,NZ_BFCV01000010.1,acs,93,4.83e-21,0.245
FW_TWAS_rep_1,GCF_003115115.2,NZ_BFCV01000030.1,adhE,219,3.998e-64,0.358
FW_TWAS_rep_1,GCF_003115115.2,NZ_BFCV01000027.1,dppB,230,6.214e-69,0.423
FW_TWAS_rep_1,GCF_003115115.2,NZ_BFCV01000025.1,fadD,140,7.251e-36,0.303
FW_TWAS_rep_1,GCF_003115115.2,NZ_BFCV01000050.1,pepD,130,1.335e-35,0.389
FW_TWAS_rep_1,GCF_003115115.2,NZ_BFCV01000022.1,cazy_GH43,107,3.276e-27,0.298
FW_TWAS_rep_1,GCF_003115115.2,NZ_BFCV01000009.1,acs,109,1.25e-26,0.25
FW_TWAS_rep_1,GCF_003115115.2,NZ_BFCV01000033.1,dtpT,257,2.876e-75,0.333
FW_TWAS_rep_1,GCF_003115115.2,NZ_BFCV01000033.1,dppC,184,1.091e-53,0.398
FW_TWAS_rep_1,GCF_003115115.2,NZ_BFCV01000023.1,crt,48,4.823e-8,0.396
FW_TWAS_rep_1,GCF_003115115.2,NZ_BFCV01000035.1,oppA,431,2.781e-134,0.457
FW_TWAS_rep_1,GCF_003115115.2,NZ_BFCV01000025.1,glcP,198,1.38e-55,0.32
FW_TWAS_rep_1,GCF_003115115.2,NZ_BFCV01000075.1,oppA,239,4.561e-69,0.33
FW_TWAS_rep_1,GCF_003115115.2,NZ_BFCV01000056.1,xylA,499,9.512e-160,0.538
FW_TWAS_rep_1,GCF_003115115.2,NZ_BFCV01000009.1,pepQ,67,1.97e-14,0.294
FW_TWAS_rep_1,GCF_003115115.2,NZ_BFCV01000025.1,bgl,199,2.157e-56,0.317
FW_TWAS_rep_1,GCF_003115115.2,NZ_BFCV01000012.1,susC,44,2.62e-6,0.318
FW_TWAS_rep_1,GCF_003115115.2,NZ_BFCV01000024.1,adh,52,1.175e-9,0.269
FW_TWAS_rep_1,GCF_003115115.2,NZ_BFCV01000019.1,dppB,261,4.702e-79,0.443
FW_TWAS_rep_1,GCF_003115115.2,NZ_BFCV01000001.1,fadA,363,1.221e-113,0.521
FW_TWAS_rep_1,GCF_003115115.2,NZ_BFCV01000038.1,xylA,510,9.463e-163,0.551
FW_TWAS_rep_1,GCF_003115115.2,NZ_BFCV01000018.1,edd,810,3.13e-264,0.658
FW_TWAS_rep_1,GCF_003115115.2,NZ_BFCV01000042.1,xylF,105,1.542e-26,0.307
FW_TWAS_rep_1,GCF_003115115.2,NZ_BFCV01000001.1,thl,282,1.233e-85,0.455
FW_TWAS_rep_1,GCF_003115115.2,NZ_BFCV01000059.1,pfkA,259,1.327e-78,0.458
FW_TWAS_rep_1,GCF_003115115.2,NZ_BFCV01000010.1,fadD,138,6.932e-36,0.278
FW_TWAS_rep_1,GCF_003115115.2,NZ_BFCV01000027.1,dppA,173,9.868e-47,0.265
FW_TWAS_rep_1,GCF_003115115.2,NZ_BFCV01000088.1,aldh,583,1.042e-186,0.643
FW_TWAS_rep_1,GCF_003115115.2,NZ_BFCV01000019.1,ptsG,62,5.417e-12,0.335
FW_TWAS_rep_1,GCF_003115115.2,NZ_BFCV01000004.1,adh,47,5.885e-8,0.273
FW_TWAS_rep_1,GCF_003115115.2,NZ_BFCV01000032.1,gdh,562,2.971e-181,0.636
FW_TWAS_rep_1,GCF_003115115.2,NZ_BFCV01000043.1,fdhA,374,1.438e-109,0.331
FW_TWAS_rep_1,GCF_003115115.2,NZ_BFCV01000001.1,phospholipase,225,1.368e-67,0.479
FW_TWAS_rep_1,GCF_003115115.2,NZ_BFCV01000040.1,dppA,116,7.641e-29,0.254
FW_TWAS_rep_1,GCF_003115115.2,NZ_BFCV01000004.1,endopeptidase,188,2.126e-54,0.395
FW_TWAS_rep_1,GCF_003115115.2,NZ_BFCV01000006.1,rnfB,199,2.552e-60,0.595
FW_TWAS_rep_1,GCF_003115115.2,NZ_BFCV01000018.1,acs,142,6.286e-37,0.291
FW_TWAS_rep_1,GCF_003115115.2,NZ_BFCV01000050.1,pgi,713,9.131e-231,0.672
FW_TWAS_rep_1,GCF_003115115.2,NZ_BFCV01000075.1,glcP,72,2.751e-15,0.336
FW_TWAS_rep_1,GCF_003115115.2,NZ_BFCV01000011.1,fadA,243,8.706e-72,0.402
FW_TWAS_rep_1,GCF_003115115.2,NZ_BFCV01000004.1,mer,56,1.098e-10,0.245
FW_TWAS_rep_1,GCF_003115115.2,NZ_BFCV01000088.1,pfor,46,2.229e-7,0.285
FW_TWAS_rep_1,GCF_003115115.2,NZ_BFCV01000017.1,fdhA,551,3.378e-172,0.439
FW_TWAS_rep_1,GCF_003115115.2,NZ_BFCV01000005.1,fumB,739,1.915e-240,0.655
FW_TWAS_rep_1,GCF_003115115.2,NZ_BFCV01000037.1,bcd,104,1.068e-24,0.288
FW_TWAS_rep_1,GCF_003115115.2,NZ_BFCV01000003.1,glcP,204,7.879e-58,0.339
FW_TWAS_rep_1,GCF_003115115.2,NZ_BFCV01000025.1,fadA,327,4.552e-101,0.488
FW_TWAS_rep_1,GCF_003115115.2,NZ_BFCV01000004.1,aldh,63,2.6e-12,0.264
FW_TWAS_rep_1,GCF_003115115.2,NZ_BFCV01000005.1,fadA,365,7.741e-114,0.537
FW_TWAS_rep_1,GCF_003115115.2,NZ_BFCV01000037.1,pepD,511,9.125e-163,0.532
FW_TWAS_rep_1,GCF_003115115.2,NZ_BFCV01000034.1,dtpT,271,2.462e-80,0.369
FW_TWAS_rep_1,GCF_003115115.2,NZ_BFCV01000075.1,fdhA,109,2.619e-26,0.231
FW_TWAS_rep_1,GCF_003115115.2,NZ_BFCV01000017.1,adhE,1094,0.0,0.648
FW_TWAS_rep_1,GCF_003115115.2,NZ_BFCV01000027.1,hbd,164,2.785e-46,0.395
FW_TWAS_rep_1,GCF_003115115.2,NZ_BFCV01000004.1,glcP,226,2.014e-65,0.327
FW_TWAS_rep_1,GCF_003115115.2,NZ_BFCV01000023.1,ptsG,267,1.326e-78,0.346
FW_TWAS_rep_1,GCF_003115115.2,NZ_BFCV01000018.1,pyk,365,2.407e-112,0.471
FW_TWAS_rep_1,GCF_003115115.2,NZ_BFCV01000036.1,glcP,66,1.637e-13,0.311
FW_TWAS_rep_1,GCF_003115115.2,NZ_BFCV01000009.1,fadA,284,2.669e-86,0.432
FW_TWAS_rep_1,GCF_003115115.2,NZ_BFCV01000027.1,dtpT,282,5.344e-84,0.356
FW_TWAS_rep_1,GCF_003115115.2,NZ_BFCV01000005.1,aldh,65,5.006e-13,0.25
FW_TWAS_rep_1,GCF_003115115.2,NZ_BFCV01000001.1,etfA,114,8.207e-28,0.401
FW_TWAS_rep_1,GCF_003115115.2,NZ_BFCV01000005.1,hbd,268,8.658e-80,0.572
FW_TWAS_rep_1,GCF_003115115.2,NZ_BFCV01000040.1,dppB,153,3.296e-42,0.343
FW_TWAS_rep_1,GCF_003115115.2,NZ_BFCV01000040.1,agl,169,6.856e-46,0.324
FW_TWAS_rep_1,GCF_003115115.2,NZ_BFCV01000005.1,etfA,101,7.337e-26,0.333
FW_TWAS_rep_1,GCF_003115115.2,NZ_BFCV01000027.1,dppC,207,6.091e-59,0.393
FW_TWAS_rep_1,GCF_003115115.2,NZ_BFCV01000031.1,fdhA,192,1.348e-51,0.277
FW_TWAS_rep_1,GCF_003115115.2,NZ_BFCV01000004.1,gapA,255,3.471e-77,0.391
FW_TWAS_rep_1,GCF_003115115.2,NZ_BFCV01000001.1,hbd,194,9.198e-53,0.363
FW_TWAS_rep_1,GCF_003115115.2,NZ_BFCV01000021.1,dppC,249,1.183e-75,0.473
FW_TWAS_rep_1,GCF_003115115.2,NZ_BFCV01000007.1,cazy_GH13,173,6.274e-47,0.366
FW_TWAS_rep_1,GCF_003115115.2,NZ_BFCV01000017.1,fadE,72,2.907e-15,0.257
FW_TWAS_rep_1,GCF_003115115.2,NZ_BFCV01000011.1,frhG,46,1.009e-7,0.274
FW_TWAS_rep_1,GCF_003115115.2,NZ_BFCV01000011.1,pta,222,1.01e-61,0.43
FW_TWAS_rep_1,GCF_003115115.2,NZ_BFCV01000006.1,bgl,354,6.905e-109,0.404
FW_TWAS_rep_1,GCF_003115115.2,NZ_BFCV01000038.1,cazy_GH13,96,2.677e-22,0.293
FW_TWAS_rep_1,GCF_003115115.2,NZ_BFCV01000004.1,pepQ,187,2.98e-52,0.357
FW_TWAS_rep_1,GCF_003115115.2,NZ_BFCV01000050.1,fadD,136,1.114e-34,0.288
FW_TWAS_rep_1,GCF_003115115.2,NZ_BFCV01000018.1,eda,215,1.61e-65,0.542
FW_TWAS_rep_1,GCF_003115115.2,NZ_BFCV01000010.1,oppB,196,6.838e-58,0.416
FW_TWAS_rep_1,GCF_003115115.2,NZ_BFCV01000056.1,cazy_GH43,130,3.302e-33,0.323
FW_TWAS_rep_1,GCF_003115115.2,NZ_BFCV01000050.1,acs,839,3.501e-273,0.612
FW_TWAS_rep_1,GCF_003115115.2,NZ_BFCV01000005.1,cat,214,1.215e-64,0.504
FW_TWAS_rep_1,GCF_003115115.2,NZ_BFCV01000020.1,cazy_GH13,45,2.004e-6,0.239
FW_TWAS_rep_1,GCF_003115115.2,NZ_BFCV01000040.1,oppB,156,8.815e-44,0.37
FW_TWAS_rep_1,GCF_003115115.2,NZ_BFCV01000018.1,cazy_GH13,72,2.673e-15,0.252
FW_TWAS_rep_1,GCF_003115115.2,NZ_BFCV01000025.1,acs,104,1.072e-24,0.252
FW_TWAS_rep_1,GCF_003115115.2,NZ_BFCV01000024.1,aldh,85,4.006e-19,0.25
FW_TWAS_rep_1,GCF_003115115.2,NZ_BFCV01000005.1,gdh,439,4.666e-139,0.523
FW_TWAS_rep_1,GCF_003115115.2,NZ_BFCV01000017.1,pyk,460,7.319e-145,0.552
FW_TWAS_rep_1,GCF_003115115.2,NZ_BFCV01000009.1,pfkA,53,8.266e-10,0.26
FW_TWAS_rep_1,GCF_003115115.2,NZ_BFCV01000038.1,xylF,337,3.036e-105,0.546
FW_TWAS_rep_1,GCF_003115115.2,NZ_BFCV01000040.1,cazy_GH13,170,3.788e-46,0.357
FW_TWAS_rep_1,GCF_003115115.2,NZ_BFCV01000004.1,adhE,227,8.912e-67,0.375
FW_TWAS_rep_1,GCF_003115115.2,NZ_BFCV01000059.1,adhE,215,1.04e-62,0.373
FW_TWAS_rep_1,GCF_003115115.2,NZ_BFCV01000075.1,dppB,439,5.683e-140,0.675
FW_TWAS_rep_1,GCF_003115115.2,NZ_BFCV01000036.1,cazy_GH13,131,2.378e-33,0.319
FW_TWAS_rep_1,GCF_003115115.2,NZ_BFCV01000178.1,cazy_CE8,179,1.357e-53,0.476
FW_TWAS_rep_1,GCF_003115115.2,NZ_BFCV01000032.1,oppB,164,1.28e-46,0.384
FW_TWAS_rep_1,GCF_003115115.2,NZ_BFCV01000001.1,edd,229,8.522e-65,0.324
FW_TWAS_rep_1,GCF_003115115.2,NZ_BFCV01000019.1,pfkA,146,1.834e-40,0.371
FW_TWAS_rep_1,GCF_003115115.2,NZ_BFCV01000018.1,fadD,255,7.197e-74,0.358
FW_TWAS_rep_1,GCF_003115115.2,NZ_BFCV01000025.1,aldh,206,9.775e-59,0.356
FW_TWAS_rep_1,GCF_003115115.2,NZ_BFCV01000024.1,adhE,91,4.377e-21,0.276
FW_TWAS_rep_1,GCF_003115115.2,NZ_BFCV01000009.1,adhE,143,1.682e-38,0.284
FW_TWAS_rep_1,GCF_003115115.2,NZ_BFCV01000058.1,ptsG,267,1.337e-77,0.343
FW_TWAS_rep_1,GCF_003115115.2,NZ_BFCV01000011.1,fdhA,77,2.399e-16,0.233
FW_TWAS_rep_1,GCF_003115115.2,NZ_BFCV01000011.1,etfA,112,2.966e-27,0.431
FW_TWAS_rep_1,GCF_003115115.2,NZ_BFCV01000011.1,ackA,370,7.57e-116,0.498
FW_TWAS_rep_1,GCF_003115115.2,NZ_BFCV01000019.1,dppC,263,8.937e-81,0.498
FW_TWAS_rep_1,GCA_018604165.1,CP075895.1,cat,264,3.026e-82,0.594
FW_TWAS_rep_1,GCA_018604165.1,CP075895.1,bcd,381,5.454e-120,0.526
FW_TWAS_rep_1,GCA_018604165.1,CP075895.1,susC,84,1.824e-18,0.303
FW_TWAS_rep_1,GCA_018604165.1,CP075895.1,fhs,634,4.283e-204,0.571
FW_TWAS_rep_1,GCA_018604165.1,CP075895.1,fadE,266,3.62e-80,0.407
FW_TWAS_rep_1,GCA_018604165.1,CP075895.1,hydA,79,1.216e-17,0.273
FW_TWAS_rep_1,GCA_018604165.1,CP075895.1,hbd,291,4.58e-90,0.498
FW_TWAS_rep_1,GCA_018604165.1,CP075895.1,extracellular_protease,72,1.65e-14,0.307
FW_TWAS_rep_1,GCA_018604165.1,CP075895.1,pta,169,9.525e-45,0.349
FW_TWAS_rep_1,GCA_018604165.1,CP075895.1,crt,223,1.966e-67,0.455
FW_TWAS_rep_1,GCA_018604165.1,CP075895.1,pepO,675,4.53e-216,0.508
FW_TWAS_rep_1,GCA_018604165.1,CP075895.1,dppB,238,3.462e-71,0.43
FW_TWAS_rep_1,GCA_018604165.1,CP075895.1,pepT,223,7.152e-65,0.384
FW_TWAS_rep_1,GCA_018604165.1,CP075895.1,ilvE,283,1.402e-86,0.43
FW_TWAS_rep_1,GCA_018604165.1,CP075895.1,lctB,235,1.362e-71,0.449
FW_TWAS_rep_1,GCA_018604165.1,CP075895.1,acs,730,6.081e-236,0.572
FW_TWAS_rep_1,GCA_018604165.1,CP075895.1,etfA,199,3.042e-58,0.412
FW_TWAS_rep_1,GCA_018604165.1,CP075895.1,folD,299,2.987e-93,0.523
FW_TWAS_rep_1,GCA_018604165.1,CP075895.1,dtpT,401,3.976e-123,0.432
FW_TWAS_rep_1,GCA_018604165.1,CP075895.1,pepN,172,1.823e-45,0.279
FW_TWAS_rep_1,GCA_018604165.1,CP075895.1,gapA,298,4.889e-92,0.489
FW_TWAS_rep_1,GCA_018604165.1,CP075895.1,pfkA,264,2.45e-80,0.46
FW_TWAS_rep_1,GCA_018604165.1,CP075895.1,fadD,330,5.032e-99,0.371
FW_TWAS_rep_1,GCA_018604165.1,CP075895.1,sucD,319,5.011e-99,0.57
FW_TWAS_rep_1,GCA_018604165.1,CP075895.1,dppC,195,3.011e-56,0.479
FW_TWAS_rep_1,GCA_018604165.1,CP075895.1,mmcG,106,3.821e-29,0.419
FW_TWAS_rep_1,GCA_018604165.1,CP075895.1,pepA,319,3.434e-97,0.467
FW_TWAS_rep_1,GCA_018604165.1,CP075895.1,mmcF,172,7.956e-52,0.605
FW_TWAS_rep_1,GCA_018604165.1,CP075895.1,oppB,205,1.313e-59,0.472
FW_TWAS_rep_1,GCA_018604165.1,CP075895.1,etfB,169,5.426e-49,0.436
FW_TWAS_rep_1,GCA_018604165.1,CP075895.1,pepQ,129,1.811e-33,0.36
FW_TWAS_rep_1,GCA_018604165.1,CP075895.1,mdh,242,3.586e-73,0.429
FW_TWAS_rep_1,GCA_018604165.1,CP075895.1,frhG,44,1.042e-7,0.342
FW_TWAS_rep_1,GCA_018604165.1,CP075895.1,gdh,509,2.636e-162,0.555
FW_TWAS_rep_1,GCA_018604165.1,CP075895.1,fadB,191,1.384e-55,0.379
FW_TWAS_rep_1,GCA_018604165.1,CP075895.1,lctD,76,6.159e-18,0.322
FW_TWAS_rep_1,GCA_018604165.1,CP075895.1,thl,417,2.428e-132,0.564
FW_TWAS_rep_1,GCA_018604165.1,CP075895.1,fdhA,188,1.772e-50,0.282
FW_TWAS_rep_1,GCA_018604165.1,CP075895.1,cazy_GH5,79,2.19e-17,0.276
FW_TWAS_rep_1,GCA_018604165.1,CP075895.1,lctC,378,1.443e-117,0.464
FW_TWAS_rep_1,GCA_018604165.1,CP075895.1,endopeptidase,46,8.233e-8,0.28
FW_TWAS_rep_1,GCA_018604165.1,CP075895.1,mmcE,678,7.058e-220,0.659
FW_TWAS_rep_1,GCA_018604165.1,CP075895.1,sucC,346,1.981e-107,0.469
FW_TWAS_rep_1,GCA_018604165.1,CP075895.1,pyk,370,1.951e-114,0.443
FW_TWAS_rep_1,GCA_018604165.1,CP075895.1,fadA,377,5.711e-118,0.523
FW_TWAS_rep_1,GCA_018604165.1,CP075895.1,adh,75,3.161e-17,0.303
FW_TWAS_rep_1,GCA_018604165.1,CP075895.1,dppA,161,6.116e-43,0.263
FW_TWAS_rep_1,GCA_018604165.1,CP075895.1,acylglycerol_lipase,46,3.713e-7,0.259
FW_TWAS_rep_1,GCA_018604165.1,CP075895.1,oppA,177,6.48e-48,0.291
FW_TWAS_rep_1,GCF_030238425.1,NZ_JASSKE010000012.1,tdcB,321,5.216e-100,0.517
FW_TWAS_rep_1,GCF_030238425.1,NZ_JASSKE010000018.1,acylglycerol_lipase,74,3.917e-16,0.248
FW_TWAS_rep_1,GCF_030238425.1,NZ_JASSKE010000019.1,glcP,43,1.915e-6,0.229
FW_TWAS_rep_1,GCF_030238425.1,NZ_JASSKE010000002.1,gdh,566,2.113e-182,0.642
FW_TWAS_rep_1,GCF_030238425.1,NZ_JASSKE010000002.1,dtpT,279,5.607e-83,0.333
FW_TWAS_rep_1,GCF_030238425.1,NZ_JASSKE010000003.1,fadA,310,3.522e-95,0.497
FW_TWAS_rep_1,GCF_030238425.1,NZ_JASSKE010000003.1,pepQ,151,2.145e-41,0.332
FW_TWAS_rep_1,GCF_030238425.1,NZ_JASSKE010000010.1,crt,115,1.172e-30,0.325
FW_TWAS_rep_1,GCF_030238425.1,NZ_JASSKE010000009.1,oppB,311,5.075e-97,0.535
FW_TWAS_rep_1,GCF_030238425.1,NZ_JASSKE010000005.1,fadD,131,3.455e-33,0.272
FW_TWAS_rep_1,GCF_030238425.1,NZ_JASSKE010000003.1,hbd,213,1.318e-58,0.355
FW_TWAS_rep_1,GCF_030238425.1,NZ_JASSKE010000003.1,frhG,46,9.635e-8,0.274
FW_TWAS_rep_1,GCF_030238425.1,NZ_JASSKE010000018.1,etfA,109,3.458e-26,0.372
FW_TWAS_rep_1,GCF_030238425.1,NZ_JASSKE010000001.1,lctD,68,8.471e-15,0.372
FW_TWAS_rep_1,GCF_030238425.1,NZ_JASSKE010000005.1,adhE,409,4.177e-127,0.501
FW_TWAS_rep_1,GCF_030238425.1,NZ_JASSKE010000005.1,sucD,372,1.151e-118,0.609
FW_TWAS_rep_1,GCF_030238425.1,NZ_JASSKE010000017.1,endopeptidase,287,3.177e-86,0.401
FW_TWAS_rep_1,GCF_030238425.1,NZ_JASSKE010000007.1,rnfB,42,7.234e-7,0.298
FW_TWAS_rep_1,GCF_030238425.1,NZ_JASSKE010000018.1,thl,276,7.139e-84,0.453
FW_TWAS_rep_1,GCF_030238425.1,NZ_JASSKE010000004.1,crt,163,2.586e-46,0.393
FW_TWAS_rep_1,GCF_030238425.1,NZ_JASSKE010000008.1,adhE,120,1.09e-30,0.272
FW_TWAS_rep_1,GCF_030238425.1,NZ_JASSKE010000010.1,cazy_GH13,177,5.038e-48,0.37
FW_TWAS_rep_1,GCF_030238425.1,NZ_JASSKE010000005.1,dppA,139,3.781e-36,0.257
FW_TWAS_rep_1,GCF_030238425.1,NZ_JASSKE010000001.1,dppC,252,1.32e-76,0.473
FW_TWAS_rep_1,GCF_030238425.1,NZ_JASSKE010000016.1,adhE,235,8.699e-70,0.368
FW_TWAS_rep_1,GCF_030238425.1,NZ_JASSKE010000002.1,rnfB,192,5.385e-58,0.585
FW_TWAS_rep_1,GCF_030238425.1,NZ_JASSKE010000003.1,thl,420,3.757e-133,0.626
FW_TWAS_rep_1,GCF_030238425.1,NZ_JASSKE010000001.1,lctC,446,8.733e-141,0.488
FW_TWAS_rep_1,GCF_030238425.1,NZ_JASSKE010000001.1,fdhA,190,2.965e-51,0.27
FW_TWAS_rep_1,GCF_030238425.1,NZ_JASSKE010000003.1,dppB,164,1.06e-45,0.301
FW_TWAS_rep_1,GCF_030238425.1,NZ_JASSKE010000001.1,acs,518,8.274e-163,0.443
FW_TWAS_rep_1,GCF_030238425.1,NZ_JASSKE010000004.1,fadE,184,1.417e-52,0.343
FW_TWAS_rep_1,GCF_030238425.1,NZ_JASSKE010000007.1,agl,91,9.197e-21,0.263
FW_TWAS_rep_1,GCF_030238425.1,NZ_JASSKE010000012.1,endopeptidase,188,2.059e-54,0.399
FW_TWAS_rep_1,GCF_030238425.1,NZ_JASSKE010000003.1,etfA,114,8.056e-28,0.361
FW_TWAS_rep_1,GCF_030238425.1,NZ_JASSKE010000001.1,sucC,376,7.685e-118,0.501
FW_TWAS_rep_1,GCF_030238425.1,NZ_JASSKE010000007.1,xylF,340,3.376e-106,0.571
FW_TWAS_rep_1,GCF_030238425.1,NZ_JASSKE010000004.1,frhB,41,3.879e-6,0.386
FW_TWAS_rep_1,GCF_030238425.1,NZ_JASSKE010000003.1,fadB,445,2.783e-136,0.379
FW_TWAS_rep_1,GCF_030238425.1,NZ_JASSKE010000002.1,pfor,1395,0.0,0.601
FW_TWAS_rep_1,GCF_030238425.1,NZ_JASSKE010000009.1,dppB,266,2.365e-81,0.452
FW_TWAS_rep_1,GCF_030238425.1,NZ_JASSKE010000014.1,hydA,49,3.458e-9,0.363
FW_TWAS_rep_1,GCF_030238425.1,NZ_JASSKE010000011.1,rnfB,40,3.557e-6,0.233
FW_TWAS_rep_1,GCF_030238425.1,NZ_JASSKE010000019.1,susC,44,1.987e-6,0.318
FW_TWAS_rep_1,GCF_030238425.1,NZ_JASSKE010000018.1,ptsG,415,2.419e-129,0.468
FW_TWAS_rep_1,GCF_030238425.1,NZ_JASSKE010000001.1,pepN,408,3.441e-122,0.408
FW_TWAS_rep_1,GCF_030238425.1,NZ_JASSKE010000004.1,mmcG,42,4.768e-7,0.292
FW_TWAS_rep_1,GCF_030238425.1,NZ_JASSKE010000015.1,pfkA,258,3.067e-78,0.471
FW_TWAS_rep_1,GCF_030238425.1,NZ_JASSKE010000001.1,dppA,227,2.768e-64,0.317
FW_TWAS_rep_1,GCF_030238425.1,NZ_JASSKE010000001.1,adhE,163,4.359e-45,0.285
FW_TWAS_rep_1,GCF_030238425.1,NZ_JASSKE010000001.1,ptsG,517,4.832e-165,0.57
FW_TWAS_rep_1,GCF_030238425.1,NZ_JASSKE010000005.1,sucC,353,3.931e-110,0.481
FW_TWAS_rep_1,GCF_030238425.1,NZ_JASSKE010000009.1,adhE,1101,0.0,0.65
FW_TWAS_rep_1,GCF_030238425.1,NZ_JASSKE010000005.1,pepD,136,8.393e-38,0.429
FW_TWAS_rep_1,GCF_030238425.1,NZ_JASSKE010000018.1,eda,120,3.278e-32,0.418
FW_TWAS_rep_1,GCF_030238425.1,NZ_JASSKE010000002.1,adh,48,2.459e-8,0.245
FW_TWAS_rep_1,GCF_030238425.1,NZ_JASSKE010000007.1,xylA,499,4.103e-159,0.552
FW_TWAS_rep_1,GCF_030238425.1,NZ_JASSKE010000005.1,crt,159,2.267e-45,0.408
FW_TWAS_rep_1,GCF_030238425.1,NZ_JASSKE010000003.1,lysophospholipase,66,2.792e-14,0.28
FW_TWAS_rep_1,GCF_030238425.1,NZ_JASSKE010000002.1,dppB,234,2.149e-70,0.377
FW_TWAS_rep_1,GCF_030238425.1,NZ_JASSKE010000006.1,dtpT,263,1.326e-77,0.332
FW_TWAS_rep_1,GCF_030238425.1,NZ_JASSKE010000002.1,adhE,48,5.713e-8,0.233
FW_TWAS_rep_1,GCF_030238425.1,NZ_JASSKE010000001.1,fadD,151,8.131e-40,0.297
FW_TWAS_rep_1,GCF_030238425.1,NZ_JASSKE010000002.1,oppB,166,2.457e-47,0.373
FW_TWAS_rep_1,GCF_030238425.1,NZ_JASSKE010000005.1,fadB,119,9.194e-32,0.392
FW_TWAS_rep_1,GCF_030238425.1,NZ_JASSKE010000003.1,fdhA,367,9.529e-109,0.334
FW_TWAS_rep_1,GCF_030238425.1,NZ_JASSKE010000001.1,pepD,521,1.732e-166,0.538
FW_TWAS_rep_1,GCF_030238425.1,NZ_JASSKE010000018.1,phospholipase,222,2.53e-66,0.437
FW_TWAS_rep_1,GCF_030238425.1,NZ_JASSKE010000012.1,mdh,157,6.767e-44,0.388
FW_TWAS_rep_1,GCF_030238425.1,NZ_JASSKE010000009.1,fdhA,53,5.457e-9,0.228
FW_TWAS_rep_1,GCF_030238425.1,NZ_JASSKE010000002.1,ptsG,325,9.046e-97,0.401
FW_TWAS_rep_1,GCF_030238425.1,NZ_JASSKE010000007.1,bgl,216,2.558e-62,0.318
FW_TWAS_rep_1,GCF_030238425.1,NZ_JASSKE010000007.1,cazy_GH13,96,1.87e-22,0.273
FW_TWAS_rep_1,GCF_030238425.1,NZ_JASSKE010000012.1,mer,56,1.459e-10,0.245
FW_TWAS_rep_1,GCF_030238425.1,NZ_JASSKE010000006.1,cazy_GH13,71,9.818e-15,0.272
FW_TWAS_rep_1,GCF_030238425.1,NZ_JASSKE010000003.1,oppB,173,6.57e-49,0.323
FW_TWAS_rep_1,GCF_030238425.1,NZ_JASSKE010000005.1,fumB,746,4.876e-243,0.665
FW_TWAS_rep_1,GCF_030238425.1,NZ_JASSKE010000002.1,cat,73,1.631e-15,0.301
FW_TWAS_rep_1,GCF_030238425.1,NZ_JASSKE010000011.1,acs,112,4.064e-27,0.266
FW_TWAS_rep_1,GCF_030238425.1,NZ_JASSKE010000011.1,bgl,207,6.412e-59,0.318
FW_TWAS_rep_1,GCF_030238425.1,NZ_JASSKE010000018.1,lysophospholipase,205,4.6e-60,0.436
FW_TWAS_rep_1,GCF_030238425.1,NZ_JASSKE010000014.1,frhB,43,3.161e-7,0.363
FW_TWAS_rep_1,GCF_030238425.1,NZ_JASSKE010000003.1,fadD,127,8.736e-33,0.28
FW_TWAS_rep_1,GCF_030238425.1,NZ_JASSKE010000002.1,fadE,176,1.912e-49,0.324
FW_TWAS_rep_1,GCF_030238425.1,NZ_JASSKE010000001.1,frhA,99,2.585e-23,0.236
FW_TWAS_rep_1,GCF_030238425.1,NZ_JASSKE010000003.1,pta,212,7.684e-62,0.404
FW_TWAS_rep_1,GCF_030238425.1,NZ_JASSKE010000005.1,dtpT,259,2.245e-76,0.379
FW_TWAS_rep_1,GCF_030238425.1,NZ_JASSKE010000014.1,frhG,44,1.292e-7,0.381
FW_TWAS_rep_1,GCF_030238425.1,NZ_JASSKE010000002.1,hydA,45,1.399e-7,0.351
FW_TWAS_rep_1,GCF_030238425.1,NZ_JASSKE010000001.1,lctB,229,4.035e-70,0.497
FW_TWAS_rep_1,GCF_030238425.1,NZ_JASSKE010000002.1,pyk,459,4.228e-144,0.551
FW_TWAS_rep_1,GCF_030238425.1,NZ_JASSKE010000008.1,oppA,407,5.417e-126,0.449
FW_TWAS_rep_1,GCF_030238425.1,NZ_JASSKE010000006.1,oppA,231,3.217e-66,0.319
FW_TWAS_rep_1,GCF_030238425.1,NZ_JASSKE010000002.1,eda,215,1.985e-65,0.532
FW_TWAS_rep_1,GCF_030238425.1,NZ_JASSKE010000003.1,dppC,130,9.153e-35,0.339
FW_TWAS_rep_1,GCF_030238425.1,NZ_JASSKE010000011.1,fadD,130,1.064e-32,0.329
FW_TWAS_rep_1,GCF_030238425.1,NZ_JASSKE010000008.1,mvhA,109,1.985e-26,0.226
FW_TWAS_rep_1,GCF_030238425.1,NZ_JASSKE010000003.1,lctB,86,8.139e-20,0.294
FW_TWAS_rep_1,GCF_030238425.1,NZ_JASSKE010000015.1,fdhA,308,2.153e-89,0.323
FW_TWAS_rep_1,GCF_030238425.1,NZ_JASSKE010000011.1,gapA,263,1.508e-79,0.403
FW_TWAS_rep_1,GCF_030238425.1,NZ_JASSKE010000010.1,etfA,100,2.563e-25,0.34
FW_TWAS_rep_1,GCF_030238425.1,NZ_JASSKE010000003.1,acylglycerol_lipase,46,1.005e-7,0.304
FW_TWAS_rep_1,GCF_030238425.1,NZ_JASSKE010000005.1,oppA,136,2.9e-35,0.252
FW_TWAS_rep_1,GCF_030238425.1,NZ_JASSKE010000002.1,oppA,443,2.459e-138,0.461
FW_TWAS_rep_1,GCF_030238425.1,NZ_JASSKE010000003.1,pfkA,149,4.989e-41,0.375
FW_TWAS_rep_1,GCF_030238425.1,NZ_JASSKE010000011.1,hydA,46,5.964e-7,0.36
FW_TWAS_rep_1,GCF_030238425.1,NZ_JASSKE010000006.1,fdhA,123,2.025e-30,0.247
FW_TWAS_rep_1,GCF_030238425.1,NZ_JASSKE010000018.1,hbd,198,8.012e-54,0.37
FW_TWAS_rep_1,GCF_030238425.1,NZ_JASSKE010000002.1,dppC,235,3.395e-71,0.47
FW_TWAS_rep_1,GCF_030238425.1,NZ_JASSKE010000013.1,fdhA,137,1.286e-34,0.259
FW_TWAS_rep_1,GCF_030238425.1,NZ_JASSKE010000010.1,agl,259,5.629e-75,0.374
FW_TWAS_rep_1,GCF_030238425.1,NZ_JASSKE010000004.1,glcP,80,8.781e-18,0.22
FW_TWAS_rep_1,GCF_030238425.1,NZ_JASSKE010000003.1,oppA,98,4.752e-23,0.237
FW_TWAS_rep_1,GCF_030238425.1,NZ_JASSKE010000004.1,acs,156,1.084e-41,0.268
FW_TWAS_rep_1,GCF_030238425.1,NZ_JASSKE010000018.1,pepQ,87,7.008e-20,0.281
FW_TWAS_rep_1,GCF_030238425.1,NZ_JASSKE010000006.1,dppA,775,2.26e-253,0.689
FW_TWAS_rep_1,GCF_030238425.1,NZ_JASSKE010000004.1,frhG,42,2.2e-6,0.313
FW_TWAS_rep_1,GCF_030238425.1,NZ_JASSKE010000003.1,adhE,201,5.994e-58,0.354
FW_TWAS_rep_1,GCF_030238425.1,NZ_JASSKE010000016.1,glcP,66,1.481e-13,0.273
FW_TWAS_rep_1,GCF_030238425.1,NZ_JASSKE010000005.1,fdhA,450,1.95e-140,0.436
FW_TWAS_rep_1,GCF_030238425.1,NZ_JASSKE010000019.1,fadD,136,4.619e-35,0.302
FW_TWAS_rep_1,GCF_030238425.1,NZ_JASSKE010000005.1,rnfB,44,4.18e-7,0.284
FW_TWAS_rep_1,GCF_030238425.1,NZ_JASSKE010000003.1,aldh,213,8.22e-61,0.359
FW_TWAS_rep_1,GCF_030238425.1,NZ_JASSKE010000002.1,fdhA,298,5.198e-86,0.319
FW_TWAS_rep_1,GCF_030238425.1,NZ_JASSKE010000005.1,cat,87,1.161e-19,0.308
FW_TWAS_rep_1,GCF_030238425.1,NZ_JASSKE010000010.1,cat,99,1.275e-23,0.3
FW_TWAS_rep_1,GCF_030238425.1,NZ_JASSKE010000003.1,mvhG,42,9.882e-7,0.323
FW_TWAS_rep_1,GCF_030238425.1,NZ_JASSKE010000007.1,ptsG,50,2.778e-8,0.322
FW_TWAS_rep_1,GCF_030238425.1,NZ_JASSKE010000013.1,cazy_GH13,68,5.533e-14,0.239
FW_TWAS_rep_1,GCF_030238425.1,NZ_JASSKE010000001.1,sucD,381,2.066e-121,0.672
FW_TWAS_rep_1,GCF_030238425.1,NZ_JASSKE010000004.1,pepQ,71,8.402e-16,0.27
FW_TWAS_rep_1,GCF_030238425.1,NZ_JASSKE010000001.1,rnfB,43,1.396e-6,0.488
FW_TWAS_rep_1,GCF_030238425.1,NZ_JASSKE010000005.1,oppB,192,1.554e-56,0.408
FW_TWAS_rep_1,GCF_030238425.1,NZ_JASSKE010000002.1,glcP,63,1.353e-12,0.303
FW_TWAS_rep_1,GCF_030238425.1,NZ_JASSKE010000005.1,etfA,124,1.221e-33,0.372
FW_TWAS_rep_1,GCF_030238425.1,NZ_JASSKE010000004.1,fadB,107,2.547e-27,0.302
FW_TWAS_rep_1,GCF_030238425.1,NZ_JASSKE010000002.1,dppA,417,1.726e-129,0.41
FW_TWAS_rep_1,GCF_030238425.1,NZ_JASSKE010000002.1,frhB,49,6.228e-9,0.51
FW_TWAS_rep_1,GCF_030238425.1,NZ_JASSKE010000006.1,dppC,421,3.587e-135,0.71
FW_TWAS_rep_1,GCF_030238425.1,NZ_JASSKE010000015.1,rnfB,41,5.662e-6,0.289
FW_TWAS_rep_1,GCF_030238425.1,NZ_JASSKE010000009.1,aldh,426,6.91e-128,0.509
FW_TWAS_rep_1,GCF_030238425.1,NZ_JASSKE010000004.1,fadD,168,1.471e-45,0.291
FW_TWAS_rep_1,GCF_030238425.1,NZ_JASSKE010000002.1,gapA,493,1.037e-159,0.719
FW_TWAS_rep_1,GCF_030238425.1,NZ_JASSKE010000001.1,mvhA,105,2.898e-25,0.224
FW_TWAS_rep_1,GCF_030238425.1,NZ_JASSKE010000011.1,thl,401,1.545e-126,0.573
FW_TWAS_rep_1,GCF_030238425.1,NZ_JASSKE010000011.1,mmcE,298,7.25e-92,0.496
FW_TWAS_rep_1,GCF_030238425.1,NZ_JASSKE010000018.1,ilvE,162,1.774e-45,0.357
FW_TWAS_rep_1,GCF_030238425.1,NZ_JASSKE010000018.1,edd,226,8.631e-64,0.324
FW_TWAS_rep_1,GCF_030238425.1,NZ_JASSKE010000002.1,pfkA,259,3.562e-79,0.488
FW_TWAS_rep_1,GCF_030238425.1,NZ_JASSKE010000003.1,ackA,372,2.971e-116,0.51
FW_TWAS_rep_1,GCF_030238425.1,NZ_JASSKE010000009.1,dppC,244,6.09e-74,0.464
FW_TWAS_rep_1,GCF_030238425.1,NZ_JASSKE010000003.1,acs,47,1.614e-7,0.225
FW_TWAS_rep_1,GCF_030238425.1,NZ_JASSKE010000006.1,dppB,438,1.477e-140,0.663
FW_TWAS_rep_1,GCF_030238425.1,NZ_JASSKE010000005.1,aldh,580,1.044e-185,0.575
FW_TWAS_rep_1,GCF_030238425.1,NZ_JASSKE010000002.1,frhG,41,2.622e-6,0.307
FW_TWAS_rep_1,GCF_030238425.1,NZ_JASSKE010000011.1,adh,63,3.529e-13,0.241
FW_TWAS_rep_1,GCF_030238425.1,NZ_JASSKE010000001.1,frhG,44,7.1e-7,0.223
FW_TWAS_rep_1,GCF_030238425.1,NZ_JASSKE010000007.1,adhE,231,2.221e-68,0.391
FW_TWAS_rep_1,GCF_030238425.1,NZ_JASSKE010000008.1,frhA,135,9.955e-35,0.259
FW_TWAS_rep_1,GCF_030238425.1,NZ_JASSKE010000008.1,pfkA,61,5.777e-12,0.26
FW_TWAS_rep_1,GCF_030238425.1,NZ_JASSKE010000012.1,ackA,376,8.058e-118,0.488
FW_TWAS_rep_1,GCF_030238425.1,NZ_JASSKE010000009.1,oppA,463,4.585e-145,0.467
FW_TWAS_rep_1,GCF_030238425.1,NZ_JASSKE010000011.1,glcP,221,7.181e-64,0.332
FW_TWAS_rep_1,GCF_030238425.1,NZ_JASSKE010000001.1,xylF,90,1.211e-21,0.282
FW_TWAS_rep_1,GCF_030238425.1,NZ_JASSKE010000011.1,fadA,320,1.207e-98,0.493
FW_TWAS_rep_1,GCF_030238425.1,NZ_JASSKE010000001.1,hydA,41,2.56e-6,0.361
FW_TWAS_rep_1,GCF_030238425.1,NZ_JASSKE010000001.1,oppB,252,1.731e-76,0.477
FW_TWAS_rep_1,GCF_030238425.1,NZ_JASSKE010000002.1,edd,824,1.228e-268,0.678
FW_TWAS_rep_1,GCF_030238425.1,NZ_JASSKE010000005.1,ackA,69,1.236e-15,0.418
FW_TWAS_rep_1,GCF_030238425.1,NZ_JASSKE010000002.1,endopeptidase,230,7.695e-65,0.43
FW_TWAS_rep_1,GCF_030238425.1,NZ_JASSKE010000001.1,folD,327,1.733e-102,0.589
FW_TWAS_rep_1,GCF_030238425.1,NZ_JASSKE010000003.1,pepA,259,4.23e-77,0.434
FW_TWAS_rep_1,GCF_030238425.1,NZ_JASSKE010000010.1,fadB,98,6.419e-25,0.358
FW_TWAS_rep_1,GCF_030238425.1,NZ_JASSKE010000008.1,lctB,89,1.559e-20,0.243
FW_TWAS_rep_1,GCF_030238425.1,NZ_JASSKE010000018.1,tdcB,303,4.169e-91,0.463
FW_TWAS_rep_1,GCF_030238425.1,NZ_JASSKE010000020.1,fadE,74,1.978e-15,0.254
FW_TWAS_rep_1,GCF_030238425.1,NZ_JASSKE010000006.1,oppB,246,1.064e-74,0.475
FW_TWAS_rep_1,GCF_030238425.1,NZ_JASSKE010000003.1,hydA,44,1.901e-6,0.327
FW_TWAS_rep_1,GCF_030238425.1,NZ_JASSKE010000016.1,pfkA,63,9.138e-13,0.282
FW_TWAS_rep_1,GCF_030238425.1,NZ_JASSKE010000019.1,acs,121,1.556e-30,0.266
FW_TWAS_rep_1,GCF_030238425.1,NZ_JASSKE010000011.1,ptsG,298,4.661e-89,0.378
FW_TWAS_rep_1,GCF_030238425.1,NZ_JASSKE010000001.1,cazy_GH13,126,1.318e-31,0.322
FW_TWAS_rep_1,GCF_030238425.1,NZ_JASSKE010000001.1,dtpT,264,2.823e-77,0.355
FW_TWAS_rep_1,GCF_030238425.1,NZ_JASSKE010000007.1,eda,113,1.472e-30,0.344
FW_TWAS_rep_1,GCF_030238425.1,NZ_JASSKE010000001.1,dppB,284,1.19e-87,0.441
FW_TWAS_rep_1,GCF_030238425.1,NZ_JASSKE010000014.1,frhA,102,2.07e-24,0.258
FW_TWAS_rep_1,GCF_030238425.1,NZ_JASSKE010000005.1,dppC,236,1.28e-71,0.453
FW_TWAS_rep_1,GCF_030238425.1,NZ_JASSKE010000003.1,frhB,44,2.785e-7,0.371
FW_TWAS_rep_1,GCF_030238425.1,NZ_JASSKE010000018.1,fadB,1045,0.0,0.73
FW_TWAS_rep_1,GCF_030238425.1,NZ_JASSKE010000024.1,edd,178,9.37e-48,0.319
FW_TWAS_rep_1,GCF_030238425.1,NZ_JASSKE010000004.1,etfA,138,1.694e-37,0.378
FW_TWAS_rep_1,GCF_030238425.1,NZ_JASSKE010000007.1,crt,48,3.791e-8,0.392
FW_TWAS_rep_1,GCF_030238425.1,NZ_JASSKE010000003.1,cat,289,3.284e-91,0.613
FW_TWAS_rep_1,GCF_030238425.1,NZ_JASSKE010000002.1,fumB,743,6.031e-242,0.665
FW_TWAS_rep_1,GCF_030238425.1,NZ_JASSKE010000011.1,pepQ,194,2.201e-54,0.369
FW_TWAS_rep_1,GCF_030238425.1,NZ_JASSKE010000005.1,dppB,248,2.216e-74,0.453
FW_TWAS_rep_1,GCF_030238425.1,NZ_JASSKE010000001.1,pepT,258,4.486e-77,0.416
FW_TWAS_rep_1,GCF_030238425.1,NZ_JASSKE010000010.1,pepA,351,1.088e-107,0.438
FW_TWAS_rep_1,GCF_030238425.1,NZ_JASSKE010000008.1,lctC,47,1.704e-7,0.25
FW_TWAS_rep_1,GCF_030238425.1,NZ_JASSKE010000016.1,etfA,90,1.593e-21,0.334
FW_TWAS_rep_1,GCF_030238425.1,NZ_JASSKE010000009.1,dppA,305,4.664e-91,0.373
FW_TWAS_rep_1,GCF_030238425.1,NZ_JASSKE010000005.1,pgi,727,3.676e-236,0.689
FW_TWAS_rep_1,GCF_030238425.1,NZ_JASSKE010000018.1,crt,131,7.816e-33,0.377
FW_TWAS_rep_1,GCF_030238425.1,NZ_JASSKE010000001.1,agl,92,3.174e-21,0.273
FW_TWAS_rep_1,GCF_030238425.1,NZ_JASSKE010000008.1,dppA,286,1.657e-84,0.344
FW_TWAS_rep_1,GCF_030238425.1,NZ_JASSKE010000005.1,acs,834,2.806e-271,0.603
FW_TWAS_rep_1,GCF_030238425.1,NZ_JASSKE010000002.1,bcd,174,8.835e-49,0.322
FW_TWAS_rep_1,GCF_030238425.1,NZ_JASSKE010000002.1,fadD,259,1.942e-75,0.36
FW_TWAS_rep_1,GCF_030238425.1,NZ_JASSKE010000002.1,acs,160,1.497e-42,0.279
FW_TWAS_rep_1,GCF_030238425.1,NZ_JASSKE010000003.1,crt,132,8.288e-36,0.361
FW_TWAS_rep_1,GCF_030238425.1,NZ_JASSKE010000002.1,etfA,136,6.863e-37,0.347
FW_TWAS_rep_1,GCF_030238425.1,NZ_JASSKE010000020.1,bcd,106,4.838e-25,0.284
FW_TWAS_rep_1,GCF_030238425.1,NZ_JASSKE010000008.1,fadD,133,5.845e-34,0.283
FW_TWAS_rep_1,GCF_030238425.1,NZ_JASSKE010000001.1,oppA,201,6.078e-56,0.327
FW_TWAS_rep_1,GCF_030238425.1,NZ_JASSKE010000018.1,fadA,359,2.053e-112,0.521
FW_TWAS_rep_1,GCF_030238425.1,NZ_JASSKE010000003.1,adh,49,7.455e-9,0.258
FW_TWAS_rep_1,GCA_963784415.1,CAWARK010000017.1,thl,280,7.58e-85,0.454
FW_TWAS_rep_1,GCA_963784415.1,CAWARK010000014.1,extracellular_protease,122,6.365e-31,0.362
FW_TWAS_rep_1,GCA_963784415.1,CAWARK010000008.1,pepA,205,5.212e-59,0.436
FW_TWAS_rep_1,GCA_963784415.1,CAWARK010000013.1,endopeptidase,147,3.703e-40,0.384
FW_TWAS_rep_1,GCA_963784415.1,CAWARK010000013.1,esterase,233,1.555e-65,0.355
FW_TWAS_rep_1,GCA_963784415.1,CAWARK010000013.1,etfA,100,2.256e-24,0.428
FW_TWAS_rep_1,GCA_963784415.1,CAWARK010000003.1,gdh,434,1.284e-136,0.504
FW_TWAS_rep_1,GCA_963784415.1,CAWARK010000016.1,crt,64,2.805e-13,0.461
FW_TWAS_rep_1,GCA_963784415.1,CAWARK010000004.1,crt,137,1.698e-37,0.342
FW_TWAS_rep_1,GCA_963784415.1,CAWARK010000017.1,esterase,222,1.788e-63,0.337
FW_TWAS_rep_1,GCA_963784415.1,CAWARK010000014.1,adh,66,3.963e-13,0.298
FW_TWAS_rep_1,GCA_963784415.1,CAWARK010000007.1,fadE,244,1.174e-70,0.401
FW_TWAS_rep_1,GCA_963784415.1,CAWARK010000011.1,mdh,265,4.236e-80,0.463
FW_TWAS_rep_1,GCA_963784415.1,CAWARK010000014.1,crt,188,3.69e-55,0.389
FW_TWAS_rep_1,GCA_963784415.1,CAWARK010000017.1,fadA,356,4.559e-111,0.52
FW_TWAS_rep_1,GCA_963784415.1,CAWARK010000006.1,oppA,334,6.615e-101,0.4
FW_TWAS_rep_1,GCA_963784415.1,CAWARK010000008.1,fadB,81,3.219e-18,0.292
FW_TWAS_rep_1,GCA_963784415.1,CAWARK010000004.1,mmcG,50,2.205e-9,0.268
FW_TWAS_rep_1,GCA_963784415.1,CAWARK010000013.1,fadD,119,1.854e-29,0.273
FW_TWAS_rep_1,GCA_963784415.1,CAWARK010000003.1,fadA,294,1.043e-88,0.451
FW_TWAS_rep_1,GCA_963784415.1,CAWARK010000006.1,bcd,162,5.339e-45,0.303
FW_TWAS_rep_1,GCA_963784415.1,CAWARK010000017.1,cat,259,1.946e-80,0.617
FW_TWAS_rep_1,GCA_963784415.1,CAWARK010000017.1,fadD,98,3.485e-23,0.268
FW_TWAS_rep_1,GCA_963784415.1,CAWARK010000014.1,thl,317,4.23e-97,0.471
FW_TWAS_rep_1,GCA_963784415.1,CAWARK010000016.1,fadD,121,2.37e-30,0.267
FW_TWAS_rep_1,GCA_963784415.1,CAWARK010000016.1,acs,98,2.598e-23,0.26
FW_TWAS_rep_1,GCA_963784415.1,CAWARK010000002.1,fadB,233,4.302e-68,0.328
FW_TWAS_rep_1,GCA_963784415.1,CAWARK010000002.1,frhB,43,1.878e-6,0.479
FW_TWAS_rep_1,GCA_963784415.1,CAWARK010000005.1,fadD,217,5.142e-61,0.312
FW_TWAS_rep_1,GCA_963784415.1,CAWARK010000017.1,etfA,78,1.075e-16,0.318
FW_TWAS_rep_1,GCA_963784415.1,CAWARK010000014.1,etfA,96,5.743e-24,0.306
FW_TWAS_rep_1,GCA_963784415.1,CAWARK010000003.1,crt,96,1.96e-25,0.343
FW_TWAS_rep_1,GCA_963784415.1,CAWARK010000003.1,thl,249,1.728e-73,0.4
FW_TWAS_rep_1,GCA_963784415.1,CAWARK010000006.1,etfA,96,6.861e-24,0.324
FW_TWAS_rep_1,GCA_963784415.1,CAWARK010000008.1,mmcE,391,4.362e-118,0.438
FW_TWAS_rep_1,GCA_963784415.1,CAWARK010000006.1,pepN,331,2.808e-96,0.352
FW_TWAS_rep_1,GCA_963784415.1,CAWARK010000007.1,bcd,213,5.695e-60,0.349
FW_TWAS_rep_1,GCA_963784415.1,CAWARK010000006.1,oppB,251,1.044e-76,0.523
FW_TWAS_rep_1,GCA_963784415.1,CAWARK010000008.1,mmcF,115,4.265e-28,0.436
FW_TWAS_rep_1,GCA_963784415.1,CAWARK010000004.1,pyk,315,4.857e-95,0.418
FW_TWAS_rep_1,GCA_963784415.1,CAWARK010000006.1,dppB,222,4.948e-62,0.419
FW_TWAS_rep_1,GCA_963784415.1,CAWARK010000017.1,pepA,393,3.319e-122,0.488
FW_TWAS_rep_1,GCA_963784415.1,CAWARK010000013.1,fadE,388,6.106e-122,0.547
FW_TWAS_rep_1,GCA_963784415.1,CAWARK010000008.1,edd,790,6.778e-257,0.653
FW_TWAS_rep_1,GCA_963784415.1,CAWARK010000014.1,hydA,44,2.503e-7,0.315
FW_TWAS_rep_1,GCA_963784415.1,CAWARK010000014.1,cazy_GH13,169,1.302e-45,0.355
FW_TWAS_rep_1,GCA_963784415.1,CAWARK010000008.1,adh,48,2.1e-8,0.333
FW_TWAS_rep_1,GCA_963784415.1,CAWARK010000002.1,etfA,98,1.075e-22,0.326
FW_TWAS_rep_1,GCA_963784415.1,CAWARK010000004.1,thl,134,2.187e-38,0.485
FW_TWAS_rep_1,GCA_963784415.1,CAWARK010000016.1,pepD,48,8.406e-8,0.231
FW_TWAS_rep_1,GCA_963784415.1,CAWARK010000016.1,esterase,194,1.113e-54,0.419
FW_TWAS_rep_1,GCA_963784415.1,CAWARK010000006.1,xylB,69,4.015e-14,0.248
FW_TWAS_rep_1,GCA_963784415.1,CAWARK010000006.1,fadE,230,4.051e-67,0.393
FW_TWAS_rep_1,GCA_963784415.1,CAWARK010000013.1,crt,180,1.463e-50,0.453
FW_TWAS_rep_1,GCA_963784415.1,CAWARK010000011.1,extracellular_protease,106,3.218e-25,0.337
FW_TWAS_rep_1,GCA_963784415.1,CAWARK010000017.1,fadB,388,1.941e-116,0.355
FW_TWAS_rep_1,GCA_963784415.1,CAWARK010000011.1,fadB,123,2.738e-33,0.33
FW_TWAS_rep_1,GCA_963784415.1,CAWARK010000007.1,etfB,286,8.04e-89,0.641
FW_TWAS_rep_1,GCA_963784415.1,CAWARK010000016.1,gapA,227,7.6e-69,0.52
FW_TWAS_rep_1,GCA_963784415.1,CAWARK010000016.1,gdh,1232,0.0,0.453
FW_TWAS_rep_1,GCA_963784415.1,CAWARK010000003.1,sucD,358,7.095e-113,0.593
FW_TWAS_rep_1,GCA_963784415.1,CAWARK010000003.1,etfA,57,4.525e-12,0.282
FW_TWAS_rep_1,GCA_963784415.1,CAWARK010000002.1,pepO,664,8.542e-212,0.504
FW_TWAS_rep_1,GCA_963784415.1,CAWARK010000004.1,etfA,67,3.466e-14,0.301
FW_TWAS_rep_1,GCA_963784415.1,CAWARK010000014.1,tdcB,222,5.945e-66,0.44
FW_TWAS_rep_1,GCA_963784415.1,CAWARK010000014.1,mmcE,406,1.239e-123,0.508
FW_TWAS_rep_1,GCA_963784415.1,CAWARK010000017.1,bcd,160,2.448e-44,0.299
FW_TWAS_rep_1,GCA_963784415.1,CAWARK010000014.1,fdhA,84,1.436e-18,0.235
FW_TWAS_rep_1,GCA_963784415.1,CAWARK010000014.1,fadA,329,3.631e-101,0.478
FW_TWAS_rep_1,GCA_963784415.1,CAWARK010000004.1,fadA,141,7.619e-41,0.485
FW_TWAS_rep_1,GCA_963784415.1,CAWARK010000013.1,adh,61,1.196e-11,0.248
FW_TWAS_rep_1,GCA_963784415.1,CAWARK010000003.1,sucC,188,6.49e-58,0.694
FW_TWAS_rep_1,GCA_963784415.1,CAWARK010000014.1,fadB,96,4.238e-24,0.319
FW_TWAS_rep_1,GCA_963784415.1,CAWARK010000013.1,fadB,89,1.817e-21,0.325
FW_TWAS_rep_1,GCA_963784415.1,CAWARK010000014.1,bcd,269,2.846e-81,0.387
FW_TWAS_rep_1,GCA_963784415.1,CAWARK010000004.1,fadE,164,2.083e-45,0.39
FW_TWAS_rep_1,GCA_963784415.1,CAWARK010000002.1,pepQ,152,6.821e-43,0.449
FW_TWAS_rep_1,GCA_963784415.1,CAWARK010000016.1,pepO,610,7.577e-192,0.482
FW_TWAS_rep_1,GCA_963784415.1,CAWARK010000014.1,gdh,60,9.845e-13,0.308
FW_TWAS_rep_1,GCA_963784415.1,CAWARK010000002.1,bcd,211,1.583e-61,0.331
FW_TWAS_rep_1,GCA_963784415.1,CAWARK010000017.1,ilvE,76,1.207e-18,0.365
FW_TWAS_rep_1,GCA_963784415.1,CAWARK010000014.1,acs,164,6.276e-44,0.289
FW_TWAS_rep_1,GCA_963784415.1,CAWARK010000014.1,mmcG,145,1.026e-42,0.529
FW_TWAS_rep_1,GCA_963784415.1,CAWARK010000006.1,dppA,229,1.611e-65,0.309
FW_TWAS_rep_1,GCA_963784415.1,CAWARK010000006.1,aldh,49,4.472e-8,0.278
FW_TWAS_rep_1,GCA_963784415.1,CAWARK010000014.1,edd,214,2.658e-59,0.304
FW_TWAS_rep_1,GCA_963784415.1,CAWARK010000014.1,acylglycerol_lipase,61,4.712e-12,0.396
FW_TWAS_rep_1,GCA_963784415.1,CAWARK010000006.1,fadD,79,5.144e-18,0.262
FW_TWAS_rep_1,GCA_963784415.1,CAWARK010000002.1,thl,362,2.395e-113,0.533
FW_TWAS_rep_1,GCA_963784415.1,CAWARK010000002.1,acs,813,1.32e-262,0.594
FW_TWAS_rep_1,GCA_963784415.1,CAWARK010000006.1,sucD,61,2.536e-11,0.261
FW_TWAS_rep_1,GCA_963784415.1,CAWARK010000011.1,acylglycerol_lipase,46,8.53e-8,0.34
FW_TWAS_rep_1,GCA_963784415.1,CAWARK010000014.1,mmcF,114,8.759e-28,0.458
FW_TWAS_rep_1,GCA_963784415.1,CAWARK010000011.1,crt,275,1.351e-85,0.56
FW_TWAS_rep_1,GCA_963784415.1,CAWARK010000006.1,adh,57,4.292e-11,0.247
FW_TWAS_rep_1,GCA_963784415.1,CAWARK010000004.1,bcd,172,3.394e-48,0.384
FW_TWAS_rep_1,GCA_963784415.1,CAWARK010000007.1,etfA,286,1.344e-87,0.586
FW_TWAS_rep_1,GCA_963784415.1,CAWARK010000014.1,endopeptidase,132,3.688e-33,0.318
FW_TWAS_rep_1,GCA_963784415.1,CAWARK010000008.1,etfA,83,5.717e-19,0.389
FW_TWAS_rep_1,GCA_963784415.1,CAWARK010000014.1,pgi,146,4.061e-40,0.396
FW_TWAS_rep_1,GCA_963784415.1,CAWARK010000017.1,fadE,212,5.115e-62,0.402
FW_TWAS_rep_1,GCA_963784415.1,CAWARK010000013.1,tdcB,327,1.331e-96,0.476
FW_TWAS_rep_1,GCA_963784415.1,CAWARK010000017.1,crt,119,7.154e-32,0.342
FW_TWAS_rep_1,GCA_963784415.1,CAWARK010000014.1,esterase,226,9.638e-65,0.333
FW_TWAS_rep_1,GCA_963784415.1,CAWARK010000004.1,fhs,394,1.966e-125,0.607
FW_TWAS_rep_1,GCA_963784415.1,CAWARK010000006.1,dppC,216,1.829e-64,0.449
FW_TWAS_rep_1,GCA_963784415.1,CAWARK010000014.1,frhG,40,2.682e-6,0.372
FW_TWAS_rep_1,GCA_963784415.1,CAWARK010000005.1,acs,122,1.619e-30,0.238
FW_TWAS_rep_1,GCA_963784415.1,CAWARK010000014.1,mer,66,2.03e-13,0.249
FW_TWAS_rep_1,GCA_963784415.1,CAWARK010000002.1,esterase,96,2.217e-23,0.538
FW_TWAS_rep_1,GCA_963784415.1,CAWARK010000013.1,bcd,211,2.298e-61,0.386
FW_TWAS_rep_1,GCA_963784415.1,CAWARK010000008.1,crt,139,4.112e-37,0.361
FW_TWAS_rep_1,GCA_963784415.1,CAWARK010000002.1,lysophospholipase,201,5.585e-59,0.412
FW_TWAS_rep_1,GCA_963784415.1,CAWARK010000006.1,crt,147,9.324e-41,0.376
FW_TWAS_rep_1,GCA_963784415.1,CAWARK010000014.1,fadE,256,6.156e-77,0.4
FW_TWAS_rep_1,GCA_963784415.1,CAWARK010000008.1,esterase,237,5.093e-68,0.339
FW_TWAS_rep_1,GCA_963784415.1,CAWARK010000002.1,crt,152,7.917e-43,0.405
FW_TWAS_rep_1,GCA_963784415.1,CAWARK010000004.1,extracellular_protease,138,8.685e-35,0.36
FW_TWAS_rep_1,GCA_963784415.1,CAWARK010000008.1,eda,183,5.816e-52,0.507
FW_TWAS_rep_1,GCA_963784415.1,CAWARK010000014.1,agl,246,2.738e-71,0.377
FW_TWAS_rep_1,GCA_963784415.1,CAWARK010000002.1,fadA,251,4.521e-75,0.425
FW_TWAS_rep_1,GCA_963784415.1,CAWARK010000002.1,fadD,219,3.942e-63,0.349
FW_TWAS_rep_1,GCA_963784415.1,CAWARK010000011.1,etfA,136,9.947e-38,0.385
FW_TWAS_rep_1,GCA_963784415.1,CAWARK010000017.1,hbd,211,6.293e-58,0.365
FW_TWAS_rep_1,GCA_963784415.1,CAWARK010000014.1,dtpT,314,4.6e-93,0.362
FW_TWAS_rep_1,GCA_963784415.1,CAWARK010000002.1,hbd,294,2.897e-91,0.527
FW_TWAS_rep_1,GCA_963784415.1,CAWARK010000014.1,fadD,197,3.135e-54,0.314
FW_TWAS_rep_1,GCA_963784415.1,CAWARK010000002.1,adh,68,1.385e-14,0.282
FW_TWAS_rep_1,GCA_963784415.1,CAWARK010000007.1,endopeptidase,60,2.783e-12,0.432
FW_TWAS_rep_1,GCA_963784415.1,CAWARK010000011.1,sucC,113,6.912e-31,0.384
FW_TWAS_rep_1,GCA_963784415.1,CAWARK010000002.1,fadE,237,2.034e-70,0.381
FW_TWAS_rep_1,GCA_963784415.1,CAWARK010000013.1,folD,276,3.063e-85,0.519
FW_TWAS_rep_1,GCA_048500275.1,JASNYI010000002.1,frhB,45,1.092e-6,0.433
FW_TWAS_rep_1,GCA_048500275.1,JASNYI010000001.1,fdhA,215,5.256e-59,0.306
FW_TWAS_rep_1,GCA_048500275.1,JASNYI010000002.1,ackA,382,9.255e-119,0.536
FW_TWAS_rep_1,GCA_048500275.1,JASNYI010000002.1,bgl,379,9.012e-117,0.431
FW_TWAS_rep_1,GCA_048500275.1,JASNYI010000003.1,pfor,1533,0.0,0.655
FW_TWAS_rep_1,GCA_048500275.1,JASNYI010000002.1,mmcF,173,1.817e-52,0.682
FW_TWAS_rep_1,GCA_048500275.1,JASNYI010000003.1,frhG,47,8.347e-8,0.32
FW_TWAS_rep_1,GCA_048500275.1,JASNYI010000002.1,fhs,623,2.806e-200,0.596
FW_TWAS_rep_1,GCA_048500275.1,JASNYI010000002.1,pfor,74,9.437e-16,0.268
FW_TWAS_rep_1,GCA_048500275.1,JASNYI010000003.1,oppA,158,1.249e-42,0.273
FW_TWAS_rep_1,GCA_048500275.1,JASNYI010000002.1,thl,279,5.421e-84,0.435
FW_TWAS_rep_1,GCA_048500275.1,JASNYI010000003.1,thl,267,1.461e-79,0.417
FW_TWAS_rep_1,GCA_048500275.1,JASNYI010000003.1,fadB,417,4.886e-123,0.377
FW_TWAS_rep_1,GCA_048500275.1,JASNYI010000002.1,mvhA,442,1.083e-136,0.479
FW_TWAS_rep_1,GCA_048500275.1,JASNYI010000001.1,cat,250,1.714e-77,0.59
FW_TWAS_rep_1,GCA_048500275.1,JASNYI010000003.1,acs,398,1.832e-120,0.43
FW_TWAS_rep_1,GCA_048500275.1,JASNYI010000001.1,pepN,60,3.028e-11,0.238
FW_TWAS_rep_1,GCA_048500275.1,JASNYI010000003.1,fadE,365,1.998e-114,0.552
FW_TWAS_rep_1,GCA_048500275.1,JASNYI010000003.1,pepN,155,3.663e-40,0.296
FW_TWAS_rep_1,GCA_048500275.1,JASNYI010000001.1,thl,423,2.096e-134,0.592
FW_TWAS_rep_1,GCA_048500275.1,JASNYI010000003.1,adhE,224,1.773e-64,0.351
FW_TWAS_rep_1,GCA_048500275.1,JASNYI010000001.1,lctB,96,7.954e-23,0.328
FW_TWAS_rep_1,GCA_048500275.1,JASNYI010000001.1,pgi,166,1.205e-44,0.337
FW_TWAS_rep_1,GCA_048500275.1,JASNYI010000002.1,pepA,332,1.445e-100,0.45
FW_TWAS_rep_1,GCA_048500275.1,JASNYI010000002.1,dppC,162,3.07e-43,0.403
FW_TWAS_rep_1,GCA_048500275.1,JASNYI010000001.1,mdh,269,1.456e-78,0.475
FW_TWAS_rep_1,GCA_048500275.1,JASNYI010000002.1,lysophospholipase,43,2.409e-6,0.242
FW_TWAS_rep_1,GCA_048500275.1,JASNYI010000003.1,pfkA,371,7.21e-106,0.571
FW_TWAS_rep_1,GCA_048500275.1,JASNYI010000001.1,pepT,83,2.454e-18,0.311
FW_TWAS_rep_1,GCA_048500275.1,JASNYI010000003.1,susC,46,4.476e-7,0.353
FW_TWAS_rep_1,GCA_048500275.1,JASNYI010000003.1,crt,132,8.593e-33,0.409
FW_TWAS_rep_1,GCA_048500275.1,JASNYI010000002.1,pepN,79,8.222e-17,0.257
FW_TWAS_rep_1,GCA_048500275.1,JASNYI010000003.1,lysophospholipase,55,3.332e-10,0.282
FW_TWAS_rep_1,GCA_048500275.1,JASNYI010000002.1,acs,84,1.145e-18,0.245
FW_TWAS_rep_1,GCA_048500275.1,JASNYI010000002.1,fadD,362,7.174e-110,0.396
FW_TWAS_rep_1,GCA_048500275.1,JASNYI010000003.1,tdcB,295,2.215e-85,0.53
FW_TWAS_rep_1,GCA_048500275.1,JASNYI010000002.1,fadA,270,5.077e-81,0.431
FW_TWAS_rep_1,GCA_048500275.1,JASNYI010000003.1,fadD,306,8.245e-91,0.364
FW_TWAS_rep_1,GCA_048500275.1,JASNYI010000003.1,mvhG,41,5.821e-6,0.271
FW_TWAS_rep_1,GCA_048500275.1,JASNYI010000002.1,fadE,282,1.719e-80,0.406
FW_TWAS_rep_1,GCA_048500275.1,JASNYI010000002.1,oppA,216,2.747e-58,0.306
FW_TWAS_rep_1,GCA_048500275.1,JASNYI010000001.1,cazy_GH13,194,1.451e-53,0.378
FW_TWAS_rep_1,GCA_048500275.1,JASNYI010000001.1,fwdA,47,1.165e-7,0.403
FW_TWAS_rep_1,GCA_048500275.1,JASNYI010000003.1,adh,66,2.02e-13,0.31
FW_TWAS_rep_1,GCA_048500275.1,JASNYI010000003.1,hydA,469,1.652e-146,0.424
FW_TWAS_rep_1,GCA_048500275.1,JASNYI010000001.1,bgl,149,6.849e-40,0.307
FW_TWAS_rep_1,GCA_048500275.1,JASNYI010000002.1,fdhA,163,4.708e-43,0.297
FW_TWAS_rep_1,GCA_048500275.1,JASNYI010000002.1,frhG,93,3.274e-24,0.347
FW_TWAS_rep_1,GCA_048500275.1,JASNYI010000003.1,rnfB,45,1.716e-6,0.355
FW_TWAS_rep_1,GCA_048500275.1,JASNYI010000002.1,dtpT,78,6.242e-17,0.27
FW_TWAS_rep_1,GCA_048500275.1,JASNYI010000002.1,oppB,162,3.07e-43,0.383
FW_TWAS_rep_1,GCA_048500275.1,JASNYI010000001.1,tdcB,73,1.286e-15,0.279
FW_TWAS_rep_1,GCA_048500275.1,JASNYI010000003.1,agl,100,1.052e-23,0.288
FW_TWAS_rep_1,GCA_048500275.1,JASNYI010000002.1,dppB,135,4.09e-36,0.365
FW_TWAS_rep_1,GCA_048500275.1,JASNYI010000003.1,fadA,264,2.373e-78,0.418
FW_TWAS_rep_1,GCA_048500275.1,JASNYI010000003.1,dppA,156,1.003e-41,0.254
FW_TWAS_rep_1,GCA_048500275.1,JASNYI010000003.1,frhB,53,3.994e-9,0.433
FW_TWAS_rep_1,GCA_048500275.1,JASNYI010000003.1,pepD,215,2.691e-65,0.54
FW_TWAS_rep_1,GCA_048500275.1,JASNYI010000003.1,bcd,382,6.023e-120,0.514
FW_TWAS_rep_1,GCA_048500275.1,JASNYI010000002.1,extracellular_protease,168,2.721e-44,0.375
FW_TWAS_rep_1,GCA_048500275.1,JASNYI010000002.1,dppA,186,1.249e-51,0.286
FW_TWAS_rep_1,GCA_048500275.1,JASNYI010000003.1,cazy_GH13,149,2.355e-39,0.353
FW_TWAS_rep_1,GCA_048500275.1,JASNYI010000002.1,rnfB,48,2.085e-7,0.318
FW_TWAS_rep_1,GCA_048500275.1,JASNYI010000001.1,hydA,428,5.764e-132,0.396
FW_TWAS_rep_1,GCA_048500275.1,JASNYI010000001.1,pepD,469,1.079e-146,0.514
FW_TWAS_rep_1,GCA_048500275.1,JASNYI010000003.1,pepO,676,9.791e-212,0.536
FW_TWAS_rep_1,GCA_048500275.1,JASNYI010000003.1,ptsG,498,3.173e-152,0.491
FW_TWAS_rep_1,GCA_048500275.1,JASNYI010000002.1,pta,222,6.981e-62,0.445
FW_TWAS_rep_1,GCA_048500275.1,JASNYI010000001.1,fadE,122,6.337e-30,0.351
FW_TWAS_rep_1,GCA_048500275.1,JASNYI010000001.1,etfA,114,1.26e-27,0.397
FW_TWAS_rep_1,GCA_048500275.1,JASNYI010000003.1,extracellular_protease,138,7.435e-35,0.332
FW_TWAS_rep_1,GCA_048500275.1,JASNYI010000002.1,hydA,125,5.109e-31,0.327
FW_TWAS_rep_1,GCA_048500275.1,JASNYI010000001.1,pfor,63,1.465e-12,0.271
FW_TWAS_rep_1,GCA_048500275.1,JASNYI010000002.1,cazy_GH13,157,4.704e-42,0.334
FW_TWAS_rep_1,GCA_048500275.1,JASNYI010000001.1,sucC,404,2.167e-127,0.533
FW_TWAS_rep_1,GCA_048500275.1,JASNYI010000002.1,pepQ,106,2.834e-25,0.334
FW_TWAS_rep_1,GCA_048500275.1,JASNYI010000002.1,tdcB,70,2.727e-14,0.305
FW_TWAS_rep_1,GCA_048500275.1,JASNYI010000002.1,esterase,49,5.786e-8,0.344
FW_TWAS_rep_1,GCA_048500275.1,JASNYI010000002.1,fumB,72,6.994e-15,0.333
FW_TWAS_rep_1,GCA_048500275.1,JASNYI010000002.1,crt,217,1.296e-63,0.517
FW_TWAS_rep_1,GCA_048500275.1,JASNYI010000001.1,frhB,52,3.624e-9,0.329
FW_TWAS_rep_1,GCA_048500275.1,JASNYI010000002.1,bcd,315,4.465e-97,0.453
FW_TWAS_rep_1,GCA_048500275.1,JASNYI010000003.1,mmcG,108,1.519e-26,0.437
FW_TWAS_rep_1,GCA_048500275.1,JASNYI010000003.1,acylglycerol_lipase,56,1.028e-10,0.296
FW_TWAS_rep_1,GCA_048500275.1,JASNYI010000002.1,hbd,226,2.537e-61,0.458
FW_TWAS_rep_1,GCA_048500275.1,JASNYI010000001.1,pepQ,175,1.971e-46,0.385
FW_TWAS_rep_1,GCA_048500275.1,JASNYI010000001.1,acylglycerol_lipase,50,3.356e-8,0.386
FW_TWAS_rep_1,GCA_048500275.1,JASNYI010000001.1,agl,214,3.257e-60,0.38
FW_TWAS_rep_1,GCA_048500275.1,JASNYI010000002.1,etfB,169,3.688e-44,0.422
FW_TWAS_rep_1,GCA_048500275.1,JASNYI010000001.1,fadD,164,3.799e-42,0.316
FW_TWAS_rep_1,GCA_048500275.1,JASNYI010000003.1,pta,220,3.721e-65,0.451
FW_TWAS_rep_1,GCA_048500275.1,JASNYI010000001.1,mvhG,45,4.436e-7,0.279
FW_TWAS_rep_1,GCA_048500275.1,JASNYI010000002.1,pyk,315,4.064e-95,0.441
FW_TWAS_rep_1,GCA_048500275.1,JASNYI010000002.1,agl,121,1.796e-30,0.292
FW_TWAS_rep_1,GCA_048500275.1,JASNYI010000003.1,hbd,313,5.538e-93,0.585
FW_TWAS_rep_1,GCA_048500275.1,JASNYI010000003.1,etfA,100,2.556e-23,0.318
FW_TWAS_rep_1,GCA_048500275.1,JASNYI010000002.1,ilvE,140,2.227e-37,0.34
FW_TWAS_rep_1,GCA_048500275.1,JASNYI010000001.1,dtpT,88,3.447e-20,0.26
FW_TWAS_rep_1,GCA_048500275.1,JASNYI010000002.1,etfA,241,3.539e-72,0.454
FW_TWAS_rep_1,GCA_048500275.1,JASNYI010000001.1,pfkA,159,2.32e-43,0.332
FW_TWAS_rep_1,GCA_048500275.1,JASNYI010000003.1,fdhA,228,3.163e-63,0.289
FW_TWAS_rep_1,GCA_048500275.1,JASNYI010000001.1,sucD,346,3.135e-109,0.621
FW_TWAS_rep_1,GCA_048500275.1,JASNYI010000001.1,frhG,46,1.441e-7,0.435
FW_TWAS_rep_1,GCA_048500275.1,JASNYI010000001.1,fadA,345,1.076e-105,0.496
FW_TWAS_rep_1,GCA_048500275.1,JASNYI010000003.1,mmcE,637,1.096e-195,0.628
FW_TWAS_rep_1,GCA_048500275.1,JASNYI010000001.1,bcd,109,5.899e-26,0.306
FW_TWAS_rep_1,GCA_048500275.1,JASNYI010000003.1,pepQ,76,7.897e-16,0.331
FW_TWAS_rep_1,GCA_048500275.1,JASNYI010000002.1,acylglycerol_lipase,43,4.749e-6,0.288
FW_TWAS_rep_1,GCA_048500275.1,JASNYI010000002.1,mmcE,698,5.711e-226,0.634
FW_TWAS_rep_1,GCA_048500275.1,JASNYI010000002.1,gdh,443,7.004e-139,0.542
FW_TWAS_rep_1,GCA_048500275.1,JASNYI010000001.1,crt,98,8.335e-23,0.375
FW_TWAS_rep_1,GCA_048500275.1,JASNYI010000001.1,fadB,846,3.426e-273,0.616
FW_TWAS_rep_1,GCA_048500275.1,JASNYI010000001.1,adhE,197,2.349e-54,0.381
FW_TWAS_rep_1,GCA_048500275.1,JASNYI010000001.1,hbd,193,3.587e-52,0.384
FW_TWAS_rep_1,GCA_048500275.1,JASNYI010000003.1,folD,300,1.662e-86,0.524
FW_TWAS_rep_1,GCA_048500275.1,JASNYI010000002.1,fadB,507,1.058e-151,0.414
FW_TWAS_rep_1,GCA_048500275.1,JASNYI010000003.1,dtpT,120,6.706e-30,0.292
FW_TWAS_rep_1,GCA_048500275.1,JASNYI010000003.1,frhA,53,3.054e-9,0.234
FW_TWAS_rep_1,GCA_048500275.1,JASNYI010000002.1,mdh,277,7.081e-85,0.503
FW_TWAS_rep_1,GCA_048500275.1,JASNYI010000001.1,gapA,341,1.442e-106,0.521
FW_TWAS_rep_1,GCA_048500275.1,JASNYI010000002.1,frhA,164,1.54e-43,0.272
FW_TWAS_rep_1,GCA_048500275.1,JASNYI010000001.1,acs,585,4.97e-184,0.479
FW_TWAS_rep_1,GCA_048500275.1,JASNYI010000001.1,extracellular_protease,175,1.466e-48,0.442
FW_TWAS_rep_1,GCA_048500275.1,JASNYI010000003.1,aldh,220,2.797e-63,0.347
FW_TWAS_rep_1,GCA_048500275.1,JASNYI010000002.1,mvhG,135,1.661e-38,0.408
FW_TWAS_rep_1,GCA_044223005.1,JBGAML010000013.1,oppB,223,1.196e-65,0.497
FW_TWAS_rep_1,GCA_044223005.1,JBGAML010000006.1,crt,219,3.425e-65,0.503
FW_TWAS_rep_1,GCA_044223005.1,JBGAML010000008.1,cazy_CBM6,89,2.581e-20,0.421
FW_TWAS_rep_1,GCA_044223005.1,JBGAML010000003.1,fadA,280,5.697e-84,0.452
FW_TWAS_rep_1,GCA_044223005.1,JBGAML010000005.1,extracellular_protease,177,2.209e-47,0.335
FW_TWAS_rep_1,GCA_044223005.1,JBGAML010000012.1,oppB,186,2.295e-50,0.378
FW_TWAS_rep_1,GCA_044223005.1,JBGAML010000012.1,oppA,123,2.545e-30,0.266
FW_TWAS_rep_1,GCA_044223005.1,JBGAML010000006.1,hbd,310,1.782e-96,0.563
FW_TWAS_rep_1,GCA_044223005.1,JBGAML010000010.1,extracellular_protease,131,6.764e-33,0.362
FW_TWAS_rep_1,GCA_044223005.1,JBGAML010000001.1,etfA,115,3.193e-28,0.347
FW_TWAS_rep_1,GCA_044223005.1,JBGAML010000001.1,lctC,50,2.088e-8,0.295
FW_TWAS_rep_1,GCA_044223005.1,JBGAML010000012.1,bgl,318,9.51e-96,0.377
FW_TWAS_rep_1,GCA_044223005.1,JBGAML010000022.1,fdhA,64,2.646e-12,0.581
FW_TWAS_rep_1,GCA_044223005.1,JBGAML010000013.1,adhE,207,7.652e-59,0.313
FW_TWAS_rep_1,GCA_044223005.1,JBGAML010000014.1,pfor,81,6.325e-18,0.277
FW_TWAS_rep_1,GCA_044223005.1,JBGAML010000011.1,pepT,75,1.535e-16,0.257
FW_TWAS_rep_1,GCA_044223005.1,JBGAML010000012.1,cazy_GH13,111,1.303e-26,0.308
FW_TWAS_rep_1,GCA_044223005.1,JBGAML010000002.1,lysophospholipase,79,6.564e-17,0.323
FW_TWAS_rep_1,GCA_044223005.1,JBGAML010000008.1,frhA,103,3.229e-24,0.242
FW_TWAS_rep_1,GCA_044223005.1,JBGAML010000001.1,pfkA,202,4.671e-58,0.407
FW_TWAS_rep_1,GCA_044223005.1,JBGAML010000009.1,bgl,190,1.117e-51,0.325
FW_TWAS_rep_1,GCA_044223005.1,JBGAML010000006.1,etfB,235,1.678e-71,0.577
FW_TWAS_rep_1,GCA_044223005.1,JBGAML010000003.1,crt,145,2.696e-40,0.398
FW_TWAS_rep_1,GCA_044223005.1,JBGAML010000009.1,fadE,212,5.251e-59,0.379
FW_TWAS_rep_1,GCA_044223005.1,JBGAML010000007.1,sucD,335,1.335e-102,0.555
FW_TWAS_rep_1,GCA_044223005.1,JBGAML010000034.1,oppA,55,7.956e-10,0.306
FW_TWAS_rep_1,GCA_044223005.1,JBGAML010000006.1,fadA,274,1.688e-80,0.431
FW_TWAS_rep_1,GCA_044223005.1,JBGAML010000004.1,dppB,252,2.3e-70,0.48
FW_TWAS_rep_1,GCA_044223005.1,JBGAML010000004.1,dppA,314,1.125e-87,0.368
FW_TWAS_rep_1,GCA_044223005.1,JBGAML010000018.1,pepQ,81,4.061e-18,0.299
FW_TWAS_rep_1,GCA_044223005.1,JBGAML010000014.1,fadD,135,2.844e-34,0.283
FW_TWAS_rep_1,GCA_044223005.1,JBGAML010000002.1,acylglycerol_lipase,162,4.964e-42,0.428
FW_TWAS_rep_1,GCA_044223005.1,JBGAML010000013.1,dppA,143,1.02e-36,0.261
FW_TWAS_rep_1,GCA_044223005.1,JBGAML010000009.1,cazy_GH13,235,1.04e-67,0.412
FW_TWAS_rep_1,GCA_044223005.1,JBGAML010000009.1,agl,250,1.265e-72,0.39
FW_TWAS_rep_1,GCA_044223005.1,JBGAML010000004.1,frhG,51,6.1e-9,0.287
FW_TWAS_rep_1,GCA_044223005.1,JBGAML010000018.1,etfA,95,1.014e-21,0.391
FW_TWAS_rep_1,GCA_044223005.1,JBGAML010000018.1,pepN,219,5.621e-60,0.314
FW_TWAS_rep_1,GCA_044223005.1,JBGAML010000014.1,acs,586,1.29e-185,0.48
FW_TWAS_rep_1,GCA_044223005.1,JBGAML010000009.1,pfkA,225,7.262e-65,0.395
FW_TWAS_rep_1,GCA_044223005.1,JBGAML010000006.1,fadB,190,3.666e-55,0.385
FW_TWAS_rep_1,GCA_044223005.1,JBGAML010000027.1,cazy_GH13,66,8.757e-13,0.24
FW_TWAS_rep_1,GCA_044223005.1,JBGAML010000003.1,hbd,304,4.508e-92,0.575
FW_TWAS_rep_1,GCA_044223005.1,JBGAML010000018.1,acs,84,1.075e-18,0.232
FW_TWAS_rep_1,GCA_044223005.1,JBGAML010000018.1,fadD,352,3.072e-105,0.399
FW_TWAS_rep_1,GCA_044223005.1,JBGAML010000001.1,pepN,95,8.808e-22,0.306
FW_TWAS_rep_1,GCA_044223005.1,JBGAML010000006.1,etfA,237,3.418e-71,0.496
FW_TWAS_rep_1,GCA_044223005.1,JBGAML010000032.1,pta,210,5.987e-61,0.449
FW_TWAS_rep_1,GCA_044223005.1,JBGAML010000003.1,mmcG,101,7.985e-25,0.442
FW_TWAS_rep_1,GCA_044223005.1,JBGAML010000008.1,mvhA,110,2.944e-26,0.259
FW_TWAS_rep_1,GCA_044223005.1,JBGAML010000007.1,extracellular_protease,60,5.439e-11,0.283
FW_TWAS_rep_1,GCA_044223005.1,JBGAML010000017.1,susC,55,1.156e-9,0.302
FW_TWAS_rep_1,GCA_044223005.1,JBGAML010000001.1,crt,146,1.799e-40,0.415
FW_TWAS_rep_1,GCA_044223005.1,JBGAML010000009.1,bcd,211,1.721e-58,0.371
FW_TWAS_rep_1,GCA_044223005.1,JBGAML010000003.1,fadE,276,1.518e-83,0.448
FW_TWAS_rep_1,GCA_044223005.1,JBGAML010000003.1,etfA,85,2.373e-20,0.318
FW_TWAS_rep_1,GCA_044223005.1,JBGAML010000018.1,crt,139,6.707e-35,0.412
FW_TWAS_rep_1,GCA_044223005.1,JBGAML010000012.1,dppB,172,4.503e-46,0.373
FW_TWAS_rep_1,GCA_044223005.1,JBGAML010000010.1,sucD,42,8.237e-6,0.256
FW_TWAS_rep_1,GCA_044223005.1,JBGAML010000001.1,frhB,42,7.593e-6,0.384
FW_TWAS_rep_1,GCA_044223005.1,JBGAML010000001.1,pepA,375,1.941e-111,0.51
FW_TWAS_rep_1,GCA_044223005.1,JBGAML010000020.1,pepQ,77,1.158e-16,0.301
FW_TWAS_rep_1,GCA_044223005.1,JBGAML010000004.1,frhA,54,2.456e-9,0.213
FW_TWAS_rep_1,GCA_044223005.1,JBGAML010000015.1,cazy_GH13,136,3.932e-34,0.324
FW_TWAS_rep_1,GCA_044223005.1,JBGAML010000008.1,cazy_GH13,172,6.053e-47,0.351
FW_TWAS_rep_1,GCA_044223005.1,JBGAML010000003.1,mmcE,638,1.286e-204,0.607
FW_TWAS_rep_1,GCA_044223005.1,JBGAML010000001.1,cazy_GH13,59,1.011e-10,0.267
FW_TWAS_rep_1,GCA_044223005.1,JBGAML010000001.1,adhE,79,2.75e-17,0.241
FW_TWAS_rep_1,GCA_044223005.1,JBGAML010000009.1,gapA,345,1.25e-103,0.538
FW_TWAS_rep_1,GCA_044223005.1,JBGAML010000005.1,folD,289,2.921e-85,0.539
FW_TWAS_rep_1,GCA_044223005.1,JBGAML010000015.1,agl,96,4.18e-22,0.254
FW_TWAS_rep_1,GCA_044223005.1,JBGAML010000001.1,pepT,217,1.637e-62,0.374
FW_TWAS_rep_1,GCA_044223005.1,JBGAML010000003.1,bcd,413,2.159e-124,0.537
FW_TWAS_rep_1,GCA_044223005.1,JBGAML010000001.1,extracellular_protease,177,2.26e-49,0.406
FW_TWAS_rep_1,GCA_044223005.1,JBGAML010000001.1,acs,801,7.273e-260,0.608
FW_TWAS_rep_1,GCA_044223005.1,JBGAML010000010.1,eda,140,1.015e-39,0.447
FW_TWAS_rep_1,GCA_044223005.1,JBGAML010000011.1,pepO,602,7.342e-188,0.461
FW_TWAS_rep_1,GCA_044223005.1,JBGAML010000006.1,pepN,119,5.754e-29,0.294
FW_TWAS_rep_1,GCA_044223005.1,JBGAML010000004.1,oppB,311,3.341e-92,0.614
FW_TWAS_rep_1,GCA_044223005.1,JBGAML010000007.1,sucC,314,2.455e-96,0.458
FW_TWAS_rep_1,GCA_044223005.1,JBGAML010000004.1,adh,48,4.285e-8,0.348
FW_TWAS_rep_1,GCA_044223005.1,JBGAML010000016.1,pyk,384,4.515e-118,0.494
FW_TWAS_rep_1,GCA_044223005.1,JBGAML010000013.1,dppC,185,9.387e-53,0.428
FW_TWAS_rep_1,GCA_044223005.1,JBGAML010000027.1,agl,45,1.454e-6,0.299
FW_TWAS_rep_1,GCA_044223005.1,JBGAML010000006.1,fadD,276,5.665e-77,0.389
FW_TWAS_rep_1,GCA_044223005.1,JBGAML010000001.1,thl,358,1.209e-111,0.51
FW_TWAS_rep_1,GCA_044223005.1,JBGAML010000001.1,dtpT,392,1.57e-120,0.451
FW_TWAS_rep_1,GCA_044223005.1,JBGAML010000003.1,mmcF,172,5.681e-48,0.639
FW_TWAS_rep_1,GCA_044223005.1,JBGAML010000009.1,frhG,46,3.504e-8,0.388
FW_TWAS_rep_1,GCA_044223005.1,JBGAML010000020.1,pfor,157,3.893e-41,0.334
FW_TWAS_rep_1,GCA_044223005.1,JBGAML010000014.1,frhB,53,1.033e-9,0.51
FW_TWAS_rep_1,GCA_044223005.1,JBGAML010000015.1,fdhA,105,1.225e-24,0.252
FW_TWAS_rep_1,GCA_044223005.1,JBGAML010000003.1,thl,385,7.351e-120,0.561
FW_TWAS_rep_1,GCA_044223005.1,JBGAML010000006.1,mvhG,40,5.037e-6,0.461
FW_TWAS_rep_1,GCA_044223005.1,JBGAML010000001.1,ilvE,84,1.302e-18,0.349
FW_TWAS_rep_1,GCA_044223005.1,JBGAML010000006.1,acs,96,6.073e-22,0.249
FW_TWAS_rep_1,GCA_044223005.1,JBGAML010000022.1,hydA,460,7.32e-140,0.429
FW_TWAS_rep_1,GCA_044223005.1,JBGAML010000001.1,hbd,285,1.047e-82,0.544
FW_TWAS_rep_1,GCA_044223005.1,JBGAML010000012.1,dppA,107,1.663e-25,0.254
FW_TWAS_rep_1,GCA_044223005.1,JBGAML010000006.1,frhG,48,2.806e-8,0.279
FW_TWAS_rep_1,GCA_044223005.1,JBGAML010000004.1,dppC,248,6.831e-71,0.492
FW_TWAS_rep_1,GCA_044223005.1,JBGAML010000009.1,frhB,40,2.412e-6,0.311
FW_TWAS_rep_1,GCA_044223005.1,JBGAML010000002.1,bcd,312,1.416e-95,0.446
FW_TWAS_rep_1,GCA_044223005.1,JBGAML010000003.1,fadB,186,5.883e-52,0.412
FW_TWAS_rep_1,GCA_044223005.1,JBGAML010000018.1,hbd,242,1.643e-66,0.442
FW_TWAS_rep_1,GCA_044223005.1,JBGAML010000014.1,frhG,45,2.342e-7,0.333
FW_TWAS_rep_1,GCA_044223005.1,JBGAML010000007.1,adh,70,1.101e-14,0.324
FW_TWAS_rep_1,GCA_044223005.1,JBGAML010000017.1,bcd,226,1.133e-65,0.344
FW_TWAS_rep_1,GCA_044223005.1,JBGAML010000014.1,dtpT,81,1.234e-17,0.25
FW_TWAS_rep_1,GCA_044223005.1,JBGAML010000001.1,rnfB,42,6.467e-6,0.291
FW_TWAS_rep_1,GCA_044223005.1,JBGAML010000008.1,agl,109,1.541e-26,0.306
FW_TWAS_rep_1,GCA_044223005.1,JBGAML010000004.1,gdh,599,7.878e-194,0.653
FW_TWAS_rep_1,GCA_044223005.1,JBGAML010000013.1,oppA,128,4.665e-32,0.268
FW_TWAS_rep_1,GCA_044223005.1,JBGAML010000008.1,pfor,43,3.133e-6,0.247
FW_TWAS_rep_1,GCA_044223005.1,JBGAML010000002.1,pepT,76,2.886e-16,0.3
FW_TWAS_rep_1,GCA_044223005.1,JBGAML010000001.1,pgi,654,1.057e-204,0.631
FW_TWAS_rep_1,GCA_044223005.1,JBGAML010000001.1,ackA,415,1.638e-126,0.554
FW_TWAS_rep_1,GCA_044223005.1,JBGAML010000006.1,fdhA,320,3.603e-90,0.317
FW_TWAS_rep_1,GCA_044223005.1,JBGAML010000025.1,extracellular_protease,100,5.977e-23,0.333
FW_TWAS_rep_1,GCA_044223005.1,JBGAML010000005.1,pepO,569,1.106e-178,0.443
FW_TWAS_rep_1,GCA_044223005.1,JBGAML010000004.1,bgl,194,8.304e-52,0.325
FW_TWAS_rep_1,GCA_044223005.1,JBGAML010000013.1,dppB,245,6.245e-74,0.435
FW_TWAS_rep_1,GCA_044223005.1,JBGAML010000002.1,hydA,88,1.004e-19,0.286
FW_TWAS_rep_1,GCA_044223005.1,JBGAML010000006.1,hydA,89,8.262e-20,0.277
FW_TWAS_rep_1,GCA_044223005.1,JBGAML010000014.1,mmcG,42,3.697e-6,0.267
FW_TWAS_rep_1,GCA_044223005.1,JBGAML010000004.1,extracellular_protease,128,3.189e-31,0.337
FW_TWAS_rep_1,GCA_044223005.1,JBGAML010000015.1,tdcB,253,3.813e-74,0.498
FW_TWAS_rep_1,GCA_044223005.1,JBGAML010000014.1,rnfB,87,1.143e-20,0.309
FW_TWAS_rep_1,GCA_044223005.1,JBGAML010000010.1,fhs,649,1.821e-208,0.586
FW_TWAS_rep_1,GCA_044223005.1,JBGAML010000002.1,dtpT,81,1.753e-17,0.262
FW_TWAS_rep_1,GCA_044223005.1,JBGAML010000013.1,ilvE,150,2.601e-41,0.355
FW_TWAS_rep_1,GCA_044223005.1,JBGAML010000023.1,mdh,283,7.485e-86,0.505
FW_TWAS_rep_1,GCA_044223005.1,JBGAML010000002.1,pepD,450,2.187e-138,0.491
FW_TWAS_rep_1,GCA_044223005.1,JBGAML010000020.1,bgl,359,4.773e-109,0.418
FW_TWAS_rep_1,GCA_044223005.1,JBGAML010000001.1,fadB,168,1.141e-44,0.38
FW_TWAS_rep_1,GCA_044223005.1,JBGAML010000002.1,fadE,275,1.025e-82,0.43
FW_TWAS_rep_1,GCA_044223005.1,JBGAML010000013.1,pfkA,47,3.868e-7,0.391
FW_TWAS_rep_1,GCA_044223005.1,JBGAML010000009.1,pfor,40,1.786e-6,0.3
FW_TWAS_rep_1,GCA_044223005.1,JBGAML010000012.1,dppC,136,9.991e-35,0.341
FW_TWAS_rep_1,GCA_044223005.1,JBGAML010000017.1,fadE,193,1.767e-54,0.335
FW_TWAS_rep_1,GCA_044223005.1,JBGAML010000018.1,fadA,288,1.042e-83,0.445
FW_TWAS_rep_1,GCA_044223005.1,JBGAML010000012.1,agl,75,1.752e-15,0.246
FW_TWAS_rep_1,GCA_044223005.1,JBGAML010000001.1,fadD,104,8.989e-25,0.263
FW_TWAS_rep_1,GCA_044223005.1,JBGAML010000006.1,thl,328,7.678e-99,0.491
FW_TWAS_rep_1,GCA_044223005.1,JBGAML010000001.1,pepQ,66,6.552e-14,0.291
FW_TWAS_rep_1,GCA_044223005.1,JBGAML010000001.1,frhG,42,5.753e-6,0.372
FW_TWAS_rep_1,GCA_044223005.1,JBGAML010000002.1,fdhA,437,1.657e-136,0.445
FW_TWAS_rep_1,GCA_044223005.1,JBGAML010000004.1,oppA,402,1.028e-114,0.428
FW_TWAS_rep_1,GCA_044223005.1,JBGAML010000013.1,aldh,215,1.242e-61,0.332
FW_TWAS_rep_1,GCA_044223005.1,JBGAML010000002.1,rnfB,42,1.325e-6,0.38
FW_TWAS_rep_1,GCA_044223005.1,JBGAML010000001.1,fadA,290,2.76e-88,0.451
FW_TWAS_rep_1,GCA_044223005.1,JBGAML010000001.1,lctB,147,2.291e-38,0.382
FW_TWAS_rep_1,GCA_044223005.1,JBGAML010000024.1,gdh,482,1.17e-148,0.584
FW_TWAS_rep_1,GCA_044223005.1,JBGAML010000002.1,xylF,294,1.924e-85,0.501
FW_TWAS_rep_1,GCA_044223005.1,JBGAML010000018.1,fadB,466,9.993e-139,0.398
FW_TWAS_rep_1,GCA_044223005.1,JBGAML010000018.1,thl,283,7.216e-82,0.444
FW_TWAS_rep_1,GCA_041395645.1,JAWLAC010000002.1,cdhC,42,9.167e-6,0.459
FW_TWAS_rep_1,GCA_041395645.1,JAWLAC010000002.1,crt,146,1.177e-39,0.397
FW_TWAS_rep_1,GCA_041395645.1,JAWLAC010000005.1,fadE,341,1.488e-104,0.479
FW_TWAS_rep_1,GCA_041395645.1,JAWLAC010000006.1,hbd,136,4.222e-36,0.409
FW_TWAS_rep_1,GCA_041395645.1,JAWLAC010000003.1,crt,121,5.289e-30,0.35
FW_TWAS_rep_1,GCA_041395645.1,JAWLAC010000005.1,adh,63,3.904e-13,0.291
FW_TWAS_rep_1,GCA_041395645.1,JAWLAC010000002.1,fadD,130,7.927e-33,0.255
FW_TWAS_rep_1,GCA_041395645.1,JAWLAC010000003.1,pepN,116,1.981e-28,0.266
FW_TWAS_rep_1,GCA_041395645.1,JAWLAC010000011.1,dppB,201,3.566e-59,0.378
FW_TWAS_rep_1,GCA_041395645.1,JAWLAC010000003.1,fadD,122,4.877e-30,0.263
FW_TWAS_rep_1,GCA_041395645.1,JAWLAC010000001.1,dtpT,51,1.654e-8,0.304
FW_TWAS_rep_1,GCA_041395645.1,JAWLAC010000008.1,gdh,1456,0.0,0.519
FW_TWAS_rep_1,GCA_041395645.1,JAWLAC010000002.1,rnfB,187,9.444e-50,0.624
FW_TWAS_rep_1,GCA_041395645.1,JAWLAC010000005.1,fumB,262,1.309e-76,0.382
FW_TWAS_rep_1,GCA_041395645.1,JAWLAC010000002.1,pepA,345,1.048e-104,0.473
FW_TWAS_rep_1,GCA_041395645.1,JAWLAC010000001.1,tdcB,68,1.673e-14,0.278
FW_TWAS_rep_1,GCA_041395645.1,JAWLAC010000005.1,crt,183,1.216e-53,0.449
FW_TWAS_rep_1,GCA_041395645.1,JAWLAC010000006.1,bcd,299,1.846e-91,0.432
FW_TWAS_rep_1,GCA_041395645.1,JAWLAC010000013.1,esterase,216,2.848e-61,0.33
FW_TWAS_rep_1,GCA_041395645.1,JAWLAC010000002.1,hbd,197,8.451e-53,0.395
FW_TWAS_rep_1,GCA_041395645.1,JAWLAC010000003.1,lysophospholipase,52,1.38e-9,0.296
FW_TWAS_rep_1,GCA_041395645.1,JAWLAC010000004.1,mmcG,44,8.596e-7,0.267
FW_TWAS_rep_1,GCA_041395645.1,JAWLAC010000002.1,oppA,318,2.24e-95,0.376
FW_TWAS_rep_1,GCA_041395645.1,JAWLAC010000007.1,folD,330,1.034e-101,0.552
FW_TWAS_rep_1,GCA_041395645.1,JAWLAC010000004.1,fadE,49,4.284e-8,0.4
FW_TWAS_rep_1,GCA_041395645.1,JAWLAC010000011.1,oppA,163,4.527e-43,0.272
FW_TWAS_rep_1,GCA_041395645.1,JAWLAC010000005.1,acs,111,3.79e-27,0.248
FW_TWAS_rep_1,GCA_041395645.1,JAWLAC010000006.1,adh,79,1.05e-17,0.296
FW_TWAS_rep_1,GCA_041395645.1,JAWLAC010000005.1,frhG,42,3.678e-6,0.247
FW_TWAS_rep_1,GCA_041395645.1,JAWLAC010000007.1,bcd,214,1.941e-60,0.365
FW_TWAS_rep_1,GCA_041395645.1,JAWLAC010000003.1,lctB,75,2.027e-15,0.27
FW_TWAS_rep_1,GCA_041395645.1,JAWLAC010000010.1,fadD,74,1.273e-15,0.27
FW_TWAS_rep_1,GCA_041395645.1,JAWLAC010000006.1,gapA,335,1.796e-104,0.536
FW_TWAS_rep_1,GCA_041395645.1,JAWLAC010000001.1,acs,278,6.283e-81,0.325
FW_TWAS_rep_1,GCA_041395645.1,JAWLAC010000002.1,acs,71,5.052e-15,0.249
FW_TWAS_rep_1,GCA_041395645.1,JAWLAC010000003.1,etfA,81,8.273e-18,0.416
FW_TWAS_rep_1,GCA_041395645.1,JAWLAC010000019.1,pgi,451,2.446e-141,0.451
FW_TWAS_rep_1,GCA_041395645.1,JAWLAC010000002.1,etfA,262,7.122e-80,0.526
FW_TWAS_rep_1,GCA_041395645.1,JAWLAC010000005.1,fadD,159,2.914e-42,0.314
FW_TWAS_rep_1,GCA_041395645.1,JAWLAC010000002.1,glcP,48,1.226e-7,0.287
FW_TWAS_rep_1,GCA_041395645.1,JAWLAC010000004.1,thl,178,5.109e-48,0.325
FW_TWAS_rep_1,GCA_041395645.1,JAWLAC010000002.1,oppB,317,1.077e-98,0.555
FW_TWAS_rep_1,GCA_041395645.1,JAWLAC010000006.1,crt,121,1.492e-31,0.349
FW_TWAS_rep_1,GCA_041395645.1,JAWLAC010000003.1,mer,151,1.371e-41,0.324
FW_TWAS_rep_1,GCA_041395645.1,JAWLAC010000001.1,pepQ,195,8.31e-55,0.362
FW_TWAS_rep_1,GCA_041395645.1,JAWLAC010000002.1,etfB,291,8.211e-91,0.644
FW_TWAS_rep_1,GCA_041395645.1,JAWLAC010000004.1,fdhA,131,9.745e-33,0.239
FW_TWAS_rep_1,GCA_041395645.1,JAWLAC010000011.1,pfor,52,5.566e-9,0.268
FW_TWAS_rep_1,GCA_041395645.1,JAWLAC010000002.1,dppB,289,5.027e-89,0.495
FW_TWAS_rep_1,GCA_041395645.1,JAWLAC010000009.1,dppA,219,2.135e-62,0.302
FW_TWAS_rep_1,GCA_041395645.1,JAWLAC010000003.1,adh,49,2.38e-8,0.269
FW_TWAS_rep_1,GCA_041395645.1,JAWLAC010000003.1,mmcE,548,7.178e-172,0.551
FW_TWAS_rep_1,GCA_041395645.1,JAWLAC010000013.1,fadE,191,1.218e-54,0.355
FW_TWAS_rep_1,GCA_041395645.1,JAWLAC010000006.1,sucD,385,2.785e-121,0.659
FW_TWAS_rep_1,GCA_041395645.1,JAWLAC010000003.1,pepO,731,7.442e-235,0.543
FW_TWAS_rep_1,GCA_041395645.1,JAWLAC010000006.1,fadE,238,1.763e-70,0.408
FW_TWAS_rep_1,GCA_041395645.1,JAWLAC010000005.1,bcd,214,2.759e-61,0.384
FW_TWAS_rep_1,GCA_041395645.1,JAWLAC010000008.1,adh,49,1.408e-8,0.255
FW_TWAS_rep_1,GCA_041395645.1,JAWLAC010000005.1,tdcB,199,4.713e-58,0.434
FW_TWAS_rep_1,GCA_041395645.1,JAWLAC010000004.1,crt,65,9.091e-14,0.432
FW_TWAS_rep_1,GCA_041395645.1,JAWLAC010000001.1,fadA,242,5.585e-72,0.422
FW_TWAS_rep_1,GCA_041395645.1,JAWLAC010000003.1,fadA,307,1.074e-92,0.458
FW_TWAS_rep_1,GCA_041395645.1,JAWLAC010000011.1,thl,42,6.393e-6,0.274
FW_TWAS_rep_1,GCA_041395645.1,JAWLAC010000002.1,fadE,259,1.09e-75,0.432
FW_TWAS_rep_1,GCA_041395645.1,JAWLAC010000006.1,acylglycerol_lipase,46,6.497e-7,0.288
FW_TWAS_rep_1,GCA_041395645.1,JAWLAC010000001.1,susC,44,2.935e-6,0.344
FW_TWAS_rep_1,GCA_041395645.1,JAWLAC010000002.1,frhB,49,8.475e-8,0.417
FW_TWAS_rep_1,GCA_041395645.1,JAWLAC010000003.1,fadB,394,5.271e-119,0.366
FW_TWAS_rep_1,GCA_041395645.1,JAWLAC010000004.1,lysophospholipase,64,4.656e-13,0.272
FW_TWAS_rep_1,GCA_041395645.1,JAWLAC010000003.1,fdhA,123,3.328e-30,0.242
FW_TWAS_rep_1,GCA_041395645.1,JAWLAC010000003.1,mmcG,51,5.651e-9,0.291
FW_TWAS_rep_1,GCA_041395645.1,JAWLAC010000004.1,fadD,222,2.275e-61,0.358
FW_TWAS_rep_1,GCA_041395645.1,JAWLAC010000011.1,dppA,176,4.628e-47,0.276
FW_TWAS_rep_1,GCA_041395645.1,JAWLAC010000002.1,fadB,383,1.02e-112,0.375
FW_TWAS_rep_1,GCA_041395645.1,JAWLAC010000008.1,oppA,320,1.554e-95,0.374
FW_TWAS_rep_1,GCA_041395645.1,JAWLAC010000003.1,acs,761,1.247e-243,0.579
FW_TWAS_rep_1,GCA_041395645.1,JAWLAC010000005.1,fadA,370,2.519e-114,0.552
FW_TWAS_rep_1,GCA_041395645.1,JAWLAC010000005.1,hydA,79,8.528e-17,0.282
FW_TWAS_rep_1,GCA_041395645.1,JAWLAC010000009.1,oppB,299,5.149e-90,0.529
FW_TWAS_rep_1,GCA_041395645.1,JAWLAC010000012.1,acs,113,7.966e-28,0.274
FW_TWAS_rep_1,GCA_041395645.1,JAWLAC010000009.1,oppA,335,1.093e-101,0.377
FW_TWAS_rep_1,GCA_041395645.1,JAWLAC010000005.1,mer,113,1.268e-28,0.267
FW_TWAS_rep_1,GCA_041395645.1,JAWLAC010000004.1,fadA,190,7.94e-52,0.348
FW_TWAS_rep_1,GCA_041395645.1,JAWLAC010000009.1,etfA,66,8.665e-14,0.301
FW_TWAS_rep_1,GCA_041395645.1,JAWLAC010000003.1,mmcF,129,1.878e-32,0.5
FW_TWAS_rep_1,GCA_041395645.1,JAWLAC010000001.1,fadD,141,2.013e-36,0.317
FW_TWAS_rep_1,GCA_041395645.1,JAWLAC010000013.1,bcd,232,1.247e-68,0.353
FW_TWAS_rep_1,GCA_041395645.1,JAWLAC010000005.1,ackA,63,1.14e-14,0.38
FW_TWAS_rep_1,GCA_041395645.1,JAWLAC010000006.1,pyk,368,2.918e-113,0.451
FW_TWAS_rep_1,GCA_041395645.1,JAWLAC010000005.1,thl,281,6.509e-84,0.458
FW_TWAS_rep_1,GCA_041395645.1,JAWLAC010000008.1,dppA,250,6.877e-72,0.322
FW_TWAS_rep_1,GCA_041395645.1,JAWLAC010000018.1,ilvE,232,1.651e-69,0.409
FW_TWAS_rep_1,GCA_041395645.1,JAWLAC010000006.1,sucC,382,2.577e-120,0.543
FW_TWAS_rep_1,GCA_041395645.1,JAWLAC010000006.1,dtpT,468,5.436e-147,0.518
FW_TWAS_rep_1,GCA_041395645.1,JAWLAC010000002.1,adh,51,2.092e-9,0.295
FW_TWAS_rep_1,GCA_041395645.1,JAWLAC010000003.1,thl,279,3.859e-83,0.44
FW_TWAS_rep_1,GCA_041395645.1,JAWLAC010000002.1,bcd,265,8.039e-78,0.435
FW_TWAS_rep_1,GCA_041395645.1,JAWLAC010000001.1,thl,370,4.352e-116,0.566
FW_TWAS_rep_1,GCA_041395645.1,JAWLAC010000008.1,crt,135,3.146e-37,0.385
FW_TWAS_rep_1,GCA_041395645.1,JAWLAC010000011.1,oppB,215,2.797e-64,0.463
FW_TWAS_rep_1,GCA_041395645.1,JAWLAC010000006.1,gdh,585,7.787e-189,0.636
FW_TWAS_rep_1,GCA_041395645.1,JAWLAC010000009.1,dppB,271,1.812e-80,0.472
FW_TWAS_rep_1,GCA_041395645.1,JAWLAC010000020.1,fwdA,42,6.836e-6,0.36
FW_TWAS_rep_1,GCA_041395645.1,JAWLAC010000002.1,edd,236,5.93e-67,0.344
FW_TWAS_rep_1,GCA_041395645.1,JAWLAC010000001.1,mer,139,1.297e-37,0.355
FW_TWAS_rep_1,GCA_041395645.1,JAWLAC010000002.1,dppC,256,2.526e-78,0.438
FW_TWAS_rep_1,GCA_041395645.1,JAWLAC010000002.1,dppA,250,2.796e-72,0.31
FW_TWAS_rep_1,GCA_041395645.1,JAWLAC010000007.1,tdcB,305,1.298e-92,0.482
FW_TWAS_rep_1,GCA_041395645.1,JAWLAC010000004.1,acs,129,2.918e-32,0.268
FW_TWAS_rep_1,GCA_041395645.1,JAWLAC010000012.1,fadD,229,7.207e-66,0.377
FW_TWAS_rep_1,GCA_041395645.1,JAWLAC010000009.1,dppC,248,7.134e-71,0.456
FW_TWAS_rep_1,GCA_041395645.1,JAWLAC010000004.1,tdcB,312,1.747e-93,0.443
FW_TWAS_rep_1,GCA_041395645.1,JAWLAC010000002.1,aldh,48,8.005e-8,0.279
FW_TWAS_rep_1,GCA_041395645.1,JAWLAC010000011.1,dppC,203,4.517e-60,0.4
FW_TWAS_rep_1,GCA_041395645.1,JAWLAC010000005.1,etfA,79,2.173e-18,0.304
FW_TWAS_rep_1,GCA_041395645.1,JAWLAC010000007.1,fadE,391,5.262e-120,0.54
FW_TWAS_rep_1,GCA_041395645.1,JAWLAC010000011.1,tdcB,67,1.366e-13,0.337
FW_TWAS_rep_1,GCA_041395645.1,JAWLAC010000006.1,pfkA,63,1.726e-12,0.252
FW_TWAS_rep_1,GCA_041395645.1,JAWLAC010000003.1,hbd,244,5.317e-69,0.334
FW_TWAS_rep_1,GCA_039809345.1,JBDHUW010000002.1,pepD,65,4.852e-14,0.274
FW_TWAS_rep_1,GCA_039809345.1,JBDHUW010000002.1,pyk,228,5.428e-68,0.426
FW_TWAS_rep_1,GCA_023261595.1,JAHFOQ010000003.1,dppA,115,2.276e-28,0.247
FW_TWAS_rep_1,GCA_023261595.1,JAHFOQ010000003.1,folD,257,6.523e-79,0.469
FW_TWAS_rep_1,GCA_023261595.1,JAHFOQ010000014.1,pepQ,78,3.138e-18,0.3
FW_TWAS_rep_1,GCA_023261595.1,JAHFOQ010000003.1,oppA,127,3.366e-32,0.279
FW_TWAS_rep_1,GCA_023261595.1,JAHFOQ010000020.1,gapA,309,8.515e-96,0.454
FW_TWAS_rep_1,GCA_023261595.1,JAHFOQ010000005.1,cazy_GH10,46,2.385e-7,0.278
FW_TWAS_rep_1,GCA_023261595.1,JAHFOQ010000019.1,pyk,319,3.463e-96,0.396
FW_TWAS_rep_1,GCA_023261595.1,JAHFOQ010000008.1,crt,40,9.741e-6,0.341
FW_TWAS_rep_1,GCA_044222735.1,JBGAMS010000010.1,xylA,567,5.209e-183,0.634
FW_TWAS_rep_1,GCA_044222735.1,JBGAMS010000011.1,tdcB,205,1.64e-59,0.45
FW_TWAS_rep_1,GCA_044222735.1,JBGAMS010000011.1,glcP,143,1.969e-37,0.281
FW_TWAS_rep_1,GCA_044222735.1,JBGAMS010000051.1,dppB,273,8.695e-84,0.478
FW_TWAS_rep_1,GCA_044222735.1,JBGAMS010000050.1,fadB,95,6.026e-23,0.291
FW_TWAS_rep_1,GCA_044222735.1,JBGAMS010000015.1,pepD,89,1.102e-21,0.384
FW_TWAS_rep_1,GCA_044222735.1,JBGAMS010000051.1,phospholipase,106,6.612e-26,0.349
FW_TWAS_rep_1,GCA_044222735.1,JBGAMS010000023.1,dtpT,168,1.276e-45,0.321
FW_TWAS_rep_1,GCA_044222735.1,JBGAMS010000001.1,folD,282,4.446e-87,0.534
FW_TWAS_rep_1,GCA_044222735.1,JBGAMS010000008.1,pepQ,65,9.899e-14,0.278
FW_TWAS_rep_1,GCA_044222735.1,JBGAMS010000048.1,acs,99,8.586e-23,0.261
FW_TWAS_rep_1,GCA_044222735.1,JBGAMS010000006.1,acylglycerol_lipase,64,1.399e-13,0.265
FW_TWAS_rep_1,GCA_044222735.1,JBGAMS010000001.1,pfkA,88,2.324e-20,0.347
FW_TWAS_rep_1,GCA_044222735.1,JBGAMS010000023.1,adhE,51,1.691e-8,0.25
FW_TWAS_rep_1,GCA_044222735.1,JBGAMS010000005.1,pepT,218,6.408e-62,0.391
FW_TWAS_rep_1,GCA_044222735.1,JBGAMS010000024.1,fadE,206,3.521e-57,0.349
FW_TWAS_rep_1,GCA_044222735.1,JBGAMS010000001.1,fadB,69,6.312e-15,0.264
FW_TWAS_rep_1,GCA_044222735.1,JBGAMS010000020.1,acs,87,1.36e-19,0.24
FW_TWAS_rep_1,GCA_044222735.1,JBGAMS010000029.1,etfA,86,3.304e-19,0.383
FW_TWAS_rep_1,GCA_044222735.1,JBGAMS010000029.1,hbd,203,4.213e-56,0.405
FW_TWAS_rep_1,GCA_044222735.1,JBGAMS010000040.1,fadA,255,2.391e-76,0.43
FW_TWAS_rep_1,GCA_044222735.1,JBGAMS010000028.1,fadD,78,6.068e-17,0.325
FW_TWAS_rep_1,GCA_044222735.1,JBGAMS010000040.1,pepO,653,3.559e-208,0.508
FW_TWAS_rep_1,GCA_044222735.1,JBGAMS010000079.1,dtpT,80,2.469e-19,0.339
FW_TWAS_rep_1,GCA_044222735.1,JBGAMS010000020.1,fadD,106,1.081e-25,0.254
FW_TWAS_rep_1,GCA_044222735.1,JBGAMS010000069.1,xylA,93,1.667e-25,0.515
FW_TWAS_rep_1,GCA_044222735.1,JBGAMS010000014.1,thl,41,7.108e-6,0.282
FW_TWAS_rep_1,GCA_044222735.1,JBGAMS010000050.1,hbd,166,1.224e-46,0.426
FW_TWAS_rep_1,GCA_044222735.1,JBGAMS010000003.1,pepQ,103,4.981e-25,0.314
FW_TWAS_rep_1,GCA_044222735.1,JBGAMS010000001.1,gapA,398,8.164e-126,0.57
FW_TWAS_rep_1,GCA_044222735.1,JBGAMS010000042.1,endopeptidase,285,1.096e-80,0.508
FW_TWAS_rep_1,GCA_044222735.1,JBGAMS010000010.1,xylB,60,3.508e-13,0.337
FW_TWAS_rep_1,GCA_044222735.1,JBGAMS010000051.1,dppC,270,4.678e-83,0.523
FW_TWAS_rep_1,GCA_044222735.1,JBGAMS010000013.1,fdhA,54,1.26e-9,0.431
FW_TWAS_rep_1,GCA_044222735.1,JBGAMS010000001.1,bcd,240,4.073e-71,0.394
FW_TWAS_rep_1,GCA_044222735.1,JBGAMS010000001.1,cazy_GH13,57,2.982e-10,0.258
FW_TWAS_rep_1,GCA_044222735.1,JBGAMS010000006.1,lysophospholipase,47,6.51e-8,0.3
FW_TWAS_rep_1,GCA_044222735.1,JBGAMS010000003.1,dtpT,273,7.612e-81,0.356
FW_TWAS_rep_1,GCA_044222735.1,JBGAMS010000013.1,fadD,139,1.213e-35,0.284
FW_TWAS_rep_1,GCA_044222735.1,JBGAMS010000048.1,fadD,151,9.851e-39,0.322
FW_TWAS_rep_1,GCA_044222735.1,JBGAMS010000012.1,gdh,417,5.89e-129,0.512
FW_TWAS_rep_1,GCA_044222735.1,JBGAMS010000029.1,crt,99,3.387e-23,0.404
FW_TWAS_rep_1,GCA_044222735.1,JBGAMS010000013.1,acs,759,1.742e-245,0.581
FW_TWAS_rep_1,GCA_044222735.1,JBGAMS010000026.1,dppA,196,2.25e-55,0.323
FW_TWAS_rep_1,GCA_044222735.1,JBGAMS010000004.1,acs,768,1.746e-248,0.586
FW_TWAS_rep_1,GCA_044222735.1,JBGAMS010000012.1,crt,128,2.252e-34,0.387
FW_TWAS_rep_1,GCA_044222735.1,JBGAMS010000009.1,pyk,371,4.407e-110,0.447
FW_TWAS_rep_1,GCA_044222735.1,JBGAMS010000026.1,oppA,250,1.12e-73,0.375
FW_TWAS_rep_1,GCA_044222735.1,JBGAMS010000011.1,eda,186,7.673e-55,0.469
FW_TWAS_rep_1,GCA_044222735.1,JBGAMS010000012.1,pgi,164,5.833e-45,0.368
FW_TWAS_rep_1,GCA_044222735.1,JBGAMS010000029.1,mmcE,334,6.947e-99,0.391
FW_TWAS_rep_1,GCA_044222735.1,JBGAMS010000001.1,fadE,205,2.745e-59,0.422
FW_TWAS_rep_1,GCA_044222735.1,JBGAMS010000069.1,xylB,155,1.261e-41,0.31
FW_TWAS_rep_1,GCA_044222735.1,JBGAMS010000051.1,dppA,242,3.166e-70,0.329
FW_TWAS_rep_1,GCA_044222735.1,JBGAMS010000001.1,pepQ,73,2.565e-15,0.347
FW_TWAS_rep_1,GCA_044222735.1,JBGAMS010000004.1,mer,59,2.276e-11,0.277
FW_TWAS_rep_1,GCA_044222735.1,JBGAMS010000019.1,pfkA,83,1.025e-18,0.286
FW_TWAS_rep_1,GCA_044222735.1,JBGAMS010000013.1,frhG,44,2.009e-7,0.258
FW_TWAS_rep_1,GCA_044222735.1,JBGAMS010000004.1,fadD,126,1.796e-31,0.284
FW_TWAS_rep_1,GCA_044222735.1,JBGAMS010000024.1,mdh,164,4.062e-46,0.406
FW_TWAS_rep_1,GCA_044222735.1,JBGAMS010000039.1,sucD,257,1.242e-78,0.559
FW_TWAS_rep_1,GCA_044222735.1,JBGAMS010000010.1,dtpT,375,1.189e-114,0.425
FW_TWAS_rep_1,GCA_044222735.1,JBGAMS010000018.1,cazy_GH43,137,1.706e-34,0.353
FW_TWAS_rep_1,GCA_044222735.1,JBGAMS010000051.1,oppA,309,5.52e-93,0.406
FW_TWAS_rep_1,GCA_044222735.1,JBGAMS010000049.1,fadD,49,4.19e-8,0.317
FW_TWAS_rep_1,GCA_044222735.1,JBGAMS010000024.1,bcd,200,2.262e-55,0.334
FW_TWAS_rep_1,GCA_044222735.1,JBGAMS010000013.1,hydA,75,5.106e-16,0.252
FW_TWAS_rep_1,GCA_044222735.1,JBGAMS010000018.1,cazy_CE8,234,2.791e-69,0.436
FW_TWAS_rep_1,GCA_044222735.1,JBGAMS010000036.1,edd,237,7.736e-68,0.333
FW_TWAS_rep_1,GCA_044222735.1,JBGAMS010000010.1,tdcB,241,1.942e-72,0.48
FW_TWAS_rep_1,GCA_044222735.1,JBGAMS010000011.1,dppA,293,5.917e-87,0.351
FW_TWAS_rep_1,GCA_044222735.1,JBGAMS010000013.1,cazy_GH43,41,9.205e-6,0.234
FW_TWAS_rep_1,GCA_044222735.1,JBGAMS010000029.1,fadB,325,2.339e-96,0.356
FW_TWAS_rep_1,GCA_044222735.1,JBGAMS010000011.1,oppA,347,1.683e-105,0.401
FW_TWAS_rep_1,GCA_044222735.1,JBGAMS010000003.1,glcP,56,1.653e-10,0.294
FW_TWAS_rep_1,GCA_044222735.1,JBGAMS010000049.1,acs,61,5.523e-12,0.325
FW_TWAS_rep_1,GCA_044222735.1,JBGAMS010000055.1,dtpT,128,6.332e-33,0.343
FW_TWAS_rep_1,GCA_044222735.1,JBGAMS010000039.1,sucC,406,3.527e-128,0.545
FW_TWAS_rep_1,GCA_044222735.1,JBGAMS010000023.1,pepN,194,6.027e-52,0.322
FW_TWAS_rep_1,GCA_044222735.1,JBGAMS010000018.1,eda,172,1.866e-50,0.473
FW_TWAS_rep_1,GCA_044222735.1,JBGAMS010000051.1,oppB,319,5.769e-100,0.573
FW_TWAS_rep_1,GCA_044222735.1,JBGAMS010000067.1,edd,168,6.07e-45,0.328
FW_TWAS_rep_1,GCA_044222735.1,JBGAMS010000022.1,tdcB,347,5.684e-108,0.531
FW_TWAS_rep_1,GCA_044222735.1,JBGAMS010000040.1,cat,250,1.086e-73,0.578
FW_TWAS_rep_1,GCA_044222735.1,JBGAMS010000040.1,thl,390,1.173e-122,0.57
FW_TWAS_rep_1,GCA_044222735.1,JBGAMS010000032.1,acs,99,4.44e-23,0.248
FW_TWAS_rep_1,GCA_044222735.1,JBGAMS010000005.1,esterase,42,3.974e-6,0.299
FW_TWAS_rep_1,GCA_044222735.1,JBGAMS010000032.1,fadD,140,1.158e-35,0.298
FW_TWAS_rep_1,GCA_044222735.1,JBGAMS010000029.1,mmcF,85,1.938e-19,0.379
FW_TWAS_rep_1,GCA_044222735.1,JBGAMS010000047.1,fdhA,244,2.475e-68,0.305
FW_TWAS_rep_1,GCA_965231145.1,OZ246420.1,extracellular_protease,73,6.33e-15,0.314
FW_TWAS_rep_1,GCA_965231145.1,OZ246420.1,pyk,310,4.553e-94,0.414
FW_TWAS_rep_1,GCA_965231145.1,OZ246420.1,folD,56,1.263e-13,0.625
FW_TWAS_rep_1,GCA_964527785.1,CAZGNO010000017.1,dppA,162,4.413e-43,0.257
FW_TWAS_rep_1,GCA_964527785.1,CAZGNO010000082.1,adh,64,1.94e-13,0.292
FW_TWAS_rep_1,GCA_964527785.1,CAZGNO010000022.1,adh,51,3.587e-9,0.235
FW_TWAS_rep_1,GCA_964527785.1,CAZGNO010000056.1,adh,77,1.16e-17,0.297
FW_TWAS_rep_1,GCA_964527785.1,CAZGNO010000012.1,bcd,342,3.607e-106,0.476
FW_TWAS_rep_1,GCA_964527785.1,CAZGNO010000013.1,crt,127,1.168e-34,0.349
FW_TWAS_rep_1,GCA_964527785.1,CAZGNO010000113.1,thl,347,3.699e-108,0.505
FW_TWAS_rep_1,GCA_964527785.1,CAZGNO010000050.1,dppA,106,2.596e-25,0.221
FW_TWAS_rep_1,GCA_964527785.1,CAZGNO010000042.1,dppA,204,5.332e-57,0.305
FW_TWAS_rep_1,GCA_964527785.1,CAZGNO010000028.1,thl,422,8.695e-134,0.585
FW_TWAS_rep_1,GCA_964527785.1,CAZGNO010000006.1,gapA,336,2.766e-105,0.518
FW_TWAS_rep_1,GCA_964527785.1,CAZGNO010000006.1,pepQ,168,4.384e-47,0.324
FW_TWAS_rep_1,GCA_964527785.1,CAZGNO010000002.1,mdh,296,6.812e-92,0.505
FW_TWAS_rep_1,GCA_964527785.1,CAZGNO010000009.1,dppA,190,6.599e-52,0.285
FW_TWAS_rep_1,GCA_964527785.1,CAZGNO010000049.1,pfor,51,7.649e-10,0.321
FW_TWAS_rep_1,GCA_964527785.1,CAZGNO010000009.1,oppA,210,1.756e-58,0.296
FW_TWAS_rep_1,GCA_964527785.1,CAZGNO010000087.1,pepN,124,5.536e-31,0.255
FW_TWAS_rep_1,GCA_964527785.1,CAZGNO010000002.1,susC,356,1.573e-102,0.285
FW_TWAS_rep_1,GCA_964527785.1,CAZGNO010000069.1,sucD,342,5.483e-106,0.606
FW_TWAS_rep_1,GCA_964527785.1,CAZGNO010000049.1,fdhA,78,5.215e-17,0.231
FW_TWAS_rep_1,GCA_964527785.1,CAZGNO010000032.1,mmcF,121,9.243e-30,0.441
FW_TWAS_rep_1,GCA_964527785.1,CAZGNO010000066.1,mmcG,111,6.074e-31,0.431
FW_TWAS_rep_1,GCA_964527785.1,CAZGNO010000088.1,etfB,204,2.445e-61,0.452
FW_TWAS_rep_1,GCA_964527785.1,CAZGNO010000049.1,gdh,501,1.652e-159,0.526
FW_TWAS_rep_1,GCA_964527785.1,CAZGNO010000112.1,pfkA,212,2.159e-62,0.405
FW_TWAS_rep_1,GCA_964527785.1,CAZGNO010000015.1,frhA,56,1.801e-10,0.217
FW_TWAS_rep_1,GCA_964527785.1,CAZGNO010000090.1,extracellular_protease,191,1.234e-50,0.379
FW_TWAS_rep_1,GCA_964527785.1,CAZGNO010000001.1,pta,176,6.043e-47,0.356
FW_TWAS_rep_1,GCA_964527785.1,CAZGNO010000032.1,mmcE,535,6.243e-167,0.51
FW_TWAS_rep_1,GCA_964527785.1,CAZGNO010000016.1,fadD,139,9.023e-36,0.279
FW_TWAS_rep_1,GCA_964527785.1,CAZGNO010000050.1,dppC,131,1.91e-34,0.349
FW_TWAS_rep_1,GCA_964527785.1,CAZGNO010000154.1,pfkA,147,2.667e-40,0.356
FW_TWAS_rep_1,GCA_964527785.1,CAZGNO010000064.1,pepN,111,5.643e-27,0.242
FW_TWAS_rep_1,GCA_964527785.1,CAZGNO010000013.1,oppB,206,2.795e-60,0.416
FW_TWAS_rep_1,GCA_964527785.1,CAZGNO010000039.1,sucD,107,2.222e-26,0.448
FW_TWAS_rep_1,GCA_964527785.1,CAZGNO010000002.1,fadD,169,7.084e-46,0.322
FW_TWAS_rep_1,GCA_964527785.1,CAZGNO010000039.1,sucC,353,7.078e-110,0.479
FW_TWAS_rep_1,GCA_964527785.1,CAZGNO010000052.1,tdcB,79,2.252e-17,0.272
FW_TWAS_rep_1,GCA_964527785.1,CAZGNO010000047.1,pepN,154,6.47e-40,0.264
FW_TWAS_rep_1,GCA_964527785.1,CAZGNO010000010.1,dppB,193,1.924e-55,0.357
FW_TWAS_rep_1,GCA_964527785.1,CAZGNO010000021.1,extracellular_protease,168,7.805e-44,0.336
FW_TWAS_rep_1,GCA_964527785.1,CAZGNO010000032.1,dppC,199,1.316e-57,0.36
FW_TWAS_rep_1,GCA_964527785.1,CAZGNO010000087.1,extracellular_protease,102,5.13e-24,0.347
FW_TWAS_rep_1,GCA_964527785.1,CAZGNO010000050.1,oppA,126,1.286e-31,0.278
FW_TWAS_rep_1,GCA_964527785.1,CAZGNO010000028.1,oppA,247,6.607e-71,0.323
FW_TWAS_rep_1,GCA_964527785.1,CAZGNO010000046.1,hbd,115,3.795e-30,0.372
FW_TWAS_rep_1,GCA_964527785.1,CAZGNO010000012.1,fadE,281,2.905e-85,0.453
FW_TWAS_rep_1,GCA_964527785.1,CAZGNO010000008.1,adhE,67,1.357e-13,0.228
FW_TWAS_rep_1,GCA_964527785.1,CAZGNO010000142.1,lysophospholipase,55,3.888e-10,0.246
FW_TWAS_rep_1,GCA_964527785.1,CAZGNO010000080.1,etfA,151,1.884e-42,0.367
FW_TWAS_rep_1,GCA_964527785.1,CAZGNO010000045.1,hbd,248,5.591e-76,0.471
FW_TWAS_rep_1,GCA_964527785.1,CAZGNO010000006.1,acylglycerol_lipase,40,7.007e-6,0.297
FW_TWAS_rep_1,GCA_964527785.1,CAZGNO010000059.1,bcd,222,6.71e-65,0.355
FW_TWAS_rep_1,GCA_964527785.1,CAZGNO010000010.1,adh,75,4.882e-17,0.294
FW_TWAS_rep_1,GCA_964527785.1,CAZGNO010000080.1,fadB,121,2.213e-32,0.356
FW_TWAS_rep_1,GCA_964527785.1,CAZGNO010000008.1,pta,225,3.663e-67,0.421
FW_TWAS_rep_1,GCA_964527785.1,CAZGNO010000068.1,folD,313,7.909e-98,0.539
FW_TWAS_rep_1,GCA_964527785.1,CAZGNO010000045.1,fadB,183,2.094e-53,0.346
FW_TWAS_rep_1,GCA_964527785.1,CAZGNO010000006.1,crt,149,7.433e-42,0.351
FW_TWAS_rep_1,GCA_964527785.1,CAZGNO010000049.1,hydA,97,1.036e-22,0.299
FW_TWAS_rep_1,GCA_964527785.1,CAZGNO010000002.1,acs,90,1.015e-20,0.24
FW_TWAS_rep_1,GCA_964527785.1,CAZGNO010000123.1,acs,75,5.179e-16,0.222
FW_TWAS_rep_1,GCA_964527785.1,CAZGNO010000103.1,pepT,53,1.656e-9,0.242
FW_TWAS_rep_1,GCA_964527785.1,CAZGNO010000009.1,susC,56,4.993e-10,0.286
FW_TWAS_rep_1,GCA_964527785.1,CAZGNO010000034.1,pgi,652,2.709e-210,0.598
FW_TWAS_rep_1,GCA_964527785.1,CAZGNO010000004.1,crt,271,4.115e-84,0.554
FW_TWAS_rep_1,GCA_964527785.1,CAZGNO010000032.1,lipase,53,1.45e-9,0.294
FW_TWAS_rep_1,GCA_964527785.1,CAZGNO010000028.1,dppA,233,2.633e-66,0.311
FW_TWAS_rep_1,GCA_964527785.1,CAZGNO010000028.1,pepQ,154,3.079e-41,0.312
FW_TWAS_rep_1,GCA_964527785.1,CAZGNO010000089.1,pepA,419,3e-131,0.548
FW_TWAS_rep_1,GCA_964527785.1,CAZGNO010000003.1,fadE,274,7.073e-83,0.434
FW_TWAS_rep_1,GCA_964527785.1,CAZGNO010000003.1,bcd,415,1.41e-131,0.556
FW_TWAS_rep_1,GCA_964527785.1,CAZGNO010000032.1,oppB,234,1.372e-70,0.441
FW_TWAS_rep_1,GCA_964527785.1,CAZGNO010000118.1,lysophospholipase,52,1.654e-8,0.279
FW_TWAS_rep_1,GCA_964527785.1,CAZGNO010000083.1,pyk,378,4.633e-117,0.449
FW_TWAS_rep_1,GCA_964527785.1,CAZGNO010000016.1,adh,68,1.016e-14,0.252
FW_TWAS_rep_1,GCA_964527785.1,CAZGNO010000033.1,susC,48,1.536e-7,0.222
FW_TWAS_rep_1,GCA_964527785.1,CAZGNO010000018.1,pepQ,60,3.72e-12,0.256
FW_TWAS_rep_1,GCA_964527785.1,CAZGNO010000025.1,pfkA,220,5.594e-65,0.407
FW_TWAS_rep_1,GCA_964527785.1,CAZGNO010000004.1,fadB,115,2.367e-30,0.345
FW_TWAS_rep_1,GCA_964527785.1,CAZGNO010000078.1,pepN,84,1.259e-18,0.281
FW_TWAS_rep_1,GCA_964527785.1,CAZGNO010000050.1,oppB,142,5.704e-38,0.286
FW_TWAS_rep_1,GCA_964527785.1,CAZGNO010000027.1,fwdA,43,5.55e-6,0.4
FW_TWAS_rep_1,GCA_964527785.1,CAZGNO010000002.1,pfkA,68,1.91e-14,0.277
FW_TWAS_rep_1,GCA_964527785.1,CAZGNO010000050.1,dppB,143,4.223e-38,0.285
FW_TWAS_rep_1,GCA_964527785.1,CAZGNO010000032.1,dppB,241,6.707e-73,0.42
FW_TWAS_rep_1,GCA_964527785.1,CAZGNO010000016.1,extracellular_protease,100,2.762e-23,0.311
FW_TWAS_rep_1,GCA_964527785.1,CAZGNO010000123.1,fadD,340,4.008e-102,0.398
FW_TWAS_rep_1,GCA_964527785.1,CAZGNO010000021.1,fadB,194,8.749e-57,0.397
FW_TWAS_rep_1,GCA_964527785.1,CAZGNO010000042.1,oppA,223,2.738e-63,0.301
FW_TWAS_rep_1,GCA_964527785.1,CAZGNO010000049.1,frhG,41,1.474e-6,0.313
FW_TWAS_rep_1,GCA_964527785.1,CAZGNO010000010.1,oppB,187,1.978e-53,0.363
FW_TWAS_rep_1,GCA_964527785.1,CAZGNO010000006.1,fadB,81,3.582e-19,0.292
FW_TWAS_rep_1,GCA_964527785.1,CAZGNO010000016.1,acs,751,1.598e-242,0.572
FW_TWAS_rep_1,GCA_964527785.1,CAZGNO010000059.1,fadE,175,5.699e-49,0.328
FW_TWAS_rep_1,GCA_964527785.1,CAZGNO010000017.1,oppA,203,2.131e-56,0.288
FW_TWAS_rep_1,GCA_964527785.1,CAZGNO010000028.1,fadA,293,2.001e-89,0.467
FW_TWAS_rep_1,GCA_964527785.1,CAZGNO010000013.1,dppC,188,4.377e-54,0.435
FW_TWAS_rep_1,GCA_964527785.1,CAZGNO010000113.1,fadA,377,3.122e-118,0.543
FW_TWAS_rep_1,GCA_964527785.1,CAZGNO010000088.1,etfA,216,4.262e-64,0.454
FW_TWAS_rep_1,GCA_964527785.1,CAZGNO010000001.1,ilvE,133,7.438e-36,0.324
FW_TWAS_rep_1,GCA_964527785.1,CAZGNO010000021.1,hbd,310,1.23e-96,0.547
FW_TWAS_rep_1,GCA_964527785.1,CAZGNO010000006.1,etfA,88,2.867e-21,0.293
FW_TWAS_rep_1,GCA_964527785.1,CAZGNO010000107.1,mmcE,308,9.587e-91,0.362
FW_TWAS_rep_1,GCA_964527785.1,CAZGNO010000004.1,etfA,133,1.572e-36,0.4
FW_TWAS_rep_1,GCA_964527785.1,CAZGNO010000094.1,frhG,48,1.132e-8,0.259
FW_TWAS_rep_1,GCA_964527785.1,CAZGNO010000080.1,crt,222,5.443e-67,0.468
FW_TWAS_rep_1,GCA_964527785.1,CAZGNO010000015.1,gdh,91,9.558e-22,0.299
